assembly_index,nonlinearity_strength,zero_final_quality,lsq_final_quality,lsq_improvement_percent,lsq_beats_zero,sequence_length
1,0.0,1.6155620654819145,0.13161653928804232,91.85320439863251,True,5
2,0.0,0.9989476143983692,0.16396834103254815,83.58589192574422,True,5
3,0.0,1.368388551486753,0.20952880605466823,84.68791588273554,True,5
4,0.0,0.926680773690706,0.13048107050002594,85.91952329167714,True,5
5,0.0,0.8623929212203131,0.11723995499296264,86.40527396409232,True,5
6,0.0,0.9812027761442903,0.42913659031753976,56.26422990731192,True,5
7,0.0,0.5997890062145773,0.06904715735205828,88.48809220631891,True,5
8,0.0,2.217286551940508,0.2613476006766365,88.21317883121998,True,5
9,0.0,2.664022172790105,0.3974471581234437,85.08093655590012,True,5
10,0.0,2.738189061420247,0.3516214303686904,87.15861386918581,True,5
11,0.0,0.8815952645656071,0.2158929388181689,75.51110498256283,True,5
12,0.0,1.820578553798085,0.3973659409539116,78.17364484905482,True,5
13,0.0,2.873348663221216,0.11627816229822455,95.9532177982233,True,5
14,0.0,1.8466715530241218,0.1607172309984673,91.29692387716291,True,5
15,0.0,0.6127706216807108,0.351028511760929,42.714533082848206,True,5
16,0.0,2.5447963620398433,0.5504846369323779,78.36822446212852,True,5
17,0.0,1.176584490424398,0.4298156299471777,63.469208251067315,True,5
18,0.0,2.380122395647919,0.4306031473388194,81.90836117814015,True,5
19,0.0,2.1032599338816875,0.4549569951313376,78.36896011746451,True,5
20,0.0,1.2712598361868024,0.23072458553897396,81.85071383746048,True,5
21,0.0,1.7820554203929846,0.17837980960225497,89.99022097960801,True,5
22,0.0,1.2605341083754042,0.45595102908284524,63.82874322453028,True,5
23,0.0,0.7989919909831531,0.365756386672188,54.222771842540276,True,5
24,0.0,1.053927929405775,0.14980307526400383,85.78621259724413,True,5
25,0.0,2.3488093800901306,0.29521951337934965,87.43109952294122,True,5
26,0.0,1.8297675947525618,0.33341632470286997,81.77821458533603,True,5
27,0.0,1.0848418893910023,0.15916362166499365,85.32840377740729,True,5
28,0.0,2.6923528111605233,0.5085050796935237,81.11298498526516,True,5
29,0.0,1.1347668081798,0.5431362827158553,52.13674925978296,True,5
30,0.0,1.538800037734795,0.2105892206189085,86.3147117588515,True,5
31,0.0,0.9446979888117288,0.3908994505414473,58.62175476491348,True,5
32,0.0,1.9356279022057263,0.09590794343119999,95.04512497872608,True,5
33,0.0,2.2402829562161837,0.3079237736692241,86.25513920842819,True,5
34,0.0,0.7442225272495094,0.4382281563552678,41.1159780429024,True,5
35,0.0,1.0053518342352317,0.14297513510716658,85.77859708030199,True,5
36,0.0,1.0783828068556414,0.16974206288965646,84.25957259235318,True,5
37,0.0,0.8494808743701147,0.5262777727432609,38.047131063016224,True,5
38,0.0,0.8944062328161279,0.15381882242775918,82.80212986179164,True,5
39,0.0,0.7056637729307728,0.12157237643219349,82.77191190823395,True,5
40,0.0,2.898456866240764,0.48879799295487664,83.13592316490681,True,5
41,0.0,2.4928804346602886,0.10951325557504751,95.6069591604793,True,5
42,0.0,1.271260517878723,0.1673083623626994,86.83917576218941,True,5
43,0.0,2.754480490816126,0.05314902224557627,98.07045203540982,True,5
44,0.0,2.9947992423768874,0.8470017152348414,71.71757948747843,True,5
45,0.0,1.9187333213626385,0.2525125656929864,86.8396215940182,True,5
46,0.0,2.30175934946019,0.31214268328400097,86.43895230154251,True,5
47,0.0,3.067166025319862,0.33353876420014844,89.12550669097331,True,5
48,0.0,1.5647994279234512,0.25264034943061575,83.85477749273726,True,5
49,0.0,1.3100332298872566,0.14092087579767232,89.24295410355353,True,5
50,0.0,1.2484407502482293,0.1680729674948834,86.53736931756953,True,5
51,0.0,1.3209771518861586,0.19451312568803722,85.2750575276566,True,5
52,0.0,1.5387889252023161,0.2759121266601585,82.06952739643079,True,5
53,0.0,1.3199945501194525,0.26953630896685343,79.58049834808318,True,5
54,0.0,1.3179541734287847,0.2881839112729923,78.13399607641485,True,5
55,0.0,1.8141265881846922,0.07949695075004504,95.61789396242776,True,5
56,0.0,0.9599982277117283,0.16263625250644337,83.05869242132806,True,5
57,0.0,2.2711293724386366,0.27481877561934565,87.89946627636374,True,5
58,0.0,2.340630667422512,0.5578154250226772,76.16815703619999,True,5
59,0.0,0.29661207968323755,0.1613341402165244,45.607697303218806,True,5
60,0.0,1.1778648857038152,0.2917695490482054,75.2289458163223,True,5
61,0.0,1.4850951088647755,0.5783922169072064,61.05352354507878,True,5
62,0.0,0.9175537778242256,0.1573110654984916,82.8553846869314,True,5
63,0.0,3.638461591981208,0.16319536117532218,95.51471529794384,True,5
64,0.0,1.0458400201126352,0.17450900991699736,83.3139862157691,True,5
65,0.0,1.884253046203329,0.3093476167730131,83.58248020899676,True,5
66,0.0,0.6653818879961019,0.1709419010880391,74.30920435738695,True,5
67,0.0,1.1547710716131672,0.1990189550196618,82.76550565631673,True,5
68,0.0,0.4463806198436404,0.11349971199196494,74.57333339612235,True,5
69,0.0,0.2673908759259186,0.11323109822368665,57.65334257139811,True,5
70,0.0,3.6223743004848883,0.24122597075329222,93.34066690123653,True,5
71,0.0,2.0948043556267715,0.31987631977736364,84.73001457543486,True,5
72,0.0,0.25923195678493094,0.1842064446268464,28.941459644317177,True,5
73,0.0,0.9756931961255049,0.2000047471729994,79.50126659002832,True,5
74,0.0,0.6253581349929025,0.16017855184708207,74.38610887361367,True,5
75,0.0,2.1196300665041017,0.1372070022750108,93.52684204459764,True,5
76,0.0,2.902687869025392,0.29191604365481977,89.94325064124673,True,5
77,0.0,3.008894186973267,0.18637893514631132,93.80573315096217,True,5
78,0.0,3.219451643154607,0.13716871848571943,95.73937633828494,True,5
79,0.0,3.2367899909360554,0.15166105543676914,95.314461059832,True,5
80,0.0,1.3454596876528822,0.6788497624197077,49.545142924055746,True,5
81,0.0,1.627575502906477,0.34186590776187636,78.99538871460142,True,5
82,0.0,2.325246207126198,0.39495819417027045,83.01434949297673,True,5
83,0.0,1.3855407541732971,0.8179565708720714,40.96481331145564,True,5
84,0.0,1.5461693580074072,0.31742593002417263,79.47017069118169,True,5
85,0.0,1.9835039232023415,0.1158595251852879,94.15884567557426,True,5
86,0.0,1.3067443728488748,0.7461976760042924,42.89643089279326,True,5
87,0.0,1.6574965519890743,0.4787980815728009,71.11317782240809,True,5
88,0.0,1.0058212943857001,0.22471541092285924,77.65851526735642,True,5
89,0.0,2.4082948498093115,0.41473350185166064,82.77895657649647,True,5
90,0.0,1.1268929979094635,0.407333935445082,63.853361747677845,True,5
91,0.0,1.9658195946273176,0.19545625201942077,90.05726402597612,True,5
92,0.0,1.924102588256634,0.23825156403800377,87.61752281338201,True,5
93,0.0,1.627040747713862,0.21865914584074958,86.56092994917397,True,5
94,0.0,1.472380151303706,0.3403803263669547,76.88230678296173,True,5
95,0.0,1.9659393792538469,0.28743225641312165,85.37939371649324,True,5
96,0.0,1.9098949600407447,0.17611182989993898,90.77897823783033,True,5
97,0.0,1.4618569617219486,0.09870859939881049,93.24772518902672,True,5
98,0.0,0.60941343675498,0.2768328091059288,54.573891481616315,True,5
99,0.0,2.31082391820453,0.34414929790361903,85.10707392318247,True,5
100,0.0,0.9130895771338684,0.10558417954455501,88.43660225801972,True,5
101,0.0,1.2394187986918694,0.24380838867511145,80.32881307493187,True,5
102,0.0,2.256751398385948,0.5447171553213573,75.86277532780329,True,5
103,0.0,1.6942463240763108,0.22307485162441057,86.83338730299273,True,5
104,0.0,3.085820277867652,0.25791052465311276,91.64207564183444,True,5
105,0.0,1.3469059582141625,0.13601962762386446,89.90132705298814,True,5
106,0.0,1.017981368197416,0.16011343001178727,84.27147735569001,True,5
107,0.0,2.4188283788940743,0.14416418139575032,94.0399169013527,True,5
108,0.0,1.3831828279835836,0.21754133060927255,84.27240953197732,True,5
109,0.0,0.564170923695219,0.08980140512674403,84.08258891852121,True,5
110,0.0,1.5887403296356226,0.27869775640332406,82.45794160287709,True,5
111,0.0,1.6612116888780253,0.49569652700904115,70.16054423841477,True,5
112,0.0,1.9320909890792373,0.08236182716866618,95.73716622901303,True,5
113,0.0,0.6468458584645594,0.12847813989560322,80.13775025157057,True,5
114,0.0,1.1497324654134713,0.49537480761964714,56.91390627631808,True,5
115,0.0,2.074777784872571,0.1533691087568271,92.60792602103908,True,5
116,0.0,0.5990274662876549,0.28122868949605945,53.05245496689587,True,5
117,0.0,3.198424835605007,0.6328729954964291,80.21297894978619,True,5
118,0.0,0.6767106231478409,0.19563418080472766,71.0904226839679,True,5
119,0.0,2.270697103396868,0.20580173297780555,90.93662766954101,True,5
120,0.0,0.9256812625108929,0.22745616976510846,75.42824091003659,True,5
121,0.0,0.46123011745702147,0.46678486094903276,-1.2043323455626025,False,5
122,0.0,1.4279220443011011,0.13017952339381725,90.88328918841408,True,5
123,0.0,0.4818139566956272,0.40048578728635503,16.879579405925973,True,5
124,0.0,1.2213648265257968,0.27361546592200703,77.5975646277359,True,5
125,0.0,2.051573804589561,0.39850636046539334,80.57557765780116,True,5
126,0.0,2.8470049438381357,0.1761111626306695,93.81416028054913,True,5
127,0.0,1.0434407689403422,0.19295486859557687,81.50782734016319,True,5
128,0.0,1.8541076560494414,0.5438993281228259,70.66517004294585,True,5
129,0.0,1.5675778265825075,0.4878724589239043,68.877305442147,True,5
130,0.0,1.0324264088987885,0.1827853660956007,82.29555496448758,True,5
131,0.0,3.531159987477199,0.5363631753394598,84.810567143896,True,5
132,0.0,0.7029265793497251,0.4602935612247773,34.51754781408419,True,5
133,0.0,1.4319844946861195,0.458586597492948,67.97544951117179,True,5
134,0.0,1.235158814430201,0.4216506901522009,65.86263359609224,True,5
135,0.0,1.058843216136451,0.1545934650194472,85.39977754369208,True,5
136,0.0,1.40016829136479,0.5606788179420504,59.9563265787473,True,5
137,0.0,1.6929028465974199,0.3066230815478834,81.88773312277382,True,5
138,0.0,1.0747891383442025,0.31742341406539004,70.46644753459215,True,5
139,0.0,2.4903635258849754,0.2055667144586112,91.74551376447899,True,5
140,0.0,1.8151717742996192,0.2134624695383102,88.24009536944929,True,5
141,0.0,1.8197765660646266,0.14171915953968198,92.21227692550421,True,5
142,0.0,0.9798588391392057,0.15943425777942127,83.72885446239557,True,5
143,0.0,0.44038849262565893,0.32065711406108593,27.18767192365029,True,5
144,0.0,1.2200437319581283,0.25717288104408587,78.92101124675817,True,5
145,0.0,0.8282545096754171,0.18256825366101273,77.95746940966745,True,5
146,0.0,0.8089568101091583,0.38263348132731084,52.7003819554125,True,5
147,0.0,2.337437011520876,0.37859528071389226,83.80297399040687,True,5
148,0.0,2.1167402483806006,0.21121095699821374,90.02187646028844,True,5
149,0.0,1.1770671887045037,0.1637488129486745,86.08840561354032,True,5
150,0.0,1.2013122979071182,0.1191126861007204,90.08478592051092,True,5
1,0.25,1.6155620654819145,0.1388168574289275,91.40751937700895,True,5
2,0.25,0.9989476143983692,0.17336248871787446,82.64548748912277,True,5
3,0.25,1.368388551486753,0.19919177295620344,85.44333239708986,True,5
4,0.25,0.926680773690706,0.14109609126476025,84.77403489199257,True,5
5,0.25,0.8623929212203131,0.12113272261165575,85.95388254807924,True,5
6,0.25,0.9812027761442903,0.42923584614299876,56.25411417712115,True,5
7,0.25,0.5997890062145773,0.08364655266019834,86.05400369237955,True,5
8,0.25,2.217286551940508,0.26199830660957557,88.18383188315096,True,5
9,0.25,2.664022172790105,0.37984725675059516,85.74158801565939,True,5
10,0.25,2.738189061420247,0.367622521570638,86.57424621439546,True,5
11,0.25,0.8815952645656071,0.2086649517911038,76.33098087318785,True,5
12,0.25,1.820578553798085,0.4146103919963794,77.22644864010836,True,5
13,0.25,2.873348663221216,0.12692481684849652,95.58268655408476,True,5
14,0.25,1.8466715530241218,0.17494976990938851,90.5262108130225,True,5
15,0.25,0.6127706216807108,0.32986011396627124,46.169071705570836,True,5
16,0.25,2.5447963620398433,0.5481849060900746,78.45859439807343,True,5
17,0.25,1.176584490424398,0.42758086278442736,63.659145070814475,True,5
18,0.25,2.380122395647919,0.42724007239684963,82.04965958145416,True,5
19,0.25,2.1032599338816875,0.4528480216693517,78.46923176853397,True,5
20,0.25,1.2712598361868024,0.23637695367797246,81.40608654899417,True,5
21,0.25,1.7820554203929846,0.1654349289731909,90.71662266616217,True,5
22,0.25,1.2605341083754042,0.4835197470230804,61.64167682489385,True,5
23,0.25,0.7989919909831531,0.3661104594725967,54.17845690516862,True,5
24,0.25,1.053927929405775,0.15241036735149452,85.53882451550302,True,5
25,0.25,2.3488093800901306,0.2907625393363307,87.62085413141644,True,5
26,0.25,1.8297675947525618,0.3357603695578459,81.65010843340185,True,5
27,0.25,1.0848418893910023,0.1583288013859443,85.40535695253938,True,5
28,0.25,2.6923528111605233,0.5304548389739414,80.29772187452312,True,5
29,0.25,1.1347668081798,0.5494752788436904,51.57813262752501,True,5
30,0.25,1.538800037734795,0.23079934734195245,85.00134249530544,True,5
31,0.25,0.9446979888117288,0.3766915586642078,60.12571603565893,True,5
32,0.25,1.9356279022057263,0.09376156962831372,95.15601270670523,True,5
33,0.25,2.2402829562161837,0.3176047173121771,85.82300881096698,True,5
34,0.25,0.7442225272495094,0.4307800236812705,42.11677181106796,True,5
35,0.25,1.0053518342352317,0.14589081089613576,85.48858161609517,True,5
36,0.25,1.0783828068556414,0.17076019069145842,84.16516012626698,True,5
37,0.25,0.8494808743701147,0.5356550602011048,36.943246591832924,True,5
38,0.25,0.8944062328161279,0.14730994878034442,83.5298611105913,True,5
39,0.25,0.7056637729307728,0.13762300939396266,80.49736791469614,True,5
40,0.25,2.898456866240764,0.5019672873317083,82.68156779635817,True,5
41,0.25,2.4928804346602886,0.11131455197985513,95.53470152711016,True,5
42,0.25,1.271260517878723,0.16857704341198868,86.73937866856095,True,5
43,0.25,2.754480490816126,0.07286364418586729,97.35472280784684,True,5
44,0.25,2.9947992423768874,0.841695919291023,71.89474648647925,True,5
45,0.25,1.9187333213626385,0.25173133776480133,86.8803374099936,True,5
46,0.25,2.30175934946019,0.30003107777761107,86.96514134512043,True,5
47,0.25,3.067166025319862,0.33663218523684924,89.02465068868442,True,5
48,0.25,1.5647994279234512,0.25798917186445436,83.51295589321526,True,5
49,0.25,1.3100332298872566,0.15178775901119104,88.41344207549191,True,5
50,0.25,1.2484407502482293,0.1821843530180221,85.40704851377224,True,5
51,0.25,1.3209771518861586,0.18985677988873695,85.62755005885985,True,5
52,0.25,1.5387889252023161,0.2608776752610746,83.04655882373373,True,5
53,0.25,1.3199945501194525,0.28262906159788315,78.5886190535933,True,5
54,0.25,1.3179541734287847,0.2965425334570747,77.49978417795887,True,5
55,0.25,1.8141265881846922,0.08796450573822569,95.15113739519978,True,5
56,0.25,0.9599982277117283,0.1611769939806464,83.21069879838932,True,5
57,0.25,2.2711293724386366,0.29147163852992575,87.16622478370941,True,5
58,0.25,2.340630667422512,0.5684262080027546,75.71482695180175,True,5
59,0.25,0.29661207968323755,0.1813097169711762,38.87311765427652,True,5
60,0.25,1.1778648857038152,0.2902028149628537,75.36196057076211,True,5
61,0.25,1.4850951088647755,0.5720965924008361,61.47744417270665,True,5
62,0.25,0.9175537778242256,0.17181078264173397,81.27512666896266,True,5
63,0.25,3.638461591981208,0.16867373776156291,95.36414681047336,True,5
64,0.25,1.0458400201126352,0.18898569775902416,81.92976993377336,True,5
65,0.25,1.884253046203329,0.3082784931551256,83.63922012617729,True,5
66,0.25,0.6653818879961019,0.17718544675397385,73.37086416830572,True,5
67,0.25,1.1547710716131672,0.20787476106099606,81.99861720032493,True,5
68,0.25,0.4463806198436404,0.10950328768948699,75.46862860492372,True,5
69,0.25,0.2673908759259186,0.11012354723510297,58.815517973914325,True,5
70,0.25,3.6223743004848883,0.2591532288524808,92.84576337630844,True,5
71,0.25,2.0948043556267715,0.3255058218855163,84.4612781613143,True,5
72,0.25,0.25923195678493094,0.17724698521097287,31.626105280675727,True,5
73,0.25,0.9756931961255049,0.1900763987860571,80.51883527108174,True,5
74,0.25,0.6253581349929025,0.16246464154676665,74.02054399618379,True,5
75,0.25,2.1196300665041017,0.15160591484506422,92.8475295174923,True,5
76,0.25,2.902687869025392,0.3058582906730236,89.46292868975544,True,5
77,0.25,3.008894186973267,0.19505652109724148,93.517335307379,True,5
78,0.25,3.219451643154607,0.15138613833740713,95.29776635535764,True,5
79,0.25,3.2367899909360554,0.15643018019788432,95.16711987382764,True,5
80,0.25,1.3454596876528822,0.6891831570678798,48.77712328415122,True,5
81,0.25,1.627575502906477,0.3411432399484636,79.03979020701283,True,5
82,0.25,2.325246207126198,0.38556432472548086,83.41834410722447,True,5
83,0.25,1.3855407541732971,0.8063621844660275,41.80162640202128,True,5
84,0.25,1.5461693580074072,0.3159273643810698,79.5670918748374,True,5
85,0.25,1.9835039232023415,0.11077767732280473,94.41505126221503,True,5
86,0.25,1.3067443728488748,0.7635650100539416,41.56737722242726,True,5
87,0.25,1.6574965519890743,0.48537502700077073,70.71637787612302,True,5
88,0.25,1.0058212943857001,0.21019262341202102,79.10238880551887,True,5
89,0.25,2.4082948498093115,0.42765314929208087,82.24249205507613,True,5
90,0.25,1.1268929979094635,0.39802329763602434,64.6795837426969,True,5
91,0.25,1.9658195946273176,0.19182681570371515,90.24189115684943,True,5
92,0.25,1.924102588256634,0.25018345154668414,86.99739540533714,True,5
93,0.25,1.627040747713862,0.22459382375630943,86.19617707350699,True,5
94,0.25,1.472380151303706,0.3297974464358723,77.6010668071112,True,5
95,0.25,1.9659393792538469,0.2808529725556462,85.71405733465488,True,5
96,0.25,1.9098949600407447,0.17339609934084854,90.92117090370512,True,5
97,0.25,1.4618569617219486,0.10014123661460246,93.14972399921781,True,5
98,0.25,0.60941343675498,0.2831064762230707,53.54443155527335,True,5
99,0.25,2.31082391820453,0.3367776887592198,85.42607742173233,True,5
100,0.25,0.9130895771338684,0.12561104031472367,86.24329491209296,True,5
101,0.25,1.2394187986918694,0.22969332962596137,81.46765807744819,True,5
102,0.25,2.256751398385948,0.5256239241799552,76.70882470457815,True,5
103,0.25,1.6942463240763108,0.23998955076721962,85.83502603152702,True,5
104,0.25,3.085820277867652,0.2796864663255004,90.93639806791445,True,5
105,0.25,1.3469059582141625,0.13190933656194265,90.20649246092587,True,5
106,0.25,1.017981368197416,0.16453433691508115,83.83719564470721,True,5
107,0.25,2.4188283788940743,0.13148457752339657,94.56412126338978,True,5
108,0.25,1.3831828279835836,0.22625730473016092,83.64227055507905,True,5
109,0.25,0.564170923695219,0.10265606698860334,81.80408406795863,True,5
110,0.25,1.5887403296356226,0.27524854587551506,82.6750450818704,True,5
111,0.25,1.6612116888780253,0.48694274282928485,70.68749599527777,True,5
112,0.25,1.9320909890792373,0.09111349855331075,95.2842025003837,True,5
113,0.25,0.6468458584645594,0.12442375639672244,80.764543087271,True,5
114,0.25,1.1497324654134713,0.481110727192536,58.15454971783222,True,5
115,0.25,2.074777784872571,0.1719975308577088,91.71007458669736,True,5
116,0.25,0.5990274662876549,0.26543703845479205,55.6886698201367,True,5
117,0.25,3.198424835605007,0.6146913333625165,80.78143570798521,True,5
118,0.25,0.6767106231478409,0.1961127233386234,71.01970670618854,True,5
119,0.25,2.270697103396868,0.20030243901676914,91.17881294175584,True,5
120,0.25,0.9256812625108929,0.21997057617823793,76.2368986943117,True,5
121,0.25,0.46123011745702147,0.46887073500711496,-1.656573857800051,False,5
122,0.25,1.4279220443011011,0.13086746357685158,90.83511147550742,True,5
123,0.25,0.4818139566956272,0.39457976926044724,18.105367481143304,True,5
124,0.25,1.2213648265257968,0.2583061994328364,78.85102028297352,True,5
125,0.25,2.051573804589561,0.38614167819445033,81.17827019770796,True,5
126,0.25,2.8470049438381357,0.17218891333912106,93.95192784221204,True,5
127,0.25,1.0434407689403422,0.2058988654314374,80.26731640545957,True,5
128,0.25,1.8541076560494414,0.5361903488995471,71.0809484470815,True,5
129,0.25,1.5675778265825075,0.47847745688764165,69.47663785658571,True,5
130,0.25,1.0324264088987885,0.18372777312537059,82.20427416988112,True,5
131,0.25,3.531159987477199,0.5519974662626734,84.36781487612397,True,5
132,0.25,0.7029265793497251,0.4607250452113948,34.45616388021493,True,5
133,0.25,1.4319844946861195,0.44920336402582767,68.63071033989863,True,5
134,0.25,1.235158814430201,0.4052599273039359,67.18965022397634,True,5
135,0.25,1.058843216136451,0.1611135485258796,84.78400332829659,True,5
136,0.25,1.40016829136479,0.5485045929753725,60.82580955745491,True,5
137,0.25,1.6929028465974199,0.29666833312514174,82.47576145781679,True,5
138,0.25,1.0747891383442025,0.3111602345814333,71.04918318575491,True,5
139,0.25,2.4903635258849754,0.2224314241286489,91.06831505454186,True,5
140,0.25,1.8151717742996192,0.2226451831856056,87.73420861110993,True,5
141,0.25,1.8197765660646266,0.13309276648260832,92.68631276143812,True,5
142,0.25,0.9798588391392057,0.16407958921368782,83.25477276320436,True,5
143,0.25,0.44038849262565893,0.3239433879935423,26.441450351677982,True,5
144,0.25,1.2200437319581283,0.27364994173209983,77.57048091277014,True,5
145,0.25,0.8282545096754171,0.1718894092371622,79.24678861036041,True,5
146,0.25,0.8089568101091583,0.3740118734177252,53.76615058506559,True,5
147,0.25,2.337437011520876,0.3883923637611397,83.38383614844754,True,5
148,0.25,2.1167402483806006,0.20631054903815332,90.25338374909298,True,5
149,0.25,1.1770671887045037,0.14553349978851854,87.63592247026318,True,5
150,0.25,1.2013122979071182,0.1381903460112067,88.49671761023701,True,5
1,0.5,1.6155620654819145,0.14935882262570424,90.75499321153278,True,5
2,0.5,0.9989476143983692,0.18325908391250256,81.65478536901327,True,5
3,0.5,1.368388551486753,0.1887549348467019,86.2060425277879,True,5
4,0.5,0.926680773690706,0.15491517672976218,83.28278937818263,True,5
5,0.5,0.8623929212203131,0.12489349844685346,85.51779642739585,True,5
6,0.5,0.9812027761442903,0.42920632591579955,56.257122752709904,True,5
7,0.5,0.5997890062145773,0.09833974444653053,83.60427693278709,True,5
8,0.5,2.217286551940508,0.2618756348698763,88.18936439944174,True,5
9,0.5,2.664022172790105,0.3627238709950625,86.3843524014227,True,5
10,0.5,2.738189061420247,0.3836331359320323,85.98953076917745,True,5
11,0.5,0.8815952645656071,0.20073073819393658,77.23096456367156,True,5
12,0.5,1.820578553798085,0.43192730984094974,76.27527200406352,True,5
13,0.5,2.873348663221216,0.1399618207507229,95.12896494107275,True,5
14,0.5,1.8466715530241218,0.1893318258660162,89.74740117938325,True,5
15,0.5,0.6127706216807108,0.30847955854131015,49.65823301136555,True,5
16,0.5,2.5447963620398433,0.5459531663245634,78.5462925651567,True,5
17,0.5,1.176584490424398,0.42543729124351853,63.841331013120715,True,5
18,0.5,2.380122395647919,0.4238865934700915,82.19055481158561,True,5
19,0.5,2.1032599338816875,0.4509910761746207,78.55752068921454,True,5
20,0.5,1.2712598361868024,0.24204090014951118,80.9605484842876,True,5
21,0.5,1.7820554203929846,0.15224398304773296,91.45683230131196,True,5
22,0.5,1.2605341083754042,0.5119474509083134,59.38646582375155,True,5
23,0.5,0.7989919909831531,0.36625723579090397,54.16008671873827,True,5
24,0.5,1.053927929405775,0.15530958932456282,85.26373720714192,True,5
25,0.5,2.3488093800901306,0.28686588084043785,87.78675343890912,True,5
26,0.5,1.8297675947525618,0.3382298051780397,81.51514945679327,True,5
27,0.5,1.0848418893910023,0.1578273077245898,85.45158430292646,True,5
28,0.5,2.6923528111605233,0.5526379704337419,79.47379079952265,True,5
29,0.5,1.1347668081798,0.5554634785761872,51.05042951801108,True,5
30,0.5,1.538800037734795,0.2521096917542535,83.6164748133634,True,5
31,0.5,0.9446979888117288,0.36227565426277186,61.65169625072943,True,5
32,0.5,1.9356279022057263,0.0914193307399364,95.27701937775538,True,5
33,0.5,2.2402829562161837,0.32625410462764404,85.4369242187744,True,5
34,0.5,0.7442225272495094,0.4234541483371253,43.10113805582812,True,5
35,0.5,1.0053518342352317,0.1494543888703621,85.1341208340211,True,5
36,0.5,1.0783828068556414,0.18159021623262317,83.16087616770287,True,5
37,0.5,0.8494808743701147,0.5454748393939525,35.7872724564377,True,5
38,0.5,0.8944062328161279,0.14126249013114084,84.20600338546816,True,5
39,0.5,0.7056637729307728,0.1547678678911712,78.06776062084255,True,5
40,0.5,2.898456866240764,0.5148729911872724,82.23630659527284,True,5
41,0.5,2.4928804346602886,0.113215077260295,95.45846340297011,True,5
42,0.5,1.271260517878723,0.16957264542003903,86.66106254106005,True,5
43,0.5,2.754480490816126,0.09436301973388464,96.57419901689245,True,5
44,0.5,2.9947992423768874,0.8367763694430642,72.05901625716525,True,5
45,0.5,1.9187333213626385,0.25164226022285024,86.88497992810487,True,5
46,0.5,2.30175934946019,0.2885379389264305,87.46446108738088,True,5
47,0.5,3.067166025319862,0.338589919552151,88.9608219197446,True,5
48,0.5,1.5647994279234512,0.26607148512827883,82.99644795490717,True,5
49,0.5,1.3100332298872566,0.16696471535690202,87.25492517687728,True,5
50,0.5,1.2484407502482293,0.19711425336661995,84.21116474070337,True,5
51,0.5,1.3209771518861586,0.18538165535221626,85.9663238620351,True,5
52,0.5,1.5387889252023161,0.24598862899133675,84.01414092845809,True,5
53,0.5,1.3199945501194525,0.2966621365080876,77.525502928687,True,5
54,0.5,1.3179541734287847,0.30499111430482734,76.85874665039653,True,5
55,0.5,1.8141265881846922,0.09651451319832495,94.67983580490366,True,5
56,0.5,0.9599982277117283,0.1597908943524594,83.35508444288067,True,5
57,0.5,2.2711293724386366,0.3079021652860519,86.4427729647369,True,5
58,0.5,2.340630667422512,0.5788198191203002,75.27077521556646,True,5
59,0.5,0.29661207968323755,0.20365576743746233,31.339354872211043,True,5
60,0.5,1.1778648857038152,0.2887681352715197,75.48376398885763,True,5
61,0.5,1.4850951088647755,0.5672885438440319,61.80119775105352,True,5
62,0.5,0.9175537778242256,0.1860305919237855,79.7253745317342,True,5
63,0.5,3.638461591981208,0.17319179813638286,95.23997179142746,True,5
64,0.5,1.0458400201126352,0.20985382812543213,79.93442361262565,True,5
65,0.5,1.884253046203329,0.3075468677185058,83.67804853290822,True,5
66,0.5,0.6653818879961019,0.18338073184592837,72.43977704319437,True,5
67,0.5,1.1547710716131672,0.21761356636379445,81.15526343591225,True,5
68,0.5,0.4463806198436404,0.10578653854100256,76.3012698494711,True,5
69,0.5,0.2673908759259186,0.11462238831866702,57.13302186480609,True,5
70,0.5,3.6223743004848883,0.27661276131859974,92.36377198011888,True,5
71,0.5,2.0948043556267715,0.3304952421164973,84.22309743490999,True,5
72,0.5,0.25923195678493094,0.18692958945157637,27.890993159203543,True,5
73,0.5,0.9756931961255049,0.1800335293173279,81.54814135916452,True,5
74,0.5,0.6253581349929025,0.16453125677873856,73.69007492313091,True,5
75,0.5,2.1196300665041017,0.17049047065852313,91.9565931172267,True,5
76,0.5,2.902687869025392,0.3205306870262316,88.95745248923876,True,5
77,0.5,3.008894186973267,0.2067012102856287,93.1303263776931,True,5
78,0.5,3.219451643154607,0.16540335099451317,94.86237504619137,True,5
79,0.5,3.2367899909360554,0.1607774568364041,95.03281160388448,True,5
80,0.5,1.3454596876528822,0.6999179855553125,47.979267459413784,True,5
81,0.5,1.627575502906477,0.3399087742674232,79.11563711419691,True,5
82,0.5,2.325246207126198,0.37556798734145336,83.84824857727119,True,5
83,0.5,1.3855407541732971,0.7937436957585285,42.71235303849816,True,5
84,0.5,1.5461693580074072,0.3161320099447802,79.55385622489709,True,5
85,0.5,1.9835039232023415,0.11452337589833132,94.22620875317278,True,5
86,0.5,1.3067443728488748,0.7815904882427023,40.187958373317336,True,5
87,0.5,1.6574965519890743,0.4917147964027929,70.33388722210542,True,5
88,0.5,1.0058212943857001,0.20217628774080906,79.89938283576635,True,5
89,0.5,2.4082948498093115,0.43963344321966824,81.74503245503854,True,5
90,0.5,1.1268929979094635,0.3889015958553299,65.48903963581333,True,5
91,0.5,1.9658195946273176,0.18848855544933857,90.41170634556258,True,5
92,0.5,1.924102588256634,0.2623901698104005,86.36298441611974,True,5
93,0.5,1.627040747713862,0.23016219326216192,85.85393798000693,True,5
94,0.5,1.472380151303706,0.31925630768652435,78.31699188529255,True,5
95,0.5,1.9659393792538469,0.2750282089944803,86.0103413209585,True,5
96,0.5,1.9098949600407447,0.1722555992729866,90.98088623317211,True,5
97,0.5,1.4618569617219486,0.10165328624150588,93.04629051246118,True,5
98,0.5,0.60941343675498,0.28971656912048044,52.45976677784289,True,5
99,0.5,2.31082391820453,0.3299530281086031,85.72141193843228,True,5
100,0.5,0.9130895771338684,0.14798646240458094,83.79277716989156,True,5
101,0.5,1.2394187986918694,0.21582629678936238,82.5864915864473,True,5
102,0.5,2.256751398385948,0.5052529054423703,77.61149474400537,True,5
103,0.5,1.6942463240763108,0.2578716788764686,84.77956391511972,True,5
104,0.5,3.085820277867652,0.30107980878707674,90.24311911660887,True,5
105,0.5,1.3469059582141625,0.1285835248194309,90.45341480336775,True,5
106,0.5,1.017981368197416,0.17623081619961894,82.68820808462551,True,5
107,0.5,2.4188283788940743,0.12964806403118484,94.6400470094343,True,5
108,0.5,1.3831828279835836,0.24415919301459052,82.34801733545753,True,5
109,0.5,0.564170923695219,0.11615165031343909,79.41197508856598,True,5
110,0.5,1.5887403296356226,0.2718497758568024,82.88897368652113,True,5
111,0.5,1.6612116888780253,0.4772445011640986,71.27130128211249,True,5
112,0.5,1.9320909890792373,0.10821688455109758,94.39897576445561,True,5
113,0.5,0.6468458584645594,0.12269421465742567,81.03192390399326,True,5
114,0.5,1.1497324654134713,0.4656261108442986,59.5013514142311,True,5
115,0.5,2.074777784872571,0.1901419470891699,90.83555123466641,True,5
116,0.5,0.5990274662876549,0.25204996118617523,57.92347173190552,True,5
117,0.5,3.198424835605007,0.5977386808841754,81.31146699993941,True,5
118,0.5,0.6767106231478409,0.19636725423537255,70.9820937460779,True,5
119,0.5,2.270697103396868,0.19432196019409864,91.44218927731923,True,5
120,0.5,0.9256812625108929,0.21282956446849086,77.00833179973907,True,5
121,0.5,0.46123011745702147,0.47098542027075185,-2.115061971129716,False,5
122,0.5,1.4279220443011011,0.13146553029765978,90.79322776601536,True,5
123,0.5,0.4818139566956272,0.3880940042353794,19.451481460395478,True,5
124,0.5,1.2213648265257968,0.24731796880312173,79.7506884567305,True,5
125,0.5,2.051573804589561,0.3741702363092864,81.761794995031,True,5
126,0.5,2.8470049438381357,0.17058015370485907,94.00843493180258,True,5
127,0.5,1.0434407689403422,0.21958908273108735,78.9552901067792,True,5
128,0.5,1.8541076560494414,0.5291928551663487,71.45835337879446,True,5
129,0.5,1.5675778265825075,0.4739180862093285,69.76749235841628,True,5
130,0.5,1.0324264088987885,0.1849945761967741,82.0815726329498,True,5
131,0.5,3.531159987477199,0.5674492896303498,83.93022996288089,True,5
132,0.5,0.7029265793497251,0.4609992246024732,34.417158470669584,True,5
133,0.5,1.4319844946861195,0.4395919315329052,69.30190702733408,True,5
134,0.5,1.235158814430201,0.38804630510640087,68.58328657230908,True,5
135,0.5,1.058843216136451,0.1683431864726925,84.10121688393586,True,5
136,0.5,1.40016829136479,0.5355667571609835,61.7498296123426,True,5
137,0.5,1.6929028465974199,0.2873338915646501,83.02714818265176,True,5
138,0.5,1.0747891383442025,0.3056217357015619,71.56449346218773,True,5
139,0.5,2.4903635258849754,0.23852982192800634,90.42188742933655,True,5
140,0.5,1.8151717742996192,0.23177103081042438,87.23145467046209,True,5
141,0.5,1.8197765660646266,0.1291757186839472,92.9015615931742,True,5
142,0.5,0.9798588391392057,0.17648499957868585,81.98873220006611,True,5
143,0.5,0.44038849262565893,0.3270327059259822,25.739952019144138,True,5
144,0.5,1.2200437319581283,0.29009172090208135,76.22284240282977,True,5
145,0.5,0.8282545096754171,0.16042767936777189,80.63063013920183,True,5
146,0.5,0.8089568101091583,0.3649842031812284,54.88211501279303,True,5
147,0.5,2.337437011520876,0.3990349073978212,82.92852789482505,True,5
148,0.5,2.1167402483806006,0.2018656929436066,90.4633696506672,True,5
149,0.5,1.1770671887045037,0.16783596832931305,85.74117349120608,True,5
150,0.5,1.2013122979071182,0.15716257434180528,86.91742566728001,True,5
1,0.75,1.6155620654819145,0.16207212808568952,89.96806550806551,True,5
2,0.75,0.9989476143983692,0.19393926835191466,80.58564177374633,True,5
3,0.75,1.368388551486753,0.178002078362796,86.99184685742972,True,5
4,0.75,0.926680773690706,0.16939903857953545,81.71980649767156,True,5
5,0.75,0.8623929212203131,0.12852576087015627,85.09661226250695,True,5
6,0.75,0.9812027761442903,0.42909317781155576,56.268654324673896,True,5
7,0.75,0.5997890062145773,0.11312990387966329,81.1383832135145,True,5
8,0.75,2.217286551940508,0.2610654470188972,88.22590400909526,True,5
9,0.75,2.664022172790105,0.3458746496507534,87.01682541596456,True,5
10,0.75,2.738189061420247,0.3997928148575211,85.39937141337654,True,5
11,0.75,0.8815952645656071,0.19198959221007728,78.22247918894196,True,5
12,0.75,1.820578553798085,0.44956636494577085,75.3064011433131,True,5
13,0.75,2.873348663221216,0.15336348838607103,94.66255208255374,True,5
14,0.75,1.8466715530241218,0.2037964412912368,88.9641208282275,True,5
15,0.75,0.6127706216807108,0.30042960239825744,50.97193113236444,True,5
16,0.75,2.5447963620398433,0.5438329887001597,78.62960680027705,True,5
17,0.75,1.176584490424398,0.42343440017231876,64.01156027311013,True,5
18,0.75,2.380122395647919,0.42052423844545306,82.33182296782776,True,5
19,0.75,2.1032599338816875,0.4495357090676523,78.62671646875296,True,5
20,0.75,1.2712598361868024,0.2478498423284492,80.50360474913725,True,5
21,0.75,1.7820554203929846,0.15574375138558924,91.26044287942268,True,5
22,0.75,1.2605341083754042,0.5415370083148885,57.03908329677571,True,5
23,0.75,0.7989919909831531,0.36617426239208073,54.17047147850552,True,5
24,0.75,1.053927929405775,0.15860274882925623,84.95127186555541,True,5
25,0.75,2.3488093800901306,0.28341510559027555,87.93366937339972,True,5
26,0.75,1.8297675947525618,0.3407936853289301,81.37502892136334,True,5
27,0.75,1.0848418893910023,0.15803139101272276,85.43277204188374,True,5
28,0.75,2.6923528111605233,0.5750280175939371,78.64217441301555,True,5
29,0.75,1.1347668081798,0.5610889005067288,50.554695778709615,True,5
30,0.75,1.538800037734795,0.2745426335432143,82.15865435333903,True,5
31,0.75,0.9446979888117288,0.34768474930551685,63.196200963352766,True,5
32,0.75,1.9356279022057263,0.08883456702113858,95.41055556597898,True,5
33,0.75,2.2402829562161837,0.333917422667632,85.09485501636742,True,5
34,0.75,0.7442225272495094,0.4163169218901432,44.0601558476383,True,5
35,0.75,1.0053518342352317,0.15369572201470025,84.7122453273668,True,5
36,0.75,1.0783828068556414,0.1937016969240751,82.03776101652879,True,5
37,0.75,0.8494808743701147,0.5557293197160393,34.58012575879245,True,5
38,0.75,0.8944062328161279,0.13579971379004288,84.81677465926597,True,5
39,0.75,0.7056637729307728,0.17305364634032958,75.47647293531865,True,5
40,0.75,2.898456866240764,0.5273801000884848,81.80479736541722,True,5
41,0.75,2.4928804346602886,0.11522179938864684,95.37796527315807,True,5
42,0.75,1.271260517878723,0.17026872173471228,86.60630772842457,True,5
43,0.75,2.754480490816126,0.11765053394230315,95.72875776994724,True,5
44,0.75,2.9947992423768874,0.8319876605218129,72.21891708969821,True,5
45,0.75,1.9187333213626385,0.25221436162696387,86.8551633091019,True,5
46,0.75,2.30175934946019,0.27752740020334415,87.94281425343488,True,5
47,0.75,3.067166025319862,0.3394627519641393,88.93236462709129,True,5
48,0.75,1.5647994279234512,0.27548496402786815,82.39487060693476,True,5
49,0.75,1.3100332298872566,0.1813715288805092,86.15519631543101,True,5
50,0.75,1.2484407502482293,0.21324457776222325,82.9191271015606,True,5
51,0.75,1.3209771518861586,0.1810004569151742,86.29798731516799,True,5
52,0.75,1.5387889252023161,0.231143002435695,84.9789013522238,True,5
53,0.75,1.3199945501194525,0.31158809258839726,76.3947440116173,True,5
54,0.75,1.3179541734287847,0.31350127224461055,76.21303695036627,True,5
55,0.75,1.8141265881846922,0.1050444471601738,94.20964072494596,True,5
56,0.75,0.9599982277117283,0.15847713097598196,83.49193504724155,True,5
57,0.75,2.2711293724386366,0.3242243095132001,85.72409333224982,True,5
58,0.75,2.340630667422512,0.5890812096500695,74.83237240932326,True,5
59,0.75,0.29661207968323755,0.22894145951651626,22.814519300424013,True,5
60,0.75,1.1778648857038152,0.2929898424167328,75.12534366438294,True,5
61,0.75,1.4850951088647755,0.5637793086244999,62.03749475308288,True,5
62,0.75,0.9175537778242256,0.2000969099618356,78.19235070490137,True,5
63,0.75,3.638461591981208,0.17683917982287883,95.13972663027104,True,5
64,0.75,1.0458400201126352,0.23298931742432563,77.722279417149,True,5
65,0.75,1.884253046203329,0.3071817533611809,83.6974256732589,True,5
66,0.75,0.6653818879961019,0.19027605393023836,71.40348161515435,True,5
67,0.75,1.1547710716131672,0.2284696161546771,80.21515937046166,True,5
68,0.75,0.4463806198436404,0.10242953850787367,77.05331863561797,True,5
69,0.75,0.2673908759259186,0.1450535131740014,45.7522577493673,True,5
70,0.75,3.6223743004848883,0.2934821089004993,91.8980733476048,True,5
71,0.75,2.0948043556267715,0.33474008298296415,84.02046080896137,True,5
72,0.75,0.25923195678493094,0.19904997515577633,23.21549487013438,True,5
73,0.75,0.9756931961255049,0.17502545090363578,82.06142549741405,True,5
74,0.75,0.6253581349929025,0.1663955815816736,73.39195378284123,True,5
75,0.75,2.1196300665041017,0.19046518086408143,91.01422536536222,True,5
76,0.75,2.902687869025392,0.3361960373114298,88.41776820377483,True,5
77,0.75,3.008894186973267,0.2185155758066272,92.73767828883214,True,5
78,0.75,3.219451643154607,0.17918147371904136,94.43441015490858,True,5
79,0.75,3.2367899909360554,0.1647276661352123,94.91077065251383,True,5
80,0.75,1.3454596876528822,0.7112593123542654,47.13633422975028,True,5
81,0.75,1.627575502906477,0.338198039671161,79.22074649887413,True,5
82,0.75,2.325246207126198,0.36488592049852964,84.30764366456071,True,5
83,0.75,1.3855407541732971,0.780275946394256,43.68437420234391,True,5
84,0.75,1.5461693580074072,0.3168430697449711,79.50786774397754,True,5
85,0.75,1.9835039232023415,0.12303982457258347,93.79684490999456,True,5
86,0.75,1.3067443728488748,0.8003137842957216,38.75513827154027,True,5
87,0.75,1.6574965519890743,0.49779203661144794,69.96723546639818,True,5
88,0.75,1.0058212943857001,0.2040316029555654,79.71492509708926,True,5
89,0.75,2.4082948498093115,0.45077354650324464,81.28246022122512,True,5
90,0.75,1.1268929979094635,0.38002278508135595,66.27694148545169,True,5
91,0.75,1.9658195946273176,0.18541219612896384,90.56819879933516,True,5
92,0.75,1.924102588256634,0.274902672118348,85.71268113269218,True,5
93,0.75,1.627040747713862,0.2352550193128729,85.54092639391932,True,5
94,0.75,1.472380151303706,0.30878736942973845,79.02801330510158,True,5
95,0.75,1.9659393792538469,0.26980925351162804,86.27581011098971,True,5
96,0.75,1.9098949600407447,0.17485963900776777,90.84454157604367,True,5
97,0.75,1.4618569617219486,0.10322661740252884,92.93866499216611,True,5
98,0.75,0.60941343675498,0.29666730034852157,51.319205902609724,True,5
99,0.75,2.31082391820453,0.32379871259861387,85.98773753171986,True,5
100,0.75,0.9130895771338684,0.17258040640337355,81.09929072401715,True,5
101,0.75,1.2394187986918694,0.21600625647204547,82.57197190328024,True,5
102,0.75,2.256751398385948,0.4838143374286791,78.56146947445306,True,5
103,0.75,1.6942463240763108,0.27704764412700217,83.64773526788991,True,5
104,0.75,3.085820277867652,0.3222294838743303,89.55773652194041,True,5
105,0.75,1.3469059582141625,0.12696209441841613,90.57379666010588,True,5
106,0.75,1.017981368197416,0.19041917993315252,81.29443368199007,True,5
107,0.75,2.4188283788940743,0.14170203782287882,94.14170765237725,True,5
108,0.75,1.3831828279835836,0.26326938196433874,80.96640757548045,True,5
109,0.75,0.564170923695219,0.13084430513081552,76.80768369383367,True,5
110,0.75,1.5887403296356226,0.26852823329816355,83.098041367166,True,5
111,0.75,1.6612116888780253,0.4666505718288727,71.9090243011686,True,5
112,0.75,1.9320909890792373,0.13175174364239625,93.18087272353647,True,5
113,0.75,0.6468458584645594,0.12411357181050384,80.81249648793971,True,5
114,0.75,1.1497324654134713,0.44883545436317235,60.961748244470044,True,5
115,0.75,2.074777784872571,0.2076240036132702,89.99295225122039,True,5
116,0.75,0.5990274662876549,0.2487487378863433,58.47456888280756,True,5
117,0.75,3.198424835605007,0.5819223289319184,81.80597141274252,True,5
118,0.75,0.6767106231478409,0.19648775234631638,70.96428730018773,True,5
119,0.75,2.270697103396868,0.1878210925126746,91.72848319435904,True,5
120,0.75,0.9256812625108929,0.20597776649704277,77.74852156579988,True,5
121,0.75,0.46123011745702147,0.47313429122210515,-2.5809619351652464,False,5
122,0.75,1.4279220443011011,0.13202734884319767,90.75388258272748,True,5
123,0.75,0.4818139566956272,0.3813473052757502,20.85175201417921,True,5
124,0.75,1.2213648265257968,0.24605900259081598,79.85376709342964,True,5
125,0.75,2.051573804589561,0.36238015512273114,82.33647971561867,True,5
126,0.75,2.8470049438381357,0.16889014824658005,94.06779575103603,True,5
127,0.75,1.0434407689403422,0.23390934975140829,77.58288187369246,True,5
128,0.75,1.8541076560494414,0.5230020300372388,71.79225120338467,True,5
129,0.75,1.5675778265825075,0.4698396658871897,70.02766574521586,True,5
130,0.75,1.0324264088987885,0.18656958551776848,81.92901848406143,True,5
131,0.75,3.531159987477199,0.5828813458038569,83.49320484285703,True,5
132,0.75,0.7029265793497251,0.4610991238238813,34.40294657082928,True,5
133,0.75,1.4319844946861195,0.4297725643905402,69.98762444807454,True,5
134,0.75,1.235158814430201,0.36997210629237215,70.04659627814368,True,5
135,0.75,1.058843216136451,0.17651651817062405,83.32930546462728,True,5
136,0.75,1.40016829136479,0.5218936751361717,62.726360941407634,True,5
137,0.75,1.6929028465974199,0.2785606643703932,83.5453838990067,True,5
138,0.75,1.0747891383442025,0.3008145067534346,72.01176528292208,True,5
139,0.75,2.4903635258849754,0.2537196295723574,89.8119440420974,True,5
140,0.75,1.8151717742996192,0.24078594168124667,86.73481236925063,True,5
141,0.75,1.8197765660646266,0.13668358591165963,92.48899076619907,True,5
142,0.75,0.9798588391392057,0.19051739605013146,80.55664872937221,True,5
143,0.75,0.44038849262565893,0.32963602578181395,25.148810356856284,True,5
144,0.75,1.2200437319581283,0.3065662885235739,74.8725164112318,True,5
145,0.75,0.8282545096754171,0.16387744658299233,80.21411961315927,True,5
146,0.75,0.8089568101091583,0.35557208554340375,56.045603288088536,True,5
147,0.75,2.337437011520876,0.41036249655032525,82.4439120914185,True,5
148,0.75,2.1167402483806006,0.1978675795207244,90.65225033293046,True,5
149,0.75,1.1770671887045037,0.19470216605548407,83.45870414842028,True,5
150,0.75,1.2013122979071182,0.17572859935109095,85.37194702349765,True,5
1,1.0,1.6155620654819145,0.1805846556418644,88.82217777328185,True,5
2,1.0,0.9989476143983692,0.20544370786897237,79.43398583591355,True,5
3,1.0,1.368388551486753,0.1669888748471457,87.79667699896258,True,5
4,1.0,0.926680773690706,0.18583348582207404,79.94633199500275,True,5
5,1.0,0.8623929212203131,0.13206409208913097,84.68632002425808,True,5
6,1.0,0.9812027761442903,0.4289433088798743,56.283928326676865,True,5
7,1.0,0.5997890062145773,0.12929092516671722,78.44393214495453,True,5
8,1.0,2.217286551940508,0.25955544447950585,88.29400538002858,True,5
9,1.0,2.664022172790105,0.32932353724807406,87.63810824805695,True,5
10,1.0,2.738189061420247,0.4159295423681035,84.81005025444193,True,5
11,1.0,0.8815952645656071,0.19040479746794622,78.40224362346531,True,5
12,1.0,1.820578553798085,0.46727372246640764,74.33377859518434,True,5
13,1.0,2.873348663221216,0.16723830713365562,94.1796723358254,True,5
14,1.0,1.8466715530241218,0.21842255467154056,88.17209512358328,True,5
15,1.0,0.6127706216807108,0.30100562061058495,50.87792887573739,True,5
16,1.0,2.5447963620398433,0.541864428792952,78.70696308451936,True,5
17,1.0,1.176584490424398,0.4216154236158764,64.16615831271086,True,5
18,1.0,2.380122395647919,0.41725686781586463,82.46910038833198,True,5
19,1.0,2.1032599338816875,0.44845487233187886,78.6781051116098,True,5
20,1.0,1.2712598361868024,0.25364675415012167,80.0476073474526,True,5
21,1.0,1.7820554203929846,0.1677191024702441,90.58844632153708,True,5
22,1.0,1.2605341083754042,0.5727044494180907,54.566524966452434,True,5
23,1.0,0.7989919909831531,0.3658357067311251,54.2128443263909,True,5
24,1.0,1.053927929405775,0.1621517542815689,84.61453105498464,True,5
25,1.0,2.3488093800901306,0.2819522651529447,87.99594945665086,True,5
26,1.0,1.8297675947525618,0.3434175441008459,81.2316304493694,True,5
27,1.0,1.0848418893910023,0.1590341808265587,85.34033554734545,True,5
28,1.0,2.6923528111605233,0.5977305293846302,77.79895239186791,True,5
29,1.0,1.1347668081798,0.5663457674982361,50.091440513080244,True,5
30,1.0,1.538800037734795,0.2978999103507999,80.6407653336605,True,5
31,1.0,0.9446979888117288,0.33295243926532503,64.75567396050846,True,5
32,1.0,1.9356279022057263,0.08600772727124856,95.55659808513613,True,5
33,1.0,2.2402829562161837,0.3405350822290565,84.79946110002922,True,5
34,1.0,0.7442225272495094,0.4256462469514765,42.806589243599504,True,5
35,1.0,1.0053518342352317,0.15864116066018336,84.22033409021815,True,5
36,1.0,1.0783828068556414,0.21123708500807012,80.41167907489204,True,5
37,1.0,0.8494808743701147,0.5663797919199115,33.32636331101875,True,5
38,1.0,0.8944062328161279,0.1309293737685057,85.36130798683486,True,5
39,1.0,0.7056637729307728,0.19231450446764195,72.7470061742126,True,5
40,1.0,2.898456866240764,0.5396776255194056,81.38051899943036,True,5
41,1.0,2.4928804346602886,0.11734344845469291,95.29285693677147,True,5
42,1.0,1.271260517878723,0.17064109840918226,86.57701580365912,True,5
43,1.0,2.754480490816126,0.14255960547637472,94.82444671684222,True,5
44,1.0,2.9947992423768874,0.8271718667755514,72.37972231757851,True,5
45,1.0,1.9187333213626385,0.2534379314061451,86.7913936457746,True,5
46,1.0,2.30175934946019,0.26694720734195804,88.40247103136292,True,5
47,1.0,3.067166025319862,0.33931752173915974,88.93709962427698,True,5
48,1.0,1.5647994279234512,0.28628877375957584,81.70444284099132,True,5
49,1.0,1.3100332298872566,0.1953325256904354,85.08949840094927,True,5
50,1.0,1.2484407502482293,0.23054082951406413,81.53369877839815,True,5
51,1.0,1.3209771518861586,0.18124300185706618,86.279626290411,True,5
52,1.0,1.5387889252023161,0.2195825929074275,85.73016810095918,True,5
53,1.0,1.3199945501194525,0.32704638563417415,75.22365637005258,True,5
54,1.0,1.3179541734287847,0.3221659963062842,75.55559951920496,True,5
55,1.0,1.8141265881846922,0.11504128739456948,93.65858545132258,True,5
56,1.0,0.9599982277117283,0.15725178841421247,83.61957513306653,True,5
57,1.0,2.2711293724386366,0.3404068886658505,85.01155888357268,True,5
58,1.0,2.340630667422512,0.5992334612761234,74.39863240209547,True,5
59,1.0,0.29661207968323755,0.2566734342739079,13.464942308479667,True,5
60,1.0,1.1778648857038152,0.3017711595761905,74.37981527092798,True,5
61,1.0,1.4850951088647755,0.561716351232067,62.17640554607646,True,5
62,1.0,0.9175537778242256,0.2138051016351342,76.69835743664798,True,5
63,1.0,3.638461591981208,0.1796884291731522,95.06141745266278,True,5
64,1.0,1.0458400201126352,0.25932183138474096,75.20444557506869,True,5
65,1.0,1.884253046203329,0.30720817408570333,83.69602348767796,True,5
66,1.0,0.6653818879961019,0.1972585124721078,70.3540904808543,True,5
67,1.0,1.1547710716131672,0.2406115895811988,79.163697853543,True,5
68,1.0,0.4463806198436404,0.0994709899122455,77.71610471191862,True,5
69,1.0,0.2673908759259186,0.17692725787987157,33.83197640263171,True,5
70,1.0,3.6223743004848883,0.309836269044042,91.44659708405707,True,5
71,1.0,2.0948043556267715,0.3382554473142054,83.85264731736733,True,5
72,1.0,0.25923195678493094,0.2119884277344562,18.224423268027035,True,5
73,1.0,0.9756931961255049,0.18758407413265976,80.77427670116391,True,5
74,1.0,0.6253581349929025,0.16808829768127564,73.12127431057031,True,5
75,1.0,2.1196300665041017,0.21124239946331658,90.03399683739542,True,5
76,1.0,2.902687869025392,0.3608682291333863,87.56779077129806,True,5
77,1.0,3.008894186973267,0.23057620931732262,92.3368455323028,True,5
78,1.0,3.219451643154607,0.19272306495295943,94.01379221325661,True,5
79,1.0,3.2367899909360554,0.16832095380770457,94.79975672567416,True,5
80,1.0,1.3454596876528822,0.7232423252810787,46.24570829448221,True,5
81,1.0,1.627575502906477,0.3387933561152988,79.18416961239025,True,5
82,1.0,2.325246207126198,0.3538574474400238,84.78193636632739,True,5
83,1.0,1.3855407541732971,0.76614310149001,44.70439796286322,True,5
84,1.0,1.5461693580074072,0.31804510416443277,79.43012500426819,True,5
85,1.0,1.9835039232023415,0.13271819514326333,93.30890180801903,True,5
86,1.0,1.3067443728488748,0.8199522981848915,37.252280153517134,True,5
87,1.0,1.6574965519890743,0.5036635640466807,69.61299476356312,True,5
88,1.0,1.0058212943857001,0.20681200514699105,79.43849406436554,True,5
89,1.0,2.4082948498093115,0.4611317748228087,80.85235390262446,True,5
90,1.0,1.1268929979094635,0.3713300288140293,67.04833293818527,True,5
91,1.0,1.9658195946273176,0.18262770627475172,90.7098440378821,True,5
92,1.0,1.924102588256634,0.2878506841824129,85.03974341392966,True,5
93,1.0,1.627040747713862,0.23981952282707297,85.26038618491634,True,5
94,1.0,1.472380151303706,0.3090578531127039,79.00964279917443,True,5
95,1.0,1.9659393792538469,0.26534503226176964,86.5028883870021,True,5
96,1.0,1.9098949600407447,0.1771447009780041,90.72489824392098,True,5
97,1.0,1.4618569617219486,0.10613532001614778,92.7396918580099,True,5
98,1.0,0.60941343675498,0.30401855150891594,50.112922824977154,True,5
99,1.0,2.31082391820453,0.31821405067796116,86.22941158904015,True,5
100,1.0,0.9130895771338684,0.1987529915148979,78.2329142186935,True,5
101,1.0,1.2394187986918694,0.23074666048082487,81.38267220697605,True,5
102,1.0,2.256751398385948,0.4614942477244632,79.55050573782613,True,5
103,1.0,1.6942463240763108,0.2972111913604362,82.45761627828979,True,5
104,1.0,3.085820277867652,0.3432983623591806,88.87497224574578,True,5
105,1.0,1.3469059582141625,0.12982196187010536,90.36146799422924,True,5
106,1.0,1.017981368197416,0.20619371081005008,79.7448443309757,True,5
107,1.0,2.4188283788940743,0.15637546284005688,93.53507407947833,True,5
108,1.0,1.3831828279835836,0.28553963219984535,79.35633479370854,True,5
109,1.0,0.564170923695219,0.14657955528733993,74.01859097465181,True,5
110,1.0,1.5887403296356226,0.26538557184971856,83.29584974338853,True,5
111,1.0,1.6612116888780253,0.45530600064089616,72.59193372589331,True,5
112,1.0,1.9320909890792373,0.1556459542969878,91.94417058116073,True,5
113,1.0,0.6468458584645594,0.1292579912250033,80.01718809302923,True,5
114,1.0,1.1497324654134713,0.4306394654630378,62.54437632948205,True,5
115,1.0,2.074777784872571,0.22434585193672962,89.18699373145118,True,5
116,1.0,0.5990274662876549,0.24534599276711194,59.04261380741162,True,5
117,1.0,3.198424835605007,0.5681231558122303,82.23740794256416,True,5
118,1.0,0.6767106231478409,0.19652030228092737,70.95947727748414,True,5
119,1.0,2.270697103396868,0.18089381618481895,92.03355586642492,True,5
120,1.0,0.9256812625108929,0.20080378459570244,78.30745930288941,True,5
121,1.0,0.46123011745702147,0.47534986286433445,-3.0613233769645776,False,5
122,1.0,1.4279220443011011,0.13260271210240163,90.71358883829654,True,5
123,1.0,0.4818139566956272,0.3742525733948269,22.32425644920644,True,5
124,1.0,1.2213648265257968,0.24508749428586374,79.93330993630941,True,5
125,1.0,2.051573804589561,0.3508265147094779,82.89963958768404,True,5
126,1.0,2.8470049438381357,0.17532039553010573,93.84193568368902,True,5
127,1.0,1.0434407689403422,0.24873344867490715,76.16218801499329,True,5
128,1.0,1.8541076560494414,0.5177245642875263,72.07688762848619,True,5
129,1.0,1.5675778265825075,0.4665137726308346,70.23983340923583,True,5
130,1.0,1.0324264088987885,0.18852403455099712,81.73971210673685,True,5
131,1.0,3.531159987477199,0.5983132463734641,83.0561841294276,True,5
132,1.0,0.7029265793497251,0.4610679116910098,34.40738688277486,True,5
133,1.0,1.4319844946861195,0.4198204969493431,70.68260874979903,True,5
134,1.0,1.235158814430201,0.35112363673331515,71.57259191035331,True,5
135,1.0,1.058843216136451,0.18560698603687986,82.4707772398892,True,5
136,1.0,1.40016829136479,0.5075747740921845,63.74901665588821,True,5
137,1.0,1.6929028465974199,0.2703895019259386,84.02805556920192,True,5
138,1.0,1.0747891383442025,0.2967652003446948,72.38851884920562,True,5
139,1.0,2.4903635258849754,0.26800797336671883,89.23819873761283,True,5
140,1.0,1.8151717742996192,0.24962032833912287,86.24811536442942,True,5
141,1.0,1.8197765660646266,0.14603716762153762,91.97499460401606,True,5
142,1.0,0.9798588391392057,0.20661938041934522,78.91335239667195,True,5
143,1.0,0.44038849262565893,0.33190265248974415,24.634122360715363,True,5
144,1.0,1.2200437319581283,0.3230476291595905,73.52163527440855,True,5
145,1.0,0.8282545096754171,0.18508821185980392,77.65322015181809,True,5
146,1.0,0.8089568101091583,0.3457917792607161,57.25460556861423,True,5
147,1.0,2.337437011520876,0.4223648971656736,81.9304265704744,True,5
148,1.0,2.1167402483806006,0.19411511782191487,90.82952582536183,True,5
149,1.0,1.1770671887045037,0.22293204086831617,81.06038100393587,True,5
150,1.0,1.2013122979071182,0.19393907913560035,83.85606478236559,True,5
1,0.0,1.9437504562306107,0.19521403410317356,89.95683661565593,True,10
2,0.0,1.9410847589147298,0.4264878659418944,78.02837490824739,True,10
3,0.0,2.748650032149147,0.37354015085662023,86.41005051616003,True,10
4,0.0,1.1589008554986968,0.17819916496625526,84.62343313314986,True,10
5,0.0,1.4176460064879433,0.14210191027329783,89.97620635737273,True,10
6,0.0,1.9259550727349046,0.793703847537932,58.78907775294818,True,10
7,0.0,1.7376375383487124,0.6318337433538581,63.63834635189261,True,10
8,0.0,0.9161712252318658,0.27224105635343326,70.28491521499879,True,10
9,0.0,2.385303886655961,0.0765007309053212,96.79283082825265,True,10
10,0.0,2.2618131399755828,0.2600349166530755,88.50325378090771,True,10
11,0.0,3.184320315150339,0.5885139380001867,81.5183813261449,True,10
12,0.0,2.1735553752736694,0.07000638161856383,96.77917653191838,True,10
13,0.0,3.8524796176046596,0.46360955011938704,87.96594411555527,True,10
14,0.0,1.4438026634318182,0.38562998178980495,73.29067250276506,True,10
15,0.0,3.17680831384397,1.2190344594072584,61.62706909022741,True,10
16,0.0,4.741910181691693,0.4613987021618009,90.26977136886227,True,10
17,0.0,1.1775146890504187,0.24870636733433316,78.87870362492912,True,10
18,0.0,2.5420878385806702,0.21246402219737948,91.64214473737441,True,10
19,0.0,1.3598074286902397,0.4470723226964803,67.1223797382032,True,10
20,0.0,0.6765489886045843,0.16632041925117613,75.41635239242316,True,10
21,0.0,2.476030644600714,0.6476880606508644,73.84167833046708,True,10
22,0.0,1.92340181778447,0.3690411660359486,80.81310090155576,True,10
23,0.0,0.5244455154905451,0.5433753047785733,-3.6094863487052766,False,10
24,0.0,4.298062580578309,0.8086024577835759,81.18681516091891,True,10
25,0.0,2.2006594187707056,0.4037409964932653,81.6536355853376,True,10
26,0.0,3.0289860935079966,0.30066518038758083,90.07373520030369,True,10
27,0.0,1.0286947318615665,0.2574341408635196,74.97468073957599,True,10
28,0.0,0.8232947869295771,0.7228362099547343,12.202017864038272,True,10
29,0.0,2.8192776106422848,0.11090949588431903,96.0660314023119,True,10
30,0.0,1.8406290849117868,0.10469403363156446,94.31205154315042,True,10
31,0.0,1.5851397719557287,0.14830349592651187,90.64413759907515,True,10
32,0.0,4.328947154298936,0.17662151319603164,95.91998915901215,True,10
33,0.0,1.6776986451110578,0.585290195298505,65.11350849545683,True,10
34,0.0,2.47325235830909,0.4432137643663565,82.07971932676647,True,10
35,0.0,1.1018772998077162,0.5550260273701275,49.629053301399104,True,10
36,0.0,2.045770945534681,0.6136433341028145,70.00429909114614,True,10
37,0.0,1.9759236791132477,0.5228065698413366,73.54115569504381,True,10
38,0.0,1.1929455773569944,0.5557028988955366,53.417581703373884,True,10
39,0.0,2.340941961222684,0.4815204387755995,79.43048367913832,True,10
40,0.0,3.666017670337657,0.5835115222309826,84.0832321417251,True,10
41,0.0,1.68772267625804,0.4153790100470017,75.38819523548942,True,10
42,0.0,5.663964613460572,0.32415798994043743,94.27683589035732,True,10
43,0.0,2.2924597887639586,0.13180017216368656,94.25070953001317,True,10
44,0.0,1.3191308653129312,0.35652810407461477,72.9724992834553,True,10
45,0.0,4.910685360974527,0.11342401521951487,97.69026099450595,True,10
46,0.0,1.3867507673338335,0.7190025576147585,48.151998574544685,True,10
47,0.0,0.8805314429670031,0.24698120658169706,71.95089300281212,True,10
48,0.0,1.860300867467664,0.24637340035278815,86.75626052423637,True,10
49,0.0,1.9500178777728596,0.8887808884160349,54.42191076570421,True,10
50,0.0,2.3598812160724814,0.5044089806952132,78.62566228927851,True,10
51,0.0,2.1523712374190005,0.3765321908260517,82.50616881140043,True,10
52,0.0,2.2706387417894223,0.29673668023403055,86.93157679498671,True,10
53,0.0,1.5821739161576955,0.3302561215956644,79.1264336857676,True,10
54,0.0,1.3381313122724352,0.24595513499079388,81.61950679017376,True,10
55,0.0,1.5516746904037237,0.3487661381089051,77.52324374008053,True,10
56,0.0,1.8658568653758747,0.12506447662819625,93.29720950470644,True,10
57,0.0,1.9004760527079745,0.320171448593568,83.15309218775168,True,10
58,0.0,4.085839994124648,0.2851675788533682,93.02058868522916,True,10
59,0.0,2.221634049285286,0.19670968257847443,91.14572075262542,True,10
60,0.0,1.4366819817981784,0.26206554778138397,81.75897302941199,True,10
61,0.0,1.439584945192444,0.1530859103343561,89.36596893114276,True,10
62,0.0,2.029319811286021,0.2844473453746746,85.9831188858096,True,10
63,0.0,1.6078826216416993,0.17031465577508123,89.40751933737647,True,10
64,0.0,1.2069402450410527,0.20062762003127782,83.37717042284446,True,10
65,0.0,1.9897358518845714,0.25514532261146455,87.1769248983575,True,10
66,0.0,1.1588626068273005,0.5551371914070959,52.09637552056891,True,10
67,0.0,1.2928594056047835,0.6251612002009264,51.645074670088846,True,10
68,0.0,3.948401061041121,0.46234138275870124,88.29041488919087,True,10
69,0.0,1.3359743637322667,0.5535150925563319,58.56843457609505,True,10
70,0.0,1.5325402158125137,0.5666076125628323,63.02820593439165,True,10
71,0.0,1.690912020657747,0.3931638795755984,76.74841300006479,True,10
72,0.0,2.122491930800958,0.4503654312546478,78.78128888411393,True,10
73,0.0,3.894307252166115,0.49258292907685036,87.35120530608204,True,10
74,0.0,0.7804752454380839,0.3452118361232279,55.769021741431516,True,10
75,0.0,0.9589408598593778,0.45470815818717514,52.58225223046028,True,10
76,0.0,2.064009250587018,0.8419424571573662,59.2083971078176,True,10
77,0.0,1.9849466157342135,0.3885774923714663,80.42378120946417,True,10
78,0.0,3.8379375244079394,0.29302436301102763,92.36505646203214,True,10
79,0.0,0.8331173590907555,0.5196107739130851,37.63054289491988,True,10
80,0.0,3.152837640261058,0.2995295119263959,90.49968485210059,True,10
81,0.0,2.4868906457161777,0.46793583113769516,81.18389998596264,True,10
82,0.0,2.072512914366652,0.28951702909585003,86.03062846610416,True,10
83,0.0,0.7318611427621169,0.4389144605714134,40.02763161944812,True,10
84,0.0,2.774590490073385,0.3132561900325895,88.70982254306276,True,10
85,0.0,0.9467620617772684,0.2042592847026949,78.42548904850942,True,10
86,0.0,1.5085517447250396,0.4589486889175206,69.57686797802403,True,10
87,0.0,1.5868768056426434,0.14764539234503934,90.69585037603174,True,10
88,0.0,1.5522807798052445,0.645410065087082,58.42182203866122,True,10
89,0.0,1.2215133979192154,0.4866764952669881,60.157907715460496,True,10
90,0.0,1.8207106947950056,0.3992419873214182,78.07218969698155,True,10
91,0.0,1.8237719319588164,0.7207666344120239,60.47934383780725,True,10
92,0.0,4.722996000973724,0.27154167737916857,94.25064773878306,True,10
93,0.0,1.7277714077702222,0.22824630520394254,86.78955420969108,True,10
94,0.0,2.7365390663407476,0.5188619305432882,81.03948388951373,True,10
95,0.0,0.8997289596280023,0.2645060620069131,70.60158404634718,True,10
96,0.0,4.273779273776077,0.69251533654321,83.79618384148928,True,10
97,0.0,0.7529954475959018,0.32400049722227436,56.971785386390465,True,10
98,0.0,1.6488889088527523,0.2711030126064442,83.55844283075021,True,10
99,0.0,2.547283910091005,0.5454264999043288,78.58791877326139,True,10
100,0.0,2.656010680862247,0.3049876927428744,88.51707581823945,True,10
101,0.0,1.0460209179075362,0.3253219005594725,68.89910182577921,True,10
102,0.0,1.09109067598239,0.4126794605669909,62.17734514178439,True,10
103,0.0,1.2809694593847532,0.304974738193815,76.19188061358669,True,10
104,0.0,1.867898846445222,0.6451392983773313,65.46176472001741,True,10
105,0.0,1.8756136239459635,0.23969691049614544,87.22034712075373,True,10
106,0.0,4.55864966093495,0.31895719363889924,93.00325277522022,True,10
107,0.0,1.7279114975901615,0.1686807435059806,90.2378829158072,True,10
108,0.0,2.1359058592951343,0.3736513289747965,82.50618924290491,True,10
109,0.0,0.665419055086829,0.3892961983144181,41.49608501012648,True,10
110,0.0,2.8570717500690592,0.4944090618850397,82.69525216253007,True,10
111,0.0,1.6187889974336749,0.7264027287061552,55.12678120139512,True,10
112,0.0,2.980486881656066,0.3542030191920411,88.11593430012906,True,10
113,0.0,3.088081422580635,0.3836633097553489,87.57599760971553,True,10
114,0.0,1.4267148722882586,0.11863418619168725,91.68480062162567,True,10
115,0.0,1.9827283487848775,0.7107308503119574,64.15389678835574,True,10
116,0.0,2.575122531218055,0.6767386999377796,73.72013596503788,True,10
117,0.0,4.829115673663118,1.0561594019791765,78.12934140842337,True,10
118,0.0,0.9829726164813845,0.15528699043417332,84.20230758919477,True,10
119,0.0,0.763125803115302,0.4399541126763825,42.34841609596195,True,10
120,0.0,2.1950878704138996,0.29347311579497776,86.63046159789306,True,10
121,0.0,0.7211188723576586,0.4200259227186879,41.75358060655989,True,10
122,0.0,2.133867990158363,0.48172801731510406,77.42465702954038,True,10
123,0.0,3.2745150389698203,0.7087880239344078,78.35441231757494,True,10
124,0.0,2.6738623868792892,0.0930510991168465,96.51997426743236,True,10
125,0.0,3.7823764563001148,0.16393651833974351,95.66577996046156,True,10
126,0.0,2.5201558919719487,0.5423638319188845,78.47895704997438,True,10
127,0.0,2.469464406691848,0.29446438692869875,88.0757792608491,True,10
128,0.0,2.7755366763371834,0.34330339743751753,87.63109850558459,True,10
129,0.0,2.953158025909481,0.14054713091938068,95.24078529877869,True,10
130,0.0,1.1385476321925696,0.44229223218302555,61.15294435848267,True,10
131,0.0,0.5534319414257722,0.4039195994495782,27.015488406942087,True,10
132,0.0,0.6502955794874161,0.40539193962744574,37.66035747206083,True,10
133,0.0,0.4725881206330642,0.2217153341417931,53.08486936895701,True,10
134,0.0,1.4403084190145286,0.31146203748622026,78.37532341168114,True,10
135,0.0,2.088302368410394,0.4001518782079921,80.83841285337498,True,10
136,0.0,4.507086351837226,0.3788539550102913,91.5942601176066,True,10
137,0.0,3.1047256919003576,0.3655626236300139,88.2256063850118,True,10
138,0.0,3.701286390630919,0.2501336736717788,93.24198002335234,True,10
139,0.0,2.2192840475803464,0.211937673941815,90.45017810257828,True,10
140,0.0,1.5315781448180938,0.7142252894479036,53.36670924272477,True,10
141,0.0,1.282831259462293,0.24849272281626444,80.62935238104333,True,10
142,0.0,2.9300866579111022,0.9754652403083062,66.70865560666631,True,10
143,0.0,0.8363287383034981,0.17442630746263438,79.14381038532048,True,10
144,0.0,4.381032733523162,0.353952060573398,91.92080767018705,True,10
145,0.0,2.1309507352279042,0.23054833294199314,89.18096372991299,True,10
146,0.0,1.0371018473195561,0.2252284404727833,78.28290046393245,True,10
147,0.0,2.2300707309772716,0.37982386105465826,82.96808008021297,True,10
148,0.0,1.4139450785658354,0.7537487264037387,46.691796037207745,True,10
149,0.0,2.446096341971429,0.23325645141398146,90.4641347353478,True,10
150,0.0,1.007246891658687,0.24840044592411087,75.3386733698372,True,10
1,0.25,1.9437504562306107,0.21048760699216454,89.17105813056118,True,10
2,0.25,1.9410847589147298,0.4314855164762931,77.77090801961997,True,10
3,0.25,2.748650032149147,0.3762742369305268,86.31058037474779,True,10
4,0.25,1.1589008554986968,0.1961973087818219,83.07039745022931,True,10
5,0.25,1.4176460064879433,0.1572816048165296,88.90543872752995,True,10
6,0.25,1.9259550727349046,0.7943447696589182,58.755799607987285,True,10
7,0.25,1.7376375383487124,0.6308929061893097,63.69249096742861,True,10
8,0.25,0.9161712252318658,0.2744641010493775,70.04227010295855,True,10
9,0.25,2.385303886655961,0.06636771307700078,97.21764117988154,True,10
10,0.25,2.2618131399755828,0.2628356757689951,88.37942573046364,True,10
11,0.25,3.184320315150339,0.5726294763148954,82.01721498963398,True,10
12,0.25,2.1735553752736694,0.07278208266830367,96.65147327294848,True,10
13,0.25,3.8524796176046596,0.4569502348400746,88.13880201333316,True,10
14,0.25,1.4438026634318182,0.4011146393536567,72.2181812298202,True,10
15,0.25,3.17680831384397,1.2280744909691703,61.3425057590841,True,10
16,0.25,4.741910181691693,0.4599978280114872,90.2993137704818,True,10
17,0.25,1.1775146890504187,0.2535792814587258,78.4648731929434,True,10
18,0.25,2.5420878385806702,0.20254732578977422,92.03224519956544,True,10
19,0.25,1.3598074286902397,0.4538570032152374,66.62343552186722,True,10
20,0.25,0.6765489886045843,0.1634763832785016,75.83672638168012,True,10
21,0.25,2.476030644600714,0.6402730553233273,74.14114979879103,True,10
22,0.25,1.92340181778447,0.370938043848619,80.71447991684362,True,10
23,0.25,0.5244455154905451,0.5461691764393404,-4.142215026564936,False,10
24,0.25,4.298062580578309,0.8037264097448885,81.30026274217845,True,10
25,0.25,2.2006594187707056,0.3912324957541495,82.22203343156602,True,10
26,0.25,3.0289860935079966,0.3108488114288702,89.73752926449183,True,10
27,0.25,1.0286947318615665,0.24045836642763568,76.62490542821263,True,10
28,0.25,0.8232947869295771,0.733244857391296,10.937750483531708,True,10
29,0.25,2.8192776106422848,0.11358643977967392,95.97107999045909,True,10
30,0.25,1.8406290849117868,0.10757994812546691,94.15526196954436,True,10
31,0.25,1.5851397719557287,0.15764734201651168,90.05467247711488,True,10
32,0.25,4.328947154298936,0.19299658642504158,95.54171997148583,True,10
33,0.25,1.6776986451110578,0.605086170007471,63.93356031068283,True,10
34,0.25,2.47325235830909,0.45761859049992826,81.49729488935806,True,10
35,0.25,1.1018772998077162,0.5620213382468638,48.99419941358809,True,10
36,0.25,2.045770945534681,0.6247248287589154,69.4626209193895,True,10
37,0.25,1.9759236791132477,0.5244494941891175,73.45800853884806,True,10
38,0.25,1.1929455773569944,0.5638483458322565,52.734780485000925,True,10
39,0.25,2.340941961222684,0.46683050592383646,80.0580059797805,True,10
40,0.25,3.666017670337657,0.5847587558523507,84.04921065755552,True,10
41,0.25,1.68772267625804,0.419286725364977,75.15665747321681,True,10
42,0.25,5.663964613460572,0.30379778384174805,94.63630505176948,True,10
43,0.25,2.2924597887639586,0.14051531010203183,93.87054417308693,True,10
44,0.25,1.3191308653129312,0.36085874879746005,72.64420397654366,True,10
45,0.25,4.910685360974527,0.11841722726233014,97.58858044126798,True,10
46,0.25,1.3867507673338335,0.7381839986382581,46.76880546765513,True,10
47,0.25,0.8805314429670031,0.24664012081234885,71.98962935596253,True,10
48,0.25,1.860300867467664,0.24312744847444784,86.93074584191291,True,10
49,0.25,1.9500178777728596,0.9060349247866814,53.53709649977796,True,10
50,0.25,2.3598812160724814,0.5139997401014004,78.21925372342074,True,10
51,0.25,2.1523712374190005,0.3793178901559826,82.376744143318,True,10
52,0.25,2.2706387417894223,0.30891239395680026,86.39535262604761,True,10
53,0.25,1.5821739161576955,0.3290594204433793,79.20207019702998,True,10
54,0.25,1.3381313122724352,0.24659683620082315,81.5715517648228,True,10
55,0.25,1.5516746904037237,0.3431757491027106,77.88352473459362,True,10
56,0.25,1.8658568653758747,0.12644283893080296,93.22333661937508,True,10
57,0.25,1.9004760527079745,0.332008963253235,82.53022116326287,True,10
58,0.25,4.085839994124648,0.30433870457155343,92.55137976501317,True,10
59,0.25,2.221634049285286,0.2060831573980697,90.72380271339613,True,10
60,0.25,1.4366819817981784,0.26380236082625247,81.63808245885618,True,10
61,0.25,1.439584945192444,0.16009021306472448,88.87941877974254,True,10
62,0.25,2.029319811286021,0.29115459590954357,85.65260170968158,True,10
63,0.25,1.6078826216416993,0.1701786240918294,89.4159796367429,True,10
64,0.25,1.2069402450410527,0.1955114052005942,83.80107001950672,True,10
65,0.25,1.9897358518845714,0.25792079703174714,87.03743530642731,True,10
66,0.25,1.1588626068273005,0.5548342067927388,52.12252051934376,True,10
67,0.25,1.2928594056047835,0.6143395064415269,52.48211029147856,True,10
68,0.25,3.948401061041121,0.4651873807246946,88.21833513027084,True,10
69,0.25,1.3359743637322667,0.5499367284659015,58.83628133929444,True,10
70,0.25,1.5325402158125137,0.5579344348590194,63.59414068862025,True,10
71,0.25,1.690912020657747,0.3959963156915336,76.58090362752905,True,10
72,0.25,2.122491930800958,0.43654284533554094,79.43253215710442,True,10
73,0.25,3.894307252166115,0.4821693081752346,87.61861155390244,True,10
74,0.25,0.7804752454380839,0.3438898792918912,55.938400186047616,True,10
75,0.25,0.9589408598593778,0.4522411503342346,52.83951604684436,True,10
76,0.25,2.064009250587018,0.8425630375174936,59.178330364659786,True,10
77,0.25,1.9849466157342135,0.37371941533897346,81.17231907515365,True,10
78,0.25,3.8379375244079394,0.28508811551698715,92.5718406382614,True,10
79,0.25,0.8331173590907555,0.5076471637794654,39.06654827916448,True,10
80,0.25,3.152837640261058,0.3124795520768967,90.08894247878165,True,10
81,0.25,2.4868906457161777,0.4532490453145527,81.77446820609897,True,10
82,0.25,2.072512914366652,0.302630681795921,85.39788680214795,True,10
83,0.25,0.7318611427621169,0.4239778740866338,42.06853604954363,True,10
84,0.25,2.774590490073385,0.308586175092377,88.8781362079773,True,10
85,0.25,0.9467620617772684,0.20374792469471767,78.47950050805366,True,10
86,0.25,1.5085517447250396,0.44948821350655366,70.20399100804588,True,10
87,0.25,1.5868768056426434,0.13381025575425212,91.567697298338,True,10
88,0.25,1.5522807798052445,0.633990550122153,59.15748243679883,True,10
89,0.25,1.2215133979192154,0.48826654887717924,60.02773692790305,True,10
90,0.25,1.8207106947950056,0.4008158432577833,77.98574785090109,True,10
91,0.25,1.8237719319588164,0.7457189826091041,59.11117121930004,True,10
92,0.25,4.722996000973724,0.27423442450051533,94.19363420074933,True,10
93,0.25,1.7277714077702222,0.22812680475882421,86.79647065966708,True,10
94,0.25,2.7365390663407476,0.49419522048360187,81.94086733267685,True,10
95,0.25,0.8997289596280023,0.25844700654785424,71.2750152385102,True,10
96,0.25,4.273779273776077,0.6920029821358197,83.80817216317296,True,10
97,0.25,0.7529954475959018,0.3362935627196585,55.3392302976934,True,10
98,0.25,1.6488889088527523,0.26465316904695113,83.94960584512096,True,10
99,0.25,2.547283910091005,0.5566274871809509,78.14819600689644,True,10
100,0.25,2.656010680862247,0.30509197982478214,88.51314936257195,True,10
101,0.25,1.0460209179075362,0.34969802373189546,66.56873512324854,True,10
102,0.25,1.09109067598239,0.41212349056233777,62.22830057719333,True,10
103,0.25,1.2809694593847532,0.2990251236652457,76.65634246979886,True,10
104,0.25,1.867898846445222,0.6394725495137109,65.76514029489958,True,10
105,0.25,1.8756136239459635,0.238648888275101,87.27622335281265,True,10
106,0.25,4.55864966093495,0.3096720743345012,93.2069341281429,True,10
107,0.25,1.7279114975901615,0.16623901010343473,90.37919416965043,True,10
108,0.25,2.1359058592951343,0.3832277016091059,82.05783743036437,True,10
109,0.25,0.665419055086829,0.40448155317143947,39.21401106876033,True,10
110,0.25,2.8570717500690592,0.5087865136107834,82.19202882817046,True,10
111,0.25,1.6187889974336749,0.710215523238155,56.12673891630809,True,10
112,0.25,2.980486881656066,0.36538112850914184,87.74089123632972,True,10
113,0.25,3.088081422580635,0.4050482181162872,86.88349940663812,True,10
114,0.25,1.4267148722882586,0.13115939360017906,90.80689518643503,True,10
115,0.25,1.9827283487848775,0.7148914725744705,63.94405350523209,True,10
116,0.25,2.575122531218055,0.6827963439563436,73.48489884738125,True,10
117,0.25,4.829115673663118,1.0500466862073483,78.25592184643536,True,10
118,0.25,0.9829726164813845,0.16096823053217948,83.62434234349519,True,10
119,0.25,0.763125803115302,0.4557678326801936,40.276186335252135,True,10
120,0.25,2.1950878704138996,0.29133801471648235,86.72772882383299,True,10
121,0.25,0.7211188723576586,0.4094404168551518,43.22150860973742,True,10
122,0.25,2.133867990158363,0.48468197857636774,77.28622478936022,True,10
123,0.25,3.2745150389698203,0.7055295336352159,78.45392294007667,True,10
124,0.25,2.6738623868792892,0.08326226777847145,96.88606757823285,True,10
125,0.25,3.7823764563001148,0.17156569358347742,95.46407673679046,True,10
126,0.25,2.5201558919719487,0.5459911968925347,78.33502289950356,True,10
127,0.25,2.469464406691848,0.29212069384405165,88.1706862001148,True,10
128,0.25,2.7755366763371834,0.3570741500610936,87.13495112115338,True,10
129,0.25,2.953158025909481,0.13339002002639067,95.48313978269717,True,10
130,0.25,1.1385476321925696,0.4523497290441678,60.2695823825086,True,10
131,0.25,0.5534319414257722,0.3904505147269897,29.449226634607253,True,10
132,0.25,0.6502955794874161,0.393430639615691,39.49972104595795,True,10
133,0.25,0.4725881206330642,0.21650191371798588,54.18803303223816,True,10
134,0.25,1.4403084190145286,0.3180692126227238,77.91659005643045,True,10
135,0.25,2.088302368410394,0.39668307253332397,81.00451933906118,True,10
136,0.25,4.507086351837226,0.36087846582655525,91.9930873816196,True,10
137,0.25,3.1047256919003576,0.37924361653044847,87.78495576856199,True,10
138,0.25,3.701286390630919,0.2615115456176606,92.93457684658972,True,10
139,0.25,2.2192840475803464,0.2082932956359958,90.61439224676556,True,10
140,0.25,1.5315781448180938,0.7259579611664602,52.600658110547634,True,10
141,0.25,1.282831259462293,0.2489023427046222,80.59742145596366,True,10
142,0.25,2.9300866579111022,0.9659114444870136,67.03471407990286,True,10
143,0.25,0.8363287383034981,0.17483070979127377,79.09545591534739,True,10
144,0.25,4.381032733523162,0.3379999438394135,92.28492539548776,True,10
145,0.25,2.1309507352279042,0.22818695381812548,89.29177713750755,True,10
146,0.25,1.0371018473195561,0.23269927139253926,77.56254393009108,True,10
147,0.25,2.2300707309772716,0.35864537793915086,83.91775772143409,True,10
148,0.25,1.4139450785658354,0.7670441894723568,45.7514863130066,True,10
149,0.25,2.446096341971429,0.2533594594500572,89.64229433228854,True,10
150,0.25,1.007246891658687,0.25628467575302466,74.55592289483396,True,10
1,0.5,1.9437504562306107,0.22646576046384717,88.3490311352509,True,10
2,0.5,1.9410847589147298,0.4372927922600886,77.47173119299637,True,10
3,0.5,2.748650032149147,0.37895020437466076,86.21322467602894,True,10
4,0.5,1.1589008554986968,0.21481597706099997,81.4638175438605,True,10
5,0.5,1.4176460064879433,0.1775838136559288,87.47333164674356,True,10
6,0.5,1.9259550727349046,0.7939669935473652,58.7754146092353,True,10
7,0.5,1.7376375383487124,0.6303159126015521,63.72569660295523,True,10
8,0.5,0.9161712252318658,0.2773111252968145,69.73151768364781,True,10
9,0.5,2.385303886655961,0.0791996927809715,96.67968122535513,True,10
10,0.5,2.2618131399755828,0.265669996902516,88.25411382545138,True,10
11,0.5,3.184320315150339,0.5549212424353119,82.57332216878085,True,10
12,0.5,2.1735553752736694,0.0789708866712838,96.36674144263102,True,10
13,0.5,3.8524796176046596,0.4509125592488597,88.29552381826171,True,10
14,0.5,1.4438026634318182,0.41717216750040104,71.10601205646678,True,10
15,0.5,3.17680831384397,1.2384163152937142,61.01696442001507,True,10
16,0.5,4.741910181691693,0.4582354003934305,90.33648080972395,True,10
17,0.5,1.1775146890504187,0.25919135573748087,77.98826985789026,True,10
18,0.5,2.5420878385806702,0.19742065530746708,92.23391684932125,True,10
19,0.5,1.3598074286902397,0.4621459174358722,66.01387022271167,True,10
20,0.5,0.6765489886045843,0.16192081321294968,76.06665356977041,True,10
21,0.5,2.476030644600714,0.6329844163957211,74.43551767923306,True,10
22,0.5,1.92340181778447,0.3942967814289651,79.50003073808321,True,10
23,0.5,0.5244455154905451,0.5483869376645967,-4.565092362675227,False,10
24,0.5,4.298062580578309,0.8002277009458745,81.38166473978602,True,10
25,0.5,2.2006594187707056,0.3784519217860096,82.80279453703864,True,10
26,0.5,3.0289860935079966,0.321257317721679,89.39389921894237,True,10
27,0.5,1.0286947318615665,0.22448220109035844,78.17795754780171,True,10
28,0.5,0.8232947869295771,0.7433737759610872,9.707459859736264,True,10
29,0.5,2.8192776106422848,0.11672566939175287,95.8597312676434,True,10
30,0.5,1.8406290849117868,0.11769643839311325,93.60564062809244,True,10
31,0.5,1.5851397719557287,0.16864957090955943,89.36058675119347,True,10
32,0.5,4.328947154298936,0.20863528322771638,95.1804613040719,True,10
33,0.5,1.6776986451110578,0.6262403948991495,62.67265299855478,True,10
34,0.5,2.47325235830909,0.4738830730285154,80.83967972631393,True,10
35,0.5,1.1018772998077162,0.5696075668219739,48.305717258956726,True,10
36,0.5,2.045770945534681,0.6348509144248635,68.96764440757372,True,10
37,0.5,1.9759236791132477,0.5254641529181441,73.4066574295035,True,10
38,0.5,1.1929455773569944,0.5721177261555372,52.04159041160279,True,10
39,0.5,2.340941961222684,0.45353495845573877,80.62596313926316,True,10
40,0.5,3.666017670337657,0.5869845359741095,83.98849681703675,True,10
41,0.5,1.68772267625804,0.4237327484722705,74.89322419890951,True,10
42,0.5,5.663964613460572,0.2830533837759516,95.00255734113756,True,10
43,0.5,2.2924597887639586,0.14841124533834918,93.52611347576268,True,10
44,0.5,1.3191308653129312,0.3654735661748491,72.29436625393876,True,10
45,0.5,4.910685360974527,0.12335569014716988,97.48801478654113,True,10
46,0.5,1.3867507673338335,0.7580119165626157,45.33899425778079,True,10
47,0.5,0.8805314429670031,0.24572461784499888,72.09360099430235,True,10
48,0.5,1.860300867467664,0.23927570254694736,87.13779546463032,True,10
49,0.5,1.9500178777728596,0.9221820826602312,52.70904471329939,True,10
50,0.5,2.3598812160724814,0.5232174974734842,77.82865112404819,True,10
51,0.5,2.1523712374190005,0.38228380020984437,82.23894681531533,True,10
52,0.5,2.2706387417894223,0.32117940467683503,85.85510769433436,True,10
53,0.5,1.5821739161576955,0.3283081919575322,79.24955097510218,True,10
54,0.5,1.3381313122724352,0.2476244322359161,81.49475840189432,True,10
55,0.5,1.5516746904037237,0.33837917170154913,78.1926473510045,True,10
56,0.5,1.8658568653758747,0.12768939791790335,93.15652769044637,True,10
57,0.5,1.9004760527079745,0.3447035150292432,81.86225422108961,True,10
58,0.5,4.085839994124648,0.32431729116757163,92.0624084243648,True,10
59,0.5,2.221634049285286,0.2156576289190612,90.29283742799856,True,10
60,0.5,1.4366819817981784,0.26679428191612986,81.42983031065754,True,10
61,0.5,1.439584945192444,0.1665699471014963,88.42930751271304,True,10
62,0.5,2.029319811286021,0.2981340231245069,85.30867232131473,True,10
63,0.5,1.6078826216416993,0.17008901496961565,89.42155275016596,True,10
64,0.5,1.2069402450410527,0.19408315449699381,83.91940650795082,True,10
65,0.5,1.9897358518845714,0.26083264428763386,86.89109189842524,True,10
66,0.5,1.1588626068273005,0.5538009815699036,52.21167908022475,True,10
67,0.5,1.2928594056047835,0.6051287276278371,53.194544974922046,True,10
68,0.5,3.948401061041121,0.46854113525649577,88.1333955691687,True,10
69,0.5,1.3359743637322667,0.5459504008021392,59.13466488406739,True,10
70,0.5,1.5325402158125137,0.5500597188823868,64.10797490291247,True,10
71,0.5,1.690912020657747,0.39883345471637727,76.41311612645374,True,10
72,0.5,2.122491930800958,0.4217785182721472,80.12814502842505,True,10
73,0.5,3.894307252166115,0.4726929648764095,87.86194991128434,True,10
74,0.5,0.7804752454380839,0.3420213543110624,56.177808801727664,True,10
75,0.5,0.9589408598593778,0.44963634377692013,53.1111497488118,True,10
76,0.5,2.064009250587018,0.8441842611778586,59.09978305873546,True,10
77,0.5,1.9849466157342135,0.35921636179472105,81.90297114555646,True,10
78,0.5,3.8379375244079394,0.27818261841878766,92.75176793135263,True,10
79,0.5,0.8331173590907555,0.49471649562488346,40.61863070950708,True,10
80,0.5,3.152837640261058,0.3316561054330158,89.48071092536327,True,10
81,0.5,2.4868906457161777,0.4380927705618946,82.38391497766352,True,10
82,0.5,2.072512914366652,0.31597748674387827,84.75389540139781,True,10
83,0.5,0.7318611427621169,0.408302554128415,44.21037950075605,True,10
84,0.5,2.774590490073385,0.30370720951509905,89.05398073691708,True,10
85,0.5,0.9467620617772684,0.20296978456504156,78.5616901268704,True,10
86,0.5,1.5085517447250396,0.4400745009804876,70.82801418517474,True,10
87,0.5,1.5868768056426434,0.12158990829571623,92.33778527335174,True,10
88,0.5,1.5522807798052445,0.6222097110343853,59.91641981726719,True,10
89,0.5,1.2215133979192154,0.49005898515151347,59.88099795005905,True,10
90,0.5,1.8207106947950056,0.40287879823248574,77.87244292109537,True,10
91,0.5,1.8237719319588164,0.7720861047724252,57.66542453895709,True,10
92,0.5,4.722996000973724,0.27686794130262665,94.1378747463359,True,10
93,0.5,1.7277714077702222,0.22806806860444293,86.79987019238982,True,10
94,0.5,2.7365390663407476,0.4698451930737063,82.83067839766034,True,10
95,0.5,0.8997289596280023,0.25234726749667497,71.95296819155301,True,10
96,0.5,4.273779273776077,0.6912580570023436,83.82560228966653,True,10
97,0.5,0.7529954475959018,0.3491380148811638,53.63344944569569,True,10
98,0.5,1.6488889088527523,0.25811462685394354,84.34614815660734,True,10
99,0.5,2.547283910091005,0.569008480631776,77.66214914726771,True,10
100,0.5,2.656010680862247,0.3075986005670117,88.4187739611366,True,10
101,0.5,1.0460209179075362,0.3762018836893693,64.03495596991266,True,10
102,0.5,1.09109067598239,0.41273287278946724,62.17244983622894,True,10
103,0.5,1.2809694593847532,0.29430346193915174,77.02494311765207,True,10
104,0.5,1.867898846445222,0.6342578575618959,66.04431451044873,True,10
105,0.5,1.8756136239459635,0.2447352137368439,86.95172552532627,True,10
106,0.5,4.55864966093495,0.2998500742944704,93.4223926689516,True,10
107,0.5,1.7279114975901615,0.16440401036923116,90.48539172298361,True,10
108,0.5,2.1359058592951343,0.393738314590757,81.56574584608829,True,10
109,0.5,0.665419055086829,0.41967427216909636,36.93083043521589,True,10
110,0.5,2.8570717500690592,0.5234273900418605,81.67958539965935,True,10
111,0.5,1.6187889974336749,0.6941272131758895,57.12058740970475,True,10
112,0.5,2.980486881656066,0.3756897953071668,87.39501932991499,True,10
113,0.5,3.088081422580635,0.42545168756050544,86.22278271390377,True,10
114,0.5,1.4267148722882586,0.14545144467095247,89.80514975373684,True,10
115,0.5,1.9827283487848775,0.7190758214783499,63.733013555838944,True,10
116,0.5,2.575122531218055,0.687945694779273,73.28493357347665,True,10
117,0.5,4.829115673663118,1.052223659466854,78.21084168255817,True,10
118,0.5,0.9829726164813845,0.17280279376606628,82.42038579013266,True,10
119,0.5,0.763125803115302,0.4730794307056745,38.00767464886833,True,10
120,0.5,2.1950878704138996,0.29102369599013284,86.74204801034874,True,10
121,0.5,0.7211188723576586,0.4001879759914924,44.50457596774582,True,10
122,0.5,2.133867990158363,0.4872236953883261,77.1671116659767,True,10
123,0.5,3.2745150389698203,0.703143269935556,78.5267967449382,True,10
124,0.5,2.6738623868792892,0.07875387605965559,97.05467729206622,True,10
125,0.5,3.7823764563001148,0.17845204456387023,95.28201260171679,True,10
126,0.5,2.5201558919719487,0.5488761863614428,78.22054627216085,True,10
127,0.5,2.469464406691848,0.29044349329359326,88.23860378361647,True,10
128,0.5,2.7755366763371834,0.370789553382863,86.64079792048773,True,10
129,0.5,2.953158025909481,0.133053850043393,95.49452318920805,True,10
130,0.5,1.1385476321925696,0.46269315569555364,59.3611068511453,True,10
131,0.5,0.5534319414257722,0.37661985829679356,31.948297504019862,True,10
132,0.5,0.6502955794874161,0.38142663996245324,41.34565080957401,True,10
133,0.5,0.4725881206330642,0.21175024579474086,55.19348952083541,True,10
134,0.5,1.4403084190145286,0.32451522584737585,77.46904610406902,True,10
135,0.5,2.088302368410394,0.3933492409786873,81.16416248294048,True,10
136,0.5,4.507086351837226,0.36589461070393947,91.8817927560942,True,10
137,0.5,3.1047256919003576,0.39376794046950103,87.31714233251695,True,10
138,0.5,3.701286390630919,0.28148254234403614,92.39500777198559,True,10
139,0.5,2.2192840475803464,0.20479428044803377,90.77205639037878,True,10
140,0.5,1.5315781448180938,0.7377959027136056,51.8277336869916,True,10
141,0.5,1.282831259462293,0.2489523341269111,80.59352449586697,True,10
142,0.5,2.9300866579111022,0.9545244076525727,67.4233386553466,True,10
143,0.5,0.8363287383034981,0.1749232858516896,79.08438657667996,True,10
144,0.5,4.381032733523162,0.322757416669079,92.63284626477734,True,10
145,0.5,2.1309507352279042,0.238409209390947,88.81207315356123,True,10
146,0.5,1.0371018473195561,0.24115205508993476,76.74750500992695,True,10
147,0.5,2.2300707309772716,0.3365614135964652,84.90803861413957,True,10
148,0.5,1.4139450785658354,0.7800254787899501,44.83339624611657,True,10
149,0.5,2.446096341971429,0.27716971730952683,88.66889612834538,True,10
150,0.5,1.007246891658687,0.26450838728551845,73.73946849814166,True,10
1,0.75,1.9437504562306107,0.24312517300649214,87.49195544998257,True,10
2,0.75,1.9410847589147298,0.44388810117303534,77.13195680227713,True,10
3,0.75,2.748650032149147,0.3815017300904264,86.12039635354621,True,10
4,0.75,1.1589008554986968,0.2342771932631106,79.78453530761294,True,10
5,0.75,1.4176460064879433,0.19811615577132927,86.02499108630514,True,10
6,0.75,1.9259550727349046,0.7926342357903621,58.844614445507204,True,10
7,0.75,1.7376375383487124,0.6297899280543648,63.75596669873637,True,10
8,0.75,0.9161712252318658,0.2809468203578653,69.33468192184678,True,10
9,0.75,2.385303886655961,0.10053034103448355,95.78542836420642,True,10
10,0.75,2.2618131399755828,0.27577279618240125,87.8074456590442,True,10
11,0.75,3.184320315150339,0.5353427518826303,83.18816265638918,True,10
12,0.75,2.1735553752736694,0.08582396344521015,96.05144803663424,True,10
13,0.75,3.8524796176046596,0.445545447655963,88.43483958695185,True,10
14,0.75,1.4438026634318182,0.4338843215134921,69.9485024856389,True,10
15,0.75,3.17680831384397,1.2502279268905532,60.6451569192173,True,10
16,0.75,4.741910181691693,0.4580114889869872,90.3412027761439,True,10
17,0.75,1.1775146890504187,0.2655199822169647,77.45081359188075,True,10
18,0.75,2.5420878385806702,0.197048103375269,92.24857220176597,True,10
19,0.75,1.3598074286902397,0.47191739219081696,65.29527768168131,True,10
20,0.75,0.6765489886045843,0.16903270737959544,75.01545191454152,True,10
21,0.75,2.476030644600714,0.6257356608026217,74.72827478257935,True,10
22,0.75,1.92340181778447,0.4179962371181662,78.26786721041742,True,10
23,0.75,0.5244455154905451,0.5500309845456214,-4.87857523791479,False,10
24,0.75,4.298062580578309,0.7979831399821958,81.43388736152775,True,10
25,0.75,2.2006594187707056,0.36532472576540276,83.39930646926393,True,10
26,0.75,3.0289860935079966,0.33185533566606046,89.04401256983901,True,10
27,0.75,1.0286947318615665,0.20968559065204873,79.616344464738,True,10
28,0.75,0.8232947869295771,0.7533138276087021,8.500109612240387,True,10
29,0.75,2.8192776106422848,0.12033448953511032,95.73172613151439,True,10
30,0.75,1.8406290849117868,0.12807298503987022,93.04189061828238,True,10
31,0.75,1.5851397719557287,0.18164792899201657,88.54057337998016,True,10
32,0.75,4.328947154298936,0.223470790495424,94.83775655996396,True,10
33,0.75,1.6776986451110578,0.6486368128716715,61.337704196051604,True,10
34,0.75,2.47325235830909,0.4921538941110698,80.10094309795606,True,10
35,0.75,1.1018772998077162,0.5779562282280608,47.548041117743566,True,10
36,0.75,2.045770945534681,0.6440431057001756,68.51831789350938,True,10
37,0.75,1.9759236791132477,0.5259026748554296,73.38446416657938,True,10
38,0.75,1.1929455773569944,0.5803778806063099,51.34917370730742,True,10
39,0.75,2.340941961222684,0.4415851547701357,81.13643302205178,True,10
40,0.75,3.666017670337657,0.5901939773531566,83.9009511021043,True,10
41,0.75,1.68772267625804,0.4286440451787829,74.60222279354818,True,10
42,0.75,5.663964613460572,0.2790208879451183,95.07375298069452,True,10
43,0.75,2.2924597887639586,0.15567190768642325,93.20939418656683,True,10
44,0.75,1.3191308653129312,0.37037531769341786,71.92277677426982,True,10
45,0.75,4.910685360974527,0.1281375417774031,97.39063832523829,True,10
46,0.75,1.3867507673338335,0.7784077950460732,43.86822683771506,True,10
47,0.75,0.8805314429670031,0.2442852453991496,72.25706732561237,True,10
48,0.75,1.860300867467664,0.23470947071099463,87.38325209564123,True,10
49,0.75,1.9500178777728596,0.9371092782836871,51.94355451992206,True,10
50,0.75,2.3598812160724814,0.5320074842092555,77.4561753114562,True,10
51,0.75,2.1523712374190005,0.38544013752107814,82.09230216329802,True,10
52,0.75,2.2706387417894223,0.3336342838367083,85.3065889480164,True,10
53,0.75,1.5821739161576955,0.32807274102062534,79.2644324577573,True,10
54,0.75,1.3381313122724352,0.24911631325856468,81.38326851977541,True,10
55,0.75,1.5516746904037237,0.3344467008567822,78.44608132586323,True,10
56,0.75,1.8658568653758747,0.1287963174860142,93.09720269137213,True,10
57,0.75,1.9004760527079745,0.3583798474274761,81.14262755814138,True,10
58,0.75,4.085839994124648,0.3454610676661505,91.54491932716611,True,10
59,0.75,2.221634049285286,0.22557636128781203,89.84637630304678,True,10
60,0.75,1.4366819817981784,0.2700963664026955,81.19998929306279,True,10
61,0.75,1.439584945192444,0.17262036730652658,88.00901830190712,True,10
62,0.75,2.029319811286021,0.3054519046532559,84.94806471831146,True,10
63,0.75,1.6078826216416993,0.1703240539989281,89.40693482805219,True,10
64,0.75,1.2069402450410527,0.19294576470686262,84.01364396459414,True,10
65,0.75,1.9897358518845714,0.2637978293024156,86.74206784520868,True,10
66,0.75,1.1588626068273005,0.5519263023553634,52.37344797357723,True,10
67,0.75,1.2928594056047835,0.597618243817527,53.77546535789259,True,10
68,0.75,3.948401061041121,0.47249230696467853,88.0333253977981,True,10
69,0.75,1.3359743637322667,0.5417127087302896,59.451863491083394,True,10
70,0.75,1.5325402158125137,0.5430787121988101,64.56349356477516,True,10
71,0.75,1.690912020657747,0.40173646292210224,76.24143314293603,True,10
72,0.75,2.122491930800958,0.40605817730513083,80.86879995101333,True,10
73,0.75,3.894307252166115,0.4640504401028738,88.0838770529789,True,10
74,0.75,0.7804752454380839,0.3396656875954152,56.479633456566646,True,10
75,0.75,0.9589408598593778,0.4467709039642716,53.40996273432468,True,10
76,0.75,2.064009250587018,0.8467857367874979,58.97374313866731,True,10
77,0.75,1.9849466157342135,0.3455932640025274,82.58929175912895,True,10
78,0.75,3.8379375244079394,0.27234203203388857,92.90394827164621,True,10
79,0.75,0.8331173590907555,0.48077907950474086,42.29155421398832,True,10
80,0.75,3.152837640261058,0.3511069782801009,88.86377865461448,True,10
81,0.75,2.4868906457161777,0.42242554777451263,83.01390740673835,True,10
82,0.75,2.072512914366652,0.3295754868073635,84.09778368459142,True,10
83,0.75,0.7318611427621169,0.3920606312742851,46.42964240530531,True,10
84,0.75,2.774590490073385,0.31138582636681855,88.77723298335881,True,10
85,0.75,0.9467620617772684,0.20194725547743567,78.66969287950356,True,10
86,0.75,1.5085517447250396,0.4338052155550339,71.2435972400733,True,10
87,0.75,1.5868768056426434,0.11072858570111409,93.02223176321039,True,10
88,0.75,1.5522807798052445,0.6099939659054859,60.703374425468425,True,10
89,0.75,1.2215133979192154,0.49215553184060135,59.70936277252769,True,10
90,0.75,1.8207106947950056,0.4054374734998294,77.73191124439032,True,10
91,0.75,1.8237719319588164,0.7997956042371772,56.14607340852322,True,10
92,0.75,4.722996000973724,0.279479427835183,94.0825817388462,True,10
93,0.75,1.7277714077702222,0.22814384946493918,86.79548414570822,True,10
94,0.75,2.7365390663407476,0.44582667070804427,83.70837543700058,True,10
95,0.75,0.8997289596280023,0.2462316774281823,72.63268289930468,True,10
96,0.75,4.273779273776077,0.6902623892519176,83.84889941585497,True,10
97,0.75,0.7529954475959018,0.36257286131395844,51.849262505962095,True,10
98,0.75,1.6488889088527523,0.2515797827700864,84.74246618923964,True,10
99,0.75,2.547283910091005,0.5826301566089386,77.12739619243607,True,10
100,0.75,2.656010680862247,0.3094585635464844,88.34874551611284,True,10
101,0.75,1.0460209179075362,0.40522416761809626,61.260414521278584,True,10
102,0.75,1.09109067598239,0.414472707753458,62.01299150684452,True,10
103,0.75,1.2809694593847532,0.2908904784930791,77.29138065221375,True,10
104,0.75,1.867898846445222,0.6295717227317085,66.2951918445777,True,10
105,0.75,1.8756136239459635,0.25137041511843733,86.59796389249946,True,10
106,0.75,4.55864966093495,0.2894231150088789,93.65112178965909,True,10
107,0.75,1.7279114975901615,0.16314772511752096,90.55809713952043,True,10
108,0.75,2.1359058592951343,0.4051643418549263,81.03079589899933,True,10
109,0.75,0.665419055086829,0.4347603065051999,34.66368250478353,True,10
110,0.75,2.8570717500690592,0.5383766794422148,81.15634724857009,True,10
111,0.75,1.6187889974336749,0.6780323530541725,58.114840530230815,True,10
112,0.75,2.980486881656066,0.38528833766889864,87.07297320983952,True,10
113,0.75,3.088081422580635,0.4447341392200982,85.59836745339297,True,10
114,0.75,1.4267148722882586,0.1616788372691912,88.6677541245589,True,10
115,0.75,1.9827283487848775,0.7261861880124273,63.37439829024115,True,10
116,0.75,2.575122531218055,0.6923105947844941,73.11543095943378,True,10
117,0.75,4.829115673663118,1.0599475963321359,78.05089652101636,True,10
118,0.75,0.9829726164813845,0.18413019197037359,81.26802426811443,True,10
119,0.75,0.763125803115302,0.49204266659287477,35.52273234842628,True,10
120,0.75,2.1950878704138996,0.2913031018590243,86.72931932314413,True,10
121,0.75,0.7211188723576586,0.39180843640739443,45.66659514451504,True,10
122,0.75,2.133867990158363,0.4893948395386543,77.06536478377305,True,10
123,0.75,3.2745150389698203,0.701635965622179,78.57282812043772,True,10
124,0.75,2.6738623868792892,0.07647088601077474,97.14005902525054,True,10
125,0.75,3.7823764563001148,0.18467014373119614,95.11761597861047,True,10
126,0.75,2.5201558919719487,0.551199177661771,78.12836977991573,True,10
127,0.75,2.469464406691848,0.28813515728013794,88.3320789520457,True,10
128,0.75,2.7755366763371834,0.3843912848090878,86.15074021229073,True,10
129,0.75,2.953158025909481,0.13464893822087456,95.44051022534065,True,10
130,0.75,1.1385476321925696,0.4734365934616923,58.417497865243725,True,10
131,0.75,0.5534319414257722,0.36279816573863577,34.4457486851985,True,10
132,0.75,0.6502955794874161,0.36916889990633556,43.23059981472942,True,10
133,0.75,0.4725881206330642,0.20676748465545444,56.24784550689187,True,10
134,0.75,1.4403084190145286,0.3307955877443902,77.03300325282252,True,10
135,0.75,2.088302368410394,0.39011721750299866,81.31893046695369,True,10
136,0.75,4.507086351837226,0.38508280982540993,91.45605875360168,True,10
137,0.75,3.1047256919003576,0.40894261062766785,86.82838191810241,True,10
138,0.75,3.701286390630919,0.30056111812527697,91.87954979960242,True,10
139,0.75,2.2192840475803464,0.20679177977977148,90.68204991581707,True,10
140,0.75,1.5315781448180938,0.749707380938377,51.0500078970884,True,10
141,0.75,1.282831259462293,0.24855238983027686,80.62470118365691,True,10
142,0.75,2.9300866579111022,0.9412268182024632,67.87716787620622,True,10
143,0.75,0.8363287383034981,0.17465850251492512,79.11604677495338,True,10
144,0.75,4.381032733523162,0.3081376053816904,92.96655322787578,True,10
145,0.75,2.1309507352279042,0.26030798393677174,87.7844203700499,True,10
146,0.75,1.0371018473195561,0.25074841596959185,75.82219946694106,True,10
147,0.75,2.2300707309772716,0.3174859193881588,85.76341481110651,True,10
148,0.75,1.4139450785658354,0.7926962380562778,43.937268139133835,True,10
149,0.75,2.446096341971429,0.3020855181253046,87.65030170962773,True,10
150,0.75,1.007246891658687,0.273178320842839,72.87871294465037,True,10
1,1.0,1.9437504562306107,0.260419836016982,86.60219807629025,True,10
2,1.0,1.9410847589147298,0.45143858429916484,76.74297414237766,True,10
3,1.0,2.748650032149147,0.38388839473593783,86.03356592342246,True,10
4,1.0,1.1589008554986968,0.2547945571985096,78.01411950042382,True,10
5,1.0,1.4176460064879433,0.21837227530847347,84.59613512053929,True,10
6,1.0,1.9259550727349046,0.7904750137572912,58.95672620053401,True,10
7,1.0,1.7376375383487124,0.6291844858476652,63.790809535250766,True,10
8,1.0,0.9161712252318658,0.2854059633187702,68.84796690197956,True,10
9,1.0,2.385303886655961,0.12422087542355717,94.79224110108224,True,10
10,1.0,2.2618131399755828,0.28503965242764157,87.39773647124898,True,10
11,1.0,3.184320315150339,0.5142879254348424,83.84936581323284,True,10
12,1.0,2.1735553752736694,0.09350300754380222,95.6981538815394,True,10
13,1.0,3.8524796176046596,0.440838545139938,88.55701810528886,True,10
14,1.0,1.4438026634318182,0.450754393617039,68.78005526422653,True,10
15,1.0,3.17680831384397,1.2635233434488986,60.2266420059817,True,10
16,1.0,4.741910181691693,0.4574864596570479,90.35227488231676,True,10
17,1.0,1.1775146890504187,0.272557099969283,76.85318896623865,True,10
18,1.0,2.5420878385806702,0.19667083322791518,92.26341315814945,True,10
19,1.0,1.3598074286902397,0.4833284701032347,64.4561090117904,True,10
20,1.0,0.6765489886045843,0.17636285028038134,73.93199114167055,True,10
21,1.0,2.476030644600714,0.6185086259028082,75.02015464745796,True,10
22,1.0,1.92340181778447,0.4417028479627306,77.03533167752126,True,10
23,1.0,0.5244455154905451,0.5511830138337784,-5.098241390857196,False,10
24,1.0,4.298062580578309,0.7968705666753557,81.45977282238324,True,10
25,1.0,2.2006594187707056,0.3518151382542394,84.01319462460191,True,10
26,1.0,3.0289860935079966,0.3429621781566991,88.67732741025893,True,10
27,1.0,1.0286947318615665,0.20219081306506706,80.34491605695554,True,10
28,1.0,0.8232947869295771,0.7631686437526242,7.30311233977193,True,10
29,1.0,2.8192776106422848,0.12438942407274672,95.5878972825096,True,10
30,1.0,1.8406290849117868,0.13857063803958866,92.47156099099512,True,10
31,1.0,1.5851397719557287,0.196283783076656,87.61725706784311,True,10
32,1.0,4.328947154298936,0.23749017986170076,94.51390438837173,True,10
33,1.0,1.6776986451110578,0.6726521335428438,59.90625995300148,True,10
34,1.0,2.47325235830909,0.5120377440873991,79.2969875327454,True,10
35,1.0,1.1018772998077162,0.5871744748289432,46.71144646219606,True,10
36,1.0,2.045770945534681,0.6523799064777669,68.11080400268068,True,10
37,1.0,1.9759236791132477,0.5258571590542193,73.3867676867857,True,10
38,1.0,1.1929455773569944,0.5885338157304961,50.6654933048656,True,10
39,1.0,2.340941961222684,0.43113554530522696,81.58281783799359,True,10
40,1.0,3.666017670337657,0.594365248146588,83.78716903206187,True,10
41,1.0,1.68772267625804,0.4339317877012834,74.28891643125979,True,10
42,1.0,5.663964613460572,0.27629388306446034,95.12189955410668,True,10
43,1.0,2.2924597887639586,0.16204295298950266,92.93148111981182,True,10
44,1.0,1.3191308653129312,0.375613317676299,71.52569714247464,True,10
45,1.0,4.910685360974527,0.13321761465835485,97.28718895905973,True,10
46,1.0,1.3867507673338335,0.799322399005854,42.360053599059405,True,10
47,1.0,0.8805314429670031,0.24238816035188854,72.47251506032002,True,10
48,1.0,1.860300867467664,0.2293006131664777,87.67400385731081,True,10
49,1.0,1.9500178777728596,0.9506324451136309,51.25006514302523,True,10
50,1.0,2.3598812160724814,0.5404402887832515,77.0988350980352,True,10
51,1.0,2.1523712374190005,0.38880218194155824,81.93610027943936,True,10
52,1.0,2.2706387417894223,0.3463968584773931,84.74451914775275,True,10
53,1.0,1.5821739161576955,0.3281932307734957,79.2568170021086,True,10
54,1.0,1.3381313122724352,0.25117021259932903,81.22977840098609,True,10
55,1.0,1.5516746904037237,0.33144938029135323,78.63924814001349,True,10
56,1.0,1.8658568653758747,0.12976164047663746,93.04546651543406,True,10
57,1.0,1.9004760527079745,0.372980625416104,80.37435805178146,True,10
58,1.0,4.085839994124648,0.3676385290717259,91.00213102812684,True,10
59,1.0,2.221634049285286,0.235885968298,89.38232116248462,True,10
60,1.0,1.4366819817981784,0.2735960805382816,80.9563922980475,True,10
61,1.0,1.439584945192444,0.17818759601148956,87.62229373080382,True,10
62,1.0,2.029319811286021,0.3130736902683475,84.57248145279051,True,10
63,1.0,1.6078826216416993,0.19289032642282278,88.00345722837183,True,10
64,1.0,1.2069402450410527,0.19192254001599984,84.09842236974443,True,10
65,1.0,1.9897358518845714,0.2668496657875072,86.5886888686877,True,10
66,1.0,1.1588626068273005,0.5491996689859617,52.608733274296924,True,10
67,1.0,1.2928594056047835,0.5918282296824579,54.22331097126466,True,10
68,1.0,3.948401061041121,0.4771445068185885,87.91550049141223,True,10
69,1.0,1.3359743637322667,0.5372252176780261,59.78775998536394,True,10
70,1.0,1.5325402158125137,0.5370620074006454,64.95609042690545,True,10
71,1.0,1.690912020657747,0.4046826935876538,76.06719399686826,True,10
72,1.0,2.122491930800958,0.3892942677221329,81.658622015339,True,10
73,1.0,3.894307252166115,0.4562615852026438,88.28388322598688,True,10
74,1.0,0.7804752454380839,0.33688639471880133,56.835736086708856,True,10
75,1.0,0.9589408598593778,0.44357795536796074,53.742928898346406,True,10
76,1.0,2.064009250587018,0.8503609522880421,58.80052610974521,True,10
77,1.0,1.9849466157342135,0.33231587920478545,83.2581956325377,True,10
78,1.0,3.8379375244079394,0.26763425109338657,93.02661261702863,True,10
79,1.0,0.8331173590907555,0.465860169899844,44.08228746928611,True,10
80,1.0,3.152837640261058,0.36899790245522607,88.296323992609,True,10
81,1.0,2.4868906457161777,0.4061503138909254,83.66834848204748,True,10
82,1.0,2.072512914366652,0.34368795282448983,83.41684867476356,True,10
83,1.0,0.7318611427621169,0.38180563361480907,47.830864175431344,True,10
84,1.0,2.774590490073385,0.33568749937617964,87.90136776662487,True,10
85,1.0,0.9467620617772684,0.2007569623550649,78.79541539949304,True,10
86,1.0,1.5085517447250396,0.43080195401155097,71.44267967486444,True,10
87,1.0,1.5868768056426434,0.10256091792918785,93.536932573184,True,10
88,1.0,1.5522807798052445,0.5974812213980926,61.509462130101554,True,10
89,1.0,1.2215133979192154,0.49455666352492206,59.51279254346504,True,10
90,1.0,1.8207106947950056,0.4085620080104297,77.56030053657537,True,10
91,1.0,1.8237719319588164,0.8287935841508441,54.55607306881398,True,10
92,1.0,4.722996000973724,0.28211398840386737,94.02680018476185,True,10
93,1.0,1.7277714077702222,0.22826179520578466,86.78865767894791,True,10
94,1.0,2.7365390663407476,0.42186282040019196,84.5840746222454,True,10
95,1.0,0.8997289596280023,0.24013599690296406,73.3101847691721,True,10
96,1.0,4.273779273776077,0.689005629731195,83.87830569634386,True,10
97,1.0,0.7529954475959018,0.37690151287430945,49.946375628478535,True,10
98,1.0,1.6488889088527523,0.2451277935359336,85.13375933212588,True,10
99,1.0,2.547283910091005,0.5976868014503767,76.53630994634503,True,10
100,1.0,2.656010680862247,0.31073350768001934,88.30074329448318,True,10
101,1.0,1.0460209179075362,0.4369572618229797,58.22671857298317,True,10
102,1.0,1.09109067598239,0.4275620211358043,60.81333746612412,True,10
103,1.0,1.2809694593847532,0.2887967149157948,77.45483213514682,True,10
104,1.0,1.867898846445222,0.6257578711123609,66.49937054657784,True,10
105,1.0,1.8756136239459635,0.2574528713237702,86.27367235784232,True,10
106,1.0,4.55864966093495,0.27825557568759257,93.89609651138394,True,10
107,1.0,1.7279114975901615,0.1624371045978436,90.59922311852272,True,10
108,1.0,2.1359058592951343,0.41751421652211973,80.45259276268371,True,10
109,1.0,0.665419055086829,0.4496284368773834,32.429281452014855,True,10
110,1.0,2.8570717500690592,0.5537647576367826,80.61775110746179,True,10
111,1.0,1.6187889974336749,0.6618661716364905,59.113499493400866,True,10
112,1.0,2.980486881656066,0.39425315184625664,86.77218966227439,True,10
113,1.0,3.088081422580635,0.4630183332688791,85.00627833569408,True,10
114,1.0,1.4267148722882586,0.179533001101677,87.4163363269824,True,10
115,1.0,1.9827283487848775,0.738280105995388,62.76443485322406,True,10
116,1.0,2.575122531218055,0.6959612379830504,72.97366515395075,True,10
117,1.0,4.829115673663118,1.0681953954310173,77.88010336433422,True,10
118,1.0,0.9829726164813845,0.19500123907957811,80.16208836238002,True,10
119,1.0,0.763125803115302,0.5125467524177585,32.83587708273089,True,10
120,1.0,2.1950878704138996,0.2922146531312239,86.68779245378798,True,10
121,1.0,0.7211188723576586,0.3837618016964201,46.782449273344916,True,10
122,1.0,2.133867990158363,0.49124620525089574,76.97860376009304,True,10
123,1.0,3.2745150389698203,0.7008455227669534,78.59696735466991,True,10
124,1.0,2.6738623868792892,0.09239510221682187,96.54450794961599,True,10
125,1.0,3.7823764563001148,0.19008064974831396,94.97457083015345,True,10
126,1.0,2.5201558919719487,0.5532316405529162,78.04772147964114,True,10
127,1.0,2.469464406691848,0.28518086167373957,88.45171200277495,True,10
128,1.0,2.7755366763371834,0.39786947121528815,85.66513371603693,True,10
129,1.0,2.953158025909481,0.1372429963989646,95.35267008419916,True,10
130,1.0,1.1385476321925696,0.484374252029948,57.45683023404481,True,10
131,1.0,0.5534319414257722,0.3563231592074409,35.61572209051257,True,10
132,1.0,0.6502955794874161,0.35666467009718517,45.15345308385462,True,10
133,1.0,0.4725881206330642,0.2044117914242824,56.74631195755433,True,10
134,1.0,1.4403084190145286,0.33682566742422126,76.61433738930164,True,10
135,1.0,2.088302368410394,0.3869685688696243,81.4697059811227,True,10
136,1.0,4.507086351837226,0.4043330829679135,91.02894749724297,True,10
137,1.0,3.1047256919003576,0.4253338424070706,86.30043731345779,True,10
138,1.0,3.701286390630919,0.3186589171242086,91.3905900950861,True,10
139,1.0,2.2192840475803464,0.2108223224250877,90.50043536991382,True,10
140,1.0,1.5315781448180938,0.7616719706662284,50.26881434399859,True,10
141,1.0,1.282831259462293,0.24772341957910912,80.68932154935608,True,10
142,1.0,2.9300866579111022,0.9259747163060027,68.39770203362716,True,10
143,1.0,0.8363287383034981,0.1750900026550441,79.06445221406405,True,10
144,1.0,4.381032733523162,0.29428985344132697,93.28263742040878,True,10
145,1.0,2.1309507352279042,0.2863091339729177,86.56425372770069,True,10
146,1.0,1.0371018473195561,0.2614920444061706,74.786271465815,True,10
147,1.0,2.2300707309772716,0.32595556188506225,85.3836222610652,True,10
148,1.0,1.4139450785658354,0.80511926707789,43.05866053195485,True,10
149,1.0,2.446096341971429,0.3280556045664378,86.58860655087518,True,10
150,1.0,1.007246891658687,0.28248457317923387,71.95478332883694,True,10
