split,assembly_id,assembly_index,component_index,sequence_length,nonlinearity_strength,state_mean_gap,state_max_gap,state_parallelism,state_rms,state_quality,state_signed_mean,state_signed_end_difference,state_estimated_angle_deg,component_profile_rms,component_parallelism,lsq_z_adj_mm,lsq_theta_adj_deg,lsq_locator_offset_mm,lsq_utilization,state_profile_p000,state_profile_p010,state_profile_p020,state_profile_p030,state_profile_p040,state_profile_p050,state_profile_p060,state_profile_p070,state_profile_p080,state_profile_p090,state_profile_p100,pre_correction_quality,lsq_true_quality,reference_true_quality,reference_gain_over_lsq,reference_relative_gain_percent,reference_beats_lsq,reference_z_adj_mm,reference_theta_adj_deg,reference_locator_offset_mm,target_delta_z_mm,target_delta_theta_deg,target_delta_locator_mm,reference_utilization,lsq_solver_success,reference_optimizer_success,reference_evaluations
train,TRAIN_0001,1,1,10,1.0,0.5781157764236207,0.9667184376837628,0.21472573450352345,0.6108661803905845,0.5889546026223306,0.5781157764236207,-0.21472573450352345,-0.012302878150815022,0.6068523221820947,0.17738345738172534,-0.47139083241500274,0.016547364205845662,-0.3583663653835199,0.3583663653835199,0.4787483380695128,0.7193638955998919,0.4788262758161701,0.4987748212813152,0.8640600665966147,0.8584158405470877,0.5090232952631077,0.6540395821670324,0.5844630370938506,0.23713431078377917,0.26402260356598933,0.5889546026223306,0.15734140195752247,0.11518640198572448,0.04215499997179799,26.79205819151058,True,-0.45379470101527564,0.011214942028337364,-0.32874557793128484,0.0175961313997271,-0.005332422177508298,0.029620787452235064,0.32874557793128484,True,False,1071
train,TRAIN_0001,1,2,10,1.0,0.45341529816084064,0.8071083886057918,0.280976748234442,0.4831042787947906,0.5107605583798014,-0.45341529816084064,-0.280976748234442,-0.01609878139148827,0.40999749192526797,0.37840789573371164,0.4572198166455835,0.02007334514454908,-0.012775002826908157,0.1828879266582334,-0.43752896715530915,-0.1963514266606134,-0.4270433461975474,-0.47556278499033994,-0.3109773948129214,-0.4327409205946707,-0.6569646019837038,-0.35797623733385225,-0.35330762040406305,-0.7125653020856172,-0.7185057153897512,0.5107605583798014,0.1809410315499608,0.12437178082922576,0.05656925072073504,31.263915230369037,True,0.3997141828226753,0.014764727979402448,-0.027037621695974547,-0.057505633822908186,-0.005308617165146632,-0.01426261886906639,0.15988567312907012,True,False,575
train,TRAIN_0001,1,3,10,1.0,0.5842906844070941,1.2477574705964842,0.8053564395767856,0.6719177946879621,0.8584131578429053,-0.5706830696332081,0.8053564395767856,0.04614351501522176,0.6595280673501807,0.7047394704738027,0.5815086720534532,-0.03204136208608085,-0.036350750318660065,0.2326034688213813,-1.049738177705039,-0.4792473104103164,-1.0645339014684796,-1.011600035499859,-0.28677376007837807,-0.47139147257084935,-0.9433201284920915,-0.13489531398236598,0.03851408642239207,-0.638336688057222,-0.24438173812825337,0.8584131578429053,0.3637657033447645,0.3440182678797084,0.019747435465056085,5.428613880715454,True,0.31907409605314196,-0.04149833815322685,0.33218265470829617,-0.2624345760003113,-0.009456976067146003,0.36853340502695625,0.33218265470829617,True,False,419
train,TRAIN_0001,1,4,10,1.0,0.4101037816108019,0.971275179395838,1.4630495727229387,0.4702119230113929,0.9003497524200129,0.07873133924368789,1.4630495727229387,0.08382650592487231,0.41647342779814805,1.2636194712153141,0.024316319404641035,-0.07254549040293183,-0.34601859231803633,0.34601859231803633,-0.971275179395838,-0.303602676478898,-0.569714480700666,-0.3784324972670437,0.3080189834562373,0.38191910094568393,-0.012989449982976086,0.6398913622318374,0.7947579799783211,0.2179294069388616,0.49177439332710077,0.9003497524200129,0.27025996547980363,0.23641213602922542,0.03384782945057821,12.52417441498846,True,-0.0010550303243423132,-0.07627882502564425,-0.3661454450214513,-0.025371349728983347,-0.0037333346227124142,-0.020126852703414966,0.3661454450214513,True,False,559
train,TRAIN_0001,1,5,10,1.0,0.41014660852843926,0.9070660815607318,0.35223758417765927,0.4743681256801785,0.5482718948480669,0.40551627875254465,0.35223758417765927,0.020181726124606197,0.4503884842448416,0.3008022309940306,-0.30799004589993945,-0.013074119270156864,-0.327478472081585,0.327478472081585,-0.1742685960081867,0.3514624115066116,0.17615536147900768,0.2592686433574907,0.6170667873055277,0.6624428580526199,0.26879488018640824,0.7374686897446396,0.754733520296412,0.16963354878751116,0.17796898816947254,0.5482718948480669,0.24566112320996156,0.20637961044930725,0.03928151276065431,15.990121777258667,True,-0.3154580784596429,-0.018443763843348615,-0.31465104832766344,-0.007468032559703464,-0.005369644573191751,0.01282742375392154,0.31465104832766344,True,False,655
train,TRAIN_0001,1,6,10,1.0,0.43375636557075803,1.0012121310338313,1.5229117940165269,0.5145771154272247,0.9388217987290572,0.07210188673698162,-1.5229117940165269,-0.08725635091115415,0.5225569687163374,1.6599082843325312,-0.24704729398258954,0.09005404127699002,0.587440455626621,0.587440455626621,0.8406733900773742,0.9196473270480712,0.6519669702682677,0.38089660603340403,-0.060217815555664675,-0.2670839719800251,-0.4592067129753422,-0.10449893000895617,-0.07592389637451906,-0.4327870273602189,-0.6822384039391526,0.9388217987290572,0.18427075494030884,0.09645640873614758,0.08781434620416126,47.655064002210835,True,-0.24232244660443902,0.0793696879007627,0.49018226181548724,0.004724847378150515,-0.01068435337622732,-0.09725819381113371,0.49018226181548724,True,False,695
train,TRAIN_0001,1,7,10,1.0,0.25799213545577293,0.7606683542689681,0.9158798227523075,0.3180025184151587,0.6121623455846303,0.015201569228753513,0.9158798227523075,0.052476033711974304,0.28421733820368655,0.6829299239931286,0.025138086804891335,-0.055222428098062507,-0.13545451860280514,0.13545451860280514,-0.7606683542689681,-0.5690346201850508,-0.1423908836272425,0.03920633850505392,-0.2291147339561237,0.08266868881009512,0.24826249259016803,0.23684200166053665,0.3161080017373082,0.4180307908061748,0.1552114684833395,0.6121623455846303,0.19080799301868034,0.1544950031915421,0.03631298982713824,19.031168062012554,True,0.03300386248736742,-0.050209375688398915,-0.23478335772342973,0.007865775682476085,0.005013052409663592,-0.0993288391206246,0.23478335772342973,True,False,863
train,TRAIN_0001,1,8,10,1.0,0.5892789770129964,1.0652027446032992,0.7739600244596583,0.6371736632174165,0.7922498901445277,0.5873346609663528,0.7739600244596583,0.044344634059027825,0.6429804875424647,0.8943126384086963,-0.5924294327838412,-0.04053824193160871,0.017107480127084254,0.23697177311353648,-0.09818796035549873,0.2724589283737553,0.4179458128218734,0.6017843555488673,0.4621993978176806,0.48833320182536866,0.6036092459182215,0.9105851327613343,0.9791089042264429,0.8111849430554072,0.6757720641041596,0.7922498901445277,0.16387941483425691,0.13841758716844763,0.02546182766580929,15.53692859567547,True,-0.5238505217181864,-0.0402526899911614,-0.08155400990198482,0.06857891106565484,0.00028555194044731225,-0.09866149002906907,0.20954020868727455,True,False,483
train,TRAIN_0001,1,9,10,1.0,0.3606420253398309,0.9408834180794783,1.3549587677215222,0.43310357419347145,0.8402556207615965,0.06490806061634728,-1.3549587677215222,-0.07763337129533467,0.40277516889821025,1.3487328383444028,-0.08929122235548052,0.07641037932199408,0.08187500242029729,0.08187500242029729,0.41407534964204407,0.4237896808992952,0.65248482848847,0.6822874411197604,0.014253266907506003,-0.14689182561535555,0.01741229943037509,-0.09399058332561767,-0.2559633279939516,-0.44855920098817054,-0.9408834180794783,0.8402556207615965,0.22013678984145302,0.16706893092137504,0.05306785892007798,24.106765142845287,True,-0.07455739066867866,0.07078554362261241,0.004231342553576571,0.014733831686801868,-0.005624835699381672,-0.07764365986672071,0.05898795301884368,True,False,703
train,TRAIN_0001,1,10,10,1.0,0.5779313790322053,1.5006988885776904,1.113978487085786,0.7047456750588448,1.028257193914589,-0.5779313790322053,1.113978487085786,0.06382623937671011,0.6502262737037936,0.9942693775305121,0.5515306151784469,-0.06653434686330853,0.08864980791047283,0.22061224607137878,-1.5006988885776904,-1.2593106967668264,-0.6457330804453899,-0.35982446821037417,-0.9086594255480691,-0.8205664767892259,-0.30446456579036435,-0.2489209608561426,-0.20150832462025234,-0.04572526121311081,-0.3867204014919043,1.028257193914589,0.298499637035502,0.20257739179056547,0.0959222452449365,32.13479460061387,True,0.49242025493050223,-0.056916413062512196,0.0032894019665950995,-0.05911036024794469,0.009617933800796334,-0.08536040594387774,0.19696810197220088,True,False,815
train,TRAIN_0002,2,1,10,1.0,0.4820411358561661,1.0958335050620354,1.6969559042346456,0.5920123498114175,1.0416503985269958,0.24812149563750208,-1.6969559042346456,-0.09722831800437846,0.5890494087489817,1.678687671605616,-0.2418115484184265,0.10276623959209548,-0.021187856987578746,0.0967246193673706,0.9976016157050688,1.0371142454923743,0.6881885636349098,0.5417359794269355,0.5965001629073364,0.2025784108009944,-0.09068220613492303,0.07221995696085033,-0.11945235740146731,-0.6437581136206764,-0.6993542885295768,1.0416503985269958,0.21910015611268485,0.11566464579117929,0.10343551032150557,47.209236249155346,True,-0.22624277380730626,0.08807544939656904,0.04954595106453589,0.015568774611120245,-0.014690790195526438,0.07073380805211463,0.0904971095229225,True,False,571
train,TRAIN_0002,2,2,10,1.0,0.7061941955987351,1.1836770955673883,1.8662663124987429,0.7928151518677696,1.2061227962862369,0.5530564802410015,1.8662663124987429,0.10692905901088291,0.7769141460901007,1.5746679967837514,-0.4340274503835641,-0.1056647060116525,-0.39968164145105417,0.39968164145105417,-0.7485304000544003,-0.35095343786317534,-0.03305569060934424,0.30891565862488024,0.5767532703327879,0.7379181435214444,0.8703760529190938,1.0837365833757715,1.1304593571840973,1.070503032776256,1.1177359124443424,1.2061227962862369,0.23189135782560708,0.12009627009416034,0.11179508773144674,48.21011389976929,True,-0.34534298678417186,-0.09655673060386169,-0.39404461472190383,0.08868446359939225,0.009107975407790805,0.005637026729150341,0.39404461472190383,True,False,647
train,TRAIN_0002,2,3,10,1.0,0.21805711053512553,0.7170041008852255,0.13593247252190005,0.3045565081319158,0.35175375599586683,-0.2090770730130635,-0.13593247252190005,-0.0077883569263127615,0.22539180169977677,0.06617145076545972,0.05211061438346981,0.008658739706050115,0.5270698409705215,0.5270698409705215,-0.21058232059876436,-0.022350756780535885,-0.025036613424121064,-0.05488955416012917,-0.2625043104788716,-0.6714597190313484,-0.5045646030441914,-0.018862102145066797,0.01540405782186984,-0.2190974806410566,-0.3465147931206644,0.35175375599586683,0.12192596368601524,0.11138166814813114,0.010544295537884107,8.648113346094082,True,0.07529742107385469,0.007186586835430179,0.45970088527547365,0.02318680669038488,-0.0014721528706199355,-0.0673689556950478,0.45970088527547365,True,False,519
train,TRAIN_0002,2,4,10,1.0,0.24270577423692558,0.8413883500225613,0.6549855056538394,0.3279486191962758,0.5545187508936255,-0.0610933824844023,-0.6549855056538394,-0.03752789974964285,0.2804628435855741,0.701625002356125,0.12053081812599091,0.045134615601782106,-0.1995820000324665,0.1995820000324665,-0.11905496330151358,0.27991862860509287,0.022372425046943704,0.1097933081128506,0.407046816864463,-0.04219314662210331,-0.2774711892407056,0.112916356764728,-0.042860933794237555,-0.6826950465782344,-0.774040468955353,0.5545187508936255,0.28070526298817566,0.36473359563629293,-0.08402833264811727,-29.93471933999928,False,0.408679918578998,0.03137115874132163,-0.26399757441004945,0.28814910045300707,-0.013763456860460474,-0.06441557437758294,0.26399757441004945,True,False,623
train,TRAIN_0002,2,5,10,1.0,0.4174357509224097,0.7740184366890783,1.0186200362419648,0.47077713770693524,0.7100999809267294,0.2963994611751336,-1.0186200362419648,-0.058362608818709374,0.45593217319776,1.2366157752725626,-0.2837970583059132,0.061207779850415624,-0.042316979908433056,0.11351882332236526,0.3684884418469619,0.6513080164786982,0.6645002645546513,0.6666885184573139,0.5859574939371331,0.20071720066833346,0.10377874708775794,0.39354383026115,0.20800683131886294,-0.28660867089821046,-0.6501315943950029,0.7100999809267294,0.26494683957417153,0.23613317996587369,0.028813659608297848,10.875260733288158,True,-0.09751563137690183,0.05321694936530168,-0.11283528345639682,0.18628142692901134,-0.007990830485113946,-0.07051830354796376,0.11283528345639682,True,False,715
train,TRAIN_0002,2,6,10,1.0,0.22708543434519685,0.45968709441269373,0.10575068335172422,0.25530359339183617,0.263287322972068,0.13944563967895174,0.10575068335172422,0.006059067814091572,0.23181515541348552,0.061425850276578875,-0.2714429186656008,-0.0030664563851639432,0.4432270782652285,0.4432270782652285,-0.09316233604441476,0.2022997064729581,0.297953800632906,0.2890170533228659,0.12517196673852646,-0.27338207162432787,-0.08355945893249365,0.409281387812076,0.4301091022834137,0.19619227317514532,0.012588347307309455,0.263287322972068,0.18800254506146377,0.1548563543455769,0.03314619071588687,17.630713831586892,True,-0.15271772788514787,-0.005535028221900365,0.20275471438532638,0.1187251907804529,-0.002468571836736422,-0.24047236387990212,0.20275471438532638,True,False,511
train,TRAIN_0002,2,7,10,1.0,0.6613036524355045,1.4306496747051975,0.8702592952500292,0.7340273460298593,0.9620665213202053,-0.6613036524355045,-0.8702592952500292,-0.04986217211213265,0.7129852572874493,0.9127516994870847,0.6238300745448766,0.05498140594846444,0.12583065778414662,0.24953202981795064,-0.4505744351797354,-0.2186830641109031,-0.36134197892816916,-0.41913612525407584,-0.3864421621135505,-0.8318703760399,-0.9077425444950865,-0.5869109409666149,-0.7247229117782223,-1.1658609202146328,-1.3208337304297646,0.9620665213202053,0.23264843758275403,0.1501605287996629,0.08248790878309112,35.45603385096873,True,0.62021218687525,0.04453991082130102,0.016402604706484494,-0.0036178876696265627,-0.01044149512716342,-0.10942805307766212,0.24808487475010002,True,False,591
train,TRAIN_0002,2,8,10,1.0,0.6404168948446288,1.4567351208277481,1.3059834607148981,0.7674656172949819,1.0976872046456807,-0.6351771530704464,1.3059834607148981,0.07482729787123889,0.8239719712934025,1.0906448400130595,0.5771514987968089,-0.0786366625730635,0.19484144980544488,0.23086059951872356,-1.447288236815962,-1.307646316080497,-0.8171619132825005,-0.6921199280082687,-0.8259151960024751,-0.869054791739245,-0.454384822353069,-0.286515558248378,-0.2179553114978688,-0.015229096150292713,-0.141304776101064,1.0976872046456807,0.24846022309553972,0.39824827894268966,-0.14978805584714994,-60.2865335871297,False,0.06782006063357104,-0.06445260076873653,0.9245226510893612,-0.5093314381632379,0.014184061804326964,0.7296812012839162,0.9245226510893612,True,False,747
train,TRAIN_0002,2,9,10,1.0,0.1845252384986622,0.6419473371574835,0.23557973120069614,0.24818908345955373,0.3434346004030079,-0.15903731507786822,0.23557973120069614,0.013497724086928248,0.28185686920877706,0.4823005508477031,0.17799378640128213,-0.014750103120334318,-0.0636529893903735,0.07119751456051285,-0.6419473371574835,-0.4436430005589,-0.11089725733416178,0.014721383398892946,-0.036225621452918515,-0.3005683712812559,-0.022642128765649444,0.12139486696338277,-0.04811881404203114,-0.15867696599296188,-0.4063676059567874,0.3434346004030079,0.2006566113081584,0.1705228565826542,0.030133754725504197,15.017573818799463,True,0.22311657195041,-0.012511417260735793,-0.21551258391395067,0.04512278554912785,0.002238685859598525,-0.15185959452357717,0.21551258391395067,True,False,591
train,TRAIN_0002,2,10,10,1.0,0.2519932557860967,0.5911625449564964,0.24390514603187363,0.3005780517207433,0.35617608920441435,0.14452129353818632,0.24390514603187363,0.013974735192030685,0.20702119167669958,0.2896292641477242,-0.07408107414283402,-0.009884966267230965,-0.2365276987120436,0.2365276987120436,-0.5485898802802112,-0.09765108217211244,0.1019414898799629,0.300880638525738,0.48908983126510014,0.08997567704550963,0.195365199269698,0.5668209587041484,0.36390338961260044,-0.11526372985667133,-0.30468473424833753,0.35617608920441435,0.27852896155860907,0.24333435398163708,0.03519460757697199,12.635887980922304,True,0.03576202185647909,-0.013006915461779055,-0.4268520714387105,0.1098430959993131,-0.00312194919454809,-0.1903243727266669,0.4268520714387105,True,False,935
train,TRAIN_0003,3,1,10,1.0,0.3344054419267435,0.7242076110027599,0.7674083094012725,0.4015171209760126,0.587958120796834,-0.1544750436760641,-0.7674083094012725,-0.04396924866057304,0.4017220891585784,0.7652757769830869,-0.0007651983566793114,0.053012891262665604,0.5212734643743626,0.5212734643743626,0.45932857176216463,0.5393623743439685,0.014090084759752255,-0.16361923658055333,-0.013090418732918345,-0.5261867995004671,-0.6498541235805688,-0.13976099133442876,-0.14023643505237893,-0.527675005692228,-0.3080797376391079,0.587958120796834,0.2529284712304791,0.16384866928139025,0.08907980194908888,35.2193651887911,True,0.022924842861664747,0.04057506159997296,0.48906313178430305,0.02369004121834406,-0.012437829662692641,-0.032210332590059565,0.48906313178430305,True,False,515
train,TRAIN_0003,3,2,10,1.0,0.24031872119332404,0.5392900588277902,0.6051282889944511,0.28661526565520473,0.44408264727019003,0.2154546099452893,0.6051282889944511,0.0346712927913744,0.25146194558489615,0.334320321587472,-0.182802988570917,-0.027218884024805202,-0.1096392505473487,0.1096392505473487,-0.1409093511781058,0.034625100495332725,-0.09999873544785884,0.04296717042283714,0.4585983406154052,0.21462809699821514,0.23958361400397735,0.5233112310366325,0.43357673334181784,0.22097229244544703,0.4642189378163453,0.44408264727019003,0.14306779983826698,0.11602301608186626,0.027044783756400723,18.90347358872778,True,-0.18913269849778416,-0.03241736192423386,-0.1159997363016243,-0.006329709926867155,-0.00519847789942866,-0.006360485754275599,0.1159997363016243,True,False,1435
train,TRAIN_0003,3,3,10,1.0,0.44269447599743417,0.9313244376116594,1.5351668656919577,0.47601318321405306,0.9203570521117207,-0.12951532903922008,1.5351668656919577,0.08795851315414974,0.46087723248692364,1.4542135033212937,0.007344059081277977,-0.07928591959451131,0.41023281273008816,0.41023281273008816,-0.6038424280802983,-0.4588587456925367,-0.7137810738176841,-0.555878218852797,-0.13780334456746687,-0.47829864566943686,-0.25508808644330083,0.36357576742507175,0.443387325089486,0.4061181977301327,0.9313244376116594,0.9203570521117207,0.1678344221631059,0.2727104686357991,-0.10487604647269322,-62.48780501700177,False,0.19157466867370854,-0.08508591510604573,-0.017039532589467665,0.18423060959243057,-0.005799995511534414,-0.4272723453195558,0.07662986746948341,True,False,763
train,TRAIN_0003,3,4,10,1.0,0.5630722226701673,1.0040753633026378,1.038641584655673,0.6440077724652177,0.8461375284350652,0.5281375149088523,-1.038641584655673,-0.05950975782831641,0.6198380842116277,1.090227346577037,-0.3965819820371701,0.0642383001837225,-0.441743761022821,0.441743761022821,0.9674668022551854,0.7987237665920152,0.6821888593127007,0.7565786286353601,0.9574699898978055,0.7469267087187842,0.6437307670917896,0.4279035330739511,0.03864320362837358,-0.12453358641781416,-0.07117478240048752,0.8461375284350652,0.1676134584259057,0.07514310836980577,0.09247035005609992,55.16880978682083,True,-0.3789631247928907,0.05414360972828686,-0.36204546140815663,0.017618857244279418,-0.010094690455435637,0.07969829961466435,0.36204546140815663,True,False,1043
train,TRAIN_0003,3,5,10,1.0,0.48224289100405865,0.9243847028599508,0.2433398923887284,0.5128964275924227,0.5462798886350636,-0.48224289100405865,-0.2433398923887284,-0.013942348545846282,0.4611533653808564,0.45058992581863566,0.3818466744110877,0.0157848019020668,0.3371154473107463,0.3371154473107463,-0.16723642589276674,-0.41449990582933977,-0.3169937503813916,-0.289488717006121,-0.5095999563517364,-0.8459128318868806,-0.4655999100065503,-0.4423893466660402,-0.6601788762481644,-0.4894152133623241,-0.41057631828149516,0.5462798886350636,0.14561643165327134,0.10235666304458257,0.04325976860868877,29.708026846650807,True,0.33161430071118914,0.012709280174876306,0.3152718882894007,-0.05023237369989858,-0.003075521727190495,-0.02184355902134555,0.3152718882894007,True,False,707
train,TRAIN_0003,3,6,10,1.0,0.7874120385391136,1.4304531801126168,1.511605069067568,0.9030863336374856,1.209149719679538,0.7563922241037013,-1.511605069067568,-0.08660852478281357,0.8646931745369867,1.5538091842711206,-0.6837573659152072,0.09217008780862324,-0.2438969668333217,0.27350294636608286,1.4134563564797131,1.222869567947414,1.1362685020952241,1.1818927806742718,1.2437870580844408,0.7620214601631546,0.7702315578970522,0.6763282938785526,0.1596326944536165,-0.09487399474647609,-0.09814871258785486,1.209149719679538,0.25374190215214754,0.12499520703778744,0.1287466951143601,50.73923306413996,True,-0.6339391143696995,0.07761349319133512,-0.18715474401194876,0.049818251545507675,-0.014556594617288116,0.05674222282137295,0.25357564574787983,True,False,591
train,TRAIN_0003,3,7,10,1.0,0.47602857292763345,0.9840774594760987,0.8920236816672678,0.5505008379518561,0.7606889980164856,-0.47602857292763345,0.8920236816672678,0.051109178629294316,0.42265341056976796,0.5922552075875789,0.4627082777166111,-0.04440460266153292,0.04472755479004174,0.18508331108664444,-0.9623916825816262,-0.9261057157142556,-0.7198406933392102,-0.48225120158944246,-0.30204442060691206,-0.7346086770413103,-0.3343223589849616,-0.019002555042960664,-0.25390895552191783,-0.30527925594329813,-0.07036800091435841,0.7606889980164856,0.17087851928132536,0.18656978550568942,-0.015691266224364064,-9.182702595011836,False,0.2913651875129068,-0.046461532430084405,0.20346108400938978,-0.1713430902037043,-0.0020569297685514853,0.15873352921934802,0.20346108400938978,True,False,419
train,TRAIN_0003,3,8,10,1.0,0.45459453637683095,1.0148045840048618,1.4496222209957468,0.5457275643637177,0.9302791588496035,-0.3455229348416106,1.4496222209957468,0.08305717697255881,0.56292837238028,1.4124564273306033,0.2896230699661342,-0.0703022492921961,0.1877033676329384,0.1877033676329384,-1.0148045840048618,-0.8245670104461158,-0.8556504920958437,-0.5524692005224867,-0.14909082514178038,-0.7191254226963829,-0.3684431702660244,0.29449651782411995,0.1756500786706051,-0.07933985431850228,0.43481763699088505,0.9302791588496035,0.24283650674107507,0.2060726631491713,0.036763843591903766,15.139339667368585,True,0.24059972313664554,-0.07546600339349599,0.20455464909002163,-0.04902334682948864,-0.005163754101299892,0.016851281457083228,0.20455464909002163,True,False,907
train,TRAIN_0003,3,9,10,1.0,0.35301433630607176,0.8442569730475652,0.6640459077025178,0.4219889252725786,0.6005940576441042,-0.22867619701454145,-0.6640459077025178,-0.0380470223219222,0.37349855225541345,0.7564139032896815,0.13679784443851759,0.051432396596442075,0.3085137366521967,0.3085137366521967,0.3737888061900886,0.24566788426169242,-0.15274802433271856,-0.12007705811140698,0.17438606424125305,-0.6241901996210412,-0.5678884048007747,-0.09110098869585516,-0.3274860420857972,-0.7447888234236641,-0.2902571015124293,0.6005940576441042,0.31129797453364527,0.20959909547745215,0.10169887905619313,32.669303167984935,True,0.07485390202588632,0.034848945453617844,0.3028413392943219,-0.061943942412631264,-0.01658345114282423,-0.0056723973578748366,0.3028413392943219,True,False,599
train,TRAIN_0003,3,10,10,1.0,0.19550627700030626,0.5970311235912138,0.061773570949704704,0.2361945617030534,0.27991274763267276,0.1237636312673374,0.061773570949704704,0.0035393648963679865,0.13919608533161312,0.29147491886074595,-0.07967642228409542,0.010238277130589772,-0.14803823970104202,0.14803823970104202,0.19796370919376366,0.15862467274551698,-0.06505271765711998,0.08042027210553326,0.5970311235912138,0.06144750029278096,0.06462307432452617,0.3372743458723227,0.12113338243393847,-0.2327748365252382,0.25973728014346836,0.27991274763267276,0.25671985358143395,0.19036132788440718,0.06635852569702677,25.848614655732973,True,-0.07844639764390736,-0.003293837142567903,-0.16816455143412132,0.0012300246401880655,-0.013532114273157675,-0.0201263117330793,0.16816455143412132,True,False,839
train,TRAIN_0004,4,1,10,1.0,0.4714722415898833,0.8809742624886855,1.1933809518188156,0.5460787673722425,0.8183561135064396,-0.41928160629904193,-1.1933809518188156,-0.06837565943128586,0.5454204952277454,1.1749896298238702,0.4032691015748438,0.06755414423915893,0.05376759081020349,0.16130764062993752,0.35369907587249916,0.09310842062972909,-0.12447795747018879,-0.2473764992952278,-0.33087216286207105,-0.40621111500374046,-0.573945730465757,-0.7050504885340019,-0.7798473890165141,-0.8613038886253908,-0.8396818759463165,0.8183561135064396,0.13016095841202482,0.06217429415112521,0.06798666426089961,52.23276248910803,True,0.3364405912989612,0.06246429040336709,0.10649766899450137,-0.0668285102758826,-0.005089853835791837,0.05273007818429788,0.13457623651958447,True,False,591
train,TRAIN_0004,4,2,10,1.0,0.4763317021071594,0.9167499120623473,1.640108341673547,0.5666303991440251,0.9666200266673185,-0.29968635424668627,-1.640108341673547,-0.09397120166270881,0.6050179383190327,1.7338205567064549,0.29636940774080833,0.09080922428301394,0.011137809202196125,0.11854776309632334,0.8247493509645706,0.36921476469631737,0.09966352920327076,-0.06266975177365837,-0.22912049457424066,-0.1692976206459693,-0.42464089221991763,-0.7973189503311149,-0.9114747159017974,-0.8428722303121973,-0.8153589907089763,0.9666200266673185,0.19258401171687384,0.12906844987118227,0.06351556184569157,32.98070347556607,True,0.22488808760502402,0.08575801680127688,0.15290123291444102,-0.07148132013578432,-0.005051207481737055,0.1417634237122449,0.15290123291444102,True,False,487
train,TRAIN_0004,4,3,10,1.0,0.503269373437643,0.8289244369741665,0.42700882061621265,0.5272084073994576,0.5804816300483524,0.503269373437643,-0.42700882061621265,-0.024465801749164757,0.5034802451142827,0.536802612142585,-0.48695357329857925,0.0178412571747829,-0.05478601135352304,0.1947814293194317,0.8289244369741665,0.5240544881439513,0.6649005058278568,0.6748537197439162,0.37185037237628765,0.6082743969861316,0.6399075247357874,0.25205873574723586,0.23082144705519309,0.4695535199005424,0.40191561635795386,0.5804816300483524,0.1736615503633965,0.12376967474280191,0.04989187562059459,28.729373609871068,True,-0.4404055682606893,0.022458369563064563,0.003310426260813678,0.04654800503788997,0.004617112388281663,0.05809643761433672,0.17616222730427572,True,False,831
train,TRAIN_0004,4,4,10,1.0,0.545981658499963,1.0218464417595465,1.6207542114451807,0.6253516122699639,1.0191098547384034,-0.4040995180638795,-1.6207542114451807,-0.09286229463232586,0.6011954528199748,1.569267045225288,0.3289201821240846,0.090905461214016,0.25244094174006265,0.25244094174006265,0.5989077696856342,0.25513151829399916,0.12310421399581667,0.0240227002102657,-0.42438817288643543,-0.5509386884470786,-0.5518667518909027,-0.7801665945686554,-0.9251929036300933,-0.9471573386342392,-1.0218464417595465,1.0191098547384034,0.1440723723839885,0.08052421917059356,0.06354815321339495,44.10849364236427,True,0.31819147821220045,0.08426767018325532,0.23333278090882922,-0.01072870391188413,-0.00663779103076069,-0.01910816083123343,0.23333278090882922,True,False,795
train,TRAIN_0004,4,5,10,1.0,0.33313724617536583,0.8610059370075086,1.1040573002975795,0.4124715068003249,0.7307072957241687,-0.1564089439357619,1.1040573002975795,0.06325779794512747,0.3798103193146762,1.0156973548512305,0.23645256030447925,-0.06926764234438346,-0.268774466331823,0.268774466331823,-0.7081008553248842,-0.8078859858955361,-0.5304945110844395,-0.2639495454433087,-0.3264083643884433,0.07176857105885823,0.2218293372630887,-0.039243051120157045,-0.003945465280591263,0.3010120915322531,0.3959564449726954,0.7307072957241687,0.1877989837253427,0.10868846885777098,0.07911051486757173,42.125102755226514,True,0.22511249728376567,-0.05786441246929746,-0.21796864334671848,-0.011340063020713581,0.011403229875085998,0.050805822985104526,0.21796864334671848,True,False,715
train,TRAIN_0004,4,6,10,1.0,0.5038022629337626,1.00511371476513,1.9427985746179859,0.5745485069866234,1.092969216393726,0.09101401113334032,-1.9427985746179859,-0.11131401871944618,0.5007811711730519,1.71195776528456,-0.03415620592292499,0.0953579088229208,-0.19091998769561658,0.19091998769561658,0.9703325158259188,0.37561453762669167,0.8169048041640354,0.8319824762579817,-0.01869896502634468,0.21371622733089302,0.404082093044099,-0.4622477580356748,-0.7493703926613294,-0.4379646437515926,-0.9724660587920672,1.092969216393726,0.28590201181167235,0.30209410391047536,-0.016192092098803013,-5.663511073671272,False,-0.11262982142290184,0.09868324425965964,0.10261807241452181,-0.07847361549997686,0.0033253354367388382,0.2935380601101384,0.10261807241452181,True,False,987
train,TRAIN_0004,4,7,10,1.0,0.45948213555425255,1.1542625423639796,0.7896053250309366,0.5412670899905904,0.7751317098838096,0.17005661137511693,0.7896053250309366,0.04524104320308634,0.3598994640653256,0.8999159964292893,-0.23798780544663214,-0.0662983053234064,0.22810276774289626,0.22810276774289626,-0.1572298767851458,-0.6743616877910535,0.26234396046610403,0.47693757063843495,-0.46589794946824925,-0.05213722929062507,0.7430477255839979,0.11247344754870096,0.16099579855389165,0.9651706836238021,0.6323754482457908,0.7751317098838096,0.4932696093305932,0.3297092707263943,0.16356033860419894,33.1584057704596,True,-0.18578542759624214,-0.0408818761557361,0.1464821475507153,0.05220237785039,0.0254164291676703,-0.08162062019218094,0.1464821475507153,True,False,943
train,TRAIN_0004,4,8,10,1.0,0.5938742782283539,1.4785803782337161,0.9582430026682173,0.7158100140802213,0.9807902991471084,-0.5171738762297544,-0.9582430026682173,-0.05490326299623488,0.5203839475342921,0.47981359646867794,0.4928350649994649,0.029566667051838576,0.0817260800591295,0.19713402599978597,0.0247492221387648,-0.8425451397798971,0.13007051307091327,0.22386381540062233,-1.0157898354905224,-0.6218709281116905,0.07171189877190409,-1.0001086711139549,-1.2031855161932663,-0.3568180390008708,-0.9334937805294524,0.9807902991471084,0.5432708181531866,0.4014391802902313,0.14183163786295527,26.106986262413763,True,0.44459714312266746,0.048995291515275444,0.07324443753806047,-0.04823792187679743,0.019428624463436867,-0.008481642521069033,0.17783885724906698,True,False,775
train,TRAIN_0004,4,9,10,1.0,0.6346323877133562,1.55519656567649,0.858809453538272,0.7894651029868315,0.9935380323771185,-0.5592233622974426,-0.858809453538272,-0.04920614499629086,0.6649366267354695,0.47981885260957546,0.40229382848389805,0.02195560929781844,0.5269458529727503,0.5269458529727503,0.16620764244142466,-0.8353054609121974,0.17597064490212047,0.13296385434438537,-1.3293457736683127,-0.9604011766546604,-0.05205658344275827,-1.1071939888544917,-1.1985648573264729,-0.13495649670459867,-0.6926018110968474,0.9935380323771185,0.595064790530112,0.4540450241800895,0.14101976635002245,23.698220528960444,True,0.3674325278319179,0.04383602382757139,0.5123346146562511,-0.034861300651980176,0.021880414529752947,-0.014611238316499242,0.5123346146562511,True,False,851
train,TRAIN_0004,4,10,10,1.0,0.7211755423384976,1.6257714090106594,1.7136426188091618,0.8605674539136945,1.304233616438865,0.6745311276062363,-1.7136426188091618,-0.09818439354310424,0.7610737987328001,1.2680022676629947,-0.6231294753353238,0.0793404002885991,-0.1725990439268558,0.24925179013412951,1.4185642056059506,0.7284983558329523,1.3847536001694494,1.450244468675975,0.5272786112313441,0.6542771339345125,1.1509094416801529,0.19675234786692875,-0.1801859408390055,0.26414999239724457,-0.29507841320321115,1.304233616438865,0.3680313935607452,0.30828216544686526,0.05974922811387995,16.234818322371748,True,-0.5434140895590844,0.08748648576257168,-0.14705441111948597,0.07971538577623938,0.00814608547397258,0.02554463280736982,0.21736563582363377,True,False,727
train,TRAIN_0005,5,1,10,1.0,0.4341467196316957,0.757020257374311,0.3971476083465363,0.4693557609861797,0.5234299517043808,-0.4341467196316957,-0.3971476083465363,-0.022754880605624042,0.4703839890967697,0.3872985242920897,0.5053366040529407,0.015280599235476979,-0.23904496150454135,0.23904496150454135,-0.3598726490277747,-0.5345768825624501,-0.2492571062915151,-0.2347427518787023,-0.47776414685351454,-0.29602322601979164,-0.17748805608103116,-0.5950483070032256,-0.7330121727830053,-0.4831612386939066,-0.757020257374311,0.5234299517043808,0.17830216959083545,0.20807430833291807,-0.02977213874208262,-16.697575139104128,False,0.3136359817767559,0.015584354528945176,0.10882844517666967,-0.19170062227618478,0.00030375529346819696,0.34787340668121103,0.12545439271070236,True,False,963
train,TRAIN_0005,5,2,10,1.0,0.26949537647156413,0.9683008600095648,0.9786563238184022,0.3658301701599388,0.7015187851058532,-0.21896106112811317,-0.9786563238184022,-0.05607285904698702,0.40112361937561636,0.8544877509519282,0.2650815013740802,0.05271383358698401,-0.15486552552794358,0.15486552552794358,0.010355463808837326,0.033865565231775877,0.12460852167337277,0.08976210125950776,-0.07390387422154143,-0.19859094375086397,-0.15794202133821333,-0.32424422606970094,-0.5074262091118664,-0.6524654100134956,-0.9683008600095648,0.7015187851058532,0.11528636689885458,0.10547673699623025,0.009809629902624323,8.508924486475241,True,0.2551220623681034,0.050965838176203836,-0.24070458541655845,-0.009959439005976789,-0.001747995410780176,-0.08583905988861487,0.24070458541655845,True,False,559
train,TRAIN_0005,5,3,10,1.0,0.627871541829586,1.2910908203827944,1.0759168401481012,0.7054560779070753,0.969009368498852,0.6240282196041793,-1.0759168401481012,-0.06164547026067375,0.6815595119872367,1.1041988392707633,-0.6105417946750186,0.049832496152054796,-0.04528539348299641,0.24421671787000743,0.9332497902534265,0.7419922608415861,1.1721760656158902,1.0736990384173521,0.4746118987463045,0.6403246407054514,0.8369786078385513,0.3197626616364823,0.2176062992913988,0.4187917883153733,-0.14266704989467477,0.969009368498852,0.24104059376867543,0.3223017267231661,-0.08126113295449067,-33.712633911147876,False,-0.8028777129836464,0.05620314747760089,0.1372312956590407,-0.19233591830862784,0.006370651325546095,0.1825166891420371,0.3211510851934586,True,False,999
train,TRAIN_0005,5,4,10,1.0,0.35256285508971297,0.6552441173277715,0.5992505311813677,0.39269896054795816,0.5213871471344514,0.17789886384387196,0.5992505311813677,0.03433452219780947,0.3319605373575091,0.7014659054987207,-0.17083138357267807,-0.04665004372707878,-0.023731539432833612,0.06833255342907123,-0.5026622707495398,-0.415895165743694,0.3046367909238062,0.4150985170164383,-0.14294836893726948,0.1137834894345916,0.5973632888533267,0.25515048809736807,0.30308031929089385,0.6552441173277715,0.0965882604318279,0.5213871471344514,0.3447312778011579,0.2528799185208485,0.09185135928030941,26.644335804449277,True,-0.178797519905656,-0.031820377141529355,0.17691906717439226,-0.007966136332977936,0.014829666585549427,0.2006506066072259,0.17691906717439226,True,False,683
train,TRAIN_0005,5,5,10,1.0,0.530962683932781,0.9208576551633492,0.4718430052103657,0.5862104813298109,0.6357200514249298,0.4775706956533907,0.4718430052103657,0.02703461078503246,0.540221558580654,0.736578081665197,-0.4418414501991997,-0.038728705972353006,-0.11997345091396963,0.17673658007967988,-0.23796350512271386,-0.10062031352180506,0.6434504967907552,0.7410970694455563,0.21786212266965718,0.4493417515791458,0.9208576551633492,0.5349052389129441,0.5552483356016419,0.8886948411013059,0.23387950008765185,0.6357200514249298,0.36303693454368213,0.26194445931701676,0.10109247522666537,27.846333418866365,True,-0.3931987421558403,-0.02469470784461229,-0.2883383127628578,0.048642708043359406,0.014033998127740716,-0.1683648618488882,0.2883383127628578,True,False,715
train,TRAIN_0005,5,6,10,1.0,0.5851183892784045,1.2663690869581283,1.1291793525887193,0.670130231399068,0.9612130717874824,0.549195751371544,-1.1291793525887193,-0.06469718371936231,0.6752951754565266,0.84973904610124,-0.5909916499457892,0.05898769342136893,0.14034436278346538,0.2363966599783157,0.6212777228547265,0.8182413958194483,1.1320858653658146,1.1053227435205577,0.5596646932740702,0.2509425487674535,0.5689618343350886,0.4806114270198253,0.3640737427668494,0.18659943097378093,-0.5079016297339928,0.9612130717874824,0.2697961980749665,0.4287027180481358,-0.1589065199731693,-58.89872470664504,False,-0.25299578006149487,0.04280068376919175,-0.33208139979238693,0.33799586988429436,-0.016187009652177176,-0.47242576257585234,0.33208139979238693,True,False,663
train,TRAIN_0005,5,7,10,1.0,0.39876701591800545,1.2655602352885795,0.2917603228485175,0.5031231254377977,0.6371385847603105,-0.3987604623032986,-0.2917603228485175,-0.01671663465426497,0.38701405430432323,0.32243365920673706,0.47548739144305163,0.017214610522353502,-0.2576375277426411,0.2576375277426411,-0.973799912440062,-0.4485444297384037,-0.2454287996950898,-0.061026324840206786,-0.1230549386328208,-0.4753074203456961,-0.2617306795669605,-0.1434257873722483,-0.30296533680043813,-0.7444561886132468,-1.2655602352885795,0.6371385847603105,0.29869229579978074,0.2658034288209424,0.03288886697883836,11.010952555965623,True,0.5319625713911962,0.0150161250336257,-0.41886828698176487,0.05647517994814455,-0.002198485488727803,-0.16123075923912378,0.41886828698176487,True,False,483
train,TRAIN_0005,5,8,10,1.0,0.5257976652428543,1.028548852234518,0.2633671386770771,0.5940848771236684,0.6047225845587016,0.5160752978718776,0.2633671386770771,0.01508982515974512,0.4766523565541153,0.18970729445802859,-0.5214241073275263,-0.012813641502261495,0.017960500439288738,0.20856964293101052,-0.2423465326946203,0.3434170748100307,0.5498957819922133,0.7500493860674902,0.6506476641386523,0.2084981263470655,0.616405372192821,0.9168001790184844,0.821737117245826,0.45280329200711794,0.021020605982456808,0.6047225845587016,0.31636462444101254,0.2673899377172532,0.04897468672375932,15.480456075104202,True,-0.37848938828534084,-0.013714015320407365,-0.14848572771638682,0.14293471904218547,-0.00090037381814587,-0.16644622815567556,0.15139575531413635,True,False,507
train,TRAIN_0005,5,9,10,1.0,0.3163320768641701,0.8975059408974837,0.552371952021472,0.39685373046063505,0.5695483639810013,0.21761885462146097,-0.552371952021472,-0.03164857835341714,0.36143189736728354,0.5649775232160335,-0.13891289687602568,0.024048686830474463,-0.2642828091714244,0.2642828091714244,-0.18251855430570119,0.061910411259975116,0.5889082325100327,0.7007665491312667,0.26893868018455286,0.17153023425299063,0.5779324881197399,0.2631306591854647,0.04546638964240267,0.02383915903726479,-0.7348905063271732,0.5695483639810013,0.3275357584768149,0.31193026704220067,0.015605491434614205,4.764515333283485,True,-0.21498624466977811,0.028809677861593205,-0.11285619941641889,-0.07607334779375244,0.004760991031118742,0.1514266097550055,0.11285619941641889,True,False,703
train,TRAIN_0005,5,10,10,1.0,0.372791979704001,0.8167355984562588,0.28063317239451163,0.4349943559442788,0.48454766076085926,0.13660851417542857,0.28063317239451163,0.01607909594746982,0.23994882120817962,0.37621547949769,-0.08122587048362372,-0.028065059064028505,-0.18596661642249238,0.18596661642249238,-0.7480713121367984,-0.4633388715875527,0.3995544085656774,0.5877369181070395,-0.056834480724484715,-0.04038302522076749,0.6822551190010872,0.36408849037144503,0.18990803728401726,0.3845337781138411,-0.4674381397422868,0.48454766076085926,0.4533604264584019,0.3601000038838853,0.09326042257451661,20.57092263280587,True,-0.08655539659835158,-0.014756010384656371,-0.18854098760043383,-0.005329526114727867,0.013309048679372134,-0.002574371177941459,0.18854098760043383,True,False,619
train,TRAIN_0006,6,1,10,1.0,0.5602202522566996,0.8477182979068397,0.9225644959816248,0.6247072861085002,0.7616216424543992,-0.548681484232246,-0.9225644959816248,-0.05285903695181084,0.6226635156919126,0.9418876736997692,0.4738456550081539,0.054443850784082634,0.25128749767565234,0.25128749767565234,0.11213432033663648,-0.05346715751324213,-0.24915062876706418,-0.4496787784410186,-0.5458493088830509,-0.6625242386849309,-0.7798624760349102,-0.8192850067202387,-0.8037892940413854,-0.784965565596619,-0.8104301756449883,0.7616216424543992,0.13297251168383437,0.06434716827603834,0.06862534340779602,51.608668993908225,True,0.42186087381785914,0.0483628638657513,0.28348847569492763,-0.05198478119029476,-0.006080986918331331,0.032200978019275295,0.28348847569492763,True,False,659
train,TRAIN_0006,6,2,10,1.0,0.6434688242215504,1.0391743118378012,0.3012029812912103,0.6823325592618056,0.6633870911313491,0.6434688242215504,-0.3012029812912103,-0.017257659082854034,0.642404590292677,0.42909734015046974,-0.5758924220668824,0.027469035318977764,-0.2269114296645397,0.23035696882675297,0.7012232503460516,0.9567534016669897,0.5482681463387143,0.5305452579022863,1.034704998109076,0.8138329449199597,0.46861539300539534,0.6670954862412326,0.6358048965831546,0.23822520083690857,0.4000202690548413,0.6633870911313491,0.23817881896338575,0.17124880097696443,0.06693001798642131,28.100743079387843,True,-0.4602278216035547,0.015680189437914212,-0.22413015518734897,0.11566460046332772,-0.011788845881063551,0.0027812744771907316,0.22413015518734897,True,False,483
train,TRAIN_0006,6,3,10,1.0,0.4999936410306379,1.188258773544132,1.4213290520442168,0.5984888725527119,0.9927233272409671,-0.12158083599915828,-1.4213290520442168,-0.08143610114306683,0.5429522631415425,1.6676440395952365,0.1436184819371889,0.09960215544926349,-0.07399911192066959,0.08300179620771958,0.6325528053083285,0.9033526490801597,0.017005802466384744,-0.1565821420050141,0.4971609418772541,-0.025001970799746254,-0.683573617467102,-0.228084321446642,-0.3395316411865678,-1.1150413218058954,-0.7887762467358883,0.9927233272409671,0.43176975381956784,0.38653508419008015,0.04523466962948769,10.476572114958936,True,-0.08674159120501762,0.08237127054685951,0.3846512138956004,-0.23036007314220652,-0.017230884902403973,0.45865032581627,0.3846512138956004,True,False,1235
train,TRAIN_0006,6,4,10,1.0,0.40415331751681555,0.9004995160985723,1.1687986288005379,0.4843989179430259,0.7904753305190803,0.11266405959384147,-1.1687986288005379,-0.06696719803654791,0.4998651069813721,1.6944321948553545,-0.08609568707454313,0.08202171717611502,-0.08921261268712884,0.08921261268712884,0.5177436186742423,0.858110100629022,0.2747434448330048,0.2731999871527626,0.6546466465555811,0.10221932073254932,-0.23944804169996423,0.0745683913738177,-0.03175868924115782,-0.7314681576460575,-0.6510550101262955,0.7904753305190803,0.3423862919164517,0.2078017691645973,0.1345845227518544,39.30780113845662,True,-0.05667851099646164,0.06119258767497681,-0.10747472395587325,0.02941717607808149,-0.02082912950113821,-0.018262111268744413,0.10747472395587325,True,False,735
train,TRAIN_0006,6,5,10,1.0,0.6978370530554805,1.7697257795156656,2.1293528689347134,0.8731645771036115,1.466391168162119,-0.6458779842665937,2.1293528689347134,0.12200274809159413,0.8170734371410517,1.7422380839940277,0.6766241890441305,-0.10778100440646199,-0.10324114721084814,0.2706496756176522,-1.7697257795156656,-1.2198399797759485,-1.5314046507853565,-1.2269975985377297,-0.4648375051379323,-0.5876219849533335,-0.6198121245314755,-0.09588288214955878,0.16592567694129268,-0.14608457519431986,0.35962708941904775,1.466391168162119,0.21443436068826943,0.24405605067746874,-0.029621689989199312,-13.813872876586872,False,0.596811937664028,-0.09877225153801401,-0.04693895679099369,-0.0798122513801025,0.009008752868447975,0.056302190419854445,0.23872477506561118,True,False,867
train,TRAIN_0006,6,6,10,1.0,0.4421976048536838,1.1484765062688405,0.4311141544528706,0.5492468277779711,0.6614611624504156,-0.3621909730749865,-0.4311141544528706,-0.024701020008194963,0.4944743738599009,0.46820576896654736,0.3574757514064368,0.04763862747932011,0.015833007616282705,0.14299030056257472,-0.20222713083819674,0.2980129190438985,-0.5417814304388813,-0.4779705212355785,0.220093891033873,-0.42465039103017505,-0.8166954841622117,-0.18851632215776762,-0.17323530108217744,-1.0586112994816994,-0.6333412852910674,0.6614611624504156,0.4723246765984155,0.30582185254487204,0.16650282405354344,35.25177326170258,True,0.3465201055876085,0.022295279629989475,0.030255156477689303,-0.010955645818828297,-0.025343347849330632,0.014422148861406598,0.1386080422350434,True,False,439
train,TRAIN_0006,6,7,10,1.0,0.6697425083326564,1.693209519673673,1.0439044475321395,0.8247820798262605,1.1045351506441667,0.4968419846823936,-1.0439044475321395,-0.05981129733234928,0.6868937645230624,1.549881279675291,-0.4795941183240109,0.09045557167355667,-0.0579157500141223,0.19183764732960434,1.0568259003810734,1.58488144941743,0.31956449634785117,0.3376708475452821,1.3491023785213614,0.541934145980636,-0.20172039278976478,0.6276809823625861,0.5879540254021217,-0.6177061185962655,0.012921452848933796,1.1045351506441667,0.6755932333037675,0.418858787758263,0.2567344455455045,38.00133466257925,True,-0.41416477738201807,0.053186748198752895,-0.0672438129574084,0.06542934094199282,-0.03726882347480377,-0.0093280629432861,0.16566591095280722,True,False,679
train,TRAIN_0006,6,8,10,1.0,0.3858875696527173,0.9091694687778904,0.12432099688972323,0.4757449939136397,0.4733879099874633,0.37634684255147643,0.12432099688972323,0.007123068389942816,0.4973047709683286,0.5539510566489283,-0.33239707001326574,0.010191413196642973,-0.14757674871845486,0.14757674871845486,0.15488843317434806,0.623870906703484,0.04702422574064065,0.23585850277448242,0.9091694687778904,0.4034009750116059,0.10563642093903752,0.6685240311296687,0.6958592363696439,-0.023424516457359885,0.2792094300640713,0.4733879099874633,0.362247746016011,0.2629637737417495,0.0992839722742615,27.40775432454264,True,-0.2745251295528181,-0.006508319154078713,-0.23696491893075303,0.057871940460447635,-0.016699732350721686,-0.08938817021229817,0.23696491893075303,True,False,663
train,TRAIN_0006,6,9,10,1.0,0.416243226075637,0.7285631087967239,0.981988463763381,0.4775977683508486,0.6857982164258074,-0.3579469929873409,0.981988463763381,0.05626377641910337,0.4871884849055809,0.6917875083615954,0.22349028140463298,-0.05111345448415057,0.45148548428776264,0.45148548428776264,-0.6501860579271113,-0.5253176097245961,-0.675384499365146,-0.5194377995394011,-0.4191591751876881,-0.7285631087967239,-0.49250514530048617,-0.1239768710105042,0.12433884074003211,0.07330748616962135,0.33180240583626974,0.6857982164258074,0.11724592240618514,0.08893434075475944,0.028311581651425707,24.147178059927285,True,0.21474319108031867,-0.05186022022944574,0.3537329221327593,-0.00874709032431431,-0.0007467657452951693,-0.09775256215500333,0.3537329221327593,True,False,1231
train,TRAIN_0006,6,10,10,1.0,0.38614135374600267,0.749400609115181,0.13564183311268382,0.42988974873460134,0.4243441136656204,-0.3839949143080982,-0.13564183311268382,-0.0077717045151115376,0.4420780830005239,0.1668932731706903,0.2767819073112326,0.015087012609786416,0.36000520774414335,0.36000520774414335,-0.059646793291322026,-0.053184467819976745,-0.4642603742647661,-0.4037397668593074,-0.2126742798885108,-0.7209468797237795,-0.6129754157254007,-0.3840067505940294,-0.2637488090873693,-0.4750173816964412,-0.19528862640400585,0.4243441136656204,0.19163244496395912,0.1444715079512383,0.04716093701272081,24.61010035205182,True,0.31527009098044845,0.007240507721707611,0.22449007206509197,0.03848818366921586,-0.007846504888078806,-0.13551513567905138,0.22449007206509197,True,False,955
train,TRAIN_0007,7,1,10,1.0,0.3622661764252558,0.9838872214668163,0.831765267610437,0.44987509139693754,0.6983631087904465,-0.36039785697576815,-0.831765267610437,-0.047656628389499495,0.44979162927765387,0.809354807174594,0.45825222098053325,0.04026644214486543,-0.328580287308203,0.328580287308203,-0.15212195385637933,-0.3442422558537112,-0.046954274593560816,-0.07649743478837977,-0.33200831605327275,-0.16731284796645116,-0.13657879570812417,-0.5605163397262759,-0.7856046734663119,-0.6243467174931001,-0.9838872214668163,0.6983631087904465,0.15874231398623434,0.12533005934756963,0.03341225463866471,21.0481085979143,True,0.4155479762051942,0.04330930956075869,-0.2921153937101947,-0.04270424477533907,0.003042867415893255,0.03646489359800831,0.2921153937101947,True,False,679
train,TRAIN_0007,7,2,10,1.0,0.21310610737905594,0.47970292141248894,0.14119999188899018,0.24913322814480146,0.2751160290186407,-0.15112759150319405,-0.14119999188899018,-0.008090163548754884,0.20340901096706973,0.09150606568461983,0.16418728952597691,-0.0008444715991630718,-0.043852508491858386,0.06567491581039077,-0.2898305114052126,-0.4105922934974836,0.09024356957317552,0.12886570862695612,-0.3459557043985822,-0.2319594983210934,0.12729174547671693,-0.15992651561830565,-0.3284368360999227,-0.06408209707280504,-0.4310305032942028,0.2751160290186407,0.24762918594194303,0.18655273814683007,0.061076447795112954,24.664478689290043,True,0.15352018447034624,0.007594418520853181,-0.09395624960906794,-0.010667105055630677,0.008438890120016253,-0.050103741117209555,0.09395624960906794,True,False,851
train,TRAIN_0007,7,3,10,1.0,0.6485901080088878,1.013719400737286,0.8969622362787261,0.7139535884747176,0.8391768823549418,0.6214809604905294,-0.8969622362787261,-0.05139213673902539,0.7063022106483867,0.7366188759944148,-0.45470483084202756,0.04999164027143768,-0.5600092459176,0.5600092459176,0.6138945352490933,0.7129457978737297,0.8860185721105142,0.9545636961077875,0.9283651557998247,0.8980612685163116,0.8043951026441553,0.5864556890172343,0.2691345674775439,0.04224648989120059,-0.28306770102963275,0.8391768823549418,0.18878227586009952,0.13374172752574706,0.05504054833435246,29.15556986670785,True,-0.3759606689645575,0.046736934291401966,-0.6114587662443425,0.07874416187747008,-0.003254705980035716,-0.05144952032674244,0.6114587662443425,True,False,875
train,TRAIN_0007,7,4,10,1.0,0.37927163275891246,1.1878021453801484,1.3069028952232056,0.4635812511920618,0.9085511271278861,-0.1812449777439043,1.3069028952232056,0.07487997749819032,0.38694484165020177,1.2512009852097221,0.16709443191940299,-0.07660791172175654,0.04751541190698565,0.06683777276776119,-1.1878021453801484,-0.8449630541526104,-0.37866969147829677,-0.20427647053629389,-0.347354781450121,-0.3819490000241851,-0.02696074411727593,0.260279919456955,0.3210032674597774,0.3034514533076522,0.11910074984305721,0.9085511271278861,0.24622058326755525,0.16175787266968197,0.08446271059787328,34.30367578412078,True,0.19624617085581436,-0.06751137913255446,-0.0739583868217006,0.029151738936411375,0.00909653258920208,-0.12147379872868624,0.07849846834232574,True,False,671
train,TRAIN_0007,7,5,10,1.0,0.6162015758029044,1.1032991507008743,0.09693886795532737,0.6695277070549943,0.6118846490432311,0.6162015758029044,0.09693886795532737,0.005554187987218404,0.6226241081488978,0.3321767652414303,-0.5429673108759925,-0.003090279380237361,-0.24590968481812386,0.24590968481812386,0.007150758281111651,0.5237840761850203,0.6071341718496345,0.7370902855395322,0.8773589170780629,0.6223146731544036,0.5722904604207575,0.9875107161498838,0.8790980791230181,0.3540980363511693,0.10408962623643903,0.6118846490432311,0.26604177738780366,0.23281902995090553,0.033222747436898126,12.487793369561656,True,-0.49177799984126885,-0.005033817580411231,-0.2830027552148135,0.05118931103472363,-0.0019435382001738695,-0.03709307039668963,0.2830027552148135,True,False,759
train,TRAIN_0007,7,6,10,1.0,0.5151470063727059,1.1579215566291732,1.4683840689578929,0.6012345770704673,1.0025592472949783,0.06515465996856418,-1.4683840689578929,-0.08413214938834115,0.5434358960361826,1.5119600197714884,-0.09291029752168141,0.0959372731539461,0.0931992707160357,0.0931992707160357,0.45518418392020843,0.9989928770000762,0.4386519099172274,0.2735187460938917,0.5852490826825176,-0.07279011266691382,-0.5424698413480495,0.23385905894261277,0.05908212086398193,-0.9378959714431534,-1.0131998850376844,1.0025592472949783,0.47931296606187923,0.3261727543766353,0.15314021168524394,31.949941380361818,True,-0.12701017309667348,0.07600363716473901,0.012464795079751635,-0.03409987557499207,-0.019933635989207082,-0.08073447563628407,0.06333636430394918,True,False,595
train,TRAIN_0007,7,7,10,1.0,0.7960071666914126,1.827699911827679,1.5479381087068265,0.9263153423936824,1.3441250904071436,0.7456103731492739,1.5479381087068265,0.08869024973914054,0.8455582378978062,1.2043755606799371,-0.6733678402079425,-0.08214153774696827,-0.24257959745749433,0.269347136083177,-0.6668778503282687,0.24021126434023443,0.2344084883789597,0.468274704923519,0.9968412361656735,0.7881634278107605,0.6576421231672044,1.5663868849234384,1.5793313290330637,0.8907166599467623,0.8810602583785577,1.3441250904071436,0.37064777561920315,0.37260513009099333,-0.0019573544717901847,-0.5280901709231179,False,-0.5887514565108718,-0.0817930860976361,-0.061037727986359425,0.0846163836970707,0.000348451649332171,0.1815418694711349,0.23550058260434872,True,False,835
train,TRAIN_0007,7,8,10,1.0,0.5050430673414328,1.1492335553244546,0.8236509665656444,0.582231353420489,0.8016014121115085,0.38154382846066975,0.8236509665656444,0.04719171350445036,0.6117361790702043,0.897840219572609,-0.26051945892703865,-0.049209175164383556,-0.40638169300981003,0.40638169300981003,-0.9361476924968191,-0.14728301288721038,0.25564094600623266,0.4491121288366015,0.5422321086736503,0.5134186292871651,0.4897845517686155,0.9772191400891078,0.9037623971858407,0.39374047190990796,-0.1124967259311746,0.8016014121115085,0.4169448960825925,0.35250687368165856,0.06443802240093394,15.454805420659095,True,-0.1557471473564373,-0.040157435256642546,-0.3897466212162576,0.10477231157060135,0.00905173990774101,0.016635071793552447,0.3897466212162576,True,False,523
train,TRAIN_0007,7,9,10,1.0,0.4320504102031224,1.082677355768984,0.06454218230011405,0.5182413764225082,0.525605122123917,0.3508055056641432,-0.06454218230011405,-0.0036979946412255948,0.40352982275116006,0.06272624240906954,-0.4320820553252323,0.0024933645490085297,0.27291447152790876,0.27291447152790876,-0.3989385669544296,0.36777847872561514,0.6728214442446178,0.6631243974759248,0.36953273504833084,-0.06289110855806056,0.09510170717677041,0.8585398085555278,0.8121309878326444,0.17735425219585696,-0.46348074925454363,0.525605122123917,0.40666333787653747,0.5711881695532296,-0.16452483167669213,-40.45725698701703,False,-0.5241006258252423,-0.012320944216299522,0.3041028310717291,-0.09201857050001,-0.014814308765308051,0.03118835954382032,0.3041028310717291,True,False,923
train,TRAIN_0007,7,10,10,1.0,0.5231353852104044,1.630476795144619,1.555472358878501,0.7074978577684775,1.183475147546905,0.3428588686792321,1.555472358878501,0.08912192943637749,0.5834384791534232,1.5631547361609823,-0.3284552686662645,-0.0820967557723104,-0.04836512994252194,0.1313821074665058,-1.377579484108967,-0.20923005062966737,-0.005962277480617463,0.2285142446468954,0.5493709979277296,0.11662475756624742,0.21137242170252007,1.3286325447367218,1.3640847702386178,0.5330245595167472,0.177892874769534,1.183475147546905,0.47245766713046394,0.4354243998838554,0.03703326724660855,7.838430789267353,True,-0.2698096956085433,-0.0793358540007885,-0.3332118518526108,0.05864557305772122,0.002760901771521898,-0.28484672191008886,0.3332118518526108,True,False,491
train,TRAIN_0008,8,1,10,1.0,0.7149798035786986,1.432052791659931,1.5682320482994867,0.8179915376474249,1.1963785468261774,0.6235647940307073,-1.5682320482994867,-0.08985300400471741,0.8154503702292312,1.5653581188686758,-0.5412774636698322,0.09774345218435178,-0.2763085216157023,0.2763085216157023,1.2865238039265963,1.3656643192828999,0.9309283629503927,0.7919684709199211,1.0914856082576156,0.8447303644581898,0.34652949827320295,0.42278701752125336,0.23360793521905207,-0.3080854764713596,-0.2817082443728904,1.1963785468261774,0.26837361903768825,0.1369537730364126,0.13141984600127565,48.96898826066063,True,-0.4986969559280533,0.0804891985191418,-0.24854674220499137,0.042580507741778906,-0.01725425366520998,0.027761779410710924,0.24854674220499137,True,False,639
train,TRAIN_0008,8,2,10,1.0,0.46679327629709405,1.1947791878816933,1.24477180245737,0.574452052564292,0.9293484852472763,0.045954642532275165,-1.24477180245737,-0.07132013390189164,0.5640115369906121,1.5999182798947469,-0.11191417163424312,0.0899143110006604,0.22148221230054746,0.22148221230054746,0.8231665656606909,1.083612502530999,0.1801285376907133,-0.07182914471276797,0.5117348794702019,0.0012885736723652619,-0.673491512616921,0.061701114895361495,-0.006087228208275551,-0.8513276997215683,-0.421605236796679,0.9293484852472763,0.46406873273485955,0.28730386000691965,0.1767648727279399,38.09023540246408,True,-0.12252390993343375,0.06433795111919276,0.2675039023232714,-0.010609738299190624,-0.025576359881467642,0.046021690022723966,0.2675039023232714,True,False,1339
train,TRAIN_0008,8,3,10,1.0,0.4366146016381033,1.1252485546312525,1.7158173068186384,0.5164690094754191,1.03495103987394,0.12163842131722877,1.7158173068186384,0.09830899362144344,0.4032349401905169,1.205831576494781,-0.14270885635453504,-0.08338278902868466,0.07075136268761392,0.07075136268761392,-0.5905687521873858,-0.1502982114583719,-0.620680984235579,-0.5268389341236677,0.2514824899812486,0.21062258651153126,-0.13021101496331913,0.6179385920180728,0.8362791996095457,0.4998646656336658,1.1252485546312525,1.03495103987394,0.27609127646895154,0.23848683877977156,0.03760443768917998,13.620291872354349,True,-0.15037442792433173,-0.08893307203261963,0.15660686594770573,-0.007665571569796692,-0.0055502830039349665,0.08585550326009181,0.15660686594770573,True,False,887
train,TRAIN_0008,8,4,10,1.0,0.715634622702171,1.6914782271548365,1.6303018028889944,0.859119072233853,1.2971363030471859,-0.6254188695333197,1.6303018028889944,0.09340932988111361,0.773825806163043,1.5011903442185943,0.46814589437100473,-0.06903029154845615,0.528099077544798,0.528099077544798,-1.0082265724690966,-0.46821653743226505,-1.4202685201890883,-1.4214750415467117,-0.4671246402703324,-0.8548337892645151,-1.2793907564367681,-0.04634984499362195,0.23423339348864222,-0.3418529168633281,0.6220752304198978,1.2971363030471859,0.4713048793395511,0.39607032211489224,0.07523455722465888,15.963033807349197,True,0.39490461767310214,-0.08289625028937322,0.5837072962383446,-0.07324127669790259,-0.013865958740917075,0.055608218693546596,0.5837072962383446,True,False,679
train,TRAIN_0008,8,5,10,1.0,0.5419420051397263,1.3789349080650717,0.5318595221187742,0.6919206906561483,0.8050129996626865,-0.5054478303759287,0.5318595221187742,0.030473303037876858,0.6128647243374759,0.2432767603073503,0.39028590275688657,-0.005649529359565822,0.3866964917598225,0.3866964917598225,-0.256879168534913,0.07874239233205191,-1.0339417023369073,-1.1093972104032055,-0.16490268706750608,-0.6446614501453174,-1.1809001019131573,-0.17033297690053495,-0.06465470610222103,-0.6811837936078728,0.2749803535838612,0.8050129996626865,0.551548836163542,0.4524990864823945,0.09904974968114749,17.958473155363134,True,0.3692886752197255,-0.025784725428890144,0.0011636704584851998,-0.020997227537161045,-0.02013519606932432,-0.3855328213013373,0.1477154700878902,True,False,1035
train,TRAIN_0008,8,6,10,1.0,0.6727720937392233,1.6046678486428116,1.2090981872972713,0.7906871703670448,1.1250301559404963,0.4808122851754638,1.2090981872972713,0.06927618939035253,0.4982179840423874,0.8018844000157391,-0.5221125717002494,-0.03705577275740961,0.1386801718067917,0.20884502868009974,0.1901071061140939,0.9359643260910344,-0.4143146793093851,-0.3362708297963196,1.0823059164772304,0.44729813859555034,-0.19868396010500972,1.1382352839679528,1.2497389231885703,0.2440311447615473,1.3992052934113652,1.1250301559404963,0.7156731689204952,0.5257774906803847,0.18989567824011044,26.53385462620384,True,-0.4750095132560676,-0.06175152195160441,0.23449139525179347,0.04710305844418178,-0.024695749194194802,0.09581122344500176,0.23449139525179347,True,False,731
train,TRAIN_0008,8,7,10,1.0,0.6956081194239728,1.9039290884806641,1.141659157327707,0.8850599441763656,1.2108649039873396,-0.5904106689647405,1.141659157327707,0.06541222293823237,0.5673679454948763,0.6524115482312074,0.5290718798096902,-0.031388489726359804,0.20596646014399803,0.21162875192387606,-0.8263565710942194,-0.03376002810272776,-1.4781495204561137,-1.4357708604428145,0.056460411547440595,-0.7044630783928896,-1.3134788769922752,0.12002086446608957,0.21076933124164476,-0.8977966087259877,0.3153025862334876,1.2108649039873396,0.7268997351098375,0.6976587855215959,0.029240949588241638,4.0226936640475195,True,0.3650238185484661,-0.07542550385587687,0.31322068062703967,-0.16404806126122407,-0.04403701412951707,0.10725422048304165,0.31322068062703967,True,False,923
train,TRAIN_0008,8,8,10,1.0,0.7207683410395594,1.8655626773871226,1.6464648475106838,0.8685659877528881,1.3566953585564985,-0.14218027863774832,1.6464648475106838,0.09433540163614354,0.40496785876078234,1.1337753690026582,0.10808420960248397,-0.05130001876928192,0.1144894892898383,0.1144894892898383,-0.6353221914332904,0.42883606965867394,-1.3598612657528444,-1.2524242281521416,0.7419253232579904,-0.2480884247394678,-1.0264855894173277,0.8384774659152616,0.9392061769764091,-0.5232533797495448,1.0111426560773933,1.3566953585564985,0.9295893939169375,0.817942577406303,0.11164681651063446,12.0103367402028,True,0.00389577591965673,-0.09086290872572653,-0.13777152996687536,-0.10418843368282724,-0.03956288995644461,-0.2522610192567137,0.13777152996687536,True,False,619
train,TRAIN_0008,8,9,10,1.0,0.7855139455671672,1.869649445580725,2.2793734873605738,0.9626093731466956,1.5766220008672094,0.1303960736759192,2.2793734873605738,0.13059825458378632,0.49670870084147456,1.6665726183273624,-0.0986618288163355,-0.08791054840946351,-0.10655883771277799,0.10655883771277799,-0.6410371095851234,0.40885796130652297,-1.3949945330874118,-1.200340828488158,1.0372424831389002,0.24041775062452647,-0.6581804836330709,1.2001163903653822,1.338930829785251,-0.06339729954774656,1.6383363777754505,1.5766220008672094,0.939355936907555,0.8366266761892011,0.10272926071835398,10.936137909187867,True,-0.2945552235152987,-0.1103786977495469,0.32059043780055263,-0.19589339469896322,-0.022468149340083385,0.4271492755133306,0.32059043780055263,True,False,627
train,TRAIN_0008,8,10,10,1.0,0.9604309962846314,2.303089599363135,2.0924423111242287,1.1505298351114406,1.7218418555427424,0.4274884382654089,2.0924423111242287,0.11988793833317657,0.628602296682563,1.5671214758549863,-0.4378539412063534,-0.06906140772250423,0.034805805229735635,0.17514157648254136,-0.20872100305390412,1.0287970414925214,-1.1652924452411302,-0.9875472875474466,1.5176432579586152,0.4359671095893997,-0.6763495108556424,1.6328849907177136,1.764608658235357,-0.030781102219389053,1.8837213080703246,1.7218418555427424,1.1529123674121349,0.9529606196686056,0.1999517477435293,17.343186992810878,True,-0.26090713158986534,-0.09717534130500591,0.09965058255495562,0.17694680961648807,-0.02811393358250168,0.06484477732521998,0.10436285263594614,True,False,659
train,TRAIN_0009,9,1,10,1.0,0.38520068910495336,0.7145843240238521,1.263571864300053,0.4333722138789458,0.7523442846165522,0.1481795749379459,-1.263571864300053,-0.07239729640571109,0.43228283180944027,1.2519410983002406,-0.04088425824616826,0.07446087905884287,-0.3602815913625695,0.3602815913625695,0.548987540276201,0.567067687885964,0.4207452100401913,0.4244654807170251,0.4787203334816319,0.3779810961881046,0.08497415431949923,0.0019111059963961387,-0.2318287451126342,-0.555242431085082,-0.7145843240238521,0.7523442846165522,0.13877622623123115,0.07950312908892963,0.059273097142301515,42.711276096771606,True,-0.0252617836861876,0.06683148992439063,-0.38568290588582427,0.01562247455998066,-0.007629389134452241,-0.02540131452325478,0.38568290588582427,True,False,899
train,TRAIN_0009,9,2,10,1.0,0.38678414534146766,0.8917833530319416,0.6577514221852444,0.4680030677325505,0.6276959829408512,-0.3710249671170548,0.6577514221852444,0.03768637502510347,0.45895424801015283,0.5413563775204475,0.3170076964432028,-0.04651945506580622,0.18138189847879435,0.18138189847879435,-0.7859574480930703,-0.8368756886955167,-0.40707789423354296,-0.2752640234221145,-0.6785101899174258,-0.48615888804656165,-0.20133384439683755,-0.24980485908511815,-0.17972523688133063,0.10742740633709666,-0.12820602590782593,0.6276959829408512,0.23103128660707997,0.13951606557345655,0.09151522103362342,39.611613811104895,True,0.2991251970930157,-0.03441371747868628,0.12746980725920412,-0.017882499350187098,0.012105737587119941,-0.05391209121959023,0.12746980725920412,True,False,495
train,TRAIN_0009,9,3,10,1.0,0.2386410954328905,0.6098076639801648,0.14327221345929037,0.2882220636664281,0.3263384982283465,-0.22050952338909924,-0.14327221345929037,-0.008208893096546984,0.2748327163758765,0.0838595290585713,0.29511460368287135,-0.0003936862792521501,-0.25051267735372007,0.25051267735372007,-0.4665354505208745,-0.5023097283476681,-0.08784432167208171,0.05657138249066461,-0.2894550022704981,-0.02423716951248484,0.029383288926481045,-0.29750021850229996,-0.32356366756370175,-0.19923660759401488,-0.6098076639801648,0.3263384982283465,0.2229215988999155,0.16036743406028572,0.06255416483962978,28.061060546992824,True,0.2725551003483185,0.007625209418232992,-0.2838004963838751,-0.022559503334552866,0.008018895697485142,-0.03328781903015504,0.2838004963838751,True,False,659
train,TRAIN_0009,9,4,10,1.0,0.4476767860188097,0.8185550370179174,0.15775442393951922,0.46929466620885013,0.4741253407137589,0.4476767860188097,-0.15775442393951922,-0.00903866261627191,0.4321656917484271,0.009729848683210585,-0.47802628120521784,0.0015973546708842907,0.10190905586513531,0.19121051248208715,0.37187270310099174,0.310152698229224,0.646349897457466,0.6801798004634807,0.22840867597407097,0.40219692376615235,0.5025653500110885,0.36036609216912274,0.42750218141071844,0.5595813383481144,0.21411827916147252,0.4741253407137589,0.17887744914580964,0.2823769095034645,-0.10349946035765487,-57.86054131020653,False,-0.607773563899649,-0.003194033724401812,0.21512004704958088,-0.12974728269443114,-0.004791388395286103,0.11321099118444557,0.2431094255598596,True,False,843
train,TRAIN_0009,9,5,10,1.0,0.59209013509321,1.4374282594337866,1.1351928630490131,0.71065467696629,1.0204788449694318,0.5630695966812126,-1.1351928630490131,-0.0650417320471362,0.6926620804787883,1.004061077369831,-0.4308736648417079,0.04834091655594463,-0.44389412476979473,0.44389412476979473,0.6094237791372323,0.3961865754980532,1.160874738262182,1.1815200631653238,0.3982427271863077,0.8764610836835258,0.9782707415805941,0.17596381695323704,0.042261361084636594,0.3080566699897292,-0.5257690839117807,1.0204788449694318,0.3752623564224358,0.30641969215730447,0.06884266426513136,18.345209181502508,True,-0.4286885402813326,0.058243642099743316,-0.4416264636897376,0.00218512456037534,0.009902725543798688,0.002267661080057104,0.4416264636897376,True,False,707
train,TRAIN_0009,9,6,10,1.0,0.28644980072675763,0.9370657782056333,0.9543936586075984,0.3595910829683965,0.6893318795588365,-0.0660097273363918,-0.9543936586075984,-0.05468271202937167,0.25831916604206884,0.7588145862757281,0.026544858157102474,0.041845630520221194,0.1325171154643658,0.1325171154643658,0.017327880401965094,-0.07559356596826822,0.6011833523253823,0.5409149069073944,-0.3357354737899204,-0.22742789085129725,0.063304473638733,-0.2616626367886286,-0.31466521447253504,-0.22858252880435004,-0.9370657782056333,0.6893318795588365,0.3328467437397928,0.3552881555303419,-0.022441411790549093,-6.742265686123989,False,0.1785446784019179,0.054819779237001674,-0.350727650334254,0.15199982024481543,0.01297414871678048,-0.4832447657986198,0.350727650334254,True,False,903
train,TRAIN_0009,9,7,10,1.0,0.6274715981050565,1.0899061439777347,0.21350486431344948,0.6891938286038316,0.6481841647792553,0.5976817665510471,0.21350486431344948,0.012232927444797372,0.6146017179459272,0.3701191918681943,-0.4848222719990233,-0.02401151623947672,-0.37896526662374225,0.37896526662374225,-0.15436200576276343,-0.017113514601424722,0.8016951786987817,0.9890044635479529,0.47867239899678865,0.7648726572565036,1.0091094912733825,0.6687170515656494,0.6092735982849459,0.6865350876255707,0.059142858550686045,0.6481841647792553,0.3879084641933456,0.3014636344783821,0.08644482971496353,22.2848526635595,True,-0.39218292453768205,-0.011088804262762212,-0.4765139468495663,0.09263934746134123,0.012922711976714508,-0.09754868022582408,0.4765139468495663,True,False,647
train,TRAIN_0009,9,8,10,1.0,0.38501736357474325,1.0463806437948653,1.0414873925695447,0.47847711078380717,0.7897133310601266,0.25242305538612003,-1.0414873925695447,-0.05967281043470652,0.4221456304857363,0.8015760064953913,-0.1755472484272385,0.05127435200440609,-0.25813743714454296,0.25813743714454296,0.04571038058685621,0.2250962595447141,0.8546594277635793,0.90512771067384,0.2523988985820611,0.30281051855983276,0.42282563509094906,0.15385241301632055,0.03927423244887302,-0.24128265641246524,-0.9957770119826884,0.7897133310601266,0.3490157843808372,0.31499997226057963,0.03401581212025756,9.746210241064734,True,-0.07294914047566978,0.0541467265596231,-0.35445434779038576,0.10259810795156873,0.0028723745552170082,-0.0963169106458428,0.35445434779038576,True,False,883
train,TRAIN_0009,9,9,10,1.0,0.4470768310274545,1.4583956653852914,1.5688976721907766,0.6063172234372046,1.1029427729247774,0.1337027592083553,-1.5688976721907766,-0.08989114135059842,0.48092456241895176,1.5654020600961862,-0.11229696163531927,0.07402088052028917,-0.07187745981637479,0.07187745981637479,0.11050200680548505,0.0949901752920668,1.1951787696477334,1.1324325083717066,-0.15384848157595696,-0.005523220944545427,0.46147259536655905,-0.21506062807824922,-0.32150129765556223,-0.2934085805636515,-1.4583956653852914,1.1029427729247774,0.48134374647237543,0.492445353506306,-0.011101607033930594,-2.3063781580816114,False,-0.004384573631818767,0.08495525922001645,-0.3271713411065508,0.1079123880035005,0.010934378699727285,-0.255293881290176,0.3271713411065508,True,False,787
train,TRAIN_0009,9,10,10,1.0,0.579995060144709,1.9805355150903219,1.6596322145378868,0.6997882064596289,1.336027657577838,-0.13587721787339085,-1.6596322145378868,-0.0950898341325519,0.47005407247478803,1.5142917856477824,0.25542967421714097,0.07370874617431085,-0.4014392291376797,0.4014392291376797,-0.3209033005524352,-0.40799641976658624,0.9869640597807372,1.0037916314699353,-0.4101661144988541,-0.09703676318226345,0.46168869747197866,-0.540191022366993,-0.7357757429589055,-0.6000255666474363,-1.9805355150903219,1.336027657577838,0.618224270516216,0.5268117528145067,0.09141251770170933,14.786303621722915,True,0.20318632650698767,0.08389195097277524,-0.4869387716428346,-0.05224334771015329,0.010183204798464393,-0.0854995425051549,0.4869387716428346,True,False,755
train,TRAIN_0010,10,1,10,1.0,0.40778476540597725,1.052301298355488,1.0899692745259077,0.48923794061408205,0.8139403955476201,0.36900666725352,-1.0899692745259077,-0.062450614498147844,0.48883019097447794,1.078062218400923,-0.34954244213450836,0.05485432604921121,-0.06535795053069814,0.13981697685380334,1.052301298355488,0.6531281582650893,0.7618451449588531,0.6064162653058384,0.2919416547670331,0.4950093156533605,0.4557725390714416,-0.0568632506274449,-0.13856254283457745,0.14106857699626252,-0.03766797617041971,0.8139403955476201,0.17241978388204895,0.14506771767833535,0.02735206620371361,15.863647191684771,True,-0.3115080962167335,0.056687946999014624,-0.01569334990276915,0.03803434591777488,0.0018336209498034106,0.04966460062792899,0.12460323848669339,True,False,1035
train,TRAIN_0010,10,2,10,1.0,0.38766023145477996,0.5933344741535037,0.2724153066339688,0.4023838271756722,0.41626138639024296,0.38766023145477996,-0.2724153066339688,-0.015608246958792076,0.47385855721759035,0.2156500963000511,-0.3426261309923729,0.01524307854726295,-0.15121775936210294,0.15121775936210294,0.5933344741535037,0.5100548205559228,0.3798953761521789,0.380461972348281,0.5022859121416464,0.5381173832611438,0.3676618410956274,0.33690044728690804,0.2716122735702138,0.22490336439134026,0.3209191675195349,0.41626138639024296,0.07028674513853232,0.0574213599869549,0.012865385151577424,18.30414130889156,True,-0.31033881784452183,0.014538390088816602,-0.2049557353760043,0.03228731314785105,-0.0007046884584463488,-0.05373797601390137,0.2049557353760043,True,False,779
train,TRAIN_0010,10,3,10,1.0,0.43114910775568643,1.3467680904525139,1.2600327112200056,0.5807962828757884,0.9694646011160406,0.34616512513082826,1.2600327112200056,0.07219451819402617,0.5964080373097594,1.2631922991259938,-0.3818533215198352,-0.08268937766532038,0.1198356143057704,0.15274132860793407,0.041602311274141254,-0.29169327851456106,0.030776831042763242,0.11313678936011898,-0.06452230256094099,0.3796772282327624,0.6108367944125525,0.3590726038595053,0.5686479529811518,1.1630691206217392,1.3016350224941469,0.9694646011160406,0.32759114323299887,0.22515650587001163,0.10243463736298725,31.269049691655038,True,-0.2601344118190088,-0.0638695978704896,-0.07310819178956818,0.12171890970082638,0.01881977979483078,-0.19294380609533857,0.10405376472760353,True,False,751
train,TRAIN_0010,10,4,10,1.0,0.37401365049553026,1.265859329552111,1.1579157956834318,0.5214244122418967,0.8914790739435116,0.3533299339406578,1.1579157956834318,0.06634365847369714,0.5773758598138041,1.4854793855980097,-0.39412661284349404,-0.07004076490865954,0.13698913289612374,0.15765064513739763,0.10794353386867919,-0.08842921392753487,-0.02088264577258451,0.06035019426799505,0.09874978601992644,0.36529696433257436,0.4515209406565078,0.42467789461046296,0.6412817420892064,0.9767143078034457,1.265859329552111,0.8914790739435116,0.21590969030973764,0.12992972809211795,0.0859799622176197,39.822187737046626,True,-0.38755520319440406,-0.059735539337868244,0.2158858353495584,0.0065714096490899765,0.010305225570791297,0.07889670245343466,0.2158858353495584,True,False,827
train,TRAIN_0010,10,5,10,1.0,0.3686040206988934,0.8045020211635592,1.1382133688881115,0.43516449060894985,0.7369122722860642,-0.26738535945992653,-1.1382133688881115,-0.06521479406009867,0.35591064179711507,0.9398731494951982,0.2492951430447345,0.061035896117619996,0.06074423524822971,0.0997180572178938,0.6567077890214356,0.1295779196440901,0.031170609799672136,-0.08532471235441452,-0.2620821965656658,-0.19953517118681208,-0.35293093990716184,-0.645865149189465,-0.7067917692192104,-0.5877144852813023,-0.48150557986667597,0.7369122722860642,0.17160109895281994,0.16823584638618747,0.003365252566632476,1.9610903351835292,True,0.1992699538639503,0.061544345816934326,-0.04760255278930203,-0.05002518918078419,0.0005084496993143298,-0.10834678803753174,0.07970798154558012,True,False,607
train,TRAIN_0010,10,6,10,1.0,0.23445999844901663,0.6137374178997383,0.10470300419737621,0.28369246392947994,0.31423937255678736,0.16549975540362774,-0.10470300419737621,-0.005999040220928269,0.22613666554068734,0.1767175186232799,-0.09705304616918782,-0.0029029256577577356,-0.22983379039138357,0.22983379039138357,0.32683549804543394,-0.15825144937341892,0.2692607490725731,0.33662442770249446,-0.025441525923511114,0.422416816962771,0.49377047668478286,-0.10515765330632067,-0.14540192567885515,0.34094404273088846,0.22213249384805772,0.31423937255678736,0.27005380876904606,0.27219594869960356,-0.0021421399305575073,-0.7932270758637945,False,0.07302662979298435,0.007721368632310099,-0.6412532836008962,0.17007967596217216,0.010624294290067835,-0.4114194932095126,0.6412532836008962,True,False,1175
train,TRAIN_0010,10,7,10,1.0,0.16060625808876686,0.5582305052677873,0.41267957077020634,0.2138137832445333,0.36083627856248146,0.08775679492746473,0.41267957077020634,0.02364479635413208,0.20185870802994954,0.5859846175134912,-0.09485769710890687,-0.027953355321387163,0.02384376519796375,0.03794307884356275,0.05938911965829883,-0.22150178928272324,0.039105584939496035,0.05932084411919428,-0.13490641711089513,0.1756545956813407,0.22542834989237473,0.01880246466381524,0.07342058611016784,0.4223020609949272,0.4720686904285052,0.36083627856248146,0.18289777643414917,0.20592630868137596,-0.023028532247226785,-12.590930680624222,False,0.06263923257237791,-0.023624728389520653,-0.020301162531306094,0.1574969296812848,0.00432862693186651,-0.04414492772926984,0.025055693028951165,True,False,727
train,TRAIN_0010,10,8,10,1.0,0.7595256798689296,1.2175671648796107,0.8573399008784012,0.819510183403362,0.9322808420284187,0.7595256798689296,-0.8573399008784012,-0.049121945893103196,0.8135385911532139,0.738392030904877,-0.6153475277242345,0.04373231058681159,-0.4841286245850288,0.4841286245850288,1.006134844266915,0.7756505765403964,1.0411909958090688,1.038629664900214,0.8216782237271497,1.178381610167862,1.0003173780033086,0.4582706414084289,0.31044945286922493,0.4230364127468579,0.14879494338851376,0.9322808420284187,0.17010935540849234,0.3317321554477642,-0.16162280003927185,-95.01111779017603,False,-0.8964576509784141,0.044364201864947675,-0.36834723118396867,-0.2811101232541796,0.0006318912781360861,0.11578139340106014,0.36834723118396867,True,False,307
train,TRAIN_0010,10,9,10,1.0,0.668749181059982,1.2980922649074866,0.654246733103431,0.7291028685754223,0.8592367405788122,-0.668749181059982,-0.654246733103431,-0.03748557121862306,0.6220571936856818,0.6309625432045556,0.6893869391237892,0.024188884096326527,-0.06929849826291531,0.27575477564951567,-0.35856496168063806,-0.7880869547698413,-0.2598416303798029,-0.3531298217541987,-1.0109688270019823,-0.4617933214912641,-0.41804509490476843,-1.0756869179112982,-1.0524564839898847,-0.5937649444752191,-1.012811694784069,0.8592367405788122,0.320462498024301,0.23884386441302002,0.08161863361128097,25.469012478674415,True,0.6145269492228248,0.03362375562951389,-0.00435966470257683,-0.07485998990096443,0.009434871533187363,0.06493883356033849,0.24581077968912993,True,False,579
train,TRAIN_0010,10,10,10,1.0,0.5075460035436012,1.1326999456378906,0.8572134531485845,0.5872668713114563,0.8079645078301685,-0.37838254061770066,0.8572134531485845,0.04911470097718015,0.5668262716743616,1.0447028868828727,0.2713733983901232,-0.06362129841462642,0.3593206604053915,0.3593206604053915,-0.659036889473231,-1.0055978181271223,-0.31671291754775804,-0.3227408238439974,-1.0561021275355578,-0.5073885786330492,-0.08652582999769169,-0.4922921136854486,-0.25485951294997555,0.4448354912763303,0.1981765636753535,0.8079645078301685,0.38747302706578934,0.26268040215164984,0.1247926249141395,32.2067902014121,True,0.27941624068662707,-0.04436648900839474,0.2959737787661848,0.008042842296503872,0.019254809406231685,-0.06334688163920671,0.2959737787661848,True,False,1027
train,TRAIN_0011,11,1,10,1.0,0.5662333566653452,1.0864858306613412,1.3024140335642376,0.6632009142705598,0.9528600576943331,-0.551260187967719,-1.3024140335642376,-0.07462278510808962,0.665464357681877,1.2859468259345608,0.5080955784426273,0.06956428004359559,0.1449402890055105,0.20323823137705094,0.21592820290289644,-0.08885251097789731,-0.09320526590306849,-0.2615569148948158,-0.6219598929661964,-0.595485494650147,-0.628620108610978,-0.9265391017324971,-1.0016696158286837,-0.8953503111000962,-1.0864858306613412,0.9528600576943331,0.12396106822265518,0.08567490643208235,0.03828616179057283,30.885633965177167,True,0.45752598838851477,0.0675044189275012,0.1680108589791196,-0.050569590054112545,-0.002059861116094394,0.023070569973609095,0.18301039535540592,True,False,551
train,TRAIN_0011,11,2,10,1.0,0.8846602363005889,1.302976979053837,0.1661242475947423,0.9047966693590714,0.7966081058206576,0.8846602363005889,-0.1661242475947423,-0.009518218174406122,0.8588526284740019,0.22295639481901658,-0.7338078473974745,0.01058755450539071,-0.5065397112437459,0.5065397112437459,0.7228451855378902,0.8258685382843949,0.8280166263535964,0.8839868036501879,1.0873524851477232,1.3022023600259156,1.0389952646309988,0.8370729016131049,0.7545850791817559,0.6511276362786554,0.5567209379431479,0.7966081058206576,0.11506231017487126,0.04174065822018443,0.07332165195468682,63.72343110724342,True,-0.6535852381673251,0.008565063979509693,-0.4695420684770978,0.08022260923014946,-0.002022490525881016,0.036997642766648076,0.4695420684770978,True,False,635
train,TRAIN_0011,11,3,10,1.0,0.4139066039176901,0.9446171983254347,0.9220287739413008,0.49685921957960644,0.7338516948132883,0.3947304427096773,0.9220287739413008,0.052828342366017904,0.5668406888754165,0.9333246127571058,-0.3897285138410769,-0.046718369956310665,-0.016795727420597633,0.15589140553643074,-0.1467388934993408,0.2660974427753024,0.00347984816332776,0.004678986483232426,0.46476113983867556,0.502306004566588,0.20519330587653756,0.7185001731801484,0.8564302319552255,0.5497459558282147,0.77528988044196,0.7338516948132883,0.18828046185386454,0.23601371869699098,-0.04773325684312643,-25.352209344044947,False,-0.24063934370705253,-0.05205182610376213,-0.28145423084571963,0.14908917013402434,-0.005333456147451468,-0.264658503425122,0.28145423084571963,True,False,1075
train,TRAIN_0011,11,4,10,1.0,0.854601307466145,1.4504763018903575,1.48427716506387,0.9649492387953245,1.2333013562056443,-0.8448176160124643,-1.48427716506387,-0.08504275473387848,0.9225535886760169,1.531713221817526,0.7653174326927933,0.08686888196497672,0.2669496996062466,0.30612697307711734,0.04789130132379034,-0.026744925525408945,-0.4042971827398747,-0.7340031799531705,-0.817646890871622,-0.8748549649532761,-1.2490399634530096,-1.1287508895235572,-1.1769152254285886,-1.4172032919311262,-1.4363858637400797,1.2333013562056443,0.21584510407030819,0.10635521772056505,0.10948988634974313,50.72613845995715,True,0.7035605101042908,0.07590401950756613,0.23482738138401946,-0.061756922588502516,-0.010964862457410587,-0.032122318222227136,0.2814242040417163,True,False,763
train,TRAIN_0011,11,5,10,1.0,0.560685177180164,1.1690188951625848,0.91068436034372,0.6418458722364013,0.8563011170295809,0.560685177180164,-0.91068436034372,-0.0521783558916324,0.5658874547215695,1.1018044237719904,-0.5222499737276614,0.05378507451583409,-0.12905965228650995,0.20889998949106453,1.0945097290024206,1.0723763418752557,0.7008957972320129,0.49452586940772336,0.6845209241316024,0.8418282770284451,0.33481893289954456,0.3306786313747624,0.3218381327486337,0.1028446731189288,0.18382536865870056,0.8563011170295809,0.2043063407404948,0.13056021901625686,0.07374612172423795,36.095855594569414,True,-0.4344945487922965,0.047154557484544606,-0.17590111064166086,0.08775542493536487,-0.006630517031289487,-0.04684145835515091,0.17590111064166086,True,False,863
train,TRAIN_0011,11,6,10,1.0,0.5285557639701739,0.9102598746372121,0.31623696785245164,0.5705852120459268,0.5835743031425439,0.5285557639701739,0.31623696785245164,0.018119042979956538,0.6014717812949134,0.20105358538532864,-0.4958775555200101,-0.011953701730818764,-0.10972852596282011,0.19835102220800405,0.4067251056744911,0.6388869781268718,0.19796192582344255,0.21591489594294366,0.6648822911543231,0.7552631010129714,0.31212404066604266,0.7041779921941581,0.7430674529406041,0.39710884309864386,0.7229620735269428,0.5835743031425439,0.22921538282354303,0.18127529874570333,0.0479400840778397,20.914863342634135,True,-0.42885553343576677,-0.016561546177287247,-0.09709695806430071,0.06702202208424335,-0.0046078444464684835,0.012631567898519394,0.1715422133743067,True,False,427
train,TRAIN_0011,11,7,10,1.0,0.41723642977525477,1.0399971404203574,1.6246383522405166,0.4934512566418645,0.9739067023950251,0.00872845563364248,-1.6246383522405166,-0.09308483892094192,0.48705532224723636,1.6956618120412168,-0.06178206280284835,0.09301297690353512,0.17814606087006335,0.17814606087006335,1.0399971404203574,0.8381070086390767,0.39612685646812473,0.15312477746140243,0.06065348906833839,0.06596477130090282,-0.35805467124042717,-0.2946170358623966,-0.4168479857354116,-0.6438236405211559,-0.5846412118201592,0.9739067023950251,0.1846156737062647,0.11567766059520629,0.0689380131110584,37.34136529531246,True,-0.029911757191853128,0.08447868142208025,0.14081170829479797,0.03187030561099522,-0.008534295481454873,-0.03733435257526538,0.14081170829479797,True,False,747
train,TRAIN_0011,11,8,10,1.0,0.38999370920975424,0.7431299766861413,0.26975477757857597,0.43450777517277445,0.4643143165596189,-0.3721491678524542,-0.26975477757857597,-0.015455809883848388,0.42251394398688435,0.4332961719891644,0.4979113340097356,0.017423722907397455,-0.4222905039416455,0.4222905039416455,-0.25319548195219205,-0.23864564003303138,-0.5351412904626134,-0.555789216116935,-0.1875094919589379,0.10290217649346957,-0.41920964553575213,-0.3954592709080773,-0.458038750136128,-0.722352701219472,-0.522950259530768,0.4643143165596189,0.15473183243499772,0.13326849778417754,0.021463334650820176,13.871311618982373,True,0.49743152168392185,0.014222844657622032,-0.4313048706288277,-0.00047981232581373323,-0.0032008782497754233,-0.009014366687182196,0.4313048706288277,True,False,647
train,TRAIN_0011,11,9,10,1.0,0.27973665114548624,0.79696718213546,0.8607683260849311,0.36422456183172713,0.617664103992936,-0.22195425733034796,0.8607683260849311,0.04931838004285015,0.4085177270473029,0.7958997913863175,0.26541146067273186,-0.05392778979072602,-0.14592277518819868,0.14592277518819868,-0.7472550928927789,-0.6767442525551782,-0.43502809109456025,-0.40432356904224503,-0.45946126273031856,0.012531854330559252,-0.06574904116167518,-0.06335939552981305,0.028894150419516387,0.15402624903860174,0.1135132331921522,0.617664103992936,0.14146866523210241,0.08267306585551633,0.058795599376586086,41.56086387054145,True,0.258798128002909,-0.04526936724530219,-0.11924395967728045,-0.006613332669822836,0.00865842254542383,0.026678815510918233,0.11924395967728045,True,False,639
train,TRAIN_0011,11,10,10,1.0,0.3137451100283376,0.5252209659544261,0.03407057729141644,0.33024823859474706,0.29493581984172873,-0.3137451100283376,-0.03407057729141644,-0.0019521002836170901,0.3513717121907692,0.10045110078957287,0.3013968826949704,0.004534582743725325,0.04146349655644651,0.12055875307798816,-0.39158172929546886,-0.19911682127814842,-0.2841087522308529,-0.3616688796739114,-0.3533703092570138,-0.25695622442860255,-0.46380023182518315,-0.20281877675545876,-0.2133458992790723,-0.42040337316581966,-0.4256523065868853,0.29493581984172873,0.1174097701869924,0.09433280486376516,0.02307696532322724,19.655063872856378,True,0.28733150241133687,0.0018249078193078346,0.0509249534095844,-0.014065380283633522,-0.00270967492441749,0.009461456853137894,0.11493260096453475,True,False,751
train,TRAIN_0012,12,1,10,1.0,0.23755703441669232,0.7315153543237012,0.7160191057714138,0.31545804366444585,0.5370732527199867,0.15555916492387273,0.7160191057714138,0.04102486580051224,0.31852218000432847,0.7410133496426624,-0.15734381031894185,-0.047332749000992665,0.005992571742906759,0.06293752412757674,-0.020063477489843305,-0.2177787967093563,-0.04906129220219368,0.01452329496689656,-0.08860030042861983,0.2576025435620138,0.32581217692636366,0.08373835009812199,0.24170077313226684,0.6362099601799159,0.6959556282815705,0.5370732527199867,0.18869365238487246,0.12025488985285857,0.06843876253201389,36.2697746675768,True,-0.14912661942593916,-0.03784348509851828,0.03163007119326362,0.008217190893002685,0.009489263902474385,0.025637499450356864,0.05965064777037567,True,False,683
train,TRAIN_0012,12,2,10,1.0,0.5919394953515259,0.9217769828340331,1.1804913722444614,0.6417796326324126,0.8724403183922473,-0.4902844281918711,-1.1804913722444614,-0.06763714196242385,0.6317012660568303,1.004795162102266,0.3747799316968246,0.07116448088744103,0.3878467866990952,0.3878467866990952,0.5008403118407119,0.2834450879650077,-0.2130055712320367,-0.4378812407900379,-0.4363297584604229,-0.6837156044790444,-0.9208761657412332,-0.7695169889650303,-0.7701769584579786,-0.9074059634485726,-0.6796510604037495,0.8724403183922473,0.23331747632030855,0.13798370624780196,0.0953337700725066,40.86010682784353,True,0.3220354094003948,0.061600584869770394,0.44742457998421387,-0.052744522296429786,-0.009563896017670631,0.05957779328511864,0.44742457998421387,True,False,591
train,TRAIN_0012,12,3,10,1.0,0.3485043175588505,1.070481061597431,0.7813029590128047,0.45732414469245325,0.7058189159199711,0.13506464779808247,-0.7813029590128047,-0.04476535296374876,0.4179119266593658,1.0247483819565948,-0.22431005062304787,0.06119859865882763,0.29967268603100317,0.29967268603100317,0.8836874703961197,1.0121054704188739,0.1282197329543107,-0.03894274511030796,0.4555573758289477,-0.0335319528849883,-0.46274375651509725,0.09815358309996729,0.10004766137900512,-0.4254436317342959,0.10238451138331503,0.7058189159199711,0.4125004418933566,0.31766004632207145,0.09484039557128515,22.99158641769508,True,-0.2720566025530402,0.04277996402316111,0.0903777909406498,-0.04774655192999233,-0.018418634635666523,-0.20929489509035337,0.10882264102121608,True,False,543
train,TRAIN_0012,12,4,10,1.0,0.7783078358506774,1.3045125158720237,0.08692153048405149,0.8343312988462885,0.7343556945466547,-0.7783078358506774,0.08692153048405149,0.004980236833011397,0.780873668644631,0.2816668954803043,0.6991468259857762,0.007371366338388357,0.2658108059825533,0.27965873039431044,-0.2958186732745295,-0.3107711768034063,-1.0849799431898135,-1.1591157509419359,-0.6080717735962397,-0.9131802899180638,-1.2228031411165772,-0.7413792907340518,-0.6359050103178487,-0.8883965137039256,-0.208897142790478,0.7343556945466547,0.36481408682338357,0.28869215126794995,0.07612193555543362,20.865952907209508,True,0.6996085271599882,-0.004465709350177924,-0.07641146423827966,0.00046170117421207024,-0.011837075688566281,-0.34222227022083296,0.2798434108639953,True,False,571
train,TRAIN_0012,12,5,10,1.0,0.6172986521499579,1.0167069885763977,0.9264070338849738,0.6676225051928859,0.8348860529026875,-0.5596573047176625,-0.9264070338849738,-0.05307919796812562,0.7377092964724774,1.139325896034011,0.502621795856847,0.054636168742512044,0.1915166899183337,0.2010487183427388,0.5282244878858904,0.0203128749666065,-0.4563849357748677,-0.5966308100742677,-0.5025341669706878,-0.6140135449313726,-0.8058618888726728,-0.9171616679012707,-0.9468929473081696,-0.7920860982348888,-0.3981825459990834,0.8348860529026875,0.3206326605009493,0.25760035614355875,0.06303230435739055,19.658728545903678,True,0.4786645674968304,0.047886664327376406,0.10021652517158364,-0.02395722836001657,-0.006749504415135638,-0.09130016474675007,0.19146582699873216,True,False,363
train,TRAIN_0012,12,6,10,1.0,0.23480239273534453,0.7690245189937486,0.8203117720973981,0.3002885761712824,0.5772704627650757,-0.022910178936871268,0.8203117720973981,0.047000391883713695,0.25228219195958423,0.7051325010697396,0.07557080045555976,-0.04806363316763189,-0.17682647395875584,0.17682647395875584,-0.05128725310364955,-0.36793400693578493,-0.4362577279030643,-0.3162592624622757,-0.031869308124464646,0.08547511989456426,0.13457900115723528,0.007571089481788444,0.016227424239115724,0.3334335984001402,0.7690245189937486,0.5772704627650757,0.22713089657287053,0.1614921043974178,0.06563879217545274,28.899103189333736,True,-0.03074553700810711,-0.04324449899845629,-0.039992563342372354,-0.10631633746366687,0.0048191341691756,0.13683391061638348,0.039992563342372354,True,False,647
train,TRAIN_0012,12,7,10,1.0,0.4069408495594178,1.161029640160541,0.9943620908844399,0.4768848981499311,0.8163882639963127,0.35484965813435176,-0.9943620908844399,-0.05697273233811098,0.44198333012474406,0.9007086463860164,-0.29078826605114105,0.05271423896601732,-0.21510855269612533,0.21510855269612533,1.161029640160541,0.6298846478200166,0.5544787485687479,0.4830784564536112,0.4717003966833648,0.5142576467541917,0.42138218031364155,0.01043859155188219,-0.18668284573204802,0.024900149026653016,0.1666675492761011,0.8163882639963127,0.17199741098226076,0.15407024681335924,0.017927164168901527,10.422926756002434,True,-0.3167067887900746,0.051487067474891096,-0.07127543969296762,-0.025918522738933525,-0.0012271714911262221,0.1438331130031577,0.12668271551602983,True,False,887
train,TRAIN_0012,12,8,10,1.0,0.39883168075131353,1.029584176444274,1.5703944214979688,0.46799665886839414,0.9464427494949063,0.039950384340413564,-1.5703944214979688,-0.089976898557602,0.506682441974216,1.5684888475565208,-0.019394401319193913,0.08957651062471228,-0.0690239099268581,0.07464709218726023,1.029584176444274,0.6567063104898428,0.3819540644136047,0.3074911681431762,0.3387195750488726,-0.014838275365387288,-0.09752560332967561,-0.2201780421691572,-0.5117014117688725,-0.6620356351340866,-0.540810245053695,0.9464427494949063,0.17154676832409085,0.10448195901835046,0.0670648093057404,39.09418402976832,True,-0.027479932735753013,0.08169458297114543,-0.15997766243139236,-0.0080855314165591,-0.00788192765356685,-0.09095375250453426,0.15997766243139236,True,False,811
train,TRAIN_0012,12,9,10,1.0,0.28079045196321795,0.5097361350967452,0.22652743983326767,0.29969941986168225,0.33508615005413744,-0.28057948278030403,-0.22652743983326767,-0.012979066024344385,0.30145023827229955,0.3569096495012819,0.28095514640535574,0.0076313564702760964,-0.0012614221461263026,0.1123820585621423,0.010653943737151197,-0.3053065509617423,-0.24838139499455852,-0.18356366112460917,-0.1848304501101518,-0.4112619905489352,-0.18179779968213575,-0.2646716811815241,-0.43542465676673825,-0.35555652008677885,-0.21587349609611647,0.33508615005413744,0.13199983868471543,0.09646471753467772,0.03553512115003771,26.92057922503537,True,0.24725493256091616,0.012150005886767802,0.013272437095641753,-0.03370021384443958,0.004518649416491705,0.014533859241768055,0.09890197302436646,True,False,595
train,TRAIN_0012,12,10,10,1.0,0.6330886959072347,1.2412664341646586,1.225591968137699,0.7240858270344188,1.0023927121663196,-0.5965722394246445,1.225591968137699,0.07022121202024487,0.7291450351675113,1.2945504575099578,0.5967911071478704,-0.07707789311386375,-0.0007349250093391822,0.23871644285914817,-0.9722783436927502,-1.22320644712871,-0.9805996214288563,-0.8434387596553475,-0.7227609648661898,-0.6605097061864497,-0.333404090921496,-0.4072684236706964,-0.34464747436260496,-0.021142365846948327,0.25331362444494887,1.0023927121663196,0.2634149347012763,0.12383166853288802,0.1395832661683883,52.98988317677645,True,0.5266700034161083,-0.06313305415478204,0.046255694317418584,-0.07012110373176217,0.013944838959081704,0.046990619326757764,0.2106680013664433,True,False,827
train,TRAIN_0013,13,1,10,1.0,0.24099201927125216,0.6701036918323897,0.8306894724644923,0.31462587648876966,0.5539981427193172,0.19022223802627547,0.8306894724644923,0.04759498991060464,0.3120159080889721,0.8080289529551237,-0.22497414993772016,-0.03978388527410305,0.11669171136624854,0.11669171136624854,-0.292058123387578,0.08168997470948045,-0.10710803441598857,-0.018995559588895827,0.2729973983453088,0.028993939494064078,0.08267059809982871,0.5360220232076247,0.5981710734316712,0.3640487900053919,0.5386313490769143,0.5539981427193172,0.14980545048464688,0.3223920803747591,-0.1725866298901122,-115.20717659588767,False,-0.3618656148811089,-0.02411817119545314,0.3367438274797854,-0.13689146494338875,0.01566571407864991,0.22005211611353684,0.3367438274797854,True,False,771
train,TRAIN_0013,13,2,10,1.0,0.4042415306808804,0.9575469450751193,1.4292748037007044,0.4698331696998474,0.8843023008069959,0.07637618810538473,1.4292748037007044,0.081891358253192,0.5040632864444172,1.3740416307676457,-0.24375968331359985,-0.08223860586439868,0.5620486884313953,0.5620486884313953,-0.4717278586255851,-0.32730209791008263,-0.2417099862583275,-0.13926223413104982,-0.2418258078371604,-0.3860174769769403,0.04334207898056404,0.3980579479336968,0.638426811150149,0.8262339387258397,0.9575469450751193,0.8843023008069959,0.10026906951870537,0.032677705631940626,0.06759136388676475,67.40998416680775,True,-0.22872828698115177,-0.07463854788464189,0.5272234705900533,0.015031396332448071,0.007600057979756797,-0.03482521784134207,0.5272234705900533,True,False,627
train,TRAIN_0013,13,3,10,1.0,0.30009754449711534,0.7791207296696825,1.0958618681920866,0.3524734003216718,0.6877713827398325,-0.06612597142851118,-1.0958618681920866,-0.06278823484232894,0.3083587967039298,0.9394896062944746,0.07263216327835646,0.06440846504859284,-0.02184681704333958,0.053673720873827366,0.3167411385224042,0.38520210706857866,0.23241470015908627,0.26017462508377664,0.21079554875381828,-0.20138625953777597,-0.15351089451938688,-0.122950297643891,-0.30765902792856975,-0.6163163814812135,-0.7791207296696825,0.6877713827398325,0.1571066585507654,0.10208404604115112,0.055022612509614266,35.022457365697825,True,0.04988204995829054,0.05772424877912267,-0.01946965398856057,-0.02275011332006592,-0.006684216269470168,0.0023771630547790093,0.04810354064926889,True,False,1027
train,TRAIN_0013,13,4,10,1.0,0.5383800360736135,1.0151179243456965,0.9753647786197036,0.6215582083985176,0.8208146425515558,-0.5267938677427965,0.9753647786197036,0.05588426757904512,0.5956825710504055,0.8148327012966919,0.44487278205438296,-0.04501220458789812,0.27507872690060214,0.27507872690060214,-1.0151179243456965,-0.593399159362128,-0.9079999990314468,-0.7383493841467698,-0.3550811610878199,-0.9027558291133109,-0.7022090491973045,-0.041243489479180356,0.016077596569834443,-0.38559080214922586,-0.03975314572599289,0.8208146425515558,0.2509275097546577,0.19725540340979347,0.053672106344864245,21.38948670767175,True,0.40517790895574446,-0.050715746853947016,0.2288353620838375,-0.039694873098638506,-0.005703542266048897,-0.04624336481676464,0.2288353620838375,True,False,1055
train,TRAIN_0013,13,5,10,1.0,0.3147018476983322,0.8480897888522059,0.9443563264322767,0.3931200181479281,0.6714563907096371,-0.0745119184869783,-0.9443563264322767,-0.05410761577650137,0.33078953307621634,1.048147720738732,0.10677730936450032,0.06430228770225391,-0.10834234642955112,0.10834234642955112,0.2715899046320364,0.5231912010673458,0.055615834399939,0.048190436733262385,0.40537606259692066,-0.14435714710360872,-0.3068677090549987,-0.04659641915254459,-0.17692222364974972,-0.7631641577031991,-0.6727664218002404,0.6714563907096371,0.2865811825536464,0.1825354561042064,0.10404572644943999,36.30584727242627,True,0.09645675996265318,0.04954658107114843,-0.12253372053472479,-0.010320549401847137,-0.01475570663110548,-0.014191374105173668,0.12253372053472479,True,False,891
train,TRAIN_0013,13,6,10,1.0,0.7252384855768979,0.9804203954634819,0.5067411818330197,0.7452418419486022,0.73824420305688,-0.7252384855768979,0.5067411818330197,0.029034128539311664,0.7587954633554655,0.24587470121009575,0.6735798413785764,-0.02834226144392942,0.17346198429954726,0.26943193655143055,-0.883750322024444,-0.8497719066019394,-0.8720116813782368,-0.7990177871838902,-0.7216726654565498,-0.9798313826302164,-0.7257594141048704,-0.5735600983965032,-0.4967101465207285,-0.4834949057077806,-0.3770091401914243,0.73824420305688,0.11776235409492758,0.06932869302416879,0.04843366107075879,41.128305767152625,True,0.6007969807905476,-0.026408512793424682,0.16172635633376636,-0.07278286058802885,0.0019337486505047394,-0.011735627965780898,0.24031879231621903,True,False,663
train,TRAIN_0013,13,7,10,1.0,0.4019358221797573,0.9843978032896238,1.1360469767063255,0.5155376909890758,0.8082679497516196,-0.3939589229206498,-1.1360469767063255,-0.06509066909181388,0.5664939258815539,1.1063101899490637,0.4576601474876496,0.06014283664084894,-0.21389916416083266,0.21389916416083266,0.15164917341670173,-0.1277564543705166,-0.03163518023647154,-0.046092632631014326,-0.25660682282861996,-0.3752882802569769,-0.2783825240512589,-0.7028451973907401,-0.8536241436166551,-0.7549981669591377,-0.9843978032896238,0.8082679497516196,0.13760864039870965,0.12040921324904254,0.017199427149667115,12.498798839835345,True,0.3989222473545106,0.05913623422910075,-0.15943086685223948,-0.05873790013313901,-0.0010066024117481934,0.05446829730859318,0.15956889894180423,True,False,395
train,TRAIN_0013,13,8,10,1.0,0.4847054419805596,1.0163457782128134,0.5732607079110495,0.5461260794177933,0.6769061863731061,-0.4762736205856792,0.5732607079110495,0.03284541552601265,0.5771526421387049,0.5359258956846883,0.30944257297012284,-0.030847452812913168,0.5601936522195237,0.5601936522195237,-0.43796549513839406,-0.47243034392140254,-0.5798142889989425,-0.5811900901207154,-0.6464404861804735,-1.0163457782128134,-0.6415027314777879,-0.3543798172244972,-0.19290983645715876,-0.06177962231219082,0.1352952127726555,0.6769061863731061,0.11042034486304464,0.09590669626755528,0.014513648595489356,13.143998611388842,True,0.28881809460356306,-0.029815214353052788,0.4947806057354169,-0.020624478366559784,0.0010322384598603802,-0.06541304648410678,0.4947806057354169,True,False,751
train,TRAIN_0013,13,9,10,1.0,0.3465229051956959,0.9063021208361647,1.1811836077458293,0.3805525691729261,0.7682578470505995,0.11892184941175282,-1.1811836077458293,-0.0676768040797774,0.3467265286360493,1.1710415317253318,-0.055162997306034564,0.06350718867482363,-0.2140926687982762,0.2140926687982762,0.9063021208361647,0.43956811153944997,0.4377578138002603,0.3789090222749699,0.24685909166877093,0.1702548722099724,0.208530802377584,-0.31057761919129306,-0.4487833371264661,-0.20366831366736246,-0.27488148690966463,0.7682578470505995,0.18158502930564668,0.16031398649846568,0.021271042807181006,11.714094982674624,True,-0.019352331250339087,0.06180342203899891,-0.17509590308010203,0.03581066605569548,-0.0017037666358247217,0.038996765718174176,0.17509590308010203,True,False,535
train,TRAIN_0013,13,10,10,1.0,0.6750777280496817,0.9161142850617869,0.21724332179351358,0.6836341619064004,0.6108940166621346,0.6750777280496817,0.21724332179351358,0.012447125270358128,0.7056390662354892,0.1700399802469349,-0.6690284461296581,-0.00864351885765629,-0.02031258198349755,0.2676113784518632,0.6572292956673463,0.6308912916459045,0.5685714679373558,0.6648960793442452,0.7904428945801758,0.4689022653172742,0.6594180051375994,0.7449374763064932,0.7300934098617246,0.7277961634254928,0.8744726174608599,0.6108940166621346,0.1480794762641082,0.10430721485186589,0.0437722614122423,29.55997854434059,True,-0.6148730908025433,-0.011379261171005626,-0.022414621883640934,0.054155355327114796,-0.0027357423133493354,-0.0021020399001433834,0.2459492363210173,True,False,1151
train,TRAIN_0014,14,1,10,1.0,0.42722007225635833,0.6904261769220785,0.5526991689841806,0.4711931472953662,0.5482229401783218,0.4216978037212782,0.5526991689841806,0.03166732649864171,0.4727446719809544,0.5339540001882702,-0.33288540805916467,-0.03291272174890864,-0.29821871287994905,0.29821871287994905,-0.029390342077872875,0.005082022269463875,0.27063224584182094,0.3958800498411662,0.42214591191263134,0.5813645354373602,0.6761649664744666,0.5456575065661473,0.503511082735738,0.5800560992898,0.5233088269063078,0.5482229401783218,0.09729411322731618,0.3748228318615514,-0.2775287186342352,-285.2471844682136,False,-0.4217027646598978,-0.03217285008659791,0.5746666118925892,-0.08881735660073314,0.0007398716623107301,0.8728853247725382,0.5746666118925892,True,False,875
train,TRAIN_0014,14,2,10,1.0,0.687882931852643,1.332638436852417,1.2903457460915073,0.7969800862281158,1.0729581430617818,-0.6649087217974732,-1.2903457460915073,-0.07393132433202952,0.7677217431400944,1.2380053573716996,0.5778722593357597,0.08128306400706703,0.29225539538090356,0.29225539538090356,0.11610375144023104,0.050570794468206205,-0.27365203458646514,-0.4374833547135757,-0.48943435124993645,-0.9267187587356005,-1.0073880395251125,-0.7877451491107298,-0.8890471791212452,-1.2706113358239943,-1.1742419946512763,1.0729581430617818,0.22779571022336084,0.14237773444612623,0.08541797577723462,37.49762262576394,True,0.6417580585644131,0.06601866715972929,0.011651497800859393,0.06388579922865345,-0.015264396847337741,-0.28060389758004417,0.25670322342576524,True,False,399
train,TRAIN_0014,14,3,10,1.0,0.16075852288641465,0.4171365339462533,0.42805788203121586,0.1930445952108436,0.32109034118024943,-0.008387496146344682,0.42805788203121586,0.024525908529707856,0.14079504076580995,0.11680459606385615,-0.009407240542714333,-0.012367680560112917,0.05975205861621165,0.05975205861621165,-0.010921348084962592,0.12163413587122698,-0.3170983401383187,-0.282455543744358,0.14328435059821432,-0.03871389986548568,-0.19211314752194167,0.18755887970930682,0.24158612746340238,-0.06013756229644744,0.4171365339462533,0.32109034118024943,0.232033395174191,0.16779874436105813,0.06423465081313287,27.683364614352577,True,-0.03504039402540103,-0.02327499993654791,0.1249278092567216,-0.0256331534826867,-0.010907319376434993,0.06517575064050996,0.1249278092567216,True,False,479
train,TRAIN_0014,14,4,10,1.0,0.3126501590710068,0.49694391186429215,0.11318908885787474,0.34001442251302255,0.31083639018925435,-0.3006492904686685,-0.11318908885787474,-0.006485257050791601,0.3351468142184926,0.302975958278302,0.28620928239431953,0.01237761596000041,0.048487382755574356,0.11448371295772782,0.1306021131294813,-0.07330549663470826,-0.41383794392775713,-0.4339128452213768,-0.2606961087145107,-0.23932164085557586,-0.41073213439171163,-0.4054723092063864,-0.3618635973064296,-0.36036438398356907,0.017413024271606566,0.31083639018925435,0.21519295776392947,0.355639395467537,-0.1404464377036075,-65.26535029909286,False,0.24137864313940272,-0.005584062777437859,-0.45473230465177794,-0.044830639254916815,-0.01796167873743827,-0.5032196874073523,0.45473230465177794,True,False,1011
train,TRAIN_0014,14,5,10,1.0,0.3297291729530917,0.5439668017607965,0.12904954909319064,0.3509628785002744,0.33591994499215105,-0.32706841600470477,-0.12904954909319064,-0.007393994470060142,0.35723974155832056,0.2455468752636895,0.30932182686503856,0.011202012694211956,0.05959038636200416,0.12372873074601543,0.06794318290420637,-0.1577901839734138,-0.3180528107800302,-0.3925916135089941,-0.3615486740332528,-0.31321292893240216,-0.37075768732367853,-0.4464457692085561,-0.4260511308780347,-0.3544687801968218,-0.06110636618898427,0.33591994499215105,0.1736393672711905,0.14717456901325693,0.026464798257933575,15.241243200685458,True,0.25367036763127104,0.006898708837716841,-0.1554819017470601,-0.05565145923376752,-0.004303303856495115,-0.21507228810906426,0.1554819017470601,True,False,667
train,TRAIN_0014,14,6,10,1.0,0.30478941113957486,1.1120121102302514,1.1372708109667933,0.3862320408386761,0.8048449037848535,0.027810058671834732,-1.1372708109667933,-0.06516078953916703,0.3606651168253093,1.198393176349323,-0.12905271807869564,0.06323505067946628,0.3399576754096831,0.3399576754096831,1.1120121102302514,0.5586419030297505,0.41226679332462113,0.1783919649185335,-0.1403359638470134,-0.12434077625843348,-0.09572577956266999,-0.4296178096453496,-0.40117679945319656,-0.14738745015469182,-0.025258700736541843,0.8048449037848535,0.21975026380853813,0.1740218066841652,0.04572845712437293,20.809284290195336,True,-0.1552026171402185,0.058976571776877845,0.3631352621331073,-0.026149899061522847,-0.004258478902588431,0.023177586723424237,0.3631352621331073,True,False,771
train,TRAIN_0014,14,7,10,1.0,0.7033486265402988,1.4531052050683553,1.6315727782660852,0.8027477054276726,1.2166827535051892,-0.49383419074336626,1.6315727782660852,0.09348215121238439,0.7291346797961662,1.546372647589119,0.48892876084699827,-0.10541230182550654,0.016471698335705793,0.1955715043387993,-0.8220664292766173,-1.391712155770776,-0.8805746831695284,-0.8258020461968154,-1.0835307939344403,-0.3388505663307377,0.024120222749068457,-0.6503325359643727,-0.35417183927262635,0.6505717887387134,0.8095063489894677,1.2166827535051892,0.47723937930248717,0.32915717347503864,0.14808220582744852,31.02891593813553,True,0.48250348982357766,-0.08347313320523078,-0.3488355104888294,-0.006425271023420609,0.021939168620275756,-0.36530720882453516,0.3488355104888294,True,False,567
train,TRAIN_0014,14,8,10,1.0,0.4718342438635116,1.3666718725540354,0.7583773131082778,0.6103715498067818,0.8401021838384256,0.34975268747020904,0.7583773131082778,0.04345181098934122,0.48815113290434453,1.1975997016565663,-0.36200971897176415,-0.061195525747449735,0.0411572746222188,0.14480388758870566,0.32580353110213517,-0.3817670151438079,0.36312400128673694,0.36340829928151835,-0.2744273616633497,0.41974235379082714,0.9362503231437871,0.034600370670299946,0.18703935236228625,1.254014608335526,1.084180844210413,0.8401021838384256,0.5303340081959504,0.3539287967074092,0.17640521148854127,33.263039662235315,True,-0.30322776825015607,-0.03898611887968145,0.10374362410074241,0.05878195072160808,0.022209406867768282,0.06258634947852361,0.12129110730006243,True,False,471
train,TRAIN_0014,14,9,10,1.0,0.48106704073831025,1.1826086772826403,1.098576607790754,0.5854020832175986,0.8872159060652711,-0.4661580103859981,-1.098576607790754,-0.06294377777655293,0.5328379920516596,0.6398371748785747,0.5398594667642689,0.05367455824365842,-0.2474784436862313,0.2474784436862313,0.29822404346046344,-0.2910221272556125,-0.12620905984786382,-0.27931669357660444,-0.5169002408280514,-0.20203966414354219,-0.2088434242097753,-0.9724206847978657,-1.037374253845592,-0.6469622036114392,-0.8003525643302906,0.8872159060652711,0.22453031533622897,0.19861928299068882,0.025911032345540153,11.54010419784027,True,0.4846348311128022,0.056718629292905415,-0.1109950501949697,-0.05522463565146668,0.0030440710492469977,0.1364833934912616,0.1938539324451209,True,False,719
train,TRAIN_0014,14,10,10,1.0,0.37963481699234397,1.1208265297259057,0.1971588778938963,0.4849673266482254,0.5577828000484664,0.2873145427321349,0.1971588778938963,0.011296371450485973,0.3115202014780438,0.26895629689216427,-0.3685718689251196,-0.028030516497193205,0.2728499220033472,0.2728499220033472,0.7130131162566833,-0.0653227885077208,0.4218801278312613,0.30359031092930294,-0.3033138266005764,0.22702092655679695,0.6592412611578019,-0.09685908979988216,0.08751753500886122,1.0095523765275034,0.9101719941505796,0.5577828000484664,0.45969445626178146,0.3590375604693972,0.10065689579238424,21.89647806739338,True,-0.40193370415752716,-0.00781291869264491,0.3599203952870529,-0.033361835232407544,0.020217597804548293,0.08707047328370571,0.3599203952870529,True,False,387
train,TRAIN_0015,15,1,10,1.0,0.4086708737787455,0.7452525569015727,0.9686123679461126,0.45573375877945416,0.6823341154658746,-0.23663069530146064,0.9686123679461126,0.0554973833114242,0.45308528323958597,0.9445961249539772,0.09365144374052992,-0.06140083393496506,0.48010289612341406,0.48010289612341406,-0.37659450492440405,-0.6273842224104524,-0.37445470688312055,-0.35329938677538125,-0.7122129319168877,-0.55877644186645,-0.1324665890921793,-0.21670186113231807,-0.041361876749217694,0.5106214442991144,0.5920178630217086,0.6823341154658746,0.22349317430322171,0.14875335919915647,0.07473981510406524,33.441654465322905,True,0.10156664746469095,-0.05111788341804037,0.48867790138877537,0.007915203724161032,0.01028295051692469,0.008575005265361313,0.48867790138877537,True,False,759
train,TRAIN_0015,15,2,10,1.0,0.2910294149839739,0.6951374894363589,0.0850615634473777,0.3502496695661707,0.35639350731693015,-0.22916297587103668,-0.0850615634473777,-0.004873668572564588,0.306388948248109,0.11595072738959344,0.3599358848938918,-0.005102093874935288,-0.4391158274429828,0.4391158274429828,-0.286365309134476,-0.6148462406456788,-0.18770906833551285,-0.04382154071222508,-0.32028142459413966,0.05539853801859168,0.24247074843821462,-0.4418786712502009,-0.5741707742175748,-0.11689026685517086,-0.3714268725818537,0.35639350731693015,0.24688270607123206,0.18278853873985723,0.06409416733137482,25.961383991344455,True,0.35277189584418417,0.00450004156728251,-0.45006685693613535,-0.007163989049707609,0.009602135442217798,-0.010951029493152575,0.45006685693613535,True,False,871
train,TRAIN_0015,15,3,10,1.0,0.24004120557090564,0.5979514858543471,0.358446706693329,0.2981870654413944,0.38875052597971393,0.20768240051681264,-0.358446706693329,-0.02053748259431191,0.24381900424259845,0.15472624422281334,-0.10957770173095004,0.011728793633686362,-0.32942087398139674,0.32942087398139674,0.2565820785996886,-0.01971748721922614,0.3603549228172386,0.44153625317910705,0.16180337699967096,0.4117182157764648,0.5211670301019983,0.014000051281357367,-0.0952170291320095,0.1713661636592313,-0.1018646280936404,0.38875052597971393,0.19740687893938175,0.18370943190857705,0.013697447030804694,6.938687802774494,True,-0.17469805440131242,0.01839360011917854,-0.17518454306831488,-0.06512035267036238,0.00666480648549218,0.15423633091308186,0.17518454306831488,True,False,971
train,TRAIN_0015,15,4,10,1.0,0.45153731289098453,0.8358844732582158,1.670913324550758,0.49508783960718844,0.9370093171707063,-0.14928087968599812,-1.670913324550758,-0.09573619233206783,0.47363897249237874,1.5135826648278845,0.08605609170283071,0.08666031444008773,0.21229936152359785,0.21229936152359785,0.8358844732582158,0.32879751548724523,0.4607748050448816,0.30608263601703517,-0.2527172305503057,-0.3023684694054994,-0.19655444341071832,-0.587561504839692,-0.7195281742617771,-0.5496968190712052,-0.8350288512925421,0.9370093171707063,0.157161283286005,0.1766731010381124,-0.01951181775210739,-12.41515552949477,False,0.04656529548792643,0.08334799842486297,0.28909748912895905,-0.039490796214904283,-0.0033123160152247616,0.0767981276053612,0.28909748912895905,True,False,879
train,TRAIN_0015,15,5,10,1.0,0.6707309249812335,1.0905725849317087,0.3329444057606808,0.7041223194675876,0.6986866066488456,0.6707309249812335,-0.3329444057606808,-0.01907630855769603,0.6792427803986971,0.30983049138651203,-0.5405531672895691,0.01029540892857772,-0.4371173984778222,0.4371173984778222,0.7923049259246687,0.4258020006050518,0.6980891550430423,0.8386017092860839,0.6881941996090791,0.9938147851717756,0.9846011464118052,0.4797793804771458,0.35951900450355406,0.5972620836973184,0.45936052016398793,0.6986866066488456,0.19034407514095103,0.32626285962073037,-0.13591878447977934,-71.40689006428521,False,-0.6592486488607361,0.001673891913246628,0.12867357825068715,-0.11869548157116694,-0.008621517015331093,0.5657909767285094,0.2636994595442944,True,False,1199
train,TRAIN_0015,15,6,10,1.0,0.45585060159111224,0.9638547941167354,0.7190520352728458,0.5152242260822038,0.6931496519024284,-0.3355803434789484,0.7190520352728458,0.041198639771036084,0.4240702416760885,0.9021806417884604,0.17959487074749336,-0.0550598626054034,0.5237758373608309,0.5237758373608309,-0.3486486209017552,-0.8113401317139177,-0.3911840352300612,-0.3189114074808222,-0.893275225669596,-0.6892699412038981,-0.19262353273433105,-0.3381344261233598,-0.1776570776585514,0.3745208880073916,0.3704034143710906,0.6931496519024284,0.3016515987857155,0.1896513721431254,0.1120002266425901,37.129001501547414,True,0.14505019465858313,-0.03750189524667801,0.5154173407866441,-0.03454467608891024,0.01755796735872539,-0.008358496574186747,0.5154173407866441,True,False,923
train,TRAIN_0015,15,7,10,1.0,0.23100610302159613,0.6359442462814967,0.14439123936946607,0.2904931321380545,0.3324517898155731,-0.05970028621041442,0.14439123936946607,0.008273008557039436,0.2335771903524988,0.4606452730408058,0.20423930267150742,-0.02149716793562676,-0.4853403528709087,0.4853403528709087,-0.2777252502758954,-0.6359442462814967,-0.11229147956267575,0.1132001217919555,-0.14708810211858747,0.2606045827172592,0.4259317709936553,-0.14901025320331646,-0.26089723735169373,0.10322714586758439,-0.13333401090642932,0.3324517898155731,0.2806823802914048,0.2244760292858743,0.05620635100553051,20.024894668192925,True,0.10042284083027699,-0.0076741648179189425,-0.1569383718318407,-0.10381646184123043,0.01382300311770782,0.32840198103906804,0.1569383718318407,True,False,563
train,TRAIN_0015,15,8,10,1.0,0.560964036079821,1.348196074513193,1.4806110043978857,0.6833423494213657,1.0852655694394064,0.0852406087559314,1.4806110043978857,0.08483269966232647,0.5966280951782047,1.7168025206938424,-0.13514736646042758,-0.1072146415585665,0.16757941203690924,0.16757941203690924,-0.5191149480115338,-1.0799691385280237,-0.04209641174153276,0.17649069210331045,-0.6961403646937989,-0.028219047933393877,0.7158837610955486,0.06862170504305677,0.229229860425136,1.2886273441960232,0.961496056386352,1.0852655694394064,0.5570339790063397,0.34132557370159655,0.2157084053047431,38.72446088289492,True,-0.12468896838630499,-0.07615526681261872,0.15265829772579254,0.01045839807412259,0.031059374745947776,-0.014921114311116701,0.15265829772579254,True,False,507
train,TRAIN_0015,15,9,10,1.0,0.40173322472696615,1.1387020184777892,0.8159375626677801,0.5055373109315304,0.7574655728549137,0.2546528356950033,0.8159375626677801,0.04674976831244002,0.48571499946202507,1.417628937831398,-0.3004788647294265,-0.06307784730164644,0.15387693680776054,0.15387693680776054,0.09812882804362028,-0.4690595191834496,0.19065947071707678,0.3315968085966504,-0.25712998153299493,0.16323931137776385,0.6568496278615049,0.163307951320117,0.2550772337373387,1.024399601483371,0.9140663907114003,0.7574655728549137,0.4186194821747888,0.26753394030717825,0.15108554186761053,36.09137851938932,True,-0.264403374020052,-0.041186240871794434,0.12006718543951227,0.03607549070937449,0.021891606429852002,-0.03380975136824828,0.12006718543951227,True,False,371
train,TRAIN_0015,15,10,10,1.0,0.3007759564232913,0.6867986598837269,1.0189494723341048,0.35569908054452,0.6375271346467889,0.05924412197792529,-1.0189494723341048,-0.05838148409681721,0.26037762535323894,0.6447355349722348,0.041720667629624925,0.04646369382469889,-0.339024630272449,0.339024630272449,0.5227458390538137,0.024149084889245997,0.4222108866669083,0.48849640702224806,-0.00022229113552111462,0.2703763454716713,0.4166159882995369,-0.3056143641808555,-0.5187782219890145,-0.1713766072371089,-0.4962036332802912,0.6375271346467889,0.26880294219190426,0.21081150533076373,0.05799143686114053,21.57395911974028,True,0.010423236667780226,0.05398382893773662,-0.30606167148942914,-0.0312974309618447,0.007520135113037729,0.03296295878301986,0.30606167148942914,True,False,991
train,TRAIN_0016,16,1,10,1.0,0.5783284864230214,0.7427673731799017,0.21443913597921843,0.5843334351203691,0.5190938421866794,0.5783284864230214,0.21443913597921843,0.012286457265713778,0.5828619691275645,0.21382192676310396,-0.570108944673289,-0.01174651414315435,-0.027599989199636774,0.2280435778693156,0.321225874394562,0.47372565205116013,0.5500235762469167,0.5805378362715665,0.5834301749869413,0.5686760964900529,0.6104197102617458,0.6655736800963525,0.7427673731799017,0.6399087235027203,0.5356650103737804,0.5190938421866794,0.0902020566836031,0.12546693347159119,-0.03526487678798809,-39.09542430022943,False,-0.5752514611032505,-0.01133863947784852,-0.1659550443769477,-0.005142516429961552,0.0004078746653058303,-0.13835505517731092,0.23010058444130022,True,False,287
train,TRAIN_0016,16,2,10,1.0,0.2253100561458611,0.7280508111714022,0.38683018043508,0.27729093691030954,0.42978640801673396,-0.12643678598435007,0.38683018043508,0.02216373562170492,0.24186580779712294,0.37263815219746665,0.2914151481163324,-0.017133165468793538,-0.5539726120576882,0.5539726120576882,-0.7280508111714022,-0.36087862601649723,-0.33118732508656373,-0.20550068993552928,0.1419558676687163,0.22295573833226595,0.020191258549744795,0.08025303274887978,0.047516547426796896,-0.28191319421859223,-0.34122063073632225,0.42978640801673396,0.1534308695202135,0.1389936322096257,0.014437237310587797,9.409604048868266,True,0.2808104402522979,-0.0204261425427465,-0.39872838732154403,-0.010604707864034502,-0.003292977073952961,0.1552442247361442,0.39872838732154403,True,False,759
train,TRAIN_0016,16,3,10,1.0,0.6428562563357848,1.337957535206374,1.3786158514438664,0.7642235573107217,1.0842512486268796,-0.6393126773215452,1.3786158514438664,0.0789888198160258,0.7795126152043066,1.3153996579137641,0.5337165257418671,-0.07780833333963899,0.35457604959756023,0.35457604959756023,-1.337957535206374,-1.0927782338827878,-0.8882921928835334,-0.8670726075970313,-0.93942640693339,-0.9064826658132626,-0.6732960942679403,-0.32124045427433756,-0.02052798380759247,-0.005336408219142848,0.040658316237492526,1.0842512486268796,0.14186344401465603,0.06096851068504371,0.08089493332961231,57.02309984893289,True,0.497583929524972,-0.07078608864913122,0.29910200267043996,-0.03613259621689513,0.007022244690507773,-0.05547404692712027,0.29910200267043996,True,False,723
train,TRAIN_0016,16,4,10,1.0,0.2582076117600219,0.673652238077367,0.9117209562662631,0.31893940914709507,0.5849681827458052,0.1387819509167307,-0.9117209562662631,-0.05223774841374155,0.25073177617168263,0.8053637195626175,-0.15009419503808247,0.04814418630500104,0.037984820210095735,0.060037678015232986,0.47869817331540254,0.31366665530281956,0.6220956613214497,0.4877588320665031,0.015362760629935374,0.09332281960533662,0.1788091960137328,-0.12673577045531415,-0.13328206939261214,-0.05569578031008518,-0.43302278295086055,0.5849681827458052,0.13672407301664358,0.1345365353570354,0.002187537659608191,1.5999652521629453,True,-0.15285469602431442,0.04836546580812256,0.04519465050669007,-0.0027605009862319563,0.00022127950312152145,0.007209830296594333,0.06114187840972577,True,False,1255
train,TRAIN_0016,16,5,10,1.0,0.17799279611846267,0.6942914904049233,0.46574734523506456,0.22861899591404125,0.4242713891189393,-0.1330705909450105,0.46574734523506456,0.02668535527185747,0.24635783979615147,0.5015085313195969,0.15306048074564074,-0.02365260203424089,-0.06712305374168653,0.06712305374168653,-0.6942914904049233,-0.36449472793379245,-0.17336727966745424,-0.07761326218043402,-0.07192706667959425,-0.20643870268920753,-0.13290707058075943,0.13705062493693557,0.20083634207161838,-0.05367808744653148,-0.22854414516985874,0.4242713891189393,0.14939090913570152,0.13538652822303207,0.01400438091266945,9.3743193569753,True,0.19978325233608202,-0.024650940513678946,-0.14852614534098674,0.046722771590441275,-0.0009983384794380566,-0.0814030915993002,0.14852614534098674,True,False,803
train,TRAIN_0016,16,6,10,1.0,0.4629684428293468,1.0856605107357866,1.6772424551798335,0.55779955891244,1.023541378514734,0.2982597617204227,1.6772424551798335,0.09609882378881164,0.5568192951232277,1.6601083689311935,-0.3084145665001322,-0.08645448314082271,0.03409831238505788,0.12336582660005288,-0.6718084711745415,-0.14771851395276336,-0.243467142295249,-0.09414046392108208,0.32251812887249265,0.26414060142517226,0.17602456550924614,0.814776314100655,1.0856605107357866,0.7672900723589036,1.005433984005292,1.023541378514734,0.17550836363118444,0.159844851748552,0.01566351188263243,8.924652682391786,True,-0.2688159278702142,-0.08709837256117083,0.02022447484421215,0.039598638629918026,-0.0006438894203481121,-0.01387383754084573,0.10752637114808568,True,False,931
train,TRAIN_0016,16,7,10,1.0,0.37171991207837324,0.6926259084599742,0.02095549771202393,0.4158270572000684,0.3671731011951182,-0.37171991207837324,-0.02095549771202393,-0.0012006615763192742,0.34092229017360876,0.007313358843996726,0.34561937709848567,0.00923193596197307,0.08764168435218372,0.13824775083939428,-0.4064067602118408,-0.134983150035402,-0.4158628072446147,-0.428503675167228,-0.16848551754070482,-0.46861069981229414,-0.6926259084599742,-0.16664270730777106,-0.07794983170199465,-0.5750118743566882,-0.42736225792386473,0.3671731011951182,0.22924022845781036,0.16326207240424642,0.06597815605356394,28.781229410485707,True,0.3092298223280946,0.0011089224445534136,0.10645951380733368,-0.036389554770391075,-0.008123013517419658,0.018817829455149954,0.12369192893123784,True,False,943
train,TRAIN_0016,16,8,10,1.0,0.5492461579430443,0.927513613448216,0.3042928934526735,0.5847870689469938,0.5927945063478794,-0.5492461579430443,0.3042928934526735,0.017434697992545146,0.5837670732357243,0.15929578074952921,0.5274790530918545,-0.009287520992410524,0.07309067550143668,0.2109916212367418,-0.6592014496361548,-0.44740898202175744,-0.7205965382263918,-0.6931333567641296,-0.33759779227482645,-0.6284723395613836,-0.8520423098138833,-0.27594322871084914,-0.18927122723779066,-0.6439763270138276,-0.35490855618348127,0.5927945063478794,0.2327479706737785,0.17215867445934194,0.06058929621443657,26.032148009298446,True,0.4597730224743327,-0.015885018673719945,0.11353053257331623,-0.06770603061752178,-0.006597497681309421,0.040439857071879554,0.1839092089897331,True,False,1215
train,TRAIN_0016,16,9,10,1.0,0.35113433520333776,1.070025354785251,0.9438349071755585,0.45328030379733875,0.7548264095289781,0.23826323121566279,-0.9438349071755585,-0.05407774068036273,0.38083971662448485,1.0771925599739356,-0.3188525350857013,0.06268794953161992,0.2706068031702283,0.2706068031702283,0.9263441022557655,0.9353652258486735,0.48086001617179047,0.29358990016691844,0.46566119271473694,0.09810907099376318,-0.28891469950773685,0.1686263667314887,0.2361896775269467,-0.2617151207864197,-0.017490804919793098,0.7548264095289781,0.2958415006633155,0.19193550575919516,0.10390599490412034,35.122183558138204,True,-0.2961313350202705,0.04915180314160594,0.36428599524996963,0.022721200065430824,-0.013536146390013978,0.09367919207974135,0.36428599524996963,True,False,391
train,TRAIN_0016,16,10,10,1.0,0.45680149890273675,0.9745140233679885,0.6382293613436117,0.5119802226038132,0.6720614873446824,-0.45680149890273675,0.6382293613436117,0.03656784380117764,0.4533862337185485,0.38795676945116486,0.5170028271248632,-0.030320361159463037,-0.2021470368209485,0.20680113084994528,-0.7839271680173419,-0.5741841653170029,-0.7331154738131384,-0.7068995011570192,-0.2758165220078044,-0.23830305256924578,-0.5711797928324885,-0.26495231698692334,-0.0914052881586718,-0.4236626043600065,-0.14569780667373008,0.6720614873446824,0.18717201610645,0.2640764116342998,-0.07690439552784978,-41.08754990602446,False,0.2522387305304796,-0.03850573122772603,0.20740392427792287,-0.2647640965943836,-0.00818537006826299,0.40955096109887135,0.20740392427792287,True,False,915
train,TRAIN_0017,17,1,10,1.0,0.27376789116356387,0.6339136410479411,0.2932787209977914,0.3074212432022937,0.3910302002830183,0.27376789116356387,-0.2932787209977914,-0.016803632452394624,0.30871086823846516,0.29115808974129115,-0.35021935023510864,0.01677907955594459,0.25671254054276227,0.25671254054276227,0.6339136410479411,0.4834611999319467,0.3637431882663065,0.26358089371648474,0.19087487359537103,0.15244618324587464,0.14949810956903592,0.1445311355571497,0.2263541116725573,0.2594155068897101,0.3406349200501497,0.3910302002830183,0.07103372808117622,0.059535535088476615,0.011498192992699607,16.186948514879656,True,-0.3436826410911499,0.015607907947747073,0.2690822902827168,0.006536709143958763,-0.0011711716081975188,0.012369749739954528,0.2690822902827168,True,False,1295
train,TRAIN_0017,17,2,10,1.0,0.18483159679238695,0.508046232111814,0.336601503314048,0.2248010621220989,0.33132390587768457,0.12570092471759667,0.336601503314048,0.019285844789288017,0.2263909349822291,0.31780714290753675,-0.02980089666083373,-0.013515316812171843,-0.3220179201228213,0.3220179201228213,-0.0440059903461529,0.0355173450002871,-0.20355064907027542,-0.12442859829569806,0.3873360610002973,0.3913458469009549,0.11748909105581612,0.23844944781895838,0.2205631553356255,-0.005500015180887039,0.2925955129678951,0.33132390587768457,0.15927188498687328,0.12374059065249078,0.0355312943343825,22.308579029695593,True,-0.018462891758438345,-0.018069325283315417,-0.2716091455401961,0.011338004902395383,-0.004554008471143574,0.050408774582625215,0.2716091455401961,True,False,495
train,TRAIN_0017,17,3,10,1.0,0.501031072722302,1.0179679710920675,1.2036827765208913,0.567536933569796,0.8735582394575577,-0.3855860502225881,-1.2036827765208913,-0.06896590966011133,0.5420444573010816,1.3069121275501845,0.3364806558941647,0.07585302981699411,0.16488855393337623,0.16488855393337623,0.3823494494146737,0.3063140960704044,-0.15147837791570504,-0.32399687707342506,-0.1461760244764533,-0.4495691485896957,-0.7460086854706258,-0.5702168277724615,-0.6585887551923929,-0.9860277163253305,-0.8213333271062175,0.8735582394575577,0.23010775148921758,0.1428481606671111,0.08725959082210649,37.921187034064474,True,0.30352406381802816,0.06259613617667009,0.17863913737302872,-0.03295659207613655,-0.013256893640324022,0.013750583439652492,0.17863913737302872,True,False,755
train,TRAIN_0017,17,4,10,1.0,0.5213497358321445,1.4507808380480127,0.9864332599335822,0.6682829324268802,0.9543974433868099,0.4755119141032471,-0.9864332599335822,-0.05651844423376205,0.6114374239351807,1.2269806459823867,-0.4568111606178979,0.07026179856039348,-0.06279432721873027,0.18272446424715916,1.2362787203539736,1.2569085285867159,0.4047303290238593,0.2961546282419904,0.975616231341887,0.6312824288808637,0.0017642922202908279,0.37600263637971254,0.27780297997493714,-0.2893110951566239,0.24984546042039138,0.9543974433868099,0.4425088710090954,0.2828066316945553,0.15970223931454014,36.09017802295258,True,-0.40675142737511766,0.05058810068917687,0.026544722963693215,0.050059733242780236,-0.01967369787121661,0.08933905018242348,0.16270057095004706,True,False,871
train,TRAIN_0017,17,5,10,1.0,0.5254106028786337,1.1452072995612677,2.0794298029398717,0.6294487635804827,1.1879591879719802,-0.19274030725049285,2.0794298029398717,0.11914237977736561,0.5591363218013197,1.7047110791374216,0.20765990594334258,-0.11129180659339577,-0.05009777616847937,0.09274317216116315,-0.982453461891828,-0.8165383599403471,-1.0589374869770602,-0.8575320618035863,-0.14945946717017308,-0.06192257480314526,-0.17671744285588767,0.2360957906175891,0.4270688095195659,0.41729413603832255,1.0969763410480435,1.1879591879719802,0.23879928642747736,0.2464326879544891,-0.007633401527011752,-3.196576355486721,False,0.28133694058523395,-0.10531481295116714,0.01981469562189675,0.07367703464189138,0.005976993642228631,0.06991247179037613,0.11253477623409358,True,False,839
train,TRAIN_0017,17,6,10,1.0,0.6021989667343844,1.0386286132389448,1.4828260721917026,0.669041940660485,1.004000289715558,-0.46840987936344436,-1.4828260721917026,-0.08495961341960963,0.6436084713320966,1.410445462693639,0.35611175559172786,0.08725926432912243,0.3770802676852096,0.3770802676852096,0.6247308852968619,0.31915579983422493,-0.07825041050018795,-0.28363689750899784,-0.37137669742781854,-0.6964083547970054,-0.7902918792852245,-0.8066388775270973,-0.9191133394212062,-0.9862583793127786,-0.8580951868948407,1.004000289715558,0.23490789813060692,0.1243220340967646,0.11058586403384232,47.07626474626131,True,0.2792125837616829,0.07704727257895075,0.419237130293595,-0.07689917183004497,-0.010211991750171678,0.042156862608385415,0.419237130293595,True,False,1351
train,TRAIN_0017,17,7,10,1.0,0.2571477038978597,0.770192399138873,0.8849254427612814,0.3278590799969808,0.6064655717391022,-0.05873383182248377,0.8849254427612814,0.05070247981905022,0.2496481138015286,0.6769122886229824,0.07997544151834739,-0.03973926885373607,-0.0713261415343286,0.0713261415343286,-0.2621697900124439,-0.07528873913947293,-0.6244805737623222,-0.5716536338651773,0.18415571990869353,0.08841665777765025,-0.22267561273551564,0.15552326198925545,0.22742648608940044,0.033808776410622465,0.6227556527488375,0.6064655717391022,0.2803179881672603,0.236540019321052,0.04377796884620827,15.61725279652293,True,0.061705033834389515,-0.046626603705216325,0.043516337684296066,-0.018270407683957872,-0.006887334851480256,0.11484247921862467,0.043516337684296066,True,False,583
train,TRAIN_0017,17,8,10,1.0,0.2912782315990246,0.5122524128111012,0.3612870346352654,0.32672631905805016,0.38211793561942237,-0.2836006620231882,-0.3612870346352654,-0.020700221376742486,0.35514599726090057,0.4691646724170191,0.316672106406858,0.021238826402739733,-0.11104895328688989,0.1266688425627432,0.06970578520425857,-0.07869724070335567,-0.32562981772258964,-0.3443373731793759,-0.12177541958684844,-0.14058107332678604,-0.3049825749448877,-0.432759761439668,-0.49477941664004765,-0.44522411630136016,-0.29158124943100683,0.38211793561942237,0.15767683256305734,0.17308260402611184,-0.015405771463054496,-9.77047243569755,False,0.23611465125488174,0.025592075798408408,-0.01728212012128494,-0.08055745515197626,0.004353249395668675,0.09376683316560495,0.0944458605019527,True,False,575
train,TRAIN_0017,17,9,10,1.0,0.3800658465707426,0.9046384961923326,0.5744991445913795,0.4311540320361247,0.6008764494099489,-0.37239594546765226,-0.5744991445913795,-0.032916372697620835,0.4463812343513669,0.583308818864213,0.36297551058861155,0.022561978207935554,0.0316324083305339,0.14519020423544463,0.15404914541673242,-0.3079845355626585,-0.1883424312427554,-0.23877902711076687,-0.5145399878354555,-0.34449877335420764,-0.21717624051228526,-0.7152665852512009,-0.7706072847099863,-0.32379352469274864,-0.4204499991746471,0.6008764494099489,0.22662654771659424,0.1897787621701752,0.03684778554641904,16.259253788968586,True,0.31050792693690515,0.03003640884750378,0.1684068043834617,-0.052467583651706395,0.007474430639568225,0.1367743960529278,0.1684068043834617,True,False,687
train,TRAIN_0017,17,10,10,1.0,0.3287768009258869,0.7034860250043229,0.48157419162485127,0.38330911526611805,0.4924820167931302,-0.01854586946292679,0.48157419162485127,0.027592166569527964,0.268839189455195,0.5965324555017198,0.054161301381517035,-0.04394665596607568,-0.11959128212050171,0.11959128212050171,-0.07673106019196999,-0.650458888983063,-0.0495058826315013,0.037608461728734305,-0.4302265800722659,0.11354919738396997,0.5063305315687737,-0.2696812592026742,-0.25527824881271993,0.5874935065142473,0.4048431314328813,0.4924820167931302,0.4171984712409921,0.35927262756303424,0.05792584367795783,13.884481289121823,True,0.04708178573478661,-0.03550454626248216,-0.043893245572706796,-0.007079515646730428,0.00844210970359352,0.07569803654779492,0.043893245572706796,True,False,547
train,TRAIN_0018,18,1,10,1.0,0.26246927894522454,0.7851807904251052,1.0555297087395643,0.32980464164284706,0.6639343975972529,0.0861476191140146,1.0555297087395643,0.06047737500130943,0.3292298232234779,1.0681210203280769,-0.16262932495796606,-0.058330562318542625,0.25681410467093024,0.25681410467093024,-0.27169983341657067,-0.15065326439960905,-0.2850724363217274,-0.20400334502436662,-0.024339013277809237,-0.0805358399987337,0.009757070482280885,0.28273340348107223,0.4530977883016199,0.5185200604513972,0.7838298753229935,0.6639343975972529,0.08907299557222861,0.2304093996815534,-0.1413364041093248,-158.67480733228084,False,-0.08208331886543185,-0.07018603876758091,-0.003843407371544205,0.0805460060925342,-0.011855476449038282,-0.26065751204247445,0.058488365639650756,True,False,1191
train,TRAIN_0018,18,2,10,1.0,0.6045620126120405,1.1334943857633701,1.3669858955116814,0.7051377463204749,1.002026462798175,-0.5842738805653971,1.3669858955116814,0.07832247368098005,0.709016362313451,1.3995985360042242,0.6052410078547111,-0.0747583183724614,-0.07040447075426332,0.24209640314188446,-1.1134820507337997,-1.0185057627357132,-1.1300620330551612,-1.0216017926522827,-0.587396427555658,-0.4525742241313351,-0.5253163735766498,-0.4306498334886419,-0.2387960583798281,-0.09034517862975464,0.2535038447778818,1.002026462798175,0.1584822346557379,0.09799893789303032,0.060483296762707583,38.16408627382878,True,0.5366664015121686,-0.07070127380548577,-0.07903938613710733,-0.06857460634254253,0.004057044566975629,-0.008634915382844013,0.21466656060486744,True,False,719
train,TRAIN_0018,18,3,10,1.0,0.5484786962400028,1.2463979243175591,1.7232306737165974,0.6297667084045885,1.1184088591227066,0.38477634601994576,-1.7232306737165974,-0.09873374700078157,0.57313192695878,1.648294848182632,-0.3285193356544249,0.09583876119369197,-0.18890260865732275,0.18890260865732275,1.2463979243175591,0.9670527570949008,0.8825421745181767,0.7427343091079909,0.5609867607750549,0.5467105504930875,0.37706802553328117,-0.1139250791120528,-0.2992605164566684,-0.2537080202259856,-0.47683274939903836,1.1184088591227066,0.13504531397938574,0.07788159346350765,0.05716372051587809,42.32928846727992,True,-0.29205615944223784,0.08893876488405231,-0.17343039450330935,0.03646317621218709,-0.006899996309639667,0.015472214154013397,0.17343039450330935,True,False,731
train,TRAIN_0018,18,4,10,1.0,0.48247240165485633,0.9457680562782071,1.563198119330147,0.5687278533268767,0.9543043585116507,-0.21458543746974187,1.563198119330147,0.0895645818274627,0.48960888519375084,1.438419291825039,0.10968301058069325,-0.09631298297435603,0.35224662606618967,0.35224662606618967,-0.8303034915819023,-0.9162622487169327,-0.5017380203701748,-0.41907920872877047,-0.6527154953727651,-0.47603356414562,-0.007919335311579274,-0.11750177927118517,0.16208218779870726,0.7289952393861053,0.7328946277482448,0.9543043585116507,0.23911180042194313,0.1341861962348217,0.10492560418712144,43.88139941314769,True,0.11264409017727942,-0.08160519410177959,0.3019889030605693,0.002961079596586161,0.014707788872576441,-0.05025772300562037,0.3019889030605693,True,False,883
train,TRAIN_0018,18,5,10,1.0,0.4102482110211854,0.9273786267562529,1.4829715781364132,0.46706478330219353,0.8928860031043748,-0.008389142354008205,-1.4829715781364132,-0.08496795027780295,0.376448862767621,1.2051266770013882,0.1483995612344144,0.07427098553267086,-0.4701340009692925,0.4701340009692925,0.5555929513801603,0.1472179318869423,0.5013322827253748,0.45531831494336494,0.0697958468761249,0.2837004934980793,0.3188678251724069,-0.5877455976729404,-0.7823623277273071,-0.41593981552788284,-0.9273786267562529,0.8928860031043748,0.2140607821344592,0.18796274252299128,0.02609803961146792,12.191882768640363,True,0.12243669769682493,0.07748430605288141,-0.408889411478547,-0.025962863537589462,0.003213320520210547,0.06124458949074546,0.408889411478547,True,False,615
train,TRAIN_0018,18,6,10,1.0,0.34356022825460153,0.5768384179268075,0.9256939455781417,0.37215455793452484,0.5910432333213177,-0.22619132654553445,-0.9256939455781417,-0.05303834105276166,0.41245669190500894,0.8614678580793249,0.11591750086103027,0.0499503343546765,0.37028297812272,0.37028297812272,0.3488555276513342,0.13811248052745026,0.173524626192582,0.041421887475557806,-0.3236828439951326,-0.5461417522461046,-0.39003213081926663,-0.5502769570944064,-0.5299202042568733,-0.37118594079881373,-0.5768384179268075,0.5910432333213177,0.08951321133593432,0.08515748606486306,0.0043557252710712535,4.866013861042973,True,0.07676817576531818,0.04941227867415016,0.37646409777565837,-0.03914932509571209,-0.0005380556805263392,0.006181119652938383,0.37646409777565837,True,False,287
train,TRAIN_0018,18,7,10,1.0,0.27740234892949667,0.7411015287025082,1.0724107121264632,0.3373361883165459,0.661007995759195,0.06536446465176282,1.0724107121264632,0.06144458415438952,0.31003054581866984,1.0256330319876503,-0.11017812180050664,-0.06232810188303899,0.1504775437562347,0.1504775437562347,-0.39351753867617756,-0.3970776915797497,-0.18154878623102413,-0.089631216333781,-0.13018726771560285,-0.10492533600003497,0.17567082792180658,0.11791736842349203,0.2755838223781227,0.6695920339263196,0.6788931734502857,0.661007995759195,0.12570937424704673,0.07904822940091813,0.0466611448461286,37.11826991870084,True,-0.07081401928111063,-0.05663475217812165,0.08592532897825221,0.03936410251939601,0.00569334970491734,-0.0645522147779825,0.08592532897825221,True,False,431
train,TRAIN_0018,18,8,10,1.0,0.4399347194325077,0.9024066141087335,0.736706052935746,0.49996969756596493,0.6737111856996927,-0.4399347194325077,0.736706052935746,0.04221013993864262,0.5085045053837403,0.8464809567222721,0.5284197181475409,-0.04105921619277655,-0.2971193630039402,0.2971193630039402,-0.8829961842561262,-0.836374516528528,-0.7156288424649986,-0.585797222351741,-0.39771866415807067,-0.2595084730325106,-0.24329843580763738,-0.43345508619931894,-0.40132914966328054,-0.16497073151466152,-0.14629013132038027,0.6737111856996927,0.08420296126940453,0.20323719623067232,-0.11903423496126779,-141.36585360747796,False,0.7473773495601732,-0.04011361048464983,-0.6454306806395105,0.21895763141263236,0.0009456057081267191,-0.3483113176355703,0.6454306806395105,True,False,911
train,TRAIN_0018,18,9,10,1.0,0.5480305679348324,1.2619876660905225,1.4084624355268176,0.6540471046700203,1.0309489113326538,-0.4880465134177486,1.4084624355268176,0.08069889979584219,0.6971882559164723,1.437910015514383,0.4666281757660869,-0.08234213859078263,0.071919567520815,0.18665127030643475,-1.2201156383467533,-1.1788635066777935,-0.7714901602285066,-0.6219347372888909,-0.7412085194483791,-0.6089726113946138,-0.22827194110641275,-0.4003428135908153,-0.19508754429561107,0.2602599057088477,0.18834679718006425,1.0309489113326538,0.1993931527843731,0.10820554686282229,0.09118760592155083,45.73256636358147,True,0.42049061709012364,-0.07252687530190009,0.047225786631755064,-0.04613755867596325,0.009815263288882534,-0.024693780889059942,0.16819624683604945,True,False,531
train,TRAIN_0018,18,10,10,1.0,0.4341170836599481,0.7399440153389449,0.9845974187729243,0.4693845254913939,0.6945360078806846,0.3367254265236057,0.9845974187729243,0.05641325838556075,0.4499337977433538,1.1567083950778547,-0.2718602063182223,-0.05551257815174101,-0.21780768704763007,0.21780768704763007,-0.5092641546056165,-0.24317866395551027,0.1672711670027703,0.36913229825949045,0.32858298282722986,0.34343851280917836,0.664202436139197,0.4598626864959279,0.5372978870154234,0.7399440153389449,0.47533326416730787,0.6945360078806846,0.17545625714585564,0.13680762282784917,0.03864863431800647,22.027504146448372,True,-0.2508438211055201,-0.05202621278285685,-0.24016808254967595,0.02101638521270216,0.0034863653688841575,-0.022360395502045882,0.24016808254967595,True,False,423
train,TRAIN_0019,19,1,10,1.0,0.14741862484868218,0.3599425580936078,0.14984344543275738,0.1797092207904716,0.21513231059156138,-0.07118953891632498,0.14984344543275738,0.00858539694673971,0.17941808575280457,0.13286805652315695,0.008029900400081077,-0.013948084527455466,0.21208059937867557,0.21208059937867557,0.026622671949916833,-0.20836787165880336,0.013408089005964914,-0.012871583640017656,-0.35074151778145396,-0.18738668751128884,0.023956327426885398,-0.17986349947915356,-0.12303424092692294,0.2281950104944448,0.1764661173826742,0.21513231059156138,0.16188903275001493,0.22529429808293344,-0.06340526533291851,-39.165880638021584,False,-0.1485705663043052,0.0001653692795795969,0.34675554296335065,-0.1566004667043863,0.014113453807035064,0.13467494358467508,0.34675554296335065,True,False,691
train,TRAIN_0019,19,2,10,1.0,0.24196141916233607,0.8283991995218679,0.6348330294843865,0.3224365349442281,0.5438017479449999,0.22817635785555027,0.6348330294843865,0.036373248398663,0.3183217891372108,0.7445260740140843,-0.21990882835534672,-0.03713924027366098,-0.027761124873016896,0.08796353134213869,0.19356617003748142,-0.0067722395545561425,-0.030788683616581172,0.029713408816655365,0.09012821367035044,0.36125030399922586,0.3241421998088861,0.18141207424938785,0.27506827534790046,0.5714307717812771,0.8283991995218679,0.5438017479449999,0.15909955888206104,0.12062149251838801,0.03847806636367303,24.18489820716376,True,-0.2525752068169027,-0.033373287767920395,0.10414279974807265,-0.032666378461555984,0.0037659525057405843,0.13190392462108955,0.10414279974807265,True,False,647
train,TRAIN_0019,19,3,10,1.0,0.17622010277401087,0.5167473280650708,0.760275706936761,0.20953459452089837,0.45692640078484265,0.006409533652060837,0.760275706936761,0.04356058088085275,0.25076309437655203,0.7972420448829304,-0.020675748597512134,-0.036082908529707795,0.047903811477929596,0.047903811477929596,-0.24352837887169018,-0.11536451207987439,-0.34460655517214633,-0.20097633688404654,0.045788390604058114,-0.00932379837862001,-0.05275748183893508,0.16738214741380023,0.2822278780812815,0.19659937866642296,0.5167473280650708,0.45692640078484265,0.12817163780349383,0.1058677830508405,0.022303854752653327,17.40155242991312,True,-0.029706571241447266,-0.04078502465896477,-0.03935233757328597,-0.009030822643935132,-0.004702116129256972,-0.08725614905121556,0.03935233757328597,True,False,659
train,TRAIN_0019,19,4,10,1.0,0.44840167736544,1.2551023060128688,1.5490797566498233,0.565993486105953,1.032374470619035,0.3696156199241366,1.5490797566498233,0.08875566119111523,0.5775705208250462,1.4271142582965193,-0.38835600434882084,-0.08343951474648038,0.06292740197288536,0.15534240173952835,-0.2939774506369546,-0.14044921036300678,-0.1536688682510067,0.06775450125408211,0.21714254923108806,0.36084000860614684,0.4846182909945912,0.5627147845715712,0.7893126982570916,0.9921860249686958,1.2551023060128688,1.032374470619035,0.10218891089747952,0.07954174000703852,0.022647170890440993,22.16206307664992,True,-0.3499390904481843,-0.07993776643499514,-0.07292983614529697,0.03841691390063656,0.0035017483114852394,-0.13585723811818234,0.13997563617927372,True,False,879
train,TRAIN_0019,19,5,10,1.0,0.21295517740994488,0.8564602867308717,0.6675751916773133,0.3037001025124674,0.5514672069966857,0.10615606507314738,-0.6675751916773133,-0.038249235308739166,0.2754280399895354,0.5796549276098486,-0.22956173643872504,0.04331565580564441,0.41437774763717883,0.41437774763717883,0.8177484113275276,0.6127476572609508,0.2448612844109684,0.2015572257914401,0.08983729713214098,-0.16363735186627076,-0.10487475926846515,-0.14736641536136577,-0.09550202258730864,-0.017277675165727327,0.15017321965021438,0.5514672069966857,0.1778640154394227,0.11819367913909767,0.05967033630032503,33.54829033456049,True,-0.24617995266185802,0.035040783308388404,0.4278780549593147,-0.016618216223132976,-0.008274872497256003,0.013500307322135863,0.4278780549593147,True,False,803
train,TRAIN_0019,19,6,10,1.0,0.679459608324727,1.3773627254625724,0.9961202710060929,0.7429266926830509,0.9901754507063228,-0.6750514186082741,0.9961202710060929,0.05707346853892575,0.7098478484916445,0.8286001072307272,0.6689758477385545,-0.04477659908556625,0.02040085633622487,0.2675903390954218,-0.8098282158344225,-0.754291799263268,-1.293004867225298,-1.0567695338984229,-0.5377616341934878,-0.6391816416845684,-0.720270377060615,-0.5297659577586379,-0.4077457652532316,-0.4162150540093683,0.18629205517167038,0.9901754507063228,0.26244773294290147,0.21035759396842435,0.05209013897447712,19.84781441636988,True,0.5972519386415874,-0.0510686120221847,0.0552598907093201,-0.07172390909696702,-0.006292012936618449,0.03485903437309523,0.23890077545663496,True,False,623
train,TRAIN_0019,19,7,10,1.0,0.821095953547907,1.4201489073226736,0.6599256903920003,0.9060386323139193,0.9609550286101662,-0.7503470262293472,-0.6599256903920003,-0.037810951362805385,0.8990912007651362,0.7829463715467493,0.6736001448168026,0.059515705130732885,0.25770452448410497,0.26944005792672104,0.1995293642052165,0.19446604349095356,-1.023303360923717,-1.0434653526839819,-0.3185866223658663,-0.8422366155370364,-1.3200495118112923,-0.8699453065340859,-0.8367920225764954,-1.3086011901000036,-0.4603963261867838,0.9609550286101662,0.557988704744731,0.38933350774909486,0.16865519699563608,30.225557535755602,True,0.6249733233773571,0.03378539460029362,0.022905602584624818,-0.04862682143944552,-0.025730310530439268,-0.23479892189948015,0.24998932935094284,True,False,479
train,TRAIN_0019,19,8,10,1.0,0.6029996915236613,1.9081201932470124,1.507868901071524,0.704310715765953,1.2761277073292545,0.5127276974316823,1.507868901071524,0.08639445861301091,0.5704602173679925,1.0170441913016757,-0.5089724282665797,-0.07410445275995119,-0.012609630993350215,0.2035889713066319,0.40025129217548844,0.2697131367559986,-0.37905032602502936,-0.1283774042391845,0.5956872039050327,0.6378642255259633,0.499519048995687,0.6483120718429861,0.8002511292968624,1.001872181635819,1.9081201932470124,1.2761277073292545,0.32823054991854256,0.3186692151679463,0.009561334750596284,2.9129935507127946,True,-0.5070413564368846,-0.0767108709570162,-0.11111768628972041,0.0019310718296950968,-0.0026064181970650163,-0.09850805529637019,0.20281654257475384,True,False,447
train,TRAIN_0019,19,9,10,1.0,0.20950976684619285,0.7982452147449933,0.4752202294871592,0.2606410769154803,0.4709566710150516,0.0703686289099296,0.4752202294871592,0.027228111439172586,0.2906456459128118,0.43583830498350185,-0.019884894358177602,-0.024981321881614324,-0.16951681380912115,0.16951681380912115,0.32302498525783413,-0.08364149138641565,-0.3572553177327761,-0.1364590343458787,0.08315364340465668,0.2567632717928061,0.2574460048313293,-0.10321680718727061,-0.10377698905855669,0.3274263347256976,0.7982452147449933,0.4709566710150516,0.239032005964511,0.212622875468026,0.026409130496484995,11.048365841186117,True,-0.1364298747557189,-0.025019856998507665,-0.0194325689411019,-0.11654498039754131,-3.853511689334149e-05,0.15008424486801925,0.054571949902287566,True,False,759
train,TRAIN_0019,19,10,10,1.0,0.444440509222772,0.931404026311156,0.40041964790612045,0.5030445305023848,0.583183708082253,-0.4221789558254308,-0.40041964790612045,-0.022942354632974202,0.4384751712117114,0.38557507327056734,0.48426001518735284,0.02265484436496262,-0.20845889224260483,0.20845889224260483,0.295489416064284,-0.26975025705013145,-0.5607096891972161,-0.5064528131523512,-0.38610157910341764,-0.15164710698564698,-0.27163803287561916,-0.8338765417261159,-0.8788605425801217,-0.4597208234736624,-0.10493023184183642,0.583183708082253,0.28613144959359915,0.30453191213151365,-0.018400462537914497,-6.430772487277862,False,0.38504202482387784,0.01916744049971104,-0.5400334268811104,-0.099217990363475,-0.0034874038652515787,-0.3315745346385056,0.5400334268811104,True,False,1047
train,TRAIN_0020,20,1,10,1.0,0.1012673593744888,0.22989251771537395,0.09877647255847945,0.11570879132245385,0.14055178402674803,-0.10097122144005437,0.09877647255847945,0.005659474974384559,0.111996277597744,0.07306505813940319,0.1148145601403473,-0.002103333356422455,-0.04648385643000567,0.04648385643000567,-0.166068417084678,-0.08062271766081024,-0.18631075621240709,-0.17098465336715743,-0.03543486349251465,-0.06015191686350155,-0.18423587558262533,-0.08296437497973082,-0.03777177903291971,-0.17661324098131082,-0.06729194452619856,0.14055178402674803,0.0691693764813355,0.08966075213516143,-0.02049137565382593,-29.624924636056644,False,0.05910115279928685,-0.006532595895542803,0.1120590474880534,-0.05571340734106045,-0.004429262539120347,0.15854290391805906,0.1120590474880534,True,False,1035
train,TRAIN_0020,20,2,10,1.0,0.1687927715546659,0.3938695478901355,0.0822137776218238,0.1896988929078582,0.2124327184107734,0.1687927715546659,0.0822137776218238,0.004710502464944671,0.20156422142888913,0.027840604461212726,-0.2072798140103286,-0.006242317718278314,0.12923371988916948,0.12923371988916948,0.25199573914745527,0.12725739551426973,0.1748272078436421,0.14714997039731578,0.03400632726186019,0.12783954004759998,0.12402303785862824,0.08669112011908714,0.16947812231017434,0.27608101930365364,0.33420951676927907,0.2124327184107734,0.08005505964894465,0.0665547501272077,0.013500309521736947,16.86378047925784,True,-0.20457451749189537,-0.004461011136294205,0.1412637044693626,0.0027052965184332367,0.0017813065819841092,0.01202998458019311,0.1412637044693626,True,False,727
train,TRAIN_0020,20,3,10,1.0,0.6174536436179244,1.0070916140762067,0.6049877362087852,0.6503717725755189,0.7338970754284267,0.6174536436179244,-0.6049877362087852,-0.034663239712905136,0.6573867961885315,0.6115911449440768,-0.599891215521693,0.031482275123882,-0.058972001181351964,0.2399564862086772,0.7913136239392862,0.6912565066256721,0.908918904501039,0.9127557843830726,0.5721509456588089,0.6176584690357626,0.732557985658878,0.41148806894829587,0.35843510448636395,0.4225735385559842,0.18632588773050093,0.7338970754284267,0.13210702443554798,0.11747687647827103,0.014630147957276948,11.074466342563538,True,-0.568059446913591,0.031548667539720604,-0.028235784400473477,0.031831768608101996,6.639241583860506e-05,0.030736216780878487,0.2272237787654364,True,False,819
train,TRAIN_0020,20,4,10,1.0,0.5471612600151953,1.2682275069573201,1.034030091200616,0.647639998808689,0.9195896573328084,-0.5471612600151953,1.034030091200616,0.05924553899985881,0.5745942798396537,1.053343900492088,0.50223776913813,-0.06184093534529216,0.15084634895337637,0.200895107655252,-1.2682275069573201,-1.0597974896610927,-0.6875922739804742,-0.5309273907301705,-0.783184236691785,-0.7872403178201802,-0.3443835785480799,-0.3117691553060359,-0.20869658069657454,-0.0921726278352982,-0.23419741575670416,0.9195896573328084,0.206788960217271,0.1257991767479536,0.0809897834693174,39.165429036551224,True,0.46191398288690994,-0.053223671736194786,0.10265639827713731,-0.04032378625122007,0.008617263609097377,-0.04818995067623906,0.18476559315476399,True,False,787
train,TRAIN_0020,20,5,10,1.0,0.1522788152629367,0.5112221108617919,0.08028145510569129,0.2015865363347089,0.24329336800259688,-0.13024854521200435,0.08028145510569129,0.004599788540843054,0.2474885525900005,0.25403634249161855,0.19819358649017693,-0.0006702088791925713,-0.22814926458734644,0.22814926458734644,-0.5112221108617919,-0.17807826410954947,-0.14065010683799434,-0.027879309684084433,0.07330299486088371,-0.10931936624053613,-0.04890822172535735,0.038340884560447076,-0.048692788876261876,-0.3968712065032468,-0.43094065575610063,0.24329336800259688,0.1550747662021118,0.12657732212149647,0.02849744408061533,18.376583617397873,True,0.2390409915244062,-0.004305713573316483,-0.3474768757854056,0.04084740503422926,-0.0036355046941239115,-0.11932761119805915,0.3474768757854056,True,False,519
train,TRAIN_0020,20,6,10,1.0,0.4250990462130247,1.027483744102301,1.344026718280499,0.4994017199263006,0.8889230245713775,-0.2594039890195106,1.344026718280499,0.07700701214162378,0.5066635044864237,1.2986835569998285,0.18567429220671078,-0.08007193228003172,0.24757327083252814,0.24757327083252814,-0.9727064950101172,-0.8216037689463656,-0.5211700472953599,-0.37571409916046383,-0.5212298126679061,-0.5467697632846741,-0.07481781172636162,0.01562838932031984,0.16996321882517718,0.30774973263355393,0.37132022327038183,0.8889230245713775,0.16946256777770974,0.09160966280034567,0.07785290497736407,45.941062972376635,True,0.16918962819675012,-0.06988946101266137,0.22159622435947793,-0.016484664009960653,0.010182471267370347,-0.025977046473050214,0.22159622435947793,True,False,811
train,TRAIN_0020,20,7,10,1.0,0.7830513198069434,1.134312588955023,0.901189678630033,0.8397638910957075,0.9295424653271706,0.7830513198069434,-0.901189678630033,-0.05163435114809877,0.7963407728585015,0.7279276004436477,-0.6692104392595537,0.049973008102950654,-0.38226061369995484,0.38226061369995484,0.9633384941539469,0.9630992931911655,1.0731723873755112,1.0735238241965213,0.9792468932970294,0.984015539639428,0.9615771221067223,0.5709453743469615,0.40817047246535965,0.24219720037554573,0.06214881552391391,0.9295424653271706,0.16598109808744052,0.1012794058364932,0.06470169225094732,38.98136173123871,True,-0.5802704220350249,0.04674354100055501,-0.3765463353397,0.08894001722452882,-0.0032294671023956473,0.005714278360254843,0.3765463353397,True,False,683
train,TRAIN_0020,20,8,10,1.0,0.43256449279248016,1.2486173639176181,1.668287338415732,0.5300834294256742,1.0578491014803164,-0.15427396708644836,1.668287338415732,0.09558573482888116,0.4744379326165878,1.5494087204794134,0.21591702885401012,-0.09566477102547444,-0.20698816197054226,0.20698816197054226,-1.2261139837716057,-0.9789128482195745,-0.5311998216683896,-0.3257398536373673,-0.2914801684392634,-0.06516039028376001,0.2371890913511547,0.11744706359317962,0.26231068615796466,0.398577650598806,0.44217335464412616,1.0578491014803164,0.2078019282054916,0.23070185848581246,-0.022899930280320863,-11.020075933884277,False,0.26252672797646814,-0.08820550617220846,-0.5496856179913934,0.04660969912245802,0.007459264853265979,-0.3426974560208511,0.5496856179913934,True,False,1007
train,TRAIN_0020,20,9,10,1.0,0.6926848482159664,1.4750184485173805,1.3698341720492155,0.784596412012043,1.1397208818359732,0.5854739309860015,1.3698341720492155,0.07848566759987867,0.7764087637074356,1.5433115409384741,-0.5120805306144023,-0.08683788939086101,-0.24644403778917592,0.24644403778917592,-0.3055449740896355,-0.3492793411731683,0.43838662846941406,0.5996863732327694,0.2479759624756849,0.756782104161028,1.1802351872062034,0.6225752234628283,0.730932804567982,1.2703409370959338,1.06428919795958,1.1397208818359732,0.35757733601508657,0.4610543506468076,-0.10347701463172104,-28.938359400763375,False,-0.6096671644574967,-0.08336674626708963,0.4521862039849891,-0.0975866338430944,0.003471143123771378,0.698630241774165,0.4521862039849891,True,False,931
train,TRAIN_0020,20,10,10,1.0,0.3337229366815045,0.9625570502288475,0.7676483728626966,0.43010116214990735,0.6621886241469054,-0.22632386630693857,0.7676483728626966,0.043983003275625106,0.34218733498290566,1.0490383704139261,0.21995685671795878,-0.049961734360493726,0.021379463872854935,0.08798274268718351,-0.7039827243033564,-0.8222620221828536,-0.12627331343468703,-0.04490248053486542,-0.5841266340826585,-0.25415880588723855,0.1849961488121732,-0.28042426295137823,-0.2047046108780684,0.25038206450898937,0.06366564855934015,0.6621886241469054,0.32239647679174793,0.2356928179209862,0.08670365887076173,26.893488332618464,True,0.1602151868344257,-0.040037286939642425,0.027684809249445025,-0.05974166988353308,0.009924447420851301,0.006305345376590089,0.06408607473377029,True,False,643
train,TRAIN_0021,21,1,10,1.0,0.3126219041366731,0.6888941763755319,1.0435637527765387,0.36742902174729003,0.650266852161352,-0.1645632333903152,-1.0435637527765387,-0.05979177698201621,0.36776887879502185,1.0632843010244417,0.12619747453740143,0.0632397561327787,0.12882646772987863,0.12882646772987863,0.382866865484653,0.35403729980808557,0.13417571651221105,0.011275081956944058,-0.03631063163621405,-0.28243898680678475,-0.3671666745220704,-0.3472014641365306,-0.4020575086089484,-0.637787188996355,-0.6606968872918857,0.650266852161352,0.10353765372429242,0.05007112098763456,0.053466532736657864,51.63969900171046,True,0.10820249854846936,0.05526611842307191,0.10606390918658634,-0.01799497598893207,-0.007973637709706792,-0.02276255854329229,0.10606390918658634,True,False,1179
train,TRAIN_0021,21,2,10,1.0,0.2708708152070879,0.620488316814717,0.03596407602863233,0.3187903355233758,0.3100759959674687,0.25681639687554564,-0.03596407602863233,-0.002060589769639848,0.2972761101651464,0.20886970423162574,-0.3343104922519616,0.0124561127721546,0.2602135569777155,0.2602135569777155,0.28703507741816936,0.5544723188407449,0.20756557348101956,0.1657988231777272,0.3864253629871117,0.014551141141484333,-0.0373592763796088,0.39054424123641523,0.43506026101023426,0.09263959800637789,0.25107100138953703,0.3100759959674687,0.20535078565447473,0.1410025555868228,0.06434823006765195,31.33576034908623,True,-0.3119425027976899,0.002033751335682665,0.24348408712807337,0.022367989454271653,-0.010422361436471936,-0.016729469849642103,0.24348408712807337,True,False,559
train,TRAIN_0021,21,3,10,1.0,0.42289356862410765,1.4227062952131386,1.5355138861919522,0.569312509091128,1.0712653759178723,-0.24787299564251386,-1.5355138861919522,-0.0879783959173349,0.5621346133355271,1.7391082798057536,0.3597771781525421,0.09439973519731992,-0.37575747197482295,0.37575747197482295,0.131543370325212,0.2935561194946516,0.1484459698976107,0.09041705348257556,0.15721040149693016,-0.08908542776896801,-0.3033535977169806,-0.42249042315778684,-0.6865702856039207,-1.127558951472642,-1.4039705158667402,1.0712653759178723,0.25305943549710674,0.1253544478081156,0.12770498768899113,50.464424469346135,True,0.37451052697051845,0.07866207525228958,-0.4698775903358422,0.014733348817976333,-0.015737659945030347,-0.09412011836101924,0.4698775903358422,True,False,1003
train,TRAIN_0021,21,4,10,1.0,0.4751720566850482,0.9355056655027899,0.9823903028855825,0.5664099202325736,0.7745613995452835,-0.46564252368538045,-0.9823903028855825,-0.05628680008263793,0.6308554485590459,1.296667194115947,0.35496514972166476,0.05636176634809096,0.3716380327579897,0.3716380327579897,0.04688463738279258,-0.06161444758552648,-0.0018485652947856793,-0.18685745492504244,-0.5978085082734229,-0.7490811439452573,-0.6166334382062183,-0.6876747144236429,-0.7173873577349672,-0.6903699098717111,-0.9355056655027899,0.7745613995452835,0.11681450583533778,0.07666006590832733,0.040154439927010455,34.37453220374216,True,0.3187977615125517,0.051282588115546444,0.3090795667787564,-0.03616738820911308,-0.005079178232544515,-0.06255846597923326,0.3090795667787564,True,False,375
train,TRAIN_0021,21,5,10,1.0,0.39976447788505237,0.9260589422019083,1.1709010948764151,0.5001990547618251,0.7990372599651953,0.3636307347042267,-1.1709010948764151,-0.06708766030440659,0.4779168504143234,1.2439626677307836,-0.3841054427280467,0.06325554821619328,0.06875100066759138,0.1536421770912187,0.8439988768057153,0.6478158825598067,0.8277366269217353,0.7293225959036345,0.33473159939590247,0.23807840032844937,0.4375576418310786,0.14729427010603474,-0.034824083402890685,0.0008974184056020056,-0.32690221807069986,0.7990372599651953,0.13338257647806334,0.17776585181180218,-0.04438327533373884,-33.27516719624793,False,-0.3172706776489742,0.07013439405959544,-0.02823640403781935,0.06683476507907249,0.006878845843402162,-0.09698740470541073,0.12690827105958968,True,False,671
train,TRAIN_0021,21,6,10,1.0,0.7003997169624817,1.2127164363592242,1.1447912632464259,0.7777349774574429,0.9951457227161837,0.6754608798019878,1.1447912632464259,0.06559167915381997,0.7825992852143051,1.0966394245369278,-0.6363565946303029,-0.06901562868662532,-0.13130632841340065,0.25454263785212117,-0.2089689033591639,-0.051824013823278316,0.4498431015569799,0.603511693723836,0.4980750984978861,0.6693778661720304,1.071251345688837,0.9432726052152894,0.9548601952758835,1.1627495670574584,0.935822359887262,0.9951457227161837,0.25013887303348314,0.14551004021713226,0.10462883281635088,41.828297836116604,True,-0.5907432688921979,-0.05920249840437311,-0.13464426050849757,0.04561332573810506,0.009813130282252211,-0.0033379320950969182,0.23629730755687914,True,False,655
train,TRAIN_0021,21,7,10,1.0,0.6848912221133379,1.1309399362730912,0.9011488856193715,0.7459676369779912,0.8896907768995392,0.6529766463693817,-0.9011488856193715,-0.05163201388265234,0.7878214454909304,0.7305478822290385,-0.5160164603243982,0.053474711899188065,-0.45989177629578437,0.45989177629578437,0.5041092649704784,0.7456256999497176,0.9656846113862989,0.9633186883335163,0.8919132889400185,0.8565331782240526,0.858357043720046,0.6232055766107686,0.3967015369851461,0.07673244932771713,-0.39703962064889303,0.8896907768995392,0.27667768753548255,0.1810278176586979,0.09564986987678464,34.57086501220595,True,-0.39480581202923837,0.04672514403280053,-0.5087887221867762,0.12121064829515982,-0.006749567866387536,-0.048896945890991805,0.5087887221867762,True,False,555
train,TRAIN_0021,21,8,10,1.0,0.4581371320679292,1.5312358686648981,1.1738204181681575,0.5550347628687788,1.0044615019571732,-0.39027134202997044,-1.1738204181681575,-0.067254924978164,0.4840375876805873,1.2633834492107172,0.3721963866101525,0.06372160331582086,0.06069299111317643,0.148878554644061,-0.35741545049674067,-0.14149864310497645,0.19089266588660292,0.07573638475226073,-0.43880425365089865,-0.5797484088218298,-0.33890104230669565,-0.4826143577828105,-0.5857218897101641,-0.8024716700734214,-1.5312358686648981,1.0044615019571732,0.273482311097753,0.22887229010561513,0.04461002099213787,16.31184876750312,True,0.41301451342847884,0.059932902750844466,-0.08469468373720816,0.04081812681832636,-0.003788700564976391,-0.1453876748503846,0.16520580537139154,True,False,447
train,TRAIN_0021,21,9,10,1.0,0.6806861611285696,1.604395507015602,1.3137050342883532,0.7967083076008029,1.1593068414898378,-0.6657594276628656,-1.3137050342883532,-0.0752697106891513,0.8325336229986048,1.3876004995962437,0.5334280596759381,0.07033956440470074,0.4443488990528293,0.4443488990528293,-0.2906904727272489,-0.29296377962283726,0.01810505691325481,-0.17826781987344414,-0.8983293197484664,-1.0995999674331025,-0.7096171133681722,-0.859122903334489,-0.8999077147120178,-0.9448986057059997,-1.604395507015602,1.1593068414898378,0.23762227953902434,0.20473859778287193,0.032883681756152416,13.838635762583019,True,0.486657164092269,0.06807603371229662,0.2279687267770667,-0.04677089558366909,-0.00226353069240412,-0.21638017227576262,0.2279687267770667,True,False,1003
train,TRAIN_0021,21,10,10,1.0,0.4348355415356391,1.347793638233844,0.980046939910177,0.5169972152203466,0.8805025574259325,-0.3439966798277049,-0.980046939910177,-0.05615253540354872,0.5275015296020656,1.0726712552670752,0.405062775376144,0.046317977408529276,-0.2050507958860092,0.2050507958860092,-0.367746698323667,-0.4204622148418171,0.23418735554859116,0.17285442038883347,-0.5497521289075837,-0.2969846312189318,0.07525781559971018,-0.6147631319469012,-0.7236148168929601,-0.49394319061619496,-1.347793638233844,0.8805025574259325,0.3195355933476413,0.296391499778115,0.02314409356952629,7.243040854089294,True,0.38203091952009993,0.05365996422964807,-0.3466342047821732,-0.02303185585604406,0.007341986821118793,-0.14158340889616403,0.3466342047821732,True,False,839
train,TRAIN_0022,22,1,10,1.0,0.3113692365359302,0.7349540831211432,0.4804643320080778,0.37453270959654217,0.49548956645919956,0.29972026626065873,-0.4804643320080778,-0.027528576312348334,0.37247472828658057,0.4639901485105191,-0.3533053176172621,0.016859406382333336,0.1799305707951884,0.1799305707951884,0.6367506582010071,0.21934409933086463,0.645881986814237,0.5915819810853583,-0.007799533217316551,0.12176559142747263,0.4542220430806327,0.08141783775999398,0.011992260186676623,0.40963358500306574,0.1562863261929293,0.49548956645919956,0.22890584462751395,0.16779433394826387,0.06111151067925008,26.697226005169735,True,-0.30711978323079986,0.025399027938900746,0.14015365745923924,0.046185534386462224,0.008539621556567411,-0.039776913335949154,0.14015365745923924,True,False,723
train,TRAIN_0022,22,2,10,1.0,0.6044570273144398,1.2477919605842442,0.7208411140901432,0.7113411189764764,0.8430611424942958,0.5966184030237155,-0.7208411140901432,-0.04130114638335191,0.6706389031395792,0.5429934666808875,-0.46369792116991065,0.022561765247992176,-0.4463270551177589,0.4463270551177589,0.7509262398702465,0.20963484432253268,1.0516173854577278,1.0700417946133072,0.36676463795050324,0.8825523415414755,1.1556847255472753,0.24492211799899785,0.023914726617819168,0.5856557733839114,0.030085125780103368,0.8430611424942958,0.3763377227198037,0.29309251227993355,0.08324521043987015,22.119815637469078,True,-0.4011362622013712,0.03720931673465492,-0.503723159861574,0.06256165896853944,0.014647551486662743,-0.057396104743815124,0.503723159861574,True,False,495
train,TRAIN_0022,22,3,10,1.0,0.21403235813068375,0.5543402308466954,0.7971453104821191,0.25709323187885613,0.4953646930257351,0.029183897662077473,-0.7971453104821191,-0.045673052275101406,0.2582392637684791,0.49959652375536395,-0.013227977644440916,0.03345639368484105,-0.05357758784683764,0.05357758784683764,0.39990869970095466,0.023851713449331187,0.4527130324825671,0.3367397258104643,-0.19242155442022837,0.09151665770578336,0.19086009891553418,-0.23929155569830718,-0.3483345054729504,-0.05562426558932018,-0.3972366107811644,0.4953646930257351,0.2317137950250694,0.17295818285226155,0.058755612172807836,25.356976336454633,True,-0.006729145241881464,0.042632939223966666,-0.07123578725812453,0.0064988324025594514,0.009176545539125613,-0.017658199411286893,0.07123578725812453,True,False,947
train,TRAIN_0022,22,4,10,1.0,0.4756287538942048,0.9411950113561127,1.698077404450104,0.548328813221042,0.9893032322322306,0.23443731587022476,-1.698077404450104,-0.09729257504828652,0.5935147721624541,1.5298765140071593,-0.180851665908823,0.09594362681864449,-0.17993258082037913,0.17993258082037913,0.9411950113561127,0.8386460278612632,0.7463769536660589,0.5754968506363858,0.44926109669272984,0.37487202466222364,0.07459930097540333,-0.034257499031080246,-0.21302760164206505,-0.5718764947926205,-0.7568823930939912,0.9893032322322306,0.1332008955886108,0.06275103022371575,0.07044986536489506,52.88993370020464,True,-0.16701903900899695,0.08873081295891093,-0.16540913149336914,0.013832626899826062,-0.007212813859733561,0.014523449327009996,0.16540913149336914,True,False,611
train,TRAIN_0022,22,5,10,1.0,0.16649258505843492,0.46702924743109353,0.03202563699987712,0.20659556611556307,0.22032379745837796,-0.11287902719654234,0.03202563699987712,0.001834933835683643,0.19409491906432313,0.08813974787384793,0.10351975796533149,-0.012722412026196896,0.031427023253008154,0.04140790318613259,-0.14551436967095432,-0.37821650074104546,0.06978278432056687,0.029606117224849134,-0.39439212384266764,-0.10340910519587078,0.06704966208504896,-0.18641330717092058,-0.14764338449852196,0.08293462687379415,-0.1134887326710772,0.22032379745837796,0.22882023702281917,0.15930088014438593,0.06951935687843325,30.38164708810279,True,0.12037381052764788,-0.0017245368908510722,-0.03581573449856977,0.016854052562316396,0.010997875135345824,-0.06724275775157793,0.048149524211059155,True,False,991
train,TRAIN_0022,22,6,10,1.0,0.29757280785303464,0.5251980442283345,0.7984510164266572,0.33818956314973797,0.5201855168673817,-0.12053806922695096,0.7984510164266572,0.04574786366739247,0.34672581239305883,0.9957313014700343,-0.005317693420721395,-0.05210898015367161,0.42260478692755543,0.42260478692755543,-0.29667139523660174,-0.4310071971706954,-0.18475540901665144,-0.24341729588347896,-0.5189963949387296,-0.3613924747724581,-0.12619762956988298,-0.010810329930866086,0.2031568282931644,0.4164905113442507,0.5017796211900554,0.5201855168673817,0.14398310245840168,0.09181901754599572,0.052164084912405956,36.22931026054029,True,0.003877934541127111,-0.0427997927412384,0.3734275752949864,0.009195627961848507,0.009309187412433209,-0.04917721163256905,0.3734275752949864,True,False,591
train,TRAIN_0022,22,7,10,1.0,0.16918417735478578,0.4829529585519184,0.10074717019417874,0.21185455493741753,0.24705074732400664,0.14489548475819738,-0.10074717019417874,-0.005772387630482748,0.2434916309582717,0.10107602788540077,-0.0735802731419965,0.007759319010590583,-0.23946579144038507,0.23946579144038507,0.18382015650472158,0.28067386742861744,0.03372210801182844,0.0008795343216935307,0.31162389241597793,0.4083954113535915,0.05723556020403335,0.1892567778474314,0.21830038805315768,-0.10974071562499532,0.08307298631054284,0.24705074732400664,0.14987792090819743,0.12488105038231438,0.02499687052588305,16.67815404324565,True,-0.043648140847497345,0.005420032202408306,-0.19296509634691675,0.029932132294499154,-0.0023392868081822766,0.046500695093468325,0.19296509634691675,True,False,623
train,TRAIN_0022,22,8,10,1.0,0.4990979749559259,1.080367791778421,1.6468683891298201,0.5617184902963329,1.0240720957888834,0.16966944647229545,1.6468683891298201,0.09435852280508461,0.5180999793227129,1.6237268780916083,-0.056933083290633776,-0.08413323501906084,-0.378551809937761,0.378551809937761,-0.9150153916217333,-0.20963865675164897,-0.5692683190436253,-0.41044122835402136,0.4613934134754576,0.4905819824156607,0.047784972737112616,0.7899503800079988,0.9538297475222705,0.2753934218636913,0.7318529975080869,1.0240720957888834,0.28327381628329956,0.2634601338066991,0.01981368247660048,6.994533676485298,True,-0.10217898110347699,-0.08549754070043472,-0.30156430132209106,-0.04524589781284322,-0.001364305681373884,0.07698750861566994,0.30156430132209106,True,False,663
train,TRAIN_0022,22,9,10,1.0,0.1182294420695865,0.2522465772545932,0.20715006512682846,0.13769812363621955,0.18705763769892442,-0.00827877396092945,-0.20715006512682846,-0.01186882428785911,0.19698931579613926,0.2421673249204778,0.010388842267299584,0.012414102926120052,-0.007085293102648648,0.01034508577176671,0.030567934525703687,0.23074672065997895,0.05461366864748396,-0.10492978861156371,0.03222669410559374,0.13964463518639098,-0.23181107822780256,0.017686471039761516,0.13689875932694767,-0.22882878372520046,-0.17658213060112476,0.18705763769892442,0.1262409694910229,0.11639279478802647,0.009848174702996426,7.801092420869549,True,-0.006406568750737842,0.011409377239054663,0.05912003131959996,-0.016795411018037425,-0.0010047256870653887,0.06620532442224861,0.05912003131959996,True,False,687
train,TRAIN_0022,22,10,10,1.0,0.3119620846093748,0.6672481954160447,0.6760423311499131,0.3571446752157873,0.5322902508741785,-0.18832934930676282,-0.6760423311499131,-0.03873436644611208,0.3178913818502075,0.7082734459712089,0.12480962624901538,0.04399996719549188,0.21328970929733712,0.21328970929733712,0.35062132951772507,0.44783783303856267,-0.03513451098722386,-0.31996320996573285,-0.07551558498900823,-0.15557756858315802,-0.6560945482688954,-0.2535563691021532,-0.1368843853941195,-0.5930851116325172,-0.32542100163218796,0.5322902508741785,0.2416717268257449,0.17768041929901895,0.06399130752672594,26.478607310513517,True,0.15584352766260373,0.03584901410617447,0.18813433041181268,0.031033901413588347,-0.00815095308931741,-0.025155378885524438,0.18813433041181268,True,False,815
train,TRAIN_0023,23,1,10,1.0,0.5227881971981787,0.8857419951517087,1.3139257476378308,0.5883494755758488,0.8755717295539003,-0.42564258159061846,1.3139257476378308,0.07528235661073028,0.5890153360123493,1.3146641892673545,0.33932067627127993,-0.07628301518918251,0.2898560195990705,0.2898560195990705,-0.8644504857866765,-0.8366848842654703,-0.7981518888066396,-0.7143702330843283,-0.6958691323169752,-0.5878260147172937,-0.3585451208073288,-0.24966720527135294,0.0048819408809002394,0.2355184391418186,0.4494752618511542,0.8755717295539003,0.14291292936889424,0.062468659565263235,0.08044426980363101,56.28900769081858,True,0.2876825250919946,-0.06876577603205869,0.31658908861296176,-0.05163815117928533,0.007517239157123823,0.026733069013891275,0.31658908861296176,True,False,611
train,TRAIN_0023,23,2,10,1.0,0.43429954736081505,1.1929006374124085,1.7721849868094508,0.5607537663244595,1.0758909281072482,-0.22454439469900087,-1.7721849868094508,-0.10153861396198645,0.5454813724562356,1.6207188873754486,0.3066740068210605,0.0987730935506166,-0.27577892740954824,0.27577892740954824,0.5792843493970424,0.368066485170686,0.23532044738627048,0.17001728957897316,-0.0031451291966870763,-0.024707940830466044,-0.18814602787298879,-0.6432414646041033,-0.8080573722951084,-0.9456405403833743,-1.1929006374124085,1.0758909281072482,0.12044629953320873,0.04548526882720822,0.07496103070600052,62.236059552276004,True,0.2764079769312888,0.09151018542747914,-0.2604488249700154,-0.030266029889771673,-0.007262908123137457,0.015330102439532811,0.2604488249700154,True,False,911
train,TRAIN_0023,23,3,10,1.0,0.5504883111418178,1.2716111935603698,1.4095544492609264,0.6768625262414847,1.0371824388130826,0.5421778726657203,1.4095544492609264,0.08076146744976107,0.6276942983930835,1.252230365378645,-0.5360343237920326,-0.07876783327630207,-0.020629116284583957,0.21441372951681306,-0.1379432557005566,0.07214062471915543,0.031163362426392737,0.22901263515777195,0.42738394465764123,0.6107903975186871,0.6644424864564721,0.7734508913789238,1.0258855441096328,1.0959533253410922,1.2716111935603698,1.0371824388130826,0.12537888860683613,0.057819414448745894,0.06755947415809024,53.884250298264845,True,-0.47331791041804944,-0.07274021863853947,-0.016180262414026977,0.0627164133739832,0.006027614637762607,0.00444885387055698,0.18932716416721979,True,False,539
train,TRAIN_0023,23,4,10,1.0,0.8505029562223944,1.3519788462786735,1.341327205388794,0.9413604323604292,1.1572787456030014,-0.8145726187489326,-1.341327205388794,-0.07685234172502498,0.8629420182126791,1.2232500579157748,0.6858164826079272,0.08316898803530517,0.4323438063921767,0.4323438063921767,0.16307704209370194,0.1031784034051476,-0.5242178493467977,-0.6519543910778683,-0.7342895947121135,-1.0704085334229942,-1.2585852475141581,-1.092480133289236,-1.0281340586464383,-1.325898487041462,-1.178250163295092,1.1572787456030014,0.2678532039253545,0.14609059622157994,0.12176260770377456,45.458708695419396,True,0.6187752637690587,0.06882302522415448,0.48246238083643567,-0.06704121883886849,-0.014345962811150692,0.05011857444425899,0.48246238083643567,True,False,463
train,TRAIN_0023,23,5,10,1.0,0.3608062603130781,0.8853345938387329,1.1900608294253106,0.43702738686179554,0.7745632437593161,0.05192783029177755,1.1900608294253106,0.0681854307008339,0.31673971068178197,0.9320445690242691,0.05120653488474609,-0.052498049165223354,-0.34630973984360147,0.34630973984360147,-0.5617895953177906,0.000887296631984153,-0.7412752934464033,-0.49203757939053994,0.472048147386201,0.3873300276167626,-0.12738509469209358,0.4228031489416979,0.6159869480991599,0.057812531316412924,0.6282712341075201,0.7745632437593161,0.36554633306976736,0.29849280271874085,0.06705353035102651,18.34337381746593,True,0.058528515536495816,-0.06183197545804651,-0.19802538543063958,0.007321980651749729,-0.009333926292823154,0.1482843544129619,0.19802538543063958,True,False,535
train,TRAIN_0023,23,6,10,1.0,0.3318387558133004,0.666213641708984,0.4324154628675189,0.38087476477891596,0.4672278345948325,-0.1455685596426357,-0.4324154628675189,-0.024775579474299723,0.23346337443389414,0.6356022654152036,0.15661752999977072,0.0390014614100489,-0.03710078637096299,0.06264701199990828,0.21972767112139435,0.5231166790877236,-0.37024088652580706,-0.36591525677121195,0.24267750617809608,0.01819497337701849,-0.5795675129139166,-0.1870335571093378,-0.05248666191666864,-0.6021604411842738,-0.21268779174612457,0.4672278345948325,0.38299193230897766,0.27634507635144606,0.1066468559575316,27.845718659027664,True,0.13955729548581292,0.022932552435077823,0.07783611567575356,-0.0170602345139578,-0.016068908974971076,0.11493690204671655,0.07783611567575356,True,False,751
train,TRAIN_0023,23,7,10,1.0,0.5824694861010901,1.3054506259693492,1.7436967955633822,0.7202314773608395,1.1615082200262303,-0.49765425335879226,1.7436967955633822,0.09990636588196351,0.7116911067558848,1.4488324888395707,0.5393231015097826,-0.09474402053971433,-0.13991774650528124,0.21572924060391302,-1.2048957972138887,-0.9327361761828611,-1.270490968334554,-1.0758040050071627,-0.540236038488252,-0.18897929845021702,-0.466674502229434,-0.32632800900748654,0.0610447275458343,0.16339835212840353,0.5388009983494934,1.1615082200262303,0.24108982864882325,0.2928810501991309,-0.05179122155030766,-21.48212632634448,False,0.5718732412544725,-0.09925586488713734,-0.29414167187229,0.0325501397446899,-0.004511844347423008,-0.15422392536700877,0.29414167187229,True,False,1487
train,TRAIN_0023,23,8,10,1.0,0.3761537020100512,0.8763039033403536,0.8025972174845142,0.4482598359765698,0.6613424304481327,0.37459939411725685,0.8025972174845142,0.045985423336782544,0.42033791830004413,0.8607627399284843,-0.38537589504813907,-0.04143438049318431,0.03618587487701569,0.15415035801925564,0.07370668585583945,0.2929870994475424,-0.021363837558176224,0.12030820602467118,0.3303873378355768,0.4855937470827639,0.3576662927222941,0.38575749840868667,0.6669808556025434,0.7282580767273343,0.8763039033403536,0.6613424304481327,0.13461773723630047,0.11934333242187307,0.015274404814427392,11.346502420862679,True,-0.35302872947329905,-0.0420959282574864,0.0421343788679039,0.03234716557484002,-0.0006615477643020853,0.005948503990888213,0.14121149178931963,True,False,711
train,TRAIN_0023,23,9,10,1.0,0.3888331925687665,1.2183941305340267,1.4497190452241369,0.5031751602587796,0.967401426523957,-0.27995082370424756,1.4497190452241369,0.08306272458054162,0.4993406139661421,1.455430320125321,0.3482781553259299,-0.07791551027538414,-0.22943293826080133,0.22943293826080133,-1.2183941305340267,-0.7213120437519557,-0.9114256843738301,-0.6294535030455028,-0.2346118742919177,-0.049776712693327785,-0.1590944253237807,-0.03674603269468589,0.2481638666829356,0.1876059462092419,0.23132491469011027,0.967401426523957,0.14088433094710484,0.1090283608509596,0.03185597009614524,22.611435836754335,True,0.3001910062314042,-0.07614449556402786,-0.21662771247652976,-0.04808714909452566,0.0017710147113562807,0.012805225784271568,0.21662771247652976,True,False,671
train,TRAIN_0023,23,10,10,1.0,0.404831060326229,0.9507353614234364,1.5569976463038082,0.4834018482915426,0.9221094052451964,0.019815928223825663,-1.5569976463038082,-0.08920932175673933,0.4381893158698129,1.5137365043678206,-0.08697891666612882,0.0917761235211296,0.22552324838343293,0.22552324838343293,0.8299284508788627,0.8677508264113761,0.4169136471380286,0.289453665089221,0.10265189397757618,-0.022934985475430103,-0.28315765329328313,-0.44018574178774234,-0.33428518687496256,-0.46451513066311023,-0.7270691954249456,0.9221094052451964,0.16822952687999998,0.09784700915277596,0.07038251772722402,41.83719649727641,True,-0.047158202940869844,0.08129604803982095,0.16150769563514292,0.03982071372525898,-0.010480075481308651,-0.06401555274829002,0.16150769563514292,True,False,755
train,TRAIN_0024,24,1,10,1.0,0.4150659312270224,1.1262035589973578,1.4877754829490863,0.5143360371073314,0.960147095662773,0.14204576429618002,1.4877754829490863,0.08524319314147334,0.5147628768327349,1.4642345820360223,-0.19130801956905727,-0.09140634509874768,0.16541526947356003,0.16541526947356003,-0.3967126091222573,-0.554856004975841,-0.17996546007436412,-0.10851448917675496,-0.2689089215533142,0.08599142203480173,0.40623655689134314,0.24360820315222578,0.4452777492788645,0.9991357352110071,1.091062873826829,0.960147095662773,0.2584133085155376,0.14418412948360948,0.11422917903192814,44.20406196883621,True,-0.1577919616100911,-0.07710943050457209,0.16812434461776146,0.03351605795896617,0.014296914594175592,0.002709075144201434,0.16812434461776146,True,False,887
train,TRAIN_0024,24,2,10,1.0,0.6115079882901318,1.4168278405316226,1.3115788797315375,0.7308717228027454,1.0750615848462621,0.579905609645078,1.3115788797315375,0.07514789121635176,0.7552574947332783,1.5729100678962633,-0.560741289964895,-0.08110819294458921,-0.0643509130188011,0.224296515985958,0.04335803899704531,-0.14133593513867293,0.2767277360261442,0.40888818063499943,0.3040114416199081,0.6667269948818412,0.939000063080561,0.6399434402077316,0.7481684215559736,1.2844424237964298,1.354936918728583,1.0750615848462621,0.2798405850580879,0.1495602611980087,0.1302803238600792,46.55519278343285,True,-0.47700735730826177,-0.06734567706440475,-0.0790787078172092,0.08373393265663326,0.013762515880184456,-0.014727794798408106,0.1908029429233047,True,False,635
train,TRAIN_0024,24,3,10,1.0,0.4307020333412118,0.9780091577658392,1.1005553776240289,0.5051313849459927,0.8032931091139232,-0.3098901242939901,1.1005553776240289,0.0630571527995518,0.4728762537725136,1.3765294129716008,0.337549631140862,-0.06918976641679611,-0.09287647821313165,0.1350198524563448,-0.6151587159334081,-0.9097205566794588,-0.5891786184913684,-0.5230270195759895,-0.6003360802943816,-0.11820914137571083,0.02610017547766327,-0.364647800940882,-0.23502203438680697,0.32592528925959197,0.48539666169062085,0.8032931091139232,0.2628746470113544,0.17435069158565922,0.08852395542569516,33.67534923284996,True,0.31132222316995367,-0.057336222857534556,-0.04748267983944735,-0.026227407970908334,0.011853543559261555,0.0453937983736843,0.12452888926798147,True,False,483
train,TRAIN_0024,24,4,10,1.0,0.8512729568512549,1.4699371165293715,1.1243081251183455,0.9160432495214458,1.1252597845018362,0.8512729568512549,1.1243081251183455,0.06441808329859461,0.909844307527819,1.329007903336142,-0.7750046492261988,-0.06263953502524981,-0.25609754543732993,0.31000185969047955,0.3248307963151681,0.3500351000192081,0.4743800124583828,0.5665518756920974,0.7925976789251072,1.1423948558860475,1.0596841048746573,0.9246263699096686,1.0360085095678788,1.2445489369792704,1.4491389214335137,1.1252597845018362,0.15186987836042765,0.06638579213751084,0.08548408622291681,56.28771626460405,True,-0.6964667082195809,-0.05766908399782711,-0.21813000502101004,0.07853794100661793,0.004970451027422704,0.03796754041631989,0.27858668328783237,True,False,799
train,TRAIN_0024,24,5,10,1.0,0.2813266600139199,0.7575996551379126,0.7542315652343055,0.34196419164509423,0.5721437832803508,0.20679164877415226,0.7542315652343055,0.04321427726910604,0.4307359048257934,0.8939091237439669,-0.22569054971936284,-0.04789747437645471,0.06345967668937248,0.09027621988774513,-0.17748030923394104,-0.23277322344128273,0.13117410152577116,0.15397544030667135,-0.07098818082271338,0.1989534589850929,0.4194345735623243,0.2607786865274969,0.34519688638844265,0.6364979696155904,0.5767512560003645,0.5721437832803508,0.16772844431525225,0.1060603345446865,0.06166810977056575,36.76663789634756,True,-0.19926258067287864,-0.03980544281410399,0.05212786971173059,0.0264279690464842,0.008092031562350721,-0.011331806977641891,0.07970503226915146,True,False,803
train,TRAIN_0024,24,6,10,1.0,0.4089494839026988,1.152117470888018,1.1536953872995124,0.517674541419567,0.8661961567690254,0.31617094307241184,-1.1536953872995124,-0.0661018472085097,0.47305943305742604,1.0123116099860467,-0.4448948518014646,0.05458366063092343,0.43223559157328356,0.43223559157328356,1.152117470888018,0.5736664548349175,0.9963066992019635,0.7305950899840372,-0.11716296528579195,0.04738594065862762,0.3946315676420926,-0.20178865079127395,-0.2043407628395911,0.3382380993966819,-0.0015779164114942956,0.8661961567690254,0.28486559197598427,0.23943883654739032,0.04542675542859395,15.946733023630202,True,-0.4040776298718651,0.059771413719416584,0.33484942498445586,0.04081722192959952,0.005187753088493154,-0.0973861665888277,0.33484942498445586,True,False,723
train,TRAIN_0024,24,7,10,1.0,0.3911354455644934,0.7753744297634158,0.09708015990346841,0.44252168407916903,0.42332917897733013,0.0366836383989742,-0.09708015990346841,-0.005562283419449881,0.19766617153355276,0.019587052496025957,0.02384264568566841,-0.013104158574132926,-0.20323818990087494,0.20323818990087494,0.16727914933613125,-0.549316015169247,0.40171443308683014,0.3538090567291241,-0.4731221330421196,0.23053461989508325,0.7047589383804729,-0.4775525173396032,-0.47305775158785884,0.5348433547078244,0.07019898943266284,0.42332917897733013,0.5024988699995933,0.47158243673041617,0.03091643326917709,6.1525378692298585,True,-0.18450066833630901,0.0005754369295527084,0.13922279925229497,-0.20834331402197742,0.013679595503685634,0.3424609891531699,0.13922279925229497,True,False,439
train,TRAIN_0024,24,8,10,1.0,0.5670071957793711,1.2528391038845037,0.015319105797168664,0.6660950179724408,0.6171591234355571,0.30297914178447327,0.015319105797168664,0.0008777201080234973,0.37210674391714305,0.3702494106233728,-0.3262163767180172,-0.027054401086722236,0.07802715196575417,0.13048655068720688,0.5816060218689937,-0.4144364498105899,0.7894178276366379,0.6681274727688907,-0.5394611446196068,0.36389937138147305,1.049811219572447,-0.351347080256217,-0.23420566078006946,1.1554993897612904,0.5969251276661623,0.6171591234355571,0.6994511421453862,0.4987941798916395,0.20065696225374668,28.687773907736165,True,-0.2801779505229476,-0.0007906592191894744,0.13298107350664568,0.04603842619506959,0.02626374186753276,0.0549539215408915,0.13298107350664568,True,False,551
train,TRAIN_0024,24,9,10,1.0,0.5403265688997376,1.3694423311509234,0.34738064759728193,0.6555584563545953,0.7427007099298424,-0.36608911681030365,-0.34738064759728193,-0.019903444191240786,0.35264890699151075,0.13336348434360346,0.43588525819628837,-0.003555871283848524,-0.2343649812949991,0.2343649812949991,-0.13577878705824478,-1.0234357915994803,0.1857620983247819,0.13449218958994902,-0.9666435901702768,-0.1554018296550732,0.4478081471750652,-0.9882392636920483,-1.0342461953592614,0.12877279083885898,-0.48315943465552674,0.7427007099298424,0.5989592911483114,0.5708653512469044,0.02809393990140696,4.69045898721195,True,0.06200318744608447,0.01783831056539883,0.39980737964412827,-0.3738820707502039,0.021394181849247355,0.6341723609391274,0.39980737964412827,True,False,331
train,TRAIN_0024,24,10,10,1.0,0.5991981958113883,1.617667119505972,1.9887846434124916,0.740221037017673,1.3357170913207226,-0.35515516922710805,-1.9887846434124916,-0.11394881619556085,0.6499988722188125,1.5809378171497397,0.3412371838184538,0.0972170720226563,0.04673450888817076,0.13649487352738152,0.8993120315146858,-0.05833992010953876,0.5920814647126963,0.2991987837493156,-0.7822484816308777,-0.246694805076857,-0.034156359272782176,-1.2692240107197161,-1.35202999413708,-0.5860058900026448,-1.089472611897806,1.3357170913207226,0.4065112516456906,0.37910967534404605,0.027401576301644526,6.740668601598105,True,0.295963899449349,0.10133794859491022,0.10622657782657387,-0.04527328436910483,0.00412087657225392,0.05949206893840311,0.1183855597797396,True,False,811
train,TRAIN_0025,25,1,10,1.0,0.5706865282949838,0.8401497207906647,0.13138435502307172,0.5874930256200429,0.5214154837946203,0.5706865282949838,-0.13138435502307172,-0.0075277689935560445,0.5894802285655291,0.11045708218546807,-0.5538863414020805,0.00014456461414450117,-0.056412509470020876,0.22155453656083218,0.4858069417966113,0.39774220365261664,0.7393268385501809,0.7570585149678661,0.4103521233592298,0.5433013290717226,0.7879929079715096,0.5480637094452171,0.45737229417102365,0.6403047928307148,0.3544225867735396,0.5214154837946203,0.17513455444444598,0.1310558290564331,0.044078725388012885,25.168491465226523,True,-0.48840736207071506,0.006906746938776228,-0.10575885632970874,0.06547897933136543,0.006762182324631726,-0.04934634685968787,0.19536294482828603,True,False,547
train,TRAIN_0025,25,2,10,1.0,0.32791083202081783,0.7271788320231394,0.11749202744117261,0.3707605816927111,0.3888505656148101,0.2785549741630481,0.11749202744117261,0.006731797267838356,0.38649966770707805,0.26033386214849175,-0.12710892443858096,-0.013782460949361083,-0.5085331353002779,0.5085331353002779,-0.1887048580872851,-0.14307289966005426,0.3017056919304313,0.4044544689335295,0.2974920573397236,0.5612966607909071,0.6571198503402177,0.3340320786237925,0.18263760542406562,0.27482772077905354,-0.07121283064611249,0.3888505656148101,0.1977478036531312,0.1498372620627708,0.0479105415903604,24.228103020754727,True,-0.10250017121063441,-0.006210783689802441,-0.5163790421455265,0.024608753227946548,0.007571677259558642,-0.007845906845248662,0.5163790421455265,True,False,815
train,TRAIN_0025,25,3,10,1.0,0.2750780936134132,0.7787752952714369,0.26930579263163723,0.35102506584022425,0.4320502610389686,0.18904650225890016,-0.26930579263163723,-0.015430084943192725,0.2664357294576608,0.1682227563225311,-0.11952655625550251,0.0052040108784486595,-0.23343755859815118,0.23343755859815118,-0.17942862810643387,-0.1831812175366104,0.5501273208087541,0.5875553183266725,0.016775872305630914,0.22672285294971,0.5771500538294433,0.18962312015975816,-0.0032214113600697457,0.18529346045550124,-0.4487344207380711,0.4320502610389686,0.3254034763461642,0.26851578664831605,0.05688768969784813,17.482200969890997,True,-0.09315815933056214,0.014191237022138883,-0.359047589796586,0.026368396924940377,0.008987226143690224,-0.12561003119843483,0.359047589796586,True,False,911
train,TRAIN_0025,25,4,10,1.0,0.4214547348937761,0.7944075721473864,0.27087389180065724,0.4506046909483591,0.49108132874738186,-0.4214547348937761,-0.27087389180065724,-0.015519930400881428,0.4408878880979435,0.11442976193156795,0.378896819235005,0.012796429218269002,0.14290310193744926,0.151558727694002,-0.5228691811384549,-0.4458460815215868,-0.12268565227931122,-0.23400317160844367,-0.5736813110355,-0.5138104475847975,-0.42272101475360163,-0.4205870621124166,-0.4500155876423974,-0.4502184912410538,-0.7937430729391122,0.49108132874738186,0.15114727904012992,0.13191633158587782,0.019230947454252106,12.723317003375398,True,0.3549937406604925,0.014332538085880704,0.15381026842044934,-0.023903078574512515,0.0015361088676117025,0.01090716648300008,0.15381026842044934,True,False,451
train,TRAIN_0025,25,5,10,1.0,0.31554340249113194,0.8139868804122004,0.05879864413355296,0.38537548474680006,0.39503622658574555,-0.23519114257817492,-0.05879864413355296,-0.0033689141460618143,0.33092971906079804,0.05625929149973924,0.2706513160691125,-0.007378586789306418,-0.11906994759154155,0.11906994759154155,-0.626004788293707,-0.6736288288684533,0.13554740401703613,0.07133437519471142,-0.5785558160166415,-0.13490363804086583,0.12183493244629148,-0.3477898468732871,-0.40572242864227004,-0.03769041838890952,-0.6848034324272599,0.39503622658574555,0.36337678725658695,0.2812715550523344,0.08210523220425253,22.595068007543514,True,0.24709429410843453,0.0030894614880551756,-0.18100697235490448,-0.023557021960677993,0.010468048277361594,-0.061937024763362936,0.18100697235490448,True,False,787
train,TRAIN_0025,25,6,10,1.0,0.3678292031959282,1.2076862136008397,1.3551864917187177,0.4582922459951441,0.9250397971541601,0.0679124454422443,-1.3551864917187177,-0.07764641889530954,0.36159258237679276,1.1187187303725912,0.005337005271208106,0.06738002573772732,-0.24596067641318714,0.24596067641318714,0.147500278117878,0.14440687232742283,0.7911936820823742,0.6033101012511105,-0.0335648613692584,0.21196010796382936,0.2680994072233859,-0.20245433411976516,-0.42664270685819994,-0.35996060322899565,-1.2076862136008397,0.9250397971541601,0.28362062262714816,0.26621996408916127,0.01740065853798689,6.135188046908018,True,0.0119591513789192,0.06998693727408489,-0.2958825273039596,0.006622146107711093,0.002606911536357573,-0.049921850890772446,0.2958825273039596,True,False,991
train,TRAIN_0025,25,7,10,1.0,0.8138934578057737,1.828898842775676,1.1981233793968733,0.9431097432544632,1.2465856783189433,0.7902891450494597,-1.1981233793968733,-0.06864738012764193,0.8790019858029198,1.1738586401591034,-0.6766571919899518,0.052721984587985146,-0.38155906651099564,0.38155906651099564,0.6623320235183784,0.5641651163972844,1.58022045149861,1.492462679232681,0.5385562512247528,1.002244583350452,1.2513849947124946,0.5086823202506647,0.22945333428544637,0.5224898473780133,-0.535791355878495,1.2465856783189433,0.4457851613989133,0.3902915473558569,0.05549361404305636,12.448510818285762,True,-0.5946730378996788,0.060879336379634316,-0.46437424152740714,0.08198415409027293,0.00815735179164917,-0.0828151750164115,0.46437424152740714,True,False,687
train,TRAIN_0025,25,8,10,1.0,0.5286853916897297,1.4504023106985084,1.3493585642666157,0.6708846364704523,1.0656223436435013,-0.171037995648091,1.3493585642666157,0.07731250385960733,0.4688202104832995,1.516350066606528,0.10735530925648852,-0.09593767159750528,0.21383691574646543,0.21383691574646543,-1.23475391168575,-1.2608161675490412,-0.03510977708281508,-0.029593920218651294,-0.9987827326060845,-0.3035018466985573,0.3367912070492209,-0.04675744637256411,0.10714887684238567,0.8986490864577183,0.11460465258086565,1.0656223436435013,0.5874450896056236,0.47244584719404564,0.11499924241157794,19.57616881073629,True,0.2283569829186048,-0.06908856201731518,-0.34023840906290953,0.12100167366211627,0.0268491095801901,-0.5540753248093749,0.34023840906290953,True,False,283
train,TRAIN_0025,25,9,10,1.0,0.6125291059416854,1.8312523576336044,2.016376134248932,0.7899359843169975,1.4170408777789665,0.4104450875259794,-2.016376134248932,-0.11552968583105638,0.5917361512566618,1.5169700839784521,-0.484376792807982,0.09642796416996234,0.24825158499382752,0.24825158499382752,1.089755877087553,0.6204023901492145,1.5895250864385662,1.2404103814051515,-0.12295688384992577,0.2436686872971385,0.6340009308654234,-0.2065771591544586,-0.3604929627508353,0.20536012081212757,-0.9266202571613791,1.4170408777789665,0.44943645670875154,0.41394086241666417,0.035495594292087373,7.897800403648517,True,-0.4530358321555628,0.10241433106770813,0.1386846850067438,0.0313409606524192,0.005986366897745787,-0.10956689998708372,0.18121433286222513,True,False,759
train,TRAIN_0025,25,10,10,1.0,0.38562897462010265,1.0678500250482372,0.33653864474948086,0.46877501786412995,0.5838827951117592,0.19799357830616918,-0.33653864474948086,-0.019282243259240047,0.26323446362287195,0.17868231512960447,-0.16541861391963975,-0.00014813359555968555,-0.10938184787199788,0.10938184787199788,-0.09118776485004476,-0.311836513168175,0.7603282549256783,0.6165180892141355,-0.30887006027926045,0.30837551643590116,0.6866767911688678,-0.07273989505802826,-0.09174565176797207,0.534672522039415,-0.4277264095995256,0.5838827951117592,0.5173821700511567,0.3898868951664306,0.12749527488472612,24.642378934728246,True,-0.17500676716065156,0.017485118997041308,-0.1668305567720017,-0.00958815324101181,0.017633252592600995,-0.05744870890000382,0.1668305567720017,True,False,1303
train,TRAIN_0026,26,1,10,1.0,0.7047421517707366,1.1509904856161137,1.544178114194286,0.7903248394069602,1.0990057094150367,-0.6173082280357302,-1.544178114194286,-0.08847481843752439,0.7893318417379636,1.5547787419469894,0.49014227065403576,0.09104074582166483,0.42700422446427766,0.42700422446427766,0.4381080487470106,0.19853911915378789,-0.14546667824018117,-0.4030817566359958,-0.5833109589689329,-0.8795635077998153,-1.0173324799567318,-0.9702910454692293,-1.0117962902966038,-1.1220730615566237,-1.1060700654472755,1.0990057094150367,0.2026658059266427,0.08337878201957784,0.11928702390706487,58.858978879862065,True,0.4392082611046724,0.07983090163788963,0.40301465528584024,-0.050934009549363335,-0.0112098441837752,-0.02398956917843742,0.40301465528584024,True,False,507
train,TRAIN_0026,26,2,10,1.0,0.2724094081898746,0.6808477216185724,1.0103995760592046,0.3255282015918633,0.6216498319194818,-0.05462289530377808,-1.0103995760592046,-0.057891611629349034,0.40158058330745133,1.2461715392849848,0.1462881473125151,0.051911287927577945,-0.30779817688808403,0.30779817688808403,0.3295518544406322,0.062370342076169254,0.30342793661764406,0.23258396416906993,-0.03741012942109645,0.14120346855390647,0.152809436189089,-0.4347129347458164,-0.5716560095444131,-0.341297556474338,-0.6808477216185724,0.6216498319194818,0.1422925068857847,0.2077104792652825,-0.06541797237949779,-45.97429183815523,False,-0.025241556467547055,0.054769117100464546,-0.28922926058207565,-0.17152970378006216,0.0028578291728866,0.018568916306008376,0.28922926058207565,True,False,351
train,TRAIN_0026,26,3,10,1.0,0.44066997509172007,0.9141904251887987,1.6194881802244838,0.5203896880042131,0.9443435429519221,-0.12519933758338891,1.6194881802244838,0.0927897565770455,0.4919521842818348,1.6504144696614715,0.09521497794898741,-0.0964816403651117,0.1006829854102815,0.1006829854102815,-0.8520170376423143,-0.86032555020832,-0.5069134404070357,-0.42100516654193076,-0.47364590091288994,-0.1621118036654312,0.11750227338447707,0.02952699629649918,0.22984754854457431,0.7398194630200249,0.7674711425821696,0.9443435429519221,0.18883613594967652,0.10513159726320401,0.08370453868647251,44.32654706977227,True,0.0883570523994068,-0.0846804567871692,0.09887374422433538,-0.006857925549580604,0.011801183577942492,-0.0018092411859461227,0.09887374422433538,True,False,555
train,TRAIN_0026,26,4,10,1.0,0.6217409541795442,1.538169977153167,1.5059052222644023,0.7505998121123337,1.1748048272903673,0.5109279636250518,1.5059052222644023,0.08628194836052158,0.7486690537512642,1.702019523627909,-0.5393825081422962,-0.09571579756133207,0.09554609554505832,0.21575300325691846,-0.2950303544721784,-0.403018541016141,0.3248986225555853,0.4592959726098627,0.011340176670063592,0.4021657126734101,0.9757893399835348,0.5782891846184482,0.7069935322849915,1.4573107870956579,1.2108748677922239,1.1748048272903673,0.3613476918375532,0.22455120978525342,0.1367964820522998,37.85730063935147,True,-0.5025794149814344,-0.07705371990043229,0.06522943304599438,0.03680309316086172,0.01866207766089978,-0.030316662499063937,0.20103176599257377,True,False,779
train,TRAIN_0026,26,5,10,1.0,0.352425719370322,0.7941934167686268,0.2953129089418869,0.4008509623218832,0.47266470975643904,0.3103340377397557,0.2953129089418869,0.016920182826233216,0.43002545684790433,0.6574229716814033,-0.22680468831700518,-0.022966677681099175,-0.28047903546394903,0.28047903546394903,-0.10093269926801213,-0.18440929935116473,0.3748102549462536,0.5003936182537996,0.17719820299913294,0.45255093926680456,0.7352476610610966,0.2557834864008089,0.11472418514210521,0.5588292900953131,0.1943802096738748,0.47266470975643904,0.25483289618280175,0.1955644893818889,0.05926840680091286,23.25775348815142,True,-0.2628800114889456,-0.015589338438547892,-0.24432305649370484,-0.0360753231719404,0.007377339242551283,0.036155978970244196,0.24432305649370484,True,False,1015
train,TRAIN_0026,26,6,10,1.0,0.3989691961492433,0.9126482950556992,0.38138477632992707,0.47765589051104457,0.5556662693115654,0.3380593171292724,0.38138477632992707,0.021851736994769045,0.41808252588489475,0.5193864920361375,-0.3605000527809447,-0.03278261983288711,0.07535262676148895,0.1442000211123779,0.001927292940518197,-0.23192491932277554,0.5343244890804479,0.6215275513007584,-0.07266295688409093,0.22358444416874185,0.7730359681321647,0.21885462321410837,0.17468252829335612,0.8391104545713681,0.38331206927044525,0.5556662693115654,0.35352220050560823,0.3407553317857292,0.012766868719879032,3.611334366447094,True,-0.15048512603190622,-0.019955890884446707,-0.005826761733115029,0.2100149267490385,0.012826728948440405,-0.08117938849460397,0.06019405041276249,True,False,335
train,TRAIN_0026,26,7,10,1.0,0.8135226754433081,1.5207405301037598,0.39064183770659555,0.8843575348999917,0.9059072664660982,-0.8135226754433081,0.39064183770659555,0.02238212746331042,0.8175385188873375,0.6158218654890897,0.6926948562993186,-0.03177217316671049,0.40572170626158793,0.40572170626158793,-0.9332589223941138,-1.2549244330824896,-0.5804652658853835,-0.5695304641046717,-1.3510306195925614,-1.1301370389896068,-0.5447534126238291,-0.9665889095162118,-0.9339540490942095,-0.20248675953768924,-0.5426170846875182,0.9059072664660982,0.3630159101042852,0.24287850474290737,0.12013740536137782,33.09425345210501,True,0.5885615055332312,-0.02029195887537999,0.398255122155714,-0.10413335076608743,0.011480214291330504,-0.007466584105873919,0.398255122155714,True,False,547
train,TRAIN_0026,26,8,10,1.0,0.45388358521776595,1.3134150935018636,1.6300275944425202,0.5895193732734535,1.0781498192759902,-0.26129192742698015,-1.6300275944425202,-0.09339361893617465,0.5578931741534517,1.4094114220143128,0.3767681977704605,0.08477549086649737,-0.38775200751284655,0.38775200751284655,0.31661250094065674,-0.13000105327476488,0.4254958923267922,0.3924746055866911,-0.2611603907905439,-0.018047945188002307,0.08778185160276153,-0.8216636201469671,-1.1540561321704865,-0.7050436396669902,-1.3134150935018636,1.0781498192759902,0.2752153289768476,0.2559939652002827,0.01922136377656486,6.984118162321493,True,0.33100587558227906,0.083798985660093,-0.3687124565861926,-0.04576232218818144,-0.0009765052064043683,0.019039550926653936,0.3687124565861926,True,False,267
train,TRAIN_0026,26,9,10,1.0,0.7347218479033728,1.3151761249696658,0.9127578241966534,0.8169906167492785,0.9704958007958353,0.6738757343751194,0.9127578241966534,0.05229715652062709,0.7120969271600481,0.8854329472313591,-0.5755073947651537,-0.062068862706333536,-0.33030614035261124,0.33030614035261124,-0.15241012311671426,-0.27786299724780966,0.6845704387944036,0.8899470780914271,0.3637808052076855,0.8447181159187198,1.3069367182249565,0.6727183592466712,0.6182537578506382,1.2771242278621158,0.7603477010799391,0.9704958007958353,0.3977396443938107,0.33145170287389214,0.06628794151991857,16.66616402318835,True,-0.4554820531798187,-0.04688275921622926,-0.2918999918721277,0.12002534158533495,0.015186103490104276,0.03840614848048357,0.2918999918721277,True,False,459
train,TRAIN_0026,26,10,10,1.0,0.5546334298143429,1.1114531969984323,0.7409580102932508,0.6337825722098169,0.7854916483527895,0.44910570605646954,0.7409580102932508,0.042453759016911854,0.6133412660026002,1.0444019634985042,-0.49555752703362876,-0.05312213838510936,0.15597825235388557,0.1982230108134515,-0.28963093592820227,-0.3245523075348713,0.6589866966904395,0.8072875758999161,-0.04717716122015186,0.1986040168907887,0.867856676182002,0.5053717434958561,0.5064779033266773,1.1114531969984323,0.45132707436504854,0.7854916483527895,0.4320571830717048,0.32521516543424095,0.10684201763746387,24.72867523642865,True,-0.5049133931235882,-0.038460350555998765,0.11987485462834165,-0.00935586608995942,0.014661787829110595,-0.036103397725543926,0.20196535724943526,True,False,751
train,TRAIN_0027,27,1,10,1.0,0.48593614439012794,1.1203042929521398,0.9777264430274533,0.583579033789749,0.8335479674898914,-0.4666249362915016,0.9777264430274533,0.056019580853195035,0.5818168887484726,0.961044899060852,0.4617416299473024,-0.06254527077548772,0.016397410763538556,0.18469665197892096,-1.0433911654587273,-1.0442803057063261,-0.6256486168645701,-0.48735245667259847,-0.7530130642969988,-0.4993218837080339,-0.16008544589265594,-0.35977102751698187,-0.27235224803921537,0.10445442251333807,-0.06566472243127411,0.8335479674898914,0.23001950226895837,0.1295585454601419,0.10046095680881648,43.67497356434976,True,0.41825959412949,-0.05062468068095505,0.0099938410705096,-0.0434820358178124,0.011920590094532668,-0.006403569693028957,0.167303837651796,True,False,543
train,TRAIN_0027,27,2,10,1.0,0.6738034745076442,0.9702721454282747,0.5069918725938036,0.7036994982083328,0.71569019757975,0.6738034745076442,0.5069918725938036,0.029048492058177323,0.6656484811591341,0.7385957030177226,-0.5862952310587521,-0.03124257693889963,-0.29383956522238536,0.29383956522238536,0.20258208832098293,0.2960281265860346,0.5078273764064356,0.6447731250602078,0.643696133944712,0.8955011246744637,0.93638487324315,0.7484794322866077,0.7460218278270955,0.8631250852569673,0.7095739609147865,0.71569019757975,0.13299790502995498,0.06818586185114976,0.06481204317880522,48.73162713668886,True,-0.539960355271648,-0.026481288521167465,-0.2591635166031241,0.04633487578710416,0.004761288417732164,0.03467604861926127,0.2591635166031241,True,False,583
train,TRAIN_0027,27,3,10,1.0,0.33514074066463617,0.6504712036426948,0.6542081619267711,0.38754063809512324,0.530700095679743,-0.3000728422374202,0.6542081619267711,0.037483361253935484,0.3390993972041357,0.7564987569704599,0.2148433367004774,-0.04119820544137616,0.2861879048654494,0.2861879048654494,-0.6082185388739508,-0.6032608205978398,-0.3797651531861497,-0.34223194492923364,-0.5575158292487642,-0.5151919581647182,-0.21623330340530766,-0.18466552239656822,-0.08110164673414572,0.12208865062430634,0.04598962305282031,0.530700095679743,0.12294142240742639,0.07451339759644499,0.04842802481098141,39.391137553697334,True,0.1897205372564139,-0.03472721048708176,0.28137870756949257,-0.02512279944406348,0.006470994954294401,-0.004809197295956857,0.28137870756949257,True,False,943
train,TRAIN_0027,27,4,10,1.0,0.5352485270795045,1.3869447681270848,1.2259631528503752,0.6658061111967178,1.011027545536761,-0.4580688167452356,1.2259631528503752,0.07024247930574624,0.6705783079114205,1.3353627841240168,0.5387546705840485,-0.08157988793708554,-0.270931003493864,0.270931003493864,-1.1441644443269678,-1.3694143050541294,-0.7238788540636352,-0.5504746992477068,-0.7595107105411267,-0.23824076523817672,0.146802073662592,-0.44014770912672835,-0.3865551327453609,0.24249133440579115,0.08179870852340738,1.011027545536761,0.34820910889644663,0.40925828076798443,-0.0610491718715378,-17.532330519731786,False,0.4336959831186654,-0.0742813956748892,-0.6191842596123804,-0.10505868746538305,0.007298492262196338,-0.34825325611851643,0.6191842596123804,True,False,659
train,TRAIN_0027,27,5,10,1.0,0.3302562800029153,0.905758847316039,1.1968632451239178,0.41920453558681103,0.7717839652915427,0.19892615657265872,-1.1968632451239178,-0.06857517985571629,0.29895115764947605,0.8523210427789258,-0.25181348906392276,0.059287408366520286,0.17758773542381587,0.17758773542381587,0.787084761591189,0.4290280987361455,0.7624061737003017,0.6200618296582219,0.006660672150906679,0.06875435288880302,0.34859825914666553,-0.16572974499285748,-0.32969227457998024,0.010892295989616742,-0.4097784835327289,0.7717839652915427,0.2027969688606003,0.17970836159795694,0.023088607262643362,11.385084990355125,True,-0.23137071630444792,0.06266055429738657,0.16618182084142585,0.020442772759474842,0.003373145930866281,-0.011405914582390014,0.16618182084142585,True,False,647
train,TRAIN_0027,27,6,10,1.0,0.43133267308792184,0.8971510648312333,1.6604090525957347,0.4953740192771589,0.9462052390821828,0.012082141923633041,1.6604090525957347,0.09513434355197851,0.489639984066204,1.7222681095403256,-0.03193851400274776,-0.09611752841323806,0.06667472124530277,0.08009794034436506,-0.8971510648312333,-0.7438832049682491,-0.4302417003771039,-0.2527963408632448,-0.21071134154186144,-0.06545983340175668,0.303985557148909,0.38915118823614286,0.48203864535756447,0.6619270302241139,0.7632579877645014,0.9462052390821828,0.14427894466574878,0.07252259449615685,0.07175635016959193,49.734457329051004,True,-0.04717152841226744,-0.086924737271857,0.07668668227213105,-0.015233014409519678,0.009192791141381065,0.010011961026828275,0.07668668227213105,True,False,719
train,TRAIN_0027,27,7,10,1.0,0.3574134685226082,1.1013231925602225,1.1343191039637408,0.46946216544112124,0.8248629460580835,-0.20355358946438634,1.1343191039637408,0.06499166940370313,0.49138662846656356,1.3285030553376465,0.27635718214011085,-0.07293646767604674,-0.24446355195046834,0.24446355195046834,-0.9961675176149378,-0.9922870333268309,-0.4470936092794516,-0.259568882281036,-0.41886619585539725,-0.044824323935170524,0.33981550055675397,-0.05931855624054473,-0.06828433865947636,0.3377447458907166,0.138151586348803,0.8248629460580835,0.2921734191671599,0.17670461224554834,0.11546880692161154,39.520640601309765,True,0.22638745597847917,-0.058790971974635016,-0.18581592568713068,-0.04996972616163167,0.014145495701411721,0.058647626263337665,0.18581592568713068,True,False,1135
train,TRAIN_0027,27,8,10,1.0,0.33134787202813365,0.8356405780685936,0.9907853702911242,0.40270846422343126,0.6876029925386986,0.07930772118551059,0.9907853702911242,0.056767801545515036,0.39700785293664387,1.2763714312246321,0.029833975302121223,-0.06432092928215954,-0.36648145797017756,0.36648145797017756,-0.7987522545398632,-0.6916753696459981,-0.1426976384901669,0.05770639030520625,-0.05133634571223823,0.32480346104853103,0.5935576003600145,0.24894776279229294,0.26545525642063095,0.4625394884216929,0.19203311575126097,0.6876029925386986,0.27249636706143093,0.19073616365324167,0.08176020340818926,30.004144381769844,True,0.013187543982645655,-0.050547802427432044,-0.2695935200591707,-0.016646431319475567,0.0137731268547275,0.09688793791100686,0.2695935200591707,True,False,923
train,TRAIN_0027,27,9,10,1.0,0.5517255810312769,1.1222523346791815,1.8763921875923115,0.584501689933961,1.123561199984227,-0.13235671087074463,-1.8763921875923115,-0.10750922688594176,0.5452973221038312,1.6516673992575512,-0.022337877961640194,0.10339398225867577,0.5194412427134488,0.5194412427134488,0.7541398529131301,0.6331435561419972,0.6328814546208134,0.3939988456964803,-0.23459543282027906,-0.5401334112256106,-0.34153722587118857,-0.4623833188146651,-0.5351260791236782,-0.7085745791346932,-1.1222523346791815,1.123561199984227,0.17585562690617385,0.18781841493443635,-0.011962788028262505,-6.802618852022939,False,0.10756756341757545,0.09712177361211687,0.14617984421178853,0.12990544137921564,-0.006272208646558905,-0.3732613985016603,0.14617984421178853,True,False,719
train,TRAIN_0027,27,10,10,1.0,0.5180457676622223,0.7938154097369573,0.1463797444525663,0.5372554382034386,0.49119782037586757,-0.5180457676622223,-0.1463797444525663,-0.00838694150343316,0.549675035912979,0.28655922804215217,0.4893998148883766,0.00219793609748178,0.09618881578126728,0.19575992595535063,-0.4438674125434787,-0.5771886078383563,-0.4128962819031862,-0.4209268805860895,-0.7194588245993833,-0.49267334005266783,-0.3797594321478119,-0.6912415992594289,-0.5809890049010239,-0.3955753015690492,-0.590247156996045,0.49119782037586757,0.18071519562465582,0.15024079662513337,0.03047439899952245,16.863218886594108,True,0.4701166072879204,0.00882874197479948,0.12039908843749547,-0.01928320760045621,0.006630805877317699,0.024210272656228188,0.18804664291516815,True,False,719
train,TRAIN_0028,28,1,10,1.0,0.3344526111730303,0.7857880096462002,0.9330453391094915,0.3993149428316152,0.6559172822617781,-0.2724804677397185,0.9330453391094915,0.0534595445118407,0.4013716640854175,0.9255053371172572,0.25355555400791385,-0.04264628129675538,0.06354702372779744,0.10142222160316554,-0.6885825324558957,-0.3544491701112875,-0.7422665795592567,-0.6123051133377577,-0.12314906520322,-0.3401764442743794,-0.45672156996375907,0.08656732032262501,0.1663928860210261,-0.155275794779711,0.24446280665359577,0.6559172822617781,0.21819111378907136,0.16849160788433876,0.0496995059047326,22.77796975397351,True,0.23695455078601482,-0.04910476885139444,0.031823070609650436,-0.01660100322189903,-0.006458487554639063,-0.031723953118147005,0.09478182031440593,True,False,919
train,TRAIN_0028,28,2,10,1.0,0.6514878388185981,1.2480539446827128,1.6199405793603951,0.7700948110040319,1.1328541899589148,0.6122032489217277,1.6199405793603951,0.09281567707018683,0.7502908733760238,1.4700453224799843,-0.5148746894362005,-0.08362270220478561,-0.3268147145434494,0.3268147145434494,-0.42108817793279335,0.03118190027162965,-0.03725484555764369,0.2797166146160269,0.7749376153501323,0.7571807416468948,0.7475227452383647,1.1388070324682125,1.1804353172258326,0.9246476205308508,1.1988524014276019,1.1328541899589148,0.1767989365372141,0.182052525139069,-0.005253588601854903,-2.9715046395367226,False,-0.40158352243574613,-0.0827226899934446,-0.49478957181471994,0.11329116700045438,0.0009000122113410058,-0.16797485727127054,0.49478957181471994,True,False,703
train,TRAIN_0028,28,3,10,1.0,0.25423157842592475,0.553954481254919,0.24423737849539598,0.2936097978583135,0.3450880112387033,-0.07957473038506115,0.24423737849539598,0.013993770708873789,0.15479413968309383,0.23910592800410665,0.1328808101441089,0.002245566297382358,-0.17899382598459262,0.17899382598459262,-0.4171607462879932,0.09322866994585491,-0.36571272483691414,-0.21197546343982138,0.35063523020768617,-0.04903828755854402,-0.31843020473047373,0.3106974424014998,0.25174994499129527,-0.4588449533967847,-0.17292336779259723,0.3450880112387033,0.35690064479802763,0.25579812867272395,0.10110251612530369,28.327916354008902,True,0.1415326263933467,-0.013057099931477006,-0.27391867795606,0.008651816249237804,-0.015302666228859363,-0.09492485197146738,0.27391867795606,True,False,927
train,TRAIN_0028,28,4,10,1.0,0.497503875762679,1.4764932336843153,1.4783149187022766,0.6307996962445357,1.0987735780692347,0.3545718351659038,1.4783149187022766,0.08470114393051836,0.49359643111083235,1.210410749404606,-0.3726533564843815,-0.06184246062745352,0.060715038416737914,0.14906134259375262,-0.5315654884397693,0.29192977986185525,-0.3409747443015293,-0.14133510362097856,0.7672176346976322,0.2292560572015574,-0.07118223493184915,1.144328090507328,1.242355213407455,0.3468215524758299,0.9467494302625075,1.0987735780692347,0.4636325642323813,0.37954149038264673,0.08409107384973458,18.137439070735024,True,-0.32193788503800785,-0.07573975701701043,-0.07741821569061325,0.05071547144637367,-0.013897296389556904,-0.13813325410735117,0.12877515401520315,True,False,759
train,TRAIN_0028,28,5,10,1.0,0.49581234340521546,1.0666714277944092,0.1914459311063607,0.5925991461185357,0.5854388253036491,-0.3335450636538442,0.1914459311063607,0.010969043723335995,0.3153328435176032,0.04879450160018062,0.31701390143899155,0.014181912159720277,0.05550916492421609,0.1268055605755966,-0.43352189302555794,0.25148075467999953,-0.7945447929483129,-0.7251460737546412,0.3010807760390054,-0.3744773996689493,-1.0169815394739874,0.20866634503151188,0.1921087902285928,-0.940389517602218,-0.24207596191919722,0.5854388253036491,0.5979697430013273,0.44316084633633024,0.1548088966649971,25.889085271769922,True,0.2302468049883643,-0.009936758731378392,0.25635698456702893,-0.08676709645062725,-0.02411867089109867,0.20084781964281284,0.25635698456702893,True,False,443
train,TRAIN_0028,28,6,10,1.0,0.5569308284230381,1.20148323529266,0.20076685745327763,0.6640246309883946,0.6541567394495321,0.34682702893376904,-0.20076685745327763,-0.011503093443624428,0.3831520920475918,0.6869314889555189,-0.3867341616400601,0.04014711068489223,0.13400217009883345,0.15469366465602402,0.4424162575794961,1.1624673705041264,-0.011237072752474946,0.04557851231308999,1.080449219245193,0.21869576461423387,-0.43868792531996664,0.8685758776374959,0.788861733541909,-0.47367158292965666,0.24164940012621847,0.6541567394495321,0.6550640489207874,0.46478894893286316,0.19027509998792425,29.04679325653742,True,-0.34644372599723633,0.010380355912325778,0.20231140637288536,0.04029043564282375,-0.029766754772566455,0.06830923627405192,0.20231140637288536,True,False,631
train,TRAIN_0028,28,7,10,1.0,0.6284246441091663,1.42078350022854,1.1230938184014652,0.7326153424192292,1.0249521230636744,0.08726023352843527,-1.1230938184014652,-0.06434850873653507,0.5344490296978267,1.7381871099971442,-0.1049210467349297,0.09560741487322923,0.059302363635043036,0.07967284572769102,0.7719074322918832,1.3351251350056776,-0.05316473062019343,-0.16312482560383298,0.9562647417596898,0.11814207358832131,-0.8164180492362616,0.28812626760693955,0.19765153991321488,-1.0980098000579648,-0.35118638610958186,1.0249521230636744,0.7190259917434451,0.4613406500254726,0.25768534171797247,35.83811220692518,True,-0.09424774036544653,0.05760255656612245,0.0850884028686521,0.010673306369483174,-0.03800485830710678,0.025786039233609066,0.0850884028686521,True,False,715
train,TRAIN_0028,28,8,10,1.0,0.7947672283987028,2.1106711323202143,2.4880284855349357,0.9616410172402957,1.7142041556001852,0.3953729981998388,2.4880284855349357,0.14255323738153897,0.637432001666091,1.7299952601932027,-0.4294197713779598,-0.10160500441578671,0.11432396119032015,0.1717679085511839,-0.7182599110012152,0.42735058592512076,-0.9670338300637294,-0.6734482708246172,1.1489430000213565,0.32294212642864967,-0.4119883584391362,1.4683039048756068,1.745851680646108,0.40310296563002174,1.7697685745337204,1.7142041556001852,0.7686389151861265,0.5957657825201953,0.17287313266593118,22.490811907964588,True,-0.36995865092845837,-0.12563484544819564,0.0856048124204324,0.059461120449501415,-0.024029841032408933,-0.02871914876988775,0.14798346037138335,True,False,835
train,TRAIN_0028,28,9,10,1.0,0.9747702069591375,2.029326671414522,0.6844809655156778,1.1654594863279333,1.2231193017995945,-0.9042747670909661,-0.6844809655156778,-0.03921786435638007,0.9217166898186203,1.1788224119491264,0.8174092682472769,0.07630677876634509,0.2916813251766679,0.3269637072989108,-0.21545955126089303,0.3670689775870805,-1.2279780591213856,-1.3364712814573965,-0.04049672343882636,-1.0448742259467512,-1.984576076102117,-0.6231658424942829,-0.6035742436781415,-1.9720393759700192,-0.8999405167765708,1.2231193017995945,0.8208479957086521,0.5356452187110394,0.28520277699761265,34.74489533855684,True,0.7066905157725992,0.03465870746842295,0.29349287399907426,-0.11071875247467766,-0.04164807129792214,0.0018115488224063614,0.29349287399907426,True,False,483
train,TRAIN_0028,28,10,10,1.0,0.7508740942242842,1.710561506930328,0.6889473427341477,0.9107171503559297,1.036186598202221,0.5553655366612741,0.6889473427341477,0.039473768800032866,0.45210697556010276,0.14207425180560285,-0.5245335914318623,0.0032778026326220956,-0.10352905079693327,0.20981343657274493,0.40903248777753415,1.2946679490609838,-0.3580786151795486,-0.21251446072444344,1.5880452078015577,0.6573179578573957,-0.3769027078476671,1.2311649757922907,1.2703843511441977,-0.23478861713347288,1.097979830511682,1.036186598202221,0.8985757185364025,0.6337389316668229,0.26483678686957957,29.4729516284888,True,-0.5192094254467777,-0.035621666403286366,-0.12918289241004788,0.005324165985084561,-0.03889946903590846,-0.02565384161311461,0.2076837701787111,True,False,371
train,TRAIN_0029,29,1,10,1.0,0.42950429434453524,0.9165816367392575,1.5630824063629194,0.49864812466903563,0.9226153137009171,0.22070413882483975,-1.5630824063629194,-0.08955795197900505,0.49484265159361274,1.5342296041251233,-0.20221521967747866,0.08728033354426777,-0.062083019262812046,0.08088608787099147,0.9165816367392575,0.7966565009059169,0.6885389564962663,0.6188191674608188,0.39575606744116465,0.21680245814376745,0.1364560605615059,-0.07176610683469582,-0.2544079465942395,-0.39263372474091085,-0.6465007696236618,0.9226153137009171,0.10416914126038192,0.04865104874461828,0.05551809251576364,53.296102707605336,True,-0.186386317218966,0.08177961187294921,-0.07545450460156206,0.01582890245851265,-0.005500721671318556,-0.01337148533875001,0.07545450460156206,True,False,595
train,TRAIN_0029,29,2,10,1.0,0.7324661226822512,1.2278172329931543,0.33432661656122153,0.7780045742964734,0.7661834491006354,0.7324661226822512,0.33432661656122153,0.019155503394149013,0.8004262744168695,0.18971757439251125,-0.5823948185060273,-0.009252319486977823,-0.5039169458046786,0.5039169458046786,0.2313116933714596,0.6763837657230808,0.42121244119114576,0.6370934041403432,1.1578783005587872,1.008036174136311,0.7564947772464784,1.0015829550635977,0.9187879370452434,0.4412253798706068,0.5656383099326812,0.7661834491006354,0.23627370845294543,0.18853248122316402,0.04774122722978141,20.205899142303096,True,-0.5165708412572834,-0.017276971263586523,-0.3157185792221669,0.06582397724874389,-0.0080246517766087,0.1881983665825117,0.3157185792221669,True,False,723
train,TRAIN_0029,29,3,10,1.0,0.29359710564048574,0.6453728058951511,0.37821126472074035,0.33799904322922586,0.4289542571998357,-0.023457250554082196,-0.37821126472074035,-0.0216699081995552,0.2263592267342822,0.5624366535458247,-0.01605009184318862,0.03831725472259626,0.13265973416419793,0.13265973416419793,0.10451125561551411,0.5568649886846643,-0.07973010732352045,-0.07253520637822591,0.37487418424554925,-0.16359758653383258,-0.4870415386597584,0.17650008957947325,0.14452623717069718,-0.5634464870312931,-0.27370000910522624,0.4289542571998357,0.3652235824705061,0.4521737934653225,-0.08695021099481637,-23.807392284652945,False,-0.17765732889490182,0.04315292691306816,0.005361177796263661,-0.1616072370517132,0.004835672190471894,-0.12729855636793427,0.07106293155796073,True,False,1059
train,TRAIN_0029,29,4,10,1.0,0.4095903926632909,1.0721133419293414,1.1867647483740094,0.5071121845352384,0.8512517633435164,0.013255550788256331,-1.1867647483740094,-0.06799657943438082,0.45166224646685543,1.5378944805166717,0.054770788268428613,0.08381099418508826,-0.22842225034217517,0.22842225034217517,0.3240671681493605,0.772686054176865,0.15830280441862213,0.1609066847635765,0.5970595515012828,0.1467059321107459,-0.3637253402157528,0.03158043022900372,-0.12413082635488927,-0.9298661297558948,-0.8626975802246489,0.8512517633435164,0.3985321642839408,0.2478430452752403,0.1506891190087005,37.81103070550149,True,0.0748352005406362,0.06160814558780361,-0.2947700615426401,0.02006441227220758,-0.022202848597284656,-0.06634781120046496,0.2947700615426401,True,False,903
train,TRAIN_0029,29,5,10,1.0,0.6612458425748377,1.2140495909405413,0.9558039496444957,0.741404121083021,0.9234702270562646,-0.652246871875242,0.9558039496444957,0.0547635156799608,0.6755564055949091,0.5697534638973273,0.585226098262672,-0.03984105078303633,0.225045712301231,0.23409043930506881,-1.1640928076173545,-0.5821391580919306,-1.11155622452734,-1.0123467768772316,-0.4322859014535789,-0.7834747635376242,-1.0602324789261557,-0.21520758956940284,-0.032616570126425916,-0.5633748188498489,-0.20828885797285882,0.9234702270562646,0.335533872048758,0.32791316778086693,0.007620704267891076,2.271217573760683,True,0.6202603778712917,-0.0415937768273289,-0.05940803661365124,0.03503427960861971,-0.0017527260442925657,-0.28445374891488223,0.2481041511485167,True,False,815
train,TRAIN_0029,29,6,10,1.0,0.4946555679518283,1.3349687150936111,1.9123434976982434,0.6116296872358792,1.183753302946693,-0.24674472401678804,1.9123434976982434,0.10956907783071392,0.6021467488228535,1.734058608377408,0.30674678834740865,-0.09495325216054767,-0.20147793854018134,0.20147793854018134,-1.3349687150936111,-0.684578794653131,-1.0929969868949472,-0.8163023920576277,0.016361467959369984,-0.08412162768136411,-0.39887500229362893,0.35128343086421077,0.5355735266031327,0.10643257052483651,0.5773747826046322,1.183753302946693,0.27727584837873087,0.24660744192805273,0.030668406450678143,11.060612249498265,True,0.28562550439004614,-0.09825380271855953,-0.2248358924110086,-0.021121283957362513,-0.0033005505580118583,-0.02335795387082726,0.2248358924110086,True,False,1091
train,TRAIN_0029,29,7,10,1.0,0.6161203055206751,1.3821026436459087,1.3821276029315952,0.73992731744366,1.0880978973738198,-0.595058817670106,-1.3821276029315952,-0.07919002797158396,0.74758328375258,1.4437447855642909,0.5781696094658911,0.08418850982291388,0.05671142969033813,0.23126784378635645,0.0798592416915306,0.09329105826204263,-0.24068336579078514,-0.3343192684634589,-0.37908424674995256,-0.6371282281754217,-0.9195759169892193,-0.8035569995649564,-0.9166796557609406,-1.2404918419439923,-1.3022683612400645,1.0880978973738198,0.2267982235710412,0.10108743280326224,0.12571079076777897,55.42847240529726,True,0.5227877526707605,0.07086114367504702,0.025193415079159336,-0.055381856795130635,-0.013327366147866865,-0.03151801461117879,0.2091151010683042,True,False,835
train,TRAIN_0029,29,8,10,1.0,0.30786962112601673,1.092308158147931,1.1110460527156982,0.43081766772071284,0.7964489163689652,-0.15100188661942926,1.1110460527156982,0.06365822347155561,0.43946744698128254,0.8445003064634113,0.2918895249160055,-0.06741684563960099,-0.47307957228569736,0.47307957228569736,-1.0156233810900155,-0.8947736818258178,-0.47832069826878026,-0.1996023900298585,-0.21048448145286672,0.15222158099739977,0.23084325720417673,0.01532809187012446,0.04395139369404087,0.25333055209199995,0.09542267162568271,0.7964489163689652,0.20795469610711928,0.13382321738660732,0.07413147872051196,35.647898368366825,True,0.2729056155808062,-0.05759917177425497,-0.44743318828031114,-0.018983909335199278,0.009817673865346016,0.025646384005386214,0.44743318828031114,True,False,651
train,TRAIN_0029,29,9,10,1.0,0.4199125761300699,0.9758048448625383,0.6758242453933196,0.4839828112661597,0.6698607810423942,0.3234588428079813,0.6758242453933196,0.03872187105839632,0.44774095941097747,0.8971290567155865,-0.4073030381586052,-0.05034725760826815,0.2815362408986845,0.2815362408986845,-0.11821892571347156,-0.20403526963107246,0.39182727519935634,0.5058930122382391,-0.16723257182488352,0.06565233279291935,0.5163666884637421,0.3512470928493381,0.4869613081149773,0.9758048448625383,0.557605319679848,0.6698607810423942,0.3106665093830498,0.22130360588884943,0.08936290349420037,28.76489766201882,True,-0.34143579370142546,-0.03527234146806056,0.11381974723768402,0.06586724445717973,0.01507491614020759,-0.1677164936610005,0.1365743174805702,True,False,587
train,TRAIN_0029,29,10,10,1.0,0.4347451612226428,1.143881179122487,1.2210687382555943,0.5375237881947345,0.8936609023996906,-0.3657305897932456,-1.2210687382555943,-0.06996205042607821,0.44164017238694203,0.973943470114422,0.4375608774726355,0.059452472118710485,-0.2411953396577749,0.2411953396577749,0.07718755913310732,-0.2901202909907701,0.12388119172321208,0.13574989279137217,-0.500140017108542,-0.17588055868512084,-0.14340255195354495,-0.7999530090077206,-0.9717961123638458,-0.5832700378880405,-1.143881179122487,0.8936609023996906,0.25358123918502706,0.2177381192373295,0.035843119947697566,14.134768038397517,True,0.4018564889163229,0.06315303841899506,-0.20628789796298508,-0.03570438855631258,0.0037005663002845704,0.03490744169478982,0.20628789796298508,True,False,515
train,TRAIN_0030,30,1,10,1.0,0.16044345896001827,0.5378464140726024,0.582077024708358,0.22518977148725686,0.4066290464710193,0.10822619758799215,-0.582077024708358,-0.03335055310078037,0.22271925057321929,0.573693952986188,-0.15998463364504792,0.0354225709285626,0.17379707040375325,0.17379707040375325,0.5295522166723984,0.4695781935007695,0.2770908986673561,0.1518169226669667,0.1816609027181544,0.039754451085956724,-0.08456721309523842,-0.017799221626972055,-0.03628022795231236,-0.09820192873600772,-0.05252480803595966,0.4066290464710193,0.09124263322674167,0.2856434661840935,-0.1944008329573518,-213.05920936571152,False,0.06284367027637794,0.0465489629097763,-0.13809360744518417,0.22282830392142586,0.0111263919812137,-0.3118906778489374,0.13809360744518417,True,False,919
train,TRAIN_0030,30,2,10,1.0,0.2506480761163504,0.7280556185096063,0.7621579907299856,0.32321178317419413,0.5545796839242021,0.23300462608334138,-0.7621579907299856,-0.043668427735558395,0.33552189870712706,0.8302642460571945,-0.23631220327059477,0.041898637128875184,0.011106348434586733,0.09452488130823791,0.7170085915798725,0.5627210501995936,0.45948846500315565,0.3333071028188192,0.287521468862995,0.3061564714966192,0.17693515638356075,-0.03673704041047628,-0.06573216047997806,0.015956510933849418,-0.04514939915011312,0.5545796839242021,0.08212534859288814,0.12262200186050413,-0.04049665326761599,-49.3107840167182,False,-0.13772871988545102,0.0402894178724934,-0.28457963174660617,0.09858348338514375,-0.0016092192563817859,-0.2956859801811929,0.28457963174660617,True,False,267
train,TRAIN_0030,30,3,10,1.0,0.49480928889828607,0.8388839807383888,1.419533159763748,0.5564004211284161,0.8816079709329683,-0.3369773534026807,-1.419533159763748,-0.08133320430254305,0.5473490785180628,1.4480688260998062,0.2821135396351119,0.0815385460097159,0.18422446330235906,0.18422446330235906,0.6851252551136966,0.40932850342635824,0.045145732215276554,-0.2118240793426573,-0.24236004211260334,-0.28554439931814796,-0.5960895377994561,-0.797991622271587,-0.8163206279088415,-0.79385991760951,-0.7344079046500512,0.8816079709329683,0.19828534405478063,0.43270488539759056,-0.23441954134280993,-118.223332369964,False,0.6232523651107558,0.08537210762022447,0.007614148408828569,0.3411388254756439,0.0038335616105085735,-0.1766103148935305,0.2493009460443023,True,False,707
train,TRAIN_0030,30,4,10,1.0,0.5291953461275967,0.9859154264285235,1.4557661169569585,0.6149787342055096,0.9527609402744746,-0.4026207457822658,-1.4557661169569585,-0.08340919553803067,0.6414429579794283,1.5893601016950565,0.4198882179687026,0.08505070785489126,-0.05798158344608424,0.16795528718748104,0.5947996022389889,0.3471741689852387,-0.09701398504191305,-0.35308242817930846,-0.19116445882858643,-0.1253063985098574,-0.6098930848574017,-0.9001770372863562,-0.9493190032729927,-0.984829148429248,-0.8609665147179695,0.9527609402744746,0.24176980042688884,0.2142813170073774,0.027488483419511434,11.369692728775673,True,0.3846203240412277,0.08255811334829977,-0.2325734654365066,-0.035267893927474925,-0.0024925945065914917,-0.17459188199042236,0.2325734654365066,True,False,783
train,TRAIN_0030,30,5,10,1.0,0.40489681484095236,0.7661459230395823,0.9274288015971373,0.4453864622850024,0.6740801080718017,-0.31057984398448324,0.9274288015971373,0.0531377408953766,0.42908620339287556,0.7524114132312771,0.21388483544927608,-0.051256250023062805,0.32468734541282557,0.32468734541282557,-0.4418070023526495,-0.4270452602155739,-0.5940275827238423,-0.7020327915667381,-0.48405169529639325,-0.358829113120582,-0.42336159288142156,-0.252817069809508,-0.0371373345572125,0.18810798910676052,0.48562179924448773,0.6740801080718017,0.16282865145131942,0.13657500320828353,0.026253648243035888,16.12348196035075,True,0.1950721511655191,-0.04887047954649128,0.35193636215449786,-0.018812684283756986,0.0023857704765715276,0.027249016741672294,0.35193636215449786,True,False,571
train,TRAIN_0030,30,6,10,1.0,0.31396878550177115,1.001205486609333,1.1480610202792882,0.39610018358465293,0.7785806060755831,0.03813934265151395,1.1480610202792882,0.06577902218561242,0.3557804155696306,1.2266549882691429,-0.03759739059366873,-0.06291742957840991,-0.0018197937791040125,0.052431191315341595,-0.1468555336699552,-0.17683017461401984,-0.47978669716814226,-0.5364225938998397,0.021938098599254104,0.30527165820034147,-0.029306557245058002,0.10123169377837896,0.3156425907583682,0.5055078891963466,1.001205486609333,0.7785806060755831,0.23293275785387876,0.2095011452521031,0.023431612601775675,10.059389163491801,True,-0.029383236024599725,-0.059800419694255966,0.07862167716262522,0.008214154569069002,0.0031170098841539484,0.08044147094172924,0.07862167716262522,True,False,907
train,TRAIN_0030,30,7,10,1.0,0.7883129852079511,1.5776084648764546,0.6350779319627416,0.8739120735533882,0.987691021969483,-0.7831747487369681,0.6350779319627416,0.03638728027140784,0.8201050725228703,0.7047329299422809,0.6801260865765701,-0.027324421244242177,0.34602196196115165,0.34602196196115165,-0.45239340995305566,-0.5043629735677256,-1.2305359385227534,-1.3846249871069778,-0.6708559109171558,-0.7498351320837526,-1.1866330720004548,-0.7440347298057565,-0.5224182204738661,-0.6105573551476707,0.18268452200968596,0.987691021969483,0.36122040497395147,0.32014543517201893,0.04107496980193254,11.371165425966055,True,0.604908134415231,-0.03237992903169149,0.5279280227635021,-0.0752179521613392,-0.005055507787449315,0.1819060608023505,0.5279280227635021,True,False,431
train,TRAIN_0030,30,8,10,1.0,0.5885919584917517,1.9221712765900072,1.6087418079443407,0.7149983626729094,1.3073513491751207,0.4231532826888547,1.6087418079443407,0.09217403640449999,0.5674443120062052,1.5416159475051636,-0.4704413983082158,-0.08590648093091695,0.15878640441336384,0.1881765593232863,0.3134294686456664,0.25119747702402434,-0.42324736583035016,-0.4514977414719407,0.5009222361580377,0.6363208203708999,0.18462678640280228,0.5718286407468529,0.9025676123275347,0.997486487676675,1.9221712765900072,1.3073513491751207,0.40108414002027953,0.44613945658503096,-0.045055316564751424,-11.233382741704357,False,-0.3517045206642064,-0.09141480809418545,-0.2007853382529612,0.11873687764400942,-0.005508327163268503,-0.359571742666325,0.2007853382529612,True,False,555
train,TRAIN_0030,30,9,10,1.0,0.4601600746687585,1.4351410543511625,1.4693475019297262,0.6155452061870074,1.0709491099035948,-0.30973732671779197,1.4693475019297262,0.08418734991237213,0.5272019897041386,1.5386356149221543,0.42164780193568313,-0.0751359421330565,-0.3757786019446372,0.3757786019446372,-0.7015342322724895,-0.540686657246651,-1.2285699324924977,-1.1511211785061228,0.07818434508557956,0.2230179839568852,-0.4203607383544518,-0.13967480633679077,0.11161180831881849,-0.058497759150546794,0.7678132696572368,1.0709491099035948,0.326385105969183,0.4175878862548348,-0.09120278028565176,-27.943303360865688,False,0.6115064376112328,-0.0719761292398029,-0.791812273366081,0.18985863567554967,0.003159812893253594,-0.41603367142144376,0.791812273366081,True,False,883
train,TRAIN_0030,30,10,10,1.0,0.6453845158495978,1.4315663632567157,1.0459995184411297,0.7281084433050221,1.0096959635947351,0.6233162748772588,1.0459995184411297,0.05993133592214192,0.6770193970882876,1.026210459057689,-0.5877152593594619,-0.053511339088528335,-0.11954287400745749,0.23508610374378475,0.38556684481558606,0.5140938526221493,0.02305926805451197,0.02695246095026381,0.8741341464046488,0.9213525622934199,0.47294842946732885,0.7401734752848614,0.9417603259653051,0.8420811751718492,1.4315663632567157,1.0096959635947351,0.28273749741850496,0.24601430008004713,0.03672319733845783,12.98844252133298,True,-0.4885191022767963,-0.05369032178391931,-0.10410107125854363,0.0991961570826656,-0.0001789826953909751,0.015441802748913852,0.19540764091071852,True,False,487
