assembly_index,component_index,method,pre_quality,post_quality,base_composite_q_z_adj_mm,base_composite_q_theta_adj_deg,base_composite_q_locator_offset_mm,predicted_delta_z_mm,predicted_delta_theta_deg,predicted_delta_locator_mm,applied_delta_z_mm,applied_delta_theta_deg,applied_delta_locator_mm,final_z_adj_mm,final_theta_adj_deg,final_locator_offset_mm,final_utilization
1,1,COMPOSITE_Q,1.0646735121092197,0.17810808552406593,0.2729402338146209,0.0793793787858304,0.37575953541849383,0.0,0.0,0.0,0.0,0.0,0.0,0.2729402338146209,0.0793793787858304,0.37575953541849383,0.37575953541849383
1,2,COMPOSITE_Q,0.7477548253631636,0.16131938638974974,0.1622320386246541,0.056086779024595086,-0.22983137019823296,0.0,0.0,0.0,0.0,0.0,0.0,0.1622320386246541,0.056086779024595086,-0.22983137019823296,0.22983137019823296
1,3,COMPOSITE_Q,0.8705779721396664,0.3094244014014389,0.2572099198187991,-0.06416624960064687,-0.21979722538735177,0.0,0.0,0.0,0.0,0.0,0.0,0.2572099198187991,-0.06416624960064687,-0.21979722538735177,0.21979722538735177
1,4,COMPOSITE_Q,1.0415083231269389,0.30983654159372254,0.16459076951887283,-0.08238607320642637,-0.10971227105152798,0.0,0.0,0.0,0.0,0.0,0.0,0.16459076951887283,-0.08238607320642637,-0.10971227105152798,0.10971227105152798
1,5,COMPOSITE_Q,0.3768543563764867,0.3254499662343357,-0.13286489421032338,0.0011029166883824255,0.08425716081461145,0.0,0.0,0.0,0.0,0.0,0.0,-0.13286489421032338,0.0011029166883824255,0.08425716081461145,0.08425716081461145
1,6,COMPOSITE_Q,1.1166865155111692,0.4189033267790693,0.2285480222404494,0.05983660651719513,0.48899720526763524,0.0,0.0,0.0,0.0,0.0,0.0,0.2285480222404494,0.05983660651719513,0.48899720526763524,0.48899720526763524
1,7,COMPOSITE_Q,0.6773512321295391,0.37312821462676893,0.0920335149580778,-0.04590213104181308,-0.045870885052554065,0.0,0.0,0.0,0.0,0.0,0.0,0.0920335149580778,-0.04590213104181308,-0.045870885052554065,0.045870885052554065
1,8,COMPOSITE_Q,0.4498186027222853,0.21671011373869936,0.40246342677120545,-0.0005796331482194871,-4.561966708394404e-05,0.0,0.0,0.0,0.0,0.0,0.0,0.40246342677120545,-0.0005796331482194871,-4.561966708394404e-05,0.16098537070848218
1,9,COMPOSITE_Q,0.44512978405013776,0.3619739075024915,0.11711084901601872,-0.01565054555682445,-0.3451385993429137,0.0,0.0,0.0,0.0,0.0,0.0,0.11711084901601872,-0.01565054555682445,-0.3451385993429137,0.3451385993429137
1,10,COMPOSITE_Q,0.8045546509137881,0.34865096832552384,0.3419560316246285,0.03514478570653392,-0.2553783278807486,0.0,0.0,0.0,0.0,0.0,0.0,0.3419560316246285,0.03514478570653392,-0.2553783278807486,0.2553783278807486
1,1,COMPOSITE_Q_PLUS_RF,1.0646735121092197,0.1781081049099529,0.2729402338146209,0.0793793787858304,0.37575953541849383,-2.1699442722687513e-07,-8.575766957517956e-11,3.043852152968316e-06,-2.169944272045754e-07,-8.575766485829917e-11,3.0438521529951856e-06,0.2729400168201937,0.07937937870007274,0.3757625792706468,0.3757625792706468
1,2,COMPOSITE_Q_PLUS_RF,0.7477549146951488,0.16131940181059926,0.16223226932775728,0.05608677744589121,-0.22982741005790935,-1.8008378468658353e-08,-7.846431535609516e-11,-7.078503257914865e-11,-1.8008378455114382e-08,-7.846431837599255e-11,-7.078504449253842e-11,0.16223225131937882,0.05608677736742689,-0.2298274101286944,0.2298274101286944
1,3,COMPOSITE_Q_PLUS_RF,0.8705777290436986,0.3094239812858593,0.25721598545593805,-0.06416624381375424,-0.21991040809708365,1.7803329304200166e-07,-7.657425933801961e-11,8.506938445016034e-06,1.7803329305232651e-07,-7.657426082108287e-11,8.506938445007606e-06,0.2572161634892311,-0.0641662438903285,-0.21990190115863864,0.21990190115863864
1,4,COMPOSITE_Q_PLUS_RF,1.0415101762589223,0.30983659528636703,0.16458428805185765,-0.08238610124792156,-0.10961105488659247,2.856999800774852e-08,-4.684889499885508e-11,4.084907593487791e-06,2.8569998006267028e-08,-4.684889975958839e-11,4.0849075934878964e-06,0.16458431662185566,-0.08238610129477046,-0.10960696997899898,0.10960696997899898
1,5,COMPOSITE_Q_PLUS_RF,0.3768545438838831,0.32545011302941557,-0.13285550226137177,0.0011029163412679668,0.08409116759797311,3.979332939882832e-08,7.911622487337108e-09,-7.857297168562984e-06,3.9793329409398837e-08,7.911622487352665e-09,-7.857297168567534e-06,-0.13285546246804236,0.0011029242528904542,0.08408331030080454,0.08408331030080454
1,6,COMPOSITE_Q_PLUS_RF,1.1167445822503275,0.41890425781773033,0.22853869596747012,0.05983636967780141,0.4891459668765466,3.6833309222571703e-07,-1.0317018609443838e-08,-3.689438204012378e-06,3.683330922210626e-07,-1.031701860748635e-08,-3.689438204002027e-06,0.22853906430056234,0.059836359360782805,0.4891422774383426,0.4891422774383426
1,7,COMPOSITE_Q_PLUS_RF,0.6773511582169248,0.3731246469614659,0.0920955831640416,-0.04590211727583936,-0.04695013710286761,-3.408209497716608e-08,-5.694622068239081e-11,-2.7445415644397787e-08,-3.40820949795706e-08,-5.69462185739944e-11,-2.744541564153602e-08,0.09209554908194661,-0.045902117332785576,-0.046950164548283255,0.046950164548283255
1,8,COMPOSITE_Q_PLUS_RF,0.4502592332749545,0.21673543694040112,0.4023778572796809,-0.0005796078469728755,0.0010455407408801168,7.734185534021592e-06,1.4963425395116296e-08,-8.291731050401657e-05,7.73418553401406e-06,1.4963425395129494e-08,-8.291731050401655e-05,0.4023855914652149,-0.0005795928835474804,0.0009626234303761002,0.16095423658608596
1,9,COMPOSITE_Q_PLUS_RF,0.44512739089279435,0.3619637284760655,0.11731263344121753,-0.015650549791383687,-0.3476515334764123,1.3365165467728955e-06,-5.067046087288265e-11,-1.857326542791719e-05,1.3365165467682516e-06,-5.067046088269578e-11,-1.857326542792359e-05,0.1173139699577643,-0.01565054984205415,-0.34767010674184023,0.34767010674184023
1,10,COMPOSITE_Q_PLUS_RF,0.8045752095792724,0.3486513564083983,0.3417436504525436,0.03514505374533671,-0.25266294289082636,4.654476054264352e-06,1.5989232731959048e-08,-5.113109810019001e-05,4.654476054244405e-06,1.5989232729496372e-08,-5.1131098100176686e-05,0.34174830492859787,0.03514506973456944,-0.25271407398892654,0.25271407398892654
1,1,COMPOSITE_Q_PLUS_GB,1.0646735121092197,0.17810810447829534,0.2729402338146209,0.0793793787858304,0.37575953541849383,-5.641868379733137e-07,-6.691312699293728e-10,1.22863766129425e-05,-5.641868379702153e-07,-6.69131264285916e-10,1.2286376612935523e-05,0.27293966962778293,0.07937937811669914,0.37577182179510676,0.37577182179510676
1,2,COMPOSITE_Q_PLUS_GB,0.7477550562191432,0.16131957800861885,0.1622325465504842,0.05608677025363158,-0.2298444217570928,-2.905704081044892e-07,-3.9834443230960043e-10,6.770589866363819e-06,-2.905704080957694e-07,-3.9834443382735785e-10,6.770589866367249e-06,0.1622322559800761,0.05608676985528715,-0.22983765116722643,0.22983765116722643
1,3,COMPOSITE_Q_PLUS_GB,0.8705778651514386,0.30942419310640173,0.2572129162542624,-0.06416624070862058,-0.21984863379480368,1.2742348016780245e-07,-6.186726965262705e-10,2.761325444033365e-07,1.2742348015626348e-07,-6.186726964063638e-10,2.7613254441338775e-07,0.25721304367774256,-0.06416624132729327,-0.21984835766225927,0.21984835766225927
1,4,COMPOSITE_Q_PLUS_GB,1.0415091908913745,0.3098365133421988,0.16458749328059236,-0.08238608111697548,-0.1096604018232261,-5.499248792633161e-08,-2.7354056673815447e-10,2.3199663833654087e-06,-5.499248792451006e-08,-2.735405651987932e-10,2.319966383362848e-06,0.16458743828810443,-0.08238608139051605,-0.10965808185684274,0.10965808185684274
1,5,COMPOSITE_Q_PLUS_GB,0.3768544477093471,0.3254502527969012,-0.13297329476413522,0.001102914965758383,0.08613568453643912,6.286397932171945e-07,1.7737449018589739e-09,-1.1263995808946465e-05,6.286397932209198e-07,1.7737449018243034e-09,-1.1263995808946659e-05,-0.132972666124342,0.0011029167395032848,0.08612442054063017,0.08612442054063017
1,6,COMPOSITE_Q_PLUS_GB,1.1160294952751526,0.41890347962866664,0.22866328547424108,0.059839242207867814,0.48719557560658977,-6.69924154072605e-07,1.7543909438001135e-09,-3.343009833845698e-07,-6.699241540675249e-07,1.7543909450190576e-09,-3.343009833955968e-07,0.22866261555008702,0.05983924396225876,0.4871952413056064,0.4871952413056064
1,7,COMPOSITE_Q_PLUS_GB,0.6773516305437564,0.37312860358582634,0.09208206165286587,-0.04590140509005436,-0.046775748499470624,1.3868469222930902e-07,-5.321230252148478e-11,-5.801987544999896e-06,1.3868469223021762e-07,-5.3212302619787266e-11,-5.801987544996889e-06,0.0920822003375581,-0.04590140514326666,-0.04678155048701562,0.04678155048701562
1,8,COMPOSITE_Q_PLUS_GB,0.4501961937651771,0.21671078953899295,0.4023958938521624,-0.0005803023042484344,0.0008714266768047759,7.507689162359912e-07,1.0941310564191502e-09,9.63811569106798e-06,7.507689162578046e-07,1.0941310563724466e-09,9.638115691068018e-06,0.40239664462107866,-0.000580301210117378,0.0008810647924958439,0.16095865784843147
1,9,COMPOSITE_Q_PLUS_GB,0.4451306450582521,0.36195827946796605,0.11731221023854045,-0.01565055625605561,-0.34766928666869135,7.524041992699063e-07,1.3649178940389223e-09,-1.2291302210543863e-05,7.52404199264034e-07,1.364917893986739e-09,-1.2291302210531985e-05,0.11731296264273972,-0.015650554891137716,-0.3476815779709019,0.3476815779709019
1,10,COMPOSITE_Q_PLUS_GB,0.8045752350786164,0.3486507304054039,0.3417483133584441,0.035145041724142186,-0.25268973467931033,-6.753689324517828e-07,2.1413810788045683e-09,4.108978713941475e-06,-6.753689324456857e-07,2.1413810794013166e-09,4.108978713945888e-06,0.34174763798951163,0.035145043865523265,-0.2526856257005964,0.2526856257005964
2,1,COMPOSITE_Q,0.36684655991660864,0.16548320525193308,-0.35391175535586794,0.010483191328722559,0.5479925080627919,0.0,0.0,0.0,0.0,0.0,0.0,-0.35391175535586794,0.010483191328722559,0.5479925080627919,0.5479925080627919
2,2,COMPOSITE_Q,1.0151904364235556,0.22257553465941393,-0.6152921896243508,-0.03955561484144892,-0.3730751209895123,0.0,0.0,0.0,0.0,0.0,0.0,-0.6152921896243508,-0.03955561484144892,-0.3730751209895123,0.3730751209895123
2,3,COMPOSITE_Q,0.30641140516119747,0.13938385505141465,0.1621202606343754,0.01505454562600099,-0.27800686974095024,0.0,0.0,0.0,0.0,0.0,0.0,0.1621202606343754,0.01505454562600099,-0.27800686974095024,0.27800686974095024
2,4,COMPOSITE_Q,0.27708679071673864,0.056225585703240655,-0.28332615232228275,-0.007129607057998421,0.506079278370675,0.0,0.0,0.0,0.0,0.0,0.0,-0.28332615232228275,-0.007129607057998421,0.506079278370675,0.506079278370675
2,5,COMPOSITE_Q,0.7259165728297993,0.17464121680765243,0.2383347418359014,-0.04790834451362534,-0.04256564742026746,0.0,0.0,0.0,0.0,0.0,0.0,0.2383347418359014,-0.04790834451362534,-0.04256564742026746,0.09533389673436056
2,6,COMPOSITE_Q,0.7483687780182361,0.05360108356660469,0.29813227909301826,0.057762351239952534,-0.3177805720605317,0.0,0.0,0.0,0.0,0.0,0.0,0.29813227909301826,0.057762351239952534,-0.3177805720605317,0.3177805720605317
2,7,COMPOSITE_Q,0.4062755784088589,0.1867278859581567,0.12617275034027434,0.019967461263029132,0.23144104684989586,0.0,0.0,0.0,0.0,0.0,0.0,0.12617275034027434,0.019967461263029132,0.23144104684989586,0.23144104684989586
2,8,COMPOSITE_Q,0.5477495013403687,0.21819728850062228,-0.41950552172918987,0.02213563133625508,0.19341213764294582,0.0,0.0,0.0,0.0,0.0,0.0,-0.41950552172918987,0.02213563133625508,0.19341213764294582,0.19341213764294582
2,9,COMPOSITE_Q,1.1683832984014528,0.33503697132845056,0.17965085570009112,-0.08599644282121767,0.29352458087525224,0.0,0.0,0.0,0.0,0.0,0.0,0.17965085570009112,-0.08599644282121767,0.29352458087525224,0.29352458087525224
2,10,COMPOSITE_Q,0.8518412014072191,0.2737408978391329,0.2083286285490355,-0.06439144308771334,0.1446611218267489,0.0,0.0,0.0,0.0,0.0,0.0,0.2083286285490355,-0.06439144308771334,0.1446611218267489,0.1446611218267489
2,1,COMPOSITE_Q_PLUS_RF,0.36684655991660864,0.16548321069876681,-0.35391175535586794,0.010483191328722559,0.5479925080627919,1.003731557613881e-07,3.1595433128518455e-09,-1.265636634820563e-06,1.0037315578692585e-07,3.159543312744595e-09,-1.265636634828482e-06,-0.35391165498271215,0.010483194488265872,0.547991242426157,0.547991242426157
2,2,COMPOSITE_Q_PLUS_RF,1.0151900193051044,0.2225753882493626,-0.6152933813695324,-0.03955557646072189,-0.3730714144663885,-1.4713897414217497e-07,-7.478787240686645e-11,-1.1503209811530822e-06,-1.4713897411589016e-07,-7.478787034109757e-11,-1.1503209811358772e-06,-0.6152935285085065,-0.039555576535509764,-0.3730725647873696,0.3730725647873696
2,3,COMPOSITE_Q_PLUS_RF,0.30641164433328777,0.1393938203488843,0.16212302952904312,0.015054518980922601,-0.27800830907496865,3.5731059972587167e-06,-2.6193438228669304e-11,-3.8271666171758626e-05,3.5731059972454737e-06,-2.6193438043553563e-11,-3.827166617176303e-05,0.16212660263504036,0.015054518954729163,-0.2780465807411404,0.2780465807411404
2,4,COMPOSITE_Q_PLUS_RF,0.27709150744898536,0.056225515069935526,-0.28333133085765,-0.007129619360064062,0.506119272405358,1.1025026671905458e-07,-3.0053440644562486e-11,-6.14512388668979e-11,1.1025026669386762e-07,-3.0053440638888596e-11,-6.145128850221226e-11,-0.2833312206073833,-0.007129619390117503,0.5061192723439067,0.5061192723439067
2,5,COMPOSITE_Q_PLUS_RF,0.7259165615208798,0.1746410509409764,0.23833483975308167,-0.047908391819192805,-0.042567330945200405,-3.599915257878253e-08,-4.507173121572489e-11,-9.694476470000558e-07,-3.599915257557207e-08,-4.5071731069601384e-11,-9.694476469992996e-07,0.2383348037539291,-0.047908391864264536,-0.042568300392847404,0.09533392150157163
2,6,COMPOSITE_Q_PLUS_RF,0.7483692686259527,0.05360110233672968,0.2981312357582165,0.05776238317342131,-0.3177769352735576,1.0850415787577174e-09,-7.938620864445897e-11,8.490718810109892e-07,1.0850415566032723e-09,-7.938620594227785e-11,8.4907188102612e-07,0.29813123684325804,0.05776238309403511,-0.3177760862016766,0.3177760862016766
2,7,COMPOSITE_Q_PLUS_RF,0.4062757446717005,0.18672817759990953,0.12617404195885143,0.019967472602935805,0.231439573181968,-3.165149264908213e-08,2.3439043245229437e-09,1.4337594891544203e-06,-3.165149264905409e-08,2.343904324103585e-09,1.433759489161135e-06,0.12617401030735878,0.01996747494684013,0.23144100694145717,0.23144100694145717
2,8,COMPOSITE_Q_PLUS_RF,0.5477501759237022,0.2181972984660685,-0.41950547427690515,0.02213562866218569,0.19340632850096692,-7.702012678922226e-09,2.7414657128713604e-09,3.3283547059875794e-07,-7.702012694288385e-09,2.741465714162228e-09,3.3283547060114493e-07,-0.41950548197891785,0.022135631403651403,0.19340666133643752,0.19340666133643752
2,9,COMPOSITE_Q_PLUS_RF,1.1683833554282206,0.3350367135620151,0.17965015239501864,-0.0859964440408092,0.2935239015498926,-9.27851388179256e-08,-5.726300779876597e-11,1.0345878395881626e-06,-9.278513882216011e-08,-5.7263013775177285e-11,1.0345878395656705e-06,0.17965005960987981,-0.08599644409807221,0.2935249361377322,0.2935249361377322
2,10,COMPOSITE_Q_PLUS_RF,0.8518416276648788,0.27374156735986244,0.2083228104261504,-0.06439141508270549,0.1447396806674664,1.2617467733237533e-07,4.15053367267273e-09,2.7315571651214272e-05,1.2617467734510335e-07,4.150533666757994e-09,2.7315571651226334e-05,0.20832293660082774,-0.06439141093217182,0.14476699623911762,0.14476699623911762
2,1,COMPOSITE_Q_PLUS_GB,0.36684655991660864,0.16548331897697222,-0.35391175535586794,0.010483191328722559,0.5479925080627919,2.4908850178794745e-07,1.99309996056941e-09,-4.562190432429036e-06,2.490885017691902e-07,1.9930999611145195e-09,-4.562190432433333e-06,-0.35391150626736617,0.01048319332182252,0.5479879458723594,0.5479879458723594
2,2,COMPOSITE_Q_PLUS_GB,1.0151887915288889,0.2225766854448711,-0.6152935783920009,-0.03955557973749535,-0.373067416624437,3.2809014088141587e-07,-6.186726965262705e-10,-7.81602598449211e-06,3.2809014083312604e-07,-6.186726964063638e-10,-7.816025984486163e-06,-0.6152932503018601,-0.039555580356168046,-0.3730752326504215,0.3730752326504215
2,3,COMPOSITE_Q_PLUS_GB,0.30641137337139185,0.13939711953238373,0.16217221878674568,0.01505451553205038,-0.2780967542959432,-2.6177171786154355e-07,1.99309996056941e-09,3.918031376202858e-06,-2.6177171785768394e-07,1.9930999611145195e-09,3.918031376226594e-06,0.16217195701502782,0.015054517525150342,-0.278092836264567,0.278092836264567
2,4,COMPOSITE_Q_PLUS_GB,0.2771188294948366,0.05622552201179483,-0.28337609254253104,-0.007129591849151912,0.5061695548572405,8.737650446647766e-08,1.99309996056941e-09,-1.073112129957193e-06,8.737650447621093e-08,1.9930999602471577e-09,-1.0731121299345503e-06,-0.28337600516602657,-0.007129589856051952,0.5061684817451105,0.5061684817451105
2,5,COMPOSITE_Q_PLUS_GB,0.7259166334969214,0.17464157741278366,0.2383350212516158,-0.04790839174333252,-0.04256633248917798,-2.697122495852714e-07,1.338243710472949e-09,2.582779774655505e-06,-2.697122495898263e-07,1.3382437102915645e-09,2.5827797746555414e-06,0.2383347515393662,-0.04790839040508881,-0.042563749709403326,0.09533390061574648
2,6,COMPOSITE_Q_PLUS_GB,0.7483692469602304,0.05360145076198283,0.29813199758360853,0.057762387397209215,-0.31778177958275255,-3.316320748955853e-07,-6.691312699293728e-10,2.9640971275098693e-06,-3.3163207491249125e-07,-6.691312712248099e-10,2.964097127522436e-06,0.2981316659515336,0.057762386728077944,-0.31777881548562503,0.31777881548562503
2,7,COMPOSITE_Q_PLUS_GB,0.4062753628120663,0.1867290718201366,0.12617329965866209,0.019967465892402895,0.2314392211133692,-5.42277120772764e-07,2.1619665521782613e-09,5.397465997846447e-06,-5.422771207630461e-07,2.161966553698713e-09,5.397465997841744e-06,0.12617275738154132,0.01996746805436945,0.23144461857936705,0.23144461857936705
2,8,COMPOSITE_Q_PLUS_GB,0.5477502551012635,0.21820468322053924,-0.41950801798648013,0.022135629682731212,0.1934443525978737,2.3789990764997268e-05,1.1445896298222524e-09,-1.915452150072843e-06,2.3789990765021862e-05,1.144589631407733e-09,-1.915452150086372e-06,-0.4194842279957151,0.022135630827320844,0.19344243714572362,0.19344243714572362
2,9,COMPOSITE_Q_PLUS_GB,1.1683714147221673,0.335042342364829,0.17963206522915706,-0.08599650655074104,0.2934634031977237,-1.747591137794446e-05,9.931115806848322e-10,-3.388668442025855e-06,-1.747591137793436e-05,9.93111579083994e-10,-3.3886684420170177e-06,0.17961458931777913,-0.08599650555762946,0.29346001452928167,0.29346001452928167
2,10,COMPOSITE_Q_PLUS_GB,0.8518509283201081,0.27374071481740625,0.20836094266719551,-0.06439135635357554,0.1444875496877386,-3.2456922720994617e-07,2.201830218905829e-09,4.3590960133587804e-06,-3.2456922721690873e-07,2.201830218151457e-09,4.359096013345498e-06,0.2083606180979683,-0.06439135415174532,0.14449190878375195,0.14449190878375195
3,1,COMPOSITE_Q,0.557299739141507,0.03135647708667474,-0.3624515938080295,0.025824411739182523,-0.29414464341975183,0.0,0.0,0.0,0.0,0.0,0.0,-0.3624515938080295,0.025824411739182523,-0.29414464341975183,0.29414464341975183
3,2,COMPOSITE_Q,0.7724131295334155,0.11003621121472318,-0.3019226652169726,0.05889218704778803,0.024458822740566495,0.0,0.0,0.0,0.0,0.0,0.0,-0.3019226652169726,0.05889218704778803,0.024458822740566495,0.12076906608678903
3,3,COMPOSITE_Q,1.149497672272232,0.13332358253635612,0.44910340413623245,-0.08425340660138973,-0.33644664046758777,0.0,0.0,0.0,0.0,0.0,0.0,0.44910340413623245,-0.08425340660138973,-0.33644664046758777,0.33644664046758777
3,4,COMPOSITE_Q,1.0710855654196019,0.21156129087959616,-0.2185302260442759,0.08729417477900474,-0.3617662866637362,0.0,0.0,0.0,0.0,0.0,0.0,-0.2185302260442759,0.08729417477900474,-0.3617662866637362,0.3617662866637362
3,5,COMPOSITE_Q,0.9418138846500992,0.2132864671864844,-0.49292103619572725,0.05093030295632408,-0.2964343594056782,0.0,0.0,0.0,0.0,0.0,0.0,-0.49292103619572725,0.05093030295632408,-0.2964343594056782,0.2964343594056782
3,6,COMPOSITE_Q,1.063951290814717,0.14896479067790694,-0.3068788811953893,-0.08613985006537973,0.13839970223847278,0.0,0.0,0.0,0.0,0.0,0.0,-0.3068788811953893,-0.08613985006537973,0.13839970223847278,0.13839970223847278
3,7,COMPOSITE_Q,0.357237130699913,0.1411697236504525,-0.24791264578772823,0.015952055177423912,0.4377015786187129,0.0,0.0,0.0,0.0,0.0,0.0,-0.24791264578772823,0.015952055177423912,0.4377015786187129,0.4377015786187129
3,8,COMPOSITE_Q,0.8289729321864704,0.12896444390111303,0.12774544643995112,-0.06311097575818019,0.14037650780335123,0.0,0.0,0.0,0.0,0.0,0.0,0.12774544643995112,-0.06311097575818019,0.14037650780335123,0.14037650780335123
3,9,COMPOSITE_Q,0.3748038767072414,0.13905663530388848,0.3351539266841694,-0.009982082938627993,-0.35141934145984877,0.0,0.0,0.0,0.0,0.0,0.0,0.3351539266841694,-0.009982082938627993,-0.35141934145984877,0.35141934145984877
3,10,COMPOSITE_Q,0.8497358373157837,0.20645751584338082,0.36423360575594393,-0.052980271064641205,-0.4576041359568547,0.0,0.0,0.0,0.0,0.0,0.0,0.36423360575594393,-0.052980271064641205,-0.4576041359568547,0.4576041359568547
3,1,COMPOSITE_Q_PLUS_RF,0.557299739141507,0.031356521255728076,-0.3624515938080295,0.025824411739182523,-0.29414464341975183,1.0517825186177144e-07,-6.501514594928041e-11,-7.3008127528987224e-06,1.0517825188571805e-07,-6.501514604462244e-11,-7.300812752908392e-06,-0.3624514886297776,0.025824411674167377,-0.29415194423250474,0.29415194423250474
3,2,COMPOSITE_Q_PLUS_RF,0.7724123348956511,0.11003622154273074,-0.30192274406441044,0.05889218642293152,0.024465766568089232,7.332265345349436e-09,-7.508024027671722e-11,4.894161218582923e-07,7.332265350434852e-09,-7.50802406357387e-11,4.894161218585436e-07,-0.3019227367321451,0.05889218634785128,0.02446625598421109,0.12076909469285804
3,3,COMPOSITE_Q_PLUS_RF,1.14949762874323,0.13332439797022136,0.4490870303662199,-0.08425340849853277,-0.33616159700216963,2.189135369792274e-06,-7.440867923540942e-08,-6.217982796739923e-06,2.189135369812245e-06,-7.440867923202976e-08,-6.217982796763444e-06,0.4490892195015897,-0.084253482907212,-0.3361678149849664,0.3361678149849664
3,4,COMPOSITE_Q_PLUS_RF,1.071112471647607,0.2115610387471877,-0.21851415882499808,0.0872942975594514,-0.3620706055103499,2.131877777345353e-07,-8.517440587582368e-11,-9.43789464906152e-07,2.1318777773671194e-07,-8.517440919231234e-11,-9.437894649133582e-07,-0.21851394563722035,0.08729429747427699,-0.36207154929981483,0.36207154929981483
3,5,COMPOSITE_Q_PLUS_RF,0.9418108778008693,0.2132865254067315,-0.49294964120739687,0.050930311143077535,-0.2960800505825969,5.313676815979053e-10,-8.45861552140625e-11,1.5468577779943311e-06,5.313676720852811e-10,-8.45861575227147e-11,1.546857777978694e-06,-0.4929496406760292,0.05093031105849138,-0.2960785037248189,0.2960785037248189
3,6,COMPOSITE_Q_PLUS_RF,1.0639632113145099,0.14896481258395972,-0.30685260470427506,-0.08613993466670969,0.1380645589466409,7.594702058731158e-08,2.2276512802978886e-09,-3.025887827442935e-10,7.594702056135105e-08,2.227651285657828e-09,-3.02588787359781e-10,-0.3068525287572545,-0.0861399324390584,0.13806455864405212,0.13806455864405212
3,7,COMPOSITE_Q_PLUS_RF,0.3572372719050071,0.14117317561490303,-0.24791254434227358,0.01595205572154576,0.43769807156631696,2.8905060830165126e-05,7.181960498155847e-09,-0.00038450235869231543,2.890506083016997e-05,7.18196049853681e-09,-0.00038450235869230687,-0.2478836392814434,0.01595206290350626,0.43731356920762465,0.43731356920762465
3,8,COMPOSITE_Q_PLUS_RF,0.828996552492935,0.1289643775884228,0.12771775451690112,-0.06311109228262496,0.1407495901654221,6.682278526576335e-08,-6.508098760557133e-11,-1.4345489606762702e-10,6.682278527736507e-08,-6.508098226998271e-11,-1.4345488685840735e-10,0.1277178213396864,-0.06311109234770594,0.1407495900219672,0.1407495900219672
3,9,COMPOSITE_Q_PLUS_RF,0.37480394386447585,0.13905693846014702,0.33515733456912766,-0.009982063735751315,-0.3514559957688222,2.5492002455046737e-06,2.4752427745273245e-09,-4.0816253154807315e-05,2.549200245505201e-06,2.475242774635511e-09,-4.081625315482951e-05,0.33515988376937317,-0.00998206126050854,-0.351496812021977,0.351496812021977
3,10,COMPOSITE_Q_PLUS_RF,0.8497328908669963,0.2064583034642323,0.3642377795462744,-0.052980288600345045,-0.45790119199955776,6.564922419730126e-07,-5.502173513306598e-11,6.615749837338493e-06,6.56492241957185e-07,-5.502173716642744e-11,6.615749837346474e-06,0.36423843603851636,-0.05298028865536678,-0.4578945762497204,0.4578945762497204
3,1,COMPOSITE_Q_PLUS_GB,0.557299739141507,0.031356539617185236,-0.3624515938080295,0.025824411739182523,-0.29414464341975183,1.2767296425836475e-07,1.0629609033740504e-09,2.2964988618442237e-06,1.2767296425630903e-07,1.0629609033252496e-09,2.2964988618534576e-06,-0.36245146613506524,0.025824412802143426,-0.29414234692089,0.29414234692089
3,2,COMPOSITE_Q_PLUS_GB,0.7724134682302873,0.11003624343151991,-0.30192282984017715,0.05889218881681409,0.02445622666879512,-6.531289455310706e-08,-2.7354056673815447e-10,4.245324902392275e-06,-6.531289453715061e-08,-2.735405651987932e-10,4.245324902393127e-06,-0.3019228951530717,0.05889218854327352,0.024460471993697514,0.12076915806122868
3,3,COMPOSITE_Q_PLUS_GB,1.1494973718933998,0.13332686044143208,0.4490937199669854,-0.08425341517041847,-0.3362783653096867,1.1459908159485439e-05,1.4284057654248696e-08,8.136886717057803e-06,1.14599081594835e-05,1.4284057658908722e-08,8.136886717080571e-06,0.44910517987514487,-0.08425340088636081,-0.3362702284229696,0.3362702284229696
3,4,COMPOSITE_Q_PLUS_GB,1.071108836619083,0.2115611243133832,-0.2185304026000048,0.08729415184510682,-0.36196601490269004,-8.441403912789316e-08,-6.691312699293728e-10,7.92116380825205e-06,-8.441403911985113e-08,-6.69131264285916e-10,7.921163808266574e-06,-0.21853048701404393,0.08729415117597555,-0.36195809373888177,0.36195809373888177
3,5,COMPOSITE_Q_PLUS_GB,0.9418131091221544,0.2132865925086323,-0.4929549769335786,0.05093031037560395,-0.296018293691036,1.3552202909731155e-07,-6.186726965262705e-10,-6.47347121091231e-06,1.3552202909883349e-07,-6.186726964063638e-10,-6.473471210910464e-06,-0.4929548414115495,0.050930309756931254,-0.2960247671622469,0.2960247671622469
3,6,COMPOSITE_Q_PLUS_GB,1.0639652273247626,0.14896487873140207,-0.3068472487988406,-0.08613994504992684,0.1379990368931751,1.672873935029521e-08,-6.186726965262705e-10,-4.978083061540053e-06,1.6728739338223164e-08,-6.186726964063638e-10,-4.978083061546457e-06,-0.3068472320701013,-0.08613994566859953,0.13799405881011356,0.13799405881011356
3,7,COMPOSITE_Q_PLUS_GB,0.35723718617264816,0.1411933621459717,-0.24791261087778046,0.015952053223912636,0.4377125965166937,0.0002593651031659596,1.99309996056941e-09,-0.0040538130749414696,0.0002593651031659594,1.993099959379796e-09,-0.004053813074941459,-0.2476532457746145,0.015952055217012595,0.43365878344175224,0.43365878344175224
3,8,COMPOSITE_Q_PLUS_GB,0.8292390681048121,0.12896465612916727,0.12749416766195093,-0.06311182684512288,0.14431990699425437,1.2747257411581326e-07,3.3636588930034963e-09,-6.358130290900683e-06,1.274725741073901e-07,3.3636588930852085e-09,-6.358130290901043e-06,0.12749429513452504,-0.06311182348146399,0.14431354886396347,0.14431354886396347
3,9,COMPOSITE_Q_PLUS_GB,0.3748047038252886,0.13905717090140665,0.33494732716590725,-0.00998207006802633,-0.34920312522549163,4.399785488342535e-07,1.824203475262076e-09,-8.646480445448342e-06,4.3997854881627774e-07,1.8242034757753878e-09,-8.646480445462235e-06,0.33494776714445607,-0.009982068243822854,-0.3492117717059371,0.3492117717059371
3,10,COMPOSITE_Q_PLUS_GB,0.8498294044915964,0.20645757922655505,0.364433080640965,-0.052979853433319325,-0.45976543935553893,1.8018817813373484e-07,1.6878314975088614e-09,-2.981970706802485e-06,1.801881781560155e-07,1.6878314995638632e-09,-2.9819707068057255e-06,0.3644332608291432,-0.052979851745487826,-0.45976842132624574,0.45976842132624574
4,1,COMPOSITE_Q,0.9457501425263092,0.12197613888545758,-0.09842438094410429,0.081180118490548,0.03885092133490722,0.0,0.0,0.0,0.0,0.0,0.0,-0.09842438094410429,0.081180118490548,0.03885092133490722,0.06765009874212334
4,2,COMPOSITE_Q,1.24810688864556,0.17504746920124098,-0.7104554324671953,0.07328301485155173,-0.3700787136594987,0.0,0.0,0.0,0.0,0.0,0.0,-0.7104554324671953,0.07328301485155173,-0.3700787136594987,0.3700787136594987
4,3,COMPOSITE_Q,0.6978011891262123,0.06056037766154083,0.22280311935463873,0.055211661555946735,-0.09564866634869724,0.0,0.0,0.0,0.0,0.0,0.0,0.22280311935463873,0.055211661555946735,-0.09564866634869724,0.09564866634869724
4,4,COMPOSITE_Q,0.9621398269574376,0.08860551973560454,-0.47091908761229934,0.0637663862568729,-0.2345468588367762,0.0,0.0,0.0,0.0,0.0,0.0,-0.47091908761229934,0.0637663862568729,-0.2345468588367762,0.2345468588367762
4,5,COMPOSITE_Q,0.40656924466545075,0.13955795017167552,-0.3961661115424744,-0.006866140577680007,0.22002753310746848,0.0,0.0,0.0,0.0,0.0,0.0,-0.3961661115424744,-0.006866140577680007,0.22002753310746848,0.22002753310746848
4,6,COMPOSITE_Q,1.0190319318560574,0.13570562570757666,-0.19460379612173534,0.0863908654135927,0.3920488987321295,0.0,0.0,0.0,0.0,0.0,0.0,-0.19460379612173534,0.0863908654135927,0.3920488987321295,0.3920488987321295
4,7,COMPOSITE_Q,0.9639534905312848,0.07771279836339828,-0.012208923744127562,-0.08636084395991211,-0.35113169215379053,0.0,0.0,0.0,0.0,0.0,0.0,-0.012208923744127562,-0.08636084395991211,-0.35113169215379053,0.35113169215379053
4,8,COMPOSITE_Q,0.6369221305054329,0.08810099312288824,0.1960617628458491,0.04863727286774744,-0.17298649051213147,0.0,0.0,0.0,0.0,0.0,0.0,0.1960617628458491,0.04863727286774744,-0.17298649051213147,0.17298649051213147
4,9,COMPOSITE_Q,0.4801728720793291,0.0967016073671481,0.2114656825450653,0.03171364202622247,-0.17727469947908647,0.0,0.0,0.0,0.0,0.0,0.0,0.2114656825450653,0.03171364202622247,-0.17727469947908647,0.17727469947908647
4,10,COMPOSITE_Q,0.9436195598116063,0.15736049121625026,-0.18040859894704386,-0.08178720696291658,-0.19269150123845322,0.0,0.0,0.0,0.0,0.0,0.0,-0.18040859894704386,-0.08178720696291658,-0.19269150123845322,0.19269150123845322
4,1,COMPOSITE_Q_PLUS_RF,0.9457501425263092,0.12197657235496832,-0.09842438094410429,0.081180118490548,0.03885092133490722,2.331602077281116e-06,2.9540698787588645e-09,-2.3159197542630856e-05,2.331602077285111e-06,2.9540698776031604e-09,-2.315919754262985e-05,-0.098422049342027,0.08118012144461788,0.03882776213736459,0.06765010120384823
4,2,COMPOSITE_Q_PLUS_RF,1.2481047928924682,0.17504789255614467,-0.7104577346357925,0.07328300636735492,-0.3700519133541719,-7.365856107485558e-07,-4.333979201750919e-10,2.1111420142807238e-05,-7.36585610727758e-07,-4.3339791477858824e-10,2.111142014282752e-05,-0.7104584712214033,0.07328300593395701,-0.3700308019340291,0.3700308019340291
4,3,COMPOSITE_Q_PLUS_RF,0.6977989645714672,0.06056044040032891,0.22280383413468796,0.05521166840448802,-0.09566772386876164,5.376809279357663e-09,-7.243160810426348e-11,9.326063971896872e-07,5.376809275592365e-09,-7.243160932146608e-11,9.326063971915044e-07,0.22280383951149724,0.05521166833205641,-0.09566679126236445,0.09566679126236445
4,4,COMPOSITE_Q_PLUS_RF,0.96214076465628,0.08860551371637967,-0.4709183136163994,0.06376638244192762,-0.23457391757367466,-1.8318740902220724e-08,-8.656007221546886e-11,-2.931906126280576e-11,-1.8318740913070286e-08,-8.6560078549347e-11,-2.9319074945632906e-11,-0.4709183319351403,0.06376638235536754,-0.23457391760299373,0.23457391760299373
4,5,COMPOSITE_Q_PLUS_RF,0.4065679208533481,0.13955801142297777,-0.39616693284768884,-0.006866139251862981,0.22004963560311072,1.1065749802488473e-07,2.240298677355466e-09,2.7256007267712547e-08,1.106574979981012e-07,2.240298677472219e-09,2.7256007256726278e-08,-0.39616682219019084,-0.006866137011564304,0.22004966285911798,0.22004966285911798
4,6,COMPOSITE_Q_PLUS_RF,1.0190317570936323,0.135705663875479,-0.1946037701402925,0.08639086267664113,0.3920468055977717,-1.5324943165279466e-07,-8.741765175753861e-11,-4.068627721252908e-11,-1.5324943164474192e-07,-8.741765644693089e-11,-4.068628767228688e-11,-0.19460392338972415,0.08639086258922347,0.39204680555708543,0.39204680555708543
4,7,COMPOSITE_Q_PLUS_RF,0.9639534436597087,0.07771248065177844,-0.01219727000095434,-0.08636084660654732,-0.35114602976414505,-3.6448757987115274e-10,-4.561366034496715e-11,1.366174227821446e-06,-3.6448757900764406e-10,-4.561366562239044e-11,1.3661742278014977e-06,-0.01219727036544192,-0.08636084665216098,-0.35114466358991725,0.35114466358991725
4,8,COMPOSITE_Q_PLUS_RF,0.6369176302574115,0.08810114101387707,0.1960505009880451,0.04863731111041488,-0.17297641125637533,-2.3283281075715984e-06,-7.06027478668951e-11,4.9190089957387664e-05,-2.328328107564781e-06,-7.060274587189497e-11,4.919008995737939e-05,0.19604817265993754,0.048637311039812135,-0.17292722116641795,0.17292722116641795
4,9,COMPOSITE_Q_PLUS_RF,0.4801701792458647,0.09670160151603954,0.21144725864823002,0.03171363798146393,-0.17669862447201737,-1.8999991578762725e-08,-4.101019948226973e-11,5.878020278140753e-06,-1.8999991580059827e-08,-4.1010202178615174e-11,5.878020278127227e-06,0.21144723964823844,0.031713637940453725,-0.17669274645173924,0.17669274645173924
4,10,COMPOSITE_Q_PLUS_RF,0.943707986827676,0.1573604003005965,-0.18038296161929415,-0.08178692273057675,-0.19345246659579002,1.405783717564595e-07,9.293443582237804e-10,-6.774647401442977e-09,1.4057837174896726e-07,9.293443514746258e-10,-6.77464739862188e-09,-0.1803828210409224,-0.0817869218012324,-0.19345247337043742,0.19345247337043742
4,1,COMPOSITE_Q_PLUS_GB,0.9457501425263092,0.12197613898816673,-0.09842438094410429,0.081180118490548,0.03885092133490722,-3.917810693457255e-07,1.3317744308615098e-09,8.291715662548653e-06,-3.9178106935044976e-07,1.331774426849286e-09,8.291715662550603e-06,-0.09842477272517364,0.08118011982232243,0.03885921305056977,0.06765009985193536
4,2,COMPOSITE_Q_PLUS_GB,1.24810795750645,0.17505469398302415,-0.7104551233334051,0.07328301586355841,-0.3700876694574556,7.977200996182425e-07,-6.186726965262705e-10,-3.0321753752472496e-05,7.977200996434064e-07,-6.186726964063638e-10,-3.0321753752449165e-05,-0.7104543256133055,0.07328301524488572,-0.37011799121120803,0.37011799121120803
4,3,COMPOSITE_Q_PLUS_GB,0.6978041071711792,0.060560641870989515,0.22280240197340898,0.0552116621151424,-0.09561698133050939,-6.417756522900459e-07,-3.239991401412568e-10,8.291715662548653e-06,-6.41775652288068e-07,-3.239991400172393e-10,8.291715662550603e-06,0.2228017601977567,0.05521166179114326,-0.09560868961484684,0.09560868961484684
4,4,COMPOSITE_Q_PLUS_GB,0.9621404510782227,0.08860560091184294,-0.47091834833218366,0.06376638174935555,-0.2345545336178231,-8.441403912789316e-08,-6.186726965262705e-10,8.298987523436277e-06,-8.44140391476067e-08,-6.186726964063638e-10,8.298987523441825e-06,-0.4709184327462228,0.06376638113068285,-0.23454623463029967,0.23454623463029967
4,5,COMPOSITE_Q_PLUS_GB,0.4065700333252057,0.13955960034534293,-0.39616660025076256,-0.006866155576286045,0.22001903340742915,6.141096552324769e-07,1.5534166376423046e-09,-7.99777424202166e-06,6.141096552392256e-07,1.553416637510574e-09,-7.997774242013422e-06,-0.3961659861411073,-0.006866154022869407,0.22001103563318714,0.22001103563318714
4,6,COMPOSITE_Q_PLUS_GB,1.019032696607737,0.13570563738876948,-0.1946036137551143,0.08639088376017628,0.3920506181891996,-3.8601967321301634e-07,-6.186726965262705e-10,6.065422538551257e-06,-3.8601967322637876e-07,-6.186726964063638e-10,6.06542253855924e-06,-0.19460399977478754,0.08639088314150359,0.3920566836117382,0.3920566836117382
4,7,COMPOSITE_Q_PLUS_GB,0.9639534842302674,0.07771323906655242,-0.012198191648411419,-0.08636084152614171,-0.3511440563973577,2.2145561464221913e-08,1.6878314975088614e-09,-5.515321345123884e-06,2.2145561464487207e-08,1.6878314995638632e-09,-5.515321345128665e-06,-0.012198169502849954,-0.08636083983831021,-0.3511495717187028,0.3511495717187028
4,8,COMPOSITE_Q_PLUS_GB,0.636918394130063,0.08810107752434315,0.19605128657877444,0.04863730190708193,-0.17297123746407478,-3.690824252616832e-07,-3.9834443230960043e-10,3.516287067581982e-06,-3.6908242526112467e-07,-3.9834443382735785e-10,3.5162870675731206e-06,0.19605091749634918,0.0486373015087375,-0.1729677211770072,0.1729677211770072
4,9,COMPOSITE_Q_PLUS_GB,0.4801729116643918,0.09670154223769409,0.21142824732192797,0.031713647500539115,-0.17613579501504192,-2.579419560437638e-07,1.0746640203039467e-09,4.969903100976726e-06,-2.579419560444496e-07,1.0746640174974509e-09,4.969903100976447e-06,0.21142798937997193,0.03171364857520313,-0.17613082511194095,0.17613082511194095
4,10,COMPOSITE_Q_PLUS_GB,0.9437804452183073,0.15736038581904782,-0.18036475695803394,-0.08178668615176347,-0.19397701210648086,9.612199802617639e-08,-2.7354056673815447e-10,-5.237965578108583e-06,9.61219980277761e-08,-2.735405651987932e-10,-5.237965578108739e-06,-0.18036466083603592,-0.08178668642530404,-0.19398225007205896,0.19398225007205896
5,1,COMPOSITE_Q,0.6924300086668498,0.04893274036225828,-0.46863513197462525,-0.036013500485766924,-0.05406840483350876,0.0,0.0,0.0,0.0,0.0,0.0,-0.46863513197462525,-0.036013500485766924,-0.05406840483350876,0.1874540527898501
5,2,COMPOSITE_Q,0.7704744728184387,0.22022267136378984,-0.2683249957831718,-0.048686493860646635,0.5189537361671578,0.0,0.0,0.0,0.0,0.0,0.0,-0.2683249957831718,-0.048686493860646635,0.5189537361671578,0.5189537361671578
5,3,COMPOSITE_Q,0.7184173201716327,0.34831958830652104,0.03211808808528769,-0.041616202120634015,0.3067731766980198,0.0,0.0,0.0,0.0,0.0,0.0,0.03211808808528769,-0.041616202120634015,0.3067731766980198,0.3067731766980198
5,4,COMPOSITE_Q,0.6492627772874326,0.25593347009121575,0.41879595229409905,-0.02286592006549253,0.22448089065737023,0.0,0.0,0.0,0.0,0.0,0.0,0.41879595229409905,-0.02286592006549253,0.22448089065737023,0.22448089065737023
5,5,COMPOSITE_Q,0.7912834573660867,0.3752389454953029,0.10750949398293708,-0.046509338022739835,-0.2729354066621841,0.0,0.0,0.0,0.0,0.0,0.0,0.10750949398293708,-0.046509338022739835,-0.2729354066621841,0.2729354066621841
5,6,COMPOSITE_Q,0.6951579545669277,0.2765365807407279,-0.6082942671517133,-0.0013130137601279088,-0.11916995506616813,0.0,0.0,0.0,0.0,0.0,0.0,-0.6082942671517133,-0.0013130137601279088,-0.11916995506616813,0.24331770686068532
5,7,COMPOSITE_Q,1.1876967801432272,0.298206833497935,0.4088652301647283,-0.07598122531150701,-0.37503668768836695,0.0,0.0,0.0,0.0,0.0,0.0,0.4088652301647283,-0.07598122531150701,-0.37503668768836695,0.37503668768836695
5,8,COMPOSITE_Q,0.9408015368805368,0.32524439826030827,-0.2654449323537931,-0.05484528131126394,-0.07491206693584683,0.0,0.0,0.0,0.0,0.0,0.0,-0.2654449323537931,-0.05484528131126394,-0.07491206693584683,0.10617797294151723
5,9,COMPOSITE_Q,0.9662881654185975,0.2759983115317406,0.23922315352880485,0.0660174869375977,0.5535265554665649,0.0,0.0,0.0,0.0,0.0,0.0,0.23922315352880485,0.0660174869375977,0.5535265554665649,0.5535265554665649
5,10,COMPOSITE_Q,0.826810275954979,0.40514884686115993,0.10075991481869043,0.05218451640013859,0.16247614706679878,0.0,0.0,0.0,0.0,0.0,0.0,0.10075991481869043,0.05218451640013859,0.16247614706679878,0.16247614706679878
5,1,COMPOSITE_Q_PLUS_RF,0.6924300086668498,0.048936740062662513,-0.46863513197462525,-0.036013500485766924,-0.05406840483350876,3.115380273023765e-07,-6.839656801253703e-11,-2.02902177328991e-05,3.115380273199797e-07,-6.839656618851109e-11,-2.029021773290035e-05,-0.46863482043659793,-0.03601350055416349,-0.05408869505124166,0.18745392817463918
5,2,COMPOSITE_Q_PLUS_RF,0.7704745771957161,0.22022268163205144,-0.26829790420723415,-0.04868649154151396,0.5185750304914779,3.982761009980879e-12,-6.79118423673617e-11,-6.006964647672795e-09,3.982758567389055e-12,-6.791184281595974e-11,-6.006964592408792e-09,-0.2682979042032514,-0.0486864916094258,0.5185750244845133,0.5185750244845133
5,3,COMPOSITE_Q_PLUS_RF,0.7184365098529584,0.34831994874595334,0.032090395629735376,-0.041616144781864706,0.30717971844500747,1.7521830248324457e-06,2.4565190160024767e-09,-1.9626573247373755e-05,1.752183024832099e-06,2.4565190159808736e-09,-1.9626573247388812e-05,0.03209214781276021,-0.04161614232534569,0.3071600918717601,0.3071600918717601
5,4,COMPOSITE_Q_PLUS_RF,0.6492669187051424,0.2559336356673181,0.4187949591529701,-0.022865891071470905,0.2244804256525914,-6.564032750680727e-08,-4.4578072259799576e-11,1.6056105569153208e-06,-6.56403275067774e-08,-4.457807387114876e-11,1.605610556926207e-06,0.4187948935126426,-0.02286589111604898,0.22448203126314833,0.22448203126314833
5,5,COMPOSITE_Q_PLUS_RF,0.7912830524616883,0.3752389622828196,0.1075143970577672,-0.04650936259207684,-0.27303872144705976,-1.3096672005506355e-07,-4.431015233846477e-11,2.0452763599515437e-06,-1.3096672005219467e-07,-4.4310152769178046e-11,2.045276359941006e-06,0.10751426609104715,-0.04650936263638699,-0.2730366761706998,0.2730366761706998
5,6,COMPOSITE_Q_PLUS_RF,0.6951170145796713,0.2765379229596581,-0.6083026353446188,-0.0013130127155432686,-0.11903328845372188,6.990187266556466e-06,-7.91987228705739e-11,-0.00010783371532802377,6.9901872665756315e-06,-7.919872288368601e-11,-0.00010783371532802066,-0.6082956451573522,-0.0013130127947419915,-0.1191411221690499,0.24331825806294088
5,7,COMPOSITE_Q_PLUS_RF,1.1876960533639336,0.29820955943317545,0.40885982971544843,-0.07598123087366465,-0.37495432979954996,1.207004703869733e-06,-5.708956144411044e-11,4.721866261861808e-05,1.2070047038514886e-06,-5.708955530536741e-11,4.721866261864216e-05,0.4088610367201523,-0.0759812309307542,-0.3749071111369313,0.3749071111369313
5,8,COMPOSITE_Q_PLUS_RF,0.9408054324262515,0.32524448434526537,-0.26544706142896807,-0.0548452756620715,-0.0749537098675486,1.892439862846372e-12,-5.244743138804712e-11,9.931699099056892e-07,1.8924306566248106e-12,-5.244742834475957e-11,9.931699099102742e-07,-0.26544706142707564,-0.05484527571451893,-0.07495271669763869,0.10617882457083025
5,9,COMPOSITE_Q_PLUS_RF,0.9662872063312369,0.2759992162321989,0.23922356828227984,0.0660174736987803,0.553521186839226,2.513311516718886e-06,-5.795312386138551e-09,-1.3050551389931894e-06,2.513311516710859e-06,-5.7953123827614306e-09,-1.3050551389559573e-06,0.23922608159379655,0.06601746790346792,0.5535198817840871,0.5535198817840871
5,10,COMPOSITE_Q_PLUS_RF,0.8268093469563408,0.4051483579260076,0.10075529502752789,0.05218452906638508,0.1625120639325554,9.14627288515458e-12,-5.2816526340954655e-11,9.964010117942931e-09,9.14626707704258e-12,-5.281652892819011e-11,9.964010116991773e-09,0.10075529503667416,0.05218452901356855,0.16251207389656552,0.16251207389656552
5,1,COMPOSITE_Q_PLUS_GB,0.6924300086668498,0.04893266323130832,-0.46863513197462525,-0.036013500485766924,-0.05406840483350876,-6.531289455310706e-08,-6.186726965262705e-10,5.074922833441288e-07,-6.531289453715061e-08,-6.186726964063638e-10,5.074922833428475e-07,-0.4686351972875198,-0.03601350110443962,-0.05406789734122542,0.18745407891500793
5,2,COMPOSITE_Q_PLUS_GB,0.7704744383473225,0.22022275475231246,-0.2683255739849372,-0.048686494313184,0.5189626387274177,-1.3255863655574612e-07,-4.4980610491741986e-10,4.894318777122523e-06,-1.3255863656747024e-07,-4.4980610208744665e-10,4.894318777148854e-06,-0.2683257065435738,-0.048686494762990105,0.5189675330461948,0.5189675330461948
5,3,COMPOSITE_Q_PLUS_GB,0.7184166695694878,0.3483196198666054,0.03211912133063405,-0.041616200142253264,0.3067584782534318,-4.6936745007270374e-07,1.858611112536039e-09,6.626690664112387e-07,-4.6936745007331027e-07,1.858611112237618e-09,6.626690663980028e-07,0.032118651963183975,-0.04161619828364215,0.3067591409224982,0.3067591409224982
5,4,COMPOSITE_Q_PLUS_GB,0.6492628251884586,0.25593356640045306,0.41879429674173624,-0.022865924492413498,0.22451913346285476,-4.5695582377557134e-07,1.628497584207925e-09,1.1734773115228828e-05,-4.569558237910165e-07,1.6284975833114057e-09,1.1734773115223973e-05,0.41879383978591245,-0.022865922863915915,0.22453086823597,0.22453086823597
5,5,COMPOSITE_Q_PLUS_GB,0.7912856195754175,0.37524083992267454,0.10751182772637492,-0.0465093340857341,-0.272985168104974,-4.2497399847591983e-07,1.2638984183046044e-09,8.632449549389554e-06,-4.2497399847796213e-07,1.263898416481446e-09,8.632449549406118e-06,0.10751140275237644,-0.04650933282183568,-0.27297653565542457,0.27297653565542457
5,6,COMPOSITE_Q_PLUS_GB,0.6951612144766738,0.27653969153684965,-0.6082949188733966,-0.0013130119756752635,-0.11915453717198767,1.1112635442915832e-05,1.6713306996820326e-11,-3.688829056608883e-05,1.111263544295582e-05,1.6713306953686224e-11,-3.688829056608389e-05,-0.6082838062379536,-0.0013130119589619565,-0.11919142546255375,0.24331352249518146
5,7,COMPOSITE_Q_PLUS_GB,1.1876921791481154,0.29820696306014277,0.4088568648552973,-0.07598124852094096,-0.3750268183195478,-2.4025870617808526e-07,9.931115806848322e-10,2.4395057964099868e-06,-2.402587061522965e-07,9.93111579083994e-10,2.4395057964254896e-06,0.40885662459659117,-0.07598124752782938,-0.3750243788137514,0.3750243788137514
5,8,COMPOSITE_Q_PLUS_GB,0.940802168337726,0.325249444883612,-0.2654468734320971,-0.05484526556674808,-0.074900075294999,-8.749393456413041e-07,2.032963627296978e-09,0.0001114477797154065,-8.749393456408683e-07,2.03296362383254e-09,0.00011144777971540398,-0.26544774837144275,-0.05484526353378446,-0.07478862751528359,0.1061790993485771
5,9,COMPOSITE_Q_PLUS_GB,0.9662691672813739,0.2759984276565026,0.23922503428202124,0.0660175035029757,0.5534037876780998,-4.0124793726762276e-07,-4.4980610491741986e-10,-2.008868480951836e-06,-4.012479372650368e-07,-4.4980610902634055e-10,-2.00886848100712e-06,0.23922463303408398,0.06601750305316959,0.5534017788096188,0.5534017788096188
5,10,COMPOSITE_Q_PLUS_GB,0.8268104855405485,0.405150040619463,0.10075806197454676,0.05218451444386912,0.16251528452822134,-2.576556383336308e-07,1.6611286249046805e-10,6.617612478623369e-06,-2.57655638338794e-07,1.6611285957868205e-10,6.617612478609924e-06,0.10075780431890842,0.05218451460998198,0.16252190214069995,0.16252190214069995
6,1,COMPOSITE_Q,0.8926569685927986,0.08409668509494636,-0.2318460169137738,-0.06968479121727146,0.03542647347540164,0.0,0.0,0.0,0.0,0.0,0.0,-0.2318460169137738,-0.06968479121727146,0.03542647347540164,0.09273840676550951
6,2,COMPOSITE_Q,0.5277536925307212,0.13615102000664184,-0.33876371703419356,0.027234192998238007,0.5471151837251887,0.0,0.0,0.0,0.0,0.0,0.0,-0.33876371703419356,0.027234192998238007,0.5471151837251887,0.5471151837251887
6,3,COMPOSITE_Q,0.3469780103286997,0.23202236735404239,-0.09279111106139235,0.008528449493218035,0.4789048831794337,0.0,0.0,0.0,0.0,0.0,0.0,-0.09279111106139235,0.008528449493218035,0.4789048831794337,0.4789048831794337
6,4,COMPOSITE_Q,1.0695751670430862,0.16136165522933874,-0.4237648638062053,-0.0711916930378349,0.10887305083091277,0.0,0.0,0.0,0.0,0.0,0.0,-0.4237648638062053,-0.0711916930378349,0.10887305083091277,0.16950594552248213
6,5,COMPOSITE_Q,1.123423846221313,0.1409427566353665,-0.05950292076227583,-0.0897840521242315,-0.5310547952447464,0.0,0.0,0.0,0.0,0.0,0.0,-0.05950292076227583,-0.0897840521242315,-0.5310547952447464,0.5310547952447464
6,6,COMPOSITE_Q,0.8161656964761922,0.14503166740178622,-0.06662354590168452,0.0661837817051495,0.017969224304813416,0.0,0.0,0.0,0.0,0.0,0.0,-0.06662354590168452,0.0661837817051495,0.017969224304813416,0.055153151420957926
6,7,COMPOSITE_Q,0.8614344802749467,0.2255972360643228,0.28599373949141144,-0.0665464067398139,-0.3678808880493699,0.0,0.0,0.0,0.0,0.0,0.0,0.28599373949141144,-0.0665464067398139,-0.3678808880493699,0.3678808880493699
6,8,COMPOSITE_Q,0.9251606444499533,0.31101425989672843,-0.6419429998963868,-0.023063493079064967,-0.2513844637551875,0.0,0.0,0.0,0.0,0.0,0.0,-0.6419429998963868,-0.023063493079064967,-0.2513844637551875,0.25677719995855475
6,9,COMPOSITE_Q,0.9688425233878742,0.39093182682979094,-0.13059882152462876,-0.07339518985419441,0.33229235670799506,0.0,0.0,0.0,0.0,0.0,0.0,-0.13059882152462876,-0.07339518985419441,0.33229235670799506,0.33229235670799506
6,10,COMPOSITE_Q,1.0116236695867504,0.365842507906386,0.20591012396941613,0.059078620960297985,0.5029084751278515,0.0,0.0,0.0,0.0,0.0,0.0,0.20591012396941613,0.059078620960297985,0.5029084751278515,0.5029084751278515
6,1,COMPOSITE_Q_PLUS_RF,0.8926569685927986,0.08409670103249882,-0.2318460169137738,-0.06968479121727146,0.03542647347540164,-7.213467781341345e-08,-4.8915024679324677e-11,1.6399238924475566e-06,-7.213467781430616e-08,-4.891502480841581e-11,1.6399238924463821e-06,-0.2318460890484516,-0.06968479126618649,0.03542811339929409,0.09273843561938064
6,2,COMPOSITE_Q_PLUS_RF,0.527753589834409,0.13615105303512665,-0.3387832872439782,0.027234215465097963,0.5473594858075669,1.3683221739538037e-06,-5.522104300971693e-11,-1.2368013594934029e-05,1.3683221739557716e-06,-5.522104301602937e-11,-1.2368013594943328e-05,-0.33878191892180426,0.02723421540987692,0.5473471177939719,0.5473471177939719
6,3,COMPOSITE_Q_PLUS_RF,0.34695286654167984,0.2320228557730774,-0.09277348268719367,0.008528369779303142,0.47866923037656356,4.4216442804920215e-08,6.190009472260956e-09,-4.243919671202526e-08,4.421644279883896e-08,6.19000947200965e-09,-4.243919671242935e-08,-0.09277343847075087,0.008528375969312614,0.47866918793736685,0.47866918793736685
6,4,COMPOSITE_Q_PLUS_RF,1.0695742022728998,0.16136171225593096,-0.42376284541295367,-0.07119163571727596,0.10883940196593159,-1.148052744456942e-11,-7.753518205904106e-11,-1.4042633861731697e-10,-1.1480538741892587e-11,-7.753518660447156e-11,-1.40426337225108e-10,-0.4237628454244342,-0.07119163579481115,0.10883940182550525,0.1695051381697737
6,5,COMPOSITE_Q_PLUS_RF,1.123420901782231,0.14094273424704282,-0.05947751621498242,-0.0897840400320326,-0.531415933919688,9.915806939749583e-09,-7.04396245792967e-11,-3.614612110228409e-06,9.915806939431171e-09,-7.043962635400192e-11,-3.6146121101809925e-06,-0.05947750629917548,-0.08978404010247222,-0.5314195485317982,0.5314195485317982
6,6,COMPOSITE_Q_PLUS_RF,0.8161571593992119,0.14503179281912054,-0.0666517981601586,0.06618369102839915,0.018390030263009307,-6.450846079281304e-08,-5.395718802267893e-11,6.3116897747701906e-06,-6.450846079530947e-08,-5.39571859414778e-11,6.3116897747704515e-06,-0.0666518626686194,0.06618369097444196,0.018396341952784077,0.05515307581203497
6,7,COMPOSITE_Q_PLUS_RF,0.8614346823940507,0.22559916488119558,0.28599261861347336,-0.066546503720638,-0.3679020439393432,5.399299683458191e-07,-7.477255072365555e-11,6.739025537264398e-06,5.399299683461756e-07,-7.477254926335775e-11,6.739025537272347e-06,0.2859931585434417,-0.06654650379541055,-0.36789530491380595,0.36789530491380595
6,8,COMPOSITE_Q_PLUS_RF,0.9251629948140117,0.311112323441475,-0.6419366305444387,-0.02306338516305719,-0.25140269177157093,2.2899993214644388e-05,9.094029566235169e-10,-0.00037323444491180424,2.2899993214697822e-05,9.094029557177308e-10,-0.00037323444491182967,-0.641913730551224,-0.023063384253654236,-0.25177592621648276,0.2567654922204896
6,9,COMPOSITE_Q_PLUS_RF,0.9688441396162603,0.3909319247006828,-0.13062646243218418,-0.07339525548125019,0.33267877442888116,1.4325823812722823e-07,-3.874232523824494e-09,-3.402655741375876e-06,1.4325823813332583e-07,-3.8742325181306825e-09,-3.402655741391314e-06,-0.13062631917394604,-0.0733952593554827,0.33267537177313977,0.33267537177313977
6,10,COMPOSITE_Q_PLUS_RF,1.0116248043965268,0.36584258846289874,0.20591048037579215,0.0590786192734425,0.502903800364593,-2.933613440581062e-08,-1.1145702877076706e-10,1.6404206138741523e-06,-2.933613441058469e-08,-1.1145703110448935e-10,1.640420613902016e-06,0.20591045103965774,0.059078619161985466,0.5029054407852069,0.5029054407852069
6,1,COMPOSITE_Q_PLUS_GB,0.8926569685927986,0.08409679625388486,-0.2318460169137738,-0.06968479121727146,0.03542647347540164,-2.2915080722218879e-07,1.3317744308615098e-09,8.303736444315366e-06,-2.291508072183035e-07,1.331774426849286e-09,8.303736444316423e-06,-0.231846246064581,-0.06968478988549703,0.03543477721184596,0.0927384984258324
6,2,COMPOSITE_Q_PLUS_GB,0.5277532286870412,0.13615097302150286,-0.3387644934377185,0.027234213698132503,0.5471188582830716,-5.997844580042955e-08,7.799904639189327e-10,2.3077865048217163e-06,-5.997844582106282e-08,7.799904645777733e-10,2.3077865047849144e-06,-0.3387645534161643,0.027234214478122968,0.5471211660695764,0.5471211660695764
6,3,COMPOSITE_Q_PLUS_GB,0.3469763013566761,0.23202257019385303,-0.09279017029313157,0.008528422773984357,0.478891702376624,2.0178971988395265e-07,2.90587328834643e-08,-4.114642569563508e-06,2.0178971987805383e-07,2.905873288348848e-08,-4.114642569552629e-06,-0.09278996850341169,0.00852845183271724,0.47888758773405443,0.47888758773405443
6,4,COMPOSITE_Q_PLUS_GB,1.0695751540993248,0.16136262377749788,-0.42376618895249474,-0.07119164141338279,0.10887736590507165,-2.019391752944925e-07,-6.186726965262705e-10,5.306550087218834e-06,-2.0193917527056016e-07,-6.186726964063638e-10,5.3065500872223614e-06,-0.42376639089167,-0.07119164203205548,0.10888267245515887,0.169506556356668
6,5,COMPOSITE_Q_PLUS_GB,1.1234246665241954,0.14094268434414645,-0.05951355310040995,-0.08978412963475216,-0.530887731693042,-3.445208241230258e-07,-6.186726965262705e-10,4.533471350466227e-06,-3.4452082412622653e-07,-6.186726964063638e-10,4.533471350431917e-06,-0.059513897621234074,-0.08978413025342485,-0.5308831982216916,0.5308831982216916
6,6,COMPOSITE_Q_PLUS_GB,0.8161693278360925,0.14503170649886302,-0.066611226773945,0.06618381578318489,0.01779096310334859,-3.187739312103772e-07,-5.321230252148478e-11,3.127175709420263e-06,-3.187739312099369e-07,-5.321229568089336e-11,3.1271757094213093e-06,-0.06661154554787621,0.06618381572997259,0.01779409027905801,0.05515317977497716
6,7,COMPOSITE_Q_PLUS_GB,0.8614345814749169,0.22559738407245836,0.2859932516864326,-0.066546499613492,-0.3678853240598767,-2.832869004497191e-07,-6.186726965262705e-10,2.9761179092765857e-06,-2.832869004376626e-07,-6.186726964063638e-10,2.9761179092813173e-06,0.28599296839953214,-0.0665465002321647,-0.3678823479419674,0.3678823479419674
6,8,COMPOSITE_Q_PLUS_GB,0.9251606508736643,0.31102282901238626,-0.6419402603695198,-0.023063392816876613,-0.25139727433378406,1.1112721993989698e-06,1.6713306996820326e-11,-2.9218438119832704e-05,1.1112721993722374e-06,1.6713307821047962e-11,-2.9218438119815726e-05,-0.6419391490973204,-0.023063392800163306,-0.2514264927719039,0.2567756596389282
6,9,COMPOSITE_Q_PLUS_GB,0.968842622301073,0.39093250825025744,-0.13060151259500583,-0.07339520022198327,0.33233181039462484,-1.1838675290238615e-07,-6.186726965262705e-10,2.587006551114867e-06,-1.1838675290087863e-07,-6.186726964063638e-10,2.587006551091342e-06,-0.13060163098175873,-0.07339520084065597,0.33233439740117593,0.33233439740117593
6,10,COMPOSITE_Q_PLUS_GB,1.0116226475380865,0.36584301391246493,0.2059098955631097,0.059078630056762664,0.502906567877118,-3.236183226441121e-07,-6.691312699293728e-10,1.779355954010015e-06,-3.236183226396072e-07,-6.691312712248099e-10,1.7793559540235648e-06,0.20590957194478707,0.05907862938763139,0.502908347233072,0.502908347233072
7,1,COMPOSITE_Q,0.5412219875516472,0.04726019085994597,-0.2997584188899683,-0.036576026869194055,0.11438222330485885,0.0,0.0,0.0,0.0,0.0,0.0,-0.2997584188899683,-0.036576026869194055,0.11438222330485885,0.11990336755598732
7,2,COMPOSITE_Q,0.9605454384795086,0.20581542354449234,-0.6707656778552761,-0.044139447650442656,-0.056981205192301744,0.0,0.0,0.0,0.0,0.0,0.0,-0.6707656778552761,-0.044139447650442656,-0.056981205192301744,0.2683062711421104
7,3,COMPOSITE_Q,0.9690480274230541,0.2701264258104096,0.47322723764512387,0.045831944742108444,0.4744193112333563,0.0,0.0,0.0,0.0,0.0,0.0,0.47322723764512387,0.045831944742108444,0.4744193112333563,0.4744193112333563
7,4,COMPOSITE_Q,1.0652134251776353,0.4119914817110114,-0.281873946515047,-0.05946666481666229,0.18602515931228997,0.0,0.0,0.0,0.0,0.0,0.0,-0.281873946515047,-0.05946666481666229,0.18602515931228997,0.18602515931228997
7,5,COMPOSITE_Q,0.892107811740232,0.2864493952513969,-0.5574504623304731,-0.031819958615551626,-0.2472560897036484,0.0,0.0,0.0,0.0,0.0,0.0,-0.5574504623304731,-0.031819958615551626,-0.2472560897036484,0.2472560897036484
7,6,COMPOSITE_Q,1.0692603440966875,0.35433411051170693,0.2572610682564722,0.07519147048228177,0.12469242623292057,0.0,0.0,0.0,0.0,0.0,0.0,0.2572610682564722,0.07519147048228177,0.12469242623292057,0.12469242623292057
7,7,COMPOSITE_Q,0.9477472833800404,0.34379957897351193,0.09489274415858225,0.07117135314824825,0.2636022069932983,0.0,0.0,0.0,0.0,0.0,0.0,0.09489274415858225,0.07117135314824825,0.2636022069932983,0.2636022069932983
7,8,COMPOSITE_Q,1.4511035803379384,0.510951803724331,-0.4871466141642584,-0.08509248856116108,-0.0786687965202557,0.0,0.0,0.0,0.0,0.0,0.0,-0.4871466141642584,-0.08509248856116108,-0.0786687965202557,0.19485864566570338
7,9,COMPOSITE_Q,0.5331083902161882,0.3904954987661463,0.18070305960071287,-0.002506396971841406,0.21178813936518945,0.0,0.0,0.0,0.0,0.0,0.0,0.18070305960071287,-0.002506396971841406,0.21178813936518945,0.21178813936518945
7,10,COMPOSITE_Q,0.4892884010182079,0.3487353487828742,-0.3367814687582784,-0.005121304516646358,0.38826947783961346,0.0,0.0,0.0,0.0,0.0,0.0,-0.3367814687582784,-0.005121304516646358,0.38826947783961346,0.38826947783961346
7,1,COMPOSITE_Q_PLUS_RF,0.5412219875516472,0.04726017829048358,-0.2997584188899683,-0.036576026869194055,0.11438222330485885,1.4222848803587548e-08,2.4980661356561834e-09,-2.8381658988362693e-08,1.4222848787603937e-08,2.4980661358919853e-09,-2.83816589952135e-08,-0.2997584046671195,-0.03657602437112792,0.11438219492319986,0.1199033618668478
7,2,COMPOSITE_Q_PLUS_RF,0.9605454659798439,0.20581544354374634,-0.6707656187296089,-0.044139449081946204,-0.056981724130705284,-2.645875376776072e-07,-7.322927742831261e-11,2.888230670753962e-06,-2.6458753765723486e-07,-7.322927680908364e-11,2.888230670752834e-06,-0.6707658833171466,-0.04413944915517548,-0.05697883590003453,0.26830635332685865
7,3,COMPOSITE_Q_PLUS_RF,0.9690471639975881,0.27012651160317414,0.4732570412429109,0.04583193829818442,0.47413371253828945,-1.389026387750785e-09,-5.994938824675967e-11,4.18629647268356e-09,-1.3890263939053682e-09,-5.994938573339326e-11,4.186296476138551e-09,0.4732570398538845,0.04583193823823503,0.47413371672458593,0.47413371672458593
7,4,COMPOSITE_Q_PLUS_RF,1.0652203659857562,0.41199154921683484,-0.281905060798506,-0.05946660174161958,0.18632527476321217,3.013481070016777e-08,-6.001315706326638e-11,1.60790309790403e-06,3.0134810702353576e-08,-6.001315416837016e-11,1.6079030979165854e-06,-0.2819050306636953,-0.05946660180163273,0.1863268826663101,0.1863268826663101
7,5,COMPOSITE_Q_PLUS_RF,0.8921139902621584,0.28644918420208093,-0.5571771130741002,-0.03181992937815178,-0.24986110574709705,4.2385169112260624e-07,-7.318370775139974e-11,-4.2849830101951333e-11,4.238516910781698e-07,-7.318370909281668e-11,-4.2849834791525154e-11,-0.5571766892224091,-0.03181992945133549,-0.24986110578994689,0.24986110578994689
7,6,COMPOSITE_Q_PLUS_RF,1.069425669854078,0.3543320634127566,0.2569864401192858,0.07519204821161654,0.12734014574468672,2.6856426638364434e-06,1.8077389883776499e-09,-1.391740423260807e-05,2.6856426638133257e-06,1.807738986281393e-09,-1.3917404232621777e-05,0.2569891257619496,0.07519205001935553,0.1273262283404541,0.1273262283404541
7,7,COMPOSITE_Q_PLUS_RF,0.9477391713619947,0.3437991846559332,0.09452304617870293,0.07117097155550783,0.2670834822485592,1.2552733906415477e-11,-7.580989111182528e-11,2.0417186092389298e-08,1.2552736627924332e-11,-7.580988614641626e-11,2.0417186108456775e-08,0.09452304619125566,0.07117097147969795,0.2670835026657453,0.2670835026657453
7,8,COMPOSITE_Q_PLUS_RF,1.451114886736833,0.510952020589125,-0.48678881788679507,-0.0850931204255528,-0.08211929644039377,-2.9762988266231785e-08,-1.1005291211143228e-08,2.2365267817611845e-07,-2.9762988240644717e-08,-1.1005291206123147e-08,2.2365267818291734e-07,-0.4867888476497833,-0.085093131430844,-0.08211907278771559,0.19471553905991332
7,9,COMPOSITE_Q_PLUS_RF,0.5331090288874812,0.3904957446508253,0.18070195009133366,-0.0025063601788350527,0.21179307265979644,-8.441488260923143e-08,3.4005981941232998e-09,-6.55525466013612e-11,-8.441488261179408e-08,3.4005981940955776e-09,-6.555253562190444e-11,0.18070186567645105,-0.0025063567782368586,0.2117930725942439,0.2117930725942439
7,10,COMPOSITE_Q_PLUS_RF,0.4892880360236371,0.3487353063882501,-0.3367825149755329,-0.0051212942112175055,0.38828698401016265,1.992237572825026e-06,-5.6342760826270235e-11,-1.7359203027914164e-05,1.992237572800981e-06,-5.6342761185768087e-11,-1.7359203027922376e-05,-0.3367805227379601,-0.005121294267560267,0.38826962480713473,0.38826962480713473
7,1,COMPOSITE_Q_PLUS_GB,0.5412219875516472,0.04726091705268669,-0.2997584188899683,-0.036576026869194055,0.11438222330485885,-2.914368050688165e-06,3.085102455741017e-09,2.8599764448938284e-06,-2.9143680506660274e-06,3.085102458222355e-09,2.8599764448911102e-06,-0.29976133325801896,-0.036576023784091596,0.11438508328130374,0.11990453330320758
7,2,COMPOSITE_Q_PLUS_GB,0.960543691779277,0.20581551836698647,-0.670763519112526,-0.044139463963528754,-0.05697446837235353,3.2809014088141587e-07,-6.186726965262705e-10,-7.81602598449211e-06,3.2809014083312604e-07,-6.186726964063638e-10,-7.816025984493102e-06,-0.6707631910223851,-0.04413946458220145,-0.05698228439833802,0.2683052764089541
7,3,COMPOSITE_Q_PLUS_GB,0.9690475534367953,0.2701265304405708,0.4732289626543876,0.045831954749913306,0.4744041747443694,-4.3637008571521135e-07,6.662892666350498e-09,1.8206354382809335e-06,-4.363700857323849e-07,6.6628926681522316e-09,1.820635438298801e-06,0.47322852628430184,0.045831961412805974,0.4744059953798077,0.4744059953798077
7,4,COMPOSITE_Q_PLUS_GB,1.065213664283821,0.4119917293532552,-0.2818784231482491,-0.05946666891780956,0.18607003366539096,-1.361322590680767e-07,1.856698089117712e-09,8.430107719951435e-06,-1.361322590764935e-07,1.8566980869438865e-09,8.430107719947788e-06,-0.2818785592805082,-0.05946666706111147,0.1860784637731109,0.1860784637731109
7,5,COMPOSITE_Q_PLUS_GB,0.8921206750284416,0.2864509679406985,-0.5569520373929011,-0.03181988998947182,-0.25200920270933075,5.91748408765316e-07,-6.186726965262705e-10,-4.932550460768853e-06,5.91748408718118e-07,-6.186726964063638e-10,-4.932550460745588e-06,-0.5569514456444924,-0.03181989060814452,-0.2520141352597915,0.2520141352597915
7,6,COMPOSITE_Q_PLUS_GB,1.069562594281242,0.3543313767487075,0.25676649195134615,0.07519214484190824,0.12941581997670207,-6.53466328848099e-07,4.356388472315368e-09,1.6610583684635596e-06,-6.534663288260134e-07,4.3563884721820045e-09,1.6610583684628644e-06,0.25676583848501733,0.07519214919829671,0.12941748103507053,0.12941748103507053
7,7,COMPOSITE_Q_PLUS_GB,0.9477430789290242,0.3437992829904013,0.09462138278250222,0.07117094285275033,0.26618741494942433,-3.5158077689978376e-07,-4.4980610491741986e-10,6.065422538551257e-06,-3.5158077689445566e-07,-4.4980610902634055e-10,6.06542253855924e-06,0.09462103120172533,0.07117094240294422,0.2661934803719629,0.2661934803719629
7,8,COMPOSITE_Q_PLUS_GB,1.4511119742778134,0.5109520617597857,-0.48688450745384265,-0.08509293376823099,-0.0811910313033211,-4.642968816531729e-07,8.635067395697214e-09,3.2672625024793022e-06,-4.642968816637172e-07,8.63506739723352e-09,3.267262502479329e-06,-0.4868849717507243,-0.08509292513316359,-0.08118776404081862,0.19475398870028973
7,9,COMPOSITE_Q_PLUS_GB,0.5331031476021157,0.39049561220412,0.18070354046431203,-0.0025064040829725523,0.2117796568002563,6.016242467731822e-07,3.890747253086008e-09,-9.397500751589952e-06,6.016242467821176e-07,3.890747253022797e-09,-9.397500751601173e-06,0.1807041420885588,-0.0025064001922252993,0.2117702592995047,0.2117702592995047
7,10,COMPOSITE_Q_PLUS_GB,0.48928827575609257,0.34873554515712535,-0.3367829969826923,-0.005121296117994625,0.3882874128973674,7.324572391712618e-07,1.4153764674420245e-09,-1.5435273980471174e-05,7.324572391942397e-07,1.4153764670704616e-09,-1.543527398045752e-05,-0.3367822645254531,-0.005121294702618158,0.38827197762338694,0.38827197762338694
8,1,COMPOSITE_Q,0.5217111561727827,0.11118093654650074,0.38481374638394555,-0.01920840489744579,0.168029051718174,0.0,0.0,0.0,0.0,0.0,0.0,0.38481374638394555,-0.01920840489744579,0.168029051718174,0.168029051718174
8,2,COMPOSITE_Q,0.7095073479155103,0.14409206135588368,-0.2971379116747709,0.04136828552313756,-0.23705486194998485,0.0,0.0,0.0,0.0,0.0,0.0,-0.2971379116747709,0.04136828552313756,-0.23705486194998485,0.23705486194998485
8,3,COMPOSITE_Q,0.6572355624882857,0.2896091665392857,0.2507304619969868,-0.04319521346755241,-0.18938356991692526,0.0,0.0,0.0,0.0,0.0,0.0,0.2507304619969868,-0.04319521346755241,-0.18938356991692526,0.18938356991692526
8,4,COMPOSITE_Q,0.7931684515675476,0.22763023712720235,0.015621297488141664,0.05966747752733451,-0.25145705447493155,0.0,0.0,0.0,0.0,0.0,0.0,0.015621297488141664,0.05966747752733451,-0.25145705447493155,0.25145705447493155
8,5,COMPOSITE_Q,0.739658890304881,0.10179183711982964,0.4841120934364243,-0.038923006192762975,0.07881084697940027,0.0,0.0,0.0,0.0,0.0,0.0,0.4841120934364243,-0.038923006192762975,0.07881084697940027,0.19364483737456972
8,6,COMPOSITE_Q,0.27872496025650345,0.12398340075722201,-0.1677692483109897,-0.012811846094137665,0.30711411548672973,0.0,0.0,0.0,0.0,0.0,0.0,-0.1677692483109897,-0.012811846094137665,0.30711411548672973,0.30711411548672973
8,7,COMPOSITE_Q,0.4577689612354353,0.1264344707812759,-0.18380118208726778,-0.03301027094358265,0.039676178639298794,0.0,0.0,0.0,0.0,0.0,0.0,-0.18380118208726778,-0.03301027094358265,0.039676178639298794,0.07352047283490712
8,8,COMPOSITE_Q,0.8135939030588708,0.26709112814379515,-0.19853688606657405,-0.06321818504147711,0.34111430303175855,0.0,0.0,0.0,0.0,0.0,0.0,-0.19853688606657405,-0.06321818504147711,0.34111430303175855,0.34111430303175855
8,9,COMPOSITE_Q,1.0582497165652456,0.3071117487102506,-0.24775011765147315,-0.08446171899321264,0.1408093435029083,0.0,0.0,0.0,0.0,0.0,0.0,-0.24775011765147315,-0.08446171899321264,0.1408093435029083,0.1408093435029083
8,10,COMPOSITE_Q,1.0168476931514205,0.32235500448054594,-0.032940392478368045,0.0755056962552543,-0.08501049067973285,0.0,0.0,0.0,0.0,0.0,0.0,-0.032940392478368045,0.0755056962552543,-0.08501049067973285,0.08501049067973285
8,1,COMPOSITE_Q_PLUS_RF,0.5217111561727827,0.11118107221706164,0.38481374638394555,-0.01920840489744579,0.168029051718174,8.842795028996258e-07,2.062223333458723e-09,-1.732627370394198e-05,8.842795028995987e-07,2.062223333071378e-09,-1.7326273703932582e-05,0.38481463066344845,-0.019208402835222457,0.16801172544447007,0.16801172544447007
8,2,COMPOSITE_Q_PLUS_RF,0.7095056604818788,0.14409640438483567,-0.29712433758267515,0.04136828126434034,-0.23715537617572197,1.8514067536375078e-09,-8.379526530299454e-11,-1.2608375644860815e-06,1.8514067501307352e-09,-8.379526239554735e-11,-1.2608375644929115e-06,-0.2971243357312684,0.04136828118054508,-0.23715663701328646,0.23715663701328646
8,3,COMPOSITE_Q_PLUS_RF,0.6572368840127022,0.28960921294819725,0.25071503019125707,-0.04319523043942373,-0.18924892252814784,4.36315488462601e-08,-5.937698008834248e-11,3.4437860028114847e-07,4.363154887387921e-08,-5.937698249747214e-11,3.443786002754745e-07,0.25071507382280595,-0.04319523049880071,-0.18924857814954757,0.18924857814954757
8,4,COMPOSITE_Q_PLUS_RF,0.7931691547033014,0.22763024533514037,0.015624444078367083,0.05966748035141058,-0.25150477051566805,-6.273272852108643e-08,-7.847667402312859e-11,1.5467898293109575e-06,-6.273272852054534e-08,-7.847667654603541e-11,1.5467898293319848e-06,0.015624381345638563,0.05966748027293391,-0.2515032237258387,0.2515032237258387
8,5,COMPOSITE_Q_PLUS_RF,0.7396613435644956,0.10179213130862423,0.484116463664975,-0.03892300944696751,0.07874705119211751,-1.4666891987238668e-07,-3.1862410995548074e-08,-2.3177418769894722e-07,-1.466689198981186e-07,-3.186241099434328e-08,-2.3177418770337077e-07,0.4841163169960551,-0.03892304130937851,0.07874681941792981,0.19364652679842204
8,6,COMPOSITE_Q_PLUS_RF,0.27872695262604014,0.12398348103546164,-0.16777573715660363,-0.012811816344538282,0.30720907199949576,1.5597297219358596e-07,-3.022914913255166e-11,-5.670941366992395e-06,1.559729722044878e-07,-3.022914904504681e-11,-5.670941366997528e-06,-0.16777558118363142,-0.01281181637476743,0.30720340105812877,0.30720340105812877
8,7,COMPOSITE_Q_PLUS_RF,0.4577682542289968,0.12643448733613522,-0.18384966896750005,-0.03301028818277891,0.04038548164315482,1.3279583807909695e-08,-3.373707850624812e-11,-4.247401321339758e-08,1.3279583821468322e-08,-3.373707563314454e-11,-4.2474013216275974e-08,-0.18384965568791622,-0.033010288216515984,0.040385439169141606,0.07353986227516648
8,8,COMPOSITE_Q_PLUS_RF,0.813580827821685,0.2670910767682901,-0.19848897174916763,-0.06321804958858261,0.3404272828074787,-1.2576981264270252e-12,-7.27641224335783e-11,5.333573494326115e-07,-1.257688397870993e-12,-7.276412805623522e-11,5.333573494525901e-07,-0.19848897175042532,-0.06321804966134674,0.34042781616482815,0.34042781616482815
8,9,COMPOSITE_Q_PLUS_RF,1.0582496642144463,0.30711184301666794,-0.2477504819206025,-0.08446169694925859,0.1408101460346338,-2.3516143235840892e-07,-7.487924454466394e-11,5.328373657935066e-06,-2.3516143235480236e-07,-7.487924169602422e-11,5.3283736579368135e-06,-0.24775071708203486,-0.08446169702413783,0.14081547440829173,0.14081547440829173
8,10,COMPOSITE_Q_PLUS_RF,1.0168478159788152,0.32235037460795896,-0.032267849432970876,0.07550556282727293,-0.09479269870212376,-5.182251374393437e-10,-5.875412079952819e-11,-7.000646188608554e-11,-5.182251364144186e-10,-5.875412656397572e-11,-7.00064589631566e-11,-0.03226784995119601,0.0755055627685188,-0.09479269877213022,0.09479269877213022
8,1,COMPOSITE_Q_PLUS_GB,0.5217111561727827,0.1111809681496402,0.38481374638394555,-0.01920840489744579,0.168029051718174,-2.4667462154089333e-07,1.6681210858654065e-09,6.517255846888493e-06,-2.466746215623594e-07,1.6681210857072415e-09,6.517255846882897e-06,0.384813499709324,-0.019208403229324704,0.1680355689740209,0.1680355689740209
8,2,COMPOSITE_Q_PLUS_GB,0.7095080151287934,0.14409038890131956,-0.29714567848466444,0.04136828182041392,-0.2370618512936288,-6.531289455310706e-08,-6.186726965262705e-10,4.07095867750439e-06,-6.531289453715061e-08,-6.186726964063638e-10,4.070958677493408e-06,-0.297145743797559,0.04136828120174122,-0.2370577803349513,0.2370577803349513
8,3,COMPOSITE_Q_PLUS_GB,0.657239650289243,0.28960916620211813,0.25073834679177276,-0.04319518641902457,-0.1893858010907522,3.123865778072807e-08,-5.321230252148478e-11,-1.0305117558618949e-06,3.123865777165946e-08,-5.3212302619787266e-11,-1.030511755872876e-06,0.25073837803043053,-0.04319518647223687,-0.18938683160250808,0.18938683160250808
8,4,COMPOSITE_Q_PLUS_GB,0.7931684493547327,0.2276388491003532,0.015206629416785689,0.05966753814568724,-0.2454254845082139,-6.435913682070923e-08,-3.9834443230960043e-10,3.926502857858204e-06,-6.435913682024952e-08,-3.9834443382735785e-10,3.926502857853897e-06,0.015206565057648868,0.059667537747342805,-0.24542155800535603,0.24542155800535603
8,5,COMPOSITE_Q_PLUS_GB,0.7391799694796826,0.10184020943597283,0.48453977995087066,-0.0389221226420934,0.07243598753818187,0.00013432717593815443,1.856698089117712e-09,-3.529690189717364e-06,0.00013432717593814258,1.8566980869438865e-09,-3.529690189713053e-06,0.4846741071268088,-0.038922120785395316,0.07243245784799215,0.19386964285072353
8,6,COMPOSITE_Q_PLUS_GB,0.27880039705406656,0.1239835061499544,-0.1679305995200194,-0.012811701839667983,0.30746648503310314,1.3174765184330794e-07,1.99309996056941e-09,-8.406828889152876e-06,1.3174765184365e-07,1.9930999611145195e-09,-8.40682888914035e-06,-0.16793046777236756,-0.012811699846568022,0.307458078204214,0.307458078204214
8,7,COMPOSITE_Q_PLUS_GB,0.45776834677406913,0.12643460355400066,-0.183849881438706,-0.033010280368573515,0.04039044275393119,-3.209683793846832e-07,1.6486839434486863e-09,4.719538066639657e-06,-3.209683793747864e-07,1.6486839463092373e-09,4.7195380666401054e-06,-0.18385020240708538,-0.03301027871988957,0.04039516229199783,0.07354008096283415
8,8,COMPOSITE_Q_PLUS_GB,0.8135806137449403,0.2670910893959221,-0.19849005969515635,-0.06321804597174369,0.34044032275603053,-1.637776012201669e-08,-6.186726965262705e-10,-1.082293632646508e-06,-1.637776012031189e-08,-6.186726964063638e-10,-1.0822936326593258e-06,-0.19849007607291647,-0.06321804659041638,0.3404392404623979,0.3404392404623979
8,9,COMPOSITE_Q_PLUS_GB,1.0582503540322956,0.30711176769408877,-0.24774850959122155,-0.08446169023973825,0.14078581399724235,-1.0356266356147409e-07,-6.186726965262705e-10,2.587006551114867e-06,-1.0356266355593391e-07,-6.186726964063638e-10,2.5870065511190976e-06,-0.2477486131538851,-0.08446169085841095,0.14078840100379347,0.14078840100379347
8,10,COMPOSITE_Q_PLUS_GB,1.0168477169502577,0.32235040139405957,-0.0322023955276939,0.07550555102927724,-0.09574456397400297,5.3988447118075645e-08,-3.239991401412568e-10,2.5712217184669903e-06,5.3988447115682625e-08,-3.239991469561332e-10,2.571221718469796e-06,-0.03220234153924678,0.07550555070527809,-0.0957419927522845,0.0957419927522845
9,1,COMPOSITE_Q,0.9062802968760102,0.11806526551873331,0.24466196825307157,-0.07133075924101805,-0.11896834130779968,0.0,0.0,0.0,0.0,0.0,0.0,0.24466196825307157,-0.07133075924101805,-0.11896834130779968,0.11896834130779968
9,2,COMPOSITE_Q,0.5092284504819786,0.24447075257927536,-0.027423032894341757,0.03842935473419394,0.039348759521234,0.0,0.0,0.0,0.0,0.0,0.0,-0.027423032894341757,0.03842935473419394,0.039348759521234,0.039348759521234
9,3,COMPOSITE_Q,0.7871712441714411,0.3907664938235072,0.27689128351802456,-0.03441772807407133,0.3708337020914184,0.0,0.0,0.0,0.0,0.0,0.0,0.27689128351802456,-0.03441772807407133,0.3708337020914184,0.3708337020914184
9,4,COMPOSITE_Q,1.082285352511474,0.2535289063529441,-0.425211130027544,0.0730184123928909,0.37400199434688425,0.0,0.0,0.0,0.0,0.0,0.0,-0.425211130027544,0.0730184123928909,0.37400199434688425,0.37400199434688425
9,5,COMPOSITE_Q,0.2988942343367564,0.1549515095885788,0.09533603371293571,-0.018142952202995662,0.019606189801200317,0.0,0.0,0.0,0.0,0.0,0.0,0.09533603371293571,-0.018142952202995662,0.019606189801200317,0.03813441348517428
9,6,COMPOSITE_Q,1.0703105316275288,0.1642986771429367,-0.14730505495085006,-0.08489303523921152,0.3092907644773618,0.0,0.0,0.0,0.0,0.0,0.0,-0.14730505495085006,-0.08489303523921152,0.3092907644773618,0.3092907644773618
9,7,COMPOSITE_Q,0.7868584583578961,0.2846677391007143,0.6531338626028459,-0.006879188530819626,0.3350090592657729,0.0,0.0,0.0,0.0,0.0,0.0,0.6531338626028459,-0.006879188530819626,0.3350090592657729,0.3350090592657729
9,8,COMPOSITE_Q,0.33569107754853156,0.25321232557142365,-0.04686153825857047,-0.0077417609594733,0.24613096579353544,0.0,0.0,0.0,0.0,0.0,0.0,-0.04686153825857047,-0.0077417609594733,0.24613096579353544,0.24613096579353544
9,9,COMPOSITE_Q,1.0512511965445668,0.21875965085739363,0.4040105147677023,0.0760371481186998,-0.12977922809029616,0.0,0.0,0.0,0.0,0.0,0.0,0.4040105147677023,0.0760371481186998,-0.12977922809029616,0.1616042059070809
9,10,COMPOSITE_Q,0.5035114595117917,0.25110381268046117,0.3972044128419574,-0.005010974243389543,-0.020642026900944615,0.0,0.0,0.0,0.0,0.0,0.0,0.3972044128419574,-0.005010974243389543,-0.020642026900944615,0.15888176513678295
9,1,COMPOSITE_Q_PLUS_RF,0.9062802968760102,0.11806593115870417,0.24466196825307157,-0.07133075924101805,-0.11896834130779968,1.4073695771981774e-08,-5.0325996748116755e-11,2.3181150436833844e-06,1.4073695764338368e-08,-5.032599337262411e-11,2.318115043684066e-06,0.24466198232676734,-0.07133075929134404,-0.118966023192756,0.118966023192756
9,2,COMPOSITE_Q_PLUS_RF,0.5092283934416996,0.24447254602839988,-0.027428368998058353,0.03842907086881448,0.039462931598856214,-1.1307558768570984e-07,-2.8005211356100624e-11,6.679976914833045e-06,-1.1307558768491877e-07,-2.800520926271588e-11,6.679976914836239e-06,-0.027428482073646038,0.03842907084080927,0.03946961157577105,0.03946961157577105
9,3,COMPOSITE_Q_PLUS_RF,0.7871299992752855,0.3907664973742206,0.27689715523541747,-0.03441758189894735,0.37072212406771293,-1.5476149947738986e-07,-5.4140876514038766e-11,1.790099985665243e-07,-1.547614995045521e-07,-5.414087927979594e-11,1.790099985465865e-07,0.27689700047391796,-0.03441758195308823,0.3707223030777115,0.3707223030777115
9,4,COMPOSITE_Q_PLUS_RF,1.082285627103918,0.2535289250367549,-0.4252105229768475,0.07301841415464164,0.37399552683161386,-1.0217197244979648e-07,-9.341063722563196e-11,1.6985621292683082e-09,-1.0217197243811427e-07,-9.341064033385749e-11,1.698562124285985e-09,-0.42521062514881997,0.073018414061231,0.373995528530176,0.373995528530176
9,5,COMPOSITE_Q_PLUS_RF,0.2988942274676669,0.15495153843851645,0.09533352148635527,-0.01814295696506759,0.01967176857896823,-4.4500141479909974e-07,1.174608133064482e-09,1.135489927223043e-05,-4.450014148005277e-07,1.174608132981092e-09,1.1354899272231211e-05,0.09533307648494047,-0.018142955790459457,0.01968312347824046,0.038133230593976185
9,6,COMPOSITE_Q_PLUS_RF,1.0703085132556915,0.16429877336363588,-0.1472856217360581,-0.08489303697165296,0.30901108070423666,3.867953628529102e-07,-7.808113439481731e-11,-1.7117070563048154e-07,3.8679536285002314e-07,-7.808113877683098e-11,-1.7117070560956904e-07,-0.14728523494069526,-0.0848930370497341,0.30901090953353105,0.30901090953353105
9,7,COMPOSITE_Q_PLUS_RF,0.7868861673196982,0.28466791496482635,0.6531134090431646,-0.0068791840260594575,0.3352878655833773,3.9372244411944687e-07,-1.6113230146439374e-08,-2.3192689951910024e-06,3.9372244409197066e-07,-1.6113230146865e-08,-2.319268995187862e-06,0.6531138027656087,-0.006879200139289604,0.3352855463143821,0.3352855463143821
9,8,COMPOSITE_Q_PLUS_RF,0.33568700767145565,0.2532131627338067,-0.046853073180052295,-0.007741634685549361,0.24599356915603424,-2.2791737966350604e-07,1.949364627551143e-09,1.392708568386845e-06,-2.279173796637668e-07,1.949364627183703e-09,1.3927085683873575e-06,-0.04685330109743196,-0.007741632736184734,0.24599496186460262,0.24599496186460262
9,9,COMPOSITE_Q_PLUS_RF,1.0512550469615918,0.21875961312376177,0.40398734561481286,0.07603704532764238,-0.12949370221630035,-1.4356306512795696e-08,-6.586708513364918e-11,4.299123866953387e-07,-1.4356306532459229e-08,-6.586708956035636e-11,4.2991238669021214e-07,0.40398733125850633,0.0760370452617753,-0.12949327230391366,0.16159493250340254
9,10,COMPOSITE_Q_PLUS_RF,0.503484878781595,0.25110458218700216,0.3972225158220502,-0.005010969545613806,-0.020864670432996054,8.185315471446314e-06,1.8759617941759035e-08,-7.98240098976719e-05,8.185315471420651e-06,1.8759617941531415e-08,-7.982400989767213e-05,0.3972307011375216,-0.005010950785995865,-0.020944494442893726,0.15889228045500864
9,1,COMPOSITE_Q_PLUS_GB,0.9062802968760102,0.11806620395838796,0.24466196825307157,-0.07133075924101805,-0.11896834130779968,-5.594624565872942e-08,9.931115806848322e-10,3.3611704638218153e-06,-5.594624566396256e-08,9.93111579083994e-10,3.3611704638170092e-06,0.2446619123068259,-0.07133075824790647,-0.11896498013733586,0.11896498013733586
9,2,COMPOSITE_Q_PLUS_GB,0.5092283820913406,0.24451043129559796,-0.027585323113140395,0.03842938423218913,0.03976688824451959,-5.824774132187057e-07,1.2940190790143825e-09,9.634017611947035e-06,-5.824774132190402e-07,1.2940190793897521e-09,9.634017611948043e-06,-0.027585905590553614,0.03842938552620821,0.03977652226213154,0.03977652226213154
9,3,COMPOSITE_Q_PLUS_GB,0.7871150216515418,0.3907671054954775,0.2770512873324591,-0.03441798321034023,0.37042155748428574,-4.5188710293632406e-07,9.931115806848322e-10,8.772986351037459e-06,-4.5188710295906986e-07,9.93111579083994e-10,8.772986351046619e-06,0.27705083544535614,-0.03441798221722865,0.3704303304706368,0.3704303304706368
9,4,COMPOSITE_Q_PLUS_GB,1.0822861094532814,0.25352906277156667,-0.4252104574490501,0.07301840704846854,0.3739905196276668,-4.6625407573390095e-07,-6.186726965262705e-10,1.0522029088983852e-05,-4.662540757371936e-07,-6.186726964063638e-10,1.0522029088966267e-05,-0.42521092370312585,0.07301840642979585,0.37400104165675574,0.37400104165675574
9,5,COMPOSITE_Q_PLUS_GB,0.29889176301755893,0.1549515335202957,0.09533404982462708,-0.01814296082479492,0.019659869039529935,-7.766641031032585e-07,2.6928969547918303e-09,1.4214162835357067e-05,-7.766641030998445e-07,2.692896954037405e-09,1.4214162835358285e-05,0.09533327316052398,-0.018142958131897965,0.019674083202365293,0.03813330926420959
9,6,COMPOSITE_Q_PLUS_GB,1.0703084245244128,0.16429871636088855,-0.1472977392283311,-0.08489304566969179,0.30916332998531215,-1.8895051477624698e-07,-6.186726965262705e-10,6.868649548758386e-07,-1.8895051479006497e-07,-6.186726964063638e-10,6.868649548574801e-07,-0.14729792817884588,-0.08489304628836448,0.309164016850267,0.309164016850267
9,7,COMPOSITE_Q_PLUS_GB,0.7868654435115758,0.2846680647238011,0.6531415815554192,-0.006879187672973352,0.33476231692285346,-7.25758434168008e-07,2.492084092640804e-09,-4.452294505686691e-06,-7.257584341280321e-07,2.4920840929060217e-09,-4.452294505685739e-06,0.6531408557969851,-0.006879185180889259,0.3347578646283478,0.3347578646283478
9,8,COMPOSITE_Q_PLUS_GB,0.33570790553930535,0.2532122536045026,-0.046881555340776954,-0.007741794054765751,0.24654242659437225,1.865029898153032e-08,2.3382320903575266e-09,-1.9000738362740221e-06,1.865029897879511e-08,2.3382320905873666e-09,-1.9000738362695557e-06,-0.046881536690477975,-0.00774179171653366,0.24654052652053599,0.24654052652053599
9,9,COMPOSITE_Q_PLUS_GB,1.0512441890021038,0.21875999579939115,0.40405586307266095,0.0760371634909494,-0.13033398354997833,-2.537262865709546e-07,-6.691312699293728e-10,7.510948017975836e-06,-2.5372628659203755e-07,-6.69131264285916e-10,7.510948017985797e-06,0.40405560934637436,0.07603716282181813,-0.13032647260196034,0.16162224373854975
9,10,COMPOSITE_Q_PLUS_GB,0.5035644283177221,0.2511044306453345,0.39716604304980097,-0.0050109657253851895,-0.020181556134140598,5.988565239304379e-07,7.52695648165732e-08,-9.963924044820195e-06,5.988565239256616e-07,7.526956481620356e-08,-9.963924044821548e-06,0.3971666419063249,-0.005010890455820373,-0.02019152005818542,0.15886665676252995
10,1,COMPOSITE_Q,1.0301719580894908,0.08846444731147304,0.5178114268456175,-0.07121418305820044,0.1880780216267114,0.0,0.0,0.0,0.0,0.0,0.0,0.5178114268456175,-0.07121418305820044,0.1880780216267114,0.20712457073824703
10,2,COMPOSITE_Q,1.1926598692320698,0.1878486895139067,-0.43927588063150574,0.0839314527624909,0.44830493625676543,0.0,0.0,0.0,0.0,0.0,0.0,-0.43927588063150574,0.0839314527624909,0.44830493625676543,0.44830493625676543
10,3,COMPOSITE_Q,0.4690558820367534,0.2805271961955579,-0.25399351222485944,0.009047661554439274,0.13455819565334948,0.0,0.0,0.0,0.0,0.0,0.0,-0.25399351222485944,0.009047661554439274,0.13455819565334948,0.13455819565334948
10,4,COMPOSITE_Q,0.9972557954899012,0.16077410826330962,-0.3801860928716761,-0.06777331883635358,-0.10826060648428157,0.0,0.0,0.0,0.0,0.0,0.0,-0.3801860928716761,-0.06777331883635358,-0.10826060648428157,0.15207443714867044
10,5,COMPOSITE_Q,0.6130160291315435,0.2663764665459639,-0.3511847448974523,0.020586386400219238,0.19737109028107439,0.0,0.0,0.0,0.0,0.0,0.0,-0.3511847448974523,0.020586386400219238,0.19737109028107439,0.19737109028107439
10,6,COMPOSITE_Q,0.5670417818756667,0.31558392920520845,-0.04845120176702134,0.022994455564116622,-0.29394648762163883,0.0,0.0,0.0,0.0,0.0,0.0,-0.04845120176702134,0.022994455564116622,-0.29394648762163883,0.29394648762163883
10,7,COMPOSITE_Q,1.1891547079975846,0.4573751273383679,0.251347304485918,-0.0782683862446999,0.48690789998604045,0.0,0.0,0.0,0.0,0.0,0.0,0.251347304485918,-0.0782683862446999,0.48690789998604045,0.48690789998604045
10,8,COMPOSITE_Q,1.128937759826431,0.4060102195336566,-0.5892662876896944,-0.04915064282919119,-0.2618397913693081,0.0,0.0,0.0,0.0,0.0,0.0,-0.5892662876896944,-0.04915064282919119,-0.2618397913693081,0.2618397913693081
10,9,COMPOSITE_Q,0.6470679965064422,0.36621457416689196,-0.4265508141823974,-0.009181255958757583,-0.022185706772159364,0.0,0.0,0.0,0.0,0.0,0.0,-0.4265508141823974,-0.009181255958757583,-0.022185706772159364,0.17062032567295896
10,10,COMPOSITE_Q,1.2904746152614772,0.5300481678369374,0.08110261356066818,0.08362760900587059,0.20445332429571408,0.0,0.0,0.0,0.0,0.0,0.0,0.08110261356066818,0.08362760900587059,0.20445332429571408,0.20445332429571408
10,1,COMPOSITE_Q_PLUS_RF,1.0301719580894908,0.0884645281682106,0.5178114268456175,-0.07121418305820044,0.1880780216267114,-1.876090566782834e-07,-4.430454408460239e-09,-1.7994046333960195e-07,-1.8760905662329463e-07,-4.430454406123552e-09,-1.7994046333513758e-07,0.5178112392365609,-0.07121418748865485,0.18807784168624805,0.20712449569462438
10,2,COMPOSITE_Q_PLUS_RF,1.1926598083304634,0.18784627191620165,-0.4392834978660986,0.08393145951319596,0.4483175108286982,-2.533483506287906e-07,-9.405367907365234e-11,1.8713789596151753e-06,-2.5334835063173244e-07,-9.405368150972038e-11,1.8713789596280783e-06,-0.43928375121444924,0.08393145941914228,0.4483193822076578,0.4483193822076578
10,3,COMPOSITE_Q_PLUS_RF,0.46905208205932086,0.2805270382503573,-0.2539716454415155,0.009047661487788712,0.13431925023465227,-7.008757897846425e-08,-4.840461492026377e-11,-2.911509878567418e-06,-7.008757896276308e-08,-4.8404615385355676e-11,-2.9115098785781335e-06,-0.2539717155290945,0.009047661439384097,0.1343163387247737,0.1343163387247737
10,4,COMPOSITE_Q_PLUS_RF,0.9972374237655008,0.16077421299781386,-0.38019910729567086,-0.06777328773970824,-0.10803683429110515,2.0791060925888786e-08,-7.566406907526661e-11,-1.2005576202434043e-10,2.0791060928448957e-08,-7.566407222991955e-11,-1.200557570024685e-10,-0.38019908650460993,-0.06777328781537231,-0.10803683441116091,0.15207963460184398
10,5,COMPOSITE_Q_PLUS_RF,0.6130162289465858,0.26637651347450236,-0.3511665234796646,0.020586388728298818,0.19705065469839686,1.4349883973807089e-06,4.3714217696377685e-09,-2.861916043790547e-05,1.4349883973863164e-06,4.371421769705508e-09,-2.86191604378927e-05,-0.3511650884912672,0.020586393099720587,0.19702203553795897,0.19702203553795897
10,6,COMPOSITE_Q_PLUS_RF,0.566920775988785,0.31558425994888684,-0.04856691198469349,0.02299480315249077,-0.29197250846700706,1.2155109309046796e-07,-6.524952625654634e-11,2.757377508782696e-08,1.215510930935304e-07,-6.524952453346167e-11,2.757377509654546e-08,-0.0485667904336004,0.022994803087241247,-0.29197248089323197,0.29197248089323197
10,7,COMPOSITE_Q_PLUS_RF,1.1889636980709704,0.4573752685230664,0.25144064422922063,-0.07826852004672796,0.4853218912881465,1.6499088600317196e-07,-1.7787846661791674e-09,-2.5124136183595997e-06,1.649908860090754e-07,-1.778784661232713e-09,-2.512413618371845e-06,0.25144080922010664,-0.07826852182551262,0.48531937887452814,0.48531937887452814
10,8,COMPOSITE_Q_PLUS_RF,1.1289364923348018,0.40601051083882517,-0.589266796291887,-0.049150626411628574,-0.26183573524265985,8.305453408258619e-06,-7.673848622205452e-10,-0.00015228831731420824,8.305453408241625e-06,-7.673848639866421e-10,-0.00015228831731423087,-0.5892584908384788,-0.04915062717901344,-0.2619880235599741,0.2619880235599741
10,9,COMPOSITE_Q_PLUS_RF,0.6470499513546538,0.3662142228779955,-0.42656617418534615,-0.009181290513887766,-0.02191709178739947,3.985533412745144e-06,-7.699635334409079e-11,-7.538959516651701e-05,3.985533412742548e-06,-7.699635373725755e-11,-7.538959516651539e-05,-0.4265621886519334,-0.00918129059088412,-0.021992481382565987,0.17062487546077337
10,10,COMPOSITE_Q_PLUS_RF,1.2904732428083718,0.5300489679452703,0.08109690358507345,0.08362762059630215,0.20453530586086452,-6.43849619194838e-07,-3.3567343182894307e-09,3.0249903582393675e-06,-6.43849619189063e-07,-3.356734321058319e-09,3.0249903582302284e-06,0.08109625973545426,0.08362761723956783,0.20453833085122275,0.20453833085122275
10,1,COMPOSITE_Q_PLUS_GB,1.0301719580894908,0.08846471363578881,0.5178114268456175,-0.07121418305820044,0.1880780216267114,-7.824643882028377e-07,8.54299047824012e-11,-1.294737461489126e-06,-7.824643881715332e-07,8.54298992658542e-11,-1.2947374614935558e-06,0.5178106443812294,-0.07121418297277055,0.1880767268892499,0.20712425775249174
10,2,COMPOSITE_Q_PLUS_GB,1.1926594104831132,0.18784851612138923,-0.43928465941175726,0.08393145121758515,0.44832263697554775,-1.2112485170135954e-07,-6.186726965262705e-10,6.7944603733615484e-06,-1.2112485170412413e-07,-6.186726964063638e-10,6.794460373382716e-06,-0.43928478053660897,0.08393145059891245,0.44832943143592113,0.44832943143592113
10,3,COMPOSITE_Q_PLUS_GB,0.4690517191262781,0.28052699286764377,-0.2539710765670679,0.009047679542981914,0.13433006639819212,6.476347374889954e-07,1.7605085972301406e-09,-8.655061712058899e-06,6.476347375050651e-07,1.7605085965433087e-09,-8.65506171204844e-06,-0.2539704289323304,0.00904768130349051,0.13432141133648007,0.13432141133648007
10,4,COMPOSITE_Q_PLUS_GB,0.9972390283071957,0.16077429410129346,-0.3801990164341419,-0.06777330489184981,-0.1080512743709837,-2.019391752944925e-07,-6.186726965262705e-10,6.1472233769721764e-06,-2.0193917527056016e-07,-6.186726964063638e-10,6.147223376967714e-06,-0.38019921837331716,-0.0677733055105225,-0.10804512714760674,0.15207968734932686
10,5,COMPOSITE_Q_PLUS_GB,0.6130163941588863,0.26637660225253423,-0.3511876847193915,0.020586398997147305,0.19741860830145305,1.583109760309949e-07,5.167366490897855e-10,6.182219142338303e-06,1.5831097605056854e-07,5.167366499969628e-10,6.182219142336631e-06,-0.35118752640841544,0.020586399513883955,0.1974247905205954,0.1974247905205954
10,6,COMPOSITE_Q_PLUS_GB,0.5670624270019773,0.31558390458289876,-0.04844251903531239,0.022994390411577612,-0.2941003385633804,1.7329007881823333e-07,1.3649178940389223e-09,-2.478929733122446e-06,1.7329007882121994e-07,1.364917893986739e-09,-2.478929733096269e-06,-0.04844234574523357,0.022994391776495506,-0.2941028174931135,0.2941028174931135
10,7,COMPOSITE_Q_PLUS_GB,1.189166153653609,0.4573759415297223,0.2513412430655693,-0.07826848664460599,0.4870021260355412,-1.2710082917148104e-06,-1.5263543724287007e-09,1.2510023521861397e-05,-1.2710082917255505e-06,-1.5263543762245035e-09,1.2510023521872249e-05,0.2513399720572776,-0.07826848817096037,0.4870146360590631,0.4870146360590631
10,8,COMPOSITE_Q_PLUS_GB,1.1289407635191475,0.40601188017518336,-0.5892639118986143,-0.049150490489396174,-0.2618574164581621,1.0430294253258068e-07,-6.186726965262705e-10,7.1485379875479e-05,1.0430294250518557e-07,-6.186726964063638e-10,7.148537987550219e-05,-0.5892638075956718,-0.04915049110806887,-0.26178593107828657,0.26178593107828657
10,9,COMPOSITE_Q_PLUS_GB,0.6470790029706299,0.3662147464088928,-0.42655958763726415,-0.00918128160965211,-0.02212073852759534,-6.185169584636761e-08,1.6713306996820326e-11,-5.203786619758245e-05,-6.1851695820625e-08,1.6713307821047962e-11,-5.2037866197583715e-05,-0.42655964948895997,-0.009181281592938802,-0.022172776393792924,0.17062385979558398
10,10,COMPOSITE_Q_PLUS_GB,1.2904709746840675,0.5300482376615866,0.08111107958791813,0.08362763664303749,0.20437290519484191,-8.56727896973572e-08,6.183793879487987e-09,4.464295060757097e-06,-8.567278969584535e-08,6.1837938797326686e-09,4.464295060763179e-06,0.08111099391512844,0.08362764282683137,0.20437736948990268,0.20437736948990268
11,1,COMPOSITE_Q,0.7675555365584519,0.1170293941061507,-0.2137075104615834,-0.06038061754090346,-0.42188869267917045,0.0,0.0,0.0,0.0,0.0,0.0,-0.2137075104615834,-0.06038061754090346,-0.42188869267917045,0.42188869267917045
11,2,COMPOSITE_Q,0.5918717834047963,0.12409113311918002,0.03719510330686846,0.0506230851152601,0.24074095270096335,0.0,0.0,0.0,0.0,0.0,0.0,0.03719510330686846,0.0506230851152601,0.24074095270096335,0.24074095270096335
11,3,COMPOSITE_Q,0.6368535805709411,0.15508994337370438,0.053655608352413675,0.05147494645678195,-0.0440829174584149,0.0,0.0,0.0,0.0,0.0,0.0,0.053655608352413675,0.05147494645678195,-0.0440829174584149,0.0440829174584149
11,4,COMPOSITE_Q,0.7231242078198399,0.26564427894447395,0.04078686494668324,-0.05461463173296565,0.3912320468310071,0.0,0.0,0.0,0.0,0.0,0.0,0.04078686494668324,-0.05461463173296565,0.3912320468310071,0.3912320468310071
11,5,COMPOSITE_Q,0.6409015815401921,0.41009765219834826,-0.2621249985074516,0.013573050403589044,-0.04355587322715045,0.0,0.0,0.0,0.0,0.0,0.0,-0.2621249985074516,0.013573050403589044,-0.04355587322715045,0.10484999940298063
11,6,COMPOSITE_Q,1.272741453334292,0.3991980085640139,0.6687369671573374,0.06661274292421326,0.11102920626143556,0.0,0.0,0.0,0.0,0.0,0.0,0.6687369671573374,0.06661274292421326,0.11102920626143556,0.267494786862935
11,7,COMPOSITE_Q,0.6459882637279001,0.2851585060090443,-0.5501078622772012,-0.006851713234452845,0.027001373690958144,0.0,0.0,0.0,0.0,0.0,0.0,-0.5501078622772012,-0.006851713234452845,0.027001373690958144,0.22004314491088048
11,8,COMPOSITE_Q,1.2449340535333122,0.3092742051433763,0.6061574969609794,0.08130056612142887,-0.05313683355693396,0.0,0.0,0.0,0.0,0.0,0.0,0.6061574969609794,0.08130056612142887,-0.05313683355693396,0.24246299878439176
11,9,COMPOSITE_Q,1.1154207707546422,0.296088785446426,-0.5459908973247867,-0.05397511486750471,-0.42989771335393945,0.0,0.0,0.0,0.0,0.0,0.0,-0.5459908973247867,-0.05397511486750471,-0.42989771335393945,0.42989771335393945
11,10,COMPOSITE_Q,0.6284121350755947,0.17156626713607973,0.6002272214664314,0.00390058006300441,0.2575416272362777,0.0,0.0,0.0,0.0,0.0,0.0,0.6002272214664314,0.00390058006300441,0.2575416272362777,0.2575416272362777
11,1,COMPOSITE_Q_PLUS_RF,0.7675555365584519,0.11702943146096109,-0.2137075104615834,-0.06038061754090346,-0.42188869267917045,-4.20108747038058e-10,-6.104510902024645e-11,-6.164035193240604e-07,-4.2010875334064224e-10,-6.104510646975925e-11,-6.164035193378936e-07,-0.21370751088169215,-0.060380617601948565,-0.4218893090826898,0.4218893090826898
11,2,COMPOSITE_Q_PLUS_RF,0.5918718327225211,0.12409456200362806,0.03719462358885123,0.05062306132231177,0.2407422714528095,-3.891059368434883e-07,4.963138042769665e-09,1.376370446706657e-05,-3.891059368460459e-07,4.963138039437709e-09,1.3763704467067983e-05,0.03719423448291438,0.05062306628544981,0.24075603515727656,0.24075603515727656
11,3,COMPOSITE_Q_PLUS_RF,0.6368539026763194,0.15508969864043567,0.053666050064468195,0.05147495856287241,-0.04411386604257566,1.4813589039497445e-08,-4.7920498906369706e-11,2.320213318482611e-06,1.4813589042927955e-08,-4.79205009007444e-11,2.3202133184810347e-06,0.05366606487805724,0.05147495851495191,-0.04411154582925718,0.04411154582925718
11,4,COMPOSITE_Q_PLUS_RF,0.7231217601438783,0.2656448711381299,0.04077568428679885,-0.054614660388278974,0.39127169250769106,9.177965196624177e-08,-7.842428606966238e-11,3.62875574685663e-06,9.177965196865978e-08,-7.842428789706091e-11,3.6287557468317466e-06,0.04077577606645082,-0.05461466046670326,0.3912753212634379,0.3912753212634379
11,5,COMPOSITE_Q_PLUS_RF,0.6409022382063949,0.41009788072366493,-0.2621238197412386,0.013573055188037243,-0.04357762947924931,6.236114624945601e-07,1.4192369947754522e-09,-1.6116007335673504e-05,6.236114624691425e-07,1.4192369952870099e-09,-1.6116007335670313e-05,-0.26212319612977614,0.013573056607274238,-0.04359374548658498,0.10484927845191046
11,6,COMPOSITE_Q_PLUS_RF,1.2727423983152932,0.3991986271024167,0.6687368420564868,0.06661274846294131,0.11103816912720724,-1.5931603886580304e-06,-1.214167778938674e-08,-4.754415356490275e-06,-1.593160388613235e-06,-1.2141677788179983e-08,-4.754415356494901e-06,0.6687352488960981,0.06661273632126352,0.11103341471185074,0.2674940995584393
11,7,COMPOSITE_Q_PLUS_RF,0.6459850920102717,0.2851586645165325,-0.550106757617157,-0.006851707797783242,0.027007977411822173,8.539178706140408e-07,-7.655068799538425e-11,-1.1275085786013568e-05,8.53917870635712e-07,-7.655068766376782e-11,-1.1275085786015271e-05,-0.5501059036992864,-0.006851707874333929,0.026996702326036157,0.22004236147971454
11,8,COMPOSITE_Q_PLUS_RF,1.2449346081019295,0.3092746071714803,0.6061573052966555,0.08130056103731693,-0.05313238514204811,8.028401848334772e-08,-3.332146466864184e-08,-1.4070344686321163e-06,8.028401843329647e-08,-3.332146467083241e-08,-1.4070344686312186e-06,0.6061573855806739,0.08130052771585226,-0.05313379217651674,0.24246295423226955
11,9,COMPOSITE_Q_PLUS_RF,1.1154179871773735,0.2960903609648766,-0.5459907799317192,-0.053975080425161547,-0.4298959106783729,5.185067615131428e-06,-7.530193640586844e-11,-7.78657844601417e-05,5.1850676151543595e-06,-7.530193829596854e-11,-7.786578446011827e-05,-0.545985594864104,-0.053975080500463485,-0.429973776462833,0.429973776462833
11,10,COMPOSITE_Q_PLUS_RF,0.6284423379844003,0.1715688468602849,0.600223695857129,0.0039010392648728925,0.25762323822423805,4.3474666431826075e-08,3.144881368142528e-11,-1.1680558994958998e-06,4.347466642240505e-08,3.1448813605367e-11,-1.1680558995030843e-06,0.6002237393317954,0.003901039296321706,0.25762207016833855,0.25762207016833855
11,1,COMPOSITE_Q_PLUS_GB,0.7675555365584519,0.11702945355358485,-0.2137075104615834,-0.06038061754090346,-0.42188869267917045,-9.778758711618979e-08,-6.186726965262705e-10,4.07095867750439e-06,-9.778758711109781e-08,-6.186726964063638e-10,4.070958677493408e-06,-0.2137076082491705,-0.060380618159576155,-0.42188462172049296,0.42188462172049296
11,2,COMPOSITE_Q_PLUS_GB,0.5918714481184559,0.12409327697557546,0.03718307053335721,0.05062306453493498,0.24075408297504483,-3.409162502343911e-07,8.984283758231641e-10,8.502003173923917e-06,-3.409162502368557e-07,8.984283733637355e-10,8.502003173926909e-06,0.037182729617106974,0.050623065433363354,0.24076258497821876,0.24076258497821876
11,3,COMPOSITE_Q_PLUS_GB,0.6368582446054747,0.1550902739522681,0.053677270987571676,0.05147492161479426,-0.044124647288038166,-9.80797965668302e-08,-5.321230252148478e-11,4.692872765257803e-06,-9.807979656911714e-08,-5.3212302619787266e-11,4.692872765256484e-06,0.05367717290777511,0.051474921561581954,-0.04411995441527291,0.04411995441527291
11,4,COMPOSITE_Q_PLUS_GB,0.7231215482350282,0.26564389096617774,0.04077630673271425,-0.05461466097500618,0.39126452328563466,-2.163284294906103e-07,-3.478858589064981e-10,3.7634242759478107e-06,-2.1632842948926534e-07,-3.478858590089118e-10,3.763424275937677e-06,0.04077609040428476,-0.05461466132289204,0.3912682867099106,0.3912682867099106
11,5,COMPOSITE_Q_PLUS_GB,0.6409020082313616,0.41009947073881464,-0.26213104218361544,0.013573057854034298,-0.04356606005204041,-1.960076326220227e-07,5.821737010016066e-10,4.128551073923802e-06,-1.960076326246174e-07,5.821737016076245e-10,4.128551073921682e-06,-0.26213123819124806,0.013573058436208,-0.04356193150096649,0.10485249527649923
11,6,COMPOSITE_Q_PLUS_GB,1.2727442717538706,0.3991992251289209,0.6687446201493089,0.06661272765405371,0.11101032105602633,-4.3045905952183745e-06,1.1047858709753532e-08,8.334312782761141e-07,-4.304590595194391e-06,1.104785871119951e-08,8.334312782826148e-07,0.6687403155587137,0.06661273870191242,0.11101115448730461,0.2674961262234855
11,7,COMPOSITE_Q_PLUS_GB,0.645985012993182,0.2851588647878136,-0.550103807819551,-0.006851726329022685,0.027002790509738424,5.42749606095243e-07,1.6713306996820326e-11,-1.5687513704114353e-05,5.42749606147197e-07,1.6713306953686224e-11,-1.568751370411431e-05,-0.5501032650699449,-0.006851726312309378,0.02698710299603431,0.22004130602797795
11,8,COMPOSITE_Q_PLUS_GB,1.2449351495807668,0.3092756944695904,0.6061570909959139,0.08130056380164158,-0.053122742315705025,-9.075933104523583e-07,-4.023076227177846e-10,6.565023342241929e-06,-9.075933105062717e-07,-4.02307617775044e-10,6.565023342244847e-06,0.6061561834026034,0.08130056339933396,-0.05311617729236278,0.24246247336104135
11,9,COMPOSITE_Q_PLUS_GB,1.1154229355817389,0.2961053250916447,-0.5459893937468292,-0.05397510623313646,-0.42990453916434823,-4.384422525317543e-06,-6.186726965262705e-10,6.40286636967398e-05,-4.384422525371967e-06,-6.186726964063638e-10,6.402866369675797e-05,-0.5459937781693546,-0.05397510685180916,-0.4298405105006515,0.4298405105006515
11,10,COMPOSITE_Q_PLUS_GB,0.6283883702636235,0.17156777392332279,0.6002399684663693,0.0039006427687840062,0.2574327434622878,-5.739922128092442e-07,1.3512132520256832e-10,-3.2890430503464694e-06,-5.739922127601105e-07,1.351213251531147e-10,-3.2890430503584867e-06,0.6002393944741565,0.0039006429039053314,0.2574294544192374,0.2574294544192374
12,1,COMPOSITE_Q,0.9965783710140762,0.1332867361002301,-0.613071516680071,-0.051084127114511664,-0.4088482692199774,0.0,0.0,0.0,0.0,0.0,0.0,-0.613071516680071,-0.051084127114511664,-0.4088482692199774,0.4088482692199774
12,2,COMPOSITE_Q,0.9441479961969439,0.06012699057013258,-0.23309283419727114,0.08278374251722163,0.0654214652444701,0.0,0.0,0.0,0.0,0.0,0.0,-0.23309283419727114,0.08278374251722163,0.0654214652444701,0.09323713367890846
12,3,COMPOSITE_Q,0.2748746963247408,0.07084604440589626,-0.246773477972974,-0.009095257397424988,0.07972292367618786,0.0,0.0,0.0,0.0,0.0,0.0,-0.246773477972974,-0.009095257397424988,0.07972292367618786,0.0987093911891896
12,4,COMPOSITE_Q,0.7094038289237207,0.1058876231562411,0.5023643705238876,-0.03890745084286364,-0.21980115399810377,0.0,0.0,0.0,0.0,0.0,0.0,0.5023643705238876,-0.03890745084286364,-0.21980115399810377,0.21980115399810377
12,5,COMPOSITE_Q,0.950567306893085,0.28467329648906226,-0.6563514159184902,0.03982254953640617,-0.16021317860856799,0.0,0.0,0.0,0.0,0.0,0.0,-0.6563514159184902,0.03982254953640617,-0.16021317860856799,0.2625405663673961
12,6,COMPOSITE_Q,1.2440936331105545,0.3938429247343158,-0.5939640058765939,-0.07060057422003717,-0.14477885809297314,0.0,0.0,0.0,0.0,0.0,0.0,-0.5939640058765939,-0.07060057422003717,-0.14477885809297314,0.23758560235063758
12,7,COMPOSITE_Q,1.0071859414908182,0.4833233720772961,0.05587121603388078,0.05502691801109171,-0.2443800330189849,0.0,0.0,0.0,0.0,0.0,0.0,0.05587121603388078,0.05502691801109171,-0.2443800330189849,0.2443800330189849
12,8,COMPOSITE_Q,0.8295540104688846,0.40686126781477094,-0.3796654997036228,0.03961122143863235,-0.03242734457663977,0.0,0.0,0.0,0.0,0.0,0.0,-0.3796654997036228,0.03961122143863235,-0.03242734457663977,0.15186619988144912
12,9,COMPOSITE_Q,1.211714977090774,0.3314386382263239,0.06510031842339685,0.0893017235922172,0.3038365945923604,0.0,0.0,0.0,0.0,0.0,0.0,0.06510031842339685,0.0893017235922172,0.3038365945923604,0.3038365945923604
12,10,COMPOSITE_Q,0.534173445776164,0.3702656871597089,-0.24713155426212774,-0.012124472476815229,0.22631676522344388,0.0,0.0,0.0,0.0,0.0,0.0,-0.24713155426212774,-0.012124472476815229,0.22631676522344388,0.22631676522344388
12,1,COMPOSITE_Q_PLUS_RF,0.9965783710140762,0.13328677827334207,-0.613071516680071,-0.051084127114511664,-0.4088482692199774,5.1456209568950365e-06,1.2490710691030086e-09,-0.00010269711761650189,5.145620956881203e-06,1.2490710687984574e-09,-0.00010269711761651257,-0.6130663710591141,-0.051084125865440595,-0.4089509663375939,0.4089509663375939
12,2,COMPOSITE_Q_PLUS_RF,0.9441435832952835,0.060126885498719876,-0.23309775518238254,0.08278372290071015,0.06552567444745794,-2.5523202565224968e-09,-7.581364325899571e-11,7.057327131968834e-07,-2.5523202440425052e-09,-7.581364702691218e-11,7.057327131992919e-07,-0.2330977577347028,0.0827837228248965,0.06552638018017114,0.09323910309388111
12,3,COMPOSITE_Q_PLUS_RF,0.27487504468724533,0.07084613627122516,-0.2467782834262065,-0.009095262106495007,0.07979880115029579,7.478705030579667e-12,-2.4642088649937348e-11,-6.851232233927188e-11,7.478712094055595e-12,-2.4642088716775312e-11,-6.851232081661607e-11,-0.2467782834187278,-0.009095262131137096,0.07979880108178347,0.09871131336749112
12,4,COMPOSITE_Q_PLUS_RF,0.7093980039439581,0.10588474494108295,0.5023176874424533,-0.03890744305233391,-0.21897184924442167,-1.472537360517858e-06,-3.827638539456813e-11,1.2296516812229504e-05,-1.472537360491799e-06,-3.8276382063884284e-11,1.2296516812226876e-05,0.5023162149050928,-0.03890744309061029,-0.21895955272760945,0.21895955272760945
12,5,COMPOSITE_Q_PLUS_RF,0.9506488673775879,0.28467351292354814,-0.6562926884324896,0.03982261193946566,-0.1612530576747798,-4.337668635256542e-07,-8.458615521406249e-11,-1.5897729916199987e-06,-4.3376686353902016e-07,-8.45861575227147e-11,-1.589772991611449e-06,-0.6562931221993531,0.0398226118548795,-0.1612546474477714,0.26251724887974126
12,6,COMPOSITE_Q_PLUS_RF,1.2440767496516407,0.3938429864299834,-0.5939744051067225,-0.07060058681687356,-0.1445971593879468,2.128256264908902e-06,-7.673784849565686e-11,-3.94806483016686e-05,2.1282562648883285e-06,-7.673785218376139e-11,-3.948064830167075e-05,-0.5939722768504576,-0.07060058689361141,-0.14463664003624846,0.23758891074018304
12,7,COMPOSITE_Q_PLUS_RF,1.0071861164722198,0.4833235681876554,0.056113753005224455,0.055026823616024345,-0.24851458172217064,-1.1413841174150926e-08,-9.044479628788854e-11,2.9956877445180474e-06,-1.1413841170815342e-08,-9.044479748476775e-11,2.9956877445058705e-06,0.056113741591383284,0.05502682352557955,-0.24851158603442614,0.24851158603442614
12,8,COMPOSITE_Q_PLUS_RF,0.8294503888253904,0.40685729310639296,-0.3799382589821234,0.039610933672625484,-0.02799817650121125,-8.75501500114437e-08,-7.424389071409638e-11,2.273471879737777e-06,-8.755015001860045e-08,-7.424388881460686e-11,2.2734718797372266e-06,-0.37993834653227343,0.039610933598381595,-0.027995903029331512,0.15197533861290938
12,9,COMPOSITE_Q_PLUS_RF,1.2117143962760597,0.3314386661326185,0.0651322077918517,0.08930162071696071,0.3035688255210986,-2.7458755017953724e-07,-5.7975810963149464e-09,8.960714267887137e-08,-2.745875501836137e-07,-5.7975810957566765e-09,8.96071427058942e-08,0.06513193320430152,0.08930161491937962,0.3035689151282413,0.3035689151282413
12,10,COMPOSITE_Q_PLUS_RF,0.5341732448422103,0.37027359467830273,-0.2471279138899394,-0.012124476024068244,0.22630874161225983,1.8854866882546109e-06,3.962282862658354e-09,-3.1472872361175924e-05,1.8854866882522803e-06,3.962282862923772e-09,-3.14728723611879e-05,-0.24712602840325115,-0.012124472061785381,0.22627726873989865,0.22627726873989865
12,1,COMPOSITE_Q_PLUS_GB,0.9965783710140762,0.13328734536866843,-0.613071516680071,-0.051084127114511664,-0.4088482692199774,4.458403013531196e-05,-6.186726965262705e-10,-0.0009502172951179609,4.4584030135297326e-05,-6.186726964063638e-10,-0.000950217295117961,-0.6130269326499357,-0.05108412773318436,-0.4097984865150954,0.4097984865150954
12,2,COMPOSITE_Q_PLUS_GB,0.9441059826073127,0.06012838148881187,-0.233110983207614,0.08278366719907766,0.06572955975935825,-6.531289455310706e-08,-3.239991401412568e-10,4.692872765257803e-06,-6.531289456490619e-08,-3.239991469561332e-10,4.692872765263423e-06,-0.23311104852050857,0.08278366687507852,0.06573425263212351,0.09324441940820342
12,3,COMPOSITE_Q_PLUS_GB,0.2747917307869429,0.07084609060101005,-0.2468018824626616,-0.009095413646905763,0.08039407994515081,1.602553231921391e-07,2.3382320903575266e-09,-9.117422477999157e-07,1.6025532317831548e-07,2.3382320905873666e-09,-9.117422477972204e-07,-0.24680172220733843,-0.009095411308673673,0.08039316820290301,0.09872068888293536
12,4,COMPOSITE_Q_PLUS_GB,0.7094037685456294,0.10588460711046147,0.5023129163012059,-0.038907467162297246,-0.21889026149961455,-2.5067807171559557e-07,1.80623951571461e-09,2.0305898345833912e-06,-2.5067807174483647e-07,1.8062395190643343e-09,2.03058983458404e-06,0.5023126656231341,-0.03890746535605773,-0.21888823090977996,0.21888823090977996
12,5,COMPOSITE_Q_PLUS_GB,0.9506491265166702,0.2846733348282894,-0.6563484983460987,0.0398226346329616,-0.16032817364891905,3.4626090836351323e-07,-6.186726965262705e-10,-7.979846409507032e-06,3.462609083904056e-07,-6.186726964063638e-10,-7.9798464095171e-06,-0.6563481520851903,0.039822634014288906,-0.16033615349532856,0.2625392608340761
12,6,COMPOSITE_Q_PLUS_GB,1.2441852606109838,0.3938429921000346,-0.5939069755250684,-0.07060048810827065,-0.14572913276855648,5.270852838120126e-07,-6.186726965262705e-10,-1.2638140110367793e-05,5.27085283863471e-07,-6.186726964063638e-10,-1.2638140110377005e-05,-0.5939064484397846,-0.07060048872694334,-0.14574177090866686,0.23756257937591382
12,7,COMPOSITE_Q_PLUS_GB,1.0071802955474127,0.48332344763143265,0.05584884020112389,0.05502693664311162,-0.24399074616988378,-1.0381489890949113e-07,-3.9834443230960043e-10,3.4645572578194554e-06,-1.0381489890659568e-07,-3.9834443382735785e-10,3.4645572578317907e-06,0.055848736386224986,0.055026936244767184,-0.24398728161262595,0.24398728161262595
12,8,COMPOSITE_Q_PLUS_GB,0.8295590203906181,0.4068568988013531,-0.3796746779676373,0.03961124414809727,-0.032558836580996155,3.7029897941222725e-08,-3.239991401412568e-10,4.016747197891571e-06,3.7029897925755506e-08,-3.239991400172393e-10,4.016747197889414e-06,-0.3796746409377394,0.03961124382409813,-0.032554819833798265,0.15186985637509576
12,9,COMPOSITE_Q_PLUS_GB,1.2117202056702032,0.33143869098544537,0.06512012063218915,0.08930165585859542,0.30377078085215553,-5.927357961194063e-07,1.5254621113966797e-09,5.596087486129202e-06,-5.927357961260649e-07,1.525462117735188e-09,5.596087486126056e-06,0.06511952789639303,0.08930165738405754,0.30377637693964166,0.30377637693964166
12,10,COMPOSITE_Q_PLUS_GB,0.5341734087510117,0.37026615451874806,-0.24713140147451934,-0.012124482544290533,0.2263227399472926,7.145126845928965e-07,1.4153764674420245e-09,-1.5256893686857193e-05,7.145126846019867e-07,1.4153764670704616e-09,-1.525689368686578e-05,-0.24713068696183474,-0.012124481128914066,0.22630748305360573,0.22630748305360573
13,1,COMPOSITE_Q,0.7708628556319334,0.17365032685395826,-0.4262755620958551,-0.04682403323900047,-0.025490079234608675,0.0,0.0,0.0,0.0,0.0,0.0,-0.4262755620958551,-0.04682403323900047,-0.025490079234608675,0.17051022483834205
13,2,COMPOSITE_Q,0.6604032301040477,0.17979918949029405,-0.23482671340259345,-0.051248656324829486,0.20880955746577878,0.0,0.0,0.0,0.0,0.0,0.0,-0.23482671340259345,-0.051248656324829486,0.20880955746577878,0.20880955746577878
13,3,COMPOSITE_Q,0.6214821512344915,0.3292022841774695,0.21810535393451735,-0.038530561910531655,-0.39293355980924355,0.0,0.0,0.0,0.0,0.0,0.0,0.21810535393451735,-0.038530561910531655,-0.39293355980924355,0.39293355980924355
13,4,COMPOSITE_Q,0.3924026508788109,0.26896051785785846,0.0616323605154947,0.00985875164351675,0.11538098733816561,0.0,0.0,0.0,0.0,0.0,0.0,0.0616323605154947,0.00985875164351675,0.11538098733816561,0.11538098733816561
13,5,COMPOSITE_Q,0.6372889745299716,0.2631355893934794,0.3366313429995826,-0.027667595226497452,0.1378574555595083,0.0,0.0,0.0,0.0,0.0,0.0,0.3366313429995826,-0.027667595226497452,0.1378574555595083,0.1378574555595083
13,6,COMPOSITE_Q,1.0440105985152321,0.1559481536332205,-0.4689789534211228,0.06710762301881135,0.22122667105400293,0.0,0.0,0.0,0.0,0.0,0.0,-0.4689789534211228,0.06710762301881135,0.22122667105400293,0.22122667105400293
13,7,COMPOSITE_Q,0.7204776442117875,0.2778124219518156,-0.18942156189896867,-0.051659402153765896,0.24854567813575287,0.0,0.0,0.0,0.0,0.0,0.0,-0.18942156189896867,-0.051659402153765896,0.24854567813575287,0.24854567813575287
13,8,COMPOSITE_Q,0.3289262935340624,0.15927626900533523,0.0004490795144213909,0.01792048765198885,-0.0843569912726674,0.0,0.0,0.0,0.0,0.0,0.0,0.0004490795144213909,0.01792048765198885,-0.0843569912726674,0.0843569912726674
13,9,COMPOSITE_Q,0.49028348024090523,0.08473768060131671,-0.3735486934474588,-0.024051851501289356,0.21863314381916968,0.0,0.0,0.0,0.0,0.0,0.0,-0.3735486934474588,-0.024051851501289356,0.21863314381916968,0.21863314381916968
13,10,COMPOSITE_Q,0.8240739199318339,0.15028203721682815,0.10562960760453302,-0.07469310237747212,-0.38303422696052986,0.0,0.0,0.0,0.0,0.0,0.0,0.10562960760453302,-0.07469310237747212,-0.38303422696052986,0.38303422696052986
13,1,COMPOSITE_Q_PLUS_RF,0.7708628556319334,0.17365032830306645,-0.4262755620958551,-0.04682403323900047,-0.025490079234608675,3.921916970992171e-09,-6.82363637538839e-11,3.0674073480815844e-09,3.921916957860816e-09,-6.823636100605768e-11,3.0674073489556086e-09,-0.42627555817393814,-0.046824033307236834,-0.025490076167201326,0.17051022326957527
13,2,COMPOSITE_Q_PLUS_RF,0.660403231548626,0.17979942909877122,-0.23482709000334132,-0.05124865174681252,0.20882513386909696,4.156678149797948e-08,5.862767205807888e-09,-2.0246168362471252e-07,4.1566781489033033e-08,5.862767209208197e-09,-2.024616836127091e-07,-0.23482704843655983,-0.05124864588404531,0.20882493140741334,0.20882493140741334
13,3,COMPOSITE_Q_PLUS_RF,0.6214823846617662,0.32920199666486727,0.2181061258084606,-0.03853056691088583,-0.3929627882309337,3.329957020368312e-07,-6.422678236756968e-11,-8.160751340321573e-06,3.329957020403729e-07,-6.422678361373002e-11,-8.160751340302586e-06,0.21810645880416263,-0.03853056697511261,-0.392970948982274,0.392970948982274
13,4,COMPOSITE_Q_PLUS_RF,0.39240931875952834,0.26895916034620326,0.06162617982005148,0.009858775537765974,0.11542468500577516,2.2580602559538673e-08,-5.016427548921284e-11,-1.7351964397531582e-06,2.2580602561383945e-08,-5.016427551129965e-11,-1.7351964397560593e-06,0.06162620240065404,0.009858775487601699,0.1154229498093354,0.1154229498093354
13,5,COMPOSITE_Q_PLUS_RF,0.6372896944998724,0.2630556488210108,0.3369737914988288,-0.027667519396473987,0.13713375552225016,-2.2317031209005583e-07,-8.276991129548034e-11,3.382326560552299e-06,-2.2317031206364746e-07,-8.276991245170784e-11,3.3823265605525954e-06,0.3369735683285167,-0.0276675194792439,0.1371371378488107,0.1371371378488107
13,6,COMPOSITE_Q_PLUS_RF,1.0441460305154524,0.15594813073975972,-0.4693063201015087,0.06710683567122681,0.22192256858670237,2.25651310023269e-07,-9.405367907365235e-11,-5.728001449624461e-06,2.256513100262758e-07,-9.405368150972038e-11,-5.728001449628595e-06,-0.46930609445019866,0.06710683557717313,0.22191684058525274,0.22191684058525274
13,7,COMPOSITE_Q_PLUS_RF,0.7204774421824173,0.2778123505674975,-0.1894219201935007,-0.05165940033130064,0.24855697149023812,1.1024417306204753e-07,-6.937351517927709e-11,-1.624367033169485e-06,1.1024417306826351e-07,-6.93735138779239e-11,-1.6243670331594906e-06,-0.18942180994932764,-0.051659400400674155,0.24855534712320496,0.24855534712320496
13,8,COMPOSITE_Q_PLUS_RF,0.32892667477665377,0.15927691214415038,0.0004200077043210034,0.01792048745791038,-0.08384727203309125,-1.3674884039490352e-07,-3.050183045252388e-11,1.5467833792305144e-06,-1.367488403948851e-07,-3.0501830228235605e-11,1.5467833792276453e-06,0.0004198709554806085,0.01792048742740855,-0.08384572524971202,0.08384572524971202
13,9,COMPOSITE_Q_PLUS_RF,0.4903228598252417,0.08473766740126405,-0.3735200104062822,-0.0240518948752689,0.21811865646248393,9.417492809873715e-08,6.698558166828332e-09,-2.5496126529470853e-07,9.417492807806127e-08,6.6985581664846805e-09,-2.549612652946731e-07,-0.3735199162313541,-0.024051888176710733,0.21811840150121864,0.21811840150121864
13,10,COMPOSITE_Q_PLUS_RF,0.8240740020466595,0.15028221964924784,0.10562972310403014,-0.07469311776359758,-0.3830334009051965,7.473113927626734e-08,-6.627570059225349e-11,1.6216006977430452e-06,7.473113927680686e-08,-6.627570714456965e-11,1.621600697720993e-06,0.10562979783516942,-0.07469311782987328,-0.3830317793044988,0.3830317793044988
13,1,COMPOSITE_Q_PLUS_GB,0.7708628556319334,0.1736503888082025,-0.4262755620958551,-0.04682403323900047,-0.025490079234608675,-6.531289455310706e-08,-6.186726965262705e-10,4.245324902392275e-06,-6.531289453715061e-08,-6.186726964063638e-10,4.245324902393127e-06,-0.42627562740874964,-0.04682403385767317,-0.025485833909706282,0.17051025096349987
13,2,COMPOSITE_Q_PLUS_GB,0.660403350542786,0.17979917131403292,-0.23482636220315295,-0.05124865068711224,0.20879943269424878,-1.356791017931993e-07,-3.478858589064981e-10,3.693134962320164e-06,-1.3567910178702292e-07,-3.478858590089118e-10,3.6931349623181564e-06,-0.23482649788225474,-0.0512486510349981,0.2088031258292111,0.2088031258292111
13,3,COMPOSITE_Q_PLUS_GB,0.6214821207522134,0.3292029498642374,0.21810633938148008,-0.038530563699633535,-0.3929547441033037,3.063304232941593e-07,-3.9834443230960043e-10,-4.553168406796117e-06,3.06330423305301e-07,-3.9834443382735785e-10,-4.553168406806751e-06,0.21810664571190339,-0.03853056409797797,-0.39295929727171053,0.39295929727171053
13,4,COMPOSITE_Q_PLUS_GB,0.392410930930313,0.2689597363343457,0.06162551217692029,0.009858776458922846,0.11542582449020494,4.7575943259795626e-07,1.7737449018589739e-09,-9.661099039942896e-06,4.7575943259992037e-07,1.7737449026916652e-09,-9.66109903993706e-06,0.06162598793635289,0.009858778232667748,0.115416163391165,0.115416163391165
13,5,COMPOSITE_Q_PLUS_GB,0.6372913518414285,0.2630568461330851,0.3369745066588771,-0.027667522984232737,0.1371447758938561,-2.6866490988909787e-07,-6.691312699293728e-10,7.517911784277254e-06,-2.686649098748717e-07,-6.691312712248099e-10,7.517911784271636e-06,0.33697423799396725,-0.027667523653364008,0.13715229380564037,0.13715229380564037
13,6,COMPOSITE_Q_PLUS_GB,1.0441471177991546,0.1559482517897428,-0.4693077878413759,0.06710683399468145,0.22192105276960844,6.355223237235881e-07,-6.186726965262705e-10,-1.4259802154548448e-05,6.355223237108909e-07,-6.186726964063638e-10,-1.4259802154553691e-05,-0.4693071523190522,0.06710683337600876,0.2219067929674539,0.2219067929674539
13,7,COMPOSITE_Q_PLUS_GB,0.7204772669590026,0.2778123230146669,-0.18942287750047154,-0.05165940205437007,0.2485795647599781,-7.241138401115999e-08,-3.478858589064981e-10,-1.082293632646508e-06,-7.241138400004843e-08,-3.478858590089118e-10,-1.0822936326593258e-06,-0.18942294991185554,-0.05165940240225593,0.24857848246634545,0.24857848246634545
13,8,COMPOSITE_Q_PLUS_GB,0.3289271425485702,0.15927629194057383,0.0004508132381979285,0.017920491654914498,-0.08438555914617399,-2.8287756816835105e-07,1.99309996056941e-09,5.711165524768092e-06,-2.828775681683565e-07,1.993099959379796e-09,5.7111655247660265e-06,0.00045053036062976014,0.017920493648014457,-0.08437984798064922,0.08437984798064922
13,9,COMPOSITE_Q_PLUS_GB,0.4902838605388394,0.08473767600380867,-0.37354854803379683,-0.02405185029609277,0.2186343114122027,2.1775895358435493e-07,1.7700413318763276e-09,-2.625094252521748e-06,2.1775895359121833e-07,1.7700413322552233e-09,-2.625094252528548e-06,-0.37354833027484324,-0.02405184852605144,0.21863168631795016,0.21863168631795016
13,10,COMPOSITE_Q_PLUS_GB,0.8240743295532341,0.15028362767775352,0.10563024548293358,-0.07469311417008855,-0.38303935608425765,1.0753341267899479e-07,-6.186726965262705e-10,-5.786202712352019e-06,1.0753341267433214e-07,-6.186726964063638e-10,-5.786202712354527e-06,0.10563035301634625,-0.07469311478876124,-0.38304514228697,0.38304514228697
14,1,COMPOSITE_Q,1.0441217531730531,0.0885166700751007,-0.46620123831805454,0.07109219683135558,-0.3242461730602184,0.0,0.0,0.0,0.0,0.0,0.0,-0.46620123831805454,0.07109219683135558,-0.3242461730602184,0.3242461730602184
14,2,COMPOSITE_Q,1.0416443247504483,0.16791202420880044,0.3713236302965722,-0.06895290829741738,0.025875414135730277,0.0,0.0,0.0,0.0,0.0,0.0,0.3713236302965722,-0.06895290829741738,0.025875414135730277,0.1485294521186289
14,3,COMPOSITE_Q,0.9739424891984951,0.24706992218898066,-0.4972380562083407,-0.062367026112717446,-0.1550169506759524,0.0,0.0,0.0,0.0,0.0,0.0,-0.4972380562083407,-0.062367026112717446,-0.1550169506759524,0.1988952224833363
14,4,COMPOSITE_Q,0.5663647607091677,0.3061317919863017,-0.1808706831616248,0.02569455872502681,-0.11375500223296872,0.0,0.0,0.0,0.0,0.0,0.0,-0.1808706831616248,0.02569455872502681,-0.11375500223296872,0.11375500223296872
14,5,COMPOSITE_Q,1.4782875255023138,0.20975435542801119,0.6749213332829153,0.08625601472362752,0.16647100980388532,0.0,0.0,0.0,0.0,0.0,0.0,0.6749213332829153,0.08625601472362752,0.16647100980388532,0.2699685333131661
14,6,COMPOSITE_Q,0.9872152170333413,0.2081368964853288,-0.32283333095290606,0.07948440496559075,0.11839139422715196,0.0,0.0,0.0,0.0,0.0,0.0,-0.32283333095290606,0.07948440496559075,0.11839139422715196,0.12913333238116242
14,7,COMPOSITE_Q,0.9314853599033452,0.28802289121345925,-0.0585429659397935,0.07408462656225029,-0.12564911437213047,0.0,0.0,0.0,0.0,0.0,0.0,-0.0585429659397935,0.07408462656225029,-0.12564911437213047,0.12564911437213047
14,8,COMPOSITE_Q,0.913851121280666,0.4020316346061254,-0.2736015555421315,-0.05420968191598144,0.03859665126119261,0.0,0.0,0.0,0.0,0.0,0.0,-0.2736015555421315,-0.05420968191598144,0.03859665126119261,0.1094406222168526
14,9,COMPOSITE_Q,0.4891182911542465,0.29078253702772733,0.1488751936782827,0.0016486662810063888,0.3428619206841374,0.0,0.0,0.0,0.0,0.0,0.0,0.1488751936782827,0.0016486662810063888,0.3428619206841374,0.3428619206841374
14,10,COMPOSITE_Q,0.2314930179959846,0.13030838583698745,-0.21611851304125423,-0.005580075176092585,0.3326148692552501,0.0,0.0,0.0,0.0,0.0,0.0,-0.21611851304125423,-0.005580075176092585,0.3326148692552501,0.3326148692552501
14,1,COMPOSITE_Q_PLUS_RF,1.0441217531730531,0.08851665792524496,-0.46620123831805454,0.07109219683135558,-0.3242461730602184,1.8635569104468614e-07,-8.104700985307247e-11,-2.120432195871334e-06,1.8635569104530347e-07,-8.104701632039024e-11,-2.1204321958845362e-06,-0.4662010519623635,0.07109219675030856,-0.3242482934924143,0.3242482934924143
14,2,COMPOSITE_Q_PLUS_RF,1.0416444667419822,0.16791428092215005,0.3712796837188815,-0.06895292023870124,0.026791447120330606,6.35544642915571e-06,-8.191120455956897e-08,-3.288191473050977e-05,6.35544642912933e-06,-8.191120455525169e-08,-3.288191473050858e-05,0.3712860391653106,-0.0689530021499058,0.026758565205600097,0.14851441566612425
14,3,COMPOSITE_Q_PLUS_RF,0.9740298115236317,0.24707003255022322,-0.4972026987248554,-0.062367033055651576,-0.1558731642533829,5.516360676659976e-07,-7.134628023926418e-11,-1.715168717124349e-05,5.516360676582899e-07,-7.134628304816815e-11,-1.7151687171229613e-05,-0.49720214708878774,-0.06236703312699786,-0.15589031594055414,0.1988808588355151
14,4,COMPOSITE_Q_PLUS_RF,0.5663656919015296,0.3061342061008362,-0.1808733042729068,0.025694095531730243,-0.11375405305911322,-4.635653130655391e-10,-3.900775310857491e-11,-3.3341062956227624e-08,-4.6356532501512504e-10,-3.900775188969696e-11,-3.334106295216355e-08,-0.18087330473647212,0.02569409549272249,-0.11375408640017617,0.11375408640017617
14,5,COMPOSITE_Q_PLUS_RF,1.4782920741343852,0.20976015412493057,0.6749249166767013,0.08625644308935826,0.16645468585241086,-1.8451441110087233e-06,-2.270717928099794e-07,-1.1845515425449104e-05,-1.8451441110567401e-06,-2.270717928132271e-07,-1.1845515425462638e-05,0.6749230715325902,0.08625621601756545,0.1664428403369854,0.26996922861303607
14,6,COMPOSITE_Q_PLUS_RF,0.9872156714856579,0.208136237134506,-0.3228367296216708,0.07948464657167822,0.11842797446998277,2.908325486647142e-07,-8.775176235256089e-11,5.373474353970585e-07,2.9083254865502894e-07,-8.775176418840402e-11,5.373474353947971e-07,-0.32283643878912216,0.07948464648392646,0.11842851181741816,0.12913457551564886
14,7,COMPOSITE_Q_PLUS_RF,0.9314869781409489,0.288022876194472,-0.05858103283885667,0.07408461915550099,-0.12514014349082064,-8.598730195224593e-12,-5.663453403685712e-11,7.431663408070788e-09,-8.598732836873069e-12,-5.663453039872479e-11,7.431663395784938e-09,-0.0585810328474554,0.07408461909886646,-0.12514013605915725,0.12514013605915725
14,8,COMPOSITE_Q_PLUS_RF,0.9138455551602328,0.40203157052967836,-0.27355985412795536,-0.0542097709132412,0.03808215552929557,1.2006030630142013e-08,-4.369226191858228e-11,-1.574885310653403e-10,1.2006030614131191e-08,-4.369226508371682e-11,-1.5748852916219747e-10,-0.27355984212192475,-0.05420977095693347,0.03808215537180704,0.1094239368487699
14,9,COMPOSITE_Q_PLUS_RF,0.48911125714354764,0.2908649318889153,0.14887576818770148,0.0016486819686756962,0.3428439851097509,2.899355814252326e-05,3.609040680935299e-08,-0.00030184319886084976,2.8993558142537124e-05,3.6090406809342196e-08,-0.00030184319886084054,0.14890476174584402,0.0016487180590825056,0.34254214191089005,0.34254214191089005
14,10,COMPOSITE_Q_PLUS_RF,0.2314969122136067,0.13030700399063452,-0.21547808310092498,-0.005580125956355637,0.32837570500459634,7.515564386858484e-08,2.9403138822107987e-09,-8.11653542986705e-08,7.515564387494678e-08,2.940313882128509e-09,-8.116535427094007e-08,-0.2154780079452811,-0.005580123016041755,0.32837562383924207,0.32837562383924207
14,1,COMPOSITE_Q_PLUS_GB,1.0441217531730531,0.08851674609510238,-0.46620123831805454,0.07109219683135558,-0.3242461730602184,1.1974418202400167e-07,-6.186726965262705e-10,-6.15464916637824e-06,1.1974418201443626e-07,-6.186726964063638e-10,-6.154649166367765e-06,-0.46620111857387253,0.07109219621268288,-0.3242523277093848,0.3242523277093848
14,2,COMPOSITE_Q_PLUS_GB,1.0416449976741033,0.16792092575810086,0.371316517971759,-0.06895290854460996,0.026027180696388152,8.003495013229684e-06,-9.856442369349883e-07,-4.3339257878945926e-05,8.003495013231277e-06,-9.856442369365892e-07,-4.333925787894724e-05,0.37132452146677225,-0.0689538941888469,0.025983841438509205,0.1485298085867089
14,3,COMPOSITE_Q_PLUS_GB,0.9739469505090766,0.24707026646524155,-0.4972458199649216,-0.062366045670721286,-0.15498459283466373,-1.0258480660999054e-07,-6.186726965262705e-10,6.8107707935074595e-06,-1.0258480659386393e-07,-6.186726964063638e-10,6.810770793508336e-06,-0.4972459225497282,-0.06236604628939398,-0.15497778206387022,0.19889836901989127
14,4,COMPOSITE_Q_PLUS_GB,0.5663736282885503,0.3061606647649227,-0.1808288995676864,0.02569924831277301,-0.11400307784054481,1.1409658400604507e-07,1.6788798707819387e-09,2.541154400359758e-06,1.140965840140673e-07,1.6788798719302722e-09,2.541154400362289e-06,-0.1808287854711024,0.025699249991652882,-0.11400053668614445,0.11400053668614445
14,5,COMPOSITE_Q_PLUS_GB,1.478232658079691,0.2097545696588304,0.6748904334776848,0.0862516151087725,0.16656674613350675,-6.413446032658418e-07,1.4244887718148993e-08,2.2626548888819915e-06,-6.41344603313776e-07,1.4244887713843468e-08,2.262654888868232e-06,0.6748897921330815,0.08625162935366021,0.16656900878839562,0.2699559168532326
14,6,COMPOSITE_Q_PLUS_GB,0.9872156752813589,0.2081361076050558,-0.32283831780513883,0.07948439133574152,0.11839922105409156,-4.4050949477747496e-07,-6.186726965262705e-10,4.07759691706169e-06,-4.405094947701471e-07,-6.186726964063638e-10,4.077596917062554e-06,-0.3228387583146336,0.07948439071706882,0.11840329865100863,0.12913550332585344
14,7,COMPOSITE_Q_PLUS_GB,0.9314866111641946,0.28802311775275025,-0.05846722677746829,0.07408459097330432,-0.12655206824382217,-5.037313047548735e-07,1.870594241184796e-09,4.869458305474402e-06,-5.037313047517866e-07,1.8705942350649707e-09,4.869458305467589e-06,-0.05846773050877304,0.07408459284389855,-0.1265471987855167,0.1265471987855167
14,8,COMPOSITE_Q_PLUS_GB,0.9138603002710303,0.402031579737963,-0.27367059725756915,-0.05420954138271163,0.03946376936051515,2.2499759956505228e-08,1.338243710472949e-09,2.516279016458982e-06,2.2499759944061282e-08,1.3382437102915645e-09,2.5162790164567905e-06,-0.2736705747578092,-0.05420954004446792,0.039466285639531605,0.10946822990312369
14,9,COMPOSITE_Q_PLUS_GB,0.48912316276333007,0.29078356824010243,0.14887066722944772,0.0016486507095771154,0.3429140325094487,-6.747261310963392e-07,3.890747253086008e-09,-1.512909281555576e-05,-6.747261311057517e-07,3.890747253022797e-09,-1.512909281553565e-05,0.14886999250331662,0.0016486546003243684,0.34289890341663315,0.34289890341663315
14,10,COMPOSITE_Q_PLUS_GB,0.2314916649989961,0.13030719412791827,-0.21539988192342321,-0.005580050885170014,0.32774146938542037,2.0572408840526254e-07,1.99309996056941e-09,-5.529718680389789e-06,2.0572408840346945e-07,1.9930999602471577e-09,-5.529718680397089e-06,-0.2153996761993348,-0.005580048892070054,0.32773593966674,0.32773593966674
15,1,COMPOSITE_Q,0.907038071042187,0.12859301926972588,-0.07862960462577283,-0.07948754929288114,-0.3883358717295216,0.0,0.0,0.0,0.0,0.0,0.0,-0.07862960462577283,-0.07948754929288114,-0.3883358717295216,0.3883358717295216
15,2,COMPOSITE_Q,0.26178824894005914,0.15174372223066537,0.2446544788685342,0.002042872424845547,-0.17628975480309061,0.0,0.0,0.0,0.0,0.0,0.0,0.2446544788685342,0.002042872424845547,-0.17628975480309061,0.17628975480309061
15,3,COMPOSITE_Q,0.549348165742488,0.16894653522476932,0.18597843574101214,0.03128252934789533,0.14135287264746654,0.0,0.0,0.0,0.0,0.0,0.0,0.18597843574101214,0.03128252934789533,0.14135287264746654,0.14135287264746654
15,4,COMPOSITE_Q,0.5427765687808987,0.17568600110144758,-0.21155594583602177,0.03720927434488939,-0.1258910181307703,0.0,0.0,0.0,0.0,0.0,0.0,-0.21155594583602177,0.03720927434488939,-0.1258910181307703,0.1258910181307703
15,5,COMPOSITE_Q,0.857721463935379,0.20583695033440905,-0.238666891493668,-0.06749449106887653,-0.04893140022795207,0.0,0.0,0.0,0.0,0.0,0.0,-0.238666891493668,-0.06749449106887653,-0.04893140022795207,0.0954667565974672
15,6,COMPOSITE_Q,0.44729857198667977,0.08786484513493112,0.022129761666733604,-0.025683485393434142,0.4478184634783761,0.0,0.0,0.0,0.0,0.0,0.0,0.022129761666733604,-0.025683485393434142,0.4478184634783761,0.4478184634783761
15,7,COMPOSITE_Q,0.5209532079450714,0.16003447571901636,-0.10891403196264128,0.04139859466693897,0.037266868692104424,0.0,0.0,0.0,0.0,0.0,0.0,-0.10891403196264128,0.04139859466693897,0.037266868692104424,0.04356561278505651
15,8,COMPOSITE_Q,1.1544922681677223,0.24323649544040982,-0.37013020654995155,-0.08616250309441036,0.09323150756176186,0.0,0.0,0.0,0.0,0.0,0.0,-0.37013020654995155,-0.08616250309441036,0.09323150756176186,0.14805208261998062
15,9,COMPOSITE_Q,0.4886058690036913,0.30593835066719954,0.38324729166497223,0.0022287710331345026,-0.026844567409895645,0.0,0.0,0.0,0.0,0.0,0.0,0.38324729166497223,0.0022287710331345026,-0.026844567409895645,0.15329891666598888
15,10,COMPOSITE_Q,0.8612511276863807,0.28754410036893757,0.38129230486975096,-0.03819354453352938,0.3649297689210311,0.0,0.0,0.0,0.0,0.0,0.0,0.38129230486975096,-0.03819354453352938,0.3649297689210311,0.3649297689210311
15,1,COMPOSITE_Q_PLUS_RF,0.907038071042187,0.1285929831009105,-0.07862960462577283,-0.07948754929288114,-0.3883358717295216,1.6946443182505386e-07,-6.680379876389823e-11,-4.0321298560550536e-07,1.6946443182064286e-07,-6.680379860402041e-11,-4.032129856113009e-07,-0.07862943516134101,-0.07948754935968494,-0.3883362749425072,0.3883362749425072
15,2,COMPOSITE_Q_PLUS_RF,0.26178817725051423,0.15174378276076267,0.24465630481324765,0.002042873247353826,-0.1763231968124854,9.130805684408783e-12,-2.5061857048095468e-11,9.409890939739765e-07,9.130807221424675e-12,-2.506185710349218e-11,9.409890939782173e-07,0.24465630482237846,0.002042873222291969,-0.17632225582339142,0.17632225582339142
15,3,COMPOSITE_Q_PLUS_RF,0.5493508669223337,0.16894661892719856,0.18597788750769573,0.031282531461251685,0.141361583135668,1.1866125552915391e-07,-6.707337572371129e-11,3.8686521802711277e-07,1.1866125551596163e-07,-6.707337463218721e-11,3.868652180272214e-07,0.18597800616895124,0.03128253139417831,0.14136197000088602,0.14136197000088602
15,4,COMPOSITE_Q_PLUS_RF,0.5427749321036264,0.1756863634312642,-0.21155291102001808,0.03720927338026461,-0.1259633189384219,5.342985086302985e-09,-5.086963392173278e-11,-6.277556004218573e-08,5.3429850821462566e-09,-5.086963489331353e-11,-6.277556005573892e-08,-0.211552905677033,0.03720927332939498,-0.12596338171398194,0.12596338171398194
15,5,COMPOSITE_Q_PLUS_RF,0.8577110089492704,0.20583688976828574,-0.23867304272201859,-0.0674945154804762,-0.04881361456726599,-3.2411114351909178e-12,-6.009909556190921e-11,-1.54512654124123e-10,-3.241101831363835e-12,-6.009909236937006e-11,-1.5451265267252268e-10,-0.2386730427252597,-0.0674945155405753,-0.04881361472177864,0.09546921709010388
15,6,COMPOSITE_Q_PLUS_RF,0.4472888640319949,0.08786496049594082,0.02213137263425534,-0.025683521302799446,0.44779492368149526,-2.0053524348581663e-06,2.344860086221426e-09,2.6313784726573873e-05,-2.005352434858443e-06,2.3448600873499093e-09,2.631378472656154e-05,0.02212936728182048,-0.02568351895793936,0.4478212374662218,0.4478212374662218
15,7,COMPOSITE_Q_PLUS_RF,0.5209531085657175,0.16003465596275132,-0.10890716873371147,0.0413985965122054,0.03718967127675697,2.0996101195355e-07,-4.7322033542994456e-11,4.8843175976264674e-06,2.0996101195158712e-07,-4.732203517932021e-11,4.8843175976254205e-06,-0.10890695877269951,0.041398596464883364,0.0371945555943546,0.04356278350907981
15,8,COMPOSITE_Q_PLUS_RF,1.1544925517322682,0.24323653365772233,-0.3701349865055918,-0.08616250204717435,0.09327576797477685,4.1697279793835095e-08,-8.02917198484767e-11,3.0418549263815765e-08,4.169727979563831e-08,-8.029171771894994e-11,3.041854926277843e-08,-0.370134944808312,-0.08616250212746607,0.09327579839332611,0.1480539779233248
15,9,COMPOSITE_Q_PLUS_RF,0.48860587985713516,0.3059460006133915,0.38324914641801716,0.002228773738935188,-0.026865417150150495,3.1407544249851763e-06,2.7148111401075916e-08,-2.6288788268716414e-05,3.1407544249795194e-06,2.7148111401281705e-08,-2.6288788268716973e-05,0.38325228717244214,0.0022288008870465894,-0.026891705938419212,0.15330091486897685
15,10,COMPOSITE_Q_PLUS_RF,0.8612690031782049,0.2875450253641859,0.381289308176345,-0.03819351968778158,0.3649543615966625,1.398798240214672e-06,-9.574842336392785e-09,-5.101747758389662e-06,1.3987982402374755e-06,-9.574842335657863e-09,-5.101747758362585e-06,0.3812907069745852,-0.03819352926262391,0.36494925984890414,0.36494925984890414
15,1,COMPOSITE_Q_PLUS_GB,0.907038071042187,0.12859305902006263,-0.07862960462577283,-0.07948754929288114,-0.3883358717295216,-2.659201833309988e-08,-6.186726965262705e-10,-1.0107741173853436e-06,-2.659201833732361e-08,-6.186726964063638e-10,-1.0107741174048002e-06,-0.07862963121779117,-0.07948754991155384,-0.388336882503639,0.388336882503639
15,2,COMPOSITE_Q_PLUS_GB,0.2617883803588314,0.1517436978897161,0.24465450866277902,0.002042877048241846,-0.1762888713901183,7.70154795070945e-08,2.3382320903575266e-09,-2.0210014535100928e-07,7.701547949379162e-08,2.3382320901536857e-09,-2.0210014534116638e-07,0.2446545856782585,0.0020428793864739362,-0.17628907349026365,0.17628907349026365
15,3,COMPOSITE_Q_PLUS_GB,0.5493480995927833,0.1689465935670194,0.1859785568751658,0.03128252409896444,0.14134957824502795,2.766032024200231e-08,7.295318905158304e-10,2.755334367687244e-06,2.766032022871734e-08,7.295318932287742e-10,2.755334367693374e-06,0.18597858453548602,0.03128252482849633,0.14135233357939564,0.14135233357939564
15,4,COMPOSITE_Q_PLUS_GB,0.5427765972245805,0.1756860679304194,-0.21155596442481409,0.037209271413939954,-0.12589319417878939,-8.53868269833897e-08,1.2940190790143825e-09,5.268804807256587e-06,-8.538682697012412e-08,1.2940190793897521e-09,5.268804807251337e-06,-0.21155604981164106,0.03720927270795903,-0.12588792537398213,0.12588792537398213
15,5,COMPOSITE_Q_PLUS_GB,0.8577218195324596,0.20583695723649761,-0.23871794653700493,-0.06749450012950944,-0.048052015741511335,-1.840187328232494e-07,-2.7354056673815447e-10,4.4944776305781935e-06,-1.840187328350229e-07,-2.735405651987932e-10,4.494477630581639e-06,-0.23871813055573776,-0.06749450040305001,-0.04804752126388075,0.09548725222229511
15,6,COMPOSITE_Q_PLUS_GB,0.44693362421665883,0.08786635430268996,0.02218472950558508,-0.025684783990153597,0.44693868869831727,-4.3551290329131714e-07,9.588266397101175e-09,4.560920842902184e-06,-4.355129032927729e-07,9.588266396132195e-09,4.560920842888727e-06,0.022184293992681788,-0.0256847744018872,0.44694324961916015,0.44694324961916015
15,7,COMPOSITE_Q_PLUS_GB,0.520951981726732,0.1600344936020106,-0.10891062813119416,0.04139837721888889,0.0372131107535279,-3.882141213873223e-07,9.488869492262667e-10,3.1828065821599886e-06,-3.8821412139122824e-07,9.488869481821816e-10,3.182806582159581e-06,-0.10891101634531555,0.04139837816777584,0.03721629356011006,0.043564406538126224
15,8,COMPOSITE_Q_PLUS_GB,1.1544919134591933,0.24324158865829953,-0.37013411284663966,-0.08616249969138245,0.09327782595061611,-1.7139102564427508e-05,-6.186726965262705e-10,-3.5325575821154768e-06,-1.7139102564400766e-05,-6.186726964063638e-10,-3.5325575821198996e-06,-0.37015125194920406,-0.08616250031005515,0.09327429339303399,0.14806050077968164
15,9,COMPOSITE_Q_PLUS_GB,0.4886179643938688,0.3059416093442806,0.3832369749660485,0.0022287880505671865,-0.026546446584090704,8.663125101238955e-07,3.6199604154662357e-09,1.170472654905489e-06,8.663125101171509e-07,3.619960415625345e-09,1.1704726549065236e-06,0.38323784127855864,0.002228791670527602,-0.026545276111435798,0.15329513651142346
15,10,COMPOSITE_Q_PLUS_GB,0.8611371179917746,0.2875474333357951,0.3813244008416768,-0.0381938863536746,0.36461968174616777,7.147487084783931e-08,9.931115806848322e-10,-1.168287110949342e-05,7.147487085523707e-08,9.93111579083994e-10,-1.168287110947519e-05,0.38132447231654765,-0.03819388536056302,0.3646079988750583,0.3646079988750583
16,1,COMPOSITE_Q,0.6163111532644783,0.041659200085353586,0.02719491822806514,0.05796729780426373,-0.1776405122094658,0.0,0.0,0.0,0.0,0.0,0.0,0.02719491822806514,0.05796729780426373,-0.1776405122094658,0.1776405122094658
16,2,COMPOSITE_Q,0.9115638171769279,0.14749184747402533,0.09694823294171445,0.0813272793804988,0.05990646235679072,0.0,0.0,0.0,0.0,0.0,0.0,0.09694823294171445,0.0813272793804988,0.05990646235679072,0.06777273281708233
16,3,COMPOSITE_Q,0.3397785587833539,0.10725159289140167,-0.08652239476642001,0.01586728459352464,-0.23754200146803067,0.0,0.0,0.0,0.0,0.0,0.0,-0.08652239476642001,0.01586728459352464,-0.23754200146803067,0.23754200146803067
16,4,COMPOSITE_Q,0.8123989713724383,0.1644153738469864,0.595978893748763,-0.03383462876957344,0.06982624612749964,0.0,0.0,0.0,0.0,0.0,0.0,0.595978893748763,-0.03383462876957344,0.06982624612749964,0.2383915574995052
16,5,COMPOSITE_Q,0.7607235566078566,0.18809444772005898,-0.46898671634391037,-0.028523395258884757,-0.28194462652930335,0.0,0.0,0.0,0.0,0.0,0.0,-0.46898671634391037,-0.028523395258884757,-0.28194462652930335,0.28194462652930335
16,6,COMPOSITE_Q,0.29992384904489566,0.10179283144568925,0.23846240195899993,-0.016267480074231518,-0.274663325418836,0.0,0.0,0.0,0.0,0.0,0.0,0.23846240195899993,-0.016267480074231518,-0.274663325418836,0.274663325418836
16,7,COMPOSITE_Q,0.22136742961998712,0.09380816330362379,-0.1386410035933925,-0.006771313483544058,0.04557444970328129,0.0,0.0,0.0,0.0,0.0,0.0,-0.1386410035933925,-0.006771313483544058,0.04557444970328129,0.05545640143735699
16,8,COMPOSITE_Q,0.9744396977905772,0.11475926569460398,0.5367923548385396,-0.06749824245079167,-0.06396487187938837,0.0,0.0,0.0,0.0,0.0,0.0,0.5367923548385396,-0.06749824245079167,-0.06396487187938837,0.21471694193541585
16,9,COMPOSITE_Q,1.0071235256259543,0.14634653665317182,0.1408392962227048,-0.08871923336769483,0.08539239963301534,0.0,0.0,0.0,0.0,0.0,0.0,0.1408392962227048,-0.08871923336769483,0.08539239963301534,0.08539239963301534
16,10,COMPOSITE_Q,0.5510342238619489,0.14941719746990445,0.29156777088901775,-0.03257717497832122,0.053331771373842506,0.0,0.0,0.0,0.0,0.0,0.0,0.29156777088901775,-0.03257717497832122,0.053331771373842506,0.1166271083556071
16,1,COMPOSITE_Q_PLUS_RF,0.6163111532644783,0.04165922886160016,0.02719491822806514,0.05796729780426373,-0.1776405122094658,-1.936901467862816e-08,2.5354222239455945e-10,1.2053404843223872e-05,-1.9369014680331587e-08,2.5354222193962883e-10,1.2053404843226367e-05,0.02719489885905046,0.057967298057805955,-0.17762845880462258,0.17762845880462258
16,2,COMPOSITE_Q_PLUS_RF,0.9115634978409356,0.14749193952210635,0.09694841826564779,0.08132727124381843,0.059899734842760434,-1.5325673172473622e-07,-5.768369309731572e-11,-5.227213008589218e-11,-1.532567317219513e-07,-5.7683691156995565e-11,-5.2272131068065164e-11,0.09694826500891607,0.08132727118613474,0.0598997347904883,0.06777272598844562
16,3,COMPOSITE_Q_PLUS_RF,0.33978090564795344,0.1072777778232407,-0.08652181533200551,0.015867255390569976,-0.2375501519591253,2.3025138343261747e-05,8.786665550997022e-09,-0.0002836023871492969,2.3025138343263363e-05,8.786665551402395e-09,-0.0002836023871493065,-0.08649879019366224,0.015867264177235527,-0.2378337543462746,0.2378337543462746
16,4,COMPOSITE_Q_PLUS_RF,0.8124299450329785,0.164418664516589,0.595955790423614,-0.033834588694998204,0.0701031135313452,-3.95189822173381e-08,1.5761651568232966e-10,1.1341899019097514e-05,-3.9518982197783714e-08,1.5761651706025503e-10,1.1341899019093327e-05,0.5959557509046318,-0.03383458853738169,0.07011445543036429,0.23838230036185273
16,5,COMPOSITE_Q_PLUS_RF,0.760728267867184,0.18809583148444564,-0.46898623673561796,-0.028523379657154294,-0.2819597747160088,2.1832678416176277e-06,-7.198214826892658e-11,-4.7342577547204724e-05,2.1832678416267015e-06,-7.19821494077344e-11,-4.734257754718252e-05,-0.46898405346777633,-0.028523379729136444,-0.282007117293556,0.282007117293556
16,6,COMPOSITE_Q_PLUS_RF,0.2999252333054204,0.10179350916089024,0.23845704037368887,-0.016267479404033648,-0.27460000562120146,1.4203656303598361e-06,6.5267826300025585e-09,-1.1488989300889148e-05,1.4203656303612977e-06,6.526782631716133e-09,-1.1488989300867392e-05,0.23845846073931923,-0.016267472877251016,-0.2746114946105023,0.2746114946105023
16,7,COMPOSITE_Q_PLUS_RF,0.22136647059618153,0.09380771984678565,-0.13865684122612518,-0.00677124008217215,0.04560039700079254,1.2068938854384034e-11,-2.4019453539044233e-11,-6.843565475183384e-11,1.2068929189368305e-11,-2.4019453960522075e-11,-6.84356529778718e-11,-0.13865684121405625,-0.006771240106191604,0.04560039693235689,0.0554627364856225
16,8,COMPOSITE_Q_PLUS_RF,0.9744485650010866,0.11476004131813909,0.5368107346869169,-0.06749829555253449,-0.06399093957788529,-6.368471102979928e-07,-6.921470506442907e-09,-5.285648973940566e-06,-6.368471102691231e-07,-6.921470507847971e-09,-5.2856489739377954e-06,0.5368100978398066,-0.067498302474005,-0.06399622522685923,0.21472403913592264
16,9,COMPOSITE_Q_PLUS_RF,1.007122850187697,0.1463475757401333,0.14083740655199095,-0.08871917103519941,0.0854013795844189,-1.4151500391201866e-07,-3.9487381659928083e-11,2.8014522955693307e-06,-1.4151500390968685e-07,-3.948738558356979e-11,2.801452295572715e-06,0.14083726503698704,-0.0887191710746868,0.08540418103671447,0.08540418103671447
16,10,COMPOSITE_Q_PLUS_RF,0.551033979502517,0.14941749049584574,0.29156829854230804,-0.032577212001333906,0.05332608192760499,-1.7640233430269137e-07,2.0185655511522322e-09,-2.535397202658228e-06,-1.764023342953891e-07,2.0185655508209166e-09,-2.5353972026576077e-06,0.29156812213997374,-0.032577209982768356,0.05332354653040233,0.11662724885598949
16,1,COMPOSITE_Q_PLUS_GB,0.6163111532644783,0.04165950626747417,0.02719491822806514,0.05796729780426373,-0.1776405122094658,-8.806455279067946e-07,-2.1144252907471144e-13,5.799630831025516e-06,-8.806455279071479e-07,-2.1144197503986106e-13,5.7996308310270805e-06,0.027194037582537234,0.05796729780405229,-0.17763471257863478,0.17763471257863478
16,2,COMPOSITE_Q_PLUS_GB,0.9115634459396192,0.14749410165440782,0.09694856455386859,0.08132727556883315,0.059905398966474274,-1.4275651161095617e-07,-3.239991401412568e-10,8.291715662548653e-06,-1.4275651161188563e-07,-3.239991469561332e-10,8.291715662550603e-06,0.09694842179735698,0.081327275244834,0.059913690682136825,0.067772729370695
16,3,COMPOSITE_Q_PLUS_GB,0.3397839117506384,0.10756544242125693,-0.08652154199768598,0.015867277998519044,-0.23755505686592593,0.00016641727954603224,1.99309996056941e-09,-0.003188165071730766,0.00016641727954602725,1.993099959379796e-09,-0.003188165071730753,-0.08635512471813996,0.015867279991619004,-0.24074322193765668,0.24074322193765668
16,4,COMPOSITE_Q_PLUS_GB,0.8128164489170752,0.16441880930377906,0.5958117724634722,-0.033834279565673614,0.07290295118406522,-2.754604378147094e-06,8.985578398121775e-10,2.179627116462247e-05,-2.7546043781523366e-06,8.985578392461946e-10,2.1796271164623016e-05,0.595809017859094,-0.033834278667115775,0.07292474745522984,0.2383236071436376
16,5,COMPOSITE_Q_PLUS_GB,0.7607280318703548,0.18809780991716582,-0.4689842761556676,-0.028523383685725507,-0.28195887570577,-8.441403912789316e-08,-6.186726965262705e-10,1.150128509169361e-05,-8.44140391476067e-08,-6.186726964063638e-10,1.1501285091697344e-05,-0.46898436056970677,-0.028523384304398203,-0.2819473744206783,0.2819473744206783
16,6,COMPOSITE_Q_PLUS_GB,0.29992325643243517,0.10179383851424999,0.2384528592602181,-0.016267485431569886,-0.2746572577640678,-3.9416570228262886e-07,1.99309996056941e-09,6.975525162249205e-06,-3.941657022721312e-07,1.993099959379796e-09,6.975525162267182e-06,0.23845246509451581,-0.016267483438469926,-0.27465028223890553,0.27465028223890553
16,7,COMPOSITE_Q_PLUS_GB,0.2213630640593225,0.09380652856979195,-0.13915795220345228,-0.006771246440210552,0.04627980139769088,1.6963916652031754e-07,2.3382320903575266e-09,-4.977528740317678e-06,1.696391665195751e-07,2.3382320905873666e-09,-4.9775287403186486e-06,-0.13915778256428576,-0.006771244101978461,0.046274823868950564,0.055663113025714306
16,8,COMPOSITE_Q_PLUS_GB,0.9746932344301139,0.11476104354061964,0.5372858529875603,-0.06749678867840474,-0.06465998494324443,-8.087953240922685e-07,8.54299047824012e-11,7.881234505663058e-06,-8.087953240476509e-07,8.54298992658542e-11,7.881234505666135e-06,0.5372850441922362,-0.06749678859297484,-0.06465210370873876,0.2149140176768945
16,9,COMPOSITE_Q_PLUS_GB,1.0071219359214303,0.14634780630794128,0.14083703410802637,-0.08871932560843535,0.08538906083396534,-1.513211105875195e-07,1.338243710472949e-09,-4.515583542186244e-06,-1.5132111058635545e-07,1.3382437102915645e-09,-4.515583542183399e-06,0.14083688278691578,-0.08871932427019164,0.08538454525042316,0.08538454525042316
16,10,COMPOSITE_Q_PLUS_GB,0.5510344233907931,0.14941770910806698,0.2915679234386949,-0.03257706071676572,0.05333651457894796,-1.9865631584356557e-07,1.4797874581413526e-09,1.7418272519218182e-06,-1.9865631584181642e-07,1.4797874592353821e-09,1.7418272519192923e-06,0.2915677247823791,-0.03257705923697826,0.05333825640619988,0.11662708991295163
17,1,COMPOSITE_Q,0.7806887096156657,0.03825296625564899,0.2105824076770842,0.06612204428313326,-0.015292417865969573,0.0,0.0,0.0,0.0,0.0,0.0,0.2105824076770842,0.06612204428313326,-0.015292417865969573,0.08423296307083368
17,2,COMPOSITE_Q,0.6430935354509115,0.1958461472548201,-0.2920655613890467,0.044398397912796234,0.3996064376009921,0.0,0.0,0.0,0.0,0.0,0.0,-0.2920655613890467,0.044398397912796234,0.3996064376009921,0.3996064376009921
17,3,COMPOSITE_Q,0.9327839482578595,0.2766131466239653,0.3771444292860342,0.05481797012704512,0.40578560326096474,0.0,0.0,0.0,0.0,0.0,0.0,0.3771444292860342,0.05481797012704512,0.40578560326096474,0.40578560326096474
17,4,COMPOSITE_Q,0.9327497489175618,0.18897417223180568,0.19467501241896473,-0.07984423876597718,0.1421716514915633,0.0,0.0,0.0,0.0,0.0,0.0,0.19467501241896473,-0.07984423876597718,0.1421716514915633,0.1421716514915633
17,5,COMPOSITE_Q,0.9204050443399847,0.17006236227682642,0.345357295746858,0.06438033918246258,0.10079378001684092,0.0,0.0,0.0,0.0,0.0,0.0,0.345357295746858,0.06438033918246258,0.10079378001684092,0.1381429182987432
17,6,COMPOSITE_Q,0.7320249475683107,0.19445319182399273,-0.032474490175207614,0.05546429190961752,0.014013006617043694,0.0,0.0,0.0,0.0,0.0,0.0,-0.032474490175207614,0.05546429190961752,0.014013006617043694,0.046220243258014604
17,7,COMPOSITE_Q,1.0726658899441324,0.2667190411651768,0.2866918378183633,0.07867751301618692,0.2173091657074007,0.0,0.0,0.0,0.0,0.0,0.0,0.2866918378183633,0.07867751301618692,0.2173091657074007,0.2173091657074007
17,8,COMPOSITE_Q,0.8175028229367494,0.4209443090886405,0.685559602701932,-0.004045403711559109,0.03237945582904052,0.0,0.0,0.0,0.0,0.0,0.0,0.685559602701932,-0.004045403711559109,0.03237945582904052,0.2742238410807728
17,9,COMPOSITE_Q,0.6199377154387213,0.358591171302579,-0.08598668884629361,-0.023595046286065242,-0.28281026298356315,0.0,0.0,0.0,0.0,0.0,0.0,-0.08598668884629361,-0.023595046286065242,-0.28281026298356315,0.28281026298356315
17,10,COMPOSITE_Q,1.1059319446186229,0.40877190198960167,0.12853755775106088,-0.07600361690869423,0.06394133474390584,0.0,0.0,0.0,0.0,0.0,0.0,0.12853755775106088,-0.07600361690869423,0.06394133474390584,0.06394133474390584
17,1,COMPOSITE_Q_PLUS_RF,0.7806887096156657,0.038252967447329776,0.2105824076770842,0.06612204428313326,-0.015292417865969573,2.3814511533078004e-09,-6.910341951306289e-11,-2.151332666778083e-09,2.3814511473929656e-09,-6.910341743271431e-11,-2.1513326675659528e-09,0.21058241005853534,0.06612204421402984,-0.01529242001730224,0.08423296402341414
17,2,COMPOSITE_Q_PLUS_RF,0.6430935372853946,0.19584605878382583,-0.29206615735319513,0.0443984054723915,0.39960664452548234,8.519909766876821e-08,-7.963620206633996e-11,-4.945098987545551e-08,8.519909766580014e-08,-7.963620041184782e-11,-4.945098985853491e-08,-0.29206607215409747,0.0443984053927553,0.3996065950744925,0.3996065950744925
17,3,COMPOSITE_Q_PLUS_RF,0.9327841908025912,0.2766132926894995,0.37714514791906223,0.05481793702138013,0.40578410091741085,-4.839415070886031e-10,-9.624617272778657e-11,1.4935802629768257e-08,-4.839414979862511e-10,-9.624617075543185e-11,1.4935802650217767e-08,0.37714514743512073,0.05481793692513396,0.4057841158532135,0.4057841158532135
17,4,COMPOSITE_Q_PLUS_RF,0.9327496562198849,0.18897418342075264,0.1946747138594205,-0.0798442146175283,0.14217400023109825,-1.3351789102947722e-07,-4.349635144085464e-11,2.8140285559020215e-06,-1.3351789102111766e-07,-4.349634541434e-11,2.8140285558975187e-06,0.19467458034152949,-0.07984421466102465,0.14217681425965414,0.14217681425965414
17,5,COMPOSITE_Q_PLUS_RF,0.9204046978956735,0.17006231212962467,0.3453296105510108,0.0643803484580077,0.10136557508628233,-4.713576440834289e-08,-7.916056835933144e-11,1.8515147886643546e-07,-4.7135764402739255e-08,-7.91605669903106e-11,1.851514788708819e-07,0.3453295634152464,0.06438034837884714,0.1013657602377612,0.13813182536609855
17,6,COMPOSITE_Q_PLUS_RF,0.732051232229451,0.19445306431205742,-0.032443840694646855,0.05546427011020431,0.013365511646956674,1.2896286869224118e-09,-4.4909676490311176e-11,-7.487225237851965e-11,1.2896286885610841e-09,-4.490967320247563e-11,-7.487225249513951e-11,-0.03244383940501817,0.055464270065294634,0.013365511572084422,0.046220225054412194
17,7,COMPOSITE_Q_PLUS_RF,1.0726755608447098,0.26671623395874583,0.2866850040264095,0.07867710715728542,0.21734386955330157,3.1585457899850797e-06,1.228597592817743e-08,-2.7249477675302578e-05,3.1585457899718783e-06,1.2285975931058957e-08,-2.7249477675295175e-05,0.2866881625721995,0.07867711944326135,0.21731662007562627,0.21731662007562627
17,8,COMPOSITE_Q_PLUS_RF,0.8175108662456267,0.420944431968154,0.6855508465660526,-0.0040449319833942305,0.03263920020281999,-2.4367861188097066e-07,-4.660568818341004e-11,-4.347296134398686e-06,-2.4367861184426687e-07,-4.660568805880949e-11,-4.34729613439655e-06,0.6855506028874407,-0.0040449320299999186,0.032634852906685594,0.2742202411549763
17,9,COMPOSITE_Q_PLUS_RF,0.6199482609611346,0.358591261491635,-0.08597665473732398,-0.023595052989936964,-0.28301396967975395,6.132265321590447e-07,-6.441430441023547e-11,-1.9201771857580243e-05,6.132265321645569e-07,-6.441430375203616e-11,-1.920177185760208e-05,-0.08597604151079181,-0.023595053054351268,-0.28303317145161155,0.28303317145161155
17,10,COMPOSITE_Q_PLUS_RF,1.1059327283298503,0.4087720687131848,0.1285235122740809,-0.07600358649312292,0.06423613257867705,1.3052812252508122e-06,-1.9442194115065637e-09,-2.2733024111552443e-05,1.3052812252445367e-06,-1.9442194104657418e-09,-2.2733024111556976e-05,0.12852481755530615,-0.07600358843734233,0.0642133995545655,0.0642133995545655
17,1,COMPOSITE_Q_PLUS_GB,0.7806887096156657,0.038255471877671615,0.2105824076770842,0.06612204428313326,-0.015292417865969573,-4.245479713594487e-07,1.2813158574584076e-09,8.291715662548653e-06,-4.245479713615996e-07,1.2813158589697338e-09,8.291715662548868e-06,0.21058198312911283,0.06612204556444912,-0.015284126150307024,0.08423279325164514
17,2,COMPOSITE_Q_PLUS_GB,0.6430933535638644,0.19584783936596054,-0.29206559879238875,0.04439839494439439,0.3995980421085926,-3.2504924809340506e-07,-3.478858589064981e-10,7.159701224525537e-06,-3.250492480733058e-07,-3.478858590089118e-10,7.159701224501713e-06,-0.2920659238416368,0.04439839459650853,0.3996052018098171,0.3996052018098171
17,3,COMPOSITE_Q_PLUS_GB,0.9327833345240577,0.2766138072386438,0.3771487592374889,0.054817963099421954,0.4057180994587808,-2.440725422074912e-07,-5.002646783205222e-10,1.3210346345902572e-06,-2.4407254223257624e-07,-5.002646769058927e-10,1.3210346345715607e-06,0.3771485151649467,0.05481796259915728,0.40571942049341536,0.40571942049341536
17,4,COMPOSITE_Q_PLUS_GB,0.9327561962060344,0.1889741804164927,0.19467152786034408,-0.07984421647496294,0.14223297775046748,-2.656218182530582e-07,1.338243710472949e-09,5.605971024662249e-06,-2.6562181826284004e-07,1.3382437102915645e-09,5.6059710246691985e-06,0.19467126223852582,-0.07984421513671923,0.14223858372149215,0.14223858372149215
17,5,COMPOSITE_Q_PLUS_GB,0.9204044003105911,0.1700624961794301,0.3453273127794258,0.06438034344563873,0.1014137000518285,-3.7207387050973943e-07,-6.691312699293728e-10,2.6108670808766917e-05,-3.720738704915405e-07,-6.69131264285916e-10,2.6108670808766554e-05,0.3453269407055553,0.06438034277650746,0.10143980872263726,0.13813077628222212
17,6,COMPOSITE_Q_PLUS_GB,0.7320552034851765,0.1944530243817772,-0.03244436878229508,0.055464288177289586,0.013357118957904757,-8.806591791445754e-07,-2.7537291183824522e-12,3.516287067581982e-06,-8.806591791435392e-07,-2.7537278013411992e-12,3.5162870675817942e-06,-0.03244524944147422,0.05546428817453586,0.013360635244972338,0.04622024014544655
17,7,COMPOSITE_Q_PLUS_GB,1.0726670613416474,0.26671593231495716,0.28668957355689056,0.07867711604281688,0.21726992538851977,-3.7919586589165664e-07,5.2073973221164334e-08,6.617612478623369e-06,-3.7919586587387144e-07,5.2073973216826275e-08,6.617612478609924e-06,0.2866891943610247,0.0786771681167901,0.21727654300099838,0.21727654300099838
17,8,COMPOSITE_Q_PLUS_GB,0.8175082938595566,0.4209447707196916,0.6855491199574905,-0.004044979873993114,0.03270828280731762,-1.540134633971069e-06,1.628497584207925e-09,5.184560631439997e-07,-1.5401346339372068e-06,1.6284975841787674e-09,5.184560631435464e-07,0.6855475798228565,-0.00404497824549553,0.032708801263380764,0.2742190319291426
17,9,COMPOSITE_Q_PLUS_GB,0.6199535405559733,0.3585919542119686,-0.08597061200452767,-0.023595061377650092,-0.2831209228931081,2.7066396743088837e-07,2.8750014461659255e-10,3.7659579736332704e-05,2.7066396743324894e-07,2.875001452185e-10,3.765957973633771e-05,-0.08597034134056024,-0.023595061090149947,-0.28308326331337175,0.28308326331337175
17,10,COMPOSITE_Q_PLUS_GB,1.1059312112017405,0.40877193169746373,0.12853108021055717,-0.0760035835012805,0.06403409109510354,-4.163180463408219e-07,1.338243710472949e-09,2.8284695144621474e-06,-4.163180463423455e-07,1.3382437102915645e-09,2.8284695144653593e-06,0.12853066389251083,-0.07600358216303679,0.064036919564618,0.064036919564618
18,1,COMPOSITE_Q,0.429853673629401,0.16040481118971525,-0.31873055767061104,-0.01537100224945603,0.340877690367463,0.0,0.0,0.0,0.0,0.0,0.0,-0.31873055767061104,-0.01537100224945603,0.340877690367463,0.340877690367463
18,2,COMPOSITE_Q,0.7665916184081053,0.09777009736964364,-0.030281234953778206,-0.06485874172267453,0.3341295574805312,0.0,0.0,0.0,0.0,0.0,0.0,-0.030281234953778206,-0.06485874172267453,0.3341295574805312,0.3341295574805312
18,3,COMPOSITE_Q,0.39660592317267174,0.27188045386258575,-0.027340967642689597,-0.013039744803429175,0.29954684649278257,0.0,0.0,0.0,0.0,0.0,0.0,-0.027340967642689597,-0.013039744803429175,0.29954684649278257,0.29954684649278257
18,4,COMPOSITE_Q,1.0710223676035922,0.2641726529294789,0.5452671601574264,-0.06632983279070578,0.046808069369355665,0.0,0.0,0.0,0.0,0.0,0.0,0.5452671601574264,-0.06632983279070578,0.046808069369355665,0.21810686406297056
18,5,COMPOSITE_Q,0.6736194819714199,0.21412235909046684,0.1575106069695737,-0.05075872636056551,0.1738896933653664,0.0,0.0,0.0,0.0,0.0,0.0,0.1575106069695737,-0.05075872636056551,0.1738896933653664,0.1738896933653664
18,6,COMPOSITE_Q,0.9486800950512307,0.2481085897839227,-0.28429091317511207,-0.05817876497620586,-0.14330442635523535,0.0,0.0,0.0,0.0,0.0,0.0,-0.28429091317511207,-0.05817876497620586,-0.14330442635523535,0.14330442635523535
18,7,COMPOSITE_Q,0.6919452380274681,0.2537816387751015,0.12512499748250858,-0.04915356758484012,-0.37231954122585226,0.0,0.0,0.0,0.0,0.0,0.0,0.12512499748250858,-0.04915356758484012,-0.37231954122585226,0.37231954122585226
18,8,COMPOSITE_Q,1.014939383305968,0.2499036689587216,0.05185061900638919,-0.08053286735446218,0.23430698727884164,0.0,0.0,0.0,0.0,0.0,0.0,0.05185061900638919,-0.08053286735446218,0.23430698727884164,0.23430698727884164
18,9,COMPOSITE_Q,0.8457837503163117,0.10790211736818311,-0.0073350522590683925,-0.07618055086511635,-0.12338208798445012,0.0,0.0,0.0,0.0,0.0,0.0,-0.0073350522590683925,-0.07618055086511635,-0.12338208798445012,0.12338208798445012
18,10,COMPOSITE_Q,0.7699472089249207,0.1531312309318893,-0.5708823265786629,-0.034159426080497726,-0.08857154289006129,0.0,0.0,0.0,0.0,0.0,0.0,-0.5708823265786629,-0.034159426080497726,-0.08857154289006129,0.22835293063146517
18,1,COMPOSITE_Q_PLUS_RF,0.429853673629401,0.1604048419269517,-0.31873055767061104,-0.01537100224945603,0.340877690367463,2.8086434163218125e-07,4.07332907431713e-09,-1.7137268224283507e-07,2.8086434161744833e-07,4.073329075079957e-09,-1.7137268226719016e-07,-0.3187302768062694,-0.015370998176126955,0.34087751899478075,0.34087751899478075
18,2,COMPOSITE_Q_PLUS_RF,0.7665917428822289,0.09777012907466692,-0.030302463937192013,-0.06485875082847828,0.33465099108068347,1.1025080364181412e-07,-7.137228277208887e-11,2.208634760516578e-07,1.1025080364282513e-07,-7.137228308362609e-11,2.2086347606364853e-07,-0.03030235368638837,-0.06485875089985056,0.33465121194415953,0.33465121194415953
18,3,COMPOSITE_Q_PLUS_RF,0.3965843899647449,0.2718803908608721,-0.027321951554551985,-0.013039763209139354,0.29905293229240093,8.121651472596298e-07,-3.6971459939205785e-11,-1.4985458948314922e-05,8.121651472597913e-07,-3.6971460615209395e-11,-1.4985458948291175e-05,-0.027321139389404725,-0.013039763246110815,0.29903794683345264,0.29903794683345264
18,4,COMPOSITE_Q_PLUS_RF,1.0710210110664788,0.26417304226790367,0.5452717433756545,-0.06632983023105636,0.04673121773406335,-2.35947075903066e-06,-1.752142216102874e-11,1.9585154219639154e-05,-2.359470758994675e-06,-1.7521428752331758e-11,1.9585154219639578e-05,0.5452693839048955,-0.06632983024857779,0.04675080288828299,0.21810775356195822
18,5,COMPOSITE_Q_PLUS_RF,0.6736235789369942,0.21412237567920542,0.15750941887550202,-0.05075871594509305,0.17393192941497998,-7.890466723872143e-09,-3.881941772533388e-11,1.5162327550532639e-06,-7.890466724447265e-09,-3.8819419900804064e-11,1.5162327550444221e-06,0.1575094109850353,-0.05075871598391247,0.17393344564773502,0.17393344564773502
18,6,COMPOSITE_Q_PLUS_RF,0.9486803508829391,0.2481086463914945,-0.2842946300032495,-0.058178770867502796,-0.14324084489228134,-3.0072489053176383e-12,-7.179534566922428e-11,-1.0956363337292947e-10,-3.0072611068021615e-12,-7.179534744494731e-11,-1.0956363594161189e-10,-0.28429463000625677,-0.058178770939298144,-0.14324084500184497,0.14324084500184497
18,7,COMPOSITE_Q_PLUS_RF,0.6919476671121466,0.2537816321394191,0.12512847800604868,-0.04915354628784136,-0.37238497304914037,9.063316963860173e-12,-6.079488017713607e-11,-1.489591865858512e-10,9.063305661527465e-12,-6.079488301669045e-11,-1.4895917832546957e-10,0.12512847801511198,-0.049153546348636244,-0.37238497319809954,0.37238497319809954
18,8,COMPOSITE_Q_PLUS_RF,1.0149393350869083,0.24990369738801926,0.051851133632746065,-0.08053287774326608,0.23430368087838296,9.571714203696997e-08,-5.194064369698094e-11,-5.847423313456199e-10,9.57171420387648e-08,-5.194064622848771e-11,-5.847423378835259e-10,0.0518512293498881,-0.08053287779520672,0.23430368029364063,0.23430368029364063
18,9,COMPOSITE_Q_PLUS_RF,0.8457836149652236,0.1079021085278443,-0.007335345794675768,-0.07618054823776735,-0.12338008648202568,1.3873906729127487e-08,-4.667015359243992e-11,-1.8983091647024537e-10,1.387390672919625e-08,-4.667015385262374e-11,-1.8983091487623227e-10,-0.007335331920769039,-0.0761805482844375,-0.1233800866718566,0.1233800866718566
18,10,COMPOSITE_Q_PLUS_RF,0.7699472361189001,0.15317182783314792,-0.5707622177840912,-0.0341594182840552,-0.08871489873619572,5.16254161455143e-06,-6.881310511368414e-11,-0.00012195901062637629,5.162541614534e-06,-6.881310798956264e-11,-0.0001219590106263796,-0.5707570552424767,-0.03415941835286831,-0.0888368577468221,0.22830282209699065
18,1,COMPOSITE_Q_PLUS_GB,0.429853673629401,0.16040672484805066,-0.31873055767061104,-0.01537100224945603,0.340877690367463,4.77926140103012e-07,1.824203475262076e-09,-7.678952197487586e-06,4.779261401077761e-07,1.8242034757753878e-09,-7.678952197498479e-06,-0.31873007974447093,-0.015371000425252555,0.3408700114152655,0.3408700114152655
18,2,COMPOSITE_Q_PLUS_GB,0.7665922619805386,0.09777009812850511,-0.030305592081214246,-0.06485874774681152,0.3347312650004078,-1.6503332911882884e-07,-3.478858589064981e-10,4.711951331103535e-06,-1.650333291171313e-07,-3.478858590089118e-10,4.711951331115571e-06,-0.030305757114543364,-0.06485874809469738,0.3347359769517389,0.3347359769517389
18,3,COMPOSITE_Q_PLUS_GB,0.3965811721111047,0.27188047382655034,-0.027315434722198974,-0.013039767816986226,0.2989180266404905,5.6597890250288845e-08,1.993070066870928e-09,-1.4847355283853842e-06,5.659789024947681e-08,1.993070066624858e-09,-1.4847355284119956e-06,-0.027315378124308724,-0.01303976582391616,0.2989165419049621,0.2989165419049621
18,4,COMPOSITE_Q_PLUS_GB,1.0710247015691405,0.26417264926317985,0.5452733002953294,-0.06632983842874975,0.046706938518884876,-5.781558064586141e-07,8.54299047824012e-11,8.549616621133808e-06,-5.781558064521519e-07,8.54298992658542e-11,8.549616621132683e-06,0.5452727221395229,-0.06632983834331985,0.04671548813550601,0.21810908885580918
18,5,COMPOSITE_Q_PLUS_GB,0.6736317100739239,0.21412236542451765,0.15750338231701835,-0.05075869363635182,0.17401161853923228,-4.42916811148731e-07,2.4726170565256005e-09,7.972893618014583e-06,-4.4291681114416726e-07,2.472617055548909e-09,7.972893618007904e-06,0.1575029394002072,-0.050758691163734763,0.17401959143285028,0.17401959143285028
18,6,COMPOSITE_Q_PLUS_GB,0.9486809140219598,0.2481086525797202,-0.2842903211673079,-0.058178774825799306,-0.1433136707948589,-3.0680476452299736e-07,-6.186726965262705e-10,2.4144257018832026e-06,-3.068047645382599e-07,-6.186726964063638e-10,2.4144257018965387e-06,-0.28429062797207244,-0.058178775444472,-0.143311256369157,0.143311256369157
18,7,COMPOSITE_Q_PLUS_GB,0.6919453403514582,0.25378183679620003,0.12512484039654573,-0.04915356031316736,-0.37232399157811297,-4.905000731886801e-08,1.9586183351286333e-09,2.9199761437547326e-08,-4.9050007305817545e-08,1.9586183369613153e-09,2.9199761442111338e-08,0.12512479134653842,-0.04915355835454902,-0.3723239623783515,0.3723239623783515
18,8,COMPOSITE_Q_PLUS_GB,1.014939442472476,0.24990372075878461,0.05185160872095409,-0.08053288197858169,0.23430214452619014,-1.329168908871036e-07,9.931115806848322e-10,1.3503355103865978e-07,-1.3291689088951175e-07,9.93111579083994e-10,1.3503355103527959e-07,0.0518514758040632,-0.08053288098547011,0.23430227955974117,0.23430227955974117
18,9,COMPOSITE_Q_PLUS_GB,0.845783449946362,0.1079031143495084,-0.007338539165758432,-0.07618053989438674,-0.12336909413824952,7.817918535336523e-08,2.032963627296978e-09,-4.963131405051772e-06,7.817918535376472e-08,2.032963630771434e-09,-4.963131405050225e-06,-0.007338460986573078,-0.0761805378614231,-0.12337405726965457,0.12337405726965457
18,10,COMPOSITE_Q_PLUS_GB,0.769945103011699,0.1531346773733536,-0.5703455214810952,-0.03415939256738595,-0.08920928462449357,7.124889131128884e-07,-6.186726965262705e-10,-1.0643152352323052e-05,7.124889130905032e-07,-6.186726964063638e-10,-1.0643152352329821e-05,-0.5703448089921821,-0.034159393186058644,-0.0892199277768459,0.22813792359687285
19,1,COMPOSITE_Q,0.32363958537193394,0.17966885289844817,0.02622019884978154,-0.015740723203290855,-0.12038651458932564,0.0,0.0,0.0,0.0,0.0,0.0,0.02622019884978154,-0.015740723203290855,-0.12038651458932564,0.12038651458932564
19,2,COMPOSITE_Q,0.7164054950425165,0.2953367925393545,0.2837468750550535,-0.03533884924041593,-0.09191388206050181,0.0,0.0,0.0,0.0,0.0,0.0,0.2837468750550535,-0.03533884924041593,-0.09191388206050181,0.11349875002202141
19,3,COMPOSITE_Q,1.0128428293690317,0.325891292524197,0.5902897737469954,0.045038019230461274,0.20872081141425677,0.0,0.0,0.0,0.0,0.0,0.0,0.5902897737469954,0.045038019230461274,0.20872081141425677,0.23611590949879818
19,4,COMPOSITE_Q,0.9751552025897323,0.4424087566831629,-0.33848272682750463,0.05398772381700313,-0.004978073591592678,0.0,0.0,0.0,0.0,0.0,0.0,-0.33848272682750463,0.05398772381700313,-0.004978073591592678,0.13539309073100186
19,5,COMPOSITE_Q,0.9605567955406384,0.5700663335864165,0.29827309064946295,0.03942342408484172,0.04813903197454409,0.0,0.0,0.0,0.0,0.0,0.0,0.29827309064946295,0.03942342408484172,0.04813903197454409,0.11930923625978518
19,6,COMPOSITE_Q,0.7349189425367528,0.6075682765970967,-0.2187811274692754,0.015127794294632175,0.2390671082837112,0.0,0.0,0.0,0.0,0.0,0.0,-0.2187811274692754,0.015127794294632175,0.2390671082837112,0.2390671082837112
19,7,COMPOSITE_Q,1.0858219896877306,0.5272062771878954,0.03740710301076658,0.07414223013753474,-0.0024762660565789472,0.0,0.0,0.0,0.0,0.0,0.0,0.03740710301076658,0.07414223013753474,-0.0024762660565789472,0.06178519178127895
19,8,COMPOSITE_Q,1.1934418319970534,0.5604057144457381,-0.40101513735373545,0.07057480154179463,-0.10756097903222657,0.0,0.0,0.0,0.0,0.0,0.0,-0.40101513735373545,0.07057480154179463,-0.10756097903222657,0.16040605494149418
19,9,COMPOSITE_Q,1.296246422919266,0.5975039581144277,-0.15370570408984638,-0.06788679090625775,-0.23655396787892052,0.0,0.0,0.0,0.0,0.0,0.0,-0.15370570408984638,-0.06788679090625775,-0.23655396787892052,0.23655396787892052
19,10,COMPOSITE_Q,0.7092322823059436,0.4936255706802791,0.2828541262802304,-0.01813802565048998,0.08797048171930272,0.0,0.0,0.0,0.0,0.0,0.0,0.2828541262802304,-0.01813802565048998,0.08797048171930272,0.11314165051209216
19,1,COMPOSITE_Q_PLUS_RF,0.32363958537193394,0.17966884374742798,0.02622019884978154,-0.015740723203290855,-0.12038651458932564,9.767664328983205e-12,3.3581469832484138e-09,-8.075265187193232e-11,9.767665842819184e-12,3.3581469827126398e-09,-8.075265456319869e-11,0.026220198859549206,-0.015740719845143872,-0.1203865146700783,0.1203865146700783
19,2,COMPOSITE_Q_PLUS_RF,0.7164055251554047,0.29533680972607707,0.2837531445407153,-0.03533885035843495,-0.09197322525405323,1.2780967771711079e-11,-3.608970824576767e-11,3.223722889996891e-09,1.2780942970636033e-11,-3.608970761126429e-11,3.223722885858926e-09,0.28375314455349626,-0.03533885039452466,-0.09197322203033034,0.1135012578213985
19,3,COMPOSITE_Q_PLUS_RF,1.0128480383854896,0.32589125700559624,0.5902848016597141,0.04503803132469163,0.20876144926926812,1.3684808150774276e-09,-6.454210400562134e-11,-2.5802759423976254e-11,1.3684807731451087e-09,-6.454210083051137e-11,-2.5802748826464494e-11,0.5902848030281949,0.045038031260149526,0.20876144924346537,0.23611392121127794
19,4,COMPOSITE_Q_PLUS_RF,0.975153813396945,0.44240877535547163,-0.33848370768357955,0.05398771389969553,-0.004965033400136838,-2.603152521229802e-07,-8.4811490129371e-11,3.1185555838265454e-06,-2.603152521318819e-07,-8.481149116335018e-11,3.1185555838262116e-06,-0.3384839679988317,0.05398771381488404,-0.004961914844553012,0.13539358719953268
19,5,COMPOSITE_Q_PLUS_RF,0.9605569167663057,0.5700663449029385,0.29827161960392456,0.039423420279403744,0.048145331869613485,1.0779579914660215e-06,-5.860498902674787e-11,-1.8644441985236327e-06,1.0779579914799164e-06,-5.860498891729904e-11,-1.8644441985224414e-06,0.29827269756191604,0.039423420220798755,0.04814346742541496,0.11930907902476642
19,6,COMPOSITE_Q_PLUS_RF,0.7349188383295826,0.6075692652704514,-0.21878639096692606,0.015127794024906228,0.23906645547458324,1.891918529852486e-05,8.45749149802522e-09,-0.0002128378247629976,1.8919185298532648e-05,8.457491498803371e-09,-0.0002128378247630014,-0.21876747178162753,0.015127802482397727,0.23885361764982024,0.23885361764982024
19,7,COMPOSITE_Q_PLUS_RF,1.0858231540503138,0.5272062900469457,0.037393967142713994,0.07414219825681023,-0.0022675001589544837,-3.107073450599616e-08,-7.467319577351408e-11,2.766229139297389e-07,-3.107073450608899e-08,-7.46731981804416e-11,2.766229139296479e-07,0.03739393607197949,0.07414219818213703,-0.002267223536040554,0.06178516515178086
19,8,COMPOSITE_Q_PLUS_RF,1.1934415576813981,0.5604056556518036,-0.40101546978936603,0.07057480927434256,-0.10755658526107045,-9.61522509349171e-09,-8.665198093341083e-11,3.062115790283191e-07,-9.615225116110793e-09,-8.665197726021034e-11,3.0621157902366303e-07,-0.40101547940459115,0.07057480918769059,-0.10755627904949143,0.16040619176183646
19,9,COMPOSITE_Q_PLUS_RF,1.296246537559359,0.597508361223159,-0.1537056465240421,-0.06788678558966889,-0.2365544010924521,-4.067099947973181e-07,-3.6019985371842188e-09,1.4022468256064114e-05,-4.0670999479353043e-07,-3.601998532776207e-09,1.4022468256075227e-05,-0.15370605323403688,-0.06788678919166742,-0.23654037862419602,0.23654037862419602
19,10,COMPOSITE_Q_PLUS_RF,0.7092310010850855,0.49362568105566546,0.2828543708787619,-0.01813803341510052,0.08795887556476852,-4.2476232076790846e-08,-4.034531964372193e-11,1.0652822430280557e-06,-4.247623208719631e-08,-4.0345320834189735e-11,1.065282243029042e-06,0.28285432840252983,-0.018138033455445842,0.08795994084701154,0.11314173136101194
19,1,COMPOSITE_Q_PLUS_GB,0.32363958537193394,0.17966879865729737,0.02622019884978154,-0.015740723203290855,-0.12038651458932564,1.0949017207017733e-07,3.94354708795719e-09,2.45447717514518e-07,1.0949017207120826e-07,3.94354708957434e-09,2.4544771751178196e-07,0.02622030833995361,-0.015740719259743765,-0.12038626914160813,0.12038626914160813
19,2,COMPOSITE_Q_PLUS_GB,0.7164054642708806,0.29533692324276917,0.2837469353020299,-0.0353388515804755,-0.09191559858888745,-4.314759353956941e-07,1.609030548092721e-09,7.879650811684992e-06,-4.314759353696296e-07,1.6090305476890165e-09,7.879650811684624e-06,0.2837465038260945,-0.03533884997144495,-0.09190771893807577,0.11349860153043781
19,3,COMPOSITE_Q_PLUS_GB,1.012841937369635,0.32589128085639385,0.5902913452815374,0.04503802948192782,0.20869529290132718,-3.127926177629664e-07,1.80623951571461e-09,3.0413942870716437e-06,-3.1279261780703393e-07,1.8062395190643343e-09,3.041394287084387e-06,0.5902910324889196,0.045038031288167336,0.20869833429561427,0.23611641299556782
19,4,COMPOSITE_Q_PLUS_GB,0.9751538558317486,0.4424094780229792,-0.33847935070887314,0.053987716735467435,-0.00505956213456169,-6.38139547028702e-07,-6.186726965262705e-10,1.4528782664009107e-05,-6.381395470378415e-07,-6.186726964063638e-10,1.4528782664008887e-05,-0.3384799888484202,0.05398771611679474,-0.005045033351897681,0.13539199553936807
19,5,COMPOSITE_Q_PLUS_GB,0.9605613263828727,0.5700690858331384,0.29826896188763374,0.039423406950856055,0.04822616161450173,-3.6574304862292183e-07,2.201830218905829e-09,9.006354246575502e-06,-3.6574304862480034e-07,2.201830218151457e-09,9.006354246575421e-06,0.2982685961445851,0.03942340915268627,0.048235167968748306,0.11930743845783405
19,6,COMPOSITE_Q_PLUS_GB,0.7349189572164465,0.6075676670667189,-0.21878272652474293,0.015127678680558563,0.23905565906524462,-2.780725394592201e-07,8.014988660135595e-10,-1.6298266458567942e-06,-2.7807253946687815e-07,8.014988655408173e-10,-1.6298266458658617e-06,-0.2187830045972824,0.015127679482057428,0.23905402923859875,0.23905402923859875
19,7,COMPOSITE_Q_PLUS_GB,1.0858236246655988,0.5272083083621258,0.037409645495313656,0.07414234111230988,-0.0024764220491913405,-3.136892622227742e-07,-4.4980610491741986e-10,6.617612478623369e-06,-3.1368926222546945e-07,-4.4980610902634055e-10,6.6176124786233685e-06,0.03740933180605143,0.07414234066250378,-0.002469804436712717,0.06178528388541982
19,8,COMPOSITE_Q_PLUS_GB,1.193444331496535,0.5604086044596001,-0.40101503467201505,0.070574792471441,-0.10756396199555779,-5.440992345241187e-07,-6.186726965262705e-10,1.003259856505376e-05,-5.440992345007167e-07,-6.186726964063638e-10,1.0032598565051787e-05,-0.40101557877124955,0.0705747918527683,-0.10755392939699274,0.1604062315084998
19,9,COMPOSITE_Q_PLUS_GB,1.2962467820293961,0.5975039379601604,-0.15369902525062626,-0.06788678222038037,-0.23668894785848932,-4.3042948849255915e-07,9.931115806848322e-10,8.101920872192959e-06,-4.3042948849603135e-07,9.93111579083994e-10,8.101920872194412e-06,-0.15369945568011475,-0.0678867812272688,-0.23668084593761712,0.23668084593761712
19,10,COMPOSITE_Q_PLUS_GB,0.7092402808613635,0.49362566189484736,0.28284892238554404,-0.018138026983300738,0.08807821972939851,-3.868238504745444e-07,1.9736297139960406e-09,1.1910170060003629e-05,-3.8682385045119005e-07,1.9736297145189763e-09,1.1910170059997727e-05,0.2828485355616936,-0.018138025009671023,0.08809012989945851,0.11313941422467744
20,1,COMPOSITE_Q,0.7335272466335955,0.1585291144615743,0.04559719233676572,0.06870689564068787,-0.17166495391097855,0.0,0.0,0.0,0.0,0.0,0.0,0.04559719233676572,0.06870689564068787,-0.17166495391097855,0.17166495391097855
20,2,COMPOSITE_Q,0.5858636265042146,0.20619383216761544,-0.25186099288399544,0.038516023982893596,0.0878631935364708,0.0,0.0,0.0,0.0,0.0,0.0,-0.25186099288399544,0.038516023982893596,0.0878631935364708,0.10074439715359818
20,3,COMPOSITE_Q,0.831050153652637,0.1620498217979303,0.47024093228133174,0.056799331270983945,-0.2602211568689283,0.0,0.0,0.0,0.0,0.0,0.0,0.47024093228133174,0.056799331270983945,-0.2602211568689283,0.2602211568689283
20,4,COMPOSITE_Q,0.8685115176379802,0.26371755873437297,-0.10639502571378044,-0.054452441202418315,-0.48848405419680824,0.0,0.0,0.0,0.0,0.0,0.0,-0.10639502571378044,-0.054452441202418315,-0.48848405419680824,0.48848405419680824
20,5,COMPOSITE_Q,0.47552952855757646,0.17143048218674922,-0.2970748174138464,-0.0010721158767611793,-0.28681543928363856,0.0,0.0,0.0,0.0,0.0,0.0,-0.2970748174138464,-0.0010721158767611793,-0.28681543928363856,0.28681543928363856
20,6,COMPOSITE_Q,0.8186995183605322,0.3151912674021905,-0.2326602527622963,0.05635624734698022,0.0976011658557884,0.0,0.0,0.0,0.0,0.0,0.0,-0.2326602527622963,0.05635624734698022,0.0976011658557884,0.0976011658557884
20,7,COMPOSITE_Q,0.7060084896957519,0.19383118711236685,0.20436597367538828,-0.04929623330732788,0.1934745127707509,0.0,0.0,0.0,0.0,0.0,0.0,0.20436597367538828,-0.04929623330732788,0.1934745127707509,0.1934745127707509
20,8,COMPOSITE_Q,0.31625257085707426,0.10526517382710043,-0.11097427812199835,0.01174040981257137,-0.20901240134697147,0.0,0.0,0.0,0.0,0.0,0.0,-0.11097427812199835,0.01174040981257137,-0.20901240134697147,0.20901240134697147
20,9,COMPOSITE_Q,0.3893042611613684,0.0968098495085573,-0.4704049588001898,-0.002615076504157874,0.3974149106374744,0.0,0.0,0.0,0.0,0.0,0.0,-0.4704049588001898,-0.002615076504157874,0.3974149106374744,0.3974149106374744
20,10,COMPOSITE_Q,0.7437858920948259,0.1363534095951035,0.026363177883972713,0.05803736190427662,0.5802246613564533,0.0,0.0,0.0,0.0,0.0,0.0,0.026363177883972713,0.05803736190427662,0.5802246613564533,0.5802246613564533
20,1,COMPOSITE_Q_PLUS_RF,0.7335272466335955,0.15852917186599436,0.04559719233676572,0.06870689564068787,-0.17166495391097855,-2.0270857440330244e-07,-6.7867023619586e-11,6.901064592019319e-06,-2.0270857440524148e-07,-6.78670175613405e-11,6.901064592029771e-06,0.045596989628191316,0.06870689557282085,-0.17165805284638652,0.17165805284638652
20,2,COMPOSITE_Q_PLUS_RF,0.5858642274932329,0.20619447623337742,-0.2518618264708716,0.03851596535111053,0.0878585806942657,2.460150232100881e-07,-5.0895025161522974e-11,-3.3175612687255933e-06,2.460150231864411e-07,-5.089502430610793e-11,-3.3175612687286193e-06,-0.2518615804558484,0.038515965300215504,0.08785526313299698,0.10074463218233935
20,3,COMPOSITE_Q_PLUS_RF,0.831051277210741,0.16205000702667893,0.4702113598061906,0.05679881250241459,-0.2597177597707951,-3.937360469202291e-08,-7.305250252887799e-11,5.810139919034825e-07,-3.937360470995799e-08,-7.30525015479877e-11,5.810139919182333e-07,0.4702113204325859,0.05679881242936209,-0.25971717875680317,0.25971717875680317
20,4,COMPOSITE_Q_PLUS_RF,0.8686935313755713,0.26371760692038626,-0.10636273952585189,-0.05445084992617994,-0.4889763598626919,-4.750248628547561e-12,-5.657773570256971e-11,-1.2280176243210464e-06,-4.750241866524618e-12,-5.657773555212131e-11,-1.2280176243106844e-06,-0.10636273953060213,-0.054450849982757676,-0.4889775878803162,0.4889775878803162
20,5,COMPOSITE_Q_PLUS_RF,0.4755289548956235,0.17143126573635598,-0.2970745156973851,-0.0010719850895180476,-0.28681448034011864,-1.1982608467634049e-08,-6.742035027252097e-11,-5.350335155671991e-11,-1.198260846102528e-08,-6.74203503355647e-11,-5.350336840237446e-11,-0.29707452767999354,-0.001071985156938398,-0.286814480393622,0.286814480393622
20,6,COMPOSITE_Q_PLUS_RF,0.8186986046467198,0.31518980889138126,-0.23266783919708936,0.05635612370659475,0.0976186852731453,-1.9258222552488508e-09,-5.4481343875186106e-11,1.650573863652843e-08,-1.9258222516693735e-09,-5.448134304808505e-11,1.65057386369849e-08,-0.2326678411229116,0.056356123652113406,0.09761870177888393,0.09761870177888393
20,7,COMPOSITE_Q_PLUS_RF,0.7060107242574716,0.1938314511366902,0.20437432101899097,-0.049296209678213285,0.19345453763322945,-1.1667396577499189e-08,-5.238084747491992e-11,-2.9543555979958707e-07,-1.1667396576653388e-08,-5.238084965775158e-11,-2.95435559793944e-07,0.2043743093515944,-0.049296209730594134,0.19345424219766966,0.19345424219766966
20,8,COMPOSITE_Q_PLUS_RF,0.3162520777445983,0.10526522323597559,-0.11098771495316846,0.011740402245977501,-0.2089941916843655,-1.529500588019169e-07,-2.738609233380479e-11,-7.239158025814858e-11,-1.529500587987842e-07,-2.7386091658310185e-11,-7.239159272032225e-11,-0.11098786790322726,0.01174040221859141,-0.2089941917567571,0.2089941917567571
20,9,COMPOSITE_Q_PLUS_RF,0.38929672842272833,0.09681060130236477,-0.470393090124691,-0.002615071931909551,0.3974000197343932,5.330154813365283e-07,6.365815209828378e-09,-7.705501655781355e-06,5.330154813631971e-07,6.365815210032655e-09,-7.705501655796976e-06,-0.47039255710920963,-0.002615065566094341,0.3973923142327374,0.3973923142327374
20,10,COMPOSITE_Q_PLUS_RF,0.7437868326065111,0.1363536344096254,0.02636364331473222,0.05803735500442405,0.5802212795940148,1.0384661010491729e-06,-7.476049939174574e-11,-6.561820345821877e-06,1.038466101048463e-06,-7.476049640464666e-11,-6.561820345862834e-06,0.026364681780833267,0.058037354929663554,0.580214717773669,0.580214717773669
20,1,COMPOSITE_Q_PLUS_GB,0.7335272466335955,0.15852925875514612,0.04559719233676572,0.06870689564068787,-0.17166495391097855,-5.067002488541313e-07,-3.478858589064981e-10,7.649125751514991e-06,-5.0670024885624e-07,-3.478858590089118e-10,7.64912575151877e-06,0.045596685636516865,0.06870689529280201,-0.17165730478522703,0.17165730478522703
20,2,COMPOSITE_Q_PLUS_GB,0.5858641184387597,0.20619639800957987,-0.2518634669447015,0.038516029699493935,0.08786122450366961,-9.417187460492365e-08,1.1251225937070489e-09,5.937431348937483e-06,-9.417187463167664e-08,1.125122592315897e-09,5.937431348940203e-06,-0.25186356111657615,0.03851603082461653,0.08786716193501855,0.10074542444663045
20,3,COMPOSITE_Q_PLUS_GB,0.8310506514270686,0.16205023517351766,0.4702093711578989,0.05679932326337426,-0.25971848779679824,-3.5297272593495333e-07,-5.002646783205222e-10,1.0840851133517921e-05,-3.5297272593659557e-07,-5.002646769058927e-10,1.0840851133508966e-05,0.47020901818517297,0.05679932276310958,-0.2597076469456647,0.2597076469456647
20,4,COMPOSITE_Q_PLUS_GB,0.8687041337168147,0.2637183418315123,-0.10635813464646245,-0.054451385377816894,-0.4889980878589393,-2.726093662040164e-08,1.6878314975088614e-09,2.7248460383366593e-06,-2.7260936619200038e-08,1.6878314995638632e-09,2.724846038359985e-06,-0.10635816190739907,-0.054451383689985394,-0.4889953630129009,0.4889953630129009
20,5,COMPOSITE_Q_PLUS_GB,0.475530703859781,0.17143240029636414,-0.2970747757365602,-0.0010721152990943988,-0.2868179484734627,7.027663210314485e-07,1.1445896298222524e-09,-9.46878072576804e-06,7.027663210257273e-07,1.14458962988985e-09,-9.468780725774284e-06,-0.2970740729702392,-0.0010721141545047689,-0.2868274172541885,0.2868274172541885
20,6,COMPOSITE_Q_PLUS_GB,0.8186991696049927,0.3151852494675734,-0.23269223659189164,0.05635625281022297,0.09768485165489316,-3.4812815853600676e-07,-2.7537291183824522e-12,6.861179495275197e-06,-3.4812815852269807e-07,-2.7537278013411992e-12,6.861179495276648e-06,-0.23269258472005017,0.05635625280746924,0.09769171283438843,0.09769171283438843
20,7,COMPOSITE_Q_PLUS_GB,0.7060174092548058,0.1938314519634246,0.204396423481646,-0.04929613731363685,0.19339348882749086,-3.912756429497524e-07,1.2638984183046044e-09,-5.492931343951741e-07,-3.9127564294139106e-07,1.263898416481446e-09,-5.492931343942242e-07,0.20439603220600305,-0.04929613604973843,0.19339293953435646,0.19339293953435646
20,8,COMPOSITE_Q_PLUS_GB,0.31625183212239993,0.10528937131072065,-0.11096898544502322,0.011740401081804623,-0.2090179336723766,-5.911214126037417e-06,1.99309996056941e-09,8.750267129673416e-05,-5.9112141260336815e-06,1.9930999611145195e-09,8.750267129672973e-05,-0.11097489665914925,0.011740403074904584,-0.20893043100107986,0.20893043100107986
20,9,COMPOSITE_Q_PLUS_GB,0.38931178772107816,0.09681105628528966,-0.47040286272227194,-0.0026150718210414,0.39733312109123825,7.324572391712618e-07,1.824203475262076e-09,-1.2454380792454258e-05,7.324572391942397e-07,1.824203475341707e-09,-1.2454380792448205e-05,-0.47040213026503275,-0.0026150699968379245,0.3973206667104458,0.3973206667104458
20,10,COMPOSITE_Q_PLUS_GB,0.7437875227858209,0.1363534465772621,0.02636248209010787,0.05803735741917287,0.5802447867055276,-5.380407520320512e-07,-5.002646783205222e-10,2.9640971275098693e-06,-5.380407520315378e-07,-5.002646769058927e-10,2.964097127522436e-06,0.026361944049355837,0.05803735691890819,0.5802477508026551,0.5802477508026551
21,1,COMPOSITE_Q,0.755592851378544,0.08629153580682525,-0.09209726444851726,0.06393706966782758,0.1528652570639256,0.0,0.0,0.0,0.0,0.0,0.0,-0.09209726444851726,0.06393706966782758,0.1528652570639256,0.1528652570639256
21,2,COMPOSITE_Q,0.7958710528233663,0.144560165792492,0.34962710696875093,-0.05687441024333837,0.012657555911248872,0.0,0.0,0.0,0.0,0.0,0.0,0.34962710696875093,-0.05687441024333837,0.012657555911248872,0.13985084278750037
21,3,COMPOSITE_Q,0.7170192707896709,0.21599077074060832,-0.23819378586947199,-0.04457821065224676,-0.12205510720422909,0.0,0.0,0.0,0.0,0.0,0.0,-0.23819378586947199,-0.04457821065224676,-0.12205510720422909,0.12205510720422909
21,4,COMPOSITE_Q,0.8785937894391899,0.0835602783625534,0.32088341549813443,0.0731785386258682,-0.2635333082091205,0.0,0.0,0.0,0.0,0.0,0.0,0.32088341549813443,0.0731785386258682,-0.2635333082091205,0.2635333082091205
21,5,COMPOSITE_Q,0.5055911007696777,0.12700764855812027,0.13062180450902264,-0.030424416558648994,0.4098404650234102,0.0,0.0,0.0,0.0,0.0,0.0,0.13062180450902264,-0.030424416558648994,0.4098404650234102,0.4098404650234102
21,6,COMPOSITE_Q,0.7291816187731915,0.13033721603330048,-0.3010904304647858,0.050203446696505394,0.1660897877724429,0.0,0.0,0.0,0.0,0.0,0.0,-0.3010904304647858,0.050203446696505394,0.1660897877724429,0.1660897877724429
21,7,COMPOSITE_Q,0.4607006147234657,0.14953589095662786,-0.3526029903837417,0.010384389436888523,0.002289789119230355,0.0,0.0,0.0,0.0,0.0,0.0,-0.3526029903837417,0.010384389436888523,0.002289789119230355,0.1410411961534967
21,8,COMPOSITE_Q,0.9166254360747607,0.05917147283611604,0.24082612675292747,0.07796926950507013,0.061408964799764404,0.0,0.0,0.0,0.0,0.0,0.0,0.24082612675292747,0.07796926950507013,0.061408964799764404,0.096330450701171
21,9,COMPOSITE_Q,0.4129900209033943,0.104183436660609,0.3478532965231573,0.014083964065560919,-0.045261517142458296,0.0,0.0,0.0,0.0,0.0,0.0,0.3478532965231573,0.014083964065560919,-0.045261517142458296,0.1391413186092629
21,10,COMPOSITE_Q,0.3935665286070949,0.13885402323368362,0.2414798106051122,0.016347618078032162,-0.0576013488346286,0.0,0.0,0.0,0.0,0.0,0.0,0.2414798106051122,0.016347618078032162,-0.0576013488346286,0.09659192424204488
21,1,COMPOSITE_Q_PLUS_RF,0.755592851378544,0.08629153462174713,-0.09209726444851726,0.06393706966782758,0.1528652570639256,-4.2215896521310625e-09,-4.7778258979771264e-11,-3.495412694359961e-08,-4.221589647301904e-09,-4.77782535757143e-11,-3.4954126953978815e-08,-0.09209726867010691,0.06393706962004933,0.15286522210979864,0.15286522210979864
21,2,COMPOSITE_Q_PLUS_RF,0.7958710601618157,0.14456043018500517,0.34956112521074484,-0.056874423140135716,0.01336465978149614,-2.3928539582065105e-06,-3.0079404281320176e-09,3.534952281731136e-05,-2.392853958199659e-06,-3.007940431454248e-09,3.534952281731077e-05,0.34955873235678664,-0.05687442614807615,0.01340000930431345,0.13982349294271465
21,3,COMPOSITE_Q_PLUS_RF,0.7170617402860123,0.21599090620635003,-0.23812165154295115,-0.04457836054573696,-0.12287918297003847,3.632876236099816e-10,-7.243838751724469e-11,1.998240517034185e-08,3.6328762220705357e-10,-7.24383886208102e-11,1.9982405174978624e-08,-0.23812165117966352,-0.04457836061817535,-0.1228791629876333,0.1228791629876333
21,4,COMPOSITE_Q_PLUS_RF,0.8785932181443621,0.08356025048346706,0.320878671757353,0.07317856822731178,-0.26344973921432896,-1.2430303206309216e-09,-8.267940230086928e-11,3.698441460344543e-07,-1.243030345321472e-09,-8.267940498907222e-11,3.6984414603091764e-07,0.3208786705143227,0.07317856814463237,-0.26344936937018293,0.26344936937018293
21,5,COMPOSITE_Q_PLUS_RF,0.5055908175293584,0.12700700196944287,0.1305901921188798,-0.030424429354073492,0.4105094004585653,-2.1295998053643613e-07,1.733846494402266e-09,3.7766704046161906e-06,-2.1295998053894039e-07,1.733846493462421e-09,3.776670404631588e-06,0.13058997915889925,-0.030424427620227,0.41051317712896995,0.41051317712896995
21,6,COMPOSITE_Q_PLUS_RF,0.7292308097357604,0.13033723063322616,-0.3010598529968362,0.05020352008671984,0.1654365909414142,8.342211221450751e-08,-7.266658253195574e-11,-3.948254135502845e-08,8.342211221812335e-08,-7.26665810857341e-11,-3.948254134744644e-08,-0.30105976957472397,0.05020352001405326,0.16543655145887284,0.16543655145887284
21,7,COMPOSITE_Q_PLUS_RF,0.46070111516221723,0.14953607872542685,-0.3526031579621422,0.010384392860951169,0.002281211515263495,2.013326080977245e-07,9.195833516860032e-10,-1.775390846679365e-06,2.0133260808519182e-07,9.195833521741248e-10,-1.7753908466795407e-06,-0.3526029566295341,0.010384393780534521,0.0022794361244168155,0.14104118265181365
21,8,COMPOSITE_Q_PLUS_RF,0.9166260456772051,0.059170806269830345,0.24082371559508173,0.07796926968077436,0.06143689458161089,6.285566561700067e-10,-7.541278661007678e-11,5.552803475333993e-09,6.285566511721186e-10,-7.541278712608346e-11,5.5528034739738e-09,0.24082371622363838,0.07796926960536157,0.061436900134414364,0.09632948648945536
21,9,COMPOSITE_Q_PLUS_RF,0.41298873109422574,0.10418368147964836,0.3478527473117615,0.014083949845150021,-0.045280091025781066,-1.0347714543271299e-07,2.25247760811262e-09,9.044149549132471e-07,-1.0347714540781539e-07,2.252477608946646e-09,9.044149549136682e-07,0.3478526438346161,0.01408395209762763,-0.04527918661082615,0.13914105753384645
21,10,COMPOSITE_Q_PLUS_RF,0.39356830013950467,0.1388574754143183,0.24148341062185963,0.01634710933136674,-0.05761690542373954,1.2122014948106935e-06,8.673338907582278e-09,-8.64367386544168e-06,1.2122014948212634e-06,8.673338908193884e-09,-8.643673865438295e-06,0.24148462282335445,0.01634711800470565,-0.05762554909760498,0.09659384912934178
21,1,COMPOSITE_Q_PLUS_GB,0.755592851378544,0.08629428372165579,-0.09209726444851726,0.06393706966782758,0.1528652570639256,-4.2621996565895806e-07,1.5521026950781797e-09,8.291715662548653e-06,-4.262199656546173e-07,1.5521026963671858e-09,8.291715662550603e-06,-0.09209769066848292,0.06393707121993028,0.15287354877958814,0.15287354877958814
21,2,COMPOSITE_Q_PLUS_GB,0.7958701824617944,0.144560225964788,0.34956419880893697,-0.056874422033784865,0.0133279970629019,-1.0648362404844657e-06,1.856698089117712e-09,8.566549835605462e-06,-1.0648362404608314e-06,1.8566980869438865e-09,8.566549835605647e-06,0.3495631339726965,-0.05687442017708678,0.013336563612737506,0.1398252535890786
21,3,COMPOSITE_Q_PLUS_GB,0.7170579587289425,0.2159908740358617,-0.2381306138801285,-0.04457835124301434,-0.12273587061439852,-9.778758711618979e-08,-6.186726965262705e-10,4.07095867750439e-06,-9.778758711109781e-08,-6.186726964063638e-10,4.070958677507286e-06,-0.2381307116677156,-0.044578351861687036,-0.12273179965572101,0.12273179965572101
21,4,COMPOSITE_Q_PLUS_GB,0.8785938319006431,0.08356087023801871,0.3208906542962733,0.073178541430864,-0.26359562365291084,-3.226629989713719e-07,-6.691312699293728e-10,7.420703677942474e-06,-3.2266299898608963e-07,-6.69131264285916e-10,7.420703677929463e-06,0.3208903316332743,0.07317854076173273,-0.2635882029492329,0.2635882029492329
21,5,COMPOSITE_Q_PLUS_GB,0.5055998242149858,0.12700700638497323,0.13058260277823802,-0.030424393802104443,0.4105634337357569,-5.314841946702453e-07,1.2016315676496474e-09,8.763005627340855e-06,-5.314841946824078e-07,1.201631568553685e-09,8.763005627354659e-06,0.13058207129404334,-0.030424392600472874,0.41057219674138423,0.41057219674138423
21,6,COMPOSITE_Q_PLUS_GB,0.7292314396295749,0.13033722541740156,-0.3010587811382136,0.050203521865148176,0.16542334433678646,1.2778912569844333e-08,-2.7354056673815447e-10,-5.301036925743952e-07,1.2778912594768599e-08,-2.735405651987932e-10,-5.301036925808855e-07,-0.301058768359301,0.05020352159160761,0.16542281423309388,0.16542281423309388
21,7,COMPOSITE_Q_PLUS_GB,0.4607008728098107,0.14956052614189563,-0.3525473513324233,0.010386015428477615,0.0022748198849820525,7.436693572847579e-07,1.1445896298222524e-09,-3.8337525067178066e-05,7.43669357261556e-07,1.1445896296730096e-09,-3.833752506717794e-05,-0.35254660766306606,0.010386016573067244,0.0022364823599148745,0.14101864306522643
21,8,COMPOSITE_Q_PLUS_GB,0.9165855466237474,0.05917123152745997,0.24076911248237312,0.07796795798849829,0.061482020542677145,-2.9042254034735406e-07,-3.239991401412568e-10,3.516287067581982e-06,-2.9042254034994386e-07,-3.239991469561332e-10,3.5162870675800595e-06,0.24076882205983277,0.07796795766449914,0.061485536829744725,0.0963075288239331
21,9,COMPOSITE_Q_PLUS_GB,0.4129881234279356,0.10418487549160765,0.34785604171637774,0.014083961338401063,-0.045288058768058574,7.188832928089576e-07,1.9426413871663075e-09,-5.707974183279949e-06,7.188832927829125e-07,1.942641388030797e-09,-5.707974183283282e-06,0.3478567605996705,0.014083963281042451,-0.04529376674224186,0.13914270423986821
21,10,COMPOSITE_Q_PLUS_GB,0.39356637720184484,0.13885312389682372,0.2414810452625562,0.01634758880174463,-0.057610166025614445,2.9497447404589565e-08,2.287773516954424e-09,1.1450578412071005e-06,2.9497447401327648e-08,2.2877735157689205e-09,1.145057841205055e-06,0.2414810747600036,0.016347591089518144,-0.05760902096777324,0.09659242990400144
22,1,COMPOSITE_Q,0.6872247589103506,0.10934326798013336,-0.5321686931515337,-0.015727477760680248,-0.3317117753210234,0.0,0.0,0.0,0.0,0.0,0.0,-0.5321686931515337,-0.015727477760680248,-0.3317117753210234,0.3317117753210234
22,2,COMPOSITE_Q,0.754803411599848,0.263950714944537,-0.19880525577650818,-0.05476848586616638,-0.001426525281295464,0.0,0.0,0.0,0.0,0.0,0.0,-0.19880525577650818,-0.05476848586616638,-0.001426525281295464,0.07952210231060328
22,3,COMPOSITE_Q,0.9928861787910179,0.3903613151143377,0.27987039814060916,0.053675118138888665,-0.31534581822536756,0.0,0.0,0.0,0.0,0.0,0.0,0.27987039814060916,0.053675118138888665,-0.31534581822536756,0.31534581822536756
22,4,COMPOSITE_Q,1.1662897287863445,0.25960413240566577,-0.46978210719301045,-0.08387709796927009,-0.022617667203989222,0.0,0.0,0.0,0.0,0.0,0.0,-0.46978210719301045,-0.08387709796927009,-0.022617667203989222,0.18791284287720417
22,5,COMPOSITE_Q,0.7094439986237827,0.27590305379034163,0.2894060603456539,0.02988515587754599,0.240606888171824,0.0,0.0,0.0,0.0,0.0,0.0,0.2894060603456539,0.02988515587754599,0.240606888171824,0.240606888171824
22,6,COMPOSITE_Q,0.7641739850670168,0.1533660498743356,0.34170868871476134,0.047471343452698336,-0.27194602820941943,0.0,0.0,0.0,0.0,0.0,0.0,0.34170868871476134,0.047471343452698336,-0.27194602820941943,0.27194602820941943
22,7,COMPOSITE_Q,0.7954099149194362,0.20669531610673778,0.21933161794574899,0.053269043322164096,-0.20580255038888637,0.0,0.0,0.0,0.0,0.0,0.0,0.21933161794574899,0.053269043322164096,-0.20580255038888637,0.20580255038888637
22,8,COMPOSITE_Q,0.6911283712034778,0.18401773445410702,-0.39919831408823125,0.0288089884648675,-0.3706401134259444,0.0,0.0,0.0,0.0,0.0,0.0,-0.39919831408823125,0.0288089884648675,-0.3706401134259444,0.3706401134259444
22,9,COMPOSITE_Q,1.0539475923648491,0.10714556351293086,0.3724708935154058,-0.07003687627493842,0.3490877424823535,0.0,0.0,0.0,0.0,0.0,0.0,0.3724708935154058,-0.07003687627493842,0.3490877424823535,0.3490877424823535
22,10,COMPOSITE_Q,0.7791792089374776,0.13999965306908435,0.46462550221215776,-0.04385101489137881,-0.4128372374589434,0.0,0.0,0.0,0.0,0.0,0.0,0.46462550221215776,-0.04385101489137881,-0.4128372374589434,0.4128372374589434
22,1,COMPOSITE_Q_PLUS_RF,0.6872247589103506,0.1093500603672526,-0.5321686931515337,-0.015727477760680248,-0.3317117753210234,2.043576429859814e-06,1.4099969082100062e-09,-2.9543297684815693e-05,2.0435764298554204e-06,1.4099969074254926e-09,-2.9543297684841985e-05,-0.5321666495751038,-0.01572747635068334,-0.33174131861870826,0.33174131861870826
22,2,COMPOSITE_Q_PLUS_RF,0.7548017882169069,0.26395069758577805,-0.19880704009747865,-0.05476849312816956,-0.001397045739358103,4.777853987428828e-08,-6.05400454803031e-11,-1.2483467651821532e-10,4.777853987447678e-08,-6.054004519917555e-11,-1.2483467645013624e-10,-0.19880699231893878,-0.054768493188709605,-0.0013970458641927794,0.07952279692757551
22,3,COMPOSITE_Q_PLUS_RF,0.9928860606635926,0.3903612094584496,0.2798704013031964,0.05367510571771126,-0.3153457102792541,-1.1644629351038823e-08,-9.570422811061093e-11,1.5775775631259957e-06,-1.1644629371865278e-08,-9.570422926374889e-11,1.57757756313881e-06,0.27987038965856703,0.05367510562200703,-0.315344132701691,0.315344132701691
22,4,COMPOSITE_Q_PLUS_RF,1.166290038600946,0.2596220121483028,-0.46978211225634164,-0.08387708363666599,-0.02262319806176242,5.125028504321637e-06,-7.432307384179615e-11,-6.869676855912885e-05,5.1250285043047406e-06,-7.432307547183825e-11,-6.869676855912957e-05,-0.46977698722783734,-0.08387708371098906,-0.02269189483032155,0.18791079489113494
22,5,COMPOSITE_Q_PLUS_RF,0.7094703898074511,0.27590188829832013,0.28940206554684733,0.02988508259609777,0.24061393910473697,1.3967524283877875e-06,-9.1143504680018e-11,7.327339490811763e-06,1.396752428384218e-06,-9.114350593697473e-11,7.327339490798002e-06,0.2894034622992757,0.029885082504954263,0.24062126644422777,0.24062126644422777
22,6,COMPOSITE_Q_PLUS_RF,0.7641757193924682,0.15336606979231016,0.34170588367534854,0.047471343828041565,-0.2718829750582575,-3.279463391895624e-07,-7.954103608923496e-11,1.4180178182362697e-05,-3.2794633919586147e-07,-7.954103348195574e-11,1.4180178182388037e-05,0.34170555572900935,0.04747134374850053,-0.2718687948800751,0.2718687948800751
22,7,COMPOSITE_Q_PLUS_RF,0.7954094531135653,0.20669468240375788,0.21932859737344657,0.05326905634032313,-0.2058177802659703,-3.7736999314911e-08,-8.068532569172285e-11,5.279636371136439e-07,-3.7736999303206176e-08,-8.068532647564908e-11,5.279636371147145e-07,0.21932855963644726,0.053269056259637806,-0.2058172523023332,0.2058172523023332
22,8,COMPOSITE_Q_PLUS_RF,0.6911283051660015,0.1840177285621496,-0.39919610959602136,0.028808984299617413,-0.37063743509910013,2.7575105188110645e-07,-8.738150101998907e-11,-3.861390947220381e-06,2.7575105188137883e-07,-8.738150134024458e-11,-3.861390947212939e-06,-0.3991958338449695,0.028808984212235912,-0.37064129649004735,0.37064129649004735
22,9,COMPOSITE_Q_PLUS_RF,1.0539473382720266,0.1071456730569,0.3724712577557603,-0.07003687702608266,0.3490766796093056,1.4296040374568478e-07,-7.886335809659903e-11,6.069470880355227e-06,1.4296040373729113e-07,-7.886336028661844e-11,6.069470880332162e-06,0.372471400716164,-0.07003687710494602,0.34908274908018594,0.34908274908018594
22,10,COMPOSITE_Q_PLUS_RF,0.7791791896208747,0.14000000319963274,0.4646255589998905,-0.0438510174275687,-0.41285103425074987,8.676300880678312e-07,-6.689209164896422e-09,1.4923895278450952e-05,8.676300880527954e-07,-6.6892091657444475e-09,1.4923895278462496e-05,0.46462642662997855,-0.04385102411677787,-0.4128361103554714,0.4128361103554714
22,1,COMPOSITE_Q_PLUS_GB,0.6872247589103506,0.10934341290536313,-0.5321686931515337,-0.015727477760680248,-0.3317117753210234,1.0787542159727547e-07,1.6713306996820326e-11,5.28932011531659e-06,1.0787542159551577e-07,1.6713307821047962e-11,5.289320115342555e-06,-0.5321685852761121,-0.01572747774396694,-0.3317064860009081,0.3317064860009081
22,2,COMPOSITE_Q_PLUS_GB,0.754803948571281,0.2639518438888304,-0.19880503547548098,-0.05476848491513894,-0.0014320782290697459,-9.778758711618979e-08,-2.7537291183824522e-12,4.245324902392275e-06,-9.778758711109781e-08,-2.7537278013411992e-12,4.24532490239226e-06,-0.1988051332630681,-0.05476848491789267,-0.0014278329041673536,0.07952205330522724
22,3,COMPOSITE_Q_PLUS_GB,0.992886017898285,0.39037469779552847,0.27984933468606227,0.053677251864479414,-0.3153338440232995,-1.6494815685558947e-07,-6.691312699293728e-10,7.242008236227076e-06,-1.6494815685552666e-07,-6.691312712248099e-10,7.2420082362079086e-06,0.2798491697379054,0.05367725119534814,-0.3153266020150633,0.3153266020150633
22,4,COMPOSITE_Q_PLUS_GB,1.1662974462655793,0.25960953784072915,-0.4698116348834461,-0.08387926879794606,-0.021768477404112693,6.652581378429142e-05,-6.186726965262705e-10,-0.0008534259148655313,6.652581378430167e-05,-6.186726964063638e-10,-0.000853425914865532,-0.4697451090696618,-0.08387926941661876,-0.022621903318978225,0.18789804362786472
22,5,COMPOSITE_Q_PLUS_GB,0.7094257074205353,0.27590157906891144,0.28939289851185995,0.02988521963619182,0.2405194184728422,-5.479688955651406e-07,-6.691312699293728e-10,1.372432665724118e-05,-5.479688955922768e-07,-6.691312712248099e-10,1.3724326657249541e-05,0.28939235054296436,0.029885218967060548,0.24053314279949944,0.24053314279949944
22,6,COMPOSITE_Q_PLUS_GB,0.7641763699501423,0.15336589114483004,0.3417074141960003,0.047471344712135384,-0.2718886614858074,-6.38424089899896e-07,1.5254621113966797e-09,5.11949786281735e-06,-6.384240899270921e-07,1.525462110796294e-09,5.119497862804412e-06,0.3417067757719104,0.047471346237597495,-0.2718835419879446,0.2718835419879446
22,7,COMPOSITE_Q_PLUS_GB,0.7954096941188653,0.20669492657206606,0.21932871185965744,0.053269060109249304,-0.20580604221567764,-3.446617893180398e-07,-3.9834443230960043e-10,5.355780436102351e-06,-3.446617893310133e-07,-3.9834443382735785e-10,5.355780436089308e-06,0.2193283671978681,0.05326905971090487,-0.20580068643524155,0.20580068643524155
22,8,COMPOSITE_Q_PLUS_GB,0.6911303428715231,0.18401782736580666,-0.39919542161058413,0.028808965354755925,-0.3706447930215709,3.3933544810891744e-08,-6.186726965262705e-10,3.943353130219625e-06,3.39335448074074e-08,-6.186726964063638e-10,3.943353130198002e-06,-0.3991953876770393,0.02880896473608323,-0.3706408496684407,0.3706408496684407
22,9,COMPOSITE_Q_PLUS_GB,1.0539465992158987,0.10714566736890088,0.3724712867603625,-0.0700368738436237,0.3490728619960783,-3.990724857305357e-07,9.931115806848322e-10,-6.831007551590928e-06,-3.9907248572390586e-07,9.93111579083994e-10,-6.831007551610924e-06,0.3724708876878768,-0.07003687285051212,0.3490660309885267,0.3490660309885267
22,10,COMPOSITE_Q_PLUS_GB,0.7791807980632391,0.13999958881961938,0.46462661637603453,-0.043851011559564126,-0.4128430626323807,2.6629530344850215e-07,9.931115806848322e-10,-2.5344228439369576e-06,2.6629530347488384e-07,9.93111579083994e-10,-2.5344228439250216e-06,0.464626882671338,-0.04385101056645255,-0.4128455970552246,0.4128455970552246
23,1,COMPOSITE_Q,0.29429958628429526,0.11327878135266815,-0.2203983613341795,-0.008941767281291405,-0.006512903895731879,0.0,0.0,0.0,0.0,0.0,0.0,-0.2203983613341795,-0.008941767281291405,-0.006512903895731879,0.0881593445336718
23,2,COMPOSITE_Q,0.5413547445521941,0.1684579970538057,0.21517176385120088,0.02006889597952096,0.34294308427520526,0.0,0.0,0.0,0.0,0.0,0.0,0.21517176385120088,0.02006889597952096,0.34294308427520526,0.34294308427520526
23,3,COMPOSITE_Q,0.6349203644689466,0.07333686137915015,0.15874288714995574,-0.054397273300695846,-0.17370342676728584,0.0,0.0,0.0,0.0,0.0,0.0,0.15874288714995574,-0.054397273300695846,-0.17370342676728584,0.17370342676728584
23,4,COMPOSITE_Q,0.8649692709421405,0.07514550641749426,-0.17317446449862597,-0.07380594466456875,-0.1875560084897264,0.0,0.0,0.0,0.0,0.0,0.0,-0.17317446449862597,-0.07380594466456875,-0.1875560084897264,0.1875560084897264
23,5,COMPOSITE_Q,0.9466219656677619,0.21404931032693217,0.18490552564442214,0.07022400445751532,-0.09813266803492961,0.0,0.0,0.0,0.0,0.0,0.0,0.18490552564442214,0.07022400445751532,-0.09813266803492961,0.09813266803492961
23,6,COMPOSITE_Q,0.6849533059101788,0.12013387363236831,0.30049968597199916,-0.040520698602910916,0.20797061792161492,0.0,0.0,0.0,0.0,0.0,0.0,0.30049968597199916,-0.040520698602910916,0.20797061792161492,0.20797061792161492
23,7,COMPOSITE_Q,0.7932974597878282,0.1254350381626763,0.33502331157291465,-0.054498436250184114,0.2446635369140524,0.0,0.0,0.0,0.0,0.0,0.0,0.33502331157291465,-0.054498436250184114,0.2446635369140524,0.2446635369140524
23,8,COMPOSITE_Q,0.6873713271657232,0.0990024192297696,-0.46402575137954927,-0.03739092936467394,-0.04567728667922055,0.0,0.0,0.0,0.0,0.0,0.0,-0.46402575137954927,-0.03739092936467394,-0.04567728667922055,0.1856103005518197
23,9,COMPOSITE_Q,1.0081026336883767,0.15501776474226509,0.01195990147010009,0.09073154921889003,0.10044846070794197,0.0,0.0,0.0,0.0,0.0,0.0,0.01195990147010009,0.09073154921889003,0.10044846070794197,0.10044846070794197
23,10,COMPOSITE_Q,0.6169252124680181,0.197838122167095,-0.11656222499798727,0.04871773553392916,0.3387018357834395,0.0,0.0,0.0,0.0,0.0,0.0,-0.11656222499798727,0.04871773553392916,0.3387018357834395,0.3387018357834395
23,1,COMPOSITE_Q_PLUS_RF,0.29429958628429526,0.11327878159411175,-0.2203983613341795,-0.008941767281291405,-0.006512903895731879,4.925278170649928e-12,-2.25501657337066e-11,-2.9953988685638117e-09,4.925282404144582e-12,-2.2550166595136645e-11,-2.9953988681802324e-09,-0.22039836132925422,-0.008941767303841571,-0.006512906891130747,0.08815934453170168
23,2,COMPOSITE_Q_PLUS_RF,0.5413547459389794,0.16845823600472368,0.21517173440502568,0.020068899500352306,0.34293528008182345,-4.3733272391544976e-08,-8.626785572136396e-11,4.249388056992837e-07,-4.3733272392376676e-08,-8.62678574409248e-11,4.249388056987158e-07,0.2151716906717533,0.02006889941408445,0.34293570502062914,0.34293570502062914
23,3,COMPOSITE_Q_PLUS_RF,0.6349206776595313,0.07333697382729829,0.15874289542738346,-0.05439727985084485,-0.17372742581800513,1.119065040731246e-08,-6.030808609802968e-11,5.951472168251332e-06,1.1190650406334157e-08,-6.030808491486184e-11,5.95147216825298e-06,0.15874290661803386,-0.05439727991115294,-0.17372147434583687,0.17372147434583687
23,4,COMPOSITE_Q_PLUS_RF,0.8649664350280684,0.0751456491503128,-0.17317455291209743,-0.07380594050877168,-0.18753068640667606,-4.418773139797085e-12,-6.997048906764543e-11,3.4744419832811947e-06,-4.41877090473497e-12,-6.997048773715875e-11,3.4744419832866136e-06,-0.1731745529165162,-0.07380594057874217,-0.18752721196469277,0.18752721196469277
23,5,COMPOSITE_Q_PLUS_RF,0.9466218628639831,0.21404930014218657,0.18490563134091337,0.07022399924860481,-0.09813593236966842,-7.546162134062186e-12,-5.827387558741127e-11,8.150412023889881e-07,-7.546158142801573e-12,-5.827387183909849e-11,8.150412023899545e-07,0.1849056313333672,0.07022399919033094,-0.09813511732846603,0.09813511732846603
23,6,COMPOSITE_Q_PLUS_RF,0.6849531620667789,0.12013555247241361,0.30050314848210313,-0.040520693877927304,0.20795943527942784,5.287159443973305e-07,7.76328348205431e-09,-5.009281102783245e-06,5.28715944414504e-07,7.763283481343475e-09,-5.009281102780205e-06,0.30050367719804755,-0.04052068611464382,0.20795442599832506,0.20795442599832506
23,7,COMPOSITE_Q_PLUS_RF,0.7932967892880334,0.1254392062408825,0.33506640463418713,-0.05449845083788622,0.24463238979019467,5.552884391746734e-07,9.016743084367631e-09,-4.642187903585198e-06,5.552884391746282e-07,9.016743081347034e-09,-4.64218790358073e-06,0.3350669599226263,-0.05449844182114314,0.24462774760229108,0.24462774760229108
23,8,COMPOSITE_Q_PLUS_RF,0.6873983199059779,0.09900549607937402,-0.4640821074375962,-0.03739073118045813,-0.04559766168220844,1.2119071250327694e-07,-7.321554418630038e-11,2.8539781993950497e-08,1.211907125209244e-07,-7.321554473804781e-11,2.8539781996017588e-08,-0.4640819862468837,-0.037390731253673676,-0.045597633142426444,0.18563279449875347
23,9,COMPOSITE_Q_PLUS_RF,1.008103417372511,0.1550181050169856,0.011968903979279357,0.09073134764487978,0.10042263401009514,-2.639690877467099e-07,-6.945601581179564e-11,7.4408079461084985e-09,-2.6396908774616035e-07,-6.945601038754745e-11,7.440807942016292e-09,0.01196864001019161,0.09073134757542377,0.10042264145090309,0.10042264145090309
23,10,COMPOSITE_Q_PLUS_RF,0.6169251970053063,0.19783880318419822,-0.11656328938454841,0.048717771913606295,0.3387038746814737,-1.7407271989582846e-07,1.23572702622534e-09,1.7305632964613653e-06,-1.740727198912273e-07,1.2357270276486254e-09,1.730563296442611e-06,-0.1165634634572683,0.04871777314933332,0.33870560524477017,0.33870560524477017
23,1,COMPOSITE_Q_PLUS_GB,0.29429958628429526,0.11327878395449875,-0.2203983613341795,-0.008941767281291405,-0.006512903895731879,1.3884439939580692e-07,3.94354708795719e-09,-5.912115035127276e-07,1.3884439939437776e-07,3.943547087839616e-09,-5.91211503512927e-07,-0.2203982224897801,-0.008941763337744317,-0.006513495107235392,0.08815928899591205
23,2,COMPOSITE_Q_PLUS_GB,0.5413548746298912,0.16845942983599585,0.21517165311781647,0.020068897411590653,0.34294356683717886,-3.707608838269785e-07,1.0941310564191502e-09,5.965065906816381e-06,-3.707608838277032e-07,1.094131056589287e-09,5.965065906832212e-06,0.21517128235693264,0.02006889850572171,0.3429495319030857,0.3429495319030857
23,3,COMPOSITE_Q_PLUS_GB,0.6349203744813144,0.07333729734827404,0.15874321669461045,-0.05439728105390013,-0.17371148958021226,-2.0412970505663909e-07,-3.478858589064981e-10,4.634436260553993e-06,-2.041297050558999e-07,-3.478858590089118e-10,4.634436260558816e-06,0.1587430125649054,-0.05439728140178599,-0.1737068551439517,0.1737068551439517
23,4,COMPOSITE_Q_PLUS_GB,0.8649694044474583,0.07514559302979192,-0.17317449210354594,-0.073805942075907,-0.18755872045998567,-1.840187328232494e-07,-6.186726965262705e-10,4.4944776305781935e-06,-1.840187328350229e-07,-6.186726964063638e-10,4.494477630567761e-06,-0.17317467612227877,-0.0738059426945797,-0.1875542259823551,0.1875542259823551
23,5,COMPOSITE_Q_PLUS_GB,0.9466219575138347,0.21404941070651706,0.18490609543477995,0.07022399890367012,-0.0981369783524957,-6.038968358058409e-07,1.870594241184796e-09,8.565585264374072e-06,-6.038968358157426e-07,1.8705942350649707e-09,8.56558526438067e-06,0.18490549153794414,0.07022400077426436,-0.09812841276723132,0.09812841276723132
23,6,COMPOSITE_Q_PLUS_GB,0.6849525160977881,0.1201373952528661,0.30050088177201856,-0.04052069260816408,0.20795596826206691,-1.1777475867650741e-08,1.856698089117712e-09,-1.136734031894416e-05,-1.1777475883434363e-08,1.8566980869438865e-09,-1.1367340318951813e-05,0.3005008699945427,-0.04052069075146599,0.20794460092174796,0.20794460092174796
23,7,COMPOSITE_Q_PLUS_GB,0.7932991972575271,0.12543868461251279,0.33502015888578257,-0.05449844339812037,0.24468464920812225,-6.402633397183003e-08,1.856698089117712e-09,-1.1814888181809684e-05,-6.402633395685697e-08,1.8566980869438865e-09,-1.1814888181804761e-05,0.3350200948594486,-0.054498441541422284,0.24467283431994044,0.24467283431994044
23,8,COMPOSITE_Q_PLUS_GB,0.6873679681542388,0.09900321882657206,-0.46402332702316385,-0.037390942413740476,-0.04566914435013409,6.88125364589877e-08,-6.186726965262705e-10,-2.356507072406023e-06,6.881253644674956e-08,-6.186726964063638e-10,-2.356507072406866e-06,-0.4640232582106274,-0.03739094303241317,-0.0456715008572065,0.18560930328425096
23,9,COMPOSITE_Q_PLUS_GB,1.0081027796314184,0.15501812892561959,0.01195998149234817,0.09073158764145464,0.10045066470170169,-2.576556383336308e-07,-3.239991401412568e-10,3.516287067581982e-06,-2.5765563833358984e-07,-3.239991469561332e-10,3.5162870675869984e-06,0.011959723836709837,0.0907315873174555,0.10045418098876928,0.10045418098876928
23,10,COMPOSITE_Q_PLUS_GB,0.6169246668157586,0.19783832230216897,-0.11656218160770068,0.048717703113364604,0.33869855025571083,-6.559194694966345e-08,-1.186493544333062e-10,-5.901468871319236e-07,-6.559194694333303e-08,-1.1864935423044898e-10,-5.901468871361004e-07,-0.11656224719964763,0.04871770299471525,0.3386979601088237,0.3386979601088237
24,1,COMPOSITE_Q,0.9706271156764532,0.16226847535970715,-0.018246466562834632,-0.08656378422409597,0.16975818324753403,0.0,0.0,0.0,0.0,0.0,0.0,-0.018246466562834632,-0.08656378422409597,0.16975818324753403,0.16975818324753403
24,2,COMPOSITE_Q,0.42863301377997026,0.2949965420469012,-0.018955509382597616,-0.020798136045944726,0.039522647899702744,0.0,0.0,0.0,0.0,0.0,0.0,-0.018955509382597616,-0.020798136045944726,0.039522647899702744,0.039522647899702744
24,3,COMPOSITE_Q,1.3750334559492479,0.40662920545806214,0.3968719823448863,0.08458639141341101,-0.23879690529277592,0.0,0.0,0.0,0.0,0.0,0.0,0.3968719823448863,0.08458639141341101,-0.23879690529277592,0.23879690529277592
24,4,COMPOSITE_Q,0.9849164604735792,0.4161987607318312,-0.17199064279349968,0.05531438388840236,-0.45244618915729823,0.0,0.0,0.0,0.0,0.0,0.0,-0.17199064279349968,0.05531438388840236,-0.45244618915729823,0.45244618915729823
24,5,COMPOSITE_Q,0.781476786390974,0.4395245089653134,-0.15101167822251385,0.03176580105372242,0.44785795826536506,0.0,0.0,0.0,0.0,0.0,0.0,-0.15101167822251385,0.03176580105372242,0.44785795826536506,0.44785795826536506
24,6,COMPOSITE_Q,0.5071708847562647,0.3750122242586662,0.07481548096756191,-0.022319480930462352,-0.2348442860789233,0.0,0.0,0.0,0.0,0.0,0.0,0.07481548096756191,-0.022319480930462352,-0.2348442860789233,0.2348442860789233
24,7,COMPOSITE_Q,0.984944297283588,0.41025184891853056,0.05351705211148563,0.05995728821278903,0.12944444697036736,0.0,0.0,0.0,0.0,0.0,0.0,0.05351705211148563,0.05995728821278903,0.12944444697036736,0.12944444697036736
24,8,COMPOSITE_Q,0.7863276517827208,0.43202408909160783,-0.4292902586298467,-0.018835316281111188,-0.2389873729148997,0.0,0.0,0.0,0.0,0.0,0.0,-0.4292902586298467,-0.018835316281111188,-0.2389873729148997,0.2389873729148997
24,9,COMPOSITE_Q,0.5822827085107497,0.4405886345150293,-0.09468990695581779,0.010461578405388769,-0.216410578815972,0.0,0.0,0.0,0.0,0.0,0.0,-0.09468990695581779,0.010461578405388769,-0.216410578815972,0.216410578815972
24,10,COMPOSITE_Q,1.3734787063067313,0.6080206929395886,0.3351618654697646,0.06686027842580453,0.029173284977244484,0.0,0.0,0.0,0.0,0.0,0.0,0.3351618654697646,0.06686027842580453,0.029173284977244484,0.13406474618790584
24,1,COMPOSITE_Q_PLUS_RF,0.9706271156764532,0.1622684727413048,-0.018246466562834632,-0.08656378422409597,0.16975818324753403,1.072249341149764e-08,-5.5948440185605024e-11,5.333120606466904e-07,1.0722493410525447e-08,-5.594844032508206e-11,5.333120606521025e-07,-0.018246455840341222,-0.08656378428004441,0.16975871655959468,0.16975871655959468
24,2,COMPOSITE_Q_PLUS_RF,0.4286329875736007,0.2949962062540441,-0.018956957842679104,-0.020798135919630617,0.039537912976986,1.3766509848042554e-07,4.6363073869168644e-09,-1.7719453577632737e-06,1.3766509848051056e-07,4.636307386618466e-09,-1.7719453577619282e-06,-0.018956820177580623,-0.02079813128332323,0.03953614103162824,0.03953614103162824
24,3,COMPOSITE_Q_PLUS_RF,1.375033438675622,0.40662958825481915,0.3968737722460155,0.08458637890161594,-0.23881948404946515,-1.5151392714121668e-06,-2.785864673286386e-09,3.268480506298233e-05,-1.5151392714352063e-06,-2.785864677834482e-09,3.268480506299354e-05,0.39687225710674406,0.08458637611575126,-0.23878679924440216,0.23878679924440216
24,4,COMPOSITE_Q_PLUS_RF,0.9849177309990366,0.416198697674264,-0.17199029572052904,0.05531441780974726,-0.45246214469275414,-4.438920864023321e-09,-8.510541007720484e-11,2.816463711188467e-06,-4.4389208697648286e-09,-8.510540883133189e-11,2.816463711197148e-06,-0.1719903001594499,0.05531441772464185,-0.45245932822904295,0.45245932822904295
24,5,COMPOSITE_Q_PLUS_RF,0.7814761002560662,0.439524667702472,-0.15101340179613137,0.03176578065779656,0.44876137946587474,-5.436558267251086e-07,-8.42305423387464e-11,1.596510411579762e-05,-5.436558267180036e-07,-8.423053921013945e-11,1.5965104115778228e-05,-0.1510139454519581,0.03176578057356602,0.4487773445699905,0.4487773445699905
24,6,COMPOSITE_Q_PLUS_RF,0.5072096375890509,0.3750126193354902,0.07487205173423138,-0.02231934059161627,-0.2367222915995204,9.566911984605782e-08,-3.660479828755013e-11,-9.10032030793131e-06,9.56691198483739e-08,-3.660479905298608e-11,-9.100320307930954e-06,0.07487214740335123,-0.02231934062822107,-0.23673139191982834,0.23673139191982834
24,7,COMPOSITE_Q_PLUS_RF,0.9849509824632736,0.41025185274822273,0.05346415627428986,0.059957422644732805,0.13036635630533178,2.1801770363445633e-08,-8.808768305054928e-11,3.988544254929066e-06,2.180177036126274e-08,-8.808768298118608e-11,3.988544254929227e-06,0.05346417807606022,0.05995742255664512,0.1303703448495867,0.1303703448495867
24,8,COMPOSITE_Q_PLUS_RF,0.7863292416013077,0.432024214194551,-0.42929033476158923,-0.01883531557478953,-0.23892225932567926,4.366403241464913e-07,-7.623320091866851e-11,-2.3503740730407216e-05,4.366403241196082e-07,-7.623320030791803e-11,-2.3503740730401734e-05,-0.4292898981212651,-0.01883531565102273,-0.23894576306640966,0.23894576306640966
24,9,COMPOSITE_Q_PLUS_RF,0.5822997904657615,0.44058893110799363,-0.09468682560105571,0.010461557976212186,-0.2176899324540962,1.104674844297886e-06,-6.05805084943036e-11,-3.5834048574864e-05,1.1046748442933296e-06,-6.058050935897619e-11,-3.583404857485095e-05,-0.09468572092621141,0.010461557915631676,-0.21772576650267106,0.21772576650267106
24,10,COMPOSITE_Q_PLUS_RF,1.3735248559368707,0.6080244381884204,0.3351599473499961,0.06686027816729583,0.029552311226188097,-4.92367026552541e-06,-2.2969307643136132e-07,5.776523914900024e-06,-4.92367026549978e-06,-2.2969307643394554e-07,5.77652391490005e-06,0.3351550236797306,0.06686004847421939,0.029558087750102997,0.13406200947189223
24,1,COMPOSITE_Q_PLUS_GB,0.9706271156764532,0.1622684698193915,-0.018246466562834632,-0.08656378422409597,0.16975818324753403,-2.2915080722218879e-07,1.3317744308615098e-09,5.202411033273983e-06,-2.2915080722177295e-07,1.331774426849286e-09,5.20241103327268e-06,-0.018246695713641854,-0.08656378289232154,0.1697633856585673,0.1697633856585673
24,2,COMPOSITE_Q_PLUS_GB,0.4286328746535247,0.29499729490528176,-0.018956728078565483,-0.020798138571760192,0.03953211876552781,-2.688691240168495e-07,2.6928969547918303e-09,5.975782456645766e-06,-2.6886912401699603e-07,2.692896954037405e-09,5.975782456646428e-06,-0.0189569969476895,-0.020798135878863238,0.03953809454798446,0.03953809454798446
24,3,COMPOSITE_Q_PLUS_GB,1.3750333782703419,0.4066311510969294,0.39686146225004226,0.08458638807919021,-0.238607902739047,-8.243061957149901e-07,-1.8054353861180522e-09,1.128112551965494e-05,-8.243061956902942e-07,-1.8054353845275983e-09,1.1281125519652102e-05,0.3968606379438466,0.08458638627375482,-0.23859662161352735,0.23859662161352735
24,4,COMPOSITE_Q_PLUS_GB,0.9849255473853025,0.4161987649692487,-0.17197770743206403,0.055314434308366495,-0.45266939435818854,-8.131768599756215e-08,-6.691312699293728e-10,7.92116380825205e-06,-8.131768600150302e-08,-6.691312712248099e-10,7.921163808266574e-06,-0.17197778874975003,0.05531443363923522,-0.45266147319438027,0.45266147319438027
24,5,COMPOSITE_Q_PLUS_GB,0.7814762881071164,0.4395245452271058,-0.15101176671108657,0.03176578074109091,0.44797428514547066,-2.040203736361421e-07,-3.9834443230960043e-10,1.1123461376509384e-05,-2.0402037362310388e-07,-3.9834443382735785e-10,1.1123461376494337e-05,-0.1510119707314602,0.03176578034274648,0.44798540860684716,0.44798540860684716
24,6,COMPOSITE_Q_PLUS_GB,0.5071765221478272,0.3750105034881086,0.07485609615322922,-0.02231945759183317,-0.23567258718631262,1.5846598947732127e-07,2.0647148882613417e-09,-2.3045635082345605e-06,1.584659894832141e-07,2.064714888644348e-09,-2.304563508220836e-06,0.0748562546192187,-0.02231945552711828,-0.23567489174982084,0.23567489174982084
24,7,COMPOSITE_Q_PLUS_GB,0.9849489885781507,0.41025188680476454,0.05347778198155526,0.05995737404903515,0.1301173493917747,-1.271745336962289e-07,-3.9834443230960043e-10,2.1903438180599394e-06,-1.271745336955954e-07,-3.9834443382735785e-10,2.1903438180703727e-06,0.05347765480702157,0.05995737365069072,0.13011953973559276,0.13011953973559276
24,8,COMPOSITE_Q_PLUS_GB,0.7863275357802872,0.4320242715997906,-0.4292899151944023,-0.01883531609780837,-0.23905112902267495,-5.997562817498086e-07,1.6713306996820326e-11,1.1497728453142459e-05,-5.997562817494639e-07,1.6713307821047962e-11,1.1497728453130351e-05,-0.42929051495068404,-0.018835316081095062,-0.23903963129422182,0.23903963129422182
24,9,COMPOSITE_Q_PLUS_GB,0.5822656493090803,0.4405888310878262,-0.09468728058042751,0.010461604007438598,-0.2173019179820868,7.524041992699063e-07,1.3649178940389223e-09,-1.3430490307025563e-05,7.52404199264034e-07,1.364917893986739e-09,-1.3430490307025922e-05,-0.09468652817622825,0.010461605372356492,-0.21731534847239384,0.21731534847239384
24,10,COMPOSITE_Q_PLUS_GB,1.3735136991032217,0.6080230151472552,0.33515873102578825,0.06686027735446536,0.030134358796334644,-3.660320875405933e-06,4.0211309530631353e-07,7.0942021019352214e-06,-3.6603208753982486e-06,4.0211309530746586e-07,7.094202101935038e-06,0.33515507070491285,0.06686067946756066,0.03014145299843658,0.13406202828196515
25,1,COMPOSITE_Q,0.8677642532956251,0.05003858518128516,-0.4877029271999929,0.05780281583948114,-0.07834049953280164,0.0,0.0,0.0,0.0,0.0,0.0,-0.4877029271999929,0.05780281583948114,-0.07834049953280164,0.19508117087999716
25,2,COMPOSITE_Q,1.0964338608176045,0.06255055270841009,-0.35828483804372346,0.08982122310913439,0.29793798071646593,0.0,0.0,0.0,0.0,0.0,0.0,-0.35828483804372346,0.08982122310913439,0.29793798071646593,0.29793798071646593
25,3,COMPOSITE_Q,0.36394492048884725,0.06773308444669712,0.3444422232186005,-0.006416293698678712,0.10211593157539596,0.0,0.0,0.0,0.0,0.0,0.0,0.3444422232186005,-0.006416293698678712,0.10211593157539596,0.1377768892874402
25,4,COMPOSITE_Q,0.5740769867378945,0.11552403963449599,-0.04728995743243875,-0.04669828460874658,-0.009002445195559408,0.0,0.0,0.0,0.0,0.0,0.0,-0.04728995743243875,-0.04669828460874658,-0.009002445195559408,0.03891523717395549
25,5,COMPOSITE_Q,0.767528988796066,0.13722519907954062,0.1632063801265388,0.0659990550332308,-0.22951036334070443,0.0,0.0,0.0,0.0,0.0,0.0,0.1632063801265388,0.0659990550332308,-0.22951036334070443,0.22951036334070443
25,6,COMPOSITE_Q,0.5399920336323156,0.21714026000778863,0.29872951184380564,-0.015586550203386262,0.16639609093893665,0.0,0.0,0.0,0.0,0.0,0.0,0.29872951184380564,-0.015586550203386262,0.16639609093893665,0.16639609093893665
25,7,COMPOSITE_Q,0.8650681493878376,0.1263595989046731,0.6401447878597224,0.01845919298439326,0.4093401595909171,0.0,0.0,0.0,0.0,0.0,0.0,0.6401447878597224,0.01845919298439326,0.4093401595909171,0.4093401595909171
25,8,COMPOSITE_Q,0.7028891040304542,0.07566260996535759,-0.2494688543320126,0.05056962244558213,-0.00863228209992785,0.0,0.0,0.0,0.0,0.0,0.0,-0.2494688543320126,0.05056962244558213,-0.00863228209992785,0.09978754173280505
25,9,COMPOSITE_Q,0.5077938124661617,0.171996787758548,-0.08149876726054125,0.03907605428943349,-0.13059816155869625,0.0,0.0,0.0,0.0,0.0,0.0,-0.08149876726054125,0.03907605428943349,-0.13059816155869625,0.13059816155869625
25,10,COMPOSITE_Q,0.5656602197773534,0.32466134497883387,-0.3369037186458412,0.013364261431145672,-0.020394964667440396,0.0,0.0,0.0,0.0,0.0,0.0,-0.3369037186458412,0.013364261431145672,-0.020394964667440396,0.13476148745833647
25,1,COMPOSITE_Q_PLUS_RF,0.8677642532956251,0.05003858654731829,-0.4877029271999929,0.05780281583948114,-0.07834049953280164,2.6760499891156395e-07,-8.041348837349254e-11,-7.74830249122065e-06,2.6760499893807577e-07,-8.041348836806961e-11,-7.748302491214498e-06,-0.487702659594994,0.05780281575906765,-0.07834824783529286,0.1950810638379976
25,2,COMPOSITE_Q_PLUS_RF,1.0964335423003946,0.06255058683949954,-0.3582851599656348,0.08982123037531704,0.2979457018063199,9.73207684987182e-10,-8.446040747247951e-11,3.2190033873080213e-07,9.732076811097556e-10,-8.446041088738809e-11,3.2190033871781765e-07,-0.35828515899242713,0.08982123029085663,0.2979460237066586,0.2979460237066586
25,3,COMPOSITE_Q_PLUS_RF,0.36394484466019444,0.06773299050244327,0.3444395518829621,-0.0064163058640515445,0.10216027586236706,1.864835506491116e-06,2.770213164253242e-09,-2.951025000329442e-05,1.8648355065153943e-06,2.7702131638954186e-09,-2.9510250003292327e-05,0.3444414167184686,-0.006416303093838381,0.10213076561236377,0.13777656668738744
25,4,COMPOSITE_Q_PLUS_RF,0.5740771214958236,0.11552293300750692,-0.04738418026045088,-0.04669832298502079,-0.00705097056660522,1.785533616757466e-11,-3.210936632899668e-11,-1.9964743432981483e-10,1.7855335265881678e-11,-3.210936377895379e-11,-1.9964743400158191e-10,-0.047384180242595546,-0.04669832301713015,-0.007050970766252654,0.03891526918094179
25,5,COMPOSITE_Q_PLUS_RF,0.767504361007486,0.13722539372290835,0.16329494684040582,0.06599870742225038,-0.23139888010712134,-7.331346648446698e-08,-7.890605047434642e-11,-1.6483389693963628e-09,-7.331346649208648e-08,-7.890604836191528e-11,-1.6483389653210168e-09,0.16329487352693933,0.06599870734334433,-0.2313988817554603,0.2313988817554603
25,6,COMPOSITE_Q_PLUS_RF,0.5399723639738535,0.2171838784838037,0.29875513857947705,-0.015586585489334757,0.16609158025672835,1.933312833603941e-05,2.5116043347588383e-08,-0.00018361188020466816,1.9333128336018746e-05,2.5116043347525596e-08,-0.00018361188020465935,0.29877447170781307,-0.01558656037329141,0.1659079683765237,0.1659079683765237
25,7,COMPOSITE_Q_PLUS_RF,0.8652356181014348,0.1263605386947122,0.6400961978879023,0.018458891048632443,0.4097788979289726,2.188368155874729e-06,-6.979961913800756e-11,-2.686749837512041e-07,2.1883681559087265e-06,-6.979961747477503e-11,-2.686749837610414e-07,0.6400983862560582,0.018458890978832826,0.40977862925398884,0.40977862925398884
25,8,COMPOSITE_Q_PLUS_RF,0.7028920487641206,0.07566265214247078,-0.24947304150906782,0.050569660660472124,-0.008550230828713366,8.305879573887006e-08,-7.270164619831534e-11,1.8333155636120767e-06,8.305879573011765e-08,-7.270164331663054e-11,1.8333155636113957e-06,-0.2494729584502721,0.05056966058777048,-0.008548397513149755,0.09978918338010884
25,9,COMPOSITE_Q_PLUS_RF,0.5078038878644408,0.17199708792247403,-0.08149843713767303,0.039076024874302596,-0.13066095749971246,-1.3476312350430724e-07,-3.6882294580981844e-11,-8.322916308797525e-07,-1.3476312350768627e-07,-3.688229582854419e-11,-8.322916308922679e-07,-0.08149857190079654,0.0390760248374203,-0.13066178979134335,0.13066178979134335
25,10,COMPOSITE_Q_PLUS_RF,0.5656623494506002,0.3246844227119369,-0.33690165005076955,0.013364251264606525,-0.02042083926359252,3.120068289774949e-06,1.9147967050630214e-09,-8.967204207179272e-05,3.120068289785838e-06,1.9147967048743775e-09,-8.967204207179294e-05,-0.33689852998247977,0.01336425317940323,-0.020510511305664312,0.1347594119929919
25,1,COMPOSITE_Q_PLUS_GB,0.8677642532956251,0.05003861944285694,-0.4877029271999929,0.05780281583948114,-0.07834049953280164,-1.0019188620120301e-07,-6.186726965262705e-10,3.864447001985226e-06,-1.0019188617649277e-07,-6.186726964063638e-10,3.8644470019832955e-06,-0.4877030273918791,0.05780281522080844,-0.07833663508579966,0.19508121095675163
25,2,COMPOSITE_Q_PLUS_GB,1.0964340419990855,0.06255225667258923,-0.3582855629658267,0.08982123390953266,0.2979363767576242,-1.2112485170135954e-07,-6.186726965262705e-10,7.242008236227076e-06,-1.2112485170412413e-07,-6.186726964063638e-10,7.2420082362079086e-06,-0.3582856840906784,0.08982123329085996,0.2979436187658604,0.2979436187658604
25,3,COMPOSITE_Q_PLUS_GB,0.3639415314526916,0.06773281574628136,0.34444029558091255,-0.00641630033252803,0.10216223389698213,2.537034163942256e-07,1.6718545495465365e-09,-9.325455883132713e-07,2.5370341638630833e-07,1.6718545497659831e-09,-9.325455883196776e-07,0.34444054928432893,-0.00641629866067348,0.10216130135139381,0.13777621971373158
25,4,COMPOSITE_Q_PLUS_GB,0.5740777051499906,0.1155229226124779,-0.04738868221394957,-0.04669833474333695,-0.00695673613309234,-2.6762141492825706e-07,1.4797874581413526e-09,5.657916165418305e-06,-2.6762141493164027e-07,1.4797874592353821e-09,5.657916165417894e-06,-0.0473889498353645,-0.04669833326354949,-0.006951078216926922,0.03891527771962457
25,5,COMPOSITE_Q_PLUS_GB,0.7675031563705734,0.1372256555208785,0.1632929707270024,0.06599867552913152,-0.23142925739210282,-3.7600322227241566e-07,-6.691312699293728e-10,7.972893618014583e-06,-3.7600322227993033e-07,-6.69131264285916e-10,7.972893618007904e-06,0.16329259472378013,0.06599867486000026,-0.2314212844984848,0.2314212844984848
25,6,COMPOSITE_Q_PLUS_GB,0.5399303068923084,0.21716338447269096,0.2987663921573236,-0.015586659724176218,0.16596614530302606,5.87585824599316e-06,3.6199604154662357e-09,-9.187334389487404e-05,5.875858246018328e-06,3.6199604147579834e-09,-9.187334389487711e-05,0.2987722680155696,-0.015586656104215803,0.16587427195913118,0.16587427195913118
25,7,COMPOSITE_Q_PLUS_GB,0.8652086047415068,0.12636048463845193,0.6401034366257877,0.018458968442944628,0.40978229340596234,-1.1215953241861704e-06,2.441625519237702e-09,7.956368107138395e-06,-1.1215953241716647e-06,2.441625519822299e-09,7.956368107131517e-06,0.6401023150304636,0.018458970884570148,0.40979024977406947,0.40979024977406947
25,8,COMPOSITE_Q_PLUS_GB,0.7028968163841574,0.07566262719008406,-0.24944781262709476,0.0505696661391998,-0.009107590562609283,6.88125364589877e-08,-2.7354056673815447e-10,-5.301036925743952e-07,6.881253644674956e-08,-2.735405651987932e-10,-5.301036925739466e-07,-0.2494477438145583,0.05056966586565923,-0.009108120666301857,0.09977909752582333
25,9,COMPOSITE_Q_PLUS_GB,0.5077578095312902,0.17199691200178832,-0.08151267470168255,0.03907616824300365,-0.13020653211917438,-2.9428898282116947e-07,1.2940190790143825e-09,5.4567578248571435e-06,-2.942889828216888e-07,1.2940190793897521e-09,5.4567578248454485e-06,-0.08151296899066537,0.03907616953702273,-0.13020107536134953,0.13020107536134953
25,10,COMPOSITE_Q_PLUS_GB,0.5656617295399343,0.32466380114722915,-0.33690230504315777,0.013364236447764882,-0.020419198992234922,7.703487538482715e-07,1.1445896298222524e-09,-8.409375453656443e-06,7.703487538424092e-07,1.1445896296730096e-09,-8.409375453655166e-06,-0.3369015346944039,0.013364237592354512,-0.020427608367688577,0.13476061387776156
26,1,COMPOSITE_Q,0.3887320478768398,0.05051528692789531,0.40571434602985423,-0.011935591273940244,-0.1148058691956762,0.0,0.0,0.0,0.0,0.0,0.0,0.40571434602985423,-0.011935591273940244,-0.1148058691956762,0.1622857384119417
26,2,COMPOSITE_Q,0.6065433257772032,0.0911208025339311,0.32100787471917724,0.03431646184921916,0.17194141142139366,0.0,0.0,0.0,0.0,0.0,0.0,0.32100787471917724,0.03431646184921916,0.17194141142139366,0.17194141142139366
26,3,COMPOSITE_Q,0.8006514630243683,0.07586737848833298,0.3841727329695548,0.05161049862787402,0.009215882905378652,0.0,0.0,0.0,0.0,0.0,0.0,0.3841727329695548,0.05161049862787402,0.009215882905378652,0.1536690931878219
26,4,COMPOSITE_Q,0.7252153651528751,0.09151160457095306,0.2644446612563783,0.05142028568556797,-0.04043853535963703,0.0,0.0,0.0,0.0,0.0,0.0,0.2644446612563783,0.05142028568556797,-0.04043853535963703,0.1057778645025513
26,5,COMPOSITE_Q,0.36211429875907064,0.09725347935299915,0.3377836506804993,0.00537172136423671,-0.020063576187324315,0.0,0.0,0.0,0.0,0.0,0.0,0.3377836506804993,0.00537172136423671,-0.020063576187324315,0.13511346027219973
26,6,COMPOSITE_Q,0.7695382538658422,0.06182567039377503,0.10811390805333718,-0.06852600652428607,0.15119267298662747,0.0,0.0,0.0,0.0,0.0,0.0,0.10811390805333718,-0.06852600652428607,0.15119267298662747,0.15119267298662747
26,7,COMPOSITE_Q,0.9747892380769009,0.10998169851876827,0.2855528418721625,-0.08030629913882774,0.2057036801386953,0.0,0.0,0.0,0.0,0.0,0.0,0.2855528418721625,-0.08030629913882774,0.2057036801386953,0.2057036801386953
26,8,COMPOSITE_Q,0.6509071899232337,0.12901330489571944,-0.14077659818126687,-0.05024175254248706,-0.14517467603430917,0.0,0.0,0.0,0.0,0.0,0.0,-0.14077659818126687,-0.05024175254248706,-0.14517467603430917,0.14517467603430917
26,9,COMPOSITE_Q,0.6719589034286495,0.20320176684488017,-0.5107201771476381,-0.013590034119277637,-0.14725832804086358,0.0,0.0,0.0,0.0,0.0,0.0,-0.5107201771476381,-0.013590034119277637,-0.14725832804086358,0.20428807085905523
26,10,COMPOSITE_Q,0.6891536291439205,0.2165388768535046,0.19665432752472456,-0.05280125511252977,-0.11534394296603137,0.0,0.0,0.0,0.0,0.0,0.0,0.19665432752472456,-0.05280125511252977,-0.11534394296603137,0.11534394296603137
26,1,COMPOSITE_Q_PLUS_RF,0.3887320478768398,0.05051582651392143,0.40571434602985423,-0.011935591273940244,-0.1148058691956762,-3.4108685550035583e-07,1.4920706756716243e-08,2.307556940981741e-06,-3.410868554820645e-07,1.4920706756932356e-08,2.3075569409863883e-06,0.40571400494299875,-0.011935576353233487,-0.11480356163873522,0.1622856019771995
26,2,COMPOSITE_Q_PLUS_RF,0.6065431256471725,0.09112125061212192,0.32100221432492054,0.034316448366236214,0.17328355630210648,-1.0869675620690078e-08,-7.903056363387174e-11,5.854819908676142e-09,-1.0869675604041618e-08,-7.90305668130209e-11,5.854819906669917e-09,0.32100220345524494,0.03431644828720565,0.1732835621569264,0.1732835621569264
26,3,COMPOSITE_Q_PLUS_RF,0.800488432576167,0.07586739671253584,0.38417823589338557,0.051610482704504024,0.007892509063824302,-3.754230952531619e-08,-8.812650619925938e-11,5.48564592011967e-07,-3.7542309538896035e-08,-8.812650609257844e-11,5.485645920115523e-07,0.38417819835107603,0.05161048261637752,0.007893057628416314,0.1536712793404304
26,4,COMPOSITE_Q_PLUS_RF,0.7252149909841995,0.09151406916370955,0.2644582266513606,0.05142028360350925,-0.04047104443933351,8.511584303916445e-10,1.2448489737332266e-09,-4.6284043734813115e-08,8.51158421522058e-10,1.2448489739025348e-09,-4.628404373652195e-08,0.264458227502519,0.05142028484835822,-0.04047109072337725,0.10578329100100761
26,5,COMPOSITE_Q_PLUS_RF,0.3621077579860864,0.09725340061272457,0.33776934608585796,0.005371726116058591,-0.02000562847357518,4.495656380909152e-09,2.8346736379375126e-09,-8.623444915869411e-08,4.495656402703219e-09,2.8346736381801296e-09,-8.62344491578404e-08,0.33776935058151436,0.005371728950732229,-0.020005714708024338,0.13510774023260574
26,6,COMPOSITE_Q_PLUS_RF,0.7695358948547635,0.06182597636498727,0.10811511564865242,-0.0685260060331825,0.15116278984773046,1.927840106875216e-07,-5.016628165805987e-11,8.091627809758675e-07,1.92784010685787e-07,-5.016628779053178e-11,8.09162780973649e-07,0.10811530843266311,-0.06852600608334879,0.15116359901051143,0.15116359901051143
26,7,COMPOSITE_Q_PLUS_RF,0.9747890186715789,0.10998221399227426,0.28554745471337695,-0.08030629792454343,0.2057520894186165,3.7950509735712946e-07,-5.488852510587352e-09,-7.95560488622455e-06,3.7950509734763216e-07,-5.48885251139275e-09,-7.955604886228373e-06,0.2855478342184743,-0.08030630341339594,0.20574413381373027,0.20574413381373027
26,8,COMPOSITE_Q_PLUS_RF,0.6509091009891268,0.12901404934740035,-0.14090101528645388,-0.05024169702795975,-0.1429674383888895,2.9434064588054435e-11,9.301509038349829e-10,-8.016039942470713e-08,2.9434066295408456e-11,9.301509007464404e-10,-8.016039942937425e-08,-0.1409010152570198,-0.05024169609780885,-0.14296751854928894,0.14296751854928894
26,9,COMPOSITE_Q_PLUS_RF,0.6728708657326871,0.2032019871685263,-0.5105463385353297,-0.013588890439963782,-0.14946689220809933,2.0709757946856293e-08,-7.723970919194474e-11,-9.459085998966617e-06,2.0709757908576876e-08,-7.723970942008496e-11,-9.459085998975159e-06,-0.5105463178255718,-0.013588890517203491,-0.1494763512940983,0.20421852713022873
26,10,COMPOSITE_Q_PLUS_RF,0.6891545008892234,0.21653957248849937,0.19665296561466578,-0.05280124097901239,-0.11532596216980219,2.974159779990308e-06,-6.447659583680331e-11,-4.103456210306588e-05,2.9741597799837205e-06,-6.447659767205849e-11,-4.103456210306777e-05,0.19665593977444576,-0.05280124104348899,-0.11536699673190526,0.11536699673190526
26,1,COMPOSITE_Q_PLUS_GB,0.3887320478768398,0.05051537969979795,0.40571434602985423,-0.011935591273940244,-0.1148058691956762,2.537034163942256e-07,1.891179714558489e-09,-9.325455883132713e-07,2.5370341638630833e-07,1.8911797145665377e-09,-9.325455883196776e-07,0.4057145997332706,-0.01193558938276053,-0.11480680174126452,0.16228583989330825
26,2,COMPOSITE_Q_PLUS_GB,0.6065432608369223,0.09112101204111972,0.3210100214283235,0.03431646141526551,0.171315277124915,-4.4096052474661586e-07,-4.3989476545618064e-10,5.317296145857871e-06,-4.409605247612802e-07,-4.3989476644634706e-10,5.317296145862516e-06,0.32100958046779876,0.03431646097537074,0.17132059442106087,0.17132059442106087
26,3,COMPOSITE_Q_PLUS_GB,0.8007274323079598,0.07586742436748797,0.3841714845793237,0.05161050309685611,0.009820127596270059,-5.781895806005969e-07,-6.691312699293728e-10,1.1393041073590034e-05,-5.781895806022952e-07,-6.691312712248099e-10,1.1393041073590876e-05,0.3841709063897431,0.05161050242772484,0.00983152063734365,0.15366836255589725
26,4,COMPOSITE_Q_PLUS_GB,0.7252151408651089,0.09151510162795479,0.2644252882436546,0.05141998335340469,-0.04012792602174354,-1.4151054442791794e-07,-3.239991401412568e-10,7.972893618014583e-06,-1.4151054444910827e-07,-3.239991400172393e-10,7.972893618014842e-06,0.26442514673311013,0.05141998302940555,-0.040119953128125524,0.10577005869324405
26,5,COMPOSITE_Q_PLUS_GB,0.3620902858167946,0.09725342606777769,0.3378014120328978,0.00537202455121803,-0.020352752774345353,1.5581528734734146e-07,2.287773516954424e-09,-1.2513676328473429e-06,1.558152873393226e-07,2.2877735166362823e-09,-1.251367632848499e-06,0.33780156784818516,0.005372026838991547,-0.020354004141978202,0.13512062713927406
26,6,COMPOSITE_Q_PLUS_GB,0.7695354121002886,0.06182589682877887,0.10811663362146703,-0.06852599993578658,0.15115668940154678,2.2145561464221913e-08,3.708791022791613e-09,-5.237965578108583e-06,2.2145561467956654e-08,3.708791024292779e-09,-5.237965578108739e-06,0.1081166557670285,-0.06852599622699555,0.15115145143596867,0.15115145143596867
26,7,COMPOSITE_Q_PLUS_GB,0.9747892250534149,0.10998185299228837,0.28555094890014493,-0.08030631435074399,0.2057156567506353,-1.627979429041812e-07,1.856698089117712e-09,-4.515583542186244e-06,-1.6279794290419147e-07,1.8566980869438865e-09,-4.515583542197277e-06,0.285550786102202,-0.0803063124940459,0.2057111411670931,0.2057111411670931
26,8,COMPOSITE_Q_PLUS_GB,0.6509070407163189,0.12901334210623913,-0.14073738494115653,-0.050241746077569,-0.14584438136785874,-4.0650046718914845e-08,-3.478858589064981e-10,-5.301036925743952e-07,-4.065004671760519e-08,-3.478858590089118e-10,-5.301036925808855e-07,-0.14073742559120325,-0.050241746425454856,-0.14584491147155132,0.14584491147155132
26,9,COMPOSITE_Q_PLUS_GB,0.6716880145790131,0.20320213320010957,-0.5107671624984607,-0.013590411582442242,-0.14666902731133666,5.987832299843866e-07,1.6713306996820326e-11,-1.5687513704114353e-05,5.98783229999178e-07,1.6713307821047962e-11,-1.5687513704121248e-05,-0.5107665637152307,-0.013590411565728934,-0.14668471482504078,0.20430662548609227
26,10,COMPOSITE_Q_PLUS_GB,0.6891569050065197,0.21653890405978096,0.19664890732839463,-0.05280122651576459,-0.11526202613890778,-6.0089330874816e-08,-3.478858589064981e-10,-1.4099233441267704e-07,-6.008933087220392e-08,-3.478858590089118e-10,-1.4099233441866588e-07,0.19664884723906376,-0.05280122686365045,-0.1152621671312422,0.1152621671312422
27,1,COMPOSITE_Q,0.788215924193688,0.15686618092982546,0.30164260467916615,0.058531285074220576,0.022703864745183402,0.0,0.0,0.0,0.0,0.0,0.0,0.30164260467916615,0.058531285074220576,0.022703864745183402,0.12065704187166645
27,2,COMPOSITE_Q,0.9655994142229816,0.1864961906345653,0.4101432091599007,-0.06091326641613878,-0.15683390318143073,0.0,0.0,0.0,0.0,0.0,0.0,0.4101432091599007,-0.06091326641613878,-0.15683390318143073,0.16405728366396027
27,3,COMPOSITE_Q,0.6300982073887627,0.32201860741449767,-0.33462472173967445,0.01943179014734227,-0.2185812013094132,0.0,0.0,0.0,0.0,0.0,0.0,-0.33462472173967445,0.01943179014734227,-0.2185812013094132,0.2185812013094132
27,4,COMPOSITE_Q,0.5397075898538215,0.28605658586041305,0.4111048198977186,0.009772719581493425,-0.019142787131464115,0.0,0.0,0.0,0.0,0.0,0.0,0.4111048198977186,0.009772719581493425,-0.019142787131464115,0.16444192795908744
27,5,COMPOSITE_Q,0.8079195516799575,0.3104738040222387,0.1668043500242344,-0.04731416091187261,-0.24865952989087228,0.0,0.0,0.0,0.0,0.0,0.0,0.1668043500242344,-0.04731416091187261,-0.24865952989087228,0.24865952989087228
27,6,COMPOSITE_Q,0.9550957771152301,0.27822978102635065,-0.4387804809571193,0.054216004784115035,-0.32126550460124,0.0,0.0,0.0,0.0,0.0,0.0,-0.4387804809571193,0.054216004784115035,-0.32126550460124,0.32126550460124
27,7,COMPOSITE_Q,0.9355409462594402,0.42114069924852837,0.22032390080481176,-0.043795851470524616,0.27004162282147026,0.0,0.0,0.0,0.0,0.0,0.0,0.22032390080481176,-0.043795851470524616,0.27004162282147026,0.27004162282147026
27,8,COMPOSITE_Q,1.042200897992594,0.3150587295324714,0.48175332477083704,0.05210482758025756,0.006937305206298827,0.0,0.0,0.0,0.0,0.0,0.0,0.48175332477083704,0.05210482758025756,0.006937305206298827,0.19270132990833483
27,9,COMPOSITE_Q,0.648613984064296,0.17180479331284151,0.5324384249554439,-0.008826361578790057,0.1643488975095006,0.0,0.0,0.0,0.0,0.0,0.0,0.5324384249554439,-0.008826361578790057,0.1643488975095006,0.21297536998217756
27,10,COMPOSITE_Q,0.9715555251988045,0.27129754582257715,0.05923554464062544,0.07490029995890089,-0.24343259846379536,0.0,0.0,0.0,0.0,0.0,0.0,0.05923554464062544,0.07490029995890089,-0.24343259846379536,0.24343259846379536
27,1,COMPOSITE_Q_PLUS_RF,0.788215924193688,0.15686615955807637,0.30164260467916615,0.058531285074220576,0.022703864745183402,-4.086863890035415e-07,1.1935902367371632e-09,4.6397797986012534e-06,-4.0868638900848353e-07,1.1935902335946658e-09,4.639779798601418e-06,0.30164219599277714,0.05853128626781081,0.022708504524982003,0.12065687839711085
27,2,COMPOSITE_Q_PLUS_RF,0.9655992378534589,0.18649631773306075,0.41014531673162186,-0.060913266618191346,-0.15687569816648544,3.8998306317398607e-07,-5.1646227390579935e-11,7.717402472585408e-06,3.899830631759471e-07,-5.1646228960144924e-11,7.717402472573465e-06,0.41014570671468503,-0.060913266669837575,-0.15686798076401287,0.16405828268587402
27,3,COMPOSITE_Q_PLUS_RF,0.6300951271036157,0.32201862259205616,-0.33462661825083073,0.019431790369807873,-0.2185549861608318,1.868094322478873e-07,-8.609396165409731e-11,-8.361120557737354e-09,1.8680943225657387e-07,-8.609396182079898e-11,-8.361120545918865e-09,-0.3346264314413985,0.01943179028371391,-0.21855499452195234,0.21855499452195234
27,4,COMPOSITE_Q_PLUS_RF,0.5397078305526641,0.2860665215093846,0.41114639408728465,0.00977272844036685,-0.019193654115734173,3.4442959859047844e-06,2.4679027802291134e-09,-5.607565769617696e-05,3.4442959859215527e-06,2.467902779704212e-09,-5.607565769617795e-05,0.41114983838327057,0.00977273090826963,-0.01924972977343035,0.16445993535330822
27,5,COMPOSITE_Q_PLUS_RF,0.807901748924939,0.3104737855558243,0.1667598974887656,-0.04731427212054533,-0.2485564812455949,-1.5357284387081653e-07,1.2025745991147545e-09,3.0434441168293654e-06,-1.535728438584183e-07,1.2025746023991424e-09,3.0434441168347703e-06,0.16675974391592174,-0.047314270917970726,-0.24855343780147807,0.24855343780147807
27,6,COMPOSITE_Q_PLUS_RF,0.9550953812414339,0.27822974991503446,-0.4387534704591932,0.054216001727811165,-0.32166371171960895,-4.601717880902634e-09,-8.21999435306094e-11,4.223031570275397e-08,-4.601717895624802e-09,-8.219994129810004e-11,4.223031568884039e-08,-0.4387534750609111,0.054216001645611224,-0.32166366948929326,0.32166366948929326
27,7,COMPOSITE_Q_PLUS_RF,0.93556354679118,0.421125321582653,0.22046668097371921,-0.04379587149397824,0.26798357148016355,1.6321085312603672e-08,-5.5983720082053e-11,-4.1355466496156993e-07,1.6321085316572947e-08,-5.5983717661689525e-11,-4.1355466495751614e-07,0.22046669729480453,-0.04379587154996196,0.2679831579254986,0.2679831579254986
27,8,COMPOSITE_Q_PLUS_RF,1.0423823196264632,0.31505725517419986,0.48158917850810606,0.052105119238437254,0.009411681956656556,4.843123227984728e-07,-4.406524863328663e-09,-7.499910471517517e-06,4.8431232280155e-07,-4.406524860278704e-09,-7.499910471516977e-06,0.48158966282042887,0.052105114831912394,0.009404182046185039,0.19263586512817155
27,9,COMPOSITE_Q_PLUS_RF,0.6486063429694695,0.17180574151142974,0.5324355034954157,-0.008826368443104924,0.16433597565273697,7.819743091107375e-07,-4.8235562091353106e-11,-6.780511094952595e-06,7.81974309083111e-07,-4.823556137845131e-11,-6.780511094955921e-06,0.5324362854697248,-0.008826368491340485,0.16432919514164201,0.2129745141878899
27,10,COMPOSITE_Q_PLUS_RF,0.9715553418587246,0.27129941946100056,0.059234158424031784,0.07490055556161433,-0.24342351366577566,1.3894555886932525e-06,-7.072884383382525e-11,-1.661585740637539e-05,1.3894555886961868e-06,-7.072883945191677e-11,-1.661585740636573e-05,0.05923554787962048,0.07490055549088549,-0.24344012952318203,0.24344012952318203
27,1,COMPOSITE_Q_PLUS_GB,0.788215924193688,0.15686624685454356,0.30164260467916615,0.058531285074220576,0.022703864745183402,-4.0972388201853667e-07,1.450182449067257e-09,8.291715662548653e-06,-4.0972388204441046e-07,1.450182446349757e-09,8.291715662547133e-06,0.3016421949552841,0.05853128652440302,0.02271215646084595,0.12065687798211364
27,2,COMPOSITE_Q_PLUS_GB,0.965598901559184,0.18649646083990257,0.4101393793814669,-0.060913270120589086,-0.15675591945027634,-1.7216424851746734e-07,9.931115806848322e-10,2.2147027952691073e-06,-1.721642485241759e-07,9.93111579083994e-10,2.2147027952668097e-06,0.41013920721721836,-0.06091326912747751,-0.15675370474748107,0.16405568288688735
27,3,COMPOSITE_Q_PLUS_GB,0.6301086864383789,0.32201897551396835,-0.33462023943834596,0.0194317824233356,-0.21867093687284525,-2.0162081510606061e-07,1.6713306996820326e-11,1.3457359740888168e-05,-2.0162081509900176e-07,1.6713307821047962e-11,1.3457359740898234e-05,-0.33462044105916106,0.01943178244004891,-0.21865747951310435,0.21865747951310435
27,4,COMPOSITE_Q_PLUS_GB,0.5397059008430797,0.28605692618480205,0.41114567570355065,0.009772730649256905,-0.019208056392911194,5.893324901533627e-07,3.6199604154662357e-09,-9.020707756292644e-06,5.89332490141814e-07,3.6199604147579834e-09,-9.020707756293017e-06,0.4111462650360408,0.00977273426921732,-0.019217077100667487,0.1644585060144163
27,5,COMPOSITE_Q_PLUS_GB,0.8079034214950092,0.31047380541497094,0.1667641107268152,-0.04731426032008055,-0.24860512805089074,-2.697122495852714e-07,1.2638984183046044e-09,5.131915245624778e-06,-2.697122495898263e-07,1.263898416481446e-09,5.131915245620844e-06,0.16676384101456562,-0.04731425905618213,-0.24859999613564512,0.24859999613564512
27,6,COMPOSITE_Q_PLUS_GB,0.9550956733639653,0.27822983704091603,-0.43878122969414846,0.05421600673539791,-0.3212540041627361,-2.3283895834445306e-07,-6.186726965262705e-10,5.348756171598382e-06,-2.3283895833614565e-07,-6.186726964063638e-10,5.348756171585922e-06,-0.4387814625331068,0.05421600611672522,-0.3212486554065645,0.3212486554065645
27,7,COMPOSITE_Q_PLUS_GB,0.9355399484188576,0.42112603462467835,0.22049624688901773,-0.04379582521552328,0.26756334456353925,-2.350296305631456e-07,9.931115806848322e-10,-1.6673902603451004e-06,-2.3502963056309945e-07,9.93111579083994e-10,-1.6673902603625557e-06,0.22049601185938716,-0.043795824222411704,0.2675616771732789,0.2675616771732789
27,8,COMPOSITE_Q_PLUS_GB,1.042381859358789,0.3150590635714506,0.48157314980409394,0.05210516302009863,0.009632304157752626,-2.1259161364748464e-07,6.662892666350498e-09,-2.9547931566857386e-06,-2.1259161364639567e-07,6.6628926681522316e-09,-2.95479315668562e-06,0.4815729372124803,0.052105169682991295,0.00962934936459594,0.19262917488499212
27,9,COMPOSITE_Q_PLUS_GB,0.6485369622507104,0.17180646129147248,0.5324546194799743,-0.008826475635586131,0.16411226850240773,-1.2115058051156337e-06,1.578039010804823e-09,-5.1464919532719015e-06,-1.2115058051209715e-06,1.5780390102276831e-09,-5.146491953267329e-06,0.5324534079741692,-0.00882647405754712,0.16410712201045446,0.21298136318966768
27,10,COMPOSITE_Q_PLUS_GB,0.9715558774129809,0.2712960120493828,0.05923564556354612,0.07490053697113967,-0.2434184619184779,-5.867599131082921e-07,1.5254621113966797e-09,5.11949786281735e-06,-5.8675991310847e-07,1.525462117735188e-09,5.119497862804412e-06,0.059235058803633014,0.07490053849660179,-0.2434133424206151,0.2434133424206151
28,1,COMPOSITE_Q,0.32295098600459066,0.05919088056377421,-0.3959168647504015,0.004908284202845257,0.39641736971459035,0.0,0.0,0.0,0.0,0.0,0.0,-0.3959168647504015,0.004908284202845257,0.39641736971459035,0.39641736971459035
28,2,COMPOSITE_Q,0.7173577663009024,0.17656294025265049,0.41846902499046046,-0.03859290179688219,0.05583507550894596,0.0,0.0,0.0,0.0,0.0,0.0,0.41846902499046046,-0.03859290179688219,0.05583507550894596,0.16738760999618418
28,3,COMPOSITE_Q,1.171256340194917,0.1984808421228472,-0.5244973571424684,-0.07771174050113239,-0.13246313440300586,0.0,0.0,0.0,0.0,0.0,0.0,-0.5244973571424684,-0.07771174050113239,-0.13246313440300586,0.20979894285698736
28,4,COMPOSITE_Q,1.3285952151841576,0.3407402074993825,-0.31524097481879215,0.08954831417558683,0.02411498985839585,0.0,0.0,0.0,0.0,0.0,0.0,-0.31524097481879215,0.08954831417558683,0.02411498985839585,0.12609638992751687
28,5,COMPOSITE_Q,0.5031634274024054,0.4260187487980064,0.13700957411950415,-0.005903566956190527,-0.17381228313460004,0.0,0.0,0.0,0.0,0.0,0.0,0.13700957411950415,-0.005903566956190527,-0.17381228313460004,0.17381228313460004
28,6,COMPOSITE_Q,0.9510948983833922,0.4907810406073082,-0.3646172898089761,-0.041701376169779036,-0.12295769826051878,0.0,0.0,0.0,0.0,0.0,0.0,-0.3646172898089761,-0.041701376169779036,-0.12295769826051878,0.14584691592359045
28,7,COMPOSITE_Q,0.8187464466210511,0.5894395361209,0.2109620976360294,-0.009368256325890011,0.3591544895601972,0.0,0.0,0.0,0.0,0.0,0.0,0.2109620976360294,-0.009368256325890011,0.3591544895601972,0.3591544895601972
28,8,COMPOSITE_Q,0.6111779500094091,0.4299592536999514,0.18017306044996875,0.01270913532988607,-0.028880466134184126,0.0,0.0,0.0,0.0,0.0,0.0,0.18017306044996875,0.01270913532988607,-0.028880466134184126,0.0720692241799875
28,9,COMPOSITE_Q,0.8629850600429627,0.32758667269471275,-0.418746325583352,-0.050312974408730796,0.019789828999179238,0.0,0.0,0.0,0.0,0.0,0.0,-0.418746325583352,-0.050312974408730796,0.019789828999179238,0.1674985302333408
28,10,COMPOSITE_Q,1.0606561264069323,0.42382710618316993,-0.42290881296740573,-0.052870151417033155,-0.3553525255488982,0.0,0.0,0.0,0.0,0.0,0.0,-0.42290881296740573,-0.052870151417033155,-0.3553525255488982,0.3553525255488982
28,1,COMPOSITE_Q_PLUS_RF,0.32295098600459066,0.059190781911934845,-0.3959168647504015,0.004908284202845257,0.39641736971459035,1.5251229979006411e-07,1.504519282323183e-08,-3.620407140704864e-07,1.52512299789187e-07,1.504519282335276e-08,-3.620407140747517e-07,-0.3959167122381017,0.00490829924803808,0.3964170076738763,0.3964170076738763
28,2,COMPOSITE_Q_PLUS_RF,0.7173578307141721,0.17656300319494367,0.4184688137186557,-0.03859291987530614,0.05583752523580982,-9.46910011579112e-07,-1.1455717337444089e-10,1.1185199469304122e-05,-9.469100115677698e-07,-1.1455717624508921e-10,1.1185199469306017e-05,0.4184678668086441,-0.03859291998986332,0.05584871043527913,0.16738714672345764
28,3,COMPOSITE_Q_PLUS_RF,1.171257247005478,0.19848163223786766,-0.5244964806546705,-0.07771174429360685,-0.1324768859914958,6.713984947414131e-07,-8.058548737119416e-11,-1.9388907560238615e-05,6.713984946893348e-07,-8.058548273126576e-11,-1.9388907560230484e-05,-0.5244958092561758,-0.07771174437419233,-0.13249627489905602,0.2097983237024703
28,4,COMPOSITE_Q_PLUS_RF,1.3285945960714733,0.340697483120883,-0.315367684271634,0.0895483409999137,0.02442378549136392,-8.792979852161769e-08,-3.7983854035636164e-09,3.881630317122224e-06,-8.792979849792104e-08,-3.798385397879578e-09,3.881630317122131e-06,-0.3153677722014325,0.0895483372015283,0.024427667121681044,0.12614710888057298
28,5,COMPOSITE_Q_PLUS_RF,0.5031969610888707,0.42602121154766887,0.13713893368938462,-0.0059035257693121485,-0.1741138855401472,6.788368375311016e-06,-6.583531526233972e-11,-9.397486685121919e-05,6.78836837531005e-06,-6.583531549780863e-11,-9.397486685122636e-05,0.13714572205775993,-0.005903525835147464,-0.17420786040699843,0.17420786040699843
28,6,COMPOSITE_Q_PLUS_RF,0.9510884465259497,0.49085034083628626,-0.36462417331774455,-0.04170138631605883,-0.12286429405412004,1.9451093684618162e-05,-7.62315521438364e-11,-0.00029547271817132755,1.945109368461928e-05,-7.62315488511689e-11,-0.0002954727181713329,-0.36460472222405993,-0.04170138639229038,-0.12315976677229137,0.14584188888962396
28,7,COMPOSITE_Q_PLUS_RF,0.8188287005293616,0.5894401790257225,0.21094149300931192,-0.009368199497737857,0.35943122148679396,1.6221055378073446e-06,-2.0632395400562797e-09,-1.4720540331486793e-05,1.6221055378073945e-06,-2.0632395392877756e-09,-1.4720540331469856e-05,0.21094311511484973,-0.009368201560977396,0.3594165009464625,0.3594165009464625
28,8,COMPOSITE_Q_PLUS_RF,0.6111779347596359,0.4299598748254226,0.18017157567136063,0.012709138135743068,-0.02898155820914198,1.707857781951506e-06,7.39763869911e-09,-2.911691557416031e-05,1.7078577819462648e-06,7.397638699530029e-09,-2.9116915574160795e-05,0.18017328352914258,0.012709145533381767,-0.02901067512471614,0.07206931341165704
28,9,COMPOSITE_Q_PLUS_RF,0.8629666157825906,0.32758679799186274,-0.418748482572331,-0.050313006552725976,0.019950343853015112,5.50941838051198e-08,-7.282965457275417e-11,-3.0226764943746668e-06,5.5094183826209786e-08,-7.282965203136982e-11,-3.0226764943762363e-06,-0.41874842747814717,-0.05031300662555563,0.019947321176520736,0.16749937099125886
28,10,COMPOSITE_Q_PLUS_RF,1.0606557148080258,0.4238294950768384,-0.4229088441015418,-0.05287018417221791,-0.3553534348732311,6.443038908823389e-06,-7.454206249139728e-11,-0.00010181590152015314,6.443038908843235e-06,-7.454206002455166e-11,-0.00010181590152014142,-0.42290240106263294,-0.05287018424675997,-0.35545525077475126,0.35545525077475126
28,1,COMPOSITE_Q_PLUS_GB,0.32295098600459066,0.05919092128430804,-0.3959168647504015,0.004908284202845257,0.39641736971459035,2.4908850178794745e-07,1.99309996056941e-09,-4.562190432429036e-06,2.490885017691902e-07,1.9930999602471577e-09,-4.562190432433333e-06,-0.39591661566189973,0.004908286195945217,0.3964128075241579,0.3964128075241579
28,2,COMPOSITE_Q_PLUS_GB,0.7173583984352974,0.17656316314291112,0.41847038310675605,-0.038592872897522425,0.05582225684637404,-1.0648362404844657e-06,-6.186726965262705e-10,8.291715662548653e-06,-1.0648362404608314e-06,-6.186726964063638e-10,8.291715662550603e-06,0.4184693182705156,-0.03859287351619512,0.05583054856203659,0.16738772730820622
28,3,COMPOSITE_Q_PLUS_GB,1.1712558877454062,0.19848119624818072,-0.5244971754315716,-0.07771176089336918,-0.13246342033351205,-3.215705724130591e-07,-6.186726965262705e-10,-6.9681664192386e-07,-3.2157057239246e-07,-6.186726964063638e-10,-6.968166419152322e-07,-0.524497497002144,-0.07771176151204187,-0.13246411715015396,0.2097989988008576
28,4,COMPOSITE_Q_PLUS_GB,1.3285948833958152,0.34070158789994337,-0.3153639543421192,0.08954890104203786,0.02440982738064447,-9.92381284688052e-08,-6.691312699293728e-10,8.473353748324165e-06,-9.923812849255143e-08,-6.69131264285916e-10,8.473353748324197e-06,-0.3153640535802477,0.0895489003729066,0.024418300734392794,0.1261456214320991
28,5,COMPOSITE_Q_PLUS_GB,0.5031994942658959,0.426019277619742,0.13713507916468898,-0.0059041222021860565,-0.17411310991586412,6.578273100485931e-07,1.3649178940389223e-09,-1.4831522832654646e-05,6.578273100410481e-07,1.364917893986739e-09,-1.4831522832658983e-05,0.13713573699199902,-0.0059041208372681625,-0.17412794143869678,0.17412794143869678
28,6,COMPOSITE_Q_PLUS_GB,0.951093655536756,0.4908824383059527,-0.36461795528159097,-0.04170137396781247,-0.12294331410942644,2.8982793832064165e-05,-6.186726965262705e-10,-0.00043281728494946615,2.8982793832066367e-05,-6.186726964063638e-10,-0.0004328172849494688,-0.3645889724877589,-0.041701374586485165,-0.1233761313943759,0.14583558899510357
28,7,COMPOSITE_Q_PLUS_GB,0.8188667594703587,0.5894405239589433,0.21093140633421004,-0.009368172926752788,0.35958350060858396,-1.1640430334744023e-06,1.0325999846454975e-08,5.5196992359735955e-06,-1.1640430334636243e-06,1.0325999846849676e-08,5.519699235956299e-06,0.21093024229117657,-0.009368162600752942,0.3595890203078199,0.3595890203078199
28,8,COMPOSITE_Q_PLUS_GB,0.6111781928366513,0.4299594673834935,0.18017426609562903,0.012709124780327907,-0.028916022366617923,7.528193982477485e-07,8.114102054747988e-10,-9.400314206885304e-06,7.528193982364595e-07,8.114102046513638e-10,-9.40031420688589e-06,0.18017501891502727,0.012709125591738112,-0.02892542268082481,0.07207000756601091
28,9,COMPOSITE_Q_PLUS_GB,0.8629808257600987,0.32758678067847447,-0.41874680898541533,-0.05031297700952304,0.019824534950041797,3.633784389590488e-08,-6.186726965262705e-10,2.5712217184669903e-06,3.633784390055794e-08,-6.186726964063638e-10,2.5712217184663266e-06,-0.41874677264757143,-0.05031297762819573,0.019827106171760263,0.16749870905902858
28,10,COMPOSITE_Q_PLUS_GB,1.060656204961442,0.4238498166171587,-0.42290969182741395,-0.052870181414174294,-0.3553495531074053,-5.7924400707509e-06,-6.186726965262705e-10,9.80211895498544e-05,-5.792440070762073e-06,-6.186726964063638e-10,9.802118954987948e-05,-0.4229154842674847,-0.05287018203284699,-0.3552515319178554,0.3552515319178554
29,1,COMPOSITE_Q,0.9821020110464611,0.1560715123381683,0.24113410601934512,0.08011736364305146,-0.2787866523693289,0.0,0.0,0.0,0.0,0.0,0.0,0.24113410601934512,0.08011736364305146,-0.2787866523693289,0.2787866523693289
29,2,COMPOSITE_Q,1.011316046618939,0.21559443416174506,0.381764124999548,0.07509247455405954,-0.049028449240616695,0.0,0.0,0.0,0.0,0.0,0.0,0.381764124999548,0.07509247455405954,-0.049028449240616695,0.1527056499998192
29,3,COMPOSITE_Q,0.776069755905808,0.11261617866175153,-0.4097645208716243,0.05138251307892987,-0.0903332733290956,0.0,0.0,0.0,0.0,0.0,0.0,-0.4097645208716243,0.05138251307892987,-0.0903332733290956,0.1639058083486497
29,4,COMPOSITE_Q,0.5588773230442072,0.213010417785572,0.23324614482963685,-0.02544366908450088,0.12403754934337885,0.0,0.0,0.0,0.0,0.0,0.0,0.23324614482963685,-0.02544366908450088,0.12403754934337885,0.12403754934337885
29,5,COMPOSITE_Q,0.6070509004632659,0.12683693900804044,0.28447460828480275,0.02302131092144893,0.40500264588425533,0.0,0.0,0.0,0.0,0.0,0.0,0.28447460828480275,0.02302131092144893,0.40500264588425533,0.40500264588425533
29,6,COMPOSITE_Q,0.8114185779063183,0.12426745052147735,-0.5951855271239456,0.0327869255141162,-0.1978524255064496,0.0,0.0,0.0,0.0,0.0,0.0,-0.5951855271239456,0.0327869255141162,-0.1978524255064496,0.23807421084957822
29,7,COMPOSITE_Q,0.6458624456186018,0.1615439883148423,-0.004386119148615021,0.04782158507902013,-0.4261881167789865,0.0,0.0,0.0,0.0,0.0,0.0,-0.004386119148615021,0.04782158507902013,-0.4261881167789865,0.4261881167789865
29,8,COMPOSITE_Q,0.7223715222297723,0.18935214539110914,-0.2608693578182496,-0.05175435215694583,0.11870914413410677,0.0,0.0,0.0,0.0,0.0,0.0,-0.2608693578182496,-0.05175435215694583,0.11870914413410677,0.11870914413410677
29,9,COMPOSITE_Q,0.49894545459476725,0.22594812880455323,-0.344099198743223,0.01988026623862377,0.3859967777282833,0.0,0.0,0.0,0.0,0.0,0.0,-0.344099198743223,0.01988026623862377,0.3859967777282833,0.3859967777282833
29,10,COMPOSITE_Q,0.6605327600122898,0.22013232313341807,-0.5247743248954035,-0.010955592227474416,-0.15523216157749886,0.0,0.0,0.0,0.0,0.0,0.0,-0.5247743248954035,-0.010955592227474416,-0.15523216157749886,0.20990972995816143
29,1,COMPOSITE_Q_PLUS_RF,0.9821020110464611,0.15607151282071835,0.24113410601934512,0.08011736364305146,-0.2787866523693289,1.308131997232153e-12,-7.168721195444704e-11,-4.614820407979523e-11,1.3081202787645907e-12,-7.168721172234882e-11,-4.614819637538403e-11,0.24113410602065324,0.08011736357136424,-0.2787866524154771,0.2787866524154771
29,2,COMPOSITE_Q_PLUS_RF,1.0113160473295417,0.2155951744429437,0.3814909414010231,0.0750925563030149,-0.04648768662274301,-2.2721964585030276e-08,-6.911556677777825e-11,-9.948836269558205e-06,-2.2721964587635313e-08,-6.911556049704615e-11,-9.948836269556283e-06,0.3814909186790585,0.07509255623389934,-0.046497635459012567,0.1525963674716234
29,3,COMPOSITE_Q_PLUS_RF,0.776267818086682,0.1126167505814719,-0.40950908853564677,0.05138264435750631,-0.0924163264649388,-1.5363426877050485e-07,-8.5248567276018e-11,2.3374081217255646e-06,-1.536342687513681e-07,-8.52485651514634e-11,2.3374081217220066e-06,-0.4095092421699155,0.05138264427225774,-0.09241398905681708,0.1638036968679662
29,4,COMPOSITE_Q_PLUS_RF,0.5588298739494785,0.21301042759846114,0.23329500480623483,-0.025443644730429253,0.12283924253066848,8.852048711302556e-09,-4.288004547909407e-11,6.838245062812684e-07,8.852048705154658e-09,-4.2880046735582766e-11,6.838245062840143e-07,0.23329501365828353,-0.0254436447733093,0.12283992635517477,0.12283992635517477
29,5,COMPOSITE_Q_PLUS_RF,0.6073497599153544,0.12683826312114815,0.2843939709087648,0.023020531072442202,0.40606614095531524,1.390972732392008e-06,-8.859304571809771e-11,-3.006389117428998e-07,1.3909727323846433e-06,-8.859304609365459e-11,-3.0063891176546065e-07,0.28439536188149717,0.023020530983849156,0.40606584031640347,0.40606584031640347
29,6,COMPOSITE_Q_PLUS_RF,0.8114578729065253,0.12426766048776329,-0.595145176498732,0.03278688086768806,-0.19821292023555379,-1.5828697641126642e-06,-8.747281079798533e-11,2.356654204268054e-05,-1.5828697641495637e-06,-8.747281371457305e-11,2.3566542042691152e-05,-0.5951467593684961,0.032786880780215244,-0.1981893536935111,0.23805870374739846
29,7,COMPOSITE_Q_PLUS_RF,0.6458654762434788,0.16154440773303302,-0.004454524067493383,0.04782158844903422,-0.4254605533302203,1.5799671950624692e-11,-7.498574468099786e-11,5.413981306801078e-06,1.5799672334337878e-11,-7.49857467785553e-11,5.413981306823246e-06,-0.004454524051693711,0.04782158837404847,-0.4254551393489135,0.4254551393489135
29,8,COMPOSITE_Q_PLUS_RF,0.7223819384189797,0.18935212013225627,-0.26079891321497545,-0.051754414439030984,0.11794653627770633,2.7977975232187073e-08,2.893574851852817e-09,-1.2229096188983906e-07,2.797797521436607e-08,2.8935748519476334e-09,-1.222909618847634e-07,-0.26079888523700023,-0.05175441154545613,0.11794641398674445,0.11794641398674445
29,9,COMPOSITE_Q_PLUS_RF,0.4989461207547852,0.22594786131564548,-0.34409645641442693,0.01988030354507759,0.3859356107242608,9.35616758331821e-08,2.3998787277121914e-09,-6.631698234471708e-06,9.356167585128361e-08,2.3998787263002086e-09,-6.6316982344494235e-06,-0.3440963628527511,0.019880305944956315,0.38592897902602635,0.38592897902602635
29,10,COMPOSITE_Q_PLUS_RF,0.6605210609280269,0.22015877744618276,-0.5247785544892837,-0.010955629437611865,-0.1551540505359394,3.986799549564955e-06,1.3058102869555073e-09,-7.943596761408636e-05,3.986799549604569e-06,1.3058102862895105e-09,-7.943596761408878e-05,-0.5247745676897341,-0.010955628131801579,-0.15523348650355348,0.20990982707589362
29,1,COMPOSITE_Q_PLUS_GB,0.9821020110464611,0.15607166538200054,0.24113410601934512,0.08011736364305146,-0.2787866523693289,-7.208853441203872e-07,1.5254621113966797e-09,9.89492645778402e-06,-7.208853441131868e-07,1.525462117735188e-09,9.89492645780965e-06,0.241133385134001,0.08011736516851357,-0.2787767574428711,0.2787767574428711
29,2,COMPOSITE_Q_PLUS_GB,1.0113154075928679,0.21559458137128978,0.38195243402913326,0.07509243459429858,-0.050786246211015344,-6.52721031478431e-07,4.356388472315368e-09,1.022471139839208e-05,-6.52721031502157e-07,4.3563884721820045e-09,1.0224711398394704e-05,0.38195178130810176,0.07509243895068705,-0.05077602149961695,0.1527807125232407
29,3,COMPOSITE_Q_PLUS_GB,0.775933216035548,0.1126161926091648,-0.40994503213302413,0.051382402678278975,-0.0887450571385977,-6.531289455310706e-08,-6.186726965262705e-10,4.245324902392275e-06,-6.531289453715061e-08,-6.186726964063638e-10,4.245324902396597e-06,-0.40994509744591867,0.05138240205960628,-0.08874081181369531,0.16397803897836746
29,4,COMPOSITE_Q_PLUS_GB,0.558893221113211,0.21301055065269908,0.23326568061612482,-0.025443681647075885,0.12354980466206009,-8.739918262446247e-08,1.1725874105828971e-08,-2.9799044759665136e-06,-8.739918261335688e-08,1.1725874105028566e-08,-2.9799044759665216e-06,0.2332655932169422,-0.02544366992120178,0.12354682475758412,0.12354682475758412
29,5,COMPOSITE_Q_PLUS_GB,0.6073251258912037,0.12683598254236095,0.28443689868745653,0.02302058003401551,0.40568136586827563,-2.714536839335924e-07,3.643578296757615e-10,-4.475400031712508e-06,-2.7145368391989777e-07,3.643578286305349e-10,-4.475400031733745e-06,0.2844366272337726,0.02302058039837334,0.4056768904682439,0.4056768904682439
29,6,COMPOSITE_Q_PLUS_GB,0.8114230563021851,0.12426801176675831,-0.5951929534450862,0.03278691669453182,-0.19776247230384503,1.9783598914695298e-07,-6.186726965262705e-10,-8.758953438544099e-06,1.9783598914635547e-07,-6.186726964063638e-10,-8.758953438547934e-06,-0.595192755609097,0.032786916075859124,-0.19777123125728358,0.23807710224363882
29,7,COMPOSITE_Q_PLUS_GB,0.6458772717895872,0.16154456900498698,-0.004381227682568428,0.04782173744788411,-0.4262558810344866,1.2778912569844333e-08,-3.478858589064981e-10,-1.082293632646508e-06,1.2778912569615108e-08,-3.478858590089118e-10,-1.0822936326593258e-06,-0.004381214903655858,0.04782173709999825,-0.42625696332811924,0.42625696332811924
29,8,COMPOSITE_Q_PLUS_GB,0.7223733382316424,0.189352213453979,-0.2608642887059657,-0.05175453491279695,0.11865986142218649,-2.862697349020761e-07,-3.478858589064981e-10,-9.097218048232557e-07,-2.862697349170773e-07,-3.478858590089118e-10,-9.097218048176314e-07,-0.2608645749757006,-0.051754535260682806,0.11865895170038167,0.11865895170038167
29,9,COMPOSITE_Q_PLUS_GB,0.4989454370138086,0.2259478019928196,-0.34409561265026256,0.01988029663532799,0.3859346580381196,2.2390688059344987e-07,1.4153764674420245e-09,-2.8567534483066725e-06,2.2390688059203967e-07,1.415376468805185e-09,-2.8567534482992762e-06,-0.34409538874338197,0.01988029805070446,0.3859318012846713,0.3859318012846713
29,10,COMPOSITE_Q_PLUS_GB,0.660522894024763,0.22013592727061815,-0.5247788011461928,-0.010955629316409567,-0.15515916145445,5.987832299843866e-07,1.6713306996820326e-11,-1.606533741929858e-05,5.98783229999178e-07,1.6713307821047962e-11,-1.60653374192965e-05,-0.5247782023629628,-0.010955629299696259,-0.1551752267918693,0.20991128094518513
30,1,COMPOSITE_Q,0.7465909201487019,0.11033998941307413,-0.6068258562659085,-0.0181259977118227,-0.3304370145135967,0.0,0.0,0.0,0.0,0.0,0.0,-0.6068258562659085,-0.0181259977118227,-0.3304370145135967,0.3304370145135967
30,2,COMPOSITE_Q,0.8293545012706242,0.17096747818494704,-0.4335177184516095,0.048939442621557805,-0.13210503205987315,0.0,0.0,0.0,0.0,0.0,0.0,-0.4335177184516095,0.048939442621557805,-0.13210503205987315,0.1734070873806438
30,3,COMPOSITE_Q,0.8613323565812429,0.32039840573624634,-0.21414679477962364,0.05682059270275993,-0.2560641977280201,0.0,0.0,0.0,0.0,0.0,0.0,-0.21414679477962364,0.05682059270275993,-0.2560641977280201,0.2560641977280201
30,4,COMPOSITE_Q,1.3056296336052533,0.3235497620892724,-0.5715510096536197,0.07648750387421879,-0.35621516424856975,0.0,0.0,0.0,0.0,0.0,0.0,-0.5715510096536197,0.07648750387421879,-0.35621516424856975,0.35621516424856975
30,5,COMPOSITE_Q,0.5911311595978684,0.26862490734264116,0.06944008626056311,0.031164146312333794,-0.6084504951184838,0.0,0.0,0.0,0.0,0.0,0.0,0.06944008626056311,0.031164146312333794,-0.6084504951184838,0.6084504951184838
30,6,COMPOSITE_Q,0.4404021762405135,0.3040169119129289,0.04589977408900452,-0.014640839655422837,-0.17516217492809613,0.0,0.0,0.0,0.0,0.0,0.0,0.04589977408900452,-0.014640839655422837,-0.17516217492809613,0.17516217492809613
30,7,COMPOSITE_Q,1.100082786670249,0.29736492930448893,-0.3266871531378028,0.08078395511945141,0.05044295430052396,0.0,0.0,0.0,0.0,0.0,0.0,-0.3266871531378028,0.08078395511945141,0.05044295430052396,0.13067486125512112
30,8,COMPOSITE_Q,0.8627518603073149,0.3328119422753861,0.3633393129677932,0.04810925522550754,-0.37436862063316145,0.0,0.0,0.0,0.0,0.0,0.0,0.3633393129677932,0.04810925522550754,-0.37436862063316145,0.37436862063316145
30,9,COMPOSITE_Q,0.8675167316974111,0.3271199721842199,-0.11982692302542458,-0.058467724282369814,0.35587537229765254,0.0,0.0,0.0,0.0,0.0,0.0,-0.11982692302542458,-0.058467724282369814,0.35587537229765254,0.35587537229765254
30,10,COMPOSITE_Q,1.237647306579519,0.2540727455853957,0.2319786589267207,-0.08502551041490863,0.34871096143085345,0.0,0.0,0.0,0.0,0.0,0.0,0.2319786589267207,-0.08502551041490863,0.34871096143085345,0.34871096143085345
30,1,COMPOSITE_Q_PLUS_RF,0.7465909201487019,0.11034025956022274,-0.6068258562659085,-0.0181259977118227,-0.3304370145135967,5.112902842212194e-07,-7.09469150842408e-11,-1.4465399360961015e-05,5.112902842219214e-07,-7.094691500952877e-11,-1.4465399360952258e-05,-0.6068253449756242,-0.018125997782769614,-0.33045147991295765,0.33045147991295765
30,2,COMPOSITE_Q_PLUS_RF,0.8293525517604006,0.17096773351752798,-0.4335382694814814,0.048939449746623634,-0.13167720954806678,2.605492456088434e-07,-8.540877153467114e-11,-2.327738676165743e-05,2.6054924562313175e-07,-8.54087703339168e-11,-2.3277386761666463e-05,-0.43353800893223576,0.048939449661214864,-0.13170048693482844,0.1734152035728943
30,3,COMPOSITE_Q_PLUS_RF,0.8613740375474048,0.3203984173853312,-0.2141656054143114,0.05682055174523973,-0.2556538913701071,-1.9551303694846675e-10,-8.337054682338096e-11,6.291356569243421e-08,-1.9551305019405163e-10,-8.3370546577477e-11,6.291356569043671e-08,-0.21416560560982445,0.05682055166186918,-0.2556538284565414,0.2556538284565414
30,4,COMPOSITE_Q_PLUS_RF,1.3057319063609079,0.3235511996663145,-0.5714773630762746,0.07648740667934752,-0.3577258030063825,-1.1733665803500014e-05,-1.1352168837987148e-09,0.00015163407647724955,-1.1733665803537185e-05,-1.135216878833667e-09,0.00015163407647722504,-0.5714890967420782,0.07648740554413064,-0.3575741689299053,0.3575741689299053
30,5,COMPOSITE_Q_PLUS_RF,0.5910525499573951,0.26862569423018956,0.0694155804263416,0.03116420158473651,-0.6079038108253334,2.1312901115993005e-07,-7.17352451931856e-11,-2.257336921570768e-06,2.131290111617723e-07,-7.173524621539862e-11,-2.2573369216072336e-06,0.06941579355535277,0.031164201513001265,-0.607906068162255,0.607906068162255
30,6,COMPOSITE_Q_PLUS_RF,0.44040242569627785,0.30401771177688375,0.045901378807047075,-0.014640846210536835,-0.1751279366644881,9.882512209044875e-06,5.847236692013903e-09,-7.193362551913255e-05,9.882512209041794e-06,5.8472366913642215e-09,-7.193362551913274e-05,0.045911261319256116,-0.014640840363300144,-0.17519987029000722,0.17519987029000722
30,7,COMPOSITE_Q_PLUS_RF,1.1000834348829245,0.29736526904128696,-0.3266841999894563,0.08078394602036064,0.050414196631083354,-7.916665178368738e-07,1.2241466720887289e-09,1.463863437815712e-05,-7.916665178409055e-07,1.2241466729179251e-09,1.4638634378158488e-05,-0.32668499165597414,0.08078394724450731,0.05042883526546151,0.13067399666238966
30,8,COMPOSITE_Q_PLUS_RF,0.8627520619872667,0.3328120478277765,0.3633249991724167,0.04810927924059668,-0.37426102389671534,1.3149757604944043e-06,1.175406046523462e-08,-1.2882810416482994e-05,1.3149757605024348e-06,1.1754060467994432e-08,-1.288281041650352e-05,0.3633263141481772,0.04810929099465715,-0.37427390670713184,0.37427390670713184
30,9,COMPOSITE_Q_PLUS_RF,0.867516947742216,0.32712078704178266,-0.1198266518500952,-0.05846773753298133,0.35587465180157096,4.016566192074011e-06,-5.669335524717218e-11,-4.843022578977578e-05,4.016566192074911e-06,-5.669335834124212e-11,-4.843022578976397e-05,-0.11982263528390312,-0.05846773758967469,0.3558262215757812,0.3558262215757812
30,10,COMPOSITE_Q_PLUS_RF,1.2376506697063525,0.25407369629889265,0.2319748089805464,-0.08502552099809281,0.34875792504159336,5.1139247364204886e-06,-4.83566211589098e-08,-2.9811043245531803e-05,5.1139247364273555e-06,-4.8356621165646096e-08,-2.9811043245508984e-05,0.23197992290528283,-0.08502556935471398,0.34872811399834786,0.34872811399834786
30,1,COMPOSITE_Q_PLUS_GB,0.7465909201487019,0.11034004782753547,-0.6068258562659085,-0.0181259977118227,-0.3304370145135967,2.2113644765409164e-07,1.6713306996820326e-11,-4.5560362063138517e-07,2.2113644770893615e-07,1.6713307821047962e-11,-4.556036206082581e-07,-0.6068256351294607,-0.01812599769510939,-0.3304374701172173,0.3304374701172173
30,2,COMPOSITE_Q_PLUS_GB,0.8293545900289138,0.17096752722199768,-0.43353904877561006,0.04893944380968735,-0.13166868338818943,-2.9397221629055143e-07,-6.186726965262705e-10,8.853025512028362e-06,-2.9397221629201553e-07,-6.186726964063638e-10,8.853025512040036e-06,-0.43353934274782635,0.048939443191014655,-0.1316598303626774,0.17341573709913055
30,3,COMPOSITE_Q_PLUS_GB,0.8613805755007533,0.3203984710460344,-0.21414003200097514,0.05682054406532488,-0.25620164176778915,-2.546408500229763e-07,-6.186726965262705e-10,8.532494767741175e-06,-2.546408500170294e-07,-6.186726964063638e-10,8.532494767732324e-06,-0.21414028664182516,0.05682054344665218,-0.2561931092730214,0.2561931092730214
30,4,COMPOSITE_Q_PLUS_GB,1.3056699442927713,0.32355116068094036,-0.571604189683381,0.07648747801701626,-0.3551177706143142,-9.216850196788132e-06,-6.186726965262705e-10,0.00010431561862102975,-9.216850196835935e-06,-6.186726964063638e-10,0.00010431561862100924,-0.5716134065335778,0.07648747739834356,-0.3550134549956932,0.3550134549956932
30,5,COMPOSITE_Q_PLUS_GB,0.5913410207942484,0.26862500399839495,0.06951983465405634,0.031164014142165603,-0.6100072282676141,1.962024907080045e-07,5.092036262991605e-10,1.599853102125926e-06,1.9620249071261586e-07,5.092036271803213e-10,1.5998531021077511e-06,0.06952003085654705,0.03116401465136923,-0.610005628414512,0.610005628414512
30,6,COMPOSITE_Q_PLUS_GB,0.44040208986544843,0.304017185310514,0.0458973854358881,-0.014640849456167726,-0.17514391979891322,7.671140234664327e-07,1.7605085972301406e-09,-1.6121689351165503e-05,7.671140234630225e-07,1.7605085965433087e-09,-1.6121689351167312e-05,0.045898152549911565,-0.01464084769565913,-0.1751600414882644,0.1751600414882644
30,7,COMPOSITE_Q_PLUS_GB,1.100082245824986,0.29736615403725564,-0.32659196042253125,0.08078393645177576,0.04968808094977946,-9.610869464356175e-07,-6.186726965262705e-10,2.979611659119481e-05,-9.610869464160565e-07,-6.186726964063638e-10,2.9796116591193633e-05,-0.32659292150947766,0.08078393583310306,0.04971787706637065,0.13063716860379107
30,8,COMPOSITE_Q_PLUS_GB,0.8627559197177214,0.3328119718897586,0.36324792728844496,0.0481094234828779,-0.3736501965149699,-4.821365771789627e-07,1.870594241184796e-09,4.498090072103193e-06,-4.821365771623398e-07,1.8705942420038646e-09,4.498090072080352e-06,0.3632474451518678,0.048109425353472145,-0.3736456984248978,0.3736456984248978
30,9,COMPOSITE_Q_PLUS_GB,0.8675167040462406,0.3271275282539341,-0.11982667909602683,-0.058467716751181634,0.35587241138471354,1.9175138682028025e-05,2.1274849267374843e-09,-8.713562770768305e-06,1.9175138682034354e-05,2.1274849243413385e-09,-8.713562770767957e-06,-0.1198075039573448,-0.05846771462369671,0.35586369782194277,0.35586369782194277
30,10,COMPOSITE_Q_PLUS_GB,1.2376390012805936,0.25407427520634207,0.23196326766804737,-0.08502554516456087,0.3486897413299774,5.86188222192348e-06,-4.7896701234920494e-08,-2.146228561933673e-05,5.861882221930292e-06,-4.789670123017675e-08,-2.146228561933361e-05,0.2319691295502693,-0.0850255930612621,0.34866827904435804,0.34866827904435804
31,1,COMPOSITE_Q,0.7210761041803488,0.09932002592451544,0.2997468447141239,0.05116765454602742,0.24963365894200115,0.0,0.0,0.0,0.0,0.0,0.0,0.2997468447141239,0.05116765454602742,0.24963365894200115,0.24963365894200115
31,2,COMPOSITE_Q,0.41139993713717454,0.2645969336180397,-0.13821071186099063,-0.017951770775046873,-0.009906810925497412,0.0,0.0,0.0,0.0,0.0,0.0,-0.13821071186099063,-0.017951770775046873,-0.009906810925497412,0.05528428474439625
31,3,COMPOSITE_Q,0.40183307041676786,0.1440333905833847,0.36861526291278873,-0.01049990936620474,-0.3392430134259357,0.0,0.0,0.0,0.0,0.0,0.0,0.36861526291278873,-0.01049990936620474,-0.3392430134259357,0.3392430134259357
31,4,COMPOSITE_Q,1.034127533598988,0.23723599941858703,0.49234088884750676,-0.06617534455952741,0.09308533873083624,0.0,0.0,0.0,0.0,0.0,0.0,0.49234088884750676,-0.06617534455952741,0.09308533873083624,0.1969363555390027
31,5,COMPOSITE_Q,0.7744767871407423,0.10551572728973535,0.48790153211676,-0.042341748644054246,0.12687243046883712,0.0,0.0,0.0,0.0,0.0,0.0,0.48790153211676,-0.042341748644054246,0.12687243046883712,0.195160612846704
31,6,COMPOSITE_Q,0.4120840780989518,0.16654617359968696,-0.1897295223354745,-0.01904036908994246,-0.13468473349935642,0.0,0.0,0.0,0.0,0.0,0.0,-0.1897295223354745,-0.01904036908994246,-0.13468473349935642,0.13468473349935642
31,7,COMPOSITE_Q,0.8295218100769525,0.17267048617597613,0.265474075920744,-0.06228656747977192,0.22678552470516963,0.0,0.0,0.0,0.0,0.0,0.0,0.265474075920744,-0.06228656747977192,0.22678552470516963,0.22678552470516963
31,8,COMPOSITE_Q,0.9012757601945064,0.12201968402009654,-0.36512759755820584,-0.06087015573055115,-0.2647629733554485,0.0,0.0,0.0,0.0,0.0,0.0,-0.36512759755820584,-0.06087015573055115,-0.2647629733554485,0.2647629733554485
31,9,COMPOSITE_Q,0.6371405737414336,0.26955018792280694,0.2506030869079823,-0.035754211372148244,0.07895166012087304,0.0,0.0,0.0,0.0,0.0,0.0,0.2506030869079823,-0.035754211372148244,0.07895166012087304,0.10024123476319291
31,10,COMPOSITE_Q,0.9783997512869916,0.20489060509903848,0.5780068872352764,-0.05859837666174013,-0.15631414267640145,0.0,0.0,0.0,0.0,0.0,0.0,0.5780068872352764,-0.05859837666174013,-0.15631414267640145,0.23120275489411055
31,1,COMPOSITE_Q_PLUS_RF,0.7210761041803488,0.09932005851379973,0.2997468447141239,0.05116765454602742,0.24963365894200115,-7.626403179096514e-08,-8.189744021092739e-11,-3.801953936382565e-07,-7.626403181193453e-08,-8.189744021835921e-11,-3.8019539363998156e-07,0.29974676845009207,0.05116765446412998,0.2496332787466075,0.2496332787466075
31,2,COMPOSITE_Q_PLUS_RF,0.41139976285291296,0.2645972584576378,-0.13821052641899353,-0.0179517753370182,-0.00990675518289058,1.5575051371247572e-06,1.973476165873657e-08,-1.3797698500788226e-05,1.5575051371119475e-06,1.973476165817445e-08,-1.379769850078788e-05,-0.13820896891385642,-0.017951755602256543,-0.009920552881391367,0.055283587565542566
31,3,COMPOSITE_Q_PLUS_RF,0.4018329486584037,0.14402831611709854,0.3686396779628628,-0.010499921283389528,-0.339439582219742,3.01286322049326e-07,2.340520617425697e-09,5.820710025716521e-06,3.012863220575035e-07,2.340520617594155e-09,5.82071002569462e-06,0.36863997924918485,-0.01049991894286891,-0.3394337615097163,0.3394337615097163
31,4,COMPOSITE_Q_PLUS_RF,1.0341427642618723,0.23723636976282542,0.4923898346132936,-0.06617533787925611,0.09218989156999521,-1.15968161408132e-06,-3.004727297644305e-09,3.256398915548222e-05,-1.1596816140713173e-06,-3.0047273003042108e-09,3.256398915547909e-05,0.49238867493167954,-0.06617534088398341,0.09222245555915069,0.19695546997267183
31,5,COMPOSITE_Q_PLUS_RF,0.7746085283035742,0.10551633625583388,0.48782497638947214,-0.04234159968023285,0.12795165800910968,7.989058558412601e-06,8.422206845998859e-10,-8.213626547892399e-05,7.989058558421913e-06,8.422206820846156e-10,-8.213626547892705e-05,0.48783296544803056,-0.04234159883801217,0.12786952174363075,0.19513318617921221
31,6,COMPOSITE_Q_PLUS_RF,0.41205610708973395,0.16654636847965293,-0.18973852798717672,-0.019040462026828662,-0.13460209156484984,2.8520978675130283e-07,1.8201894403126418e-08,3.5153069942481233e-06,2.852097867600545e-07,1.820189440143727e-08,3.515306994245071e-06,-0.18973824277738996,-0.01904044382493426,-0.1345985762578556,0.1345985762578556
31,7,COMPOSITE_Q_PLUS_RF,0.8295210565387207,0.17267055239969412,0.26547210662785,-0.062286593439789234,0.2268070887037227,4.2133528443733876e-07,-2.6893827221104953e-09,-3.177706600370814e-06,4.2133528443955015e-07,-2.6893827234641954e-09,-3.177706600382413e-06,0.2654725279631344,-0.06228659612917196,0.22680391099712233,0.22680391099712233
31,8,COMPOSITE_Q_PLUS_RF,0.9012776769702623,0.12201958930328519,-0.3651726531871402,-0.06087015503728822,-0.26410198565312276,-1.999947122330959e-11,-7.313569137491083e-11,-3.149514726871654e-07,-1.9999446543295107e-11,-7.313569194700165e-11,-3.1495147267968093e-07,-0.36517265320713965,-0.060870155110423915,-0.26410230060459544,0.26410230060459544
31,9,COMPOSITE_Q_PLUS_RF,0.6370792703824588,0.269550534153048,0.25066008198570344,-0.03575428968022089,0.07812359358339732,2.0070651301484037e-06,-6.475441871913622e-11,-1.4983972083200527e-05,2.007065130149588e-06,-6.475441710618313e-11,-1.4983972083201791e-05,0.2506620890508336,-0.035754289744975305,0.07810860961131412,0.10026483562033343
31,10,COMPOSITE_Q_PLUS_RF,0.9784169580543268,0.2048913824852535,0.5780451726120879,-0.058598350066922905,-0.15689106324937457,2.444521969172874e-06,-3.71357532664499e-08,-1.821254050310354e-05,2.4445219691804354e-06,-3.7135753264139204e-08,-1.821254050310417e-05,0.5780476171340571,-0.05859838720267617,-0.15690927578987768,0.23121904685362282
31,1,COMPOSITE_Q_PLUS_GB,0.7210761041803488,0.0993200568318987,0.2997468447141239,0.05116765454602742,0.24963365894200115,-5.293078463252178e-07,-6.691312699293728e-10,7.739525722476545e-06,-5.293078463308731e-07,-6.691312712248099e-10,7.739525722472163e-06,0.29974631540627755,0.051167653876896146,0.24964139846772362,0.24964139846772362
31,2,COMPOSITE_Q_PLUS_GB,0.4114023555296839,0.26459708946222343,-0.13821018150601502,-0.017951774378092394,-0.009914602856209313,-1.5390537903622582e-07,2.6928969547918303e-09,6.6786937727288515e-06,-1.539053790244882e-07,2.692896954037405e-09,6.678693772728048e-06,-0.13821033541139405,-0.01795177168519544,-0.009907924162436585,0.055284134164557616
31,3,COMPOSITE_Q_PLUS_GB,0.4018327429071199,0.14402811632488596,0.3686398623440483,-0.01049989881005033,-0.3394315840336415,3.6213538665313475e-07,1.7737449018589739e-09,-4.601497293443934e-06,3.6213538667784206e-07,1.7737449026916652e-09,-4.60149729342163e-06,0.36864022447943495,-0.010499897036305427,-0.3394361855309349,0.3394361855309349
31,4,COMPOSITE_Q_PLUS_GB,1.034140873535335,0.23723770152524443,0.49212731425639267,-0.06617538754474403,0.0960500057729001,-1.3369856553886948e-06,-5.625542727250869e-09,7.433837794487014e-05,-1.336985655409073e-06,-5.625542726095389e-09,7.433837794487697e-05,0.49212597727073726,-0.06617539317028676,0.09612434415084498,0.1968503909082949
31,5,COMPOSITE_Q_PLUS_GB,0.774117003769068,0.10551873396171342,0.4881128558751451,-0.04234215198569471,0.12378820483786775,-1.0287519130887874e-06,1.856698089117712e-09,-9.565885361318446e-05,-1.0287519131013667e-06,1.8566980869438865e-09,-9.565885361317861e-05,0.488111827123232,-0.04234215012899662,0.12369254598425457,0.19524473084929278
31,6,COMPOSITE_Q_PLUS_GB,0.4119761161657756,0.1665462554886123,-0.18974464765592144,-0.019040721423981936,-0.13440198286656116,-1.6142134766271446e-07,2.347764825003714e-09,-6.260495181525324e-07,-1.6142134764973726e-07,2.347764826299281e-09,-6.260495181431569e-07,-0.1897448090772691,-0.01904071907621711,-0.1344026089160793,0.1344026089160793
31,7,COMPOSITE_Q_PLUS_GB,0.8295220105917661,0.17267045218375682,0.2654716304483142,-0.06228657049542659,0.22682484098299743,-3.465050809786278e-07,-4.4980610491741986e-10,2.936462569630974e-06,-3.465050809614567e-07,-4.4980610208744665e-10,2.936462569630427e-06,0.2654712839432332,-0.06228657094523269,0.22682777744556706,0.22682777744556706
31,8,COMPOSITE_Q_PLUS_GB,0.9012790098854809,0.12201964298933068,-0.36517191432745394,-0.060870161041547764,-0.26410907303611975,5.0892093987744644e-08,-6.186726965262705e-10,2.3968554935791042e-06,5.089209398345673e-08,-6.186726964063638e-10,2.3968554935804853e-06,-0.36517186343535996,-0.06087016166022046,-0.26410667618062617,0.26410667618062617
31,9,COMPOSITE_Q_PLUS_GB,0.6370779062947738,0.2695502334076269,0.25069344671808796,-0.035754293112761126,0.07763032392456942,-2.3537713156927084e-07,-5.321230252148478e-11,3.065555284528503e-07,-2.3537713156329687e-07,-5.3212302619787266e-11,3.0655552844816025e-07,0.2506932113409564,-0.03575429316597343,0.07763063048009787,0.10027728453638256
31,10,COMPOSITE_Q_PLUS_GB,0.9784716311301135,0.2048932505362286,0.5780389833294697,-0.05859828260338129,-0.15679648762055196,-9.077089222624006e-06,8.985578398121775e-10,7.313259732943072e-06,-9.077089222597756e-06,8.985578392461946e-10,7.313259732938393e-06,0.5780299062402471,-0.05859828170482345,-0.15678917436081902,0.23121196249609882
32,1,COMPOSITE_Q,0.3830584442857935,0.03768238574003372,0.3272389281459137,0.01571639134440399,-0.12575661360571186,0.0,0.0,0.0,0.0,0.0,0.0,0.3272389281459137,0.01571639134440399,-0.12575661360571186,0.13089557125836548
32,2,COMPOSITE_Q,0.3994458225126655,0.13562649369229024,0.08204956233895001,-0.028378259682819932,-0.46580063839151675,0.0,0.0,0.0,0.0,0.0,0.0,0.08204956233895001,-0.028378259682819932,-0.46580063839151675,0.46580063839151675
32,3,COMPOSITE_Q,0.9620720484359301,0.16112521581196654,0.12466787337514429,0.07395460039859328,0.3561172939730656,0.0,0.0,0.0,0.0,0.0,0.0,0.12466787337514429,0.07395460039859328,0.3561172939730656,0.3561172939730656
32,4,COMPOSITE_Q,0.5528087663653812,0.2094654189374353,-0.5473126086811683,-0.007690817579782315,0.2481483963065388,0.0,0.0,0.0,0.0,0.0,0.0,-0.5473126086811683,-0.007690817579782315,0.2481483963065388,0.2481483963065388
32,5,COMPOSITE_Q,0.5454400024325424,0.21309834796348154,-0.27762286314164675,0.02596967980969368,0.0010628386449585484,0.0,0.0,0.0,0.0,0.0,0.0,-0.27762286314164675,0.02596967980969368,0.0010628386449585484,0.1110491452566587
32,6,COMPOSITE_Q,0.5851955461423928,0.07138395032177927,-0.07005062576903857,-0.05437873032855515,0.2795399755866268,0.0,0.0,0.0,0.0,0.0,0.0,-0.07005062576903857,-0.05437873032855515,0.2795399755866268,0.2795399755866268
32,7,COMPOSITE_Q,0.7738848594758765,0.20863061075766054,-0.294819905426867,-0.050468034966386174,-0.27160623817953267,0.0,0.0,0.0,0.0,0.0,0.0,-0.294819905426867,-0.050468034966386174,-0.27160623817953267,0.27160623817953267
32,8,COMPOSITE_Q,0.21337511268050524,0.07765820964988981,-0.18978312586800472,-0.00882838861651723,0.3221908428240977,0.0,0.0,0.0,0.0,0.0,0.0,-0.18978312586800472,-0.00882838861651723,0.3221908428240977,0.3221908428240977
32,9,COMPOSITE_Q,0.27560470960408634,0.13774888883703712,-0.2529103238032135,0.0016239556919286214,0.15235898516700458,0.0,0.0,0.0,0.0,0.0,0.0,-0.2529103238032135,0.0016239556919286214,0.15235898516700458,0.15235898516700458
32,10,COMPOSITE_Q,0.42386725270478326,0.06718671116997835,0.050296888618614595,0.038529459141996986,0.08504640966963868,0.0,0.0,0.0,0.0,0.0,0.0,0.050296888618614595,0.038529459141996986,0.08504640966963868,0.08504640966963868
32,1,COMPOSITE_Q_PLUS_RF,0.3830584442857935,0.0377131850230839,0.3272389281459137,0.01571639134440399,-0.12575661360571186,1.6177941343259247e-05,4.350647077704829e-09,-0.00017357626891873433,1.6177941343231694e-05,4.350647078710246e-09,-0.00017357626891872924,0.32725510608725694,0.01571639569505107,-0.1259301898746306,0.13090204243490278
32,2,COMPOSITE_Q_PLUS_RF,0.3994216760728264,0.13562296155969203,0.0820878496828366,-0.028378298585748883,-0.46676395850888,-1.208898030232013e-07,1.2080000380099813e-08,-2.278784446296529e-06,-1.2088980302915608e-07,1.2080000378472677e-08,-2.2787844463079132e-06,0.08208772879303357,-0.028378286505748505,-0.4667662372933263,0.4667662372933263
32,3,COMPOSITE_Q_PLUS_RF,0.9621655259343636,0.16112461260390182,0.12461177387409428,0.07395477233108479,0.357244463887219,-5.278585591556711e-08,-9.484982817756113e-11,8.006031346156795e-08,-5.278585592238816e-08,-9.484982244067908e-11,8.006031343432696e-08,0.12461172108823836,0.07395477223623496,0.3572445439475324,0.3572445439475324
32,4,COMPOSITE_Q_PLUS_RF,0.5528094517607621,0.20946931538922722,-0.5473086341692114,-0.007690823966647675,0.24812296129914427,6.039542622468363e-07,-7.888112509494526e-11,-1.559550422373583e-05,6.039542622682248e-07,-7.888112472237419e-11,-1.5595504223725465e-05,-0.5473080302149491,-0.0076908240455288,0.24810736579492054,0.24810736579492054
32,5,COMPOSITE_Q_PLUS_RF,0.5454394266126865,0.213099253765701,-0.277632618429029,0.025969685878198766,0.0012109698932381207,-4.897248888021396e-10,-5.7247645626809176e-11,-2.0570986814607833e-06,-4.897248717661284e-10,-5.724764412518013e-11,-2.0570986814607596e-06,-0.27763261891875385,0.025969685820951122,0.00120891279455666,0.11105304756750153
32,6,COMPOSITE_Q_PLUS_RF,0.5851885092588687,0.07138566367773352,-0.07004346996505349,-0.054378300292593926,0.2794104883217847,-6.060677537279681e-08,5.436082992301146e-09,-4.8317261322656895e-08,-6.060677537611525e-08,5.436082993470759e-09,-4.831726130305469e-08,-0.07004353057182887,-0.05437829485651093,0.2794104400045234,0.2794104400045234
32,7,COMPOSITE_Q_PLUS_RF,0.7738871216222413,0.20863057985859762,-0.29476761523413564,-0.05046840871210178,-0.27234554825816143,-1.247350899994301e-11,-7.003058157949706e-11,-1.0847392071123065e-10,-1.2473522215117328e-11,-7.003057855836659e-11,-1.0847389653179107e-10,-0.29476761524660916,-0.05046840878213236,-0.2723455483666353,0.2723455483666353
32,8,COMPOSITE_Q_PLUS_RF,0.21339679547170007,0.07765840374588476,-0.18983221558467314,-0.008828438186538872,0.32295778545559267,1.375091967295392e-11,-2.948677992954481e-11,-7.376393439388819e-11,1.3750917071675417e-11,-2.9486779337672964e-11,-7.376393940106141e-11,-0.18983221557092222,-0.008828438216025651,0.32295778538182873,0.32295778538182873
32,9,COMPOSITE_Q_PLUS_RF,0.27560722219968,0.13774938662131414,-0.25291351411604174,0.001623942714540046,0.15236335123009548,-6.410948707686008e-08,-2.9063177461484506e-11,1.844403483804483e-06,-6.410948705237729e-08,-2.9063177428914622e-11,1.84440348380277e-06,-0.2529135782255288,0.0016239426854768686,0.15236519563357928,0.15236519563357928
32,10,COMPOSITE_Q_PLUS_RF,0.42386682245834456,0.06718691390194215,0.050280879725989006,0.038529469008379426,0.08506939012774564,3.9213180979676937e-08,-2.560523496605142e-11,7.936647882579586e-07,3.921318098010218e-08,-2.5605233211489775e-11,7.936647882511583e-07,0.050280918939169986,0.03852946898277419,0.0850701837925339,0.0850701837925339
32,1,COMPOSITE_Q_PLUS_GB,0.3830584442857935,0.037682551083617434,0.3272389281459137,0.01571639134440399,-0.12575661360571186,4.719062302330344e-08,1.9426413871663075e-09,-9.325455883132713e-07,4.719062302038779e-08,1.942641388030797e-09,-9.325455883057998e-07,0.32723897533653673,0.01571639328704538,-0.12575754615130016,0.1308955901346147
32,2,COMPOSITE_Q_PLUS_GB,0.39944572127821304,0.1356228613509865,0.0821048257521606,-0.02837825260927457,-0.46695579642294704,-4.315348790707173e-07,1.7123788214806214e-09,9.231492863579568e-06,-4.31534879066775e-07,1.7123788220718694e-09,9.231492863581714e-06,0.08210439421728154,-0.02837825089689575,-0.46694656493008346,0.46694656493008346
32,3,COMPOSITE_Q_PLUS_GB,0.9621661300968106,0.16112450767988093,0.12461238844718588,0.07395477904287198,0.3572293058189733,-5.492148627481789e-07,-6.691312699293728e-10,1.0840851133517921e-05,-5.492148627550542e-07,-6.69131264285916e-10,1.0840851133508966e-05,0.12461183923232312,0.07395477837374072,0.3572401466701068,0.3572401466701068
32,4,COMPOSITE_Q_PLUS_GB,0.5528082133175388,0.20947183296861088,-0.5473095938944559,-0.007690815909133311,0.24813513909777496,1.3220192508601033e-06,1.1445896298222524e-09,-2.6156691178807315e-05,1.3220192508489603e-06,1.1445896296730096e-09,-2.6156691178808034e-05,-0.547308271875205,-0.007690814764543682,0.24810898240659615,0.24810898240659615
32,5,COMPOSITE_Q_PLUS_GB,0.5454389984119092,0.21309996522637698,-0.2776171845033409,0.02596967820862615,0.001072448902286956,1.4345081133167458e-07,1.6788798707819387e-09,2.1520430421980397e-06,1.4345081134070625e-07,1.6788798719302722e-09,2.1520430421981176e-06,-0.27761704105252955,0.025969679887506023,0.0010746009453291541,0.11104681642101182
32,6,COMPOSITE_Q_PLUS_GB,0.5851939172045579,0.07138398389601941,-0.0700578659111207,-0.054378764968704155,0.2795551872956851,-2.431989695556254e-07,1.0327649760407975e-09,6.491196749135913e-07,-2.431989695600434e-07,1.0327649777042147e-09,6.491196749003336e-07,-0.07005810911009026,-0.05437876393593918,0.27955583641536,0.27955583641536
32,7,COMPOSITE_Q_PLUS_GB,0.7738847811876206,0.2086306747063124,-0.29483709439541644,-0.05046804304777244,-0.27134894725596853,-1.7529673204272972e-09,-6.186726965262705e-10,-1.082293632646508e-06,-1.7529673268512624e-09,-6.186726964063638e-10,-1.0822936326593258e-06,-0.29483709614838377,-0.05046804366644514,-0.2713500295496012,0.2713500295496012
32,8,COMPOSITE_Q_PLUS_GB,0.21336750311461872,0.07765994991091309,-0.18976355317034474,-0.008828362051731965,0.32192007684218493,2.0572408840526254e-07,1.99309996056941e-09,-5.529718680389789e-06,2.0572408840346945e-07,1.9930999611145195e-09,-5.529718680397089e-06,-0.18976334744625634,-0.008828360058632004,0.32191454712350454,0.32191454712350454
32,9,COMPOSITE_Q_PLUS_GB,0.2756046705761646,0.1377487743501173,-0.2529097705381589,0.0016239450046708311,0.15235463734785956,2.43615603082272e-07,2.3382320903575266e-09,-4.977528740317678e-06,2.4361560307939456e-07,2.338232090370526e-09,-4.9775287403186486e-06,-0.2529095269225558,0.0016239473429029215,0.15234965981911924,0.15234965981911924
32,10,COMPOSITE_Q_PLUS_GB,0.42386765511374674,0.06718843320608418,0.05021774249858025,0.038529477240509646,0.08518478590298868,-4.867795943588283e-07,1.6523875134313325e-09,8.47482047089038e-06,-4.867795943622188e-07,1.6523875115415088e-09,8.474820470893984e-06,0.05021725571898589,0.03852947889289716,0.08519326072345958,0.08519326072345958
33,1,COMPOSITE_Q,0.671573622443292,0.13761413706977796,-0.6863482366684279,0.008614845787892341,0.008809800716160571,0.0,0.0,0.0,0.0,0.0,0.0,-0.6863482366684279,0.008614845787892341,0.008809800716160571,0.27453929466737115
33,2,COMPOSITE_Q,1.2355053348455869,0.29227543445029536,-0.5466999168080731,0.08151175043381921,-0.17985425165047114,0.0,0.0,0.0,0.0,0.0,0.0,-0.5466999168080731,0.08151175043381921,-0.17985425165047114,0.21867996672322923
33,3,COMPOSITE_Q,1.1144713917538733,0.27607876800572245,0.4962306616921027,0.06830924683689818,0.2929104861547629,0.0,0.0,0.0,0.0,0.0,0.0,0.4962306616921027,0.06830924683689818,0.2929104861547629,0.2929104861547629
33,4,COMPOSITE_Q,0.7717190739251097,0.2709216534266102,0.40115728564571285,0.04199010503227137,0.03305189899881977,0.0,0.0,0.0,0.0,0.0,0.0,0.40115728564571285,0.04199010503227137,0.03305189899881977,0.16046291425828513
33,5,COMPOSITE_Q,0.4684186824789763,0.15847047222988558,-0.33030315699679735,0.02034139703539255,0.08671612484206508,0.0,0.0,0.0,0.0,0.0,0.0,-0.33030315699679735,0.02034139703539255,0.08671612484206508,0.13212126279871894
33,6,COMPOSITE_Q,1.0303873882663275,0.16905110831796744,0.4661752150164523,0.06516090369408398,0.10874832023512043,0.0,0.0,0.0,0.0,0.0,0.0,0.4661752150164523,0.06516090369408398,0.10874832023512043,0.18647008600658094
33,7,COMPOSITE_Q,0.810815483622668,0.11807733121625973,-0.24538841774481335,-0.06746421867617163,-0.07962175492113051,0.0,0.0,0.0,0.0,0.0,0.0,-0.24538841774481335,-0.06746421867617163,-0.07962175492113051,0.09815536709792534
33,8,COMPOSITE_Q,0.7292103246516299,0.20427470306961878,-0.32884408847996854,-0.043945805934915656,0.30225671081525035,0.0,0.0,0.0,0.0,0.0,0.0,-0.32884408847996854,-0.043945805934915656,0.30225671081525035,0.30225671081525035
33,9,COMPOSITE_Q,0.1936854460081751,0.14498120253717184,-0.13147273108132934,0.0023597106174543933,0.17093977125073967,0.0,0.0,0.0,0.0,0.0,0.0,-0.13147273108132934,0.0023597106174543933,0.17093977125073967,0.17093977125073967
33,10,COMPOSITE_Q,0.275776830783381,0.17018859475061046,0.0673139232685985,0.0017850635581566196,0.1761980065818959,0.0,0.0,0.0,0.0,0.0,0.0,0.0673139232685985,0.0017850635581566196,0.1761980065818959,0.1761980065818959
33,1,COMPOSITE_Q_PLUS_RF,0.671573622443292,0.137614412485119,-0.6863482366684279,0.008614845787892341,0.008809800716160571,3.963350969447032e-06,-6.951816874097639e-10,-6.93695630902389e-05,3.963350969415913e-06,-6.95181688256663e-10,-6.936956309023905e-05,-0.6863442733174585,0.008614845092710653,0.008740431153070332,0.2745377093269834
33,2,COMPOSITE_Q_PLUS_RF,1.2354973207440612,0.2922756268488685,-0.5467261605542071,0.08151176348885426,-0.17950835398113257,2.878689371661894e-06,-1.9853269624641407e-10,-4.2190751333683956e-05,2.878689371654808e-06,-1.9853269028757836e-10,-4.2190751333687215e-05,-0.5467232818648354,0.08151176329032157,-0.17955054473246626,0.21868931274593417
33,3,COMPOSITE_Q_PLUS_RF,1.114454753731474,0.27607917551086525,0.49624948170412087,0.06830919603562231,0.2926734275868173,-8.883193260341968e-10,-6.89806186816015e-11,-1.3384141682451816e-06,-8.883193070019502e-10,-6.898061288840296e-11,-1.338414168272628e-06,0.49624948081580156,0.0683091959666417,0.29267208917264903,0.29267208917264903
33,4,COMPOSITE_Q_PLUS_RF,0.771719545663494,0.27092517826620577,0.4011575622611549,0.04199010257155759,0.03305493559008716,1.4104910483828646e-06,3.4856326356621063e-09,-1.5229769035348335e-05,1.4104910484036282e-06,3.48563263669055e-09,-1.522976903534784e-05,0.4011589727522033,0.041990106057190224,0.03303970582105181,0.16046358910088132
33,5,COMPOSITE_Q_PLUS_RF,0.4684175986351478,0.15846998381411959,-0.3302998580088203,0.020341396202749884,0.08667167161649218,2.9929077554145985e-08,1.5765107574614731e-09,6.987884949366096e-07,2.992907754961749e-08,1.5765107587439875e-09,6.987884949433143e-07,-0.33029982807974273,0.020341397779260643,0.08667237040498713,0.13211993123189708
33,6,COMPOSITE_Q_PLUS_RF,1.0303911389487292,0.16905293572429053,0.46617072189994496,0.06516091169123038,0.10880446633338127,5.630446956072766e-07,-1.4406919197605966e-08,-6.150638934050334e-06,5.63044695589543e-07,-1.4406919199294599e-08,-6.150638934054875e-06,0.46617128494464055,0.06516089728431118,0.10879831569444721,0.18646851397785622
33,7,COMPOSITE_Q_PLUS_RF,0.8108146732740182,0.11807747562963959,-0.24539039697062723,-0.06746420068543937,-0.0795947476552425,-3.4686275474567243e-12,-6.043514894582963e-11,-1.6552123014527531e-10,-3.4686142846851453e-12,-6.043514300113628e-11,-1.655212356066471e-10,-0.24539039697409584,-0.06746420074587452,-0.07959474782076374,0.09815615878963833
33,8,COMPOSITE_Q_PLUS_RF,0.7292100701134017,0.20427500413351626,-0.3288441703337067,-0.04394581229703295,0.3022448922582086,2.9482241165069354e-08,-7.829535847291357e-11,1.2407464211847684e-06,2.9482241148404142e-08,-7.829535630943241e-11,1.2407464211605657e-06,-0.32884414085146557,-0.043945812375328304,0.30224613300462977,0.30224613300462977
33,9,COMPOSITE_Q_PLUS_RF,0.19368612444601865,0.1449832252361812,-0.13147144992755852,0.002359705511369736,0.1709301383748425,2.994565138472216e-07,-2.846575124879249e-11,-7.406073464632592e-06,2.99456513835894e-07,-2.8465751457373845e-11,-7.406073464638618e-06,-0.13147115047104468,0.0023597054829039847,0.17092273230137786,0.17092273230137786
33,10,COMPOSITE_Q_PLUS_RF,0.2757792872616551,0.1701911533955956,0.06731434653619973,0.0017850716902321974,0.17619580675612181,2.7293652155917085e-07,-2.7661404304492345e-11,-9.097555665267625e-06,2.7293652156423764e-07,-2.7661404200171602e-11,-9.097555665277257e-06,0.0673146194727213,0.0017850716625707932,0.17618670920045654,0.17618670920045654
33,1,COMPOSITE_Q_PLUS_GB,0.671573622443292,0.1376195895103682,-0.6863482366684279,0.008614845787892341,0.008809800716160571,-2.4636283264675167e-05,1.6713306996820326e-11,0.0004873342942930359,-2.4636283264656278e-05,1.6713307821047962e-11,0.0004873342942930351,-0.6863728729516926,0.008614845804605649,0.009297135010453607,0.274549149180677
33,2,COMPOSITE_Q_PLUS_GB,1.2355638240523543,0.29227558602673287,-0.546679820430201,0.08151169316082661,-0.18027771404392698,1.1974418202400167e-07,-6.186726965262705e-10,-6.4076336398128315e-06,1.1974418201443626e-07,-6.186726964063638e-10,-6.407633639821109e-06,-0.546679700686019,0.08151169254215392,-0.1802841216775668,0.2186718802744076
33,3,COMPOSITE_Q_PLUS_GB,1.114468162102293,0.2760788760765076,0.49623511925579666,0.06830923514248137,0.2928683402301345,-4.2183820582493976e-07,4.356388472315368e-09,1.8206354382809335e-06,-4.2183820581076503e-07,4.3563884721820045e-09,1.820635438298801e-06,0.49623469741759085,0.06830923949886984,0.2928701608655728,0.2928701608655728
33,4,COMPOSITE_Q_PLUS_GB,0.7717178650227116,0.2709218897151311,0.40115586650485013,0.04199010255954796,0.03306740669435713,4.08075836991275e-08,-5.002646783205222e-10,-4.330021090262784e-06,4.080758370106352e-08,-5.002646769058927e-10,-4.330021090265257e-06,0.40115590731243383,0.04199010205928328,0.03306307667326686,0.16046236292497354
33,5,COMPOSITE_Q_PLUS_GB,0.4684205115330754,0.15847004074646293,-0.3302968346345635,0.020341395568117735,0.08663716699430918,4.8646218523608307e-08,1.1445896298222524e-09,2.541154400359758e-06,4.8646218497871985e-08,1.144589631407733e-09,2.541154400362289e-06,-0.330296785988345,0.020341396712707367,0.08663970814870954,0.132118714395338
33,6,COMPOSITE_Q_PLUS_GB,1.0303909625287513,0.16905137915337537,0.4661694543173114,0.06516091234396132,0.10881864625232814,-9.737772801883057e-08,4.356388472315368e-09,-4.4078216148340134e-07,-9.737772799223166e-08,4.3563884721820045e-09,-4.407821614788032e-07,0.4661693569395834,0.06516091670034979,0.10881820547016666,0.18646774277583336
33,7,COMPOSITE_Q_PLUS_GB,0.810817214705055,0.11807736021428633,-0.24538706471859145,-0.06746421521145211,-0.07963644592790722,-8.923008021052515e-08,-2.7354056673815447e-10,3.787108014559384e-08,-8.923008021355372e-08,-2.735405651987932e-10,3.787108014685625e-08,-0.24538715394867167,-0.06746421548499268,-0.07963640805682708,0.09815486157946866
33,8,COMPOSITE_Q_PLUS_GB,0.7292102707412855,0.20427544823417587,-0.328843044717549,-0.04394580385197277,0.3022729808027971,1.5667944563485983e-09,-6.186726965262705e-10,-2.982435228885536e-06,1.5667944719410798e-09,-6.186726964063638e-10,-2.9824352288931877e-06,-0.3288430431507545,-0.043945804470645465,0.3022699983675682,0.3022699983675682
33,9,COMPOSITE_Q_PLUS_GB,0.19368796297910976,0.144983651285622,-0.13147325033204324,0.0023597684759195095,0.17092415416764264,2.0572408840526254e-07,1.99309996056941e-09,-6.803932120149305e-06,2.0572408840346945e-07,1.9930999606808386e-09,-6.803932120158507e-06,-0.13147304460795484,0.00235977046901947,0.17091735023552249,0.17091735023552249
33,10,COMPOSITE_Q_PLUS_GB,0.27577890517106435,0.1701885536587008,0.06731318838522667,0.0017849986244263712,0.17620531446872992,1.584253065012677e-07,1.99309996056941e-09,-4.977528740317678e-06,1.5842530649845532e-07,1.993099960463998e-09,-4.9775287403186486e-06,0.06731334681053316,0.0017850006175263316,0.1762003369399896,0.1762003369399896
34,1,COMPOSITE_Q,0.8371337355731011,0.10546641491000508,0.553053468547652,-0.045728733312368985,0.140945703565121,0.0,0.0,0.0,0.0,0.0,0.0,0.553053468547652,-0.045728733312368985,0.140945703565121,0.2212213874190608
34,2,COMPOSITE_Q,0.7138942419857566,0.12407140429357667,0.30603727329551345,0.04792384007593405,0.3319342733757618,0.0,0.0,0.0,0.0,0.0,0.0,0.30603727329551345,0.04792384007593405,0.3319342733757618,0.3319342733757618
34,3,COMPOSITE_Q,0.7216243001508862,0.19047637781225152,-0.18076273191020625,0.05087274392161945,0.2747483511549133,0.0,0.0,0.0,0.0,0.0,0.0,-0.18076273191020625,0.05087274392161945,0.2747483511549133,0.2747483511549133
34,4,COMPOSITE_Q,0.8859550668501717,0.255580856124612,-0.002018863168447776,-0.06524323911876442,0.011514036934596562,0.0,0.0,0.0,0.0,0.0,0.0,-0.002018863168447776,-0.06524323911876442,0.011514036934596562,0.05436936593230369
34,5,COMPOSITE_Q,0.7871935156743062,0.3490859407058651,0.21714189892516436,-0.042829885826623566,-0.32971458148836325,0.0,0.0,0.0,0.0,0.0,0.0,0.21714189892516436,-0.042829885826623566,-0.32971458148836325,0.32971458148836325
34,6,COMPOSITE_Q,1.0787934136895512,0.4377986130833963,0.401192793351926,0.06470240408625683,-0.1098376321588511,0.0,0.0,0.0,0.0,0.0,0.0,0.401192793351926,0.06470240408625683,-0.1098376321588511,0.1604771173407704
34,7,COMPOSITE_Q,1.1415757740726307,0.4882667526397299,0.3451761254808807,-0.06239009768615733,0.3306294697354372,0.0,0.0,0.0,0.0,0.0,0.0,0.3451761254808807,-0.06239009768615733,0.3306294697354372,0.3306294697354372
34,8,COMPOSITE_Q,1.023588312094406,0.5023758226126556,-0.2982921035041759,0.05686436162815118,-0.20623609773844734,0.0,0.0,0.0,0.0,0.0,0.0,-0.2982921035041759,0.05686436162815118,-0.20623609773844734,0.20623609773844734
34,9,COMPOSITE_Q,0.9900365591489092,0.6501809577729528,-0.18173959234469378,-0.02926493792057626,-0.08962014473114777,0.0,0.0,0.0,0.0,0.0,0.0,-0.18173959234469378,-0.02926493792057626,-0.08962014473114777,0.08962014473114777
34,10,COMPOSITE_Q,1.3463910226508602,0.7594618318045757,0.1803127223436825,0.07296650822603373,0.06062351265093667,0.0,0.0,0.0,0.0,0.0,0.0,0.1803127223436825,0.07296650822603373,0.06062351265093667,0.072125088937473
34,1,COMPOSITE_Q_PLUS_RF,0.8371337355731011,0.10546628500335145,0.553053468547652,-0.045728733312368985,0.140945703565121,5.984467388230768e-08,-2.8543749976608545e-10,3.3719787857598213e-06,5.984467388309156e-08,-2.8543750002496537e-10,3.371978785748908e-06,0.5530535283923259,-0.045728733597806485,0.14094907554390676,0.22122141135693035
34,2,COMPOSITE_Q_PLUS_RF,0.7138930841837707,0.12407138670234473,0.30603775145501405,0.0479238443676995,0.33192058135884867,-1.1728508924011536e-07,-8.311830928103327e-11,1.0649059210268513e-06,-1.1728508925168413e-07,-8.311831084517607e-11,1.0649059209999479e-06,0.3060376341699248,0.04792384428458119,0.33192164626476967,0.33192164626476967
34,3,COMPOSITE_Q_PLUS_RF,0.7216242541858654,0.19047700926289063,-0.1807645552928609,0.050872746338236005,0.2747786145203375,-4.8437708419516564e-06,-7.066036937302597e-11,4.817350992360591e-05,-4.843770841950201e-06,-7.066036644687301e-11,4.817350992358804e-05,-0.18076939906370285,0.05087274626757564,0.2748267880302611,0.2748267880302611
34,4,COMPOSITE_Q_PLUS_RF,0.8859538700989696,0.25558099826152764,-0.0020107774146714196,-0.06524325044698343,0.011417935350505875,1.0915586722130503e-12,2.3512672120895514e-09,5.6629434054357614e-06,1.091558701066253e-12,2.3512672087111497e-09,5.662943405435397e-06,-0.002010777413579861,-0.06524324809571622,0.01142359829391131,0.05436937341309685
34,5,COMPOSITE_Q_PLUS_RF,0.7871928131689889,0.34908646923739844,0.2171419461366285,-0.04282989790279187,-0.3297184670737204,-3.766557828069528e-07,-4.4632128497112115e-11,1.5511988837317352e-06,-3.766557828133177e-07,-4.463213132410715e-11,1.5511988837313417e-06,0.21714156948084568,-0.042829897947424,-0.32971691587483665,0.32971691587483665
34,6,COMPOSITE_Q_PLUS_RF,1.078794780578606,0.4378161181328592,0.40128327774997996,0.06470238926262357,-0.11115701516865747,-1.046954316858005e-07,-6.767150925184298e-11,6.267446358934962e-07,-1.0469543171298668e-07,-6.767150728670401e-11,6.267446358981799e-07,0.40128317305454825,0.06470238919495207,-0.11115638842402158,0.1605132692218193
34,7,COMPOSITE_Q_PLUS_RF,1.1416189138323012,0.48826816241520754,0.3450848198045169,-0.06239028471754322,0.3319786167531565,-1.0058892351499474e-07,8.118242022656124e-10,4.982140329299012e-06,-1.0058892352393656e-07,8.118242050825231e-10,4.982140329290452e-06,0.34508471921559336,-0.06239028390571902,0.3319835988934858,0.3319835988934858
34,8,COMPOSITE_Q_PLUS_RF,1.0235924212548682,0.5023758344306088,-0.2982914983378727,0.05686434074183798,-0.20624607891807584,-5.607457605243551e-09,-8.57076626672426e-11,2.5366490222165016e-07,-5.60745760935788e-09,-8.570766318882761e-11,2.5366490222222815e-07,-0.2982915039453303,0.056864340656130316,-0.20624582525317361,0.20624582525317361
34,9,COMPOSITE_Q_PLUS_RF,0.9900365798878872,0.6501813747883788,-0.1817396608384846,-0.029264936862186265,-0.08962059874380489,-1.6748600032289142e-07,-5.003616425908977e-11,1.6757871815265982e-06,-1.67486000318684e-07,-5.003616271315181e-11,1.675787181520949e-06,-0.18173982832448493,-0.029264936912222428,-0.08961892295662337,0.08961892295662337
34,10,COMPOSITE_Q_PLUS_RF,1.3463909976106938,0.7594623782768954,0.18031312966280758,0.07296650808533191,0.06062135207999684,9.218820699515454e-07,-2.8606302581904697e-10,3.304095022987238e-07,9.218820699596897e-07,-2.860630204937209e-10,3.3040950229989985e-07,0.18031405154487753,0.07296650779926889,0.06062168248949914,0.07212562061795101
34,1,COMPOSITE_Q_PLUS_GB,0.8371337355731011,0.10546655071907464,0.553053468547652,-0.045728733312368985,0.140945703565121,-2.6745887695379434e-07,8.985578398121775e-10,-1.936654705423775e-06,-2.6745887693468973e-07,8.985578392461946e-10,-1.936654705436691e-06,0.5530532010887751,-0.045728732413811146,0.14094376691041557,0.22122128043551004
34,2,COMPOSITE_Q_PLUS_GB,0.7138950512204869,0.12407136721218649,0.3060371207621796,0.047923833897045735,0.33193907310164555,-5.293078463252178e-07,-6.691312699293728e-10,7.739525722476545e-06,-5.293078463308731e-07,-6.691312712248099e-10,7.739525722472163e-06,0.30603659145433326,0.047923833227914464,0.331946812627368,0.331946812627368
34,3,COMPOSITE_Q_PLUS_GB,0.7216241858645775,0.19047643402303835,-0.18074429555931487,0.05087274678277978,0.27447917710449665,-5.410993709507874e-07,-3.478858589064981e-10,1.1393041073590034e-05,-5.410993709487055e-07,-3.478858590089118e-10,1.1393041073615162e-05,-0.18074483665868582,0.05087274643489392,0.27449057014557027,0.27449057014557027
34,4,COMPOSITE_Q_PLUS_GB,0.8859578465782373,0.2555826734248837,-0.0020364518713935826,-0.06524319126061241,0.011769065557941272,-4.3159497432767105e-07,2.201830218905829e-09,6.841858037007738e-05,-4.315949743275739e-07,2.201830218151457e-09,6.84185803700773e-05,-0.00203688346636791,-0.0652431890587822,0.011837484138311349,0.05436932421565183
34,5,COMPOSITE_Q_PLUS_GB,0.7871940583739492,0.3490869379274205,0.217143518351605,-0.04282989217254054,-0.32979830937260873,-4.42916811148731e-07,1.2638984183046044e-09,1.079686326204066e-05,-4.4291681114416726e-07,1.263898416481446e-09,1.0796863262052536e-05,0.21714307543479386,-0.04282989090864212,-0.3297875125093467,0.3297875125093467
34,6,COMPOSITE_Q_PLUS_GB,1.0787930380244817,0.43779904059078684,0.40119397289044106,0.06470240907262877,-0.109841533325341,-2.0036341408166054e-07,3.5325254846123472e-09,2.8293880436615144e-06,-2.003634140823607e-07,3.5325254804652317e-09,2.8293880436625063e-06,0.401193772527027,0.06470241260515425,-0.10983870393729733,0.1604775090108108
34,7,COMPOSITE_Q_PLUS_GB,1.141575052792745,0.4882675610247017,0.3451716508118501,-0.062390104560048225,0.33063719802991415,-3.056086129698487e-07,9.931115806848322e-10,2.260494741742158e-06,-3.0560861297157516e-07,9.93111579083994e-10,2.2604947417237398e-06,0.3451713452032371,-0.062390103566936646,0.33063945852465587,0.33063945852465587
34,8,COMPOSITE_Q_PLUS_GB,1.0235910514442559,0.5023759650736025,-0.29828745218154246,0.05686432445648216,-0.20625859522707113,-5.261787920528756e-07,-6.186726965262705e-10,1.003259856505376e-05,-5.261787920374239e-07,-6.186726964063638e-10,1.0032598565051787e-05,-0.2982879783603345,0.05686432383780946,-0.20624856262850608,0.20624856262850608
34,9,COMPOSITE_Q_PLUS_GB,0.9900365183208103,0.6501877749691812,-0.18175506343076425,-0.029264941696809144,-0.08958710564588862,-3.284204957121896e-07,1.2638984183046044e-09,1.1210901854955049e-05,-3.284204957154646e-07,1.263898419950893e-09,1.121090185494944e-05,-0.18175539185125997,-0.029264940432910724,-0.08957589474403367,0.08957589474403367
34,10,COMPOSITE_Q_PLUS_GB,1.3463946170147785,0.7594637038892931,0.18034002355663387,0.07296650610534364,0.06040463916940302,-2.47395464684137e-07,2.201830218905829e-09,4.674586937892538e-06,-2.473954646975418e-07,2.201830218151457e-09,4.6745869378903016e-06,0.18033977616116917,0.07296650830717386,0.06040931375634091,0.07213591046446767
35,1,COMPOSITE_Q,0.8315013822178684,0.05759083781605637,-0.09586517708489391,0.07739286010753886,0.004484341080170888,0.0,0.0,0.0,0.0,0.0,0.0,-0.09586517708489391,0.07739286010753886,0.004484341080170888,0.06449405008961571
35,2,COMPOSITE_Q,0.5951362876642821,0.16216747910578838,-0.06124431167752121,0.045120458603071706,0.3053883116529702,0.0,0.0,0.0,0.0,0.0,0.0,-0.06124431167752121,0.045120458603071706,0.3053883116529702,0.3053883116529702
35,3,COMPOSITE_Q,0.3979924168421953,0.22249948552985765,-0.11826994720470865,0.005386988608986589,-0.3227791654466653,0.0,0.0,0.0,0.0,0.0,0.0,-0.11826994720470865,0.005386988608986589,-0.3227791654466653,0.3227791654466653
35,4,COMPOSITE_Q,0.46656051109723695,0.08491989536516988,0.10939535922758221,0.03317070387466789,0.1882167973850912,0.0,0.0,0.0,0.0,0.0,0.0,0.10939535922758221,0.03317070387466789,0.1882167973850912,0.1882167973850912
35,5,COMPOSITE_Q,0.8999110428006165,0.07898629722472209,0.31989496526365563,-0.07041056742437514,0.036936318910506576,0.0,0.0,0.0,0.0,0.0,0.0,0.31989496526365563,-0.07041056742437514,0.036936318910506576,0.12795798610546225
35,6,COMPOSITE_Q,0.4712812306433192,0.20482647537388354,0.058974417089132154,-0.027163303831430036,0.4135736447161103,0.0,0.0,0.0,0.0,0.0,0.0,0.058974417089132154,-0.027163303831430036,0.4135736447161103,0.4135736447161103
35,7,COMPOSITE_Q,1.2209515761787029,0.3106728094678498,0.3366231300888108,0.08347892634419722,0.014452063871194389,0.0,0.0,0.0,0.0,0.0,0.0,0.3366231300888108,0.08347892634419722,0.014452063871194389,0.1346492520355243
35,8,COMPOSITE_Q,0.5887966244463781,0.2500355743747182,-0.48991095679000785,-0.011698092780130587,0.01729900076868505,0.0,0.0,0.0,0.0,0.0,0.0,-0.48991095679000785,-0.011698092780130587,0.01729900076868505,0.19596438271600314
35,9,COMPOSITE_Q,0.4384067801641964,0.28580995121769615,0.16513205963645927,-0.009217556014790868,0.2903641332554847,0.0,0.0,0.0,0.0,0.0,0.0,0.16513205963645927,-0.009217556014790868,0.2903641332554847,0.2903641332554847
35,10,COMPOSITE_Q,0.5531302468108596,0.38943315505311804,-0.04393828134501428,0.008160328416897922,-0.31839637616457694,0.0,0.0,0.0,0.0,0.0,0.0,-0.04393828134501428,0.008160328416897922,-0.31839637616457694,0.31839637616457694
35,1,COMPOSITE_Q_PLUS_RF,0.8315013822178684,0.05759075779751559,-0.09586517708489391,0.07739286010753886,0.004484341080170888,-1.1344347712113015e-10,-5.313667684483954e-11,2.4582772159548387e-07,-1.134434768346182e-10,-5.313667561512858e-11,2.4582772159553734e-07,-0.09586517719833738,0.07739286005440218,0.004484586907892484,0.06449405004533516
35,2,COMPOSITE_Q_PLUS_RF,0.5951362753679129,0.16216916062368947,-0.06123248505835428,0.04512045788807287,0.30537289080919017,8.505873746658916e-08,-6.746906407048892e-11,6.958504506217905e-06,8.505873746317283e-08,-6.746906505705752e-11,6.9585045062159345e-06,-0.06123239999961682,0.0451204578206038,0.3053798493136964,0.3053798493136964
35,3,COMPOSITE_Q_PLUS_RF,0.3979961789076686,0.2225083513923562,-0.11828175944997413,0.005386961014025042,-0.32277101046543955,1.6111981725542775e-06,-4.372187090913842e-11,-3.1926939002544535e-05,1.6111981725602798e-06,-4.372187074191958e-11,-3.192693900255783e-05,-0.11828014825180157,0.005386960970303172,-0.3228029374044421,0.3228029374044421
35,4,COMPOSITE_Q_PLUS_RF,0.46656383955344305,0.08491991315722897,0.10939315231173251,0.033170736384210434,0.18845414107231942,-6.328156683432749e-08,-5.645512698825394e-11,1.8775619030385646e-06,-6.328156683388375e-08,-5.645512529683927e-11,1.8775619030353408e-06,0.10939308903016567,0.03317073632775531,0.18845601863422246,0.18845601863422246
35,5,COMPOSITE_Q_PLUS_RF,0.8998882054583422,0.07898674536447581,0.3198957552175805,-0.07041056642274311,0.036734365963061205,-1.9149736678002813e-07,2.7644748906279928e-09,-2.3636598081626594e-05,-1.9149736679713314e-07,2.764474885119661e-09,-2.363659808162638e-05,0.3198955637202137,-0.07041056365826823,0.03671072936497958,0.1279582254880855
35,6,COMPOSITE_Q_PLUS_RF,0.4712906226724398,0.20482651673752483,0.05897435984275264,-0.027163270560853915,0.41359785731227194,1.1711480425050928e-07,-5.90677260315289e-11,2.6407650029650114e-09,1.1711480425030674e-07,-5.906772640451585e-11,2.6407649955650925e-09,0.05897447695755689,-0.02716327061992164,0.41359785995303694,0.41359785995303694
35,7,COMPOSITE_Q_PLUS_RF,1.220951512714729,0.31067294210864344,0.3366236762697194,0.0834789325832001,0.014442366187381211,-6.65553136363726e-08,1.1723632473644885e-09,2.82221698214772e-06,-6.655531364918588e-08,1.1723632481475121e-09,2.8222169821470744e-06,0.33662360971440575,0.08347893375556335,0.014445188404363358,0.1346494438857623
35,8,COMPOSITE_Q_PLUS_RF,0.5887960184895765,0.2500378545205862,-0.48991305084672515,-0.011698097124806132,0.017309943327910828,1.8870518111927266e-06,-7.091623537164999e-11,-5.770657430225174e-05,1.887051811200191e-06,-7.091623469013264e-11,-5.7706574302252706e-05,-0.48991116379491395,-0.011698097195722366,0.017252236753608576,0.1959644655179656
35,9,COMPOSITE_Q_PLUS_RF,0.43841402184821093,0.2858098039197914,0.16513420709770185,-0.009217565263484216,0.2904119818084359,9.712540524927482e-07,-6.687449301468682e-11,-1.8792668238814847e-05,9.712540524897673e-07,-6.68744937898369e-11,-1.8792668238787336e-05,0.16513517835175434,-0.00921756533035871,0.2903931891401971,0.2903931891401971
35,10,COMPOSITE_Q_PLUS_RF,0.5531241226375676,0.38943328275366396,-0.043941818833868086,0.008160341968653635,-0.31837216848600197,4.6213315496265324e-07,-5.322447463615596e-11,-4.362396635804011e-06,4.621331549659047e-07,-5.3224475174418195e-11,-4.36239663581528e-06,-0.04394135670071312,0.00816034191542916,-0.3183765308826378,0.3183765308826378
35,1,COMPOSITE_Q_PLUS_GB,0.8315013822178684,0.05759091990777171,-0.09586517708489391,0.07739286010753886,0.004484341080170888,-6.531289455310706e-08,1.2813158574584076e-09,4.692872765257803e-06,-6.53128945510284e-08,1.2813158589697338e-09,4.692872765258219e-06,-0.09586524239778846,0.07739286138885472,0.004489033952936147,0.06449405115737894
35,2,COMPOSITE_Q_PLUS_GB,0.5951360133901333,0.1621677999435687,-0.06124411886211979,0.04512045995021744,0.3053832340857875,8.041199961833225e-08,-1.6910792783640853e-10,1.5553746666566237e-06,8.041199962144363e-08,-1.6910792904889504e-10,1.5553746666729928e-06,-0.06124403845012017,0.04512045978110951,0.30538478946045416,0.30538478946045416
35,3,COMPOSITE_Q_PLUS_GB,0.39799295614662017,0.222502085893901,-0.1182679183703776,0.005386986987705341,-0.3227846864217545,6.655775501618065e-07,1.824203475262076e-09,-8.068063555649309e-06,6.655775501573924e-07,1.824203474908026e-09,-8.068063555632943e-06,-0.11826725279282745,0.005386988811908816,-0.32279275448531014,0.32279275448531014
35,4,COMPOSITE_Q_PLUS_GB,0.4665603753934624,0.08492007768281268,0.10939174875629057,0.03317070926585337,0.188470584641394,-6.757855949883461e-07,8.984283758231641e-10,1.1991081476395752e-05,-6.757855949834912e-07,8.984283733637355e-10,1.1991081476397936e-05,0.10939107297069559,0.03317071016428174,0.1884825757228704,0.1884825757228704
35,5,COMPOSITE_Q_PLUS_GB,0.8998833583590164,0.07898802370953716,0.31989638763433187,-0.07041056221708503,0.03668693617280967,5.394224566774703e-06,1.856698089117712e-09,-5.89769917536402e-08,5.394224566801498e-06,1.8566980869438865e-09,-5.897699175555493e-08,0.31990178185889867,-0.07041056036038694,0.03668687719581792,0.12796071274355947
35,6,COMPOSITE_Q_PLUS_GB,0.47127940775860433,0.2048266449510227,0.05896869614462136,-0.02716333263646547,0.4135768725104751,-2.5802305889653737e-07,1.1346553283532356e-09,6.491196749135913e-07,-2.580230588980492e-07,1.1346553280278115e-09,6.491196749003336e-07,0.05896843812156246,-0.02716333150181014,0.41357752163015,0.41357752163015
35,7,COMPOSITE_Q_PLUS_GB,1.2209518896840972,0.31067283205362234,0.3366238248953565,0.0834789481753715,0.014446272899400269,-7.479535636223849e-07,1.870594241184796e-09,6.505696924688271e-06,-7.479535636401025e-07,1.8705942350649707e-09,6.505696924688498e-06,0.3366230769417929,0.08347895004596574,0.014452778596324958,0.13464923077671714
35,8,COMPOSITE_Q_PLUS_GB,0.5887966351776441,0.25003665601907704,-0.4899101103800071,-0.011698096911394652,0.017290833244872288,1.478258349475898e-06,1.1445896298222524e-09,-3.061329772923991e-05,1.478258349452144e-06,1.1445896296730096e-09,-3.061329772923935e-05,-0.48990863212165764,-0.011698095766805023,0.01726021994714305,0.19596345284866307
35,9,COMPOSITE_Q_PLUS_GB,0.4384109588566242,0.28581055571277847,0.16512861853017277,-0.00921756985801085,0.2904047345652988,5.098706565728124e-07,1.3649178940389223e-09,-1.2006832929588733e-05,5.098706565842548e-07,1.364917893986739e-09,-1.2006832929567501e-05,0.16512912840082936,-0.009217568493092956,0.29039272773236924,0.29039272773236924
35,10,COMPOSITE_Q_PLUS_GB,0.5531272047719218,0.38943471972560484,-0.04393760083458406,0.00816015588154114,-0.318399798253307,7.524041992699063e-07,1.3649178940389223e-09,-9.350676751890272e-06,7.524041992709729e-07,1.364917893986739e-09,-9.350676751895826e-06,-0.04393684843038479,0.008160157246459033,-0.3184091489300589,0.3184091489300589
36,1,COMPOSITE_Q,0.5598873834225216,0.028467817724383598,-0.04219127072691985,-0.05300795257947948,-0.15108557936323846,0.0,0.0,0.0,0.0,0.0,0.0,-0.04219127072691985,-0.05300795257947948,-0.15108557936323846,0.15108557936323846
36,2,COMPOSITE_Q,0.5186656221760806,0.11488665260048185,0.0019055464842777138,-0.03922427792144631,0.4232030419790015,0.0,0.0,0.0,0.0,0.0,0.0,0.0019055464842777138,-0.03922427792144631,0.4232030419790015,0.4232030419790015
36,3,COMPOSITE_Q,0.6262386609652567,0.11192854547718603,0.08422238983336967,0.04652707196482772,0.47803159238824894,0.0,0.0,0.0,0.0,0.0,0.0,0.08422238983336967,0.04652707196482772,0.47803159238824894,0.47803159238824894
36,4,COMPOSITE_Q,1.1868282996302266,0.18892207152142684,-0.5937129274784335,0.0649113269104537,-0.31093440272132633,0.0,0.0,0.0,0.0,0.0,0.0,-0.5937129274784335,0.0649113269104537,-0.31093440272132633,0.31093440272132633
36,5,COMPOSITE_Q,0.6686968457122776,0.34720026197687176,-0.0798868673702614,0.03245290519646683,0.039744282221254035,0.0,0.0,0.0,0.0,0.0,0.0,-0.0798868673702614,0.03245290519646683,0.039744282221254035,0.039744282221254035
36,6,COMPOSITE_Q,0.6378524663042688,0.5034327335332749,0.3335741074121459,-0.0006893312548855192,-0.01621413317313508,0.0,0.0,0.0,0.0,0.0,0.0,0.3335741074121459,-0.0006893312548855192,-0.01621413317313508,0.13342964296485835
36,7,COMPOSITE_Q,0.7850757312392652,0.5762585983073334,0.41224282843707205,-0.009046548999474274,-0.02758728608431057,0.0,0.0,0.0,0.0,0.0,0.0,0.41224282843707205,-0.009046548999474274,-0.02758728608431057,0.1648971313748288
36,8,COMPOSITE_Q,0.6633748489734429,0.5342389081067536,0.270451273813191,-0.008239666460357366,-0.055514200215498126,0.0,0.0,0.0,0.0,0.0,0.0,0.270451273813191,-0.008239666460357366,-0.055514200215498126,0.1081805095252764
36,9,COMPOSITE_Q,0.826140113521716,0.5551188959043577,0.03534500859598197,-0.0357005689331929,0.24020592894709514,0.0,0.0,0.0,0.0,0.0,0.0,0.03534500859598197,-0.0357005689331929,0.24020592894709514,0.24020592894709514
36,10,COMPOSITE_Q,1.6362120923147105,0.6716465457758231,-0.3121674261092585,0.08756690266809711,-0.4075400503027019,0.0,0.0,0.0,0.0,0.0,0.0,-0.3121674261092585,0.08756690266809711,-0.4075400503027019,0.4075400503027019
36,1,COMPOSITE_Q_PLUS_RF,0.5598873834225216,0.02846781807422388,-0.04219127072691985,-0.05300795257947948,-0.15108557936323846,1.3764593651195042e-11,-3.7949137858428e-11,-2.2381459878226384e-09,1.3764593631560018e-11,-3.7949136888482116e-11,-2.238145974109429e-09,-0.04219127071315525,-0.05300795261742862,-0.15108558160138444,0.15108558160138444
36,2,COMPOSITE_Q_PLUS_RF,0.51866562279692,0.11488683273690341,0.0019056237139166126,-0.039224305765228125,0.4232029538464906,2.7106229575199014e-09,-4.2205961294188145e-11,1.3059519497461614e-06,2.710622957428216e-09,-4.2205960948393795e-11,1.305951949748252e-06,0.00190562642453957,-0.039224305807434086,0.42320425979844034,0.42320425979844034
36,3,COMPOSITE_Q_PLUS_RF,0.6262383913485535,0.11192864142313928,0.084224722014657,0.04652710303744258,0.4779813045399912,-6.123168891349025e-07,-8.836063607073749e-11,6.1752117632784945e-06,-6.123168891369879e-07,-8.836063825068408e-11,6.175211763270738e-06,0.08422410969776786,0.04652710294908194,0.4779874797517545,0.4779874797517545
36,4,COMPOSITE_Q_PLUS_RF,1.1868239631459072,0.18892214790396059,-0.5937146085307775,0.06491132303486627,-0.31091017609518484,-5.083533285812621e-10,-9.11174243255339e-11,-1.0318591103166803e-11,-5.083533594074652e-10,-9.1117419165343e-11,-1.0318579324319899e-11,-0.5937146090391309,0.06491132294374885,-0.3109101761055034,0.3109101761055034
36,5,COMPOSITE_Q_PLUS_RF,0.6686968132543916,0.347199001395016,-0.07989249159910451,0.032452882869475105,0.03985563272110035,-4.094690638715793e-11,-5.994204771145169e-11,4.817642371692747e-06,-4.0946912527317636e-11,-5.994204438364292e-11,4.817642371694741e-06,-0.07989249164005142,0.03245288280953306,0.03986045036347204,0.03986045036347204
36,6,COMPOSITE_Q_PLUS_RF,0.637850851370307,0.503432908788922,0.33357954631888004,-0.0006893066497017028,-0.016349160088349007,5.01724233883862e-07,-7.488499188167398e-11,-2.0964374684311844e-05,5.017242338811734e-07,-7.488499187066622e-11,-2.0964374684313142e-05,0.3335800480431139,-0.0006893067245866947,-0.01637012446303332,0.13343201921724557
36,7,COMPOSITE_Q_PLUS_RF,0.7850808304115856,0.5762590504124707,0.41224231454496796,-0.009046545588597646,-0.02754991653717125,8.042659575565754e-07,-1.0577203456486556e-08,-5.5425020429387356e-06,8.042659575546729e-07,-1.0577203456846318e-08,-5.5425020429392124e-06,0.4122431188109255,-0.009046556165801103,-0.02755545903921419,0.1648972475243702
36,8,COMPOSITE_Q_PLUS_RF,0.6633763310486778,0.5342390460592129,0.27044800148494347,-0.008239659166545708,-0.05443603093716754,6.424083386184921e-07,-7.417186321663302e-11,-1.4647182116645122e-06,6.424083386358248e-07,-7.41718630958843e-11,-1.464718211663385e-06,0.2704486438932821,-0.00823965924071757,-0.054437495655379205,0.10817945755731284
36,9,COMPOSITE_Q_PLUS_RF,0.8260671182690624,0.5551189066329163,0.035346922974107846,-0.03570076317318462,0.23916189595250012,4.0222136162627083e-07,-7.909901084262675e-11,-5.905931800208134e-06,4.022213616269865e-07,-7.909901206248904e-11,-5.9059318002208094e-06,0.03534732519546947,-0.035700763252283635,0.2391559900206999,0.2391559900206999
36,10,COMPOSITE_Q_PLUS_RF,1.6362121600925423,0.6716476678870911,-0.31216774081277004,0.08756690358179998,-0.4075655777125653,-6.850001468440707e-07,-8.154985417985896e-08,3.7910941908766426e-06,-6.850001468272637e-07,-8.15498541750781e-08,3.791094190852551e-06,-0.31216842581291687,0.08756682203194581,-0.40756178661837444,0.40756178661837444
36,1,COMPOSITE_Q_PLUS_GB,0.5598873834225216,0.028467828746231508,-0.04219127072691985,-0.05300795257947948,-0.15108557936323846,-2.83399262001567e-07,1.3035518136605696e-09,5.976738209952377e-06,-2.833992620021597e-07,1.3035518151016667e-09,5.976738209956256e-06,-0.04219155412618185,-0.05300795127592767,-0.1510796026250285,0.1510796026250285
36,2,COMPOSITE_Q_PLUS_GB,0.5186633647583619,0.11488833680031993,0.0019063983079181362,-0.039224403348084184,0.4231966881405187,-3.212907766785767e-07,1.4724184052694195e-09,5.872096132745792e-06,-3.212907766785185e-07,1.47241840248169e-09,5.872096132730764e-06,0.0019060770171414577,-0.03922440187566578,0.4232025602366514,0.4232025602366514
36,3,COMPOSITE_Q_PLUS_GB,0.6262374391376268,0.11192860879443459,0.08422987108509497,0.04652719257613731,0.4778677454694438,-6.552662831714084e-07,-6.691312699293728e-10,7.653668768736039e-06,-6.552662831782463e-07,-6.691312712248099e-10,7.653668768758948e-06,0.08422921581881179,0.04652719190700604,0.4778753991382126,0.4778753991382126
36,4,COMPOSITE_Q_PLUS_GB,1.1868135327620666,0.18892214467857654,-0.593719613184158,0.06491131431750607,-0.31078863766843695,1.3552202909731155e-07,-6.186726965262705e-10,-9.401763391822052e-06,1.3552202904332233e-07,-6.186726964063638e-10,-9.4017633918142e-06,-0.593719477662129,0.06491131369883338,-0.31079803943182877,0.31079803943182877
36,5,COMPOSITE_Q_PLUS_GB,0.6686968662249285,0.3471983455205014,-0.07989104732709855,0.03245288116370429,0.03982188141817007,-9.683382938379197e-08,-5.321230252148478e-11,6.097627180659023e-06,-9.68338293855231e-08,-5.3212302619787266e-11,6.0976271806581495e-06,-0.07989114416092793,0.032452881110491986,0.03982797904535073,0.03982797904535073
36,6,COMPOSITE_Q_PLUS_GB,0.6378511973545659,0.5034327287470374,0.3335780811351449,-0.0006893019522365625,-0.01629091408204335,-7.071094473024627e-08,5.821737010016066e-10,-1.3108689243107029e-06,-7.071094471067241e-08,5.821737009571032e-10,-1.3108689243118699e-06,0.3335780104242002,-0.0006893013700628616,-0.016292224950967663,0.13343120416968007
36,7,COMPOSITE_Q_PLUS_GB,0.7850762589649292,0.576259582026719,0.4122429349803566,-0.009046553126520984,-0.027569996527653122,-1.1261515187973926e-06,-9.41426942308712e-10,6.071889176045707e-06,-1.1261515188154547e-06,-9.414269416113674e-10,6.071889176045148e-06,0.41224180882883776,-0.009046554067947925,-0.027563924638477077,0.16489672353153512
36,8,COMPOSITE_Q_PLUS_GB,0.6633739863091137,0.5342388368360762,0.27044991772754773,-0.008239666743606096,-0.05445436641289001,-1.4677320841102945e-08,5.821737010016066e-10,-1.3108689243107029e-06,-1.4677320858691445e-08,5.821737016076245e-10,-1.3108689243118699e-06,0.27044990305022687,-0.008239666161432395,-0.05445567728181432,0.10817996122009074
36,9,COMPOSITE_Q_PLUS_GB,0.8260655322765458,0.5551199202528729,0.0353505853427987,-0.03570066648581217,0.23910203603350416,6.113684761039001e-08,-3.9834443230960043e-10,1.036218330592974e-06,6.113684761221982e-08,-3.9834443382735785e-10,1.0362183305856476e-06,0.035350646479646315,-0.0357006668841566,0.23910307225183475,0.23910307225183475
36,10,COMPOSITE_Q_PLUS_GB,1.636210946093662,0.6716478358232375,-0.3121702311593525,0.08756680220940596,-0.40751239122414806,-1.51138901162907e-07,-5.045404514494354e-08,3.842380973003682e-06,-1.5113890117213202e-07,-5.045404515013896e-08,3.842380973007042e-06,-0.31217038229825367,0.08756675175536081,-0.40750854884317506,0.40750854884317506
37,1,COMPOSITE_Q,0.9489702462372707,0.1645727095174688,0.4647986566219482,-0.05566931217649066,0.2942977734195366,0.0,0.0,0.0,0.0,0.0,0.0,0.4647986566219482,-0.05566931217649066,0.2942977734195366,0.2942977734195366
37,2,COMPOSITE_Q,0.6450718085186223,0.05437195139843104,-0.10662563764902813,0.054588405845515615,0.08859378010103423,0.0,0.0,0.0,0.0,0.0,0.0,-0.10662563764902813,0.054588405845515615,0.08859378010103423,0.08859378010103423
37,3,COMPOSITE_Q,0.6063751586128592,0.20732904163374877,-0.5203559657913361,0.0033574238152514965,-0.12122594300472816,0.0,0.0,0.0,0.0,0.0,0.0,-0.5203559657913361,0.0033574238152514965,-0.12122594300472816,0.20814238631653445
37,4,COMPOSITE_Q,0.8323049578333277,0.31599330835280065,-0.16529758377513193,-0.049533744755908944,0.18107399215889086,0.0,0.0,0.0,0.0,0.0,0.0,-0.16529758377513193,-0.049533744755908944,0.18107399215889086,0.18107399215889086
37,5,COMPOSITE_Q,0.9933779849085018,0.44604335200635187,-0.19110982681410668,0.07140472002551247,0.11074984295260779,0.0,0.0,0.0,0.0,0.0,0.0,-0.19110982681410668,0.07140472002551247,0.11074984295260779,0.11074984295260779
37,6,COMPOSITE_Q,0.9090380175747745,0.35424038552096127,-0.000703180789338974,0.07322664775438475,0.04009735837760083,0.0,0.0,0.0,0.0,0.0,0.0,-0.000703180789338974,0.07322664775438475,0.04009735837760083,0.0610222064619873
37,7,COMPOSITE_Q,0.8118898546627472,0.32311702049561025,0.5900207328712098,0.021789719105957374,0.06401191954207791,0.0,0.0,0.0,0.0,0.0,0.0,0.5900207328712098,0.021789719105957374,0.06401191954207791,0.23600829314848393
37,8,COMPOSITE_Q,1.1042170287135933,0.5028721311307273,0.057247974136342736,0.07783920152908523,0.11585490114632527,0.0,0.0,0.0,0.0,0.0,0.0,0.057247974136342736,0.07783920152908523,0.11585490114632527,0.11585490114632527
37,9,COMPOSITE_Q,1.1209918245215864,0.6309268174405319,-0.523610076706124,0.0305700251252157,-0.1994066607693121,0.0,0.0,0.0,0.0,0.0,0.0,-0.523610076706124,0.0305700251252157,-0.1994066607693121,0.2094440306824496
37,10,COMPOSITE_Q,1.038518870821758,0.5281478797377955,0.3587328815029088,0.047229340001110606,0.3198966694313649,0.0,0.0,0.0,0.0,0.0,0.0,0.3587328815029088,0.047229340001110606,0.3198966694313649,0.3198966694313649
37,1,COMPOSITE_Q_PLUS_RF,0.9489702462372707,0.16457279946030912,0.4647986566219482,-0.05566931217649066,0.2942977734195366,2.672095813923319e-07,-3.845538231755286e-09,-7.136804276290638e-07,2.672095814060249e-07,-3.845538235069945e-09,-7.136804276441922e-07,0.4647989238315296,-0.055669316022028896,0.29429705973910897,0.29429705973910897
37,2,COMPOSITE_Q_PLUS_RF,0.6450719241158026,0.05437218095049945,-0.10662591903313723,0.05458841317090793,0.08859449715021696,-4.734727034493778e-06,-4.364376613811526e-11,7.423745840664347e-05,-4.7347270344944015e-06,-4.364376915422241e-11,7.423745840663687e-05,-0.10663065376017172,0.05458841312726416,0.0886687346086236,0.0886687346086236
37,3,COMPOSITE_Q_PLUS_RF,0.6064026066614681,0.2073302239344429,-0.520347783599341,0.003357404574265723,-0.12133596957278711,2.773067695837032e-06,-7.260791838707601e-11,-8.155928623304857e-05,2.773067695804876e-06,-7.260791837562786e-11,-8.155928623304609e-05,-0.5203450105316452,0.0033574045016578047,-0.12141752885902016,0.20813800421265807
37,4,COMPOSITE_Q_PLUS_RF,0.8323049568163997,0.31599362252005053,-0.1653014900898618,-0.04953372503740742,0.18119238235874163,1.0254550237168103e-12,-5.3260959822943344e-11,1.3250197123536223e-08,1.0254574966950258e-12,-5.3260958143841464e-11,1.3250197133940489e-08,-0.16530149008883635,-0.049533725090668376,0.18119239560893877,0.18119239560893877
37,5,COMPOSITE_Q_PLUS_RF,0.9933783877627207,0.44604367175866755,-0.191110735549813,0.07140471717410934,0.11074957764265246,-2.0483763924536746e-07,-7.260793692276603e-11,1.7871950576054771e-06,-2.048376392393969e-07,-7.260793355445827e-11,1.7871950576120454e-06,-0.19111094038745224,0.07140471710150141,0.11075136483771007,0.11075136483771007
37,6,COMPOSITE_Q_PLUS_RF,0.9090380148625282,0.3542420725037296,-0.0006674094130952812,0.07322659995029299,0.0394595938958783,6.126894723967762e-12,-5.699933399123441e-11,-5.021102700443048e-11,6.126894673032235e-12,-5.699933580682881e-11,-5.0211029778424177e-11,-0.0006674094069683865,0.07322659989329365,0.03945959384566727,0.06102216657774471
37,7,COMPOSITE_Q_PLUS_RF,0.8119679260799494,0.32311703874281655,0.5899853212823192,0.021789725769546298,0.06463325213138796,4.861783329239752e-08,-2.32790769405747e-09,-3.3273424282614445e-07,4.861783331477909e-08,-2.3279076930005083e-09,-3.3273424282498354e-07,0.5899853699001525,0.021789723441638605,0.06463291939714513,0.235994147960061
37,8,COMPOSITE_Q_PLUS_RF,1.1042172155261765,0.5028727603143146,0.057489529853137974,0.07783916019432054,0.11166119050804783,4.678250315781712e-09,-5.2289352540920204e-11,7.1130124375735986e-09,4.678250314915644e-09,-5.228935340273466e-11,7.113012442938604e-09,0.05748953453138829,0.07783916014203118,0.11166119762106028,0.11166119762106028
37,9,COMPOSITE_Q_PLUS_RF,1.1194170427985142,0.630927060076689,-0.5238909037343794,0.030572464804871823,-0.19526806514949444,-2.1107881800374385e-06,-4.183531393067128e-10,4.009386955663137e-05,-2.1107881800208617e-06,-4.183531403245677e-10,4.009386955663996e-05,-0.5238930145225594,0.030572464386518682,-0.1952279712799378,0.20955720580902376
37,10,COMPOSITE_Q_PLUS_RF,1.0385151349351016,0.5281478678760851,0.3587309607455984,0.04722935698088234,0.31992273100217355,-6.117259806438359e-09,-5.901255416342161e-11,3.2901645154646293e-06,-6.117259809812481e-09,-5.901255178963893e-11,3.290164515445948e-06,0.3587309546283386,0.04722935692186979,0.319926021166689,0.319926021166689
37,1,COMPOSITE_Q_PLUS_GB,0.9489702462372707,0.16457278509569542,0.4647986566219482,-0.05566931217649066,0.2942977734195366,-1.890461641285681e-07,9.931115806848322e-10,-2.6235537293442456e-06,-1.8904616411186126e-07,9.93111579083994e-10,-2.62355372931955e-06,0.4647984675757841,-0.05566931118337908,0.2942951498658073,0.2942951498658073
37,2,COMPOSITE_Q_PLUS_GB,0.6450715852451453,0.05437206451459537,-0.1066258776772812,0.054588409802169106,0.08860476147244606,-8.541276503381967e-07,-2.7537291183824522e-12,7.711891164597648e-06,-8.54127650343206e-07,-2.7537278013411992e-12,7.711891164594031e-06,-0.10662673180493154,0.05458840979941538,0.08861247336361065,0.08861247336361065
37,3,COMPOSITE_Q_PLUS_GB,0.6063808651392018,0.20732914215185472,-0.5203567003927903,0.003357384623989388,-0.1211993607825749,1.3596126857832497e-06,2.4594981147001316e-10,-2.040057022240832e-05,1.3596126857695623e-06,2.4594981129846816e-10,-2.0400570222414705e-05,-0.5203553407801045,0.0033573848699391994,-0.12121976135279731,0.2081421363120418
37,4,COMPOSITE_Q_PLUS_GB,0.8323046175067234,0.315995018732729,-0.1652974315217807,-0.04953371357612387,0.18105395055060494,-1.1678078948243625e-07,2.1274849267374843e-09,5.8500687085829015e-06,-1.1678078948307302e-07,2.1274849243413385e-09,5.850068708596057e-06,-0.16529754830257018,-0.04953371144863895,0.18105980061931354,0.18105980061931354
37,5,COMPOSITE_Q_PLUS_GB,0.9933777540639892,0.44604345891094743,-0.19110808664018678,0.07140472222166468,0.11072729700098882,-3.7600322227241566e-07,-2.7354056673815447e-10,1.1317786045707792e-05,-3.7600322227993033e-07,-2.735405651987932e-10,1.1317786045711431e-05,-0.19110846264340905,0.07140472194812411,0.11073861478703453,0.11073861478703453
37,6,COMPOSITE_Q_PLUS_GB,0.9090379374220768,0.3542406889075005,-0.0007081849815489558,0.07322664818117743,0.04010274977093374,-3.136892622227742e-07,-2.7354056673815447e-10,3.516287067581982e-06,-3.1368926222275894e-07,-2.735405651987932e-10,3.5162870675800595e-06,-0.0007084986708111785,0.07322664790763686,0.04010626605800132,0.061022206589697384
37,7,COMPOSITE_Q_PLUS_GB,0.8118926502442001,0.32311704879610587,0.5900257746062264,0.021789714030831457,0.06400091464794094,-7.579099684842725e-07,2.492084092640804e-09,1.1357980119931516e-05,-7.579099684518198e-07,2.4920840911712983e-09,1.1357980119933164e-05,0.590025016696258,0.02178971652291555,0.06401227262806088,0.2360100066785032
37,8,COMPOSITE_Q_PLUS_GB,1.1042169097470582,0.5028722045912821,0.0572554307081391,0.07783919083090055,0.11572913313121418,-2.576556383336308e-07,-1.0467397512930408e-10,6.617612478623369e-06,-2.576556383318551e-07,-1.0467397781876997e-10,6.617612478623802e-06,0.05725517305250077,0.07783919072622657,0.1157357507436928,0.1157357507436928
37,9,COMPOSITE_Q_PLUS_GB,1.1209494145247236,0.6309269032432469,-0.5236181392140717,0.030570096052060597,-0.19929063415891726,1.0001723746464482e-07,-6.186726965262705e-10,-5.333190754032959e-06,1.0001723749208935e-07,-6.186726964063638e-10,-5.333190754019945e-06,-0.5236180391968343,0.0305700954333879,-0.19929596734967128,0.2094472156787337
37,10,COMPOSITE_Q_PLUS_GB,1.0385191097579034,0.5281478113288843,0.358719132331479,0.047229350791240146,0.32013386139842404,-1.9715159451342428e-07,1.856698089117712e-09,4.549747696142902e-06,-1.9715159449429365e-07,1.8566980869438865e-09,4.549747696147577e-06,0.3587189351798845,0.04722935264793823,0.3201384111461202,0.3201384111461202
38,1,COMPOSITE_Q,0.6244886770894726,0.09468499287221123,-0.05537284027703586,-0.05411128550386898,0.006827470246915096,0.0,0.0,0.0,0.0,0.0,0.0,-0.05537284027703586,-0.05411128550386898,0.006827470246915096,0.045092737919890824
38,2,COMPOSITE_Q,0.7717268264018886,0.12347036931443944,-0.2586803234797222,0.05600228966366946,0.3041929105401602,0.0,0.0,0.0,0.0,0.0,0.0,-0.2586803234797222,0.05600228966366946,0.3041929105401602,0.3041929105401602
38,3,COMPOSITE_Q,0.460694391923961,0.2942323504221877,0.07815128647115033,-0.018539788188705063,0.23443838290868751,0.0,0.0,0.0,0.0,0.0,0.0,0.07815128647115033,-0.018539788188705063,0.23443838290868751,0.23443838290868751
38,4,COMPOSITE_Q,0.5259555734252289,0.45708980894775525,-0.09896253219014321,-0.010944474862544231,0.11494961414156382,0.0,0.0,0.0,0.0,0.0,0.0,-0.09896253219014321,-0.010944474862544231,0.11494961414156382,0.11494961414156382
38,5,COMPOSITE_Q,0.3584063837391261,0.3243835289665567,0.07274619534260418,0.0004849522466473354,0.14192149842949878,0.0,0.0,0.0,0.0,0.0,0.0,0.07274619534260418,0.0004849522466473354,0.14192149842949878,0.14192149842949878
38,6,COMPOSITE_Q,0.6992756249561964,0.2969330652506787,0.28809540479093165,0.04227640056324346,-0.1398866192342994,0.0,0.0,0.0,0.0,0.0,0.0,0.28809540479093165,0.04227640056324346,-0.1398866192342994,0.1398866192342994
38,7,COMPOSITE_Q,0.8925226359600108,0.2739715547867589,0.48484754298002014,-0.0466766781602201,-0.043067394638673644,0.0,0.0,0.0,0.0,0.0,0.0,0.48484754298002014,-0.0466766781602201,-0.043067394638673644,0.19393901719200807
38,8,COMPOSITE_Q,0.9679714892552905,0.3456339275982443,-0.07821122353555576,-0.07329799768162504,-0.28207375193956336,0.0,0.0,0.0,0.0,0.0,0.0,-0.07821122353555576,-0.07329799768162504,-0.28207375193956336,0.28207375193956336
38,9,COMPOSITE_Q,1.0999932418861806,0.3160988204359662,0.3130061957133141,0.08015604546669315,-0.09396015030712171,0.0,0.0,0.0,0.0,0.0,0.0,0.3130061957133141,0.08015604546669315,-0.09396015030712171,0.12520247828532566
38,10,COMPOSITE_Q,1.1159106016454539,0.3649475791483282,0.01616055006192841,0.07998661046799835,0.1874877363333802,0.0,0.0,0.0,0.0,0.0,0.0,0.01616055006192841,0.07998661046799835,0.1874877363333802,0.1874877363333802
38,1,COMPOSITE_Q_PLUS_RF,0.6244886770894726,0.09468990816361578,-0.05537284027703586,-0.05411128550386898,0.006827470246915096,-1.6311112226159628e-06,-3.5903222266036516e-11,1.812037806657641e-05,-1.6311112226163882e-06,-3.590322483759678e-11,1.812037806657625e-05,-0.055374471388258475,-0.05411128553977221,0.006845590624981673,0.045092737949810176
38,2,COMPOSITE_Q_PLUS_RF,0.7717267757498498,0.12347076365956261,-0.25867977796433905,0.056002233270725885,0.3041847752436729,7.740300948410554e-09,-7.971218198164846e-11,-3.002369622215063e-08,7.740300955738633e-09,-7.971218130009561e-11,-3.0023696195868865e-08,-0.2586797702240381,0.0560022331910137,0.3041847452199767,0.3041847452199767
38,3,COMPOSITE_Q_PLUS_RF,0.4606935048468319,0.294232209262353,0.07815109986729314,-0.018539694225694597,0.23444540358570262,2.189060851659902e-06,2.7248253492886567e-10,-2.7617263682356013e-05,2.18906085165671e-06,2.7248253653411325e-10,-2.761726368236128e-05,0.0781532889281448,-0.01853969395321206,0.23441778632202026,0.23441778632202026
38,4,COMPOSITE_Q_PLUS_RF,0.52595580288106,0.4570903134802538,-0.09896271478524171,-0.010944511980915525,0.11495128454021358,3.598081070619909e-06,-3.410721464338907e-11,-4.725104754513583e-05,3.5980810706159883e-06,-3.410721531593719e-11,-4.725104754513265e-05,-0.0989591167041711,-0.01094451201502274,0.11490403349266845,0.11490403349266845
38,5,COMPOSITE_Q_PLUS_RF,0.3584086138153329,0.3243809526555069,0.0727569420625601,0.00048490096197675544,0.14190315521855543,3.6190551856587703e-06,-2.4982391638281242e-11,-3.7541244452939145e-05,3.619055185657971e-06,-2.4982391643672136e-11,-3.7541244452932165e-05,0.07276056111774576,0.0004849009369943638,0.1418656139741025,0.1418656139741025
38,6,COMPOSITE_Q_PLUS_RF,0.6992696794270834,0.29693316147451015,0.2880770998403129,0.042276492422573884,-0.13977759202366666,-2.495253672563169e-07,-8.834615626822603e-11,1.819959462151661e-06,-2.4952536725741936e-07,-8.834615677910662e-11,1.8199594621626236e-06,0.2880768503149456,0.04227649233422773,-0.1397757720642045,0.1397757720642045
38,7,COMPOSITE_Q_PLUS_RF,0.8925228567605488,0.2739716259194887,0.484832654349901,-0.04667666749115325,-0.04269602307450697,-3.910241879805801e-08,-1.6215008069441487e-10,-8.158262227203634e-06,-3.9102418802894334e-08,-1.6215007808684234e-10,-8.158262227206392e-06,0.4848326152474822,-0.046676667653303326,-0.042704181336734176,0.1939330460989929
38,8,COMPOSITE_Q_PLUS_RF,0.9679955805227707,0.3456337459897033,-0.07819627619847651,-0.0732980074270955,-0.28243856099522247,8.178785392366538e-07,-7.783216871329443e-11,-2.923119114286208e-06,8.178785392415344e-07,-7.783217126355879e-11,-2.9231191142620183e-06,-0.07819545831993727,-0.07329800750492767,-0.2824414841143367,0.2824414841143367
38,9,COMPOSITE_Q_PLUS_RF,1.0999926335936636,0.31609872975027875,0.31308776110345815,0.08015599321372063,-0.09596357215911006,-4.278439353365579e-08,-9.149983964089653e-11,-1.6476936208807271e-06,-4.278439352800589e-08,-9.149983548617513e-11,-1.647693620876467e-06,0.3130877183190646,0.0801559931222208,-0.09596521985273093,0.12523508732762584
38,10,COMPOSITE_Q_PLUS_RF,1.1159547822496856,0.3649480735882237,0.016079080504237963,0.07998649843276927,0.18949117669187246,-5.396283986180963e-08,-8.021442537162978e-11,4.725485123735951e-06,-5.396283986325301e-08,-8.021441844086041e-11,4.7254851237299444e-06,0.0160790265413981,0.07998649835255485,0.1894959021769962,0.1894959021769962
38,1,COMPOSITE_Q_PLUS_GB,0.6244886770894726,0.09468998940124464,-0.05537284027703586,-0.05411128550386898,0.006827470246915096,-1.6126186170895366e-06,1.6025612684812819e-09,1.8378380229114544e-05,-1.61261861708617e-06,1.6025612711856319e-09,1.8378380229114137e-05,-0.055374452895652945,-0.05411128390130771,0.0068458486271442106,0.045092736584423095
38,2,COMPOSITE_Q_PLUS_GB,0.7717267749591192,0.12347045127602578,-0.2586788069073683,0.05600229445971998,0.3041745037488964,-1.0320440923011654e-07,-3.478858589064981e-10,7.242008236227076e-06,-1.032044092408313e-07,-3.478858590089118e-10,7.2420082362079086e-06,-0.2586789101117775,0.05600229411183412,0.3041817457571326,0.3041817457571326
38,3,COMPOSITE_Q_PLUS_GB,0.46069384705420213,0.29423271708188864,0.07815013328143727,-0.0185397612414296,0.23444831961156398,-1.5952608580860374e-07,1.7700413318763276e-09,-2.0896599136310064e-05,-1.5952608581337735e-07,1.7700413322552233e-09,-2.0896599136316363e-05,0.07814997375535146,-0.018539759471388268,0.23442742301242767,0.23442742301242767
38,4,COMPOSITE_Q_PLUS_GB,0.525954972827342,0.45708945000132223,-0.09896644728021795,-0.010944515141967736,0.11501818546500445,6.340566153311214e-07,1.7605085972301406e-09,-8.973883756592965e-06,6.340566153367755e-07,1.7605085965433087e-09,-8.973883756591139e-06,-0.09896581322360261,-0.01094451338145914,0.11500921158124786,0.11500921158124786
38,5,COMPOSITE_Q_PLUS_GB,0.35840440469126716,0.32438030646269284,0.07276058945702998,0.00048493492342735586,0.14189921785155246,5.818077572269422e-07,2.1693356050501934e-09,-7.38714779724574e-06,5.818077572217195e-07,2.1693356050313944e-09,-7.387147797244253e-06,0.0727611712647872,0.0004849370927629609,0.14189183070375522,0.14189183070375522
38,6,COMPOSITE_Q_PLUS_GB,0.6992699730034844,0.29693313908759794,0.28808556993614937,0.04227644752049609,-0.1399155745828012,-3.66072713114372e-07,-3.9834443230960043e-10,2.5749857693481507e-06,-3.6607271308719547e-07,-3.9834443382735785e-10,2.5749857693602163e-06,0.2880852038634363,0.04227644712215166,-0.13991299959703185,0.13991299959703185
38,7,COMPOSITE_Q_PLUS_GB,0.8925228578761095,0.2739718477820139,0.4848382444063754,-0.0466766738696229,-0.04283283760370337,-1.5440213749762302e-06,-1.5263543724287007e-09,1.2173967199148141e-05,-1.5440213749773335e-06,-1.5263543692856096e-09,1.217396719915137e-05,0.48483670038500043,-0.04667667539597727,-0.04282066363650422,0.19393468015400017
38,8,COMPOSITE_Q_PLUS_GB,0.9679874897991392,0.3456335217719662,-0.07820008794128155,-0.07329799018989147,-0.28232681830339584,8.113848842328258e-08,-6.186726965262705e-10,5.364913390726118e-07,8.113848842805638e-08,-6.186726964063638e-10,5.364913390759618e-07,-0.07820000680279313,-0.07329799080856417,-0.28232628181205677,0.28232628181205677
38,9,COMPOSITE_Q_PLUS_GB,1.09999289589685,0.3160987142967144,0.3130590171745672,0.08015599364220403,-0.09524546286392657,-2.87306227347426e-07,-6.691312699293728e-10,7.353495855599041e-06,-2.873062273645033e-07,-6.69131264285916e-10,7.353495855594305e-06,0.3130587298683398,0.08015599297307277,-0.09523810936807098,0.12522349194733592
38,10,COMPOSITE_Q_PLUS_GB,1.1159388415426958,0.36494760770376444,0.016107890730022414,0.07998648020451028,0.18877023526093,-3.648022389102976e-07,-3.239991401412568e-10,7.674026599886229e-06,-3.648022389099448e-07,-3.239991469561332e-10,7.674026599874262e-06,0.016107525927783504,0.07998647988051114,0.18877790928752988,0.18877790928752988
39,1,COMPOSITE_Q,0.9563213316023025,0.11120133186719955,0.0688292577404045,0.08144320939345896,-0.36135243581367604,0.0,0.0,0.0,0.0,0.0,0.0,0.0688292577404045,0.08144320939345896,-0.36135243581367604,0.36135243581367604
39,2,COMPOSITE_Q,0.781622964989632,0.1764609996004812,-0.34512774360670856,-0.057205261120364496,0.0950136080496026,0.0,0.0,0.0,0.0,0.0,0.0,-0.34512774360670856,-0.057205261120364496,0.0950136080496026,0.13805109744268343
39,3,COMPOSITE_Q,0.5636874701113879,0.33580400668815635,0.07638346608732496,-0.0228751160379372,0.45372990757373777,0.0,0.0,0.0,0.0,0.0,0.0,0.07638346608732496,-0.0228751160379372,0.45372990757373777,0.45372990757373777
39,4,COMPOSITE_Q,0.49451665140962814,0.339226383318625,0.19773991047238443,-0.01092120340004561,0.08262627210573707,0.0,0.0,0.0,0.0,0.0,0.0,0.19773991047238443,-0.01092120340004561,0.08262627210573707,0.08262627210573707
39,5,COMPOSITE_Q,1.3940122048377663,0.4904479547180913,0.4996370867923987,-0.08659854079379724,0.223511620901005,0.0,0.0,0.0,0.0,0.0,0.0,0.4996370867923987,-0.08659854079379724,0.223511620901005,0.223511620901005
39,6,COMPOSITE_Q,1.2454727148672762,0.5045195965538267,-0.5405252975948419,0.05246894722578262,-0.04069978663098085,0.0,0.0,0.0,0.0,0.0,0.0,-0.5405252975948419,0.05246894722578262,-0.04069978663098085,0.21621011903793677
39,7,COMPOSITE_Q,0.6086463889795689,0.42181211518628486,0.024764280746612577,0.022227286638359205,0.12606784750045405,0.0,0.0,0.0,0.0,0.0,0.0,0.024764280746612577,0.022227286638359205,0.12606784750045405,0.12606784750045405
39,8,COMPOSITE_Q,0.9590934259479437,0.2728693918312907,-0.5367152596179302,-0.02393392727350457,-0.4760394722536678,0.0,0.0,0.0,0.0,0.0,0.0,-0.5367152596179302,-0.02393392727350457,-0.4760394722536678,0.4760394722536678
39,9,COMPOSITE_Q,0.6953648946344384,0.39784979554770517,0.14415298654616468,-0.02804923789833249,0.5685969657750513,0.0,0.0,0.0,0.0,0.0,0.0,0.14415298654616468,-0.02804923789833249,0.5685969657750513,0.5685969657750513
39,10,COMPOSITE_Q,0.4733932963110227,0.35373618863363315,0.19309146015693857,-0.002598217411434399,0.29536779902697147,0.0,0.0,0.0,0.0,0.0,0.0,0.19309146015693857,-0.002598217411434399,0.29536779902697147,0.29536779902697147
39,1,COMPOSITE_Q_PLUS_RF,0.9563213316023025,0.1112013311197415,0.0688292577404045,0.08144320939345896,-0.36135243581367604,-6.359849659345481e-10,-8.034898989780141e-11,-5.6704854553886e-11,-6.359849591408562e-10,-8.034899134923279e-11,-5.6704863027334795e-11,0.06882925710441955,0.08144320931310997,-0.3613524358703809,0.3613524358703809
39,2,COMPOSITE_Q_PLUS_RF,0.7816229639315402,0.17646098619392253,-0.34512775447687244,-0.05720525964646853,0.09501361398014994,-6.303904410619173e-12,-6.30145366978395e-11,-7.352578228411019e-08,-6.30390184497287e-12,-6.301453803203572e-11,-7.352578228203566e-08,-0.34512775448317634,-0.05720525970948307,0.09501354045436766,0.13805110179327054
39,3,COMPOSITE_Q_PLUS_RF,0.5636875045538958,0.3358041918409066,0.07638515238496733,-0.022875118654321878,0.4537019300087691,9.413965005065188e-08,-7.073404453971271e-11,-8.094288827813196e-07,9.413965004756442e-08,-7.07340436223447e-11,-8.094288828086604e-07,0.07638524652461738,-0.02287511872505592,0.4537011205798863,0.4537011205798863
39,4,COMPOSITE_Q_PLUS_RF,0.4945181205763505,0.33922645428160497,0.19773768187442198,-0.010921204312005986,0.08266045906417967,1.0943467156568734e-06,-6.096680656669371e-11,-1.4504115641320947e-05,1.0943467156632192e-06,-6.096680625622408e-11,-1.4504115641314486e-05,0.19773877622113764,-0.010921204372972792,0.08264595494853835,0.08264595494853835
39,5,COMPOSITE_Q_PLUS_RF,1.3940129082839223,0.4904469389125356,0.4996422355282283,-0.08659852552594918,0.22350082509600616,2.6110120651550966e-07,-1.4181705164004742e-08,5.003904985469675e-06,2.611012064890339e-07,-1.4181705157434443e-08,5.003904985478869e-06,0.4996424966294348,-0.08659853970765434,0.22350582900099164,0.22350582900099164
39,6,COMPOSITE_Q_PLUS_RF,1.245474981473738,0.5045200498849729,-0.5405312222250871,0.05246895109351076,-0.04068536556028242,6.755341424258125e-08,-4.2626842196063065e-09,3.0170275902133346e-06,6.755341419584227e-08,-4.262684219491497e-09,3.017027590215826e-06,-0.5405311546716729,0.05246894683082654,-0.0406823485326922,0.21621246186866916
39,7,COMPOSITE_Q_PLUS_RF,0.6086464524910661,0.4218121885112885,0.0247288859957005,0.022227288312255865,0.12657828093059248,5.067032084440877e-07,-6.879809672332651e-11,-3.917770074377759e-06,5.067032084436762e-07,-6.879809569260154e-11,-3.917770074385318e-06,0.024729392698908944,0.02222728824345777,0.1265743631605181,0.1265743631605181
39,8,COMPOSITE_Q_PLUS_RF,0.9593002041684862,0.27286951107596796,-0.5366862451555761,-0.023933619758312926,-0.4763592909846285,8.949317300370341e-07,-8.077151664738751e-11,-1.9084820560905304e-05,8.949317300555037e-07,-8.077151794627646e-11,-1.908482056089955e-05,-0.536685350223846,-0.023933619839084444,-0.4763783758051894,0.4763783758051894
39,9,COMPOSITE_Q_PLUS_RF,0.6953467448987937,0.39784989939237536,0.1441688687715792,-0.02804925262251031,0.5683725135121812,9.051568244876701e-08,-2.416969263607427e-10,5.118180695900569e-06,9.05156824493325e-08,-2.4169692636188955e-10,5.118180695928842e-06,0.14416895928726164,-0.028049252864207237,0.5683776316928771,0.5683776316928771
39,10,COMPOSITE_Q_PLUS_RF,0.47339824811961717,0.35373640809555545,0.19308689552284455,-0.0025981925070763814,0.29542932097735575,1.8194476511409158e-06,3.732926113984462e-10,-3.097757058938008e-05,1.8194476511523838e-06,3.7329261123181245e-10,-3.097757058939665e-05,0.1930887149704957,-0.00259819213378377,0.29539834340676635,0.29539834340676635
39,1,COMPOSITE_Q_PLUS_GB,0.9563213316023025,0.11120138238679728,0.0688292577404045,0.08144320939345896,-0.36135243581367604,-2.5780350609076594e-07,-6.691312699293728e-10,6.770589866363819e-06,-2.5780350608461955e-07,-6.69131264285916e-10,6.770589866367249e-06,0.06882899993689842,0.0814432087243277,-0.3613456652238097,0.3613456652238097
39,2,COMPOSITE_Q_PLUS_GB,0.7816237881737123,0.17646160416162454,-0.34512727689757816,-0.05720533051544056,0.09500621555809897,-9.778758711618979e-08,-2.7354056673815447e-10,4.245324902392275e-06,-9.778758713885338e-08,-2.735405651987932e-10,4.245324902396597e-06,-0.3451273746851653,-0.05720533078898112,0.09501046088300137,0.13805094987406613
39,3,COMPOSITE_Q_PLUS_GB,0.5636858612623566,0.3358034057493654,0.07637764901963177,-0.022875051874543473,0.4538252069653625,-9.145689815093621e-08,1.7195827584732255e-09,2.3077865048217163e-06,-9.145689815193148e-08,1.7195827574367772e-09,2.3077865048404256e-06,0.07637755756273362,-0.022875050154960715,0.45382751475186733,0.45382751475186733
39,4,COMPOSITE_Q_PLUS_GB,0.4945112624250646,0.33922628893122253,0.1977434472533491,-0.010921206463529771,0.08256059923405275,5.294712768284544e-07,1.7100500238270384e-09,-8.973883756592965e-06,5.294712768222354e-07,1.7100500234595861e-09,-8.973883756591139e-06,0.19774397672462593,-0.010921204753479748,0.08255162535029616,0.08255162535029616
39,5,COMPOSITE_Q_PLUS_GB,1.3940100521095513,0.49044674802318516,0.4996456399887494,-0.0865985298094071,0.22345205507419752,-9.4703609697467e-07,-8.10091351289485e-09,9.558897376713547e-06,-9.470360969876523e-07,-8.10091350944564e-09,9.558897376721331e-06,0.4996446929526524,-0.08659853791032061,0.22346161397157424,0.22346161397157424
39,6,COMPOSITE_Q_PLUS_GB,1.2454737997884395,0.5045196124005114,-0.5405309503373882,0.05246893981518213,-0.040674076143227246,6.56455289223745e-07,-6.691312699293728e-10,-1.2436452959939643e-05,6.564552892385223e-07,-6.691312712248099e-10,-1.2436452959938005e-05,-0.5405302938820989,0.05246893914605086,-0.040686512596187184,0.2162121175528396
39,7,COMPOSITE_Q_PLUS_GB,0.6086464620806883,0.421812115868061,0.024692854383807628,0.02222728740919894,0.12710761725844708,2.112176688536512e-07,8.114102054747988e-10,-2.906390903301708e-06,2.1121766885512372e-07,8.114102063860873e-10,-2.906390903306688e-06,0.024693065601476483,0.022227288220609147,0.12710471086754377,0.12710471086754377
39,8,COMPOSITE_Q_PLUS_GB,0.9595093217518684,0.2728694993906904,-0.5366726534282238,-0.023933311477360983,-0.47644854401001485,4.0928313725999906e-07,1.6713306996820326e-11,-9.409521541768949e-06,4.092831372703998e-07,1.6713307821047962e-11,-9.409521541769994e-06,-0.5366722441450865,-0.023933311460647675,-0.4764579535315566,0.4764579535315566
39,9,COMPOSITE_Q_PLUS_GB,0.695296390639621,0.397850037724918,0.14419700777502711,-0.02804927902884084,0.5679506361556055,-6.120988354393264e-07,-6.186726965262705e-10,8.687895608857574e-06,-6.120988354507695e-07,-6.186726964063638e-10,8.687895608816554e-06,0.14419639567619166,-0.028049279647513536,0.5679593240512143,0.5679593240512143
39,10,COMPOSITE_Q_PLUS_GB,0.4733985792848922,0.3537364095223515,0.19308835645748135,-0.0025982201862621264,0.2954283264879267,-1.3301414205107629e-07,1.4153764674420245e-09,-9.963924044820195e-06,-1.3301414206190465e-07,1.4153764675041425e-09,-9.963924044842365e-06,0.19308822344333929,-0.002598218770885659,0.2954183625638819,0.2954183625638819
40,1,COMPOSITE_Q,0.20158826460789558,0.12475282402705216,0.10590763579643471,-0.0020868713564136964,0.09784235097229914,0.0,0.0,0.0,0.0,0.0,0.0,0.10590763579643471,-0.0020868713564136964,0.09784235097229914,0.09784235097229914
40,2,COMPOSITE_Q,1.0188412099676432,0.18491457327349742,-0.39020963250133217,0.06885535588929874,0.17005132466978876,0.0,0.0,0.0,0.0,0.0,0.0,-0.39020963250133217,0.06885535588929874,0.17005132466978876,0.17005132466978876
40,3,COMPOSITE_Q,0.7161530988912264,0.33427599406295017,0.4225603341398914,-0.01891386051043881,0.33375944876366276,0.0,0.0,0.0,0.0,0.0,0.0,0.4225603341398914,-0.01891386051043881,0.33375944876366276,0.33375944876366276
40,4,COMPOSITE_Q,0.47333656909463756,0.20312908316134592,-0.0643276675582888,0.027101935181304257,0.20717204227399147,0.0,0.0,0.0,0.0,0.0,0.0,-0.0643276675582888,0.027101935181304257,0.20717204227399147,0.20717204227399147
40,5,COMPOSITE_Q,0.654617515018799,0.23876764708712084,-0.3185653125240968,-0.035782300272892344,0.10487039668421858,0.0,0.0,0.0,0.0,0.0,0.0,-0.3185653125240968,-0.035782300272892344,0.10487039668421858,0.12742612500963874
40,6,COMPOSITE_Q,1.1546267502393388,0.42141198826335985,-0.14053748976259461,-0.0879867677362227,0.02106769403293984,0.0,0.0,0.0,0.0,0.0,0.0,-0.14053748976259461,-0.0879867677362227,0.02106769403293984,0.07332230644685225
40,7,COMPOSITE_Q,0.856644209571931,0.37893959250637016,0.22056019656232992,0.050495128033692584,0.2903638305493231,0.0,0.0,0.0,0.0,0.0,0.0,0.22056019656232992,0.050495128033692584,0.2903638305493231,0.2903638305493231
40,8,COMPOSITE_Q,0.5707042828630828,0.294997197057203,0.293779219643182,0.027029483244483107,-0.01569988132301753,0.0,0.0,0.0,0.0,0.0,0.0,0.293779219643182,0.027029483244483107,-0.01569988132301753,0.1175116878572728
40,9,COMPOSITE_Q,0.641239538699715,0.33256052532816543,-0.1406959436765195,0.028075627715301116,0.4792931320601322,0.0,0.0,0.0,0.0,0.0,0.0,-0.1406959436765195,0.028075627715301116,0.4792931320601322,0.4792931320601322
40,10,COMPOSITE_Q,1.0327860780785068,0.3604579681506826,-0.2682354654033428,-0.06264093365594325,-0.16135705247062937,0.0,0.0,0.0,0.0,0.0,0.0,-0.2682354654033428,-0.06264093365594325,-0.16135705247062937,0.16135705247062937
40,1,COMPOSITE_Q_PLUS_RF,0.20158826460789558,0.12475281135430763,0.10590763579643471,-0.0020868713564136964,0.09784235097229914,-8.68292434159098e-08,1.773475968485889e-09,2.1957444246287943e-06,-8.682924342029441e-08,1.7734759685111845e-09,2.1957444246295532e-06,0.10590754896719129,-0.002086869582937728,0.09784454671672377,0.09784454671672377
40,2,COMPOSITE_Q_PLUS_RF,1.01884131501784,0.18491284370089123,-0.39021209739990587,0.06885484641646576,0.17005143187432828,-2.339982899694212e-08,-9.241630720274883e-11,3.710589610083167e-06,-2.3399829018888596e-08,-9.241631071521539e-11,3.7105896100730895e-06,-0.3902121207997349,0.06885484632404945,0.17005514246393835,0.17005514246393835
40,3,COMPOSITE_Q_PLUS_RF,0.716150295183125,0.3342762516001155,0.422562207319882,-0.0189133508182347,0.33375799257767846,-3.8561037765921235e-07,1.7615957705695554e-10,-1.2898335305158841e-06,-3.856103776844755e-07,1.7615957650929381e-10,-1.2898335305377984e-06,0.4225618217095043,-0.018913350642075125,0.3337567027441479,0.3337567027441479
40,4,COMPOSITE_Q_PLUS_RF,0.47333617598982086,0.20312914027937845,-0.06436030049164508,0.02710194054217742,0.20785855958906493,-1.451613928734355e-07,-5.193930576608343e-11,5.800653986639794e-06,-1.451613928782347e-07,-5.1939307021964254e-11,5.8006539866428675e-06,-0.06436044565303796,0.027101940490238112,0.20786436024305158,0.20786436024305158
40,5,COMPOSITE_Q_PLUS_RF,0.6546725696336885,0.23876706589536292,-0.3185488612043495,-0.03578236796879823,0.10452032109734159,2.3373390894586597e-07,5.875303118393666e-10,4.814981998879778e-07,2.3373390894976254e-07,5.875303091262829e-10,4.814981998946255e-07,-0.31854862747044055,-0.03578236738126792,0.10452080259554149,0.12741945098817622
40,6,COMPOSITE_Q_PLUS_RF,1.1546341481078743,0.421411999330526,-0.14052162877871624,-0.08798680210063996,0.02073603455775649,3.0325947543281444e-07,-5.235886221332069e-11,-4.080397488304958e-09,3.032594754204254e-07,-5.2358867241864004e-11,-4.080397488642751e-09,-0.14052132551924082,-0.08798680215299882,0.020736030477359002,0.07332233512749903
40,7,COMPOSITE_Q_PLUS_RF,0.8566440009753955,0.3789397933097942,0.2205594424751849,0.05049511832596128,0.2903732620622731,-1.2604400226821766e-06,-9.344330152100549e-11,2.002649950577819e-05,-1.260440022687881e-06,-9.344330170746318e-11,2.0026499505776396e-05,0.22055818203516223,0.050495118232517976,0.2903932885617789,0.2903932885617789
40,8,COMPOSITE_Q_PLUS_RF,0.570703391794178,0.29499716391971,0.293780901065021,0.027029485229191123,-0.015730245180955355,-3.120464255809767e-08,-6.446923422146348e-11,4.336908536571058e-07,-3.120464253658639e-08,-6.446923550562644e-11,4.336908536566042e-07,0.2937808698603785,0.027029485164721888,-0.0157298114901017,0.1175123479441514
40,9,COMPOSITE_Q_PLUS_RF,0.6412395148549755,0.3325605663942518,-0.14068686806466607,0.028075626842961852,0.47910628725822907,-3.253268550330905e-08,-7.545014239295857e-11,-1.926236887859761e-06,-3.2532685489972124e-08,-7.545014266141514e-11,-1.9262368878836256e-06,-0.14068690059735156,0.02807562676751171,0.4791043610213412,0.4791043610213412
40,10,COMPOSITE_Q_PLUS_RF,1.0327704164838216,0.36046291525487106,-0.2683830128264934,-0.06264087779944759,-0.15883314797694836,4.943906481692956e-08,1.2436935683903692e-09,6.329975330478432e-07,4.943906484200511e-08,1.2436935648008074e-09,6.329975330565674e-07,-0.26838296338742856,-0.06264087655575402,-0.1588325149794153,0.1588325149794153
40,1,COMPOSITE_Q_PLUS_GB,0.20158826460789558,0.1247528155040666,0.10590763579643471,-0.0020868713564136964,0.09784235097229914,6.21913901661825e-08,3.94354708795719e-09,2.45447717514518e-07,6.219139016272468e-08,3.943547087839616e-09,2.4544771751178196e-07,0.10590769798782487,-0.0020868674128666086,0.09784259642001665,0.09784259642001665
40,2,COMPOSITE_Q_PLUS_GB,1.0188412261727064,0.1849121487537868,-0.3902101084636982,0.06885479547129912,0.17001943706830788,-1.0320440923011654e-07,-6.186726965262705e-10,7.34665031343366e-06,-1.032044092408313e-07,-6.186726964063638e-10,7.3466503134334005e-06,-0.39021021166810743,0.06885479485262642,0.17002678371862132,0.17002678371862132
40,3,COMPOSITE_Q_PLUS_GB,0.7161533544983597,0.33427787251694463,0.42256104018531226,-0.018913300996702024,0.33378010805948016,-1.0808608489002977e-06,-3.374526640628199e-11,1.4904520970923976e-05,-1.0808608488788174e-06,-3.3745266997398105e-11,1.4904520970915325e-05,0.4225599593244634,-0.01891330103044729,0.3337950125804511,0.3337950125804511
40,4,COMPOSITE_Q_PLUS_GB,0.4733360628266984,0.2031290741660356,-0.06433902155478283,0.027101939910103866,0.20741593208454234,-2.620234961888119e-08,7.799904639189327e-10,4.5265678094475117e-07,-2.6202349623360988e-08,7.799904645777733e-10,4.526567809470805e-07,-0.06433904775713245,0.02710194069009433,0.2074163847413233,0.2074163847413233
40,5,COMPOSITE_Q_PLUS_GB,0.6546379045188905,0.23876777344372943,-0.31857348237146554,-0.03578233081249407,0.10502909889193034,-8.200974004287993e-08,-6.186726965262705e-10,3.926502857858204e-06,-8.200974005445616e-08,-6.186726964063638e-10,3.926502857853897e-06,-0.3185735643812056,-0.03578233143116677,0.10503302539478819,0.12742942575248223
40,6,COMPOSITE_Q_PLUS_GB,1.1546357697678433,0.4214120089961102,-0.1405175866173042,-0.08798680673506815,0.02065963208855097,-1.5214657330256624e-07,-2.7354056673815447e-10,7.108575639604977e-07,-1.521465733123062e-07,-2.735405651987932e-10,7.108575639618031e-07,-0.14051773876387752,-0.08798680700860871,0.02066034294611493,0.0733223391738406
40,7,COMPOSITE_Q_PLUS_GB,0.8566440363369898,0.3789396296491695,0.2205607261776806,0.05049511544215764,0.2903528226405474,-4.732592573667222e-07,-6.691312699293728e-10,7.1218366598141175e-06,-4.732592573664096e-07,-6.691312712248099e-10,7.121836659795822e-06,0.22056025291842324,0.050495114773026366,0.2903599444772072,0.2903599444772072
40,8,COMPOSITE_Q_PLUS_GB,0.5707044578438902,0.29499718429478916,0.29377916071014126,0.027029482809648356,-0.015698639498083245,-1.464074577393863e-07,1.0746640203039467e-09,1.7418272519218182e-06,-1.4640745771288266e-07,1.0746640209668978e-09,1.7418272519227618e-06,0.29377901430268355,0.027029483884312377,-0.015696897670831322,0.11751160572107341
40,9,COMPOSITE_Q_PLUS_GB,0.6412395121368895,0.33256081590566333,-0.14062174970274596,0.02807562023169794,0.4777608917752308,-1.8458802317450502e-09,-3.478858589064981e-10,5.668877209517733e-06,-1.8458802264476049e-09,-3.478858590089118e-10,5.668877209541456e-06,-0.1406217515486262,0.028075619883812082,0.47776656065244033,0.47776656065244033
40,10,COMPOSITE_Q_PLUS_GB,1.032660442964531,0.3604552770477698,-0.2684190040997586,-0.06264074907225389,-0.15753982841053651,1.9379294719051972e-08,-6.186726965262705e-10,3.842380973003682e-06,1.937929472450861e-08,-6.186726964063638e-10,3.842380973007042e-06,-0.2684189847204639,-0.06264074969092659,-0.1575359860295635,0.1575359860295635
41,1,COMPOSITE_Q,0.5622650327578385,0.08387872854417203,0.35027711075063694,-0.029660550389040412,0.16262292587088453,0.0,0.0,0.0,0.0,0.0,0.0,0.35027711075063694,-0.029660550389040412,0.16262292587088453,0.16262292587088453
41,2,COMPOSITE_Q,0.3066052707522248,0.11546689917004399,0.21107171455354762,-0.0036023383733024563,0.28159164547994153,0.0,0.0,0.0,0.0,0.0,0.0,0.21107171455354762,-0.0036023383733024563,0.28159164547994153,0.28159164547994153
41,3,COMPOSITE_Q,1.063489827037175,0.16967647558625382,-0.32757935456323317,-0.07619842337329204,0.09960598272990209,0.0,0.0,0.0,0.0,0.0,0.0,-0.32757935456323317,-0.07619842337329204,0.09960598272990209,0.13103174182529326
41,4,COMPOSITE_Q,0.9923148595691111,0.15578320429808334,-0.17216405915257557,0.07688455715460109,0.037618927058232055,0.0,0.0,0.0,0.0,0.0,0.0,-0.17216405915257557,0.07688455715460109,0.037618927058232055,0.06886562366103023
41,5,COMPOSITE_Q,0.9459724859594046,0.208854425981085,0.5853102434966643,-0.0444951469232851,0.058441099880054664,0.0,0.0,0.0,0.0,0.0,0.0,0.5853102434966643,-0.0444951469232851,0.058441099880054664,0.23412409739866571
41,6,COMPOSITE_Q,0.9935183145438515,0.33976033904683217,0.3302775234579181,0.06503193354415093,-0.04984708957725327,0.0,0.0,0.0,0.0,0.0,0.0,0.3302775234579181,0.06503193354415093,-0.04984708957725327,0.13211100938316725
41,7,COMPOSITE_Q,0.9463042020019167,0.4841351256547344,0.5793750541158128,0.029938443692683624,0.1656699821618411,0.0,0.0,0.0,0.0,0.0,0.0,0.5793750541158128,0.029938443692683624,0.1656699821618411,0.23175002164632513
41,8,COMPOSITE_Q,1.059350613486295,0.5446821634339277,-0.2461088839058407,-0.06317938573654357,-0.09870434030938681,0.0,0.0,0.0,0.0,0.0,0.0,-0.2461088839058407,-0.06317938573654357,-0.09870434030938681,0.09870434030938681
41,9,COMPOSITE_Q,1.0689062306706192,0.41980713314262147,-0.07117411078119258,-0.0754384493919996,-0.18972145853162,0.0,0.0,0.0,0.0,0.0,0.0,-0.07117411078119258,-0.0754384493919996,-0.18972145853162,0.18972145853162
41,10,COMPOSITE_Q,1.1365465938470483,0.36225717507737654,0.035620836249272175,0.07896474238263992,0.4036782798792049,0.0,0.0,0.0,0.0,0.0,0.0,0.035620836249272175,0.07896474238263992,0.4036782798792049,0.4036782798792049
41,1,COMPOSITE_Q_PLUS_RF,0.5622650327578385,0.08387874661415244,0.35027711075063694,-0.029660550389040412,0.16262292587088453,-3.855533756015844e-07,2.2044303296440394e-09,6.217393772557939e-06,-3.8555337561474445e-07,2.2044303292501066e-09,6.2173937725451545e-06,0.35027672519726133,-0.029660548184610083,0.16262914326465708,0.16262914326465708
41,2,COMPOSITE_Q_PLUS_RF,0.30660370086624134,0.1154668778254124,0.21109510107777957,-0.0036023398216080142,0.2812962625399959,1.3669065930855782e-09,2.6459733533133695e-09,1.4702895437279912e-06,1.3669065879184927e-09,2.645973353181813e-09,1.4702895437257446e-06,0.21109510244468616,-0.003602337175634661,0.2812977328295396,0.2812977328295396
41,3,COMPOSITE_Q_PLUS_RF,1.063478050911067,0.1696764056177022,-0.3276948103539324,-0.07619838849509712,0.1015159786569483,-3.9643213660260066e-12,-6.860432135102001e-11,-7.842353058432896e-06,-3.964328865180278e-12,-6.860431667199407e-11,-7.842353058437612e-06,-0.3276948103578967,-0.07619838856370144,0.10150813630388986,0.1310779241431587
41,4,COMPOSITE_Q_PLUS_RF,0.992371936329143,0.15578317215939544,-0.17206999401313747,0.07688483401149702,0.03597570732278606,-7.606958941182331e-10,-6.08480821754845e-11,6.287299414466985e-07,-7.606958951633658e-10,-6.08480765773578e-11,6.287299414500791e-07,-0.17206999477383336,0.07688483395064895,0.03597633605272751,0.06882799790953334
41,5,COMPOSITE_Q_PLUS_RF,0.9459730251238689,0.20885451709361744,0.5853111150141755,-0.04449527019509845,0.058408048279838275,3.9481695261947155e-06,6.736906965448472e-10,-3.265244761230656e-05,3.94816952620225e-06,6.73690693508977e-10,-3.26524476123094e-05,0.5853150631837017,-0.044495269521407754,0.058375395832225965,0.2341260252734807
41,6,COMPOSITE_Q_PLUS_RF,0.9935194491555692,0.33976040094133964,0.3303057246595211,0.0650320569554014,-0.050608132694204326,-7.285258479708678e-07,-9.054889721146693e-11,1.362414353094985e-05,-7.285258479816648e-07,-9.054890171000807e-11,1.3624143530947819e-05,0.33030499613367315,0.0650320568648525,-0.05059450855067338,0.13212199845346925
41,7,COMPOSITE_Q_PLUS_RF,0.9463664098976263,0.4841352832988852,0.579329269637963,0.029938474701554547,0.1668315893344176,-5.509211015665507e-07,-1.1432761741786288e-08,3.897397663980877e-06,-5.509211015164439e-07,-1.1432761740787223e-08,3.897397663987778e-06,0.5793287187168615,0.029938463268792806,0.1668354867320816,0.2317314874867446
41,8,COMPOSITE_Q_PLUS_RF,1.0593657098887563,0.544682332269579,-0.24607730066922537,-0.0631794017893046,-0.09948501564383062,4.1611766626773843e-07,-1.5017872968407369e-09,5.854400926742483e-06,4.161176662687005e-07,-1.501787291746659e-09,5.8544009267358366e-06,-0.2460768845515591,-0.0631794032910919,-0.09947916124290389,0.09947916124290389
41,9,COMPOSITE_Q_PLUS_RF,1.068888830100152,0.4198071449706323,-0.07119135751730675,-0.07543840061957646,-0.18930668410763943,4.1055294336144284e-07,7.939216020151692e-10,-9.75547176692798e-06,4.105529433640065e-07,7.939215951324741e-10,-9.755471766931256e-06,-0.07119094696436339,-0.07543839982565487,-0.18931643957940636,0.18931643957940636
41,10,COMPOSITE_Q_PLUS_RF,1.1365474994514688,0.362257476173312,0.03574817451223174,0.07896471039278147,0.4004883670143867,-1.0654965389553474e-08,-5.110571454741376e-10,6.862958309107201e-07,-1.0654965389156335e-08,-5.110571410504861e-10,6.862958308873068e-07,0.03574816385726635,0.07896470988172433,0.4004890533102176,0.4004890533102176
41,1,COMPOSITE_Q_PLUS_GB,0.5622650327578385,0.083878773872877,0.35027711075063694,-0.029660550389040412,0.16262292587088453,-2.4667462154089333e-07,1.0327350823423138e-09,6.517255846888493e-06,-2.466746215623594e-07,1.0327350814798297e-09,6.517255846882897e-06,0.3502768640760154,-0.02966054935630533,0.16262944312673142,0.16262944312673142
41,2,COMPOSITE_Q_PLUS_GB,0.3066035027581301,0.1154668544700325,0.21106421787420382,-0.003602339333054081,0.28168340018788834,9.299108346293961e-09,2.1619665521782613e-09,-1.4847355283853842e-06,9.299108344462681e-09,2.1619665519639897e-09,-1.4847355284119956e-06,0.21106422717331216,-0.003602337171087529,0.28168191545235993,0.28168191545235993
41,3,COMPOSITE_Q_PLUS_GB,1.0634938038992259,0.16967623587985006,-0.3276807188327072,-0.07619845954056405,0.10140988269944354,-2.2915080722218879e-07,-2.7354056673815447e-10,6.014483489914624e-06,-2.291508072183035e-07,-2.735405651987932e-10,6.0144834899134025e-06,-0.32768094798351444,-0.07619845981410461,0.10141589718293345,0.13107237919340578
41,4,COMPOSITE_Q_PLUS_GB,0.9923818694126647,0.1557832684515455,-0.17205510817594297,0.07688487761454077,0.035704954563835684,-4.953504747979718e-08,-3.239991401412568e-10,7.475376131765116e-06,-4.9535047480508965e-08,-3.239991469561332e-10,7.475376131764466e-06,-0.17205515771099045,0.07688487729054162,0.03571242993996745,0.06882206308439617
41,5,COMPOSITE_Q_PLUS_GB,0.9459712522607927,0.20885444938722722,0.5853114571883997,-0.04449526943533337,0.058394230943311344,-1.997620293937652e-06,3.497133137929888e-11,1.2200654143122687e-05,-1.9976202939586685e-06,3.497133138630204e-11,1.2200654143125489e-05,0.5853094595681058,-0.04449526940036204,0.05840643159745447,0.2341237838272423
41,6,COMPOSITE_Q_PLUS_GB,0.9935208521932857,0.33976037092749534,0.33027365441425427,0.06503204486179885,-0.04970287327606849,-3.9558870934074864e-07,-6.691312699293728e-10,6.801305915526929e-06,-3.95588709345418e-07,-6.69131264285916e-10,6.801305915529743e-06,0.3302732588255449,0.06503204419266759,-0.04969607197015296,0.13210930353021796
41,7,COMPOSITE_Q_PLUS_GB,0.946295005301749,0.4841358207577164,0.5793775788837955,0.029938435767017026,0.16560527663314603,-2.8280998784171072e-06,-1.576812945831803e-09,1.8096003686589565e-05,-2.8280998783936084e-06,-1.5768129441040557e-09,1.8096003686601803e-05,0.5793747507839171,0.02993843419020408,0.16562337263683263,0.23174990031356685
41,8,COMPOSITE_Q_PLUS_GB,1.059352724224514,0.5446822361789017,-0.2460855285794193,-0.06317939913675703,-0.09923430974170565,1.6618893202679917e-07,-6.186726965262705e-10,2.0437470563988534e-06,1.661889320325738e-07,-6.186726964063638e-10,2.0437470563960947e-06,-0.24608536239048726,-0.06317939975542973,-0.09923226599464925,0.09923226599464925
41,9,COMPOSITE_Q_PLUS_GB,1.0688872378094922,0.4198071635272552,-0.07119209122528827,-0.07543839004881499,-0.1892771646521955,-1.708784917590392e-07,-6.186726965262705e-10,5.364913390726118e-07,-1.7087849175922987e-07,-6.186726964063638e-10,5.364913390759618e-07,-0.07119226210378003,-0.07543839066748768,-0.1892766281608564,0.1892766281608564
41,10,COMPOSITE_Q_PLUS_GB,1.1365469416590994,0.3622572389621046,0.03563713004479294,0.07896473394807908,0.40327162952476253,-4.1214096448997583e-07,-6.691312699293728e-10,7.510948017975836e-06,-4.121409644883278e-07,-6.69131264285916e-10,7.510948017985797e-06,0.035636717903828455,0.07896473327894782,0.4032791404727805,0.4032791404727805
42,1,COMPOSITE_Q,0.9960448577756117,0.11337563522131268,-0.39060314091118153,-0.07108081190724143,-0.2503144084718145,0.0,0.0,0.0,0.0,0.0,0.0,-0.39060314091118153,-0.07108081190724143,-0.2503144084718145,0.2503144084718145
42,2,COMPOSITE_Q,0.9234797098329353,0.09032681375527446,-0.10234280066867087,0.07843222786657178,-0.2889813887077905,0.0,0.0,0.0,0.0,0.0,0.0,-0.10234280066867087,0.07843222786657178,-0.2889813887077905,0.2889813887077905
42,3,COMPOSITE_Q,0.5176154338190501,0.04961267581571966,0.3307831614664367,0.02768522650789911,0.1884067901856426,0.0,0.0,0.0,0.0,0.0,0.0,0.3307831614664367,0.02768522650789911,0.1884067901856426,0.1884067901856426
42,4,COMPOSITE_Q,0.6792030881026259,0.07412380823129104,-0.22339328044337756,0.05156759934065918,0.35398291820473965,0.0,0.0,0.0,0.0,0.0,0.0,-0.22339328044337756,0.05156759934065918,0.35398291820473965,0.35398291820473965
42,5,COMPOSITE_Q,0.5397144761548336,0.16104715845857667,0.2874686173491731,-0.011169264849184755,0.4768940678729219,0.0,0.0,0.0,0.0,0.0,0.0,0.2874686173491731,-0.011169264849184755,0.4768940678729219,0.4768940678729219
42,6,COMPOSITE_Q,0.5903612642269455,0.33060978847504313,-0.1001394654172888,-0.025618955261003308,0.25533639386657403,0.0,0.0,0.0,0.0,0.0,0.0,-0.1001394654172888,-0.025618955261003308,0.25533639386657403,0.25533639386657403
42,7,COMPOSITE_Q,0.7142142972427813,0.48688239378054055,-0.23556548671925573,-0.008063406334673147,-0.19889653548407216,0.0,0.0,0.0,0.0,0.0,0.0,-0.23556548671925573,-0.008063406334673147,-0.19889653548407216,0.19889653548407216
42,8,COMPOSITE_Q,0.9798273660621756,0.4911704887798367,-0.4101055610985003,-0.03404314311392519,0.1388177422469406,0.0,0.0,0.0,0.0,0.0,0.0,-0.4101055610985003,-0.03404314311392519,0.1388177422469406,0.16404222443940014
42,9,COMPOSITE_Q,0.9188312481514744,0.31610577966974096,0.21328884787888083,0.06832995848399595,-0.4417241915993367,0.0,0.0,0.0,0.0,0.0,0.0,0.21328884787888083,0.06832995848399595,-0.4417241915993367,0.4417241915993367
42,10,COMPOSITE_Q,0.8519556376483464,0.37503776283153767,0.04102512951505011,0.059349931584671785,0.2832071733524467,0.0,0.0,0.0,0.0,0.0,0.0,0.04102512951505011,0.059349931584671785,0.2832071733524467,0.2832071733524467
42,1,COMPOSITE_Q_PLUS_RF,0.9960448577756117,0.11337564967591338,-0.39060314091118153,-0.07108081190724143,-0.2503144084718145,-4.5745529344155816e-08,-2.3465463552642076e-09,6.917473463649571e-07,-4.574552936453813e-08,-2.346546359999202e-09,6.917473463485813e-07,-0.3906031866567109,-0.07108081425378779,-0.25031371672446817,0.25031371672446817
42,2,COMPOSITE_Q_PLUS_RF,0.9234797737422713,0.09032690680298437,-0.10234668326056724,0.07843222958286422,-0.288922195885815,2.756336997644544e-10,-8.51717101332934e-11,-1.3739331615573438e-08,2.7563369642269464e-10,-8.517171690147762e-11,-1.3739331616857697e-08,-0.10234668298493355,0.0784322294976925,-0.28892220962514664,0.28892220962514664
42,3,COMPOSITE_Q_PLUS_RF,0.5176104265774406,0.049612797458657834,0.3308338264205804,0.027685210189258177,0.18797075691748819,7.100500802433492e-08,-5.909573614006812e-11,-4.852617935337593e-07,7.100500803991494e-08,-5.909573524975897e-11,-4.852617935258152e-07,0.33083389742558844,0.02768521013016244,0.18797027165569466,0.18797027165569466
42,4,COMPOSITE_Q_PLUS_RF,0.6792321870741682,0.07412394756975518,-0.22342931243558356,0.051567488495817,0.354063594275977,8.38719676967247e-08,-7.226446489367259e-11,-4.561955071707409e-09,8.38719677043187e-08,-7.226446524510877e-11,-4.561955091464398e-09,-0.22342922856361586,0.051567488423552535,0.3540635897140219,0.3540635897140219
42,5,COMPOSITE_Q_PLUS_RF,0.5398374960150878,0.16104951900763761,0.28745507385721564,-0.01116912947184502,0.4771743787504969,9.4163928263899e-06,3.821791410830902e-09,-0.00011269708457217752,9.41639282636686e-06,3.821791411118269e-09,-0.00011269708457217753,0.287464490250042,-0.011169125650053608,0.4770616816659247,0.4770616816659247
42,6,COMPOSITE_Q_PLUS_RF,0.5903643970200922,0.3306099037214673,-0.10014972631812978,-0.025618942349482803,0.25545683702946936,-1.7818597831416892e-07,-4.750675307544778e-11,1.5903456036530728e-06,-1.7818597831953387e-07,-4.750675200448917e-11,1.5903456036525654e-06,-0.1001499045041081,-0.025618942396989555,0.255458427375073,0.255458427375073
42,7,COMPOSITE_Q_PLUS_RF,0.7142169876169118,0.4868825430566297,-0.23556303397031414,-0.008063404182406012,-0.1989074620118289,1.914357640134572e-06,-7.512063383281991e-11,-1.2500264161836998e-05,1.914357640131481e-06,-7.512063367187682e-11,-1.2500264161829922e-05,-0.235561119612674,-0.008063404257526646,-0.19891996227599074,0.19891996227599074
42,8,COMPOSITE_Q_PLUS_RF,0.9798282693234417,0.4911711233899475,-0.41010876538184465,-0.034043134939552855,0.13881808941759896,2.10458608000029e-07,-7.818512226592521e-11,-1.9224645791295952e-05,2.1045860798540872e-07,-7.818512504087494e-11,-1.9224645791293682e-05,-0.41010855492323667,-0.03404313501773798,0.13879886477180767,0.16404342196929467
42,9,COMPOSITE_Q_PLUS_RF,0.9188303366306232,0.31610765325747203,0.21330707487727213,0.06832994117575986,-0.44195976816455074,2.5280923216639455e-06,-8.139871495777659e-11,-3.172762263577651e-05,2.5280923216519646e-06,-8.139872109680368e-11,-3.172762263575768e-05,0.21330960296959378,0.06832994109436114,-0.4419914957871865,0.4419914957871865
42,10,COMPOSITE_Q_PLUS_RF,0.8519703321157763,0.3750378527860261,0.041002889962092406,0.05934991049437732,0.2835293798255939,9.32645261754725e-09,1.1890568501804224e-09,6.403916699339925e-07,9.326452617142156e-09,1.18905685297932e-09,6.403916699149192e-07,0.041002899288545024,0.059349911683434176,0.2835300202172638,0.2835300202172638
42,1,COMPOSITE_Q_PLUS_GB,0.9960448577756117,0.11337569998049134,-0.39060314091118153,-0.07108081190724143,-0.2503144084718145,-2.0220087898157244e-07,-6.186726965262705e-10,7.021370628039231e-06,-2.022008789848151e-07,-6.186726964063638e-10,7.021370628024215e-06,-0.3906033431120605,-0.07108081252591412,-0.2503073871011865,0.2503073871011865
42,2,COMPOSITE_Q_PLUS_GB,0.9234802422083704,0.09032721638097728,-0.1023452837448663,0.07843223018952748,-0.28898553631401547,-8.323333702435011e-08,-6.691312699293728e-10,3.693134962320164e-06,-8.323333702819902e-08,-6.69131264285916e-10,3.693134962345912e-06,-0.10234536697820333,0.07843222952039622,-0.2889818431790531,0.2889818431790531
42,3,COMPOSITE_Q_PLUS_GB,0.5176166536425619,0.04961286513478453,0.33079949349138543,0.027685222372308558,0.18829153803345192,-4.267160201155555e-07,7.965081298122419e-10,9.634017611947035e-06,-4.267160201298914e-07,7.965081302852006e-10,9.634017611948043e-06,0.3307990667753653,0.027685223168816688,0.18830117205106386,0.18830117205106386
42,4,COMPOSITE_Q_PLUS_GB,0.6792109596550996,0.07412435830371686,-0.22338424278645266,0.051567567663551764,0.3534186762892742,-6.837507064042373e-07,-3.478858589064981e-10,4.210972138813338e-06,-6.837507064150206e-07,-3.478858590089118e-10,4.210972138818381e-06,-0.22338492653715908,0.051567567315665905,0.353422887261413,0.353422887261413
42,5,COMPOSITE_Q_PLUS_GB,0.5399954504167696,0.16104726069356365,0.2874384607632638,-0.01116892748257971,0.47753405856213754,6.345529145845744e-07,1.3134562214311027e-09,-1.557932393338737e-05,6.345529146023487e-07,1.3134562222572033e-09,-1.5579323933367917e-05,0.2874390953161784,-0.011168926169123487,0.4775184792382042,0.4775184792382042
42,6,COMPOSITE_Q_PLUS_GB,0.5903614213291812,0.330609806924812,-0.10014065647384497,-0.025618952119623038,0.2553601304118754,-2.1097662707435588e-07,9.419369911793842e-09,1.7418272519218182e-06,-2.1097662707136866e-07,9.419369912527786e-09,1.7418272519331701e-06,-0.10014086745047204,-0.025618942700253125,0.2553618722391273,0.2553618722391273
42,7,COMPOSITE_Q_PLUS_GB,0.7142174025650059,0.4868830318028986,-0.23556338179126712,-0.008063411810216357,-0.1989075142468685,-3.42123079007587e-07,1.6713306996820326e-11,3.7680886210511363e-06,-3.4212307900571837e-07,1.6713307821047962e-11,3.768088621042276e-06,-0.23556372391434613,-0.00806341179350305,-0.19890374615824746,0.19890374615824746
42,8,COMPOSITE_Q_PLUS_GB,0.9798280108889297,0.4911705535430767,-0.4101064875558348,-0.034043145289921306,0.1388166324478222,6.816877163700284e-07,-6.186726965262705e-10,-1.1101445828159259e-05,6.816877163862145e-07,-6.186726964063638e-10,-1.1101445828165524e-05,-0.4101058058681184,-0.034043145908594,0.13880553100199403,0.16404232234724736
42,9,COMPOSITE_Q_PLUS_GB,0.9188308139079656,0.31610500197031255,0.21329040816662614,0.0683299607439377,-0.441708036430391,-2.0602730014860574e-07,-6.186726965262705e-10,2.109755308045437e-06,-2.0602730013696835e-07,-6.186726964063638e-10,2.10975530806623e-06,0.213290202139326,0.068329960125265,-0.44170592667508296,0.44170592667508296
42,10,COMPOSITE_Q_PLUS_GB,0.8519543819627413,0.3750396257024987,0.041020948989916595,0.059349945976692624,0.28322198812521027,-2.955471530106405e-07,-1.7901926729764757e-10,6.065422538551257e-06,-2.9554715300778023e-07,-1.7901926468999463e-10,6.06542253855924e-06,0.04102065344276359,0.05934994579767336,0.2832280535477488,0.2832280535477488
43,1,COMPOSITE_Q,0.9889031761764323,0.08877323882707902,-0.08378391263478331,-0.08984188748370918,-0.24857471730247324,0.0,0.0,0.0,0.0,0.0,0.0,-0.08378391263478331,-0.08984188748370918,-0.24857471730247324,0.24857471730247324
43,2,COMPOSITE_Q,0.9591307880057212,0.08472115045983564,-0.16244895862050313,0.08326384288815761,0.4384818123897106,0.0,0.0,0.0,0.0,0.0,0.0,-0.16244895862050313,0.08326384288815761,0.4384818123897106,0.4384818123897106
43,3,COMPOSITE_Q,0.8802471094839436,0.08995568252599673,-0.6785014564248959,-0.034886919606651634,-0.24623366859919846,0.0,0.0,0.0,0.0,0.0,0.0,-0.6785014564248959,-0.034886919606651634,-0.24623366859919846,0.27140058256995836
43,4,COMPOSITE_Q,0.45495298877334955,0.07924876097849509,0.22422814558751636,-0.025554474014051268,0.1521495391020202,0.0,0.0,0.0,0.0,0.0,0.0,0.22422814558751636,-0.025554474014051268,0.1521495391020202,0.1521495391020202
43,5,COMPOSITE_Q,0.2385667420299222,0.09058306658272072,0.06657011324385531,0.01357664359601545,0.046164099867099566,0.0,0.0,0.0,0.0,0.0,0.0,0.06657011324385531,0.01357664359601545,0.046164099867099566,0.046164099867099566
43,6,COMPOSITE_Q,0.18762651578637007,0.17061037019759473,0.039767215818705744,-0.0003015271739219309,-0.3002127488482661,0.0,0.0,0.0,0.0,0.0,0.0,0.039767215818705744,-0.0003015271739219309,-0.3002127488482661,0.3002127488482661
43,7,COMPOSITE_Q,1.2555446927561233,0.07065436373874733,0.6337181429434667,-0.07429875878483327,0.4445303339753179,0.0,0.0,0.0,0.0,0.0,0.0,0.6337181429434667,-0.07429875878483327,0.4445303339753179,0.4445303339753179
43,8,COMPOSITE_Q,0.9799171151371313,0.07466033396567255,-0.04240465686817932,-0.09106098647581112,-0.1431959991446399,0.0,0.0,0.0,0.0,0.0,0.0,-0.04240465686817932,-0.09106098647581112,-0.1431959991446399,0.1431959991446399
43,9,COMPOSITE_Q,0.4878541759849615,0.12225571890710124,-0.06423016775476148,0.03576161694968076,0.31293793845625656,0.0,0.0,0.0,0.0,0.0,0.0,-0.06423016775476148,0.03576161694968076,0.31293793845625656,0.31293793845625656
43,10,COMPOSITE_Q,0.8770151460870004,0.0913086603994478,0.26521273299447595,-0.06911515660555906,0.0494013598973335,0.0,0.0,0.0,0.0,0.0,0.0,0.26521273299447595,-0.06911515660555906,0.0494013598973335,0.10608509319779039
43,1,COMPOSITE_Q_PLUS_RF,0.9889031761764323,0.08877324654889546,-0.08378391263478331,-0.08984188748370918,-0.24857471730247324,-3.32895779200288e-08,-6.663955535203228e-11,2.7134376720837275e-07,-3.328957791370879e-08,-6.663955498531493e-11,2.7134376720527875e-07,-0.08378394592436123,-0.08984188755034873,-0.24857444595870604,0.24857444595870604
43,2,COMPOSITE_Q_PLUS_RF,0.9591307583708831,0.08472124575307444,-0.16244934353910917,0.08326384530794025,0.4384819390736002,-4.461634394404938e-08,-8.757919942687428e-11,4.540940110418668e-07,-4.461634395269698e-08,-8.757919389701385e-11,4.540940110597802e-07,-0.16244938815545312,0.08326384522036105,0.4384823931676113,0.4384823931676113
43,3,COMPOSITE_Q_PLUS_RF,0.8802469051392261,0.0899618958236476,-0.678500799310203,-0.03488690931708129,-0.2462357363375668,-1.1230502150041149e-05,-1.4254782430609785e-09,0.00016146968513396995,-1.1230502150016974e-05,-1.4254782423894774e-09,0.00016146968513397475,-0.678512029812353,-0.034886910742559535,-0.24607426665243282,0.2714048119249412
43,4,COMPOSITE_Q_PLUS_RF,0.45493944838876044,0.07924901336394283,0.22423953130083563,-0.025554465939072738,0.15198102808759292,-1.2939094308674915e-07,2.4763366453116145e-08,8.866447931450049e-06,-1.2939094309882826e-07,2.4763366454627622e-08,8.866447931438204e-06,0.22423940190989253,-0.025554441175706284,0.15198989453552436,0.15198989453552436
43,5,COMPOSITE_Q_PLUS_RF,0.23856595809521156,0.09058389904083478,0.06659960716873684,0.0135766168544378,0.045721615177472856,8.640769696464036e-12,-2.487835713355594e-11,-1.13424353613391e-06,8.640768656142939e-12,-2.4878356319479877e-11,-1.1342435361355596e-06,0.0665996071773776,0.013576616829559443,0.04572048093393672,0.04572048093393672
43,6,COMPOSITE_Q_PLUS_RF,0.18759412706188083,0.17061039312760115,0.039737881545704165,-0.0003015290397803781,-0.29977625811057085,7.799067223134535e-08,-2.679756666216394e-11,-6.690701882767562e-11,7.799067223285272e-08,-2.6797566661344863e-11,-6.690703546752275e-11,0.0397379595363764,-0.00030152906657794474,-0.2997762581774779,0.2997762581774779
43,7,COMPOSITE_Q_PLUS_RF,1.2555445970306702,0.07065696525692299,0.6337178412221901,-0.07429875156545325,0.44453245659040885,2.5081378348698224e-06,-5.147650495257482e-08,-1.1256772328097049e-05,2.508137834866808e-06,-5.147650494752298e-08,-1.1256772328105402e-05,0.633720349360025,-0.0742988030419582,0.44452119981808075,0.44452119981808075
43,8,COMPOSITE_Q_PLUS_RF,0.9799153874541477,0.07466073244587938,-0.042407704250930114,-0.09106098132455412,-0.14318707590725585,8.030501520281416e-08,-4.9342701939427687e-11,-6.4049107323115894e-09,8.030501520012168e-08,-4.9342696595289226e-11,-6.40491074066496e-09,-0.042407623945914914,-0.09106098137389682,-0.1431870823121666,0.1431870823121666
43,9,COMPOSITE_Q_PLUS_RF,0.4878543783392911,0.12225629099260113,-0.06423425088170846,0.035761644028900356,0.3130319539685582,-4.211848547947221e-07,-5.0221667572470326e-11,1.7102551901176734e-05,-4.2118485479858414e-07,-5.0221667102778866e-11,1.7102551901182483e-05,-0.06423467206656326,0.03576164397867869,0.3130490565204594,0.3130490565204594
43,10,COMPOSITE_Q_PLUS_RF,0.8770052110549127,0.09130953389696676,0.26517297472132023,-0.06911513990887228,0.04934369706671891,-2.268197816006367e-08,-6.681503290554627e-09,3.6389982404391952e-06,-2.268197818455775e-08,-6.68150329508066e-09,3.6389982404419485e-06,0.26517295203934205,-0.06911514659037557,0.04934733606495935,0.10606918081573682
43,1,COMPOSITE_Q_PLUS_GB,0.9889031761764323,0.08877333145662947,-0.08378391263478331,-0.08984188748370918,-0.24857471730247324,-2.331976834954347e-07,-6.186726965262705e-10,-1.0147269232140187e-06,-2.33197683496833e-07,-6.186726964063638e-10,-1.0147269232096967e-06,-0.08378414583246681,-0.08984188810238188,-0.24857573202939645,0.24857573202939645
43,2,COMPOSITE_Q_PLUS_GB,0.9591308154089647,0.08472304662015406,-0.1624487468094817,0.08326384412148133,0.4384827633072766,-4.6411148033596774e-07,-6.186726965262705e-10,7.739525722476545e-06,-4.641114803305424e-07,-6.186726964063638e-10,7.739525722472163e-06,-0.16244921092096204,0.08326384350280863,0.43849050283299906,0.43849050283299906
43,3,COMPOSITE_Q_PLUS_GB,0.8802479498713791,0.08996959053752036,-0.6784933987610889,-0.03488694218217963,-0.24625542770225625,-2.34163929604525e-05,-6.186726965262705e-10,0.00031418350769273225,-2.341639296044029e-05,-6.186726964063638e-10,0.0003141835076927446,-0.6785168151540494,-0.034886942800852326,-0.2459412441945635,0.27140672606161975
43,4,COMPOSITE_Q_PLUS_GB,0.4549237852678447,0.07924884028768904,0.22424472031135204,-0.02555442142581479,0.1518327909991974,-4.980035411429258e-07,2.0503387604941047e-08,8.83481053227172e-06,-4.980035411550343e-07,2.050338760578585e-08,8.834810532265536e-06,0.22424422230781088,-0.025554400922427185,0.15184162580972965,0.15184162580972965
43,5,COMPOSITE_Q_PLUS_GB,0.23856648688630594,0.09058328893514685,0.06657326183041837,0.013576604983566895,0.046121105647735555,1.0732520647067602e-07,2.3382320903575266e-09,-5.209221898850801e-07,1.0732520647205313e-07,2.3382320905873666e-09,-5.209221898838656e-07,0.06657336915562484,0.013576607321798986,0.04612058472554567,0.04612058472554567
43,6,COMPOSITE_Q_PLUS_GB,0.1876231825186805,0.17061055429585312,0.03976395342594615,-0.0003015119546254473,-0.30016946891174767,1.8446151395567544e-07,1.99309996056941e-09,-8.795940247314592e-06,1.8446151395234978e-07,1.9930999605724184e-09,-8.795940247330325e-06,0.0397641378874601,-0.0003015099615254867,-0.300178264851995,0.300178264851995
43,7,COMPOSITE_Q_PLUS_GB,1.2555455964065778,0.07065744009934827,0.6337179579515614,-0.07429875407771727,0.4445385534895498,1.2087465226396362e-05,5.292057418798411e-09,-2.0523001802106214e-05,1.2087465226406913e-05,5.292057417283225e-09,-2.052300180210853e-05,0.6337300454167878,-0.07429874878565985,0.4445180304877477,0.4445180304877477
43,8,COMPOSITE_Q_PLUS_GB,0.9799128625759392,0.07466191910353583,-0.04241702205173682,-0.09106105963554087,-0.14317620381734036,-9.907225248334023e-08,2.032963627296978e-09,-4.963131405051772e-06,-9.907225248517726e-08,2.032963630771434e-09,-4.963131405050225e-06,-0.04241712112398931,-0.09106105760257724,-0.14318116694874541,0.14318116694874541
43,9,COMPOSITE_Q_PLUS_GB,0.4878544703168659,0.12225553073105082,-0.06423518859757842,0.03576161202895062,0.3130463367525096,-3.649473995119023e-07,8.984283758231641e-10,4.904567884785032e-06,-3.6494739950876376e-07,8.984283733637355e-10,4.904567884767008e-06,-0.06423555354497792,0.03576161292737899,0.31305124132039436,0.31305124132039436
43,10,COMPOSITE_Q_PLUS_GB,0.8770057398263593,0.09131012048898095,0.26517729603113804,-0.06911515314694841,0.04934175484490399,7.817918535336523e-08,1.338243710472949e-09,-4.515583542186244e-06,7.817918534769319e-08,1.3382437102915645e-09,-4.515583542183399e-06,0.2651773742103234,-0.0691151518087047,0.049337239261361805,0.10607094968412936
44,1,COMPOSITE_Q,0.7523478067928208,0.1935457964915159,-0.36906086624960993,0.04809343659955176,0.22779484208906306,0.0,0.0,0.0,0.0,0.0,0.0,-0.36906086624960993,0.04809343659955176,0.22779484208906306,0.22779484208906306
44,2,COMPOSITE_Q,0.8060320973787021,0.21641116275029376,-0.5818613880938506,0.031022812304866466,-0.09680016382998363,0.0,0.0,0.0,0.0,0.0,0.0,-0.5818613880938506,0.031022812304866466,-0.09680016382998363,0.23274455523754023
44,3,COMPOSITE_Q,0.6855785581697877,0.24030279336489296,-0.010655734447605317,-0.048460263071993186,-0.2017611929968983,0.0,0.0,0.0,0.0,0.0,0.0,-0.010655734447605317,-0.048460263071993186,-0.2017611929968983,0.2017611929968983
44,4,COMPOSITE_Q,0.7810479603199872,0.23248651674987447,0.5683009256732128,0.024179758882345893,0.16881049393980183,0.0,0.0,0.0,0.0,0.0,0.0,0.5683009256732128,0.024179758882345893,0.16881049393980183,0.22732037026928512
44,5,COMPOSITE_Q,1.01561466687205,0.1200271312105012,-0.20653668655131632,0.0830427208531231,0.2166727388150339,0.0,0.0,0.0,0.0,0.0,0.0,-0.20653668655131632,0.0830427208531231,0.2166727388150339,0.2166727388150339
44,6,COMPOSITE_Q,0.7299036549231548,0.16545341951245174,0.46798268737739396,-0.03097917854228359,0.19454101599020465,0.0,0.0,0.0,0.0,0.0,0.0,0.46798268737739396,-0.03097917854228359,0.19454101599020465,0.19454101599020465
44,7,COMPOSITE_Q,0.460434676865643,0.11658857047797883,0.17178928583575753,0.03522980850319388,-0.42989450910206506,0.0,0.0,0.0,0.0,0.0,0.0,0.17178928583575753,0.03522980850319388,-0.42989450910206506,0.42989450910206506
44,8,COMPOSITE_Q,0.43341077742296147,0.18694639005133895,-0.09210173195238543,0.02298576703315351,-0.24368497216931095,0.0,0.0,0.0,0.0,0.0,0.0,-0.09210173195238543,0.02298576703315351,-0.24368497216931095,0.24368497216931095
44,9,COMPOSITE_Q,0.8416361357410248,0.20417498295580774,0.12751232344575988,-0.06642685529020448,0.0740058281260731,0.0,0.0,0.0,0.0,0.0,0.0,0.12751232344575988,-0.06642685529020448,0.0740058281260731,0.0740058281260731
44,10,COMPOSITE_Q,0.6048910689807178,0.16229127517250422,0.10737228674703356,0.05182876602428069,-0.13634060524373567,0.0,0.0,0.0,0.0,0.0,0.0,0.10737228674703356,0.05182876602428069,-0.13634060524373567,0.13634060524373567
44,1,COMPOSITE_Q_PLUS_RF,0.7523478067928208,0.19354579693044233,-0.36906086624960993,0.04809343659955176,0.22779484208906306,3.473002213850585e-09,-8.557140454640724e-11,-5.2363318817217466e-08,3.4730022191453713e-09,-8.557140412923658e-11,-5.236331881985912e-08,-0.3690608627766077,0.048093436513980355,0.22779478972574424,0.22779478972574424
44,2,COMPOSITE_Q_PLUS_RF,0.8060320921897323,0.21641750391083767,-0.5818623908202183,0.03102281753454387,-0.09679794666828102,1.2982510561010526e-06,-8.518362738517e-11,-2.3449107885539026e-05,1.2982510561032612e-06,-8.518362751286368e-11,-2.3449107885542553e-05,-0.5818610925691622,0.03102281744936024,-0.09682139577616657,0.23274443702766487
44,3,COMPOSITE_Q_PLUS_RF,0.6855778462133796,0.24030313730363373,-0.010657193158435958,-0.04846027035587332,-0.20172925520861978,-1.7625139650230368e-07,-6.080723884416948e-11,-1.4967939595082487e-10,-1.7625139650187527e-07,-6.080724118673331e-11,-1.4967940775711952e-10,-0.01065736940983246,-0.04846027041668056,-0.2017292553582992,0.2017292553582992
44,4,COMPOSITE_Q_PLUS_RF,0.7810472529711971,0.23248656553366312,0.5683021351239399,0.02417977469454473,0.16880161526366141,-8.55968817301371e-09,-4.821380565555714e-09,-8.883317617395626e-07,-8.559688180476144e-09,-4.821380565622757e-09,-8.883317617336406e-07,0.5683021265642517,0.024179769873164163,0.16880072693189968,0.22732085062570068
44,5,COMPOSITE_Q_PLUS_RF,1.01561454040146,0.12002722901795307,-0.20653595246350598,0.0830427008040239,0.21666991341481312,-1.5541930819847867e-07,-8.791619900976456e-11,2.1840497861319503e-08,-1.5541930820095473e-07,-8.791620209613882e-11,2.1840497854697105e-08,-0.20653610788281418,0.0830427007161077,0.21666993525531097,0.21666993525531097
44,6,COMPOSITE_Q_PLUS_RF,0.7299037430485829,0.16545347723931592,0.4679820652098353,-0.030979174844000822,0.19454672931698064,2.2711300401535342e-07,4.586468256159343e-10,-7.577694920073067e-06,2.2711300401434542e-07,4.5864682537977153e-10,-7.57769492007454e-06,0.46798229232283933,-0.030979174385353997,0.19453915162206056,0.19453915162206056
44,7,COMPOSITE_Q_PLUS_RF,0.46043460433318156,0.11658931064191574,0.17178704750657783,0.035229817855923905,-0.4297833647585617,2.4389647593941717e-07,1.746832332970745e-09,-1.0818772217835074e-05,2.4389647593214825e-07,1.7468323315616985e-09,-1.0818772217813244e-05,0.17178729140305377,0.035229819602756236,-0.4297941835307795,0.4297941835307795
44,8,COMPOSITE_Q_PLUS_RF,0.433446594527252,0.18694546265334994,-0.09210057581780633,0.022985877775571293,-0.2437753149299943,-2.1623856544895898e-07,-5.5153665837146e-11,7.365678896992846e-06,-2.1623856544250586e-07,-5.515366635622243e-11,7.365678897003347e-06,-0.09210079205637177,0.022985877720417627,-0.2437679492510973,0.2437679492510973
44,9,COMPOSITE_Q_PLUS_RF,0.8416388127717369,0.20417514330286024,0.1275217886938902,-0.06642708410738142,0.07385491402020339,1.1351624331625749e-07,-1.8579488904749947e-11,7.3184133865979995e-06,1.1351624332189836e-07,-1.857948517258734e-11,7.318413386595002e-06,0.12752190221013351,-0.0664270841259609,0.07386223243358998,0.07386223243358998
44,10,COMPOSITE_Q_PLUS_RF,0.6048918786019173,0.16242290591769587,0.10594753334579127,0.05183299617728248,-0.11226306035837684,-2.6539417327885228e-06,-5.0802040060681436e-11,3.362348830483258e-05,-2.653941732794207e-06,-5.080204312779557e-11,3.362348830483752e-05,0.10594487940405847,0.051832996126480436,-0.112229436870072,0.112229436870072
44,1,COMPOSITE_Q_PLUS_GB,0.7523478067928208,0.1935458452810142,-0.36906086624960993,0.04809343659955176,0.22779484208906306,-1.3255863655574612e-07,-6.186726965262705e-10,5.081984123419521e-06,-1.3255863656747024e-07,-6.186726964063638e-10,5.081984123411765e-06,-0.3690609988082465,0.04809343598087906,0.22779992407318647,0.22779992407318647
44,2,COMPOSITE_Q_PLUS_GB,0.8060328223294324,0.216411913456309,-0.581860979754279,0.031022812164301493,-0.09680554037894841,3.6762460283459154e-07,-6.186726965262705e-10,-2.8275123563712736e-06,3.676246028705421e-07,-6.186726964063638e-10,-2.8275123563764604e-06,-0.5818606121296761,0.031022811545628796,-0.09680836789130479,0.23274424485187045
44,3,COMPOSITE_Q_PLUS_GB,0.6855782929169201,0.2403029727768595,-0.01065646347501137,-0.0484602584666034,-0.20175635775324377,-9.466712187873663e-08,1.9586183351286333e-09,4.909270433610804e-06,-9.466712187940207e-08,1.9586183369613153e-09,4.90927043361733e-06,-0.01065655814213325,-0.048460256507985064,-0.20175144848281015,0.20175144848281015
44,4,COMPOSITE_Q_PLUS_GB,0.7810469467546588,0.23248948013492055,0.5683007153754124,0.024179745161327197,0.16880660355529395,-3.2884730275162045e-07,2.1695637017176613e-09,1.0082994606398305e-05,-3.2884730272186857e-07,2.1695637023033676e-09,1.0082994606391837e-05,0.5683003865281097,0.0241797473308909,0.16881668654990034,0.22732015461124386
44,5,COMPOSITE_Q_PLUS_GB,1.0156151818788113,0.12002721558578021,-0.20653464349528297,0.08304272336201309,0.216637543543781,-4.483336332626579e-07,-6.186726965262705e-10,1.1074219029055964e-05,-4.4833363327390074e-07,-6.186726964063638e-10,1.1074219029044707e-05,-0.20653509182891625,0.08304272274334039,0.21664861776281005,0.21664861776281005
44,6,COMPOSITE_Q_PLUS_GB,0.7299054451841624,0.16545387184174534,0.46796765358129466,-0.030979175975660037,0.19484756879203907,-1.3283808934932293e-06,9.931115806848322e-10,4.0985299132867336e-06,-1.3283808935060648e-06,9.93111579083994e-10,4.098529913287852e-06,0.46796632520040116,-0.030979174982548457,0.19485166732195236,0.19485166732195236
44,7,COMPOSITE_Q_PLUS_GB,0.46044771562248027,0.11659071146144606,0.1718220860272315,0.03522984882565883,-0.43055041289655627,-3.4649144880686705e-07,9.488869492262667e-10,-4.598611363965522e-05,-3.464914488104931e-07,9.488869481821816e-10,-4.5986113639651105e-05,0.1718217395357827,0.035229849774545775,-0.4305963990101959,0.4305963990101959
44,8,COMPOSITE_Q_PLUS_GB,0.43326841948011163,0.18694584799324093,-0.09211727792113171,0.022986556882810143,-0.2434016776893749,-6.44911871194086e-06,1.4153764674420245e-09,0.0001000314623344989,-6.449118711934765e-06,1.415376468805185e-09,0.00010003146233450444,-0.09212372703984364,0.02298655829818661,-0.2433016462270404,0.2433016462270404
44,9,COMPOSITE_Q_PLUS_GB,0.8416403848150256,0.20417499890130253,0.1275224153747899,-0.06642709795283543,0.07389308625543163,-2.875159877477531e-07,1.338243710472949e-09,3.779271515407773e-06,-2.875159877402389e-07,1.3382437102915645e-09,3.7792715154028045e-06,0.12752212785880215,-0.06642709661459172,0.07389686552694703,0.07389686552694703
44,10,COMPOSITE_Q_PLUS_GB,0.6048919401888505,0.16229170669705306,0.10736541389505067,0.05182880891963512,-0.13622366294118046,-3.7910421918985985e-07,-1.186493544333062e-10,2.8782401737693627e-06,-3.791042191836347e-07,-1.1864935423044898e-10,2.8782401737814656e-06,0.10736503479083148,0.05182880880098577,-0.13622078470100668,0.13622078470100668
45,1,COMPOSITE_Q,0.4465639919342008,0.04351692885243289,0.09492877690486465,0.038344138398857336,0.05355139583030767,0.0,0.0,0.0,0.0,0.0,0.0,0.09492877690486465,0.038344138398857336,0.05355139583030767,0.05355139583030767
45,2,COMPOSITE_Q,0.3300413687538387,0.12200772739931123,0.027322809187892573,0.024528056901093536,0.07379031036656113,0.0,0.0,0.0,0.0,0.0,0.0,0.027322809187892573,0.024528056901093536,0.07379031036656113,0.07379031036656113
45,3,COMPOSITE_Q,0.9664378330895135,0.19354911294041163,0.22872458932391201,-0.07346661074434738,0.5644015748411373,0.0,0.0,0.0,0.0,0.0,0.0,0.22872458932391201,-0.07346661074434738,0.5644015748411373,0.5644015748411373
45,4,COMPOSITE_Q,0.8875187640312979,0.32190587814307814,0.12095128824767395,0.06240970391471577,0.33813753341014235,0.0,0.0,0.0,0.0,0.0,0.0,0.12095128824767395,0.06240970391471577,0.33813753341014235,0.33813753341014235
45,5,COMPOSITE_Q,0.834918208325353,0.21590869641809082,-0.33300053526477924,0.044830478456024704,-0.20924908860644117,0.0,0.0,0.0,0.0,0.0,0.0,-0.33300053526477924,0.044830478456024704,-0.20924908860644117,0.20924908860644117
45,6,COMPOSITE_Q,0.5712481500770287,0.2503476512547084,-0.21167381356906792,0.026374622435550898,0.2575970024414407,0.0,0.0,0.0,0.0,0.0,0.0,-0.21167381356906792,0.026374622435550898,0.2575970024414407,0.2575970024414407
45,7,COMPOSITE_Q,1.0008155559206315,0.27016658078451594,0.516450761437105,0.059106872836066485,-0.024489285318211394,0.0,0.0,0.0,0.0,0.0,0.0,0.516450761437105,0.059106872836066485,-0.024489285318211394,0.206580304574842
45,8,COMPOSITE_Q,1.0578173213769904,0.3651257663744127,0.4629381554795449,-0.060654514464279316,0.09984553985345797,0.0,0.0,0.0,0.0,0.0,0.0,0.4629381554795449,-0.060654514464279316,0.09984553985345797,0.18517526219181796
45,9,COMPOSITE_Q,0.9051395613855495,0.469302987437841,-0.46949304094969635,0.02323431208307444,-0.03800278222072514,0.0,0.0,0.0,0.0,0.0,0.0,-0.46949304094969635,0.02323431208307444,-0.03800278222072514,0.18779721637987853
45,10,COMPOSITE_Q,0.8438902563915343,0.29344057094310805,-0.13894417177794613,-0.06404193702646174,-0.1727708576590478,0.0,0.0,0.0,0.0,0.0,0.0,-0.13894417177794613,-0.06404193702646174,-0.1727708576590478,0.1727708576590478
45,1,COMPOSITE_Q_PLUS_RF,0.4465639919342008,0.043516952923053485,0.09492877690486465,0.038344138398857336,0.05355139583030767,-6.29937080398045e-08,-2.2918510263043744e-11,-1.3805303610942183e-08,-6.299370804152549e-08,-2.2918507369684704e-11,-1.3805303608616093e-08,0.0949287139111566,0.03834413837593883,0.05355138202500406,0.05355138202500406
45,2,COMPOSITE_Q_PLUS_RF,0.3300413554160271,0.1220077220326652,0.027324090367762517,0.024528039494305192,0.07377597647302137,6.259647320569025e-12,-2.092244450369438e-11,2.7767237323279517e-08,6.259649049100702e-12,-2.092244433260504e-11,2.7767237328890637e-08,0.027324090374022166,0.024528039473382748,0.0737760042402587,0.0737760042402587
45,3,COMPOSITE_Q_PLUS_RF,0.9664393723977078,0.1935493050303042,0.22872565696140387,-0.07346659479037168,0.5643814260940676,8.057929614230105e-09,-3.931596349733228e-10,2.0037883725592475e-06,8.057929601346103e-09,-3.9315962985231323e-10,2.0037883725620986e-06,0.22872566501933347,-0.07346659518353131,0.5643834298824402,0.5643834298824402
45,4,COMPOSITE_Q_PLUS_RF,0.8875209882449381,0.32190598215500593,0.12094676869471593,0.06240969999228814,0.33819148343794275,-9.005367593417073e-08,-9.481974635130435e-11,2.4764870034229887e-06,-9.00536759329551e-08,-9.481974927449954e-11,2.4764870034110764e-06,0.12094667864104,0.06240969989746839,0.33819395992494616,0.33819395992494616
45,5,COMPOSITE_Q_PLUS_RF,0.8349198448864799,0.2159091015693949,-0.33301028896465557,0.04483049207909866,-0.20914644384981412,-4.158380500474082e-08,-8.523620860898457e-11,-6.968057077150709e-07,-4.1583805010514396e-08,-8.523620698142054e-11,-6.968057077172407e-07,-0.3330103305484606,0.04483049199386245,-0.20914714065552184,0.20914714065552184
45,6,COMPOSITE_Q_PLUS_RF,0.5712455630298231,0.25034770800762335,-0.2116617457388564,0.026374637098581517,0.25746900880596907,-3.9530443285814066e-08,3.2132031536859873e-09,-3.98750827949115e-09,-3.95304432798671e-08,3.213203154939226e-09,-3.9875082680218554e-09,-0.21166178526929968,0.026374640311784672,0.2574690048184608,0.2574690048184608
45,7,COMPOSITE_Q_PLUS_RF,1.0008155707514592,0.2701667665869515,0.5164500022733862,0.05910686582427078,-0.024487885062380345,-1.426760713942273e-07,-7.16756753121823e-11,3.3560903300402872e-06,-1.4267607140183713e-07,-7.167567234178662e-11,3.3560903300415557e-06,0.5164498595973148,0.059106865752595106,-0.024484528972050303,0.20657994383892592
45,8,COMPOSITE_Q_PLUS_RF,1.057817298810908,0.365125887720893,0.4629028660328196,-0.06065452442027079,0.10037232910312179,2.965651171500853e-07,-3.1474275507493923e-09,-8.306779650667204e-06,2.965651171304984e-07,-3.1474275477560987e-09,-8.306779650663065e-06,0.46290316259793673,-0.06065452756769834,0.10036402232347112,0.18516126503917468
45,9,COMPOSITE_Q_PLUS_RF,0.9051661174809447,0.4693021662982177,-0.46946044615071114,0.02323423250359283,-0.03853155243655527,2.988552909913411e-07,-9.317386633493144e-11,-1.1188815929467098e-05,2.9885529101436603e-07,-9.317386792662141e-11,-1.1188815929465135e-05,-0.4694601472954201,0.023234232410418963,-0.03854274125248473,0.18778405891816805
45,10,COMPOSITE_Q_PLUS_RF,0.8438858325688172,0.293441713583444,-0.1389415518953874,-0.0640418394235453,-0.1727539324179716,9.876577332293239e-08,-7.050941973877962e-11,5.8610997580373015e-06,9.876577330980574e-08,-7.050941774888742e-11,5.861099758031063e-06,-0.1389414531296141,-0.06404183949405472,-0.17274807131821357,0.17274807131821357
45,1,COMPOSITE_Q_PLUS_GB,0.4465639919342008,0.04351723992363558,0.09492877690486465,0.038344138398857336,0.05355139583030767,-6.388478380437341e-07,2.8488755032109447e-09,1.2965994281984622e-05,-6.388478380470186e-07,2.848875503558279e-09,1.2965994281986803e-05,0.0949281380570266,0.03834414124773284,0.05356436182458966,0.05356436182458966
45,2,COMPOSITE_Q_PLUS_GB,0.33004078472130427,0.12201053456899774,0.027323760353482933,0.024528031876885112,0.07377624468421382,-4.611813158469873e-07,2.3382320903575266e-09,1.0620342024678924e-05,-4.6118131584796385e-07,2.3382320905873666e-09,1.0620342024675322e-05,0.027323299172167085,0.024528034215117202,0.07378686502623849,0.07378686502623849
45,3,COMPOSITE_Q_PLUS_GB,0.9664361802171112,0.19354929524834358,0.22872467174400693,-0.0734665929542444,0.5643922699503602,-3.907486102044449e-07,-4.4980610491741986e-10,1.390168708108866e-06,-3.907486101906166e-07,-4.4980610902634055e-10,1.3901687081485647e-06,0.22872428099539674,-0.07346659340405051,0.5643936601190683,0.5643936601190683
45,4,COMPOSITE_Q_PLUS_GB,0.8875186033556415,0.3219069769728114,0.12094911244455997,0.06240991545525082,0.3381907103266579,-5.18614668239511e-07,-6.691312699293728e-10,7.0315923197807555e-06,-5.186146682378823e-07,-6.691312712248099e-10,7.031592319794999e-06,0.12094859382989173,0.06240991478611955,0.33819774191897767,0.33819774191897767
45,5,COMPOSITE_Q_PLUS_GB,0.8349221252930303,0.2159101028636143,-0.33300549050141565,0.0448302797385783,-0.20919225715819925,-4.953504747979718e-08,-6.186726965262705e-10,6.853462044011703e-06,-4.953504745275339e-08,-6.186726964063638e-10,6.853462044015268e-06,-0.3330055400364631,0.04483027911990561,-0.20918540369615524,0.20918540369615524
45,6,COMPOSITE_Q_PLUS_GB,0.5712475371251728,0.25034808578667406,-0.2116672606085308,0.02637463107975838,0.2574720367981895,1.4993044403149532e-07,7.799904639189327e-10,-2.8567534483066725e-06,1.4993044403222022e-07,7.799904645777733e-10,-2.8567534482992762e-06,-0.21166711067808677,0.026374631859748844,0.2574691800447412,0.2574691800447412
45,7,COMPOSITE_Q_PLUS_GB,1.000816649225706,0.2701765867482308,0.5164605979014617,0.059106072364233354,-0.024495679477077908,-4.1202544482977413e-07,-6.691312699293728e-10,7.510948017975836e-06,-4.1202544487362047e-07,-6.691312712248099e-10,7.5109480179753885e-06,0.5164601858760168,0.05910607169510208,-0.024488168529059932,0.20658407435040674
45,8,COMPOSITE_Q_PLUS_GB,1.057805553299893,0.3651258389547526,0.4629265024070965,-0.060653745089104434,0.09990089032061661,-1.0581156111914357e-06,-1.5263543724287007e-09,1.1928396500629752e-05,-1.0581156111855172e-06,-1.5263543692856096e-09,1.1928396500632266e-05,0.4629254442914853,-0.0606537466154588,0.09991281871711724,0.1851701777165941
45,9,COMPOSITE_Q_PLUS_GB,0.9051427873038882,0.46930220530285266,-0.46948817035981205,0.023234206342877275,-0.038110500236153214,6.055352198855642e-07,1.6713306996820326e-11,-5.076030596078905e-06,6.055352199108022e-07,1.6713307821047962e-11,-5.076030596080916e-06,-0.46948756482459214,0.023234206359590583,-0.038115576266749294,0.18779502592983685
45,10,COMPOSITE_Q_PLUS_GB,0.8438842562298513,0.2934406065401184,-0.13894486668514336,-0.06404182741158593,-0.17272357356779097,3.633784389590488e-08,-6.186726965262705e-10,3.787108014559384e-08,3.633784390055794e-08,-6.186726964063638e-10,3.787108013297846e-08,-0.13894483034729946,-0.06404182803025862,-0.17272353569671084,0.17272353569671084
46,1,COMPOSITE_Q,0.5016205602356841,0.06594155957324871,-0.15227281192696845,0.04247024816574826,-0.09858598610676059,0.0,0.0,0.0,0.0,0.0,0.0,-0.15227281192696845,0.04247024816574826,-0.09858598610676059,0.09858598610676059
46,2,COMPOSITE_Q,0.5395272051726163,0.15950415549292254,-0.5838429607695865,-0.003858192743981714,0.06663881003203913,0.0,0.0,0.0,0.0,0.0,0.0,-0.5838429607695865,-0.003858192743981714,0.06663881003203913,0.2335371843078346
46,3,COMPOSITE_Q,0.6350637969270067,0.12891807027277058,0.15743405058919743,-0.0472347930141567,-0.4911986248210249,0.0,0.0,0.0,0.0,0.0,0.0,0.15743405058919743,-0.0472347930141567,-0.4911986248210249,0.4911986248210249
46,4,COMPOSITE_Q,0.42370179915052264,0.11997074364750814,0.16773599904792488,-0.008335192460118745,0.40775995584296326,0.0,0.0,0.0,0.0,0.0,0.0,0.16773599904792488,-0.008335192460118745,0.40775995584296326,0.40775995584296326
46,5,COMPOSITE_Q,0.9167515204097678,0.12938239055984374,-0.4954252357065965,0.05157121103474608,-0.4498746483980477,0.0,0.0,0.0,0.0,0.0,0.0,-0.4954252357065965,0.05157121103474608,-0.4498746483980477,0.4498746483980477
46,6,COMPOSITE_Q,0.5705414680603719,0.21749608556847908,0.126233871134307,0.04082352367599054,-0.2511788011122184,0.0,0.0,0.0,0.0,0.0,0.0,0.126233871134307,0.04082352367599054,-0.2511788011122184,0.2511788011122184
46,7,COMPOSITE_Q,0.43370857645202615,0.36696480531591963,0.07216071916397233,0.01200941650245899,-0.14193961714774256,0.0,0.0,0.0,0.0,0.0,0.0,0.07216071916397233,0.01200941650245899,-0.14193961714774256,0.14193961714774256
46,8,COMPOSITE_Q,0.8124288061990872,0.33495566197560545,0.07160993611393558,-0.04912228638625948,0.0024384923064875714,0.0,0.0,0.0,0.0,0.0,0.0,0.07160993611393558,-0.04912228638625948,0.0024384923064875714,0.040935238655216234
46,9,COMPOSITE_Q,0.5671812086434076,0.25498850275379736,-0.05307099042335164,0.041286956039720844,0.19348783726232152,0.0,0.0,0.0,0.0,0.0,0.0,-0.05307099042335164,0.041286956039720844,0.19348783726232152,0.19348783726232152
46,10,COMPOSITE_Q,1.0034252155827372,0.31084042433578246,-0.3015004354899175,0.0708350077152231,-0.06581004673726316,0.0,0.0,0.0,0.0,0.0,0.0,-0.3015004354899175,0.0708350077152231,-0.06581004673726316,0.120600174195967
46,1,COMPOSITE_Q_PLUS_RF,0.5016205602356841,0.06594112412757511,-0.15227281192696845,0.04247024816574826,-0.09858598610676059,-2.7982086916398174e-06,-3.737761927400494e-11,2.808889646811803e-05,-2.7982086916455984e-06,-3.73776218309807e-11,2.808889646811752e-05,-0.1522756101356601,0.042470248128370636,-0.09855789721029247,0.09855789721029247
46,2,COMPOSITE_Q_PLUS_RF,0.539529848792956,0.15956225310966704,-0.5838323449001552,-0.0038581933527606486,0.06660176605241488,1.0756158394968279e-05,-7.096030035114559e-11,-0.00022792559831750426,1.0756158394964466e-05,-7.09603001358694e-11,-0.00022792559831751047,-0.5838215887417603,-0.0038581934237209487,0.06637384045409737,0.2335286354967041
46,3,COMPOSITE_Q_PLUS_RF,0.635044762229757,0.12891846969023266,0.15741269744965267,-0.04723484302516471,-0.49092390278713144,1.3292184157677362e-06,-5.859830166601616e-11,-2.388096820566147e-05,1.3292184157798204e-06,-5.859829982357567e-11,-2.3880968205658437e-05,0.15741402666806845,-0.04723484308376301,-0.4909477837553371,0.4909477837553371
46,4,COMPOSITE_Q_PLUS_RF,0.4236976088452304,0.11997077874730162,0.16773755544200156,-0.008335206941748425,0.4077473301923522,1.3895906792351603e-08,-4.137483313745076e-11,-6.539347330352695e-11,1.3895906786354217e-08,-4.137483237964812e-11,-6.539346841805127e-11,0.16773756933790834,-0.008335206983123258,0.40774733012695874,0.40774733012695874
46,5,COMPOSITE_Q_PLUS_RF,0.9167515468666665,0.12938731956620966,-0.4954251971639704,0.051571217499104934,-0.44987467873651155,9.217622327161506e-07,-8.518362738517e-11,-1.8971934730726335e-05,9.217622327084563e-07,-8.518362404341673e-11,-1.897193473071601e-05,-0.49542427540173767,0.05157121741392131,-0.44989365067124226,0.44989365067124226
46,6,COMPOSITE_Q_PLUS_RF,0.5705407538332367,0.21748793744183553,0.12624507361611234,0.04082528425103912,-0.25117248794969893,3.494571574282596e-07,-5.2464855691392314e-11,-4.8623872173685575e-06,3.4945715743361916e-07,-5.246485884624619e-11,-4.862387217363651e-06,0.12624542307326977,0.040825284198574265,-0.2511773503369163,0.2511773503369163
46,7,COMPOSITE_Q_PLUS_RF,0.4336991291427076,0.36696494297087384,0.0721490704604181,0.012007648533657326,-0.14193713967272176,2.734307205260918e-07,-3.381315384179052e-11,-2.0128371662769353e-06,2.734307205237707e-07,-3.381315366590698e-11,-2.0128371662764266e-06,0.07214934389113863,0.012007648499844172,-0.14193915250988803,0.14193915250988803
46,8,COMPOSITE_Q_PLUS_RF,0.8124285038156351,0.33495568578751866,0.07160884631396566,-0.049122289933671986,0.0024548288957637996,1.0404049830559001e-08,-2.1414792434151083e-11,5.802001538484465e-07,1.0404049829992879e-08,-2.1414793549556776e-11,5.802001538483814e-07,0.07160885671801549,-0.04912228995508678,0.002455409095917648,0.040935241629238985
46,9,COMPOSITE_Q_PLUS_RF,0.567181243829518,0.25498901064266233,-0.05307350427755184,0.041286951979291796,0.19350532074190904,2.2460990013171927e-07,-4.7568624832474915e-11,2.6783216042394133e-06,2.246099001304569e-07,-4.756862265198336e-11,2.6783216042491897e-06,-0.05307327966765171,0.04128695193172317,0.1935079990635133,0.1935079990635133
46,10,COMPOSITE_Q_PLUS_RF,1.003426677176598,0.31084133428113525,-0.3014977734564364,0.07083500875705298,-0.06583806050811197,-1.0578164505618172e-07,-7.338446429038871e-11,-4.044902152415569e-06,-1.0578164505448129e-07,-7.338446517124453e-11,-4.044902152416929e-06,-0.30149787923808147,0.07083500868366852,-0.06584210541026439,0.12059915169523258
46,1,COMPOSITE_Q_PLUS_GB,0.5016205602356841,0.06594115386177793,-0.15227281192696845,0.04247024816574826,-0.09858598610676059,-4.605691642468657e-06,2.899334076614047e-09,6.924997118507871e-05,-4.605691642456389e-06,2.899334078376725e-09,6.924997118508414e-05,-0.1522774176186109,0.042470251065082336,-0.0985167361355755,0.0985167361355755
46,2,COMPOSITE_Q_PLUS_GB,0.5395354393574446,0.15951080260104683,-0.5838304216829407,-0.003858195252101275,0.0665615631342582,1.309253926815707e-06,1.1445896298222524e-09,-2.668159660924941e-05,1.3092539268289016e-06,1.1445896296730096e-09,-2.6681596609248737e-05,-0.5838291124290139,-0.0038581941075116455,0.06653488153764896,0.23353164497160556
46,3,COMPOSITE_Q_PLUS_GB,0.6350587779748736,0.12891951658864603,0.15742551235066207,-0.04723482596740939,-0.4911733994373578,2.0703194691845426e-08,1.9586183351286333e-09,-5.263534753383016e-06,2.0703194686388926e-08,1.9586183369613153e-09,-5.263534753385812e-06,0.15742553305385676,-0.04723482400879105,-0.4911786629721112,0.4911786629721112
46,4,COMPOSITE_Q_PLUS_GB,0.42370804862638844,0.1199719211207376,0.16773507772127522,-0.008335186562380257,0.4077761133016186,3.7432026179082297e-07,1.993070066870928e-09,-4.920319337978006e-06,3.743202617867425e-07,1.993070066624858e-09,-4.9203193379643295e-06,0.167735452041537,-0.00833518456931019,0.40777119298228065,0.40777119298228065
46,5,COMPOSITE_Q_PLUS_GB,0.9167509859997036,0.12938243117159623,-0.4954264795431434,0.051571216860905635,-0.4498657767279719,-4.137729368419563e-07,-6.186726965262705e-10,9.483548369592303e-06,-4.1377293685807004e-07,-6.186726964063638e-10,9.4835483696043e-06,-0.49542689331608025,0.05157121624223294,-0.4498562931796023,0.4498562931796023
46,6,COMPOSITE_Q_PLUS_GB,0.5705422943541326,0.2174868340830186,0.1262475666658968,0.040825274468020895,-0.25120605184638534,-2.755479677806902e-07,7.799904639189327e-10,1.1896373118497055e-06,-2.7554796777629065e-07,7.799904611083264e-10,1.1896373118269743e-06,0.126247291117929,0.040825275248011356,-0.2512048622090735,0.2512048622090735
46,7,COMPOSITE_Q_PLUS_GB,0.4336992145282718,0.36696660667698267,0.07214951678380191,0.012007643591669696,-0.14194235304829553,5.218245184214691e-07,4.235879382874125e-09,-8.824735948338495e-06,5.218245184152037e-07,4.235879383363006e-09,-8.824735948348428e-06,0.07215003860832032,0.01200764782754908,-0.14195117778424388,0.14195117778424388
46,8,COMPOSITE_Q_PLUS_GB,0.8124284710613984,0.33495571547022385,0.07160861883573442,-0.049122284481640736,0.002460977105998475,-1.2581357957795393e-07,1.609030548092721e-09,2.5243977187673156e-06,-1.2581357958230122e-07,1.6090305476890165e-09,2.524397718767484e-06,0.07160849302215484,-0.04912228287261019,0.0024635015037172423,0.04093523572717516
46,9,COMPOSITE_Q_PLUS_GB,0.5671811784816922,0.25498846289890903,-0.053071007034121355,0.041286947696963616,0.19348643001995877,-2.574058585685565e-07,9.488570555277826e-10,1.7418272519218182e-06,-2.574058585655403e-07,9.488570554272435e-10,1.7418272519331701e-06,-0.05307126443997992,0.04128694864582067,0.1934881718472107,0.1934881718472107
46,10,COMPOSITE_Q_PLUS_GB,1.0034252949967546,0.3108405179494259,-0.3014998357674958,0.07083500573459235,-0.06581591685057166,-2.0572716818028024e-07,-2.7354056673815447e-10,4.9142561380889355e-06,-2.0572716818989534e-07,-2.735405651987932e-10,4.9142561380915994e-06,-0.301500041494664,0.07083500546105179,-0.06581100259443357,0.1206000165978656
47,1,COMPOSITE_Q,0.8029210824541878,0.1300009413285357,0.2725780409290958,0.05581617626810444,0.3308474534819963,0.0,0.0,0.0,0.0,0.0,0.0,0.2725780409290958,0.05581617626810444,0.3308474534819963,0.3308474534819963
47,2,COMPOSITE_Q,0.6011828621128814,0.24250403775441684,-0.02097403318054595,-0.0484171091072257,0.13452356893486883,0.0,0.0,0.0,0.0,0.0,0.0,-0.02097403318054595,-0.0484171091072257,0.13452356893486883,0.13452356893486883
47,3,COMPOSITE_Q,0.8266997456248304,0.11853386456122694,-0.08521571867720043,-0.07634365095350701,-0.05518571584545322,0.0,0.0,0.0,0.0,0.0,0.0,-0.08521571867720043,-0.07634365095350701,-0.05518571584545322,0.06361970912792252
47,4,COMPOSITE_Q,0.6129385670425179,0.19517007211825874,-0.3880799290751684,-0.025840682626011635,-0.1615753256266911,0.0,0.0,0.0,0.0,0.0,0.0,-0.3880799290751684,-0.025840682626011635,-0.1615753256266911,0.1615753256266911
47,5,COMPOSITE_Q,1.0102015166687732,0.1909021018097254,0.15973852745160796,-0.07762655825135258,-0.26861372203118083,0.0,0.0,0.0,0.0,0.0,0.0,0.15973852745160796,-0.07762655825135258,-0.26861372203118083,0.26861372203118083
47,6,COMPOSITE_Q,1.1083034217853105,0.20003410129430146,-0.5249863788661362,0.07064643191894683,-0.30744514232550557,0.0,0.0,0.0,0.0,0.0,0.0,-0.5249863788661362,0.07064643191894683,-0.30744514232550557,0.30744514232550557
47,7,COMPOSITE_Q,0.8180967944547115,0.3201942559784256,-0.5333713508584409,0.028742885914291923,-0.30897505212448767,0.0,0.0,0.0,0.0,0.0,0.0,-0.5333713508584409,0.028742885914291923,-0.30897505212448767,0.30897505212448767
47,8,COMPOSITE_Q,1.1103627827063456,0.2517089859373576,0.5389375973214089,-0.053576257959425465,0.1811719940185908,0.0,0.0,0.0,0.0,0.0,0.0,0.5389375973214089,-0.053576257959425465,0.1811719940185908,0.21557503892856356
47,9,COMPOSITE_Q,0.7008830620620065,0.26147366460427757,0.4650991285212565,0.018264756313484707,-0.04720238914332729,0.0,0.0,0.0,0.0,0.0,0.0,0.4650991285212565,0.018264756313484707,-0.04720238914332729,0.1860396514085026
47,10,COMPOSITE_Q,1.1554884957319398,0.35549652471413695,0.32290163817148365,0.06646905704831767,0.32054450017182606,0.0,0.0,0.0,0.0,0.0,0.0,0.32290163817148365,0.06646905704831767,0.32054450017182606,0.32054450017182606
47,1,COMPOSITE_Q_PLUS_RF,0.8029210824541878,0.13000132897280078,0.2725780409290958,0.05581617626810444,0.3308474534819963,-2.1674516320055093e-08,-1.0719061736761483e-10,1.6722505085485327e-06,-2.1674516292868873e-08,-1.0719061749320247e-10,1.672250508566453e-06,0.27257801925457953,0.05581617616091382,0.33084912573250486,0.33084912573250486
47,2,COMPOSITE_Q_PLUS_RF,0.6011828794492418,0.24250757080231772,-0.023141903787201986,-0.04841738202849135,0.13730911973700963,-1.715015561102049e-06,-5.604100855871154e-11,1.6471713120328473e-05,-1.7150155611003748e-06,-5.604100516976018e-11,1.647171312033069e-05,-0.023143618802763086,-0.048417382084532355,0.13732559145012996,0.13732559145012996
47,3,COMPOSITE_Q_PLUS_RF,0.8273877149619415,0.1185347930867733,-0.08304722627680558,-0.07633260758180753,-0.057965012809083324,-1.626947454020898e-07,-4.2933855666332024e-11,5.395468544836333e-06,-1.6269474539809536e-07,-4.293385091891366e-11,5.395468544833193e-06,-0.08304738897155098,-0.07633260762474138,-0.05795961734053849,0.06361050635395116
47,4,COMPOSITE_Q_PLUS_RF,0.6129393709140307,0.195170210045492,-0.38807833771083056,-0.02584076792714783,-0.16158870820368734,-6.344984683965585e-12,8.626571517388765e-11,-2.8322446545506017e-08,-6.344980096884001e-12,8.626571679215544e-11,-2.832244655470717e-08,-0.38807833771717554,-0.025840767840882115,-0.1615887365261339,0.1615887365261339
47,5,COMPOSITE_Q_PLUS_RF,1.0102010931567358,0.190902363989517,0.15971518077294974,-0.07762658385422408,-0.26821205455789754,1.4124455978080493e-07,-6.319640601580635e-11,5.333433018019243e-07,1.4124455977038153e-07,-6.319640644125712e-11,5.333433018006595e-07,0.15971532201750951,-0.07762658391742049,-0.26821152121459574,0.26821152121459574
47,6,COMPOSITE_Q_PLUS_RF,1.1083410631993778,0.20003406240116492,-0.5249640916265482,0.07064653340236246,-0.30784044560624557,-3.647496432478683e-10,-8.885195137081446e-11,2.175792551324893e-08,-3.6474967490818244e-10,-8.885195357244413e-11,2.175792551684097e-08,-0.5249640919912979,0.0706465333135105,-0.30784042384832006,0.30784042384832006
47,7,COMPOSITE_Q_PLUS_RF,0.8180968677932052,0.32019426863915884,-0.5333726151412609,0.028742872481157953,-0.30895280425785,-3.2495755682370285e-08,-8.45861552140625e-11,1.314188527546548e-07,-3.2495755641903656e-08,-8.458615405326775e-11,1.3141885274459142e-07,-0.5333726476370165,0.0287428723965718,-0.30895267283899724,0.30895267283899724
47,8,COMPOSITE_Q_PLUS_RF,1.1103608178910687,0.25171244949920063,0.5389337153166679,-0.053576252853235265,0.18123894945483365,1.5483053085083842e-05,-2.347508005770246e-07,-0.0001028317576875973,1.5483053085074694e-05,-2.3475080057622222e-07,-0.00010283175768760477,0.538949198369753,-0.05357648760403584,0.18113611769714605,0.21557967934790118
47,9,COMPOSITE_Q_PLUS_RF,0.7008788250359443,0.26147201788659563,0.46576319299743624,0.018264959574114274,-0.058879088285521554,2.7548513370849376e-05,5.1084508153597076e-08,-0.000329631241666249,2.7548513370834193e-05,5.108450815485832e-08,-0.0003296312416662464,0.46579074151080707,0.01826501065862243,-0.0592087195271878,0.18631629660432283
47,10,COMPOSITE_Q_PLUS_RF,1.156545868186592,0.3554974160810723,0.3221775043711322,0.06647048249624078,0.33304985694916867,-4.3362416144659706e-07,-1.5034142600077232e-08,-4.3337684533127784e-07,-4.336241614666392e-07,-1.5034142597514233e-08,-4.3337684535460497e-07,0.3221770707469707,0.06647046746209818,0.3330494235723233,0.3330494235723233
47,1,COMPOSITE_Q_PLUS_GB,0.8029210824541878,0.13000127697783323,0.2725780409290958,0.05581617626810444,0.3308474534819963,-4.063463081661213e-07,-6.691312699293728e-10,2.0079336585107246e-06,-4.063463081571683e-07,-6.691312712248099e-10,2.0079336585099306e-06,0.27257763458278766,0.055816175598973165,0.3308494614156548,0.3308494614156548
47,2,COMPOSITE_Q_PLUS_GB,0.6011827583794761,0.2425048740993352,-0.02119173220645077,-0.0484171343742077,0.1348021783528099,-2.3259803552119716e-07,2.3601551000099705e-10,3.838937204364582e-06,-2.3259803551972658e-07,2.360155126890362e-10,3.83893720437567e-06,-0.02119196480448629,-0.04841713413819219,0.13480601729001426,0.13480601729001426
47,3,COMPOSITE_Q_PLUS_GB,0.8267691658819032,0.11853449548111207,-0.08499798197962904,-0.07634249979785322,-0.05546737072426354,-5.169873365806134e-07,-2.7354056673815447e-10,4.985871502935516e-06,-5.169873365795663e-07,-2.735405651987932e-10,4.985871502938277e-06,-0.08499849896696562,-0.07634250007139379,-0.0554623848527606,0.06361875005949483
47,4,COMPOSITE_Q_PLUS_GB,0.6129390122944405,0.19517005116485386,-0.38805398531925483,-0.02584072896720788,-0.1620075428732848,1.962024907080045e-07,8.08107666421298e-09,1.5502156471308944e-06,1.9620249069873807e-07,8.081076665472642e-09,1.5502156471280948e-06,-0.38805378911676414,-0.025840720886131215,-0.16200599265763768,0.16200599265763768
47,5,COMPOSITE_Q_PLUS_GB,1.0101924735656822,0.19090211153117925,0.15968125124381194,-0.07762665071111455,-0.2676331413831652,-4.016839858541956e-08,1.6878314975088614e-09,2.042610616350106e-06,-4.0168398579565334e-08,1.6878314995638632e-09,2.042610616370677e-06,0.15968121107541336,-0.07762664902328305,-0.2676310987725488,0.2676310987725488
47,6,COMPOSITE_Q_PLUS_GB,1.108356205093323,0.20003416101339297,-0.524954815012542,0.07064651730707808,-0.30799729183207275,1.9783598914695298e-07,-6.186726965262705e-10,-1.0930077761344917e-05,1.9783598914635547e-07,-6.186726964063638e-10,-1.0930077761317492e-05,-0.5249546171765529,0.07064651668840538,-0.30800822190983407,0.30800822190983407
47,7,COMPOSITE_Q_PLUS_GB,0.8180966444450586,0.3201943026033109,-0.5333914174055779,0.028742872613929063,-0.3086194657247495,6.56455289223745e-07,-6.186726965262705e-10,-9.234155391682313e-06,6.564552892385223e-07,-6.186726964063638e-10,-9.234155391668608e-06,-0.5333907609502887,0.028742871995256367,-0.3086286998801412,0.3086286998801412
47,8,COMPOSITE_Q_PLUS_GB,1.1103331390164954,0.25171316186752424,0.5389573656326448,-0.05357623022166002,0.18082023206261325,1.5602069227831788e-05,-1.6109924452733772e-07,-3.4788940295657275e-05,1.5602069227793613e-05,-1.610992445277848e-07,-3.478894029565471e-05,0.5389729677018726,-0.05357639132090455,0.1807854431223176,0.21558918708074906
47,9,COMPOSITE_Q_PLUS_GB,0.7008777346596449,0.2614717933194841,0.4657436328244805,0.0182649142035357,-0.05860961771121653,-1.4369841692769411e-05,9.066790168797374e-08,0.00017186864403608332,-1.4369841692785101e-05,9.066790168654748e-08,0.00017186864403608004,0.4657292629827877,0.018265004871437385,-0.05843774906718045,0.18629170519311508
47,10,COMPOSITE_Q_PLUS_GB,1.1564869666257611,0.3554966974227036,0.322270269165988,0.06647028941059592,0.3316915723246592,-4.289381617240215e-07,-4.023076227177846e-10,8.334312782761141e-07,-4.289381617117449e-07,-4.02307617775044e-10,8.33431278268737e-07,0.3222698402278263,0.0664702890082883,0.33169240575593745,0.33169240575593745
48,1,COMPOSITE_Q,0.6857117793654729,0.12522854093075622,-0.10818306999765989,0.05271583833468467,0.5456620857248949,0.0,0.0,0.0,0.0,0.0,0.0,-0.10818306999765989,0.05271583833468467,0.5456620857248949,0.5456620857248949
48,2,COMPOSITE_Q,0.5827130656197843,0.2427624868574143,-0.021423550523633546,0.036911852305923795,-0.11301459946277362,0.0,0.0,0.0,0.0,0.0,0.0,-0.021423550523633546,0.036911852305923795,-0.11301459946277362,0.11301459946277362
48,3,COMPOSITE_Q,1.1301789433268499,0.20505131499002144,0.17608053675779298,0.08763779773083594,0.1154558078075104,0.0,0.0,0.0,0.0,0.0,0.0,0.17608053675779298,0.08763779773083594,0.1154558078075104,0.1154558078075104
48,4,COMPOSITE_Q,1.101732686225776,0.3140393805599187,0.698224296460559,0.04764880936442422,0.09243317924609035,0.0,0.0,0.0,0.0,0.0,0.0,0.698224296460559,0.04764880936442422,0.09243317924609035,0.2792897185842236
48,5,COMPOSITE_Q,0.6546787337521314,0.30762867243309433,0.3050221105184076,-0.03254633171431702,-0.2792504303007338,0.0,0.0,0.0,0.0,0.0,0.0,0.3050221105184076,-0.03254633171431702,-0.2792504303007338,0.2792504303007338
48,6,COMPOSITE_Q,1.2129723447687293,0.3935991811630712,-0.32210994289642814,-0.08746880415066584,-0.06599351789234952,0.0,0.0,0.0,0.0,0.0,0.0,-0.32210994289642814,-0.08746880415066584,-0.06599351789234952,0.12884397715857127
48,7,COMPOSITE_Q,0.6823252465683585,0.3170795761958387,0.12552178970676736,-0.04128721825692748,0.27216661880163884,0.0,0.0,0.0,0.0,0.0,0.0,0.12552178970676736,-0.04128721825692748,0.27216661880163884,0.27216661880163884
48,8,COMPOSITE_Q,0.4950243079614557,0.3480239059714336,0.11204720783910167,0.015604412253820534,0.21338171616716417,0.0,0.0,0.0,0.0,0.0,0.0,0.11204720783910167,0.015604412253820534,0.21338171616716417,0.21338171616716417
48,9,COMPOSITE_Q,0.7990271553147248,0.23832946277488723,0.12511387887647954,-0.059658036177064805,0.4237177816716523,0.0,0.0,0.0,0.0,0.0,0.0,0.12511387887647954,-0.059658036177064805,0.4237177816716523,0.4237177816716523
48,10,COMPOSITE_Q,0.6273359749938846,0.1935495018188152,0.3476178342110989,-0.024519776335559778,0.21418189703949397,0.0,0.0,0.0,0.0,0.0,0.0,0.3476178342110989,-0.024519776335559778,0.21418189703949397,0.21418189703949397
48,1,COMPOSITE_Q_PLUS_RF,0.6857117793654729,0.12522909524124295,-0.10818306999765989,0.05271583833468467,0.5456620857248949,2.018033431045269e-06,-7.596126840210752e-11,-1.258688553392474e-05,2.018033431042121e-06,-7.59612650558239e-11,-1.258688553396059e-05,-0.10818105196422885,0.052715838258723405,0.545649498839361,0.545649498839361
48,2,COMPOSITE_Q_PLUS_RF,0.5827135009486787,0.24276443137408338,-0.02142381878264566,0.03691186160045789,-0.11307707209397483,-7.076161506934966e-07,-5.294547148440472e-11,5.319267473088958e-06,-7.076161506920642e-07,-5.294547439360642e-11,5.319267473088973e-06,-0.021424526398796353,0.036911861547512415,-0.11307175282650174,0.11307175282650174
48,3,COMPOSITE_Q_PLUS_RF,1.1301820453102274,0.205051159772976,0.17604714565126095,0.08763785246986817,0.11583432488360912,2.068985502140743e-06,2.9334736892165544e-09,-2.3298293941488933e-05,2.06898550214607e-06,2.9334736861841293e-09,-2.329829394148719e-05,0.1760492146367631,0.08763785540334186,0.11581102658966763,0.11581102658966763
48,4,COMPOSITE_Q_PLUS_RF,1.101716167860318,0.31404225608490577,0.6982542168684334,0.04764870410393467,0.0921386352156373,1.6279993083625124e-05,5.198299605671748e-09,-0.0002280567273084712,1.6279993083623268e-05,5.198299603270673e-09,-0.0002280567273084677,0.698270496861517,0.04764870930223428,0.09191057848832883,0.2793081987446068
48,5,COMPOSITE_Q_PLUS_RF,0.654680585446351,0.3076289502479309,0.305005192490431,-0.03254633256686964,-0.27901617466316275,7.230359094974671e-07,-7.146590750914008e-11,-4.95269957530687e-06,7.230359094778649e-07,-7.146590957907151e-11,-4.952699575289099e-06,0.3050059155263405,-0.03254633263833555,-0.27902112736273804,0.27902112736273804
48,6,COMPOSITE_Q_PLUS_RF,1.2129714933484739,0.39359867235042895,-0.32210311411511966,-0.08746895668228423,-0.0660814511169817,7.433607298652537e-10,-7.43492619952344e-11,-1.3444785516262083e-10,7.433607063234149e-10,-7.43492628574316e-11,-1.3444785562644057e-10,-0.32210311337175895,-0.08746895675663349,-0.06608145125142956,0.1288412453487036
48,7,COMPOSITE_Q_PLUS_RF,0.6823305502795769,0.3170801750443959,0.12551611324632994,-0.04128705747971933,0.2722290802634877,9.749106739534023e-08,-7.739931799709132e-11,-1.7013477678457853e-06,9.749106738565771e-08,-7.739931612293915e-11,-1.7013477678351485e-06,0.12551621073739733,-0.041287057557118645,0.27222737891571985,0.27222737891571985
48,8,COMPOSITE_Q_PLUS_RF,0.4950376669704825,0.34803031137360574,0.11204427954962655,0.015604361621351715,0.21342728437007186,2.7548313750507045e-05,6.254174041007002e-09,-0.0003703312352196235,2.754831375051392e-05,6.2541740415006375e-09,-0.0003703312352196231,0.11207182786337706,0.015604367875525757,0.21305695313485223,0.21305695313485223
48,9,COMPOSITE_Q_PLUS_RF,0.7990655983740773,0.23832948521909264,0.12508659599620928,-0.059658011395637915,0.42408467080173645,1.4199170944608894e-07,9.128887543710486e-10,-9.098887750323707e-07,1.4199170944584338e-07,9.128887576426159e-10,-9.098887750469409e-07,0.12508673798791872,-0.05965801048274916,0.4240837609129614,0.4240837609129614
48,10,COMPOSITE_Q_PLUS_RF,0.6273356188419965,0.1935495388557201,0.34761553177835325,-0.024519777825942494,0.2142283590972156,1.8760264186638147e-07,2.113622318327044e-10,-3.648206297556209e-06,1.8760264186568065e-07,2.1136223327111736e-10,-3.648206297557355e-06,0.3476157193809951,-0.02451977761458026,0.21422471089091805,0.21422471089091805
48,1,COMPOSITE_Q_PLUS_GB,0.6857117793654729,0.12522855639836733,-0.10818306999765989,0.05271583833468467,0.5456620857248949,-3.578161501071283e-07,-6.691312699293728e-10,7.159701224525537e-06,-3.5781615011221124e-07,-6.691312712248099e-10,7.1597012245572245e-06,-0.10818342781381,0.0527158376655534,0.5456692454261195,0.5456692454261195
48,2,COMPOSITE_Q_PLUS_GB,0.5827131144114104,0.24276315526864378,-0.021423330852322058,0.03691184294369198,-0.1130197013745587,9.490606224464141e-08,1.0746640203039467e-09,2.47086508673211e-06,9.490606224515918e-08,1.0746640174974509e-09,2.4708650867288906e-06,-0.021423235946259812,0.036911844018355996,-0.11301723050947197,0.11301723050947197
48,3,COMPOSITE_Q_PLUS_GB,1.130178816801732,0.20505102540785158,0.17604911174065507,0.087637840960737,0.11575121514159842,-7.552235754106364e-07,1.870594241184796e-09,9.515069295943176e-06,-7.552235753993664e-07,1.8705942350649707e-09,9.515069295945588e-06,0.17604835651707967,0.08763784283133123,0.11576073021089436,0.11576073021089436
48,4,COMPOSITE_Q_PLUS_GB,1.101714915672175,0.3140746917630587,0.6982556015036687,0.047648733372411045,0.09212627024506008,0.0001559026466979283,-4.023076227177846e-10,-0.0016414439957250916,0.0001559026466979585,-4.023076247139379e-10,-0.001641443995725092,0.6984115041503667,0.04764873297010342,0.09048482624933499,0.27936460166014665
48,5,COMPOSITE_Q_PLUS_GB,0.6546702423166468,0.3076303987731616,0.3048625697947328,-0.03254636137009059,-0.27757391594257547,4.997580792395524e-08,-3.9834443230960043e-10,6.218423724401813e-06,4.997580793641987e-08,-3.9834443382735785e-10,6.218423724391187e-06,0.30486261977054074,-0.03254636176843503,-0.2775676975188511,0.2775676975188511
48,6,COMPOSITE_Q_PLUS_GB,1.2129730282630973,0.39360121748068005,-0.32210258404582165,-0.08746879961990256,-0.06610220237372993,-6.736711701870432e-06,-6.186726965262705e-10,0.0001807300848044738,-6.73671170187129e-06,-6.186726964063638e-10,0.00018073008480447295,-0.3221093207575235,-0.08746880023857526,-0.06592147228892546,0.1288437283030094
48,7,COMPOSITE_Q_PLUS_GB,0.6823168782046622,0.31707958779596174,0.12552219256043606,-0.04128723493338129,0.2720823294147469,-2.7705341203124434e-07,-3.478858589064981e-10,-6.931822744847896e-07,-2.7705341201778033e-07,-3.478858590089118e-10,-6.931822744693505e-07,0.12552191550702405,-0.04128723528126715,0.27208163623247245,0.27208163623247245
48,8,COMPOSITE_Q_PLUS_GB,0.4950247890624215,0.3480808135351941,0.11204704105237112,0.015604408199391191,0.21338655528438666,0.0002496042364945149,1.3649178940389223e-09,-0.004044589885161459,0.0002496042364945189,1.364917893986739e-09,-0.004044589885161459,0.11229664528886564,0.015604409564309085,0.2093419653992252,0.2093419653992252
48,9,COMPOSITE_Q_PLUS_GB,0.7994829663169464,0.23832950923108956,0.12486556127144899,-0.05965765982963756,0.4277255945964022,-9.798084555182546e-08,-6.186726965262705e-10,-6.931822744847896e-07,-9.798084554812903e-08,-6.186726964063638e-10,-6.931822744693505e-07,0.12486546329060344,-0.05965766044831026,0.4277249014141277,0.4277249014141277
48,10,COMPOSITE_Q_PLUS_GB,0.6273356207623176,0.19354954623598286,0.34761824407408537,-0.024519789639725103,0.2141723715670967,-4.1248874256759455e-07,1.8557989860567064e-10,7.756734035847e-06,-4.1248874255161994e-07,1.8557989867051816e-10,7.756734035857527e-06,0.3476178315853428,-0.024519789454145204,0.21418012830113256,0.21418012830113256
49,1,COMPOSITE_Q,0.8861612938299612,0.11266412106957735,-0.3722214296404417,-0.0627730086553924,0.35202877207684385,0.0,0.0,0.0,0.0,0.0,0.0,-0.3722214296404417,-0.0627730086553924,0.35202877207684385,0.35202877207684385
49,2,COMPOSITE_Q,0.7422798569964464,0.2824937593314379,0.11332416324215586,0.052542878404664387,0.35583629348599227,0.0,0.0,0.0,0.0,0.0,0.0,0.11332416324215586,0.052542878404664387,0.35583629348599227,0.35583629348599227
49,3,COMPOSITE_Q,1.131946170425703,0.3241786090387321,-0.41204141881645034,0.07657053929253538,-0.23389889601610053,0.0,0.0,0.0,0.0,0.0,0.0,-0.41204141881645034,0.07657053929253538,-0.23389889601610053,0.23389889601610053
49,4,COMPOSITE_Q,0.8892990067210431,0.317505332691051,0.17122346860501844,0.06747014710556969,-0.0716773758951158,0.0,0.0,0.0,0.0,0.0,0.0,0.17122346860501844,0.06747014710556969,-0.0716773758951158,0.0716773758951158
49,5,COMPOSITE_Q,0.79777473938452,0.2646078749090994,-0.17409175971061125,-0.05090347396846526,0.26682900467220977,0.0,0.0,0.0,0.0,0.0,0.0,-0.17409175971061125,-0.05090347396846526,0.26682900467220977,0.26682900467220977
49,6,COMPOSITE_Q,0.6808342802458731,0.3310898187109394,-0.04688134362694061,-0.03727122980903095,0.1451422230759715,0.0,0.0,0.0,0.0,0.0,0.0,-0.04688134362694061,-0.03727122980903095,0.1451422230759715,0.1451422230759715
49,7,COMPOSITE_Q,0.7180005261748484,0.42396969136735824,0.40105806737886585,-0.02261431447100984,-0.22662009829408788,0.0,0.0,0.0,0.0,0.0,0.0,0.40105806737886585,-0.02261431447100984,-0.22662009829408788,0.22662009829408788
49,8,COMPOSITE_Q,0.5666605068422663,0.29232765205315714,0.2462912209658947,-0.022749498848127298,-0.16033648562838704,0.0,0.0,0.0,0.0,0.0,0.0,0.2462912209658947,-0.022749498848127298,-0.16033648562838704,0.16033648562838704
49,9,COMPOSITE_Q,0.40516780836292654,0.19102913565418136,0.13910516661720645,0.015011437495937857,0.3201605199857382,0.0,0.0,0.0,0.0,0.0,0.0,0.13910516661720645,0.015011437495937857,0.3201605199857382,0.3201605199857382
49,10,COMPOSITE_Q,0.8967312883957231,0.2311540712391788,0.35326207296087325,0.05783156020997124,0.2878800844814232,0.0,0.0,0.0,0.0,0.0,0.0,0.35326207296087325,0.05783156020997124,0.2878800844814232,0.2878800844814232
49,1,COMPOSITE_Q_PLUS_RF,0.8861612938299612,0.11266413607819968,-0.3722214296404417,-0.0627730086553924,0.35202877207684385,1.2984057449984178e-09,-7.674352039698764e-11,-7.42366385458343e-07,1.2984057717879693e-09,-7.674351432118698e-11,-7.423663854755347e-07,-0.3722214283420359,-0.06277300873213591,0.3520280297104584,0.3520280297104584
49,2,COMPOSITE_Q_PLUS_RF,0.7422799522044881,0.2824937599988389,0.11332429418518204,0.05254287644644531,0.3558389512890672,2.0731632477700753e-11,-7.427994156552126e-11,-7.068409275155677e-11,2.0731638628035398e-11,-7.427994330733156e-11,-7.068406970844876e-11,0.11332429420591368,0.05254287637216536,0.3558389512183831,0.3558389512183831
49,3,COMPOSITE_Q_PLUS_RF,1.131946564559394,0.32417863163900784,-0.412041499683217,0.07657053635395264,-0.23390122209430203,-1.0222071466835385e-08,-8.591972610997876e-11,2.963899612923519e-07,-1.0222071467058669e-08,-8.591972966431882e-11,2.963899612962173e-07,-0.4120415099052885,0.07657053626803291,-0.23390092570434073,0.23390092570434073
49,4,COMPOSITE_Q_PLUS_RF,0.8892990335158546,0.31750535448118206,0.1712233931159535,0.06747015093328823,-0.07167641002691685,1.0801534240205829e-11,-4.947713770780194e-11,1.6226951718463098e-07,1.0801526340031842e-11,-4.947714460357133e-11,1.6226951718434357e-07,0.17122339312675502,0.06747015088381109,-0.07167624775739967,0.07167624775739967
49,5,COMPOSITE_Q_PLUS_RF,0.7977747305857388,0.26460788813241637,-0.1740930515943347,-0.05090347063780824,0.26684169310908445,4.157313581659984e-12,-6.184446233260178e-11,-1.436825067583158e-10,4.1573133824357456e-12,-6.184446010859546e-11,-1.4368251033403112e-10,-0.17409305159017738,-0.0509034706996527,0.26684169296540194,0.26684169296540194
49,6,COMPOSITE_Q_PLUS_RF,0.6808339826846432,0.33108984042865586,-0.046879014676711954,-0.03727123559454013,0.14511164341174554,-1.953688820674076e-07,1.850820780948656e-09,-1.3329111085078273e-10,-1.9536888206522773e-07,1.850820781357232e-09,-1.332911003792958e-10,-0.04687921004559402,-0.03727123374371935,0.14511164327845444,0.14511164327845444
49,7,COMPOSITE_Q_PLUS_RF,0.7180005327006845,0.4239701650457776,0.40105650393578873,-0.022614311436481606,-0.22659043633616235,1.1751981562367156e-07,-4.483802411341637e-11,1.9755959900447494e-06,1.1751981560115254e-07,-4.4838025653470837e-11,1.9755959900502607e-06,0.40105662145560433,-0.02261431148131963,-0.2265884607401723,0.2265884607401723
49,8,COMPOSITE_Q_PLUS_RF,0.5666603534265459,0.29232822466857256,0.2464158522401442,-0.022749493903051705,-0.16153625271840757,8.587467543378875e-09,2.3235828766810358e-10,-3.1561701953364786e-07,8.587467542620075e-09,2.32358288859702e-10,-3.156170195472985e-07,0.24641586082761174,-0.022749493670693417,-0.16153656833542712,0.16153656833542712
49,9,COMPOSITE_Q_PLUS_RF,0.40558717829809726,0.19103348613001783,0.1390032049109849,0.015010663667238933,0.3207651205195176,-7.3544844405449e-08,4.0409621549868196e-09,5.515763608712638e-09,-7.354484440891262e-08,4.040962155171801e-09,5.515763623620273e-09,0.13900313136614048,0.015010667708201088,0.32076512603528123,0.32076512603528123
49,10,COMPOSITE_Q_PLUS_RF,0.8968005969915176,0.23115383438211085,0.35329308420150585,0.05783128790539169,0.2873532736186032,-4.578874268680581e-09,-7.010971604994494e-11,6.916757196297414e-08,-4.578874279737022e-09,-7.010971664334065e-11,6.916757194774803e-08,0.35329307962263157,0.05783128783528197,0.28735334278617514,0.28735334278617514
49,1,COMPOSITE_Q_PLUS_GB,0.8861612938299612,0.11266495399125966,-0.3722214296404417,-0.0627730086553924,0.35202877207684385,-1.3255863655574612e-07,-6.186726965262705e-10,4.894318777122523e-06,-1.3255863656747024e-07,-6.186726964063638e-10,4.894318777148854e-06,-0.37222156219907826,-0.0627730092740651,0.352033666395621,0.352033666395621
49,2,COMPOSITE_Q_PLUS_GB,0.7422793031524255,0.28249373442632425,0.11332464593665306,0.05254288076096017,0.355827913952898,-4.2967258402273517e-07,-4.4980610491741986e-10,7.739525722476545e-06,-4.2967258402637487e-07,-4.4980610208744665e-10,7.739525722472163e-06,0.11332421626406904,0.05254288031115407,0.35583565347862045,0.35583565347862045
49,3,COMPOSITE_Q_PLUS_GB,1.1319467807638968,0.3241814809780252,-0.41204164914331176,0.07657053428226171,-0.23390216340200454,-3.173098926961585e-07,-6.186726965262705e-10,1.1434539299027573e-05,-3.1730989269451726e-07,-6.186726964063638e-10,1.1434539299026714e-05,-0.41204196645320446,0.07657053366358901,-0.2338907288627055,0.2338907288627055
49,4,COMPOSITE_Q_PLUS_GB,0.889298550625186,0.31750778460939205,0.1712240414083805,0.06747015368280965,-0.07168901650950811,-3.7600322227241566e-07,-1.0467397512930408e-10,1.1074219029055964e-05,-3.7600322227993033e-07,-1.0467397781876997e-10,1.1074219029058585e-05,0.1712236654051582,0.06747015357813567,-0.07167794229047905,0.07167794229047905
49,5,COMPOSITE_Q_PLUS_GB,0.797774671760255,0.26460821948836244,-0.17409187370186677,-0.050903473278681624,0.2668267974702537,-1.1678078948243625e-07,-1.7901926729764757e-10,4.575496732588452e-06,-1.1678078948307302e-07,-1.7901926468999463e-10,4.575496732606155e-06,-0.17409199048265625,-0.05090347345770089,0.2668313729669863,0.2668313729669863
49,6,COMPOSITE_Q_PLUS_GB,0.6808341864067038,0.33108984590263113,-0.046879262398240404,-0.03727122830008826,0.14510154107465864,-2.2700873896625537e-07,4.148444452020236e-09,6.472096152302308e-07,-2.270087389663611e-07,4.148444449070254e-09,6.472096152343454e-07,-0.04687948940697937,-0.037271224151643814,0.14510218828427388,0.14510218828427388
49,7,COMPOSITE_Q_PLUS_GB,0.7180006049421257,0.4239723432956861,0.40105616421684226,-0.02261432261815958,-0.22658145467070004,-3.397917998720673e-07,1.628497584207925e-09,9.91245464050694e-06,-3.397917998637645e-07,1.6284975833114057e-09,9.912454640520485e-06,0.4010558244250424,-0.022614320989661995,-0.22657154221605952,0.22657154221605952
49,8,COMPOSITE_Q_PLUS_GB,0.5666602459239922,0.29232824250579353,0.24640145869770422,-0.022749489485639943,-0.16140534150398678,-1.3158336839847424e-07,3.3818256090874305e-09,5.885118777347158e-07,-1.315833683956935e-07,3.381825607745581e-09,5.885118777304577e-07,0.24640132711433582,-0.022749486103814335,-0.16140475299210905,0.16140475299210905
49,9,COMPOSITE_Q_PLUS_GB,0.4055377486334123,0.19103021913727583,0.13899011425579264,0.015010583141774433,0.32110668770037853,6.842150307756679e-07,1.993070066870928e-09,-9.376925888410608e-06,6.84215030771762e-07,1.993070066624858e-09,-9.376925888426868e-06,0.1389907984708234,0.0150105851348445,0.3210973107744901,0.3210973107744901
49,10,COMPOSITE_Q_PLUS_GB,0.8967451882725986,0.23115417886141423,0.35332317743416225,0.05783153108057521,0.2868564357966613,-2.6012737218083966e-07,-5.002646783205222e-10,2.457624940180883e-05,-2.6012737219804904e-07,-5.002646769058927e-10,2.4576249401830896e-05,0.35332291730679005,0.057831530580310535,0.28688101204606314,0.28688101204606314
50,1,COMPOSITE_Q,0.33919357692416024,0.061923344515361925,-0.2042236414081821,-0.021043377001053853,0.022498370752552344,0.0,0.0,0.0,0.0,0.0,0.0,-0.2042236414081821,-0.021043377001053853,0.022498370752552344,0.08168945656327284
50,2,COMPOSITE_Q,0.7891141008370838,0.08092417317559926,0.4681252749968763,-0.0487178394073037,0.06780030704295179,0.0,0.0,0.0,0.0,0.0,0.0,0.4681252749968763,-0.0487178394073037,0.06780030704295179,0.18725010999875052
50,3,COMPOSITE_Q,0.3822563568435837,0.06007820970060281,-0.28180453647142173,0.011579793251949046,-0.17310473667077375,0.0,0.0,0.0,0.0,0.0,0.0,-0.28180453647142173,0.011579793251949046,-0.17310473667077375,0.17310473667077375
50,4,COMPOSITE_Q,0.6475957908108111,0.16676489141988213,-0.08432033525697004,-0.056133749723372345,-0.13536716626372702,0.0,0.0,0.0,0.0,0.0,0.0,-0.08432033525697004,-0.056133749723372345,-0.13536716626372702,0.13536716626372702
50,5,COMPOSITE_Q,0.8053944031875341,0.2614053725731218,0.7172540739650356,-0.008824922254821984,0.20115158374504066,0.0,0.0,0.0,0.0,0.0,0.0,0.7172540739650356,-0.008824922254821984,0.20115158374504066,0.28690162958601423
50,6,COMPOSITE_Q,0.8839798490224167,0.27213835246259266,0.5517864860477246,-0.04022576841470451,-0.022330122702607296,0.0,0.0,0.0,0.0,0.0,0.0,0.5517864860477246,-0.04022576841470451,-0.022330122702607296,0.22071459441908986
50,7,COMPOSITE_Q,1.048771446143639,0.14980362547317683,-0.4351554626573118,0.06842310697832246,0.01961476821423135,0.0,0.0,0.0,0.0,0.0,0.0,-0.4351554626573118,0.06842310697832246,0.01961476821423135,0.17406218506292473
50,8,COMPOSITE_Q,0.5202831138497126,0.2276688024826858,-0.044079342661056085,-0.03241919134877532,-0.3212505367893584,0.0,0.0,0.0,0.0,0.0,0.0,-0.044079342661056085,-0.03241919134877532,-0.3212505367893584,0.3212505367893584
50,9,COMPOSITE_Q,0.7543283600345273,0.23585163560769076,0.42348666568199517,-0.03708683339215742,0.09728434218737166,0.0,0.0,0.0,0.0,0.0,0.0,0.42348666568199517,-0.03708683339215742,0.09728434218737166,0.16939466627279806
50,10,COMPOSITE_Q,0.7189429259785072,0.13894407302791237,-0.48366325113764985,-0.03685894138882293,0.16831639905911658,0.0,0.0,0.0,0.0,0.0,0.0,-0.48366325113764985,-0.03685894138882293,0.16831639905911658,0.19346530045505994
50,1,COMPOSITE_Q_PLUS_RF,0.33919357692416024,0.06192334648003877,-0.2042236414081821,-0.021043377001053853,0.022498370752552344,1.3269962077716927e-08,9.649546553507858e-10,-8.925656374654109e-11,1.3269962073625408e-08,9.64954654375516e-10,-8.925656394542791e-11,-0.20422362813822004,-0.0210433760360992,0.02249837066329578,0.08168945125528801
50,2,COMPOSITE_Q_PLUS_RF,0.7891140993763817,0.08092394197464227,0.46812393430819155,-0.04871784027512037,0.06780212000425882,6.651866994204825e-07,7.18008457762677e-10,-2.1813302338389265e-05,6.651866994444866e-07,7.180084582447677e-10,-2.1813302338385965e-05,0.468124599494891,-0.04871783955711191,0.06778030670192044,0.1872498397979564
50,3,COMPOSITE_Q_PLUS_RF,0.38224709612274177,0.06007753082426772,-0.28177552408051343,0.011579811858207768,-0.1735079719648917,1.4729146728244872e-08,9.511950012817126e-09,-4.273851217086396e-07,1.4729146735614762e-08,9.511950012364156e-09,-4.273851217095892e-07,-0.2817755093513667,0.01157982137015778,-0.17350839935001341,0.17350839935001341
50,4,COMPOSITE_Q_PLUS_RF,0.6475618277456008,0.1667643619521525,-0.08434741359907257,-0.05613384196538297,-0.13494969563851322,1.0636772258038874e-08,6.105906358608012e-10,-1.7325417149450243e-10,1.0636772254657423e-08,6.105906336095757e-10,-1.7325416101776625e-10,-0.08434740296230031,-0.05613384135479234,-0.13494969581176738,0.13494969581176738
50,5,COMPOSITE_Q_PLUS_RF,0.8053937038247128,0.2614081762738762,0.7172524774914526,-0.008824920813834293,0.20115444266927301,-3.87830753707488e-07,-8.196011687717683e-09,1.2270724953254741e-05,-3.878307537341641e-07,-8.196011687042204e-09,1.2270724953244994e-05,0.7172520896606989,-0.00882492900984598,0.20116671339422626,0.28690083586427956
50,6,COMPOSITE_Q_PLUS_RF,0.8839782346972658,0.2721368242934552,0.5517880255133122,-0.04022551738163594,-0.022342633520818018,-6.314261406561447e-08,-1.631859035149513e-10,-4.513528303295602e-08,-6.314261402629029e-08,-1.631859022910298e-10,-4.513528303190517e-08,0.5517879623706982,-0.04022551754482184,-0.02234267865610105,0.22071518494827927
50,7,COMPOSITE_Q_PLUS_RF,1.0487696464096523,0.14980423998166834,-0.4351563514146992,0.06842289376966042,0.01961537056526323,-5.048210981765031e-09,-8.67879121075003e-11,1.8061902756427205e-06,-5.048210960367783e-09,-8.678791019178789e-11,1.8061902756424941e-06,-0.4351563564629102,0.06842289368287251,0.01961717675553887,0.17406254258516407
50,8,COMPOSITE_Q_PLUS_RF,0.5202841162433767,0.22766928754954482,-0.044080408143544664,-0.03241921677094487,-0.32125390941096593,7.867552595593114e-10,9.407544698910253e-10,-1.735086647770531e-06,7.867552581641846e-10,9.407544673822876e-10,-1.7350866477472415e-06,-0.044080407356789406,-0.032419215830190404,-0.3212556444976137,0.3212556444976137
50,9,COMPOSITE_Q_PLUS_RF,0.7543295496476955,0.2358515907384428,0.4234848722492877,-0.03708683678302962,0.09734151471662546,3.5694687027932606e-07,-1.2552703907136765e-10,-1.2746208529475e-05,3.5694687028353655e-07,-1.2552704015122984e-10,-1.2746208529479386e-05,0.423485229196158,-0.03708683690855666,0.09732876850809598,0.1693940916784632
50,10,COMPOSITE_Q_PLUS_RF,0.7189463003968053,0.138946266733945,-0.4836658040067042,-0.03685881816462797,0.16832226132825798,3.3262794500898156e-06,-6.966062155134323e-11,-7.314330821852468e-05,3.3262794500998893e-06,-6.966062449098587e-11,-7.314330821853177e-05,-0.4836624777272541,-0.0368588182342886,0.16824911802003945,0.19346499109090165
50,1,COMPOSITE_Q_PLUS_GB,0.33919357692416024,0.06192337600771143,-0.2042236414081821,-0.021043377001053853,0.022498370752552344,-3.776492627113024e-07,4.298211952391494e-09,9.463152059364494e-06,-3.776492627227679e-07,4.298211953024378e-09,9.46315205936285e-06,-0.20422401905744483,-0.0210433727028419,0.022507833904611706,0.08168960762297793
50,2,COMPOSITE_Q_PLUS_GB,0.7891132403351322,0.08092385183179228,0.46812448707898485,-0.048717838733167894,0.06778851397223146,-2.8437636126014853e-07,1.856698089117712e-09,1.0751984393579464e-06,-2.843763612370154e-07,1.8566980869438865e-09,1.0751984393514435e-06,0.4681242027026236,-0.04871783687646981,0.06778958917067081,0.18724968108104945
50,3,COMPOSITE_Q_PLUS_GB,0.3822545437191982,0.06007822959114668,-0.2818035393803455,0.011579789798181115,-0.1730973231639707,4.0918106104131445e-07,1.99309996056941e-09,-4.399111850518642e-06,4.091810610340474e-07,1.9930999611145195e-09,-4.399111850517112e-06,-0.2818031301992845,0.011579791791281076,-0.1731017222758212,0.1731017222758212
50,4,COMPOSITE_Q_PLUS_GB,0.6475959707906802,0.1667643857476563,-0.08431879451522249,-0.056133751439417165,-0.13537189286568627,-1.589976306576997e-07,-2.7537291183824522e-12,3.926502857858204e-06,-1.589976306587415e-07,-2.7537278013411992e-12,3.926502857853897e-06,-0.08431895351285315,-0.05613375144217089,-0.1353679663628284,0.1353679663628284
50,5,COMPOSITE_Q_PLUS_GB,0.80539324907361,0.26140605723767196,0.7172527768028082,-0.00882492433425665,0.20115131729318286,-8.434803511017889e-07,-7.725603506998615e-10,4.947193353545926e-06,-8.434803511203626e-07,-7.725603507618972e-10,4.947193353532775e-06,0.7172519333224571,-0.008824925106817,0.2011562644865364,0.28690077332898284
50,6,COMPOSITE_Q_PLUS_GB,0.8839796122883916,0.2721425332195942,0.5518045183177057,-0.040225253964220054,-0.02250678522308291,-5.7505115595080575e-06,-1.576812945831803e-09,3.065492985893637e-05,-5.750511559488025e-06,-1.5768129441040557e-09,3.065492985893786e-05,0.5517987678061462,-0.040225255541033,-0.022476130293223973,0.2207195071224585
50,7,COMPOSITE_Q_PLUS_GB,1.0487565641432026,0.1498039951815669,-0.43516556436803716,0.06842258953236234,0.019742454291567534,-5.141529901398729e-09,-6.186726965262705e-10,2.5712217184669903e-06,-5.141529924035382e-09,-6.186726964063638e-10,2.5712217184663266e-06,-0.4351655695095671,0.06842258891368964,0.019745025513286,0.17406622780382683
50,8,COMPOSITE_Q_PLUS_GB,0.5202796799904235,0.22766900017850628,-0.044080459343185205,-0.03241921428258429,-0.3212426854278316,1.0891803465122147e-07,1.1346553283532356e-09,-2.8567534483066725e-06,1.0891803465390426e-07,1.1346553280278115e-09,-2.8567534482992762e-06,-0.04408035042515055,-0.03241921314792896,-0.3212455421812799,0.3212455421812799
50,9,COMPOSITE_Q_PLUS_GB,0.7543289860068365,0.23585341416955632,0.4234817217221751,-0.03708683465225804,0.09734788716404164,-6.541863630086192e-07,-6.691312699293728e-10,5.644723816681967e-06,-6.541863630249445e-07,-6.691312712248099e-10,5.644723816686237e-06,0.42348106753581205,-0.03708683532138931,0.09735353188785832,0.16939242701432483
50,10,COMPOSITE_Q_PLUS_GB,0.7189468853295751,0.1389467367224262,-0.48365491144836903,-0.03685894925681646,0.16821910860093334,1.154640053724415e-05,-6.186726965262705e-10,-8.725526274521554e-05,1.1546400537243429e-05,-6.186726964063638e-10,-8.725526274522277e-05,-0.4836433650478318,-0.036858949875489155,0.16813185333818811,0.19345734601913273
51,1,COMPOSITE_Q,0.44257123849625557,0.19647806893877945,0.13920587200894807,0.022540167345407633,-0.2574344198458744,0.0,0.0,0.0,0.0,0.0,0.0,0.13920587200894807,0.022540167345407633,-0.2574344198458744,0.2574344198458744
51,2,COMPOSITE_Q,0.9604931472907877,0.33175843306435354,-0.29941270942406917,0.056785810713171375,-0.34137889004393873,0.0,0.0,0.0,0.0,0.0,0.0,-0.29941270942406917,0.056785810713171375,-0.34137889004393873,0.34137889004393873
51,3,COMPOSITE_Q,1.0453396637065355,0.4346591366625794,-0.3314576629641091,-0.06125404724125577,-0.255058615671771,0.0,0.0,0.0,0.0,0.0,0.0,-0.3314576629641091,-0.06125404724125577,-0.255058615671771,0.255058615671771
51,4,COMPOSITE_Q,0.7091960633741752,0.2831053929615864,-0.3418056144999781,0.03910212709468707,0.38741695895581846,0.0,0.0,0.0,0.0,0.0,0.0,-0.3418056144999781,0.03910212709468707,0.38741695895581846,0.38741695895581846
51,5,COMPOSITE_Q,1.2800483971571799,0.24245945569207794,0.47679050899514164,-0.08234195461140834,0.39236042916132957,0.0,0.0,0.0,0.0,0.0,0.0,0.47679050899514164,-0.08234195461140834,0.39236042916132957,0.39236042916132957
51,6,COMPOSITE_Q,0.36182541159471143,0.15088665892762393,0.28027731400211153,0.006784714391185065,-0.010125983016361124,0.0,0.0,0.0,0.0,0.0,0.0,0.28027731400211153,0.006784714391185065,-0.010125983016361124,0.11211092560084461
51,7,COMPOSITE_Q,1.013034699790327,0.08300225818742726,-0.27235676725838764,0.09021958542894834,0.11900361470900872,0.0,0.0,0.0,0.0,0.0,0.0,-0.27235676725838764,0.09021958542894834,0.11900361470900872,0.11900361470900872
51,8,COMPOSITE_Q,0.4485500654498342,0.0935616939214535,-0.00031137854750519766,0.03547910985473686,-0.1977007859576391,0.0,0.0,0.0,0.0,0.0,0.0,-0.00031137854750519766,0.03547910985473686,-0.1977007859576391,0.1977007859576391
51,9,COMPOSITE_Q,0.9413222660532201,0.15326813505476,0.3401648716467933,0.06585698311716902,-0.4742753336559833,0.0,0.0,0.0,0.0,0.0,0.0,0.3401648716467933,0.06585698311716902,-0.4742753336559833,0.4742753336559833
51,10,COMPOSITE_Q,0.8558213798038221,0.11533867686815698,-0.2964537122481828,0.06647616041654672,0.1567637051336588,0.0,0.0,0.0,0.0,0.0,0.0,-0.2964537122481828,0.06647616041654672,0.1567637051336588,0.1567637051336588
51,1,COMPOSITE_Q_PLUS_RF,0.44257123849625557,0.1964780128091626,0.13920587200894807,0.022540167345407633,-0.2574344198458744,-6.511208301477717e-08,1.1466913628881395e-09,2.7813436213363497e-06,-6.511208300308269e-08,1.1466913633906284e-09,2.7813436213608433e-06,0.13920580689686507,0.022540168492098996,-0.25743163850225304,0.25743163850225304
51,2,COMPOSITE_Q_PLUS_RF,0.9604933690423199,0.33175840420576386,-0.2994118899317098,0.05678581276467371,-0.34139357813398863,-3.1908975788293064e-09,-8.510541007720484e-11,1.626113657180055e-06,-3.1908976017014368e-09,-8.510540883133189e-11,1.6261136571715795e-06,-0.2994118931226074,0.0567858126795683,-0.34139195202033146,0.34139195202033146
51,3,COMPOSITE_Q_PLUS_RF,1.0453388415671345,0.43465929295287403,-0.33151118228989584,-0.06125405548222088,-0.25427657548807214,4.449745969549596e-06,-7.445746538075026e-11,-5.618987307182914e-05,4.4497459695258534e-06,-7.445746796896913e-11,-5.618987307182133e-05,-0.3315067325439263,-0.06125405555667835,-0.25433276536114396,0.25433276536114396
51,4,COMPOSITE_Q_PLUS_RF,0.7091713706295125,0.28310551914353455,-0.34175704803437446,0.03910219976961364,0.3866879079194115,2.3911044136758693e-07,2.3866710063676834e-09,-7.73199769068014e-06,2.391104413912437e-07,2.3866710066600128e-09,-7.731997690663128e-06,-0.34175680892393306,0.03910220215628465,0.3866801759217208,0.3866801759217208
51,5,COMPOSITE_Q_PLUS_RF,1.2800490003367326,0.24247278152479812,0.47725425862590076,-0.08234186171057911,0.38657378256103375,3.872689259557457e-06,-1.0633064666361273e-07,-1.887785346696412e-05,3.872689259554196e-06,-1.0633064666254466e-07,-1.887785346693649e-05,0.4772581313151603,-0.08234196804122577,0.3865549047075668,0.3865549047075668
51,6,COMPOSITE_Q_PLUS_RF,0.3622305588637589,0.15088502080119712,0.2797873587596891,0.006785320334314864,-0.003738248325104977,1.2261932702516212e-11,-3.6353416430608704e-11,-3.2304239389984674e-09,1.2261913706623773e-11,-3.635341680463533e-11,-3.230423939199617e-09,0.279787358771951,0.006785320297961447,-0.003738251555528916,0.1119149435087804
51,7,COMPOSITE_Q_PLUS_RF,1.013055410447723,0.08300224706916176,-0.27234558019320265,0.09021941438302825,0.11872961514063633,-1.7944962343244977e-09,-7.190930024538398e-11,9.063501775252049e-07,-1.7944962182880886e-09,-7.190929796063728e-11,9.063501775208316e-07,-0.27234558198769887,0.09021941431111895,0.11873052149081385,0.11873052149081385
51,8,COMPOSITE_Q_PLUS_RF,0.44855653964392406,0.09356172590685094,-0.000309959448882863,0.03547909903322667,-0.19776740489812064,2.669700095781726e-10,-3.924843695903477e-11,1.5451994945640597e-06,2.6697000957576905e-10,-3.924843783309484e-11,1.5451994945514524e-06,-0.00030995918191285344,0.035479098993978234,-0.1977658596986261,0.1977658596986261
51,9,COMPOSITE_Q_PLUS_RF,0.9413223299122698,0.15326813656409047,0.3401648765853567,0.06585698728173689,-0.47427630192905024,-1.4524550251514576e-09,-7.665832564577381e-11,-4.708663857477585e-11,-1.452455045125589e-09,-7.665833245962261e-11,-4.7086612386948445e-11,0.34016487513290167,0.06585698720507856,-0.47427630197613685,0.47427630197613685
51,10,COMPOSITE_Q_PLUS_RF,0.8558213945481431,0.1153387574450141,-0.29645390243889885,0.06647615285354627,0.1567640078027539,-1.1731828692222742e-08,-7.235277976744258e-11,1.2668347106477668e-06,-1.1731828675198841e-08,-7.23527765478238e-11,1.2668347106614686e-06,-0.29645391417072753,0.0664761527811935,0.15676527463746456,0.15676527463746456
51,1,COMPOSITE_Q_PLUS_GB,0.44257123849625557,0.19647807741105686,0.13920587200894807,0.022540167345407633,-0.2574344198458744,-2.0298945020629338e-07,3.3153650214267026e-09,6.666921038593136e-06,-2.029894501931473e-07,3.3153650207118357e-09,6.666921038567253e-06,0.13920566901949788,0.022540170660772654,-0.25742775292483583,0.25742775292483583
51,2,COMPOSITE_Q_PLUS_GB,0.9604936464427561,0.33175839619868724,-0.2994117654741727,0.05678581848909771,-0.34140025995368456,-1.0019188620120301e-07,-6.691312699293728e-10,6.965772413026609e-06,-1.0019188617649277e-07,-6.691312712248099e-10,6.965772413047855e-06,-0.2994118656660589,0.05678581781996644,-0.3413932941812715,0.3413932941812715
51,3,COMPOSITE_Q_PLUS_GB,1.0453391403773762,0.4346648038157766,-0.3314597285516134,-0.06125405724758867,-0.25502914222041123,1.3752503817293264e-05,-6.186726965262705e-10,5.692457559054472e-05,1.37525038172992e-05,-6.186726964063638e-10,5.692457559053343e-05,-0.3314459760477961,-0.06125405786626137,-0.2549722176448207,0.2549722176448207
51,4,COMPOSITE_Q_PLUS_GB,0.709202214882427,0.2831054385926565,-0.34181703916516903,0.039102094426908034,0.3873261648040196,-1.0225065149771873e-07,-3.9834443230960043e-10,3.374312917786093e-06,-1.022506515013788e-07,-3.9834443382735785e-10,3.3743129178032127e-06,-0.34181714141582054,0.0391020940285636,0.3873295391169374,0.3873295391169374
51,5,COMPOSITE_Q_PLUS_GB,1.2800486204538961,0.24246213396879243,0.47707285392134563,-0.08234190216239826,0.38884132032166996,1.2661920897756529e-05,5.292057418798411e-09,-1.935230642029706e-05,1.266192089777185e-05,5.292057417283225e-09,-1.9352306420306054e-05,0.4770855158422434,-0.08234189687034084,0.38882196801524965,0.38882196801524965
51,6,COMPOSITE_Q_PLUS_GB,0.36206377790468747,0.15088505406967445,0.27996991098356316,0.0067851151899651066,-0.006307717022275502,3.177730416839135e-07,2.118877031647091e-09,-8.337881224458071e-06,3.177730416581426e-07,2.1188770312971505e-09,-8.337881224457742e-06,0.2799702287566048,0.006785117308842138,-0.0063160549034999595,0.11198809150264193
51,7,COMPOSITE_Q_PLUS_GB,1.013040197631073,0.08300371138456186,-0.2723490342479231,0.09021911868210139,0.1186946599971238,1.2778912569844333e-08,-3.239991401412568e-10,1.6101118694296017e-07,1.2778912594768599e-08,-3.239991469561332e-10,1.6101118693878647e-07,-0.2723490214690105,0.09021911835810224,0.11869482100831073,0.11869482100831073
51,8,COMPOSITE_Q_PLUS_GB,0.44853427754615216,0.09356176547413805,-0.00031387326426418963,0.03547937713436246,-0.1975084703171198,-2.6146664437201886e-07,9.488869492262667e-10,2.577065300693763e-06,-2.6146664437200467e-07,9.488869481821816e-10,2.577065300685133e-06,-0.00031413473090856163,0.035479378083249406,-0.1975058932518191,0.1975058932518191
51,9,COMPOSITE_Q_PLUS_GB,0.9413224487742077,0.1532682536923521,0.3401651746167937,0.06585698573683102,-0.4742774841518917,-6.195268151220158e-07,1.5254621113966797e-09,5.11949786281735e-06,-6.195268151265587e-07,1.525462117735188e-09,5.119497862804412e-06,0.34016455508997856,0.06585698726229314,-0.4742723646540289,0.4742723646540289
51,10,COMPOSITE_Q_PLUS_GB,0.8558215145364395,0.11533869845625962,-0.2964533158929726,0.0664761602372736,0.15675911868885037,6.88125364589877e-08,-2.7354056673815447e-10,-5.301036925743952e-07,6.881253644674956e-08,-2.735405651987932e-10,-5.301036925808855e-07,-0.29645324708043613,0.06647615996373303,0.1567585885851578,0.1567585885851578
52,1,COMPOSITE_Q,0.8636184348325806,0.040631057275474836,0.4503965234570675,-0.05667334784279305,0.2872103190743968,0.0,0.0,0.0,0.0,0.0,0.0,0.4503965234570675,-0.05667334784279305,0.2872103190743968,0.2872103190743968
52,2,COMPOSITE_Q,0.8776194207822919,0.14617106951867753,-0.22841465320335874,0.06549187466337583,0.08055340606084653,0.0,0.0,0.0,0.0,0.0,0.0,-0.22841465320335874,0.06549187466337583,0.08055340606084653,0.0913658612813435
52,3,COMPOSITE_Q,0.7906004908400226,0.16691258793524316,0.19906029584805254,-0.062252558198689044,-0.3613462130176311,0.0,0.0,0.0,0.0,0.0,0.0,0.19906029584805254,-0.062252558198689044,-0.3613462130176311,0.3613462130176311
52,4,COMPOSITE_Q,0.8487945813435958,0.30866222502501917,-0.08259540702610249,0.0661773647217119,0.2870876192066922,0.0,0.0,0.0,0.0,0.0,0.0,-0.08259540702610249,0.0661773647217119,0.2870876192066922,0.2870876192066922
52,5,COMPOSITE_Q,0.3619319683056804,0.15957180375347862,0.16595413668007025,-0.021706206631663998,-0.08467385856093466,0.0,0.0,0.0,0.0,0.0,0.0,0.16595413668007025,-0.021706206631663998,-0.08467385856093466,0.08467385856093466
52,6,COMPOSITE_Q,0.5108804955336959,0.17355319516550935,-0.2859073982089571,-0.02237979181463038,0.07242976787356956,0.0,0.0,0.0,0.0,0.0,0.0,-0.2859073982089571,-0.02237979181463038,0.07242976787356956,0.11436295928358284
52,7,COMPOSITE_Q,0.5142098084064227,0.32036993551035287,0.29582704584138864,-0.007626719584509602,0.21206576062531518,0.0,0.0,0.0,0.0,0.0,0.0,0.29582704584138864,-0.007626719584509602,0.21206576062531518,0.21206576062531518
52,8,COMPOSITE_Q,1.2929576570977637,0.4458412279361493,-0.4868925419640359,0.07860735362693681,-0.21868825585003196,0.0,0.0,0.0,0.0,0.0,0.0,-0.4868925419640359,0.07860735362693681,-0.21868825585003196,0.21868825585003196
52,9,COMPOSITE_Q,1.390321943789105,0.6220830869231377,-0.35613116430061476,-0.06731343094265183,-0.07967880956199455,0.0,0.0,0.0,0.0,0.0,0.0,-0.35613116430061476,-0.06731343094265183,-0.07967880956199455,0.1424524657202459
52,10,COMPOSITE_Q,1.1306032121691807,0.7160742723431254,-0.0013729089685955579,-0.0456356171046635,0.04635409436450729,0.0,0.0,0.0,0.0,0.0,0.0,-0.0013729089685955579,-0.0456356171046635,0.04635409436450729,0.04635409436450729
52,1,COMPOSITE_Q_PLUS_RF,0.8636184348325806,0.04063114747078016,0.4503965234570675,-0.05667334784279305,0.2872103190743968,5.490901165960242e-07,-9.980801617106295e-09,-7.87141329646306e-06,5.490901165972062e-07,-9.980801615738777e-09,-7.871413296445251e-06,0.4503970725471841,-0.056673357823594665,0.28720244766110037,0.28720244766110037
52,2,COMPOSITE_Q_PLUS_RF,0.877619049082697,0.1461711548675265,-0.22841584386098077,0.06549186087303013,0.08056751298331476,2.8731179084772863e-10,-7.581364325899571e-11,3.2464247674195735e-07,2.8731178547403147e-10,-7.581364702691218e-11,3.246424767483491e-07,-0.22841584357366898,0.06549186079721649,0.0805678376257915,0.09136633742946759
52,3,COMPOSITE_Q_PLUS_RF,0.7906007395849689,0.16691352754216382,0.19906097688936053,-0.06225254057285212,-0.3613526458415647,3.000416443988915e-08,-6.697652942373638e-09,3.0127455172394874e-06,3.0004164430774694e-08,-6.6976529392026585e-09,3.012745517227966e-06,0.19906100689352496,-0.06225254727050506,-0.36134963309604745,0.36134963309604745
52,4,COMPOSITE_Q_PLUS_RF,0.8487947038599769,0.3086662920524131,-0.08256515399567148,0.06617729380100063,0.28666375919335524,4.0368007009092245e-10,-8.341652814927766e-11,2.686315382088348e-07,4.036800754780856e-10,-8.341652368848429e-11,2.68631538236086e-07,-0.0825651535919914,0.0661772937175841,0.2866640278248935,0.2866640278248935
52,5,COMPOSITE_Q_PLUS_RF,0.3619264923626876,0.15957243908429508,0.16592379207368763,-0.021706304443688516,-0.08423703760288295,-1.0554463522334201e-06,5.0397350778956254e-09,1.5552532682063924e-05,-1.0554463522327584e-06,5.039735077178031e-09,1.5552532682067133e-05,0.1659227366273354,-0.02170629940395344,-0.08422148507020089,0.08422148507020089
52,6,COMPOSITE_Q_PLUS_RF,0.5108814022097932,0.17355314932723914,-0.28590735841108605,-0.022379685129445062,0.07241859677074623,3.135111122600461e-11,-4.827940136417891e-11,-7.070757792614168e-08,3.1351088392028714e-11,-4.8279401310136194e-11,-7.070757793159466e-08,-0.28590735837973497,-0.022379685177724463,0.0724185260631683,0.11436294335189398
52,7,COMPOSITE_Q_PLUS_RF,0.5142077392277392,0.32036992673660863,0.29582751563255605,-0.007626719609277048,0.21206086014734352,1.2232307434109799e-11,2.4702672573858543e-09,-8.308939387868998e-11,1.2232326263017512e-11,2.4702672572415874e-09,-8.308939647427849e-11,0.2958275156447884,-0.0076267171390097905,0.21206086006425412,0.21206086006425412
52,8,COMPOSITE_Q_PLUS_RF,1.2929578584414263,0.445842025789437,-0.4868925001132906,0.07860734993840333,-0.21868920934121008,-7.14789845323382e-09,-1.9893076673656124e-10,2.969486226837633e-06,-7.147898439807676e-09,-1.989307607530577e-10,2.969486226828133e-06,-0.48689250726118904,0.07860734973947257,-0.21868623985498326,0.21868623985498326
52,9,COMPOSITE_Q_PLUS_RF,1.3903221140140685,0.6220833289031604,-0.35612918086093254,-0.06731345371726725,-0.07970918416997644,-1.0060712264262454e-07,-5.1807992453697445e-12,7.181691393132782e-06,-1.0060712263282312e-07,-5.180800233262062e-12,7.1816913931321835e-06,-0.35612928146805517,-0.06731345372244806,-0.0797020024785833,0.14245171258722206
52,10,COMPOSITE_Q_PLUS_RF,1.1306033987111277,0.7160766612630579,-0.0013748115867034554,-0.04563558327086713,0.046376945543991376,-5.247275246703557e-07,-4.961753202877725e-11,8.516224040402817e-06,-5.247275246702925e-07,-4.9617532305035184e-11,8.516224040404363e-06,-0.0013753363142281257,-0.04563558332048466,0.04638546176803178,0.04638546176803178
52,1,COMPOSITE_Q_PLUS_GB,0.8636184348325806,0.04063141373870545,0.4503965234570675,-0.05667334784279305,0.2872103190743968,-4.880778241732688e-07,9.931115806848322e-10,-5.724879140385627e-06,-4.880778241567185e-07,9.93111579083994e-10,-5.724879140411865e-06,0.45039603537924333,-0.05667334684968147,0.2872045941952564,0.2872045941952564
52,2,COMPOSITE_Q_PLUS_GB,0.877618615606607,0.14617105123894136,-0.2284147422027189,0.0654918697237991,0.08056530989888293,-5.749942627748202e-07,-2.7354056673815447e-10,1.059667704530056e-05,-5.749942627863991e-07,-2.735405651987932e-10,1.0596677045296432e-05,-0.2284153171969817,0.06549186945025853,0.08057590657592822,0.09136612687879267
52,3,COMPOSITE_Q_PLUS_GB,0.790601408912778,0.1669140119060067,0.19906146446850367,-0.06225255564796478,-0.3613628999262836,-1.2714181444181932e-07,8.24244989075982e-10,4.80462835640422e-06,-1.2714181443773676e-07,8.242449917039707e-10,4.804628356391838e-06,0.19906133732668924,-0.06225255482371979,-0.36135809529792723,0.36135809529792723
52,4,COMPOSITE_Q_PLUS_GB,0.8487945557027421,0.30866376836211695,-0.0825940600753518,0.06617736919220578,0.28708019823793046,-4.1389473694942534e-07,-5.319808734594921e-10,7.420703677942474e-06,-4.1389473695585544e-07,-5.319808760173572e-10,7.420703677929463e-06,-0.08259447397008876,0.0661773686602249,0.2870876189416084,0.2870876189416084
52,5,COMPOSITE_Q_PLUS_GB,0.3619313857060578,0.15957190716151523,0.1659528867123802,-0.02170620823286438,-0.08467297391218707,-7.766641031032585e-07,2.6928969547918303e-09,1.3511251519273984e-05,-7.766641031137222e-07,2.692896954037405e-09,1.3511251519271461e-05,0.1659521100482771,-0.021706205539967428,-0.0846594626606678,0.0846594626606678
52,6,COMPOSITE_Q_PLUS_GB,0.5108820703806272,0.1735531987761583,-0.2859064271485697,-0.02237979401294929,0.07241286717086513,1.764105440556866e-07,2.115173461664444e-09,-1.915452150072843e-06,1.764105440615893e-07,2.115173459993347e-09,-1.915452150072494e-06,-0.2859062507380256,-0.02237979189777583,0.07241095171871506,0.11436250029521025
52,7,COMPOSITE_Q_PLUS_GB,0.5142096950715193,0.3203699301068021,0.29582844006225206,-0.007626722017961238,0.2120314688601206,5.510074449979657e-07,3.101506036821472e-09,-1.3477314306725244e-05,5.510074450043589e-07,3.1015060372382997e-09,-1.347731430673127e-05,0.29582899106969707,-0.007626718916455201,0.21201799154581386,0.21201799154581386
52,8,COMPOSITE_Q_PLUS_GB,1.2929518911616114,0.4458432926103117,-0.48689454884421374,0.07860736071823526,-0.21864193962159867,-5.803700279020458e-07,-6.186726965262705e-10,9.289017745239032e-06,-5.803700279249924e-07,-6.186726964063638e-10,9.289017745245376e-06,-0.48689512921424166,0.07860736009956257,-0.21863265060385342,0.21863265060385342
52,9,COMPOSITE_Q_PLUS_GB,1.390322172270845,0.6220842404206137,-0.3561214327188637,-0.06731345528094534,-0.07981826470935188,-1.1679708718358067e-07,9.931115806848322e-10,5.141492483990576e-06,-1.1679708716849646e-07,9.93111579083994e-10,5.141492483984322e-06,-0.3561215495159509,-0.06731345428783377,-0.0798131232168679,0.14244861980638035
52,10,COMPOSITE_Q_PLUS_GB,1.130604715619774,0.7160754026384439,-0.001382166241692712,-0.045635608437948755,0.04648241949678381,-2.667628765726103e-07,1.2638984183046044e-09,4.609164239873939e-06,-2.6676287657252835e-07,1.263898416481446e-09,4.6091642398743415e-06,-0.0013824330045692846,-0.04563560717405034,0.04648702866102369,0.04648702866102369
53,1,COMPOSITE_Q,0.7575616464590573,0.14785599979581687,-0.24608193596347674,-0.058095578663112685,-0.13493212658300208,0.0,0.0,0.0,0.0,0.0,0.0,-0.24608193596347674,-0.058095578663112685,-0.13493212658300208,0.13493212658300208
53,2,COMPOSITE_Q,0.9062429546291237,0.12778729412676854,-0.5595993581316554,-0.05748580879135244,0.14531317212215986,0.0,0.0,0.0,0.0,0.0,0.0,-0.5595993581316554,-0.05748580879135244,0.14531317212215986,0.22383974325266215
53,3,COMPOSITE_Q,0.8219487777445109,0.14177902076172763,-0.18043110871024218,0.0743580031064462,0.08498346904522126,0.0,0.0,0.0,0.0,0.0,0.0,-0.18043110871024218,0.0743580031064462,0.08498346904522126,0.08498346904522126
53,4,COMPOSITE_Q,1.1010807460843495,0.23676362523178385,0.1970278582363803,-0.08635609897254463,-0.3055152454634033,0.0,0.0,0.0,0.0,0.0,0.0,0.1970278582363803,-0.08635609897254463,-0.3055152454634033,0.3055152454634033
53,5,COMPOSITE_Q,1.0973959720399848,0.21427239740014903,-0.3870661441609494,0.07919728034407035,-0.30491172942053857,0.0,0.0,0.0,0.0,0.0,0.0,-0.3870661441609494,0.07919728034407035,-0.30491172942053857,0.30491172942053857
53,6,COMPOSITE_Q,0.8158637186724149,0.25833050995596774,0.3560365392786138,0.04120010086095628,-0.08578649600185445,0.0,0.0,0.0,0.0,0.0,0.0,0.3560365392786138,0.04120010086095628,-0.08578649600185445,0.1424146157114455
53,7,COMPOSITE_Q,0.643005516752752,0.2954654661347964,0.4653723958887772,0.005467371873695661,0.19810015636098197,0.0,0.0,0.0,0.0,0.0,0.0,0.4653723958887772,0.005467371873695661,0.19810015636098197,0.19810015636098197
53,8,COMPOSITE_Q,1.1070230399477439,0.46726324183007406,-0.42641486914215837,-0.04442504820540016,-0.6127591923237664,0.0,0.0,0.0,0.0,0.0,0.0,-0.42641486914215837,-0.04442504820540016,-0.6127591923237664,0.6127591923237664
53,9,COMPOSITE_Q,1.0825075137926392,0.38201563223538376,-0.06822170908305154,0.08292048258068702,0.08624887142123148,0.0,0.0,0.0,0.0,0.0,0.0,-0.06822170908305154,0.08292048258068702,0.08624887142123148,0.08624887142123148
53,10,COMPOSITE_Q,0.4471051942911895,0.29648667217439334,-0.20585731518496933,-0.017559513669029893,0.3324102529088014,0.0,0.0,0.0,0.0,0.0,0.0,-0.20585731518496933,-0.017559513669029893,0.3324102529088014,0.3324102529088014
53,1,COMPOSITE_Q_PLUS_RF,0.7575616464590573,0.14785600005221944,-0.24608193596347674,-0.058095578663112685,-0.13493212658300208,5.77278394118765e-10,-5.446482582978237e-11,-8.938286063156982e-09,5.772783917556978e-10,-5.446482848059375e-11,-8.938286055748534e-09,-0.24608193538619835,-0.05809557871757751,-0.13493213552128813,0.13493213552128813
53,2,COMPOSITE_Q_PLUS_RF,0.9062429533064998,0.1277911646626121,-0.5596013166610367,-0.057485808347635205,0.14533759309940705,2.9099809590963743e-06,-2.3544873578903214e-09,-3.7150346116385215e-05,2.9099809590871217e-06,-2.3544873550829237e-09,-3.715034611637136e-05,-0.5595984066800777,-0.05748581070212256,0.14530044275329068,0.22383936267203106
53,3,COMPOSITE_Q_PLUS_RF,0.8219488538528501,0.14177921877671296,-0.18043207267194197,0.07435800243316402,0.08499643698496244,-3.923597517000839e-09,-8.51566500979961e-11,1.7924914499473845e-06,-3.923597530208767e-09,-8.515664562391834e-11,1.7924914499506395e-06,-0.1804320765955395,0.07435800234800738,0.08499822947641239,0.08499822947641239
53,4,COMPOSITE_Q_PLUS_RF,1.1010807415326886,0.23676396127109114,0.19702695597148298,-0.08635603393654752,-0.3055159070313,-2.158628328179726e-12,-6.37492102934421e-11,-3.1007462304227257e-07,-2.1586343823543075e-12,-6.37492142407936e-11,-3.1007462303334066e-07,0.19702695596932435,-0.08635603400029673,-0.305516217105923,0.305516217105923
53,5,COMPOSITE_Q_PLUS_RF,1.0973950427149544,0.2142725975087152,-0.38709109348199394,0.07919722039969715,-0.30437306055489016,-6.20281028158805e-10,-8.902451429650103e-11,-1.4710601948613725e-05,-6.202810487465626e-10,-8.90245099860465e-11,-1.4710601948630941e-05,-0.387091094102275,0.07919722031067264,-0.3043877711568388,0.3043877711568388
53,6,COMPOSITE_Q_PLUS_RF,0.8158231917897325,0.2583371007203523,0.3560611440614926,0.04120006324189434,-0.08628912903674618,3.0113785378348478e-05,2.188590760055162e-08,-0.0002820192851246671,3.0113785378371727e-05,2.1885907600105448e-08,-0.00028201928512466834,0.35609125784687096,0.04120008512780194,-0.08657114832187085,0.1424365031387484
53,7,COMPOSITE_Q_PLUS_RF,0.643098388962571,0.29546519975073043,0.46532840045094437,0.00546737486663016,0.1985518866148582,2.297782801414493e-06,-7.1424672962338835e-09,-3.402747175426737e-05,2.2977828014192347e-06,-7.1424672964254254e-09,-3.402747175426657e-05,0.4653306982337458,0.005467367724162863,0.19851785914310394,0.19851785914310394
53,8,COMPOSITE_Q_PLUS_RF,1.1070776359049836,0.46726349410626355,-0.4264057162973315,-0.04442496941336425,-0.6129065313044834,1.8132585255004892e-06,-6.550550192548337e-11,-1.3437741830167494e-05,1.8132585254959643e-06,-6.550550379902376e-11,-1.343774183015789e-05,-0.426403903038806,-0.04442496947886975,-0.6129199690463135,0.6129199690463135
53,9,COMPOSITE_Q_PLUS_RF,1.082506899954625,0.3820154898837077,-0.06813235115294816,0.08292044685484137,0.08467057006260031,-2.2034547777837255e-09,2.438114359462609e-09,1.3354882488710378e-08,-2.2034547797478155e-09,2.438114363179089e-09,1.3354882491545261e-08,-0.06813235335640294,0.08292044929295574,0.0846705834174828,0.0846705834174828
53,10,COMPOSITE_Q_PLUS_RF,0.4471103634115736,0.29648665330197566,-0.2059526956826782,-0.017559629013368903,0.3340532720497601,1.1668126155378631e-07,1.033599924958889e-08,-2.5019429125311287e-07,1.1668126154162906e-07,1.0335999250932204e-08,-2.501942912291888e-07,-0.20595257900141667,-0.017559618677369652,0.33405302185546887,0.33405302185546887
53,1,COMPOSITE_Q_PLUS_GB,0.7575616464590573,0.1478560484807015,-0.24608193596347674,-0.058095578663112685,-0.13493212658300208,-9.466712187873663e-08,1.3317744308615098e-09,4.634436260553993e-06,-9.466712189154514e-08,1.3317744337881798e-09,4.634436260558816e-06,-0.24608203063059864,-0.05809557733133825,-0.13492749214674152,0.13492749214674152
53,2,COMPOSITE_Q_PLUS_GB,0.9062435774589883,0.1277905884274098,-0.5595991763484821,-0.05748580996338085,0.1453081740094393,5.40471967423784e-07,-6.186726965262705e-10,-1.0328101034557934e-05,5.404719674029224e-07,-6.186726964063638e-10,-1.0328101034545734e-05,-0.5595986358765147,-0.05748581058205355,0.14529784590840475,0.22383945435060587
53,3,COMPOSITE_Q_PLUS_GB,0.8219487529727162,0.14177966830397754,-0.1804324491522413,0.07435800386463073,0.0849982622493578,-1.0320440923011654e-07,-6.691312699293728e-10,4.245324902392275e-06,-1.032044092408313e-07,-6.69131264285916e-10,4.245324902396597e-06,-0.18043255235665054,0.07435800319549947,0.0850025075742602,0.0850025075742602
53,4,COMPOSITE_Q_PLUS_GB,1.101080940268219,0.23676521156074143,0.1970004925839334,-0.08635589895451977,-0.3049706536316327,-2.1741983642212492e-07,8.27022443230293e-09,2.042610616350106e-06,-2.1741983641243579e-07,8.270224435835694e-09,2.042610616370677e-06,0.197000275164097,-0.08635589068429533,-0.30496861102101636,0.30496861102101636
53,5,COMPOSITE_Q_PLUS_GB,1.097514337539652,0.21427252475073905,-0.3870762327169685,0.07919647503838445,-0.3045990429998013,-2.9515291839409456e-07,-6.186726965262705e-10,8.153325567087239e-06,-2.9515291838366764e-07,-6.186726964063638e-10,8.153325567084035e-06,-0.3870765278698869,0.07919647441971175,-0.3045908896742342,0.3045908896742342
53,6,COMPOSITE_Q_PLUS_GB,0.8157951140128888,0.25834395230058066,0.356077293918386,0.041200036103304305,-0.08664889741603703,9.103668875169501e-05,4.701520602103482e-09,-0.0012323162928778895,9.103668875171111e-05,4.701520603389575e-09,-0.0012323162928778858,0.3561683306071377,0.04120004080482491,-0.08788121370891491,0.14246733224285507
53,7,COMPOSITE_Q_PLUS_GB,0.6434724263066458,0.2954653175896059,0.46526322905421114,0.005467197600347686,0.1992926698296266,1.0899465258558905e-09,1.628497584207925e-09,-1.0878084017237716e-05,1.0899465219260662e-09,1.6284975841787674e-09,-1.0878084017229561e-05,0.46526323014415766,0.00546719922884527,0.19928179174560937,0.19928179174560937
53,8,COMPOSITE_Q_PLUS_GB,1.107010651661662,0.467263323091728,-0.42641718716422716,-0.044425132433505446,-0.6127213252150515,-1.996653984600982e-07,1.6878314975088614e-09,-3.6806415383544266e-06,-1.9966539843707665e-07,1.6878314995638632e-09,-3.6806415383283664e-06,-0.4264173868296256,-0.044425130745673946,-0.6127250058565898,0.6127250058565898
53,9,COMPOSITE_Q_PLUS_GB,1.0825073963505398,0.38201569347464875,-0.06803500093758522,0.08292041119216381,0.08299855887096463,-5.867599131082921e-07,2.518899381075013e-08,5.692849820077238e-06,-5.867599131015311e-07,2.5188993807434557e-08,5.692849820077006e-06,-0.06803558769749832,0.08292043638115762,0.08300425172078471,0.08300425172078471
53,10,COMPOSITE_Q_PLUS_GB,0.44711583270271776,0.29648666279854685,-0.2060513014371721,-0.0175597718856826,0.3357592110371155,1.9455265326782032e-07,1.938907923485179e-09,-1.660829953079191e-06,1.9455265326540072e-07,1.9389079231046935e-09,-1.6608299530651571e-06,-0.20605110688451883,-0.017559769946774675,0.3357575502071624,0.3357575502071624
54,1,COMPOSITE_Q,1.0441855915968796,0.11177740888409562,0.6045150770755601,0.05999415015579898,0.2726897826603909,0.0,0.0,0.0,0.0,0.0,0.0,0.6045150770755601,0.05999415015579898,0.2726897826603909,0.2726897826603909
54,2,COMPOSITE_Q,0.5637336169848293,0.224802780792735,-0.4041528170191188,0.014565403561284166,0.18666108683763052,0.0,0.0,0.0,0.0,0.0,0.0,-0.4041528170191188,0.014565403561284166,0.18666108683763052,0.18666108683763052
54,3,COMPOSITE_Q,0.770557485236595,0.11928208975924129,-0.2708141097105084,-0.057722660002762896,-0.16276216463423682,0.0,0.0,0.0,0.0,0.0,0.0,-0.2708141097105084,-0.057722660002762896,-0.16276216463423682,0.16276216463423682
54,4,COMPOSITE_Q,0.6432552294538181,0.16818744753002768,0.1693462766366298,-0.051346986769091066,-0.3786004584535428,0.0,0.0,0.0,0.0,0.0,0.0,0.1693462766366298,-0.051346986769091066,-0.3786004584535428,0.3786004584535428
54,5,COMPOSITE_Q,0.6983459685380803,0.23051004304642225,0.24142264128537957,-0.04901660093619367,-0.39568508685715353,0.0,0.0,0.0,0.0,0.0,0.0,0.24142264128537957,-0.04901660093619367,-0.39568508685715353,0.39568508685715353
54,6,COMPOSITE_Q,0.5363774704691299,0.23576174415685924,0.12078874447155695,0.029525362865505094,-0.19599183872057227,0.0,0.0,0.0,0.0,0.0,0.0,0.12078874447155695,0.029525362865505094,-0.19599183872057227,0.19599183872057227
54,7,COMPOSITE_Q,0.5132777085339497,0.2127024010605943,-0.2509626712991603,0.016425801925830395,-0.212704061267517,0.0,0.0,0.0,0.0,0.0,0.0,-0.2509626712991603,0.016425801925830395,-0.212704061267517,0.212704061267517
54,8,COMPOSITE_Q,0.7530247036272972,0.20442278486374485,0.4128321006840824,0.035302041936043256,0.14273204911453874,0.0,0.0,0.0,0.0,0.0,0.0,0.4128321006840824,0.035302041936043256,0.14273204911453874,0.16513284027363295
54,9,COMPOSITE_Q,0.42947459440540897,0.27209190448784065,-0.35116826583101984,-0.0030522857930323317,0.3429840227704953,0.0,0.0,0.0,0.0,0.0,0.0,-0.35116826583101984,-0.0030522857930323317,0.3429840227704953,0.3429840227704953
54,10,COMPOSITE_Q,1.2098437747408952,0.17512485375286407,0.5242735420406017,-0.0770811094809794,0.024225025581451374,0.0,0.0,0.0,0.0,0.0,0.0,0.5242735420406017,-0.0770811094809794,0.024225025581451374,0.2097094168162407
54,1,COMPOSITE_Q_PLUS_RF,1.0441855915968796,0.1117774386207365,0.6045150770755601,0.05999415015579898,0.2726897826603909,-8.179162001398587e-08,-6.9787148030026e-11,-3.4235711354264934e-07,-8.179162003241203e-08,-6.978714828242971e-11,-3.4235711354746456e-07,0.60451499528394,0.05999415008601183,0.27268944030327735,0.27268944030327735
54,2,COMPOSITE_Q_PLUS_RF,0.5637335155948174,0.22480278693354994,-0.4041359115468213,0.014565400255560322,0.18631361922547515,-1.0031603079578513e-08,2.7226574988429652e-09,3.76657186277891e-07,-1.003160310375506e-08,2.722657498760439e-09,3.766571862739987e-07,-0.40413592157842443,0.01456540297821782,0.18631399588266143,0.18631399588266143
54,3,COMPOSITE_Q_PLUS_RF,0.7705265465791529,0.11928207768587416,-0.27083068489467915,-0.05772260693315068,-0.16241313306510438,-8.250613099437883e-12,-6.30145366978395e-11,-5.990478700070993e-09,-8.250622407501851e-12,-6.301453803203572e-11,-5.990478696427104e-09,-0.2708306849029298,-0.057722606996165216,-0.16241313905558308,0.16241313905558308
54,4,COMPOSITE_Q_PLUS_RF,0.6432552208645324,0.16818733992629298,0.16934648945059977,-0.05134698524157387,-0.37859956603818345,1.670097477406293e-08,-6.271312145376292e-11,5.2187493150920225e-06,1.6700974769801036e-08,-6.271311941974389e-11,5.218749315083482e-06,0.16934650615157454,-0.05134698530428699,-0.37859434728886837,0.37859434728886837
54,5,COMPOSITE_Q_PLUS_RF,0.6983458576727242,0.23051005192110038,0.24142246142698454,-0.049016608654373926,-0.3956917792263216,9.679966694263625e-08,3.8172496637350145e-09,-8.954913947575139e-07,9.679966694875475e-08,3.8172496621968754e-09,-8.954913947589738e-07,0.24142255822665148,-0.049016604837124264,-0.39569267471771635,0.39569267471771635
54,6,COMPOSITE_Q_PLUS_RF,0.536377424999476,0.23576184158343305,0.120788489943414,0.029525345337348775,-0.1959758532675489,-7.111286349023071e-07,1.7532444213695097e-09,2.142443807898228e-05,-7.11128634908742e-07,1.7532444211709741e-09,2.1424438078981867e-05,0.12078777881477909,0.029525347090593197,-0.19595442882946992,0.19595442882946992
54,7,COMPOSITE_Q_PLUS_RF,0.5132827573233291,0.2127134556448834,-0.2509618348079168,0.016424488802372943,-0.21273107324437882,1.4766191550082381e-06,5.847993001091126e-09,-1.5061866771924182e-05,1.4766191550052987e-06,5.847992999574725e-09,-1.50618667719149e-05,-0.2509603581887618,0.016424494650365943,-0.21274613511115073,0.21274613511115073
54,8,COMPOSITE_Q_PLUS_RF,0.7530363137745829,0.20442406791054593,0.41273412237609,0.03530333456525112,0.14516488833746397,6.486802531696032e-10,1.3138551768864029e-08,-6.667506665519644e-08,6.48680276160718e-10,1.313855176737766e-08,-6.667506666224732e-08,0.41273412302477025,0.03530334770380289,0.1451648216623973,0.1650936492099081
54,9,COMPOSITE_Q_PLUS_RF,0.4295380393185884,0.2720919304014884,-0.3510681799523533,-0.003052281902628266,0.34051020675830307,9.677529165963864e-08,3.0759451802258455e-09,-9.822101711543615e-08,9.67752916691822e-08,3.0759451804217297e-09,-9.822101709744402e-08,-0.3510680831770616,-0.0030522788266830856,0.34051010853728597,0.34051010853728597
54,10,COMPOSITE_Q_PLUS_RF,1.2098449082839733,0.17512608759346876,0.5242720826687911,-0.07708112260200393,0.024259127228139627,4.0930711489002594e-06,-2.8027183385727653e-08,-2.702088850466761e-05,4.093071148902894e-06,-2.802718337968635e-08,-2.7020888504668272e-05,0.52427617573994,-0.07708115062918731,0.02423210633963496,0.209710470295976
54,1,COMPOSITE_Q_PLUS_GB,1.0441855915968796,0.11177753694300968,0.6045150770755601,0.05999415015579898,0.2726897826603909,-7.511219111599493e-07,4.356388472315368e-09,5.608859873242789e-06,-7.511219111133727e-07,4.3563884721820045e-09,5.6088598732184636e-06,0.604514325953649,0.05999415451218745,0.2726953915202641,0.2726953915202641
54,2,COMPOSITE_Q_PLUS_GB,0.5637336794144409,0.22480284850743196,-0.40416870183187614,0.014565401107397163,0.186998881883432,6.276860354847968e-07,1.1445896298222524e-09,-8.655061712058899e-06,6.276860354814673e-07,1.1445896296730096e-09,-8.65506171204844e-06,-0.40416807414584066,0.014565402251986792,0.18699022682171995,0.18699022682171995
54,3,COMPOSITE_Q_PLUS_GB,0.7705874423132482,0.11928315581257098,-0.2707997505398575,-0.05772271394367028,-0.16309459687579086,-9.778758711618979e-08,-2.7354056673815447e-10,4.245324902392275e-06,-9.778758713885338e-08,-2.735405651987932e-10,4.245324902396597e-06,-0.27079984832744464,-0.05772271421721085,-0.16309035155088847,0.16309035155088847
54,4,COMPOSITE_Q_PLUS_GB,0.6432560553969672,0.1681871693974624,0.169347982603506,-0.05134697883116023,-0.37860561954251154,1.420693090575973e-08,-3.478858589064981e-10,-1.8975709346394039e-06,1.4206930909477222e-08,-3.478858590089118e-10,-1.8975709346613634e-06,0.1693479968104369,-0.05134697917904609,-0.3786075171134462,0.3786075171134462
54,5,COMPOSITE_Q_PLUS_GB,0.698345882686644,0.2305100670402629,0.2414219320722475,-0.04901660258976017,-0.39567501323433274,1.126057453169117e-07,-3.478858589064981e-10,-2.218101678926591e-06,1.1260574531157808e-07,-3.478858590089118e-10,-2.21810167894132e-06,0.2414220446779928,-0.04901660293764603,-0.3956772313360117,0.3956772313360117
54,6,COMPOSITE_Q_PLUS_GB,0.5363775305387594,0.2357615598710764,0.12078996052648588,0.02952534897293912,-0.19600109346159697,-7.07198172732867e-08,1.0746640203039467e-09,1.1828060944841666e-06,-7.07198172800183e-08,1.0746640209668978e-09,1.1828060944851781e-06,0.1207898898066686,0.029525350047603142,-0.19599991065550249,0.19599991065550249
54,7,COMPOSITE_Q_PLUS_GB,0.5132784829837402,0.21270245743804767,-0.25096391420161984,0.016425818160943205,-0.21270512579472603,3.0590442702102783e-07,1.1445896298222524e-09,-1.6016521921514767e-06,3.059044270115052e-07,1.144589631407733e-09,-1.6016521921513593e-06,-0.25096360829719283,0.016425819305532836,-0.21270672744691818,0.21270672744691818
54,8,COMPOSITE_Q_PLUS_GB,0.7530250445159303,0.20442323450700975,0.4128238848499914,0.035302177347812706,0.14296479343235102,-5.695468453841615e-07,4.356388472315368e-09,-6.12094201148463e-07,-5.695468454081087e-07,4.3563884721820045e-09,-6.120942011578201e-07,0.412823315303146,0.03530218170420118,0.14296418133814986,0.16512932612125839
54,9,COMPOSITE_Q_PLUS_GB,0.42948138068407826,0.2720920122573018,-0.35115847418552903,-0.003052427492087442,0.3427403044081213,7.324572391712618e-07,1.824203475262076e-09,-1.2454380792454258e-05,7.324572391942397e-07,1.824203475341707e-09,-1.2454380792448205e-05,-0.35115774172828984,-0.0030524256678839666,0.34272785002732886,0.34272785002732886
54,10,COMPOSITE_Q_PLUS_GB,1.2098457677599233,0.17512655144931735,0.5242724534889014,-0.07708111833083287,0.024245387406477328,4.641792786005607e-06,-4.7896701234920494e-08,-2.1283843297241343e-05,4.6417927860309405e-06,-4.789670123017675e-08,-2.1283843297241478e-05,0.5242770952816874,-0.0770811662275341,0.024224103563180086,0.20971083811267496
55,1,COMPOSITE_Q,0.318534182720503,0.0668765435284099,-0.19526391278947153,0.014595493351887418,-0.1706795757515985,0.0,0.0,0.0,0.0,0.0,0.0,-0.19526391278947153,0.014595493351887418,-0.1706795757515985,0.1706795757515985
55,2,COMPOSITE_Q,0.9832085187554082,0.1287988114739721,-0.4318003028562784,-0.06497977348369217,-0.35792195625449863,0.0,0.0,0.0,0.0,0.0,0.0,-0.4318003028562784,-0.06497977348369217,-0.35792195625449863,0.35792195625449863
55,3,COMPOSITE_Q,1.2473763006385294,0.21695156567420282,-0.4684404453862871,0.08552695932198139,-0.5036738713110132,0.0,0.0,0.0,0.0,0.0,0.0,-0.4684404453862871,0.08552695932198139,-0.5036738713110132,0.5036738713110132
55,4,COMPOSITE_Q,0.888661700254193,0.3380886205118242,0.09164077440588636,0.06751760406029451,0.1315615409414805,0.0,0.0,0.0,0.0,0.0,0.0,0.09164077440588636,0.06751760406029451,0.1315615409414805,0.1315615409414805
55,5,COMPOSITE_Q,0.7663942652335534,0.43656506368249404,-0.19837685222995663,0.03857040996878908,0.2355736585654722,0.0,0.0,0.0,0.0,0.0,0.0,-0.19837685222995663,0.03857040996878908,0.2355736585654722,0.2355736585654722
55,6,COMPOSITE_Q,1.024808423298965,0.39704285373144904,0.1730198487453181,0.07482742924145021,-0.1938483141615942,0.0,0.0,0.0,0.0,0.0,0.0,0.1730198487453181,0.07482742924145021,-0.1938483141615942,0.1938483141615942
55,7,COMPOSITE_Q,0.8672356733689286,0.2558961212194129,-0.3726857767557835,-0.05507321774038413,0.07244205371705052,0.0,0.0,0.0,0.0,0.0,0.0,-0.3726857767557835,-0.05507321774038413,0.07244205371705052,0.14907431070231342
55,8,COMPOSITE_Q,0.8113500743078246,0.21889304566150344,0.00113847672053497,-0.061115136756495964,-0.12658755647575134,0.0,0.0,0.0,0.0,0.0,0.0,0.00113847672053497,-0.061115136756495964,-0.12658755647575134,0.12658755647575134
55,9,COMPOSITE_Q,0.6703093211753571,0.28726947900836086,0.2923396448295618,0.030525529134042093,-0.3367617018502249,0.0,0.0,0.0,0.0,0.0,0.0,0.2923396448295618,0.030525529134042093,-0.3367617018502249,0.3367617018502249
55,10,COMPOSITE_Q,0.6342781695733545,0.29872268004805724,-0.4254642580097709,0.011172589655237817,-0.2486083001831265,0.0,0.0,0.0,0.0,0.0,0.0,-0.4254642580097709,0.011172589655237817,-0.2486083001831265,0.2486083001831265
55,1,COMPOSITE_Q_PLUS_RF,0.318534182720503,0.06687680096339563,-0.19526391278947153,0.014595493351887418,-0.1706795757515985,-1.4072605378021645e-06,-3.017810291468572e-11,9.284146403741133e-06,-1.407260537794608e-06,-3.017810307204272e-11,9.284146403748528e-06,-0.19526532005000932,0.014595493321709315,-0.17067029160519476,0.17067029160519476
55,2,COMPOSITE_Q_PLUS_RF,0.9832088101939522,0.12879050135031914,-0.43148915247588454,-0.06497972269567502,-0.3672675207606184,2.425756151566503e-07,-7.391190411844452e-11,3.246925933600942e-07,2.425756151502867e-07,-7.391190437466832e-11,3.246925933675371e-07,-0.4314889099002694,-0.06497972276958693,-0.36726719606802505,0.36726719606802505
55,3,COMPOSITE_Q_PLUS_RF,1.2461083727590268,0.21695156243355468,-0.4687530014799898,0.0855282301248973,-0.4944632315683756,-5.509969665328472e-10,-1.9853269624641405e-10,2.008397454716435e-08,-5.509969702721662e-10,-1.9853269028757836e-10,2.008397453900912e-08,-0.46875300203098674,0.08552822992636461,-0.4944632114844011,0.4944632114844011
55,4,COMPOSITE_Q_PLUS_RF,0.8886619771259457,0.33810212779599563,0.0916409267011859,0.06751760310925731,0.13155800337955606,4.6379934042698305e-06,5.574309988918173e-09,-4.9041175345181124e-05,4.6379934042634074e-06,5.574309985822978e-09,-4.9041175345182486e-05,0.09164556469459016,0.06751760868356729,0.13150896220421088,0.13150896220421088
55,5,COMPOSITE_Q_PLUS_RF,0.7663946750389878,0.43656507733389643,-0.1983820378755026,0.0385704074979053,0.23563294124451686,-4.862338338583065e-09,-6.913768376845369e-11,1.2672816422355593e-06,-4.862338337519034e-09,-6.91376816908118e-11,1.2672816422365507e-06,-0.19838204273784094,0.03857040742876762,0.2356342085261591,0.2356342085261591
55,6,COMPOSITE_Q_PLUS_RF,1.0248083917979989,0.3970426564309198,0.17302236306830768,0.07482742050785106,-0.19390100750503458,3.766179309724662e-08,2.461047003151697e-09,5.334268703788651e-07,3.76617931008294e-08,2.461047005075656e-09,5.334268703693912e-07,0.17302240073010078,0.07482742296889806,-0.19390047407816421,0.19390047407816421
55,7,COMPOSITE_Q_PLUS_RF,0.8672345685277539,0.2558962663803197,-0.3726882735208768,-0.05507321197902966,0.07249262715005175,3.760040175192034e-07,-7.486851283762031e-11,-1.1713196004752448e-10,3.7600401753268287e-07,-7.486851416604878e-11,-1.1713195691154255e-10,-0.37268789751685927,-0.055073212053898174,0.0724926270329198,0.1490751590067437
55,8,COMPOSITE_Q_PLUS_RF,0.8113499448405231,0.21889309769334284,0.0011492681294135289,-0.06111513044649895,-0.12682044610248633,8.44132279618358e-08,-2.8725083640654166e-11,-2.3030922148883215e-06,8.441322796185272e-08,-2.8725084810776735e-11,-2.303092214883673e-06,0.0011493525426414907,-0.06111513047522404,-0.1268227491947012,0.1268227491947012
55,9,COMPOSITE_Q_PLUS_RF,0.6703130728458143,0.28726959003231883,0.29235255944836525,0.03052553851246785,-0.33694511311987013,2.899644222174116e-06,9.708874418183831e-09,-4.7549322080466154e-05,2.8996442221762564e-06,9.708874419700475e-09,-4.754932208045348e-05,0.2923554590925874,0.03052554822134227,-0.3369926624419506,0.3369926624419506
55,10,COMPOSITE_Q_PLUS_RF,0.6342080047890238,0.29872440371638864,-0.425492391442809,0.01117261628681782,-0.24814249786790682,4.752557074592615e-06,1.3065316097646414e-09,-0.00010916821046599267,4.7525570746054235e-06,1.3065316103316738e-09,-0.00010916821046599856,-0.4254876388857344,0.01117261759334943,-0.24825166607837282,0.24825166607837282
55,1,COMPOSITE_Q_PLUS_GB,0.318534182720503,0.06687654277185895,-0.19526391278947153,0.014595493351887418,-0.1706795757515985,1.3884439939580692e-07,1.99309996056941e-09,-5.912115035127276e-07,1.3884439939437776e-07,1.9930999611145195e-09,-5.91211503503386e-07,-0.19526377394507213,0.014595495344987379,-0.170680166963102,0.170680166963102
55,2,COMPOSITE_Q_PLUS_GB,0.9832085487207257,0.1287905932507144,-0.4315065489208475,-0.06497972878480417,-0.3667788461627189,-1.1523860058118607e-07,-6.186726965262705e-10,9.030782721171194e-06,-1.1523860060647095e-07,-6.186726964063638e-10,9.030782721186625e-06,-0.4315066641594481,-0.06497972940347686,-0.3667698153799977,0.3667698153799977
55,3,COMPOSITE_Q_PLUS_GB,1.2461745770404993,0.2169515694128907,-0.46873763440485117,0.08552817214889288,-0.49491909718176613,-4.811791221002912e-07,-6.186726965262705e-10,1.0249024008314689e-05,-4.811791221026596e-07,-6.186726964063638e-10,1.0249024008313068e-05,-0.46873811558397327,0.08552817153022019,-0.4949088481577578,0.4949088481577578
55,4,COMPOSITE_Q_PLUS_GB,0.8886599852043694,0.33808969966615376,0.09162422252478793,0.0675175994550676,0.13184022400975084,-7.429990117240871e-07,2.76747880418807e-08,9.57610441324995e-06,-7.429990117185925e-07,2.767478804455159e-08,9.576104413239195e-06,0.09162347952577621,0.06751762712985565,0.13184980011416408,0.13184980011416408
55,5,COMPOSITE_Q_PLUS_GB,0.7663948956602137,0.43656521146240884,-0.19835827036522385,0.03857033600645218,0.2352569454415256,-3.0927140102009524e-07,-1.7901926729764757e-10,9.942204591032843e-06,-3.0927140101666417e-07,-1.7901926468999463e-10,9.942204591023573e-06,-0.19835857963662487,0.03857033582743292,0.2352668876461166,0.2352668876461166
55,6,COMPOSITE_Q_PLUS_GB,1.0248083657148372,0.3970427878583567,0.17302288527770326,0.074827426258858,-0.19390239369754672,-6.427935369974359e-07,2.8019920171668816e-08,5.4492828034254105e-06,-6.427935370090232e-07,2.801992017575916e-08,5.449282803438038e-06,0.17302224248416626,0.07482745427877818,-0.19389694441474328,0.19389694441474328
55,7,COMPOSITE_Q_PLUS_GB,0.8672351458889505,0.25589617586757357,-0.3726964125171073,-0.055073234125300276,0.0726601623410093,-5.446682943279469e-08,-6.186726965262705e-10,1.1889018215584942e-07,-5.4466829435551034e-08,-6.186726964063638e-10,1.1889018215749392e-07,-0.3726964669839367,-0.05507323474397297,0.07266028123119146,0.1490785867935747
55,8,COMPOSITE_Q_PLUS_GB,0.8113546289068934,0.21889305369304018,0.0011473464810069815,-0.0611151095624352,-0.1267712861774915,1.9813099080654602e-07,2.3037504649167504e-09,-5.805940350828571e-06,1.9813099080660812e-07,2.303750468168886e-09,-5.805940350822603e-06,0.001147544611997788,-0.061115107258684735,-0.12677709211784233,0.12677709211784233
55,9,COMPOSITE_Q_PLUS_GB,0.6703094829001102,0.28726948135660035,0.2923338231289465,0.03052552744362595,-0.33665574461547604,-4.969606665198748e-07,1.5254621113966797e-09,7.370602699752465e-06,-4.969606665072845e-07,1.525462110796294e-09,7.37060269973e-06,0.29233332616828,0.03052552896908806,-0.3366483740127763,0.3366483740127763
55,10,COMPOSITE_Q_PLUS_GB,0.6342938376268915,0.2987241832688914,-0.4254593172380166,0.01117258055738782,-0.24869989171858503,-6.185169584636761e-08,1.6713306996820326e-11,-5.203786619758245e-05,-6.1851695820625e-08,1.6713307821047962e-11,-5.2037866197590654e-05,-0.42545937908971243,0.011172580574101127,-0.24875192958478262,0.24875192958478262
56,1,COMPOSITE_Q,0.5077897873036799,0.10056389419355725,0.02064982750455739,0.04545213834947731,0.09524674275792942,0.0,0.0,0.0,0.0,0.0,0.0,0.02064982750455739,0.04545213834947731,0.09524674275792942,0.09524674275792942
56,2,COMPOSITE_Q,1.1940010611371705,0.11921444072713286,-0.3433550300580227,0.09010508796279489,0.026830395232124257,0.0,0.0,0.0,0.0,0.0,0.0,-0.3433550300580227,0.09010508796279489,0.026830395232124257,0.1373420120232091
56,3,COMPOSITE_Q,0.504630363275076,0.052659447668777976,0.10351373760767114,0.04516793238901674,0.07949231554476777,0.0,0.0,0.0,0.0,0.0,0.0,0.10351373760767114,0.04516793238901674,0.07949231554476777,0.07949231554476777
56,4,COMPOSITE_Q,0.5274673696691422,0.20481105126582683,0.25801368963990706,-0.027827284478026355,0.049836294917330326,0.0,0.0,0.0,0.0,0.0,0.0,0.25801368963990706,-0.027827284478026355,0.049836294917330326,0.10320547585596282
56,5,COMPOSITE_Q,0.6025804623422126,0.19857303157789055,-0.03937104765891296,0.04112886827357326,0.2990171807109378,0.0,0.0,0.0,0.0,0.0,0.0,-0.03937104765891296,0.04112886827357326,0.2990171807109378,0.2990171807109378
56,6,COMPOSITE_Q,0.34091857630516376,0.28667065363019584,-0.11892407717418027,-0.004894900432387733,0.23199465850516937,0.0,0.0,0.0,0.0,0.0,0.0,-0.11892407717418027,-0.004894900432387733,0.23199465850516937,0.23199465850516937
56,7,COMPOSITE_Q,0.9955444082550238,0.36889058226070925,0.09345602759500875,-0.0784070501571573,-0.08353565510774552,0.0,0.0,0.0,0.0,0.0,0.0,0.09345602759500875,-0.0784070501571573,-0.08353565510774552,0.08353565510774552
56,8,COMPOSITE_Q,0.7718951635357614,0.33877298359410013,-0.32096810285527333,0.029632562456736074,-0.23969929219999594,0.0,0.0,0.0,0.0,0.0,0.0,-0.32096810285527333,0.029632562456736074,-0.23969929219999594,0.23969929219999594
56,9,COMPOSITE_Q,0.3169317983082853,0.20673271471548388,-0.049754898763959124,-0.006748276881945031,0.3757474908873252,0.0,0.0,0.0,0.0,0.0,0.0,-0.049754898763959124,-0.006748276881945031,0.3757474908873252,0.3757474908873252
56,10,COMPOSITE_Q,0.8290804126326741,0.0960108837130828,-0.5488530897951662,-0.031017068196247513,-0.39712372294708664,0.0,0.0,0.0,0.0,0.0,0.0,-0.5488530897951662,-0.031017068196247513,-0.39712372294708664,0.39712372294708664
56,1,COMPOSITE_Q_PLUS_RF,0.5077897873036799,0.1005639356911269,0.02064982750455739,0.04545213834947731,0.09524674275792942,-7.070014373742098e-07,2.362448902779359e-09,1.1902064371863975e-05,-7.070014373736222e-07,2.362448903170389e-09,1.1902064371863141e-05,0.020649120503120018,0.045452140711926214,0.09525864482230129,0.09525864482230129
56,2,COMPOSITE_Q_PLUS_RF,1.1940018740822569,0.11921452494903056,-0.3433548751307916,0.09010508939714829,0.02681573993433372,-1.7995530260676196e-08,-8.086356975268441e-11,4.403338384812244e-06,-1.7995530288139605e-08,-8.086356584335874e-11,4.403338384813271e-06,-0.3433548931263219,0.09010508931628472,0.026820143272718533,0.13734195725052875
56,3,COMPOSITE_Q_PLUS_RF,0.5046304998980269,0.052659561820204176,0.10353221369944446,0.045167928176692955,0.07911730296485506,-1.1546082627767926e-06,8.433884166087907e-09,1.8385981720569693e-05,-1.1546082627766907e-06,8.433884167435846e-09,1.8385981720575595e-05,0.10353105909118168,0.04516793661057712,0.07913568894657563,0.07913568894657563
56,4,COMPOSITE_Q_PLUS_RF,0.5275028994477378,0.20481119747321666,0.2579975179854561,-0.02782725336888677,0.05017639932447098,3.368871089888711e-06,-4.929128813357073e-11,-4.451562452273486e-05,3.3688710898704954e-06,-4.929128979980213e-11,-4.4515624522734054e-05,0.258000886856546,-0.02782725341817806,0.05013188369994825,0.10320035474261839
56,5,COMPOSITE_Q_PLUS_RF,0.6025836662330883,0.19857266048966235,-0.03937219385254105,0.04112885450865662,0.29901249071615316,1.2743495821106725e-07,-5.815013691191322e-11,7.756724973041994e-08,1.2743495821088136e-07,-5.8150137483004016e-11,7.756724973440043e-08,-0.03937206641758284,0.041128854450506486,0.2990125682834029,0.2990125682834029
56,6,COMPOSITE_Q_PLUS_RF,0.3409190710112351,0.28667067349162845,-0.11892682289146814,-0.004894901594615589,0.23204707713299483,1.375315192562639e-11,-3.3304808144794684e-11,-7.768395095202776e-11,1.3753151395512475e-11,-3.330480856378326e-11,-7.768394261198353e-11,-0.11892682287771499,-0.004894901627920397,0.23204707705531089,0.23204707705531089
56,7,COMPOSITE_Q_PLUS_RF,0.995544467561812,0.3688949043893602,0.0934556118631364,-0.07840704928072817,-0.08352656716638375,-1.6811432630785943e-06,-4.871584513857897e-09,2.0500136411645933e-05,-1.6811432630853274e-06,-4.871584510790505e-09,2.0500136411652492e-05,0.09345393071987332,-0.07840705415231268,-0.0835060670299721,0.0835060670299721
56,8,COMPOSITE_Q_PLUS_RF,0.7718968126120281,0.33877308671551326,-0.32096645280810127,0.02963257147085615,-0.2397235179557621,-1.4237654012534394e-07,-8.738150101998907e-11,-5.500680152261643e-07,-1.4237654011317602e-07,-8.738150134024458e-11,-5.500680152203952e-07,-0.3209665951846414,0.029632571383474648,-0.23972406802377733,0.23972406802377733
56,9,COMPOSITE_Q_PLUS_RF,0.31693179621633305,0.2067315945979249,-0.04975757624009788,-0.00674841137837997,0.3757293806977684,1.3273403281955702e-08,-3.3537702631665256e-11,-7.324750535646324e-11,1.3273403279279172e-08,-3.353770299668879e-11,-7.324751916115702e-11,-0.0497575629666946,-0.006748411411917673,0.3757293806245209,0.3757293806245209
56,10,COMPOSITE_Q_PLUS_RF,0.8290699770498156,0.09601244464952075,-0.5488506012684314,-0.031016957010462354,-0.3971066533005991,3.658557048659561e-06,-7.038194436047752e-11,-6.182404237477037e-05,3.6585570486469265e-06,-7.038194332897874e-11,-6.182404237475847e-05,-0.5488469427113828,-0.031016957080844298,-0.39716847734297384,0.39716847734297384
56,1,COMPOSITE_Q_PLUS_GB,0.5077897873036799,0.10056392720607044,0.02064982750455739,0.04545213834947731,0.09524674275792942,-7.599672576134856e-07,2.899334076614047e-09,1.344191795895295e-05,-7.599672576137639e-07,2.899334078376725e-09,1.3441917958947891e-05,0.020649067537299778,0.04545214124881139,0.09526018467588837,0.09526018467588837
56,2,COMPOSITE_Q_PLUS_GB,1.194001996682683,0.11921630616984712,-0.34335444884316685,0.09010507914144084,0.02681687869262708,-8.323333702435011e-08,-6.186726965262705e-10,7.34665031343366e-06,-8.323333700044344e-08,-6.186726964063638e-10,7.3466503134334005e-06,-0.34335453207650385,0.09010507852276814,0.026824225342940513,0.13734181283060154
56,3,COMPOSITE_Q_PLUS_GB,0.5046298401971192,0.05265949472644112,0.10353122788247206,0.045167938345124,0.07912501888195389,-7.779100702862967e-07,1.2435605056112803e-09,1.344191795895295e-05,-7.779100702903774e-07,1.243560504571306e-09,1.3441917958947891e-05,0.10353044997240177,0.0451679395886845,0.07913846079991284,0.07913846079991284
56,4,COMPOSITE_Q_PLUS_GB,0.5275018978806406,0.20481122590219017,0.2579986396834485,-0.02782724737628853,0.050170845934986025,3.9238951296622957e-08,1.4797874581413526e-09,2.9887022632252855e-06,3.9238951310416326e-08,1.4797874592353821e-09,2.988702263222176e-06,0.2579986789223998,-0.027827245896501072,0.05017383463724925,0.10319947156895992
56,5,COMPOSITE_Q_PLUS_GB,0.6025807938873167,0.19857260423533407,-0.039363106996409956,0.04112885762498462,0.29884236884697174,-1.6594128178020986e-07,-1.186493544333062e-10,3.156817560851771e-06,-1.6594128177810363e-07,-1.1864935423044898e-10,3.1568175608565063e-06,-0.039363272937691735,0.04112885750633526,0.2988455256645326,0.2988455256645326
56,6,COMPOSITE_Q_PLUS_GB,0.3409201979443519,0.28667254239156764,-0.11885995574425164,-0.004894897745711149,0.23089627636569884,3.4712726900954305e-07,2.1693356050501934e-09,-9.174540445485314e-06,3.471272690125371e-07,2.169335605248235e-09,-9.174540445494594e-06,-0.11885960861698262,-0.0048948955763755434,0.23088710182525335,0.23088710182525335
56,7,COMPOSITE_Q_PLUS_GB,0.9955624297226355,0.368895681485238,0.09338362028893596,-0.07840682629085076,-0.0822816492421878,9.330318295170657e-06,-1.1812222426405853e-09,8.093615664316903e-06,9.330318295169837e-06,-1.181222245016933e-09,8.093615664311882e-06,0.09339295060723113,-0.078406827472073,-0.08227355562652348,0.08227355562652348
56,8,COMPOSITE_Q_PLUS_GB,0.771901999315007,0.33877433344757946,-0.32097680042057425,0.02963255585954873,-0.23971174354669744,6.88125364589877e-08,-6.186726965262705e-10,5.599153061836431e-06,6.881253644674956e-08,-6.186726964063638e-10,5.599153061836004e-06,-0.3209767316080378,0.029632555240876032,-0.2397061443936356,0.2397061443936356
56,9,COMPOSITE_Q_PLUS_GB,0.3169293212977377,0.2067313677395692,-0.04975922697133543,-0.0067484043782416086,0.3757423990001872,-1.29411222857157e-07,1.99309996056941e-09,-5.746258210728255e-06,-1.294112228558686e-07,1.9930999602471577e-09,-5.746258210703736e-06,-0.04975935638255829,-0.006748402385141648,0.3757366527419765,0.3757366527419765
56,10,COMPOSITE_Q_PLUS_GB,0.8290746167253834,0.09601111204425597,-0.5488491781590544,-0.031016959363774715,-0.3971191747820654,4.646084923022983e-07,-6.186726965262705e-10,-9.109316149932677e-06,4.646084923454197e-07,-6.186726964063638e-10,-9.1093161499467e-06,-0.5488487135505621,-0.031016959982447412,-0.3971282840982153,0.3971282840982153
57,1,COMPOSITE_Q,0.41836719307816056,0.162286181216463,0.0691486111210761,-0.022102130887129832,0.2430309681691744,0.0,0.0,0.0,0.0,0.0,0.0,0.0691486111210761,-0.022102130887129832,0.2430309681691744,0.2430309681691744
57,2,COMPOSITE_Q,0.5442596894087581,0.12950528629703234,-0.008541050901465045,0.050506421803417155,-0.02559072244098068,0.0,0.0,0.0,0.0,0.0,0.0,-0.008541050901465045,0.050506421803417155,-0.02559072244098068,0.042088684836180966
57,3,COMPOSITE_Q,0.6901517328779203,0.09727349418028493,-0.2698913045850717,-0.052055959779428874,-0.16755501488219735,0.0,0.0,0.0,0.0,0.0,0.0,-0.2698913045850717,-0.052055959779428874,-0.16755501488219735,0.16755501488219735
57,4,COMPOSITE_Q,0.6969154059808248,0.17085734981295161,0.18986368977386936,0.04810282758829426,-0.03765704797574545,0.0,0.0,0.0,0.0,0.0,0.0,0.18986368977386936,0.04810282758829426,-0.03765704797574545,0.07594547590954774
57,5,COMPOSITE_Q,0.20064971638425258,0.14070245227111983,-0.06565819469827139,-0.0053427431518057195,0.12803130909896315,0.0,0.0,0.0,0.0,0.0,0.0,-0.06565819469827139,-0.0053427431518057195,0.12803130909896315,0.12803130909896315
57,6,COMPOSITE_Q,0.762465967834141,0.126510640177475,-0.32744630410278286,-0.057368173379763035,0.2538065266557885,0.0,0.0,0.0,0.0,0.0,0.0,-0.32744630410278286,-0.057368173379763035,0.2538065266557885,0.2538065266557885
57,7,COMPOSITE_Q,0.8468970551444848,0.21549217287976208,0.2961733040495513,-0.05149766421635007,-0.07752069973709044,0.0,0.0,0.0,0.0,0.0,0.0,0.2961733040495513,-0.05149766421635007,-0.07752069973709044,0.11846932161982052
57,8,COMPOSITE_Q,0.8993431935196073,0.33696306826244904,-0.4493587394452134,0.04313343515825711,-0.3124790194103269,0.0,0.0,0.0,0.0,0.0,0.0,-0.4493587394452134,0.04313343515825711,-0.3124790194103269,0.3124790194103269
57,9,COMPOSITE_Q,0.959673133856561,0.28817567922795073,0.26549417528746355,-0.05954352526895954,-0.30359666649361344,0.0,0.0,0.0,0.0,0.0,0.0,0.26549417528746355,-0.05954352526895954,-0.30359666649361344,0.30359666649361344
57,10,COMPOSITE_Q,0.8792544791741641,0.3951250689840071,-0.11805262035021229,0.05392004040870806,-0.24284204891210345,0.0,0.0,0.0,0.0,0.0,0.0,-0.11805262035021229,0.05392004040870806,-0.24284204891210345,0.24284204891210345
57,1,COMPOSITE_Q_PLUS_RF,0.41836719307816056,0.16228684080293534,0.0691486111210761,-0.022102130887129832,0.2430309681691744,-3.9306445464844735e-07,1.634857138946143e-08,2.9469563787086056e-06,-3.930644546512596e-07,1.6348571389018796e-08,2.946956378702126e-06,0.06914821805662145,-0.022102114538558443,0.2430339151255531,0.2430339151255531
57,2,COMPOSITE_Q_PLUS_RF,0.5442593732018076,0.12952628203905123,-0.008540762386736475,0.0505064035442414,-0.02559354772126252,-6.521671073423927e-06,2.4756554487684554e-09,0.0001162407364882343,-6.521671073423177e-06,2.475655451472658e-09,0.00011624073648823507,-0.008547284057809898,0.05050640601989685,-0.025477306984774285,0.042088671683247376
57,3,COMPOSITE_Q_PLUS_RF,0.6901622284848408,0.09727348710229697,-0.26988480183226254,-0.052055979291474104,-0.1676706934373206,-2.51340301267071e-12,-6.104246975960363e-11,-1.277440331171185e-10,-2.5133783942976606e-12,-6.104246969007576e-11,-1.277440375702099e-10,-0.2698848018347759,-0.052055979352516574,-0.16767069356506464,0.16767069356506464
57,4,COMPOSITE_Q_PLUS_RF,0.6969154832092029,0.17085715894921621,0.18986306486934051,0.04810282845828793,-0.03765708818658995,-1.6728564018883797e-07,-5.5995629752582386e-11,-9.697467067319653e-11,-1.6728564020129788e-07,-5.5995631742522534e-11,-9.697467134861526e-11,0.1898628975837003,0.0481028284022923,-0.03765708828356462,0.07594515903348012
57,5,COMPOSITE_Q_PLUS_RF,0.2006501353904809,0.14070238959082773,-0.06565760721701369,-0.005342748202576413,0.12803090030426156,1.3393703485956398e-11,-3.0252102822457687e-11,-6.252341870724222e-11,1.3393702813502273e-11,-3.0252102906080935e-11,-6.252343087709278e-11,-0.06565760720361999,-0.005342748232828516,0.12803090024173813,0.12803090024173813
57,6,COMPOSITE_Q_PLUS_RF,0.7624657275321463,0.1265106601365076,-0.3274462012444621,-0.057368164286445804,0.253808284231051,7.200214177754269e-13,-7.109300515897934e-11,-1.1750211311569535e-10,7.200351426206453e-13,-7.109300648178163e-11,-1.1750211914574038e-10,-0.3274462012437421,-0.05736816435753881,0.2538082841135489,0.2538082841135489
57,7,COMPOSITE_Q_PLUS_RF,0.8468970525790712,0.2154948816076872,0.29618421818655444,-0.051497664905922946,-0.07754040734077461,2.786696733316622e-07,-5.0948132031650544e-11,3.3186579163145193e-06,2.7866967333700643e-07,-5.0948134600048434e-11,3.3186579163207997e-06,0.2961844968562278,-0.05149766495687108,-0.07753708868285829,0.11847379874249112
57,8,COMPOSITE_Q_PLUS_RF,0.8993450127641622,0.33696326155110684,-0.44936977196475253,0.04313343683140914,-0.3124634704233427,-3.133500773210432e-08,-8.542130285085667e-11,-6.0554622050718935e-06,-3.133500775520659e-08,-8.542130197630726e-11,-6.055462205056816e-06,-0.4493698032997603,0.04313343674598784,-0.31246952588554777,0.31246952588554777
57,9,COMPOSITE_Q_PLUS_RF,0.9596734997191969,0.2881789253637999,0.26537709119294406,-0.05954353353833073,-0.3018633620938225,7.645036943318834e-06,-1.24135265914009e-07,-4.1548960355301775e-05,7.645036943337846e-06,-1.2413526591370516e-07,-4.154896035529765e-05,0.2653847362298874,-0.059543657673596644,-0.30190491105417777,0.30190491105417777
57,10,COMPOSITE_Q_PLUS_RF,0.8793591283105542,0.3951250685748081,-0.11794196108305617,0.053919894940239896,-0.24453822749719947,-7.383050049801029e-10,9.117330642189741e-10,8.469699584812433e-07,-7.383050004694525e-10,9.117330640462384e-10,8.469699584734425e-07,-0.11794196182136117,0.05391989585197296,-0.244537380527241,0.244537380527241
57,1,COMPOSITE_Q_PLUS_GB,0.41836719307816056,0.16228818692991331,0.0691486111210761,-0.022102130887129832,0.2430309681691744,-4.99249508325964e-07,2.5166314166125642e-09,8.890158778779029e-06,-4.992495083316895e-07,2.5166314171487514e-09,8.8901587787793e-06,0.06914811187156777,-0.022102128370498415,0.2430398583279532,0.2430398583279532
57,2,COMPOSITE_Q_PLUS_GB,0.5442594335034273,0.12950772626937113,-0.00854060112194874,0.050506415659948733,-0.025599597028207573,-7.599672576134856e-07,1.2940190790143825e-09,1.344191795895295e-05,-7.599672576137639e-07,1.2940190793897521e-09,1.344191795895136e-05,-0.008541361089206353,0.05050641695396781,-0.025586155110248622,0.04208868079497318
57,3,COMPOSITE_Q_PLUS_GB,0.6901528879914282,0.09727395785403495,-0.26988994582580667,-0.0520559606033172,-0.16756884936736077,-6.531289455310706e-08,-2.7354056673815447e-10,4.245324902392275e-06,-6.531289453715061e-08,-2.735405651987932e-10,4.245324902396597e-06,-0.2698900111387012,-0.052055960876857765,-0.16756460404245838,0.16756460404245838
57,4,COMPOSITE_Q_PLUS_GB,0.696914965466548,0.17085737511175558,0.18986245238244767,0.04810285167192518,-0.037661188702488746,-9.37133641463388e-08,-5.321230252148478e-11,4.7631620788854496e-06,-9.371336415209264e-08,-5.3212302619787266e-11,4.763162078882943e-06,0.18986235866908352,0.048102851618712875,-0.03765642554040986,0.0759449434676334
57,5,COMPOSITE_Q_PLUS_GB,0.20064854011054278,0.14070358054340118,-0.06565741013561938,-0.005342765340837643,0.12802546282102717,8.737650446647766e-08,1.99309996056941e-09,-3.95022233872028e-06,8.737650446233314e-08,1.9930999602471577e-09,-3.950222338733322e-06,-0.06565732275911491,-0.005342763347737683,0.12802151259868844,0.12802151259868844
57,6,COMPOSITE_Q_PLUS_GB,0.7624657757302524,0.12651079839425533,-0.3274463560063284,-0.05736817559605986,0.2538118563347174,-5.446682943279469e-08,-6.186726965262705e-10,-6.931822744847896e-07,-5.4466829435551034e-08,-6.186726964063638e-10,-6.931822744693505e-07,-0.3274464104731578,-0.05736817621473256,0.25381116315244295,0.25381116315244295
57,7,COMPOSITE_Q_PLUS_GB,0.8468971447939173,0.2154928946284778,0.2961732450057727,-0.051497663851503506,-0.07752023591896072,1.2415455424459158e-07,2.032963627296978e-09,-2.4297807667303727e-06,1.241545542485234e-07,2.03296362383254e-09,-2.4297807667272853e-06,0.29617336916032694,-0.05149766181853988,-0.07752266569972745,0.11846934766413078
57,8,COMPOSITE_Q_PLUS_GB,0.8993423206179865,0.3369632096022356,-0.44935858161346537,0.04313342926278193,-0.3124780542628658,3.3933544810891744e-08,-6.186726965262705e-10,3.4645572578194554e-06,3.39335448074074e-08,-6.186726964063638e-10,3.464557257804035e-06,-0.44935854767992056,0.04313342864410923,-0.312474589705608,0.312474589705608
57,9,COMPOSITE_Q_PLUS_GB,0.9596728274326333,0.2881773934898351,0.2655052379074313,-0.05954351347567613,-0.30376561533706914,5.653759701746268e-06,1.6126655086819188e-08,-1.5252343392020472e-05,5.653759701740313e-06,1.6126655087711494e-08,-1.5252343392002654e-05,0.26551089166713304,-0.05954349734902104,-0.30378086768046114,0.30378086768046114
57,10,COMPOSITE_Q_PLUS_GB,0.8792423177101376,0.39512516690351884,-0.11806971003736902,0.053920052267852694,-0.24265868421341164,-4.5278234985333324e-07,1.5254621113966797e-09,4.108978713941475e-06,-4.5278234984957866e-07,1.525462110796294e-09,4.108978713945888e-06,-0.11807016281971887,0.053920053793314805,-0.2426545752346977,0.2426545752346977
58,1,COMPOSITE_Q,0.6824634909159365,0.026454545259912948,-0.2773556915828747,0.04900182433388064,-0.19313482624476608,0.0,0.0,0.0,0.0,0.0,0.0,-0.2773556915828747,0.04900182433388064,-0.19313482624476608,0.19313482624476608
58,2,COMPOSITE_Q,0.42819875576642435,0.055360732596540854,-0.18527871268600396,-0.03411935827832523,0.08088248529479551,0.0,0.0,0.0,0.0,0.0,0.0,-0.18527871268600396,-0.03411935827832523,0.08088248529479551,0.08088248529479551
58,3,COMPOSITE_Q,0.7673173336945736,0.06750177989676599,0.2362148076827853,0.060505589278998746,0.38789664632085985,0.0,0.0,0.0,0.0,0.0,0.0,0.2362148076827853,0.060505589278998746,0.38789664632085985,0.38789664632085985
58,4,COMPOSITE_Q,0.9771144159309586,0.1451196467677799,0.21206087910737137,0.0865009713285291,-0.254870758995268,0.0,0.0,0.0,0.0,0.0,0.0,0.21206087910737137,0.0865009713285291,-0.254870758995268,0.254870758995268
58,5,COMPOSITE_Q,1.065969758115922,0.06708642861263528,0.45840296744241454,0.07916068452522125,-0.1881709569753799,0.0,0.0,0.0,0.0,0.0,0.0,0.45840296744241454,0.07916068452522125,-0.1881709569753799,0.1881709569753799
58,6,COMPOSITE_Q,1.0716853481536326,0.09940673508632983,0.4343472291799445,0.07924107727761841,-0.3008775950985241,0.0,0.0,0.0,0.0,0.0,0.0,0.4343472291799445,0.07924107727761841,-0.3008775950985241,0.3008775950985241
58,7,COMPOSITE_Q,1.0354096530729708,0.18392982823301335,-0.531522364704514,-0.06460521759743384,-0.08848890829328647,0.0,0.0,0.0,0.0,0.0,0.0,-0.531522364704514,-0.06460521759743384,-0.08848890829328647,0.2126089458818056
58,8,COMPOSITE_Q,0.8706626209772564,0.2747613380496241,-0.6400509303895462,-0.015860009222359982,-0.4007078005947292,0.0,0.0,0.0,0.0,0.0,0.0,-0.6400509303895462,-0.015860009222359982,-0.4007078005947292,0.4007078005947292
58,9,COMPOSITE_Q,0.8084033803237634,0.19962776713337743,-0.10897512540356499,0.06447462837407225,-0.21592076178744396,0.0,0.0,0.0,0.0,0.0,0.0,-0.10897512540356499,0.06447462837407225,-0.21592076178744396,0.21592076178744396
58,10,COMPOSITE_Q,0.43328844414227685,0.20381573252388743,0.22936666474372813,0.005066170973293135,0.3181330890852288,0.0,0.0,0.0,0.0,0.0,0.0,0.22936666474372813,0.005066170973293135,0.3181330890852288,0.3181330890852288
58,1,COMPOSITE_Q_PLUS_RF,0.6824634909159365,0.026456332231337924,-0.2773556915828747,0.04900182433388064,-0.19313482624476608,4.778505351127105e-09,-7.559053466779239e-11,5.3751004349457564e-06,4.778505369174013e-09,-7.559053383232595e-11,5.37510043494005e-06,-0.27735568680436934,0.049001824258290104,-0.19312945114433114,0.19312945114433114
58,2,COMPOSITE_Q_PLUS_RF,0.42819932295822366,0.05536123974327033,-0.18527879789734242,-0.0341193525593237,0.08087704883965859,-2.7134299027551715e-07,2.334952600817894e-08,2.038857092635237e-06,-2.713429902712061e-07,2.334952600713258e-08,2.038857092628854e-06,-0.1852790692403327,-0.03411932920979769,0.08087908769675121,0.08087908769675121
58,3,COMPOSITE_Q_PLUS_RF,0.7673169940031875,0.0675018785890194,0.23621576919321255,0.060505559603897155,0.3878854188123922,5.124415539014592e-09,-1.0102385123901329e-10,1.197960084227786e-07,5.124415530799453e-09,-1.0102384900845252e-10,1.197960084464711e-07,0.23621577431762808,0.060505559502873306,0.38788553860840064,0.38788553860840064
58,4,COMPOSITE_Q_PLUS_RF,0.9771144719441143,0.14512027107587805,0.21205322024359302,0.08650099171847807,-0.25466368266125433,7.621194084073944e-12,-8.165965694400767e-11,7.426031379812587e-09,7.621181463690618e-12,-8.165965126316621e-11,7.426031400914468e-09,0.2120532202512142,0.08650099163681842,-0.25466367523522293,0.25466367523522293
58,5,COMPOSITE_Q_PLUS_RF,1.0659514618721178,0.06708644110470272,0.45842112407344365,0.07916064639716923,-0.18864421136874743,-1.1543215162687035e-07,-7.121146911678183e-11,7.199136394418411e-08,-1.1543215161502474e-07,-7.121146727850913e-11,7.199136395352745e-08,0.45842100864129204,0.07916064632595776,-0.18864413937738347,0.18864413937738347
58,6,COMPOSITE_Q_PLUS_RF,1.0717049939146408,0.09940669821038498,0.4343355109079503,0.07924110919092435,-0.3005983866244358,-1.6825056257575807e-09,-7.674911099640009e-11,7.181718349882346e-07,-1.682505634814646e-09,-7.674910706967353e-11,7.181718350013355e-07,0.43433550922544467,0.07924110911417524,-0.3005976684526008,0.3005976684526008
58,7,COMPOSITE_Q_PLUS_RF,1.0354096243893063,0.18393871389383964,-0.5315236817964569,-0.064605210812022,-0.08846932859205763,3.185975258231353e-06,-7.668820862228988e-11,-4.9927547084140886e-05,3.185975258279683e-06,-7.668821133677284e-11,-4.992754708414704e-05,-0.5315204958211986,-0.06460521088871021,-0.08851925613914177,0.21260819832847946
58,8,COMPOSITE_Q_PLUS_RF,0.8706584515488934,0.27476519580001507,-0.6400730271701737,-0.0158600090635395,-0.40016316411282254,2.67170637295737e-05,7.767880804266894e-10,-0.000428696772220244,2.67170637295866e-05,7.767880817743933e-10,-0.0004286967722202384,-0.6400463101064441,-0.01586000828675142,-0.4005918608850428,0.4005918608850428
58,9,COMPOSITE_Q_PLUS_RF,0.8084132882999672,0.19962770297806828,-0.1089791800864274,0.0644746279968616,-0.2160606792836548,-2.265023221925809e-09,-7.584870692535531e-11,1.5136856652413258e-06,-2.2650232245347013e-09,-7.584870231891472e-11,1.513685665227582e-06,-0.10897918235145063,0.0644746279210129,-0.21605916559798957,0.21605916559798957
58,10,COMPOSITE_Q_PLUS_RF,0.43330830544496646,0.20381584216221824,0.2293754696343243,0.005066171458831775,0.31789866690318097,1.5699689339176552e-07,3.960152695479174e-09,-6.173579138173825e-08,1.5699689340231693e-07,3.960152695353658e-09,-6.173579136792284e-08,0.22937562663121772,0.00506617541898447,0.3178986051673896,0.3178986051673896
58,1,COMPOSITE_Q_PLUS_GB,0.6824634909159365,0.026455748228195134,-0.2773556915828747,0.04900182433388064,-0.19313482624476608,-6.531289455310706e-08,-6.186726965262705e-10,3.693134962320164e-06,-6.531289453715061e-08,-6.186726964063638e-10,3.6931349623181564e-06,-0.27735575689576925,0.04900182371520794,-0.19313113310980376,0.19313113310980376
58,2,COMPOSITE_Q_PLUS_GB,0.42819910239596287,0.05536351243695233,-0.18527868117815818,-0.03411935368056705,0.08087875903444444,-4.4635722650607527e-07,6.816736375634673e-08,1.0172794161813399e-05,-4.4635722651342746e-07,6.816736375370169e-08,1.0172794161808496e-05,-0.1852791275353847,-0.0341192855132033,0.08088893182860625,0.08088893182860625
58,3,COMPOSITE_Q_PLUS_GB,0.7673155515207254,0.06750198503854209,0.2362153787076987,0.06050552097759258,0.38787802751658035,-5.456559121307791e-07,-5.002646783205222e-10,2.0079336585107246e-06,-5.456559121208571e-07,-5.002646769058927e-10,2.0079336585099306e-06,0.2362148330517866,0.060505520477327907,0.38788003545023886,0.38788003545023886
58,4,COMPOSITE_Q_PLUS_GB,0.9771147985628034,0.14511955268291038,0.21206397671418245,0.08650097318888254,-0.25488052857865895,-3.7600322227241566e-07,-6.691312699293728e-10,7.420703677942474e-06,-3.7600322227993033e-07,-6.69131264285916e-10,7.420703677929463e-06,0.21206360071096017,0.08650097251975128,-0.254873107874981,0.254873107874981
58,5,COMPOSITE_Q_PLUS_GB,1.065969315808991,0.06708653764042338,0.4584145439261498,0.079160682127772,-0.1885022870006103,-6.696877162172763e-07,1.5254621113966797e-09,8.301890973490433e-06,-6.696877162259973e-07,1.525462117735188e-09,8.301890973477777e-06,0.45841387423843355,0.07916068365323412,-0.18849398510963683,0.18849398510963683
58,6,COMPOSITE_Q_PLUS_GB,1.0717089895026917,0.09940684026435354,0.4343334406293821,0.07924113550232673,-0.30054564122356475,-5.894309434948237e-07,1.5254621113966797e-09,5.11949786281735e-06,-5.894309434983924e-07,1.525462117735188e-09,5.119497862804412e-06,0.4343328511984386,0.07924113702778884,-0.30054052172570195,0.30054052172570195
58,7,COMPOSITE_Q_PLUS_GB,1.0354097031915048,0.18393055805207825,-0.5315255243160697,-0.06460523906379897,-0.08843927175291205,2.2136257159852915e-07,-6.186726965262705e-10,6.77661180549787e-06,2.2136257160632056e-07,-6.186726964063638e-10,6.7766118054951585e-06,-0.5315253029534981,-0.06460523968247167,-0.08843249514110656,0.21261012118139924
58,8,COMPOSITE_Q_PLUS_GB,0.8706710043552361,0.27476259563031863,-0.6400708425081175,-0.015860006699612673,-0.4001630581299353,-2.225532141474162e-06,1.6713306996820326e-11,-6.242867825342857e-05,-2.2255321414643703e-06,1.6713307821047962e-11,-6.242867825340115e-05,-0.640073068040259,-0.015860006682899365,-0.4002254868081887,0.4002254868081887
58,9,COMPOSITE_Q_PLUS_GB,0.8084695910931994,0.1996278345885277,-0.10894541399140929,0.06447450305761095,-0.21652635687807054,6.88125364589877e-08,-3.239991401412568e-10,-5.301036925743952e-07,6.881253646062735e-08,-3.239991469561332e-10,-5.301036925808855e-07,-0.10894534517887283,0.0644745027336118,-0.21652688698176312,0.21652688698176312
58,10,COMPOSITE_Q_PLUS_GB,0.43330916658239776,0.20381609370671822,0.22935518874900082,0.005066175630585391,0.31839400649908683,6.164739110632183e-07,1.3134562214311027e-09,1.0274404194666483e-05,6.164739110581241e-07,1.3134562213898415e-09,1.027440419465453e-05,0.22935580522291188,0.005066176944041613,0.3184042809032815,0.3184042809032815
59,1,COMPOSITE_Q,0.7927852300191154,0.06360918918860531,-0.4214758790705203,0.05480002549216977,0.41148170931493433,0.0,0.0,0.0,0.0,0.0,0.0,-0.4214758790705203,0.05480002549216977,0.41148170931493433,0.41148170931493433
59,2,COMPOSITE_Q,0.9528070957091483,0.10229945484785015,-0.10817880828169003,-0.0825827503647771,0.4294702995107611,0.0,0.0,0.0,0.0,0.0,0.0,-0.10817880828169003,-0.0825827503647771,0.4294702995107611,0.4294702995107611
59,3,COMPOSITE_Q,0.65647568574193,0.2499060709656327,-0.13814607488003575,0.03864045622310409,-0.18321545435132175,0.0,0.0,0.0,0.0,0.0,0.0,-0.13814607488003575,0.03864045622310409,-0.18321545435132175,0.18321545435132175
59,4,COMPOSITE_Q,0.7509411443122741,0.28361204666572093,0.44520466356949856,0.029419827881633765,0.05856223939315165,0.0,0.0,0.0,0.0,0.0,0.0,0.44520466356949856,0.029419827881633765,0.05856223939315165,0.1780818654277994
59,5,COMPOSITE_Q,0.5041952541274762,0.19129962677603207,-0.47385153398318525,-0.0011371597974743392,-0.0728980151740777,0.0,0.0,0.0,0.0,0.0,0.0,-0.47385153398318525,-0.0011371597974743392,-0.0728980151740777,0.1895406135932741
59,6,COMPOSITE_Q,0.8749356091313517,0.11722890815104767,-0.4181969634307826,0.0508353624386535,-0.26940113694094964,0.0,0.0,0.0,0.0,0.0,0.0,-0.4181969634307826,0.0508353624386535,-0.26940113694094964,0.26940113694094964
59,7,COMPOSITE_Q,0.8886839846784093,0.1250493888002416,-0.16710805050158833,0.06960565847478038,0.051608073622714384,0.0,0.0,0.0,0.0,0.0,0.0,-0.16710805050158833,0.06960565847478038,0.051608073622714384,0.06684322020063534
59,8,COMPOSITE_Q,0.8122152080060588,0.12386910311572766,-0.39103063522345194,-0.04645358333683756,-0.28476619616194354,0.0,0.0,0.0,0.0,0.0,0.0,-0.39103063522345194,-0.04645358333683756,-0.28476619616194354,0.28476619616194354
59,9,COMPOSITE_Q,0.8978699880703013,0.14828840588617126,0.3439022800646044,-0.06746137355658392,0.20652190710826052,0.0,0.0,0.0,0.0,0.0,0.0,0.3439022800646044,-0.06746137355658392,0.20652190710826052,0.20652190710826052
59,10,COMPOSITE_Q,0.6897764256610888,0.20506139051257824,-0.3439252810043009,-0.03703902822900741,0.4909521113553976,0.0,0.0,0.0,0.0,0.0,0.0,-0.3439252810043009,-0.03703902822900741,0.4909521113553976,0.4909521113553976
59,1,COMPOSITE_Q_PLUS_RF,0.7927852300191154,0.06360978010571501,-0.4214758790705203,0.05480002549216977,0.41148170931493433,2.2295223957324717e-08,-8.346401951509378e-11,3.9552635725791245e-06,2.2295223944812648e-08,-8.346402041725653e-11,3.955263572552603e-06,-0.42147585677529636,0.05480002540870575,0.4114856645785069,0.4114856645785069
59,2,COMPOSITE_Q_PLUS_RF,0.9528067715079057,0.10229923555718493,-0.10817998391110603,-0.08258275194931074,0.4294910460567231,1.7335736495674822e-08,-6.008289419759447e-11,-4.793668763868271e-10,1.7335736499091148e-08,-6.008289699099834e-11,-4.793668795244344e-10,-0.10817996657536953,-0.08258275200939363,0.42949104557735623,0.42949104557735623
59,3,COMPOSITE_Q_PLUS_RF,0.656476727976444,0.24990612216028868,-0.13814505682087624,0.03864046096924053,-0.18323998492374383,-7.76447299215618e-09,-7.847667402312858e-11,2.6220247797046644e-07,-7.764472981230952e-09,-7.847667654603541e-11,2.6220247797970053e-07,-0.13814506458534923,0.03864046089076385,-0.18323972272126585,0.18323972272126585
59,4,COMPOSITE_Q_PLUS_RF,0.7509411519843777,0.2836138970577249,0.44520489550546777,0.02941982605085782,0.05856147422806704,-5.541857062538113e-07,-8.568002642752708e-11,7.709985077871042e-06,-5.541857062696387e-07,-8.568002557440835e-11,7.709985077868076e-06,0.4452043413197615,0.029419825965177795,0.05856918421314491,0.1780817365279046
59,5,COMPOSITE_Q_PLUS_RF,0.5041981965740571,0.1912997591596658,-0.4738475261424235,-0.0011371623288373464,-0.07298636901729173,8.769240135978694e-07,4.18325973742384e-09,-3.497872864165008e-05,8.769240135708678e-07,4.183259737526243e-09,-3.497872864165197e-05,-0.4738466492184099,-0.0011371581455776089,-0.07302134774593338,0.18953865968736397
59,6,COMPOSITE_Q_PLUS_RF,0.8749233517214325,0.11725243835234778,-0.41833390688359884,0.05083537172300539,-0.26681786615305275,-2.112377584649273e-08,-8.523620860898456e-11,8.251216690257256e-07,-2.1123775839626546e-08,-8.523620698142054e-11,8.25121669045803e-07,-0.4183339280073747,0.05083537163776918,-0.2668170410313837,0.2668170410313837
59,7,COMPOSITE_Q_PLUS_RF,0.888810429788266,0.12504943076699135,-0.1669756321192922,0.06960607078556294,0.04912761888640937,-2.1187997619782596e-07,-6.020504032746412e-11,1.7047392696051942e-06,-2.1187997620297772e-07,-6.020503540149491e-11,1.7047392696020736e-06,-0.1669758439992684,0.0696060707253579,0.04912932362567897,0.06679033759970736
59,8,COMPOSITE_Q_PLUS_RF,0.8122153247343185,0.12386965258603821,-0.39103058857414175,-0.04645358050397968,-0.2847685590788463,3.383888769236129e-07,-7.581687656783749e-11,-8.726583222824474e-06,3.383888769192822e-07,-7.58168736125775e-11,-8.72658322281783e-06,-0.3910302501852648,-0.04645358057979655,-0.2847772856620691,0.2847772856620691
59,9,COMPOSITE_Q_PLUS_RF,0.897872073025457,0.1482881394336814,0.34389449241584236,-0.06746291372817621,0.2065485057612076,-9.668864591015985e-07,1.3023024586763133e-10,1.5351157497360357e-05,-9.668864591194648e-07,1.3023024325597987e-10,1.5351157497373036e-05,0.34389352552938324,-0.06746291359794597,0.20656385691870496,0.20656385691870496
59,10,COMPOSITE_Q_PLUS_RF,0.6897578376292897,0.20506078398824154,-0.3437350646019974,-0.037037506872026525,0.4877349480807917,4.347468942852734e-07,1.2484301445076341e-09,-3.7104144565690276e-07,4.347468942622612e-07,1.2484301439852352e-09,-3.7104144567923214e-07,-0.3437346298551031,-0.03703750562359638,0.48773457703934603,0.48773457703934603
59,1,COMPOSITE_Q_PLUS_GB,0.7927852300191154,0.06361040335347172,-0.4214758790705203,0.05480002549216977,0.41148170931493433,-1.0320440923011654e-07,-6.186726965262705e-10,6.7944603733615484e-06,-1.032044092408313e-07,-6.186726964063638e-10,6.794460373382716e-06,-0.42147598227492955,0.054800024873497076,0.4114885037753077,0.4114885037753077
59,2,COMPOSITE_Q_PLUS_GB,0.9528064986702433,0.10230204631725764,-0.1081709923562733,-0.08258274909242042,0.4294728246255545,-2.6704232189919836e-07,-6.186726965262705e-10,4.650221093201871e-06,-2.670423218942286e-07,-6.186726964063638e-10,4.65022109319424e-06,-0.10817125939859519,-0.08258274971109311,0.42947747484664767,0.42947747484664767
59,3,COMPOSITE_Q_PLUS_GB,0.656480273507184,0.2499071467505742,-0.13815390878209438,0.03864044066843255,-0.18322844108382721,-6.531289455310706e-08,-3.9834443230960043e-10,4.245324902392275e-06,-6.531289456490619e-08,-3.9834443382735785e-10,4.245324902396597e-06,-0.13815397409498895,0.03864044027008812,-0.18322419575892482,0.18322419575892482
59,4,COMPOSITE_Q_PLUS_GB,0.7509408948550605,0.2836128955866245,0.4452080624306314,0.029419827090799367,0.058485812640003854,-1.8265400003539597e-06,-6.691312699293728e-10,1.245011321748166e-05,-1.8265400003603105e-06,-6.691312712248099e-10,1.2450113217481185e-05,0.445206235890631,0.029419826421668096,0.058498262753221335,0.1780824943562524
59,5,COMPOSITE_Q_PLUS_GB,0.5041703503220402,0.19129966702239465,-0.47383854315898155,-0.0011371600513001496,-0.07322124504521078,6.643968480582635e-07,1.1445896298222524e-09,-8.97693794181579e-06,6.643968480379847e-07,1.14458962988985e-09,-8.97693794181531e-06,-0.4738378787621335,-0.0011371589067105197,-0.0732302219831526,0.1895351515048534
59,6,COMPOSITE_Q_PLUS_GB,0.8748954242187651,0.11722997710607048,-0.4182076816610407,0.0508353270881485,-0.26903592844365803,-5.141529901398729e-09,-6.186726965262705e-10,2.3968554935791042e-06,-5.141529924035382e-09,-6.186726964063638e-10,2.3968554935804853e-06,-0.41820768680257064,0.050835326469475806,-0.26903353158816445,0.26903353158816445
59,7,COMPOSITE_Q_PLUS_GB,0.8886847365459298,0.12504956153648922,-0.16711242200309112,0.06960566209271975,0.051623144096460766,-3.187739312103772e-07,-2.7354056673815447e-10,6.228501120461651e-06,-3.187739312238147e-07,-2.735405651987932e-10,6.2285011204615826e-06,-0.16711274077702234,0.06960566181917918,0.05162937259758123,0.06684509631080894
59,8,COMPOSITE_Q_PLUS_GB,0.8122157798835814,0.12386901977182085,-0.3910311456985013,-0.04645359672272497,-0.28476817303769714,5.0892093987744644e-08,-6.186726965262705e-10,1.0760253917835792e-07,5.089209398345673e-08,-6.186726964063638e-10,1.0760253915664819e-07,-0.3910310948064073,-0.046453597341397666,-0.284768065435158,0.284768065435158
59,9,COMPOSITE_Q_PLUS_GB,0.8978701775641901,0.1482883686261069,0.3438978463351728,-0.06746262394934358,0.20653338690391995,-2.692184722052762e-07,1.856698089117712e-09,1.3728599776653844e-05,-2.692184721819757e-07,1.8566980869438865e-09,1.3728599776663408e-05,0.3438975771167006,-0.06746262209264549,0.20654711550369662,0.20654711550369662
59,10,COMPOSITE_Q_PLUS_GB,0.6897624996930511,0.20506064328533977,-0.3437244166259026,-0.037037785571343636,0.4874953414317696,-1.6376018216462545e-08,-6.186726965262705e-10,1.1889018215584942e-07,-1.637601820814183e-08,-6.186726964063638e-10,1.1889018214361613e-07,-0.3437244330019208,-0.03703778619001633,0.48749546032195173,0.48749546032195173
60,1,COMPOSITE_Q,0.5758582296056923,0.08061478999766901,0.26417163930385373,-0.04052922924072062,-0.34054075052944255,0.0,0.0,0.0,0.0,0.0,0.0,0.26417163930385373,-0.04052922924072062,-0.34054075052944255,0.34054075052944255
60,2,COMPOSITE_Q,0.9000738788584992,0.16470270499624323,0.0718016227640109,-0.07484127892886015,0.13188381239102936,0.0,0.0,0.0,0.0,0.0,0.0,0.0718016227640109,-0.07484127892886015,0.13188381239102936,0.13188381239102936
60,3,COMPOSITE_Q,1.081287831257283,0.11037461061411545,-0.4355189240270155,-0.0772898255540746,0.036589201566109106,0.0,0.0,0.0,0.0,0.0,0.0,-0.4355189240270155,-0.0772898255540746,0.036589201566109106,0.1742075696108062
60,4,COMPOSITE_Q,0.48637066811223423,0.08700569242739568,-0.5236607517817962,-0.0033439879668787885,-0.011768119194627684,0.0,0.0,0.0,0.0,0.0,0.0,-0.5236607517817962,-0.0033439879668787885,-0.011768119194627684,0.20946430071271846
60,5,COMPOSITE_Q,0.9248513593063212,0.1752842470341776,0.2773371478866873,-0.07079332622269056,0.35720718165348453,0.0,0.0,0.0,0.0,0.0,0.0,0.2773371478866873,-0.07079332622269056,0.35720718165348453,0.35720718165348453
60,6,COMPOSITE_Q,0.5135851154957888,0.05806703576513747,0.3365968674234229,0.0311713309855193,-0.35423158502492585,0.0,0.0,0.0,0.0,0.0,0.0,0.3365968674234229,0.0311713309855193,-0.35423158502492585,0.35423158502492585
60,7,COMPOSITE_Q,0.5289481834810557,0.14929029478613295,0.32505960725248284,-0.021707608659828286,0.04288965204478232,0.0,0.0,0.0,0.0,0.0,0.0,0.32505960725248284,-0.021707608659828286,0.04288965204478232,0.13002384290099314
60,8,COMPOSITE_Q,0.9974241425803867,0.26646612785612656,-0.2917268477741214,0.08075029453988701,0.2279499952146443,0.0,0.0,0.0,0.0,0.0,0.0,-0.2917268477741214,0.08075029453988701,0.2279499952146443,0.2279499952146443
60,9,COMPOSITE_Q,1.0145469214572602,0.14336835235812045,-0.6302869484105316,-0.04686961809885695,-0.2958229827509093,0.0,0.0,0.0,0.0,0.0,0.0,-0.6302869484105316,-0.04686961809885695,-0.2958229827509093,0.2958229827509093
60,10,COMPOSITE_Q,0.2929407745324194,0.1148289568298955,0.2644350628470374,0.007138326894320018,-0.3119853330453609,0.0,0.0,0.0,0.0,0.0,0.0,0.2644350628470374,0.007138326894320018,-0.3119853330453609,0.3119853330453609
60,1,COMPOSITE_Q_PLUS_RF,0.5758582296056923,0.08061727590649152,0.26417163930385373,-0.04052922924072062,-0.34054075052944255,-4.944543920007593e-07,1.021210901626626e-08,-9.482931158834724e-06,-4.944543919860322e-07,1.0212109019525073e-08,-9.482931158821817e-06,0.26417114484946175,-0.0405292190286116,-0.34055023346060137,0.34055023346060137
60,2,COMPOSITE_Q_PLUS_RF,0.9000745047640272,0.16470287375488013,0.07179758429546114,-0.07484128456092402,0.13195849021199282,-4.056132450659043e-12,-2.1023797902567566e-11,2.4333702288251552e-06,-4.05613043152897e-12,-2.1023793816965508e-11,2.4333702288159564e-06,0.07179758429140501,-0.07484128458194782,0.13196092358222164,0.13196092358222164
60,3,COMPOSITE_Q_PLUS_RF,1.081293152865323,0.11037451336109431,-0.43551486846391296,-0.07728983593849022,0.03652601825462038,-7.686046710577261e-09,-7.503608163680992e-11,-1.302019126378438e-10,-7.686046687993553e-09,-7.503608845382814e-11,-1.3020191175217022e-10,-0.43551487614995965,-0.0772898360135263,0.03652601812441847,0.17420595045998385
60,4,COMPOSITE_Q_PLUS_RF,0.486372071658527,0.08700880984348512,-0.5235539608165364,-0.003344012923624235,-0.011908371123824894,1.1406888272728985e-06,1.3848838705513092e-09,-1.9757752959496396e-05,1.1406888272835758e-06,1.3848838703416078e-09,-1.9757752959495556e-05,-0.5235528201277091,-0.003344011538740365,-0.01192812887678439,0.20942112805108365
60,5,COMPOSITE_Q_PLUS_RF,0.9248165350929402,0.17528409187260252,0.27722740006078234,-0.07079362022082425,0.3574426390567573,3.796769751894201e-07,1.875608610113899e-10,-2.2104442714959054e-07,3.7967697519292187e-07,1.8756085573556902e-10,-2.2104442715109585e-07,0.27722777973775753,-0.0707936200332634,0.3574424180123302,0.3574424180123302
60,6,COMPOSITE_Q_PLUS_RF,0.5135849033615316,0.058067061983855334,0.33660116522409667,0.031171312444412246,-0.3543117416927077,-8.754584874960048e-08,-5.650527180167677e-11,-1.97452064145849e-09,-8.75458487370473e-08,-5.650527268308281e-11,-1.974520658087897e-09,0.33660107767824793,0.031171312387906974,-0.35431174366722834,0.35431174366722834
60,7,COMPOSITE_Q_PLUS_RF,0.5289483599046854,0.14929026353070926,0.3250594548394383,-0.0217076101991969,0.04289092921662632,-3.695774576179079e-08,-3.480405299506678e-11,-4.5100058097595516e-07,-3.6957745752630444e-08,-3.48040520015136e-11,-4.510005809782447e-07,0.32505941788169257,-0.021707610234000953,0.042890478216045344,0.13002376715267702
60,8,COMPOSITE_Q_PLUS_RF,0.9974239831285286,0.26646622560888056,-0.2917263092421728,0.08075029098158376,0.22794831535345694,3.894411154168164e-10,-8.441191894865165e-11,8.103767804030028e-07,3.8944109048699715e-10,-8.441192189678759e-11,8.103767804024109e-07,-0.2917263088527317,0.08075029089717184,0.22794912573023735,0.22794912573023735
60,9,COMPOSITE_Q_PLUS_RF,1.0145469797175635,0.14336833670165544,-0.6302870421295966,-0.046869610593164045,-0.29582318205536495,-1.3401760312345647e-11,-7.162764726932695e-11,-3.6699828269078536e-11,-1.340172417485519e-11,-7.162764825707768e-11,-3.669980985776533e-11,-0.6302870421429984,-0.04686961066479169,-0.29582318209206476,0.29582318209206476
60,10,COMPOSITE_Q_PLUS_RF,0.29294075340426695,0.11482945864135959,0.26443535660514234,0.007138331430152948,-0.3119859178077552,-4.3623076991285426e-07,9.603733283258158e-10,2.3171019135642902e-06,-4.3623076989574017e-07,9.603733286053795e-10,2.3171019135626025e-06,0.26443492037437244,0.007138332390526277,-0.31198360070584163,0.31198360070584163
60,1,COMPOSITE_Q_PLUS_GB,0.5758582296056923,0.08061483259993216,0.26417163930385373,-0.04052922924072062,-0.34054075052944255,-5.45616236865028e-08,3.4411595223883695e-09,3.0301685407440533e-06,-5.4561623663573755e-08,3.4411595239980386e-09,3.0301685407518875e-06,0.26417158474223007,-0.04052922579956109,-0.3405377203609018,0.3405377203609018
60,2,COMPOSITE_Q_PLUS_GB,0.9000738346839443,0.1647021954641839,0.07179723664681006,-0.07484127854411053,0.1319447070613135,-5.594624565872942e-08,1.338243710472949e-09,2.598450527804308e-07,-5.594624566396256e-08,1.3382437102915645e-09,2.598450527802054e-07,0.0717971807005644,-0.07484127720586682,0.13194496690636628,0.13194496690636628
60,3,COMPOSITE_Q_PLUS_GB,1.081292769396045,0.11037648120914159,-0.43551479028483736,-0.07728984297575212,0.03652936534100345,-2.1459655713034903e-07,-6.186726965262705e-10,6.39230720509885e-06,-2.145965571354047e-07,-6.186726964063638e-10,6.392307205095593e-06,-0.4355150048813945,-0.07728984359442481,0.036535757648208544,0.1742060019525578
60,4,COMPOSITE_Q_PLUS_GB,0.4863748644930778,0.08700958222032684,-0.52344133156896,-0.0033440073056088043,-0.012059103343017429,1.3250317738890167e-06,1.1445896298222524e-09,-2.4333341984198517e-05,1.3250317738577877e-06,1.1445896296730096e-09,-2.4333341984199286e-05,-0.5234400065371861,-0.0033440061610191746,-0.012083436685001628,0.20937600261487446
60,5,COMPOSITE_Q_PLUS_GB,0.9247779446342725,0.17529013791102693,0.27711802108289796,-0.07079396246270653,0.35759024492663893,-1.8660193414257925e-05,1.6878314975088614e-09,-8.860011048825622e-07,-1.866019341423275e-05,1.6878314995638632e-09,-8.86001104871692e-07,0.2770993608894837,-0.07079396077487503,0.35758935892553406,0.35758935892553406
60,6,COMPOSITE_Q_PLUS_GB,0.513597425404402,0.05806732667523299,0.33661996383425885,0.031171267045887928,-0.3543098713151914,-2.7358376403054034e-07,7.295318905158304e-10,1.1896373118497055e-06,-2.7358376403219253e-07,7.295318897593273e-10,1.1896373118269743e-06,0.3366196902504948,0.031171267775419818,-0.3543086816778796,0.3543086816778796
60,7,COMPOSITE_Q_PLUS_GB,0.5289481961120888,0.14929037243089915,0.3250593288468444,-0.021707610282864852,0.04289098733019708,-1.0150986697285068e-07,3.97462527990054e-09,2.0166614249786288e-06,-1.0150986695656172e-07,3.9746252782080216e-09,2.016661424977806e-06,0.32505922733697745,-0.021707606308239574,0.04289300399162206,0.130023690934791
60,8,COMPOSITE_Q_PLUS_GB,0.997424049929369,0.26646835041283634,-0.2917258790307815,0.08075027765360779,0.22794533113624804,-3.2998604932387307e-07,-6.186726965262705e-10,6.861179495275197e-06,-3.2998604931888664e-07,-6.186726964063638e-10,6.861179495276648e-06,-0.29172620901683083,0.08075027703493509,0.22795219231574332,0.22795219231574332
60,9,COMPOSITE_Q_PLUS_GB,1.0145477754974825,0.14336873987455778,-0.63028698481071,-0.04686960549591312,-0.295829543529399,4.452410804138249e-07,-6.186726965262705e-10,-1.2591454579458787e-05,4.4524108044896593e-07,-6.186726964063638e-10,-1.259145457943589e-05,-0.6302865395696295,-0.046869606114585814,-0.29584213498397843,0.29584213498397843
60,10,COMPOSITE_Q_PLUS_GB,0.2929405715240944,0.11482935606018053,0.26443446928681025,0.007138342928901127,-0.31197218556888406,1.865029898153032e-08,1.9426413871663075e-09,-2.4522637763461346e-06,1.8650298971856216e-08,1.942641387163435e-09,-2.4522637763202404e-06,0.2644344879371092,0.007138344871542514,-0.3119746378326604,0.3119746378326604
61,1,COMPOSITE_Q,0.9012322427138307,0.02991749653062583,-0.16754340205756332,0.07757901889070008,-0.20171815696077444,0.0,0.0,0.0,0.0,0.0,0.0,-0.16754340205756332,0.07757901889070008,-0.20171815696077444,0.20171815696077444
61,2,COMPOSITE_Q,0.6606195294278902,0.0831571728983418,0.047441197344861956,0.05753843937562962,0.18351239380755582,0.0,0.0,0.0,0.0,0.0,0.0,0.047441197344861956,0.05753843937562962,0.18351239380755582,0.18351239380755582
61,3,COMPOSITE_Q,1.1471541978353126,0.06335458499579494,-0.4174535242743608,0.08892702397316102,0.4485771679611833,0.0,0.0,0.0,0.0,0.0,0.0,-0.4174535242743608,0.08892702397316102,0.4485771679611833,0.4485771679611833
61,4,COMPOSITE_Q,0.6214739052137337,0.08335632802032641,-0.45337965390088836,-0.030788340351001434,0.2554133853802944,0.0,0.0,0.0,0.0,0.0,0.0,-0.45337965390088836,-0.030788340351001434,0.2554133853802944,0.2554133853802944
61,5,COMPOSITE_Q,1.2281785860801824,0.16184526258402393,-0.5655075314171296,0.08365727261914713,-0.363601934340241,0.0,0.0,0.0,0.0,0.0,0.0,-0.5655075314171296,0.08365727261914713,-0.363601934340241,0.363601934340241
61,6,COMPOSITE_Q,0.6467747087263088,0.28009213872891947,0.44737735381796234,0.007748651388597304,0.22008354768318195,0.0,0.0,0.0,0.0,0.0,0.0,0.44737735381796234,0.007748651388597304,0.22008354768318195,0.22008354768318195
61,7,COMPOSITE_Q,0.590522744644126,0.38016564758672894,-0.3187620082899408,0.024711766700452324,0.1499923137535494,0.0,0.0,0.0,0.0,0.0,0.0,-0.3187620082899408,0.024711766700452324,0.1499923137535494,0.1499923137535494
61,8,COMPOSITE_Q,1.0386596686388412,0.43957497279116947,-0.09803232275228686,0.08135269736080823,-0.3916172050341051,0.0,0.0,0.0,0.0,0.0,0.0,-0.09803232275228686,0.08135269736080823,-0.3916172050341051,0.3916172050341051
61,9,COMPOSITE_Q,1.1287443931717802,0.4237749724715762,-0.016299656176080184,-0.07444543748428321,0.13562759524034174,0.0,0.0,0.0,0.0,0.0,0.0,-0.016299656176080184,-0.07444543748428321,0.13562759524034174,0.13562759524034174
61,10,COMPOSITE_Q,1.0602045800148647,0.3354167541383875,-0.16324523113144404,-0.07063684375925293,0.05230710865309677,0.0,0.0,0.0,0.0,0.0,0.0,-0.16324523113144404,-0.07063684375925293,0.05230710865309677,0.06529809245257762
61,1,COMPOSITE_Q_PLUS_RF,0.9012322427138307,0.02991749661141435,-0.16754340205756332,0.07757901889070008,-0.20171815696077444,-4.0838408734151845e-10,-8.03489898978014e-11,4.598596394391586e-07,-4.083840765556346e-10,-8.034899134923279e-11,4.598596394511656e-07,-0.1675434024659474,0.07757901881035109,-0.201717697101135,0.201717697101135
61,2,COMPOSITE_Q_PLUS_RF,0.6606194957037892,0.08315798594292169,0.04728739142217138,0.057538463015773436,0.1866329054507594,-2.0982026681814073e-07,-7.497846060737754e-11,-1.6526470382649557e-09,-2.0982026682075938e-07,-7.497846093995619e-11,-1.6526470469901966e-09,0.04728718160190456,0.057538462940794975,0.18663290379811234,0.18663290379811234
61,3,COMPOSITE_Q_PLUS_RF,1.147134473132737,0.06335576834089006,-0.41727757943021343,0.08892727907093792,0.4450374762308957,1.013524375049025e-06,-9.028914952870689e-11,-1.296937284808352e-05,1.0135243750375444e-06,-9.02891511556092e-11,-1.2969372848059546e-05,-0.4172765659058384,0.08892727898064877,0.4450245068580476,0.4450245068580476
61,4,COMPOSITE_Q_PLUS_RF,0.6214297509585026,0.08335616783667854,-0.4534106396958426,-0.03078814351974395,0.25597776288795226,8.03704853081552e-09,1.239211282979634e-09,-1.915797496911599e-06,8.037048526698953e-09,1.23921128220017e-09,-1.9157974969208347e-06,-0.4534106316587941,-0.030788142280532668,0.25597584709045534,0.25597584709045534
61,5,COMPOSITE_Q_PLUS_RF,1.2281798812504627,0.1618452474700496,-0.5655067879837247,0.08365728572444792,-0.3636158704472215,-3.265361836911712e-09,-8.656276795799915e-11,-1.1153389171549288e-11,-3.2653618697864317e-09,-8.656277084018171e-11,-1.1153411527686785e-11,-0.5655067912490865,0.08365728563788515,-0.3636158704583749,0.3636158704583749
61,6,COMPOSITE_Q_PLUS_RF,0.6467747256106271,0.2800932898245052,0.44737638683590286,0.007748647037219879,0.2200848373616095,4.1692447338682135e-12,-4.236236012007012e-11,-4.515669785784405e-06,4.16922052437485e-12,-4.236236014754091e-11,-4.515669785792875e-06,0.4473763868400721,0.007748646994857519,0.2200803216918237,0.2200803216918237
61,7,COMPOSITE_Q_PLUS_RF,0.5905212384885588,0.38016634423171464,-0.31876095587265957,0.024711776414552085,0.14999590748554473,-4.961351357211914e-07,-5.83236245702948e-11,-1.555317019611217e-05,-4.961351356969068e-07,-5.83236237083895e-11,-1.555317019610869e-05,-0.31876145200779527,0.02471177635622846,0.14998035431534862,0.14998035431534862
61,8,COMPOSITE_Q_PLUS_RF,1.0386578817688672,0.4395744020389233,-0.09802976968952289,0.08135269690678981,-0.3917604988407577,7.955120942265978e-07,-8.140141070030689e-11,-1.308143324113213e-05,7.955120942260141e-07,-8.14014133876384e-11,-1.3081433241135532e-05,-0.09802897417742866,0.0813526968253884,-0.39177358027399883,0.39177358027399883
61,9,COMPOSITE_Q_PLUS_RF,1.1287473826553414,0.42377482477598516,-0.01630126747828667,-0.07444542257927535,0.13590821266327416,8.699803016624492e-08,-4.6544414101724756e-11,1.7387475635566978e-06,8.699803016529173e-08,-4.6544407217297135e-11,1.738747563567733e-06,-0.016301180480256503,-0.07444542262581975,0.13590995141083773,0.13590995141083773
61,10,COMPOSITE_Q_PLUS_RF,1.0602086333506586,0.33541721961347876,-0.16324459767456415,-0.07063685217463472,0.05131499020309713,1.4843640615410062e-06,-3.738778410827852e-11,-2.2401257348184756e-05,1.4843640615547216e-06,-3.7387787310549925e-11,-2.2401257348182713e-05,-0.1632431133105026,-0.07063685221202251,0.051292588945748945,0.06529724532420103
61,1,COMPOSITE_Q_PLUS_GB,0.9012322427138307,0.0299175192242355,-0.16754340205756332,0.07757901889070008,-0.20171815696077444,-6.531289455310706e-08,-6.691312699293728e-10,4.1406828251856915e-06,-6.531289456490619e-08,-6.69131264285916e-10,4.14068282519886e-06,-0.1675434673704579,0.07757901822156882,-0.20171401627794924,0.20171401627794924
61,2,COMPOSITE_Q_PLUS_GB,0.6606192514568224,0.08315713583085921,0.04741497399325952,0.057538446157142424,0.184042848845542,-4.5479251694272314e-07,-3.9834443230960043e-10,8.343514693323498e-06,-4.5479251694485745e-07,-3.9834443382735785e-10,8.34351469330974e-06,0.04741451920074258,0.05753844575879799,0.18405119236023532,0.18405119236023532
61,3,COMPOSITE_Q_PLUS_GB,1.1471507467008761,0.06335492155372775,-0.41753610213859316,0.08892712417764673,0.44991718344117526,-1.2112485170135954e-07,-6.186726965262705e-10,6.7944603733615484e-06,-1.2112485170412413e-07,-6.186726964063638e-10,6.794460373382716e-06,-0.41753622326344486,0.08892712355897403,0.44992397790154864,0.44992397790154864
61,4,COMPOSITE_Q_PLUS_GB,0.6216202137161834,0.08335659580405061,-0.4532739225598453,-0.03078844977985877,0.25352595915368475,1.797218998273271e-07,-6.186726965262705e-10,-1.1948507829513954e-06,1.7972189980675068e-07,-6.186726964063638e-10,-1.194850782926249e-06,-0.45327374283794547,-0.030788450398531467,0.25352476430290183,0.25352476430290183
61,5,COMPOSITE_Q_PLUS_GB,1.228178889379886,0.16184660582676128,-0.5655049307125751,0.08365721566484462,-0.36361875613073763,1.2914290186855748e-07,-6.186726965262705e-10,-5.610664541315319e-06,1.2914290181686994e-07,-6.186726964063638e-10,-5.610664541300103e-06,-0.5655048015696733,0.08365721504617192,-0.36362436679527893,0.36362436679527893
61,6,COMPOSITE_Q_PLUS_GB,0.6467765061670112,0.28009220258026124,0.4473754174921939,0.007748650912773981,0.220091530367343,-2.802520638557883e-07,1.628497584207925e-09,5.184560631439997e-07,-2.802520638334194e-07,1.6284975841787674e-09,5.184560631366075e-07,0.44737513724013006,0.007748652541271565,0.22009204882340613,0.22009204882340613
61,7,COMPOSITE_Q_PLUS_GB,0.590522682572449,0.3801664740423046,-0.3187580721271961,0.024711768497533558,0.14993902795269076,-1.5514229972453494e-07,1.7605085972301406e-09,1.8666664936714525e-06,-1.5514229972923843e-07,1.7605085965433087e-09,1.8666664936828337e-06,-0.3187582272694958,0.024711770258042155,0.14994089461918444,0.14994089461918444
61,8,COMPOSITE_Q_PLUS_GB,1.0386558844448694,0.4395745339167537,-0.0980328466820247,0.08135269776903098,-0.39180437097019705,-1.1204249549232678e-06,-6.186726965262705e-10,0.00011649845807966886,-1.1204249549257028e-06,-6.186726964063638e-10,0.0001164984580796502,-0.09803396710697962,0.08135269715035828,-0.3916878725121174,0.3916878725121174
61,9,COMPOSITE_Q_PLUS_GB,1.1287462280853986,0.4237745225927573,-0.01629932606549545,-0.0744454313864151,0.13576275060964682,-1.040512525347998e-07,1.338243710472949e-09,-3.4163029999047495e-06,-1.0405125253423742e-07,1.3382437102915645e-09,-3.4163029999090266e-06,-0.016299430116747983,-0.07444543004817139,0.1357593343066469,0.1357593343066469
61,10,COMPOSITE_Q_PLUS_GB,1.0602055578803984,0.33541678866477725,-0.1632467503450166,-0.07063684666364212,0.052380762320176806,-9.502537621009415e-08,1.338243710472949e-09,1.6387283097543952e-06,-9.502537620664775e-08,1.3382437102915645e-09,1.6387283097510363e-06,-0.1632468453703928,-0.0706368453253984,0.05238240104848656,0.06529873814815712
62,1,COMPOSITE_Q,0.8895167815102556,0.05590216792565434,-0.09751160932969583,-0.08106072795032615,-0.36478262669686334,0.0,0.0,0.0,0.0,0.0,0.0,-0.09751160932969583,-0.08106072795032615,-0.36478262669686334,0.36478262669686334
62,2,COMPOSITE_Q,0.8549821049565003,0.05615276239562818,-0.15172119582009017,0.07515692461956294,-0.10293547405280674,0.0,0.0,0.0,0.0,0.0,0.0,-0.15172119582009017,0.07515692461956294,-0.10293547405280674,0.10293547405280674
62,3,COMPOSITE_Q,0.4461882743857178,0.128900116977173,-0.33854200418884056,-0.023183621687275887,0.1107901175101614,0.0,0.0,0.0,0.0,0.0,0.0,-0.33854200418884056,-0.023183621687275887,0.1107901175101614,0.1354168016755362
62,4,COMPOSITE_Q,0.9679554602860183,0.1883971399102668,0.05728007667640714,0.08577497307832828,0.47759602227241615,0.0,0.0,0.0,0.0,0.0,0.0,0.05728007667640714,0.08577497307832828,0.47759602227241615,0.47759602227241615
62,5,COMPOSITE_Q,0.5442723623654898,0.28828636769514054,0.21780127382285178,-0.01958049346334795,-0.44187171467707276,0.0,0.0,0.0,0.0,0.0,0.0,0.21780127382285178,-0.01958049346334795,-0.44187171467707276,0.44187171467707276
62,6,COMPOSITE_Q,1.0072286304209905,0.22714761730416444,-0.5923760011857494,0.047401553878530664,-0.38564945396641737,0.0,0.0,0.0,0.0,0.0,0.0,-0.5923760011857494,0.047401553878530664,-0.38564945396641737,0.38564945396641737
62,7,COMPOSITE_Q,1.1855027062832033,0.4064690837313221,-0.22124129142386176,0.08954830192022863,-0.07097303955891213,0.0,0.0,0.0,0.0,0.0,0.0,-0.22124129142386176,0.08954830192022863,-0.07097303955891213,0.0884965165695447
62,8,COMPOSITE_Q,0.7922849511869097,0.3946884032042533,0.17868669386228558,0.04177336790189685,0.2516667346697157,0.0,0.0,0.0,0.0,0.0,0.0,0.17868669386228558,0.04177336790189685,0.2516667346697157,0.2516667346697157
62,9,COMPOSITE_Q,1.1814724029429806,0.5294806806591554,-0.03247368451027576,0.08303583565140345,-0.35670109550676604,0.0,0.0,0.0,0.0,0.0,0.0,-0.03247368451027576,0.08303583565140345,-0.35670109550676604,0.35670109550676604
62,10,COMPOSITE_Q,0.9611436890476048,0.4443813761963967,0.42295698739785587,0.043267040870325714,-0.2888403334688314,0.0,0.0,0.0,0.0,0.0,0.0,0.42295698739785587,0.043267040870325714,-0.2888403334688314,0.2888403334688314
62,1,COMPOSITE_Q_PLUS_RF,0.8895167815102556,0.055902172547858064,-0.09751160932969583,-0.08106072795032615,-0.36478262669686334,-7.090291217436774e-09,-6.466721916384974e-11,4.616506882181504e-07,-7.090291215261502e-09,-6.466721602649272e-11,4.616506882326732e-07,-0.09751161641998704,-0.08106072801499337,-0.3647821650461751,0.3647821650461751
62,2,COMPOSITE_Q_PLUS_RF,0.8549821379106648,0.05615273743220821,-0.15172148363093785,0.07515692482759923,-0.10293283277974224,-1.4081738874080433e-09,-7.64566851070161e-11,2.887126794653844e-07,-1.4081738830551416e-09,-7.645668820277507e-11,2.887126794720585e-07,-0.15172148503911173,0.07515692475114254,-0.10293254406706277,0.10293254406706277
62,3,COMPOSITE_Q_PLUS_RF,0.4461883997463177,0.12889977141209108,-0.3385419163277334,-0.023183625203678875,0.11075917000172468,6.991955981792065e-08,5.215383886234858e-09,-2.795800495668711e-08,6.991955980861775e-08,5.2153838851765055e-09,-2.7958004952810533e-08,-0.3385418464081736,-0.02318361998829499,0.11075914204371973,0.13541673856326944
62,4,COMPOSITE_Q_PLUS_RF,0.967958464599561,0.18839762339626004,0.05737641366922923,0.08577494694344567,0.47749585384427146,6.320878256338633e-07,-7.705895614731684e-11,-2.827866157848508e-06,6.320878256360629e-07,-7.70589564380586e-11,-2.827866157850689e-06,0.057377045757054865,0.08577494686638672,0.4774930259781136,0.4774930259781136
62,5,COMPOSITE_Q_PLUS_RF,0.5442316686718307,0.28828635487181287,0.21770624888327209,-0.01958060049732386,-0.44175154586536336,7.242506423558631e-08,-5.0598419705138615e-11,1.6389627465568086e-06,7.242506422366901e-08,-5.0598421286185413e-11,1.6389627465751566e-06,0.2177063213083363,-0.01958060054792228,-0.4417499069026168,0.4417499069026168
62,6,COMPOSITE_Q_PLUS_RF,1.0072280126563748,0.22714829117325344,-0.5923765996609871,0.04740155814168981,-0.38564259834299514,-9.135957278641644e-07,-8.74728107979853e-11,-3.5629957838664466e-06,-9.135957278472162e-07,-8.747281371457305e-11,-3.5629957838567705e-06,-0.592377513256715,0.047401558054216995,-0.385646161338779,0.385646161338779
62,7,COMPOSITE_Q_PLUS_RF,1.1855021054646486,0.4064694795116509,-0.22124176944359664,0.08954830463436417,-0.07095775190855574,1.1069172021509315e-08,-6.711376553537912e-11,-2.763577758840937e-10,1.1069172023425722e-08,-6.711375899470795e-11,-2.7635777000156736e-10,-0.2212417583744246,0.08954830456725041,-0.07095775218491351,0.08849670334976985
62,8,COMPOSITE_Q_PLUS_RF,0.7922809326355937,0.39469768427008745,0.17868832170213783,0.04177338895764127,0.2516525217459798,1.8565528560936677e-06,1.1401785112075797e-08,-3.45046827826584e-05,1.8565528560887667e-06,1.1401785113274165e-08,-3.4504682782654506e-05,0.17869017825499392,0.04177340035942639,0.25161801706319714,0.25161801706319714
62,9,COMPOSITE_Q_PLUS_RF,1.1814704798369837,0.5294806694226718,-0.032475492026410015,0.08303583630262847,-0.356666020784228,-4.354417678807424e-09,-7.910990027584852e-11,7.209699683148768e-09,-4.354417680596523e-09,-7.910989918702427e-11,7.20969967060725e-09,-0.032475496380827695,0.08303583622351857,-0.3566660135745283,0.3566660135745283
62,10,COMPOSITE_Q_PLUS_RF,0.9611435792148705,0.4443855214818528,0.4229635080645264,0.04326703516691382,-0.28893630507216345,6.548198034572121e-06,-7.526336359367434e-11,-2.1487955988371364e-05,6.548198034583841e-06,-7.526336498475672e-11,-2.1487955988386265e-05,0.42297005626256096,0.04326703509165045,-0.28895779302815183,0.28895779302815183
62,1,COMPOSITE_Q_PLUS_GB,0.8895167815102556,0.05590217721950697,-0.09751160932969583,-0.08106072795032615,-0.36478262669686334,-2.659201833309988e-08,-6.186726965262705e-10,-1.0107741173853436e-06,-2.659201833732361e-08,-6.186726964063638e-10,-1.0107741174048002e-06,-0.09751163592171416,-0.08106072856899885,-0.36478363747098075,0.36478363747098075
62,2,COMPOSITE_Q_PLUS_GB,0.8549820219988187,0.056152786267827985,-0.15172161531111203,0.07515692563439992,-0.10293218660944081,-6.531289455310706e-08,-3.239991401412568e-10,4.692872765257803e-06,-6.531289456490619e-08,-3.239991469561332e-10,4.692872765263423e-06,-0.1517216806240066,0.07515692531040077,-0.10292749373667555,0.10292749373667555
62,3,COMPOSITE_Q_PLUS_GB,0.44618859453114884,0.12890033223914407,-0.33858204546420423,-0.023183625716393996,0.11159469432703321,-1.5807775218775615e-07,2.0132831093520052e-09,5.612686664800031e-05,-1.5807775216591935e-07,2.01328310966975e-09,5.612686664800692e-05,-0.3385822035419564,-0.023183623703110886,0.11165082119368122,0.13543288141678256
62,4,COMPOSITE_Q_PLUS_GB,0.9678815794292223,0.18839880400044043,0.056801440420869494,0.08577488471481236,0.4774274045220121,-4.287188262903374e-07,-5.002646783205222e-10,7.420703677942474e-06,-4.2871882628692237e-07,-5.002646769058927e-10,7.420703677929463e-06,0.05680101170204321,0.08577488421454768,0.47743482522569003,0.47743482522569003
62,5,COMPOSITE_Q_PLUS_GB,0.5444903607942596,0.2882864568146087,0.2183132514676047,-0.019579935967724046,-0.4425586889960306,-7.839402753161381e-08,3.2129590174785804e-09,5.34125353738811e-06,-7.839402751952385e-08,3.212959016896111e-09,5.341253537405333e-06,0.21831317307357717,-0.01957993275476503,-0.4425533477424932,0.4425533477424932
62,6,COMPOSITE_Q_PLUS_GB,1.007228686610077,0.22715047311712594,-0.5923761854805983,0.04740156227780209,-0.38564950073978527,1.914568619181989e-07,-6.186726965262705e-10,-1.006727109174792e-05,1.9145686191990308e-07,-6.186726964063638e-10,-1.0067271091762642e-05,-0.5923759940237364,0.04740156165912939,-0.38565956801087703,0.38565956801087703
62,7,COMPOSITE_Q_PLUS_GB,1.1855019904602642,0.4064692295952506,-0.22124134751230512,0.08954829704506918,-0.07096611924377483,-7.489090803343072e-07,1.644338146575166e-09,7.702306468489084e-06,-7.489090803336484e-07,1.6443381517516897e-09,7.702306468487796e-06,-0.22124209642138545,0.08954829868940734,-0.07095841693730634,0.08849683856855418
62,8,COMPOSITE_Q_PLUS_GB,0.7922840207856557,0.39468956852870785,0.17868750556676832,0.04177338027942112,0.2516617568551511,-3.515448562786148e-07,3.80331232223212e-09,-3.4543939603764134e-06,-3.5154485628074994e-07,3.803312324801578e-09,-3.454393960378166e-06,0.17868715402191204,0.04177338408273344,0.2516583024611907,0.2516583024611907
62,9,COMPOSITE_Q_PLUS_GB,1.1814719752670877,0.5294809026982881,-0.03247372912618056,0.0830358219337182,-0.3566953186308467,-8.489039395987835e-07,1.299206016787049e-09,9.397871505256611e-06,-8.489039396014642e-07,1.2992060205441192e-09,9.397871505278932e-06,-0.03247457803012016,0.08303582323292422,-0.3566859207593414,0.3566859207593414
62,10,COMPOSITE_Q_PLUS_GB,0.9611435006740348,0.4443814409178586,0.42296080333290886,0.04326704776152202,-0.28888513818606565,-4.903926141440319e-07,5.7993061579176185e-09,3.3814180209449475e-06,-4.903926141275328e-07,5.799306160292339e-09,3.3814180209201794e-06,0.42296031294029474,0.04326705356082818,-0.28888175676804473,0.28888175676804473
63,1,COMPOSITE_Q,0.8775537475753707,0.10632657418265756,-0.5109175777094123,0.04872372687232917,-0.3926759963683077,0.0,0.0,0.0,0.0,0.0,0.0,-0.5109175777094123,0.04872372687232917,-0.3926759963683077,0.3926759963683077
63,2,COMPOSITE_Q,1.095724291696332,0.19383328055302834,0.2909270963588571,0.0867314637360189,0.4200053248312527,0.0,0.0,0.0,0.0,0.0,0.0,0.2909270963588571,0.0867314637360189,0.4200053248312527,0.4200053248312527
63,3,COMPOSITE_Q,0.8099082924323334,0.36966341845303347,0.15346001167317525,-0.048385831925744895,0.15470908009321577,0.0,0.0,0.0,0.0,0.0,0.0,0.15346001167317525,-0.048385831925744895,0.15470908009321577,0.15470908009321577
63,4,COMPOSITE_Q,0.6618663217455684,0.4757019989357582,0.3500245318319397,0.003853335792908902,0.17603844184030856,0.0,0.0,0.0,0.0,0.0,0.0,0.3500245318319397,0.003853335792908902,0.17603844184030856,0.17603844184030856
63,5,COMPOSITE_Q,0.5411787546932526,0.38728716509850697,-0.08940367627577162,0.017315490336958013,-0.10464175950118006,0.0,0.0,0.0,0.0,0.0,0.0,-0.08940367627577162,0.017315490336958013,-0.10464175950118006,0.10464175950118006
63,6,COMPOSITE_Q,0.868399287243197,0.4423426433324643,-0.08341684869466466,0.06034740500949648,0.42314878824915636,0.0,0.0,0.0,0.0,0.0,0.0,-0.08341684869466466,0.06034740500949648,0.42314878824915636,0.42314878824915636
63,7,COMPOSITE_Q,1.1813055863954112,0.5223789943234065,-0.1385834966157118,-0.06643324181058075,0.20364676535430357,0.0,0.0,0.0,0.0,0.0,0.0,-0.1385834966157118,-0.06643324181058075,0.20364676535430357,0.20364676535430357
63,8,COMPOSITE_Q,0.9286120581196997,0.5722776256359794,-0.24166949530065818,-0.028085335036642515,-0.19779614893501135,0.0,0.0,0.0,0.0,0.0,0.0,-0.24166949530065818,-0.028085335036642515,-0.19779614893501135,0.19779614893501135
63,9,COMPOSITE_Q,0.9322173954146156,0.651898389491107,0.42823285648057857,0.01566661715584431,-0.08295362377016366,0.0,0.0,0.0,0.0,0.0,0.0,0.42823285648057857,0.01566661715584431,-0.08295362377016366,0.17129314259223144
63,10,COMPOSITE_Q,1.400309740272457,0.6398805604591523,-0.11785372641339394,-0.07656700665606433,-0.36511457104077477,0.0,0.0,0.0,0.0,0.0,0.0,-0.11785372641339394,-0.07656700665606433,-0.36511457104077477,0.36511457104077477
63,1,COMPOSITE_Q_PLUS_RF,0.8775537475753707,0.10632657215810569,-0.5109175777094123,0.04872372687232917,-0.3926759963683077,9.53142659812e-10,-7.96678692802433e-11,6.862733120488129e-08,9.531426758968564e-10,-7.966786952362526e-11,6.862733120671649e-08,-0.5109175767562696,0.0487237267926613,-0.3926759277409765,0.3926759277409765
63,2,COMPOSITE_Q_PLUS_RF,1.0957242811575283,0.19383398415328984,0.29093160868785656,0.08673147092137522,0.41999829427343754,3.5784148116576008e-06,-8.196805718941756e-11,-1.0878976076564162e-07,3.578414811633568e-06,-8.196805734161927e-11,-1.0878976075545665e-07,0.2909351871026682,0.08673147083940716,0.4199981854836768,0.4199981854836768
63,3,COMPOSITE_Q_PLUS_RF,0.8099050670175053,0.36966335448156756,0.15345158110072268,-0.04838585392442266,0.15472177153990618,1.548696497116108e-08,-3.7573373677310266e-11,-1.3345148884887277e-10,1.5486964960453875e-08,-3.757337496690383e-11,-1.3345149985077853e-10,0.15345159658768764,-0.04838585396199604,0.15472177140645468,0.15472177140645468
63,4,COMPOSITE_Q_PLUS_RF,0.6618659159731307,0.4757025833298129,0.35002450499484494,0.0038534245438184224,0.17603036032158695,-1.069576646686112e-07,-5.626194500787106e-11,1.5117853613444705e-06,-1.0695766466950474e-07,-5.6261945189511886e-11,1.5117853613411114e-06,0.3500243980371803,0.0038534244875564772,0.1760318721069483,0.1760318721069483
63,5,COMPOSITE_Q_PLUS_RF,0.5411778094797232,0.3872872669045232,-0.08940321272659456,0.017315403475285998,-0.10463057205671145,1.1699424598188263e-07,3.7069239938602253e-09,-4.265536432469752e-06,1.1699424598554664e-07,3.7069239934572895e-09,-4.265536432471184e-06,-0.08940309573234857,0.01731540718220999,-0.10463483759314392,0.10463483759314392
63,6,COMPOSITE_Q_PLUS_RF,0.868398819180704,0.4423426237620144,-0.08341696307280118,0.06034739508612032,0.42314275429209053,1.3748166311752988e-09,-6.880097589726667e-11,1.0430499205279882e-07,1.374816635535403e-09,-6.880097880301861e-11,1.0430499203240018e-07,-0.08341696169798454,0.06034739501731934,0.42314285859708256,0.42314285859708256
63,7,COMPOSITE_Q_PLUS_RF,1.1813055769086969,0.5223807828107448,-0.13858348914828347,-0.06643324344025438,0.2036472566514578,-2.1310438168941217e-07,-5.0560177560296924e-11,6.244867897567636e-06,-2.1310438169663826e-07,-5.056018104188098e-11,6.244867897575723e-06,-0.13858370225266517,-0.06643324349081456,0.20365350151935538,0.20365350151935538
63,8,COMPOSITE_Q_PLUS_RF,0.9286123116335596,0.5722783336954675,-0.2416693360738287,-0.028085329256571555,-0.1978022228108074,-1.1111160418865995e-07,7.353629199253552e-10,2.8155191590664943e-06,-1.1111160419519095e-07,7.353629198625367e-10,2.815519159066193e-06,-0.2416694471854329,-0.028085328521208635,-0.19779940729164833,0.19779940729164833
63,9,COMPOSITE_Q_PLUS_RF,0.9322172041185741,0.6519018013595184,0.42823676330167854,0.015666596445000593,-0.08301816540274191,1.043127650539911e-05,1.2222990449839185e-08,-0.00010929376585064316,1.0431276505407094e-05,1.2222990449645144e-08,-0.00010929376585064321,0.42824719457818394,0.015666608667991043,-0.08312745916859256,0.17129887783127357
63,10,COMPOSITE_Q_PLUS_RF,1.4003088187632569,0.639881215627957,-0.11786797408225239,-0.07656698009929457,-0.364940880904196,2.0847958471670385e-06,-2.985655499959532e-10,-3.0532759767914267e-06,2.084795847165366e-06,-2.9856554728535656e-10,-3.053275976772074e-06,-0.11786588928640522,-0.07656698039786011,-0.3649439341801728,0.3649439341801728
63,1,COMPOSITE_Q_PLUS_GB,0.8775537475753707,0.1063266121179414,-0.5109175777094123,0.04872372687232917,-0.3926759963683077,1.1974418202400167e-07,-6.186726965262705e-10,-6.0298099246286054e-06,1.1974418201443626e-07,-6.186726964063638e-10,-6.029809924645857e-06,-0.5109174579652302,0.04872372625365647,-0.39268202617823234,0.39268202617823234
63,2,COMPOSITE_Q_PLUS_GB,1.0957251762193365,0.1938326775830828,0.2909309286777326,0.08673146492894512,0.4200038500480157,-6.589508362319617e-07,4.356388472315368e-09,1.8206354382809335e-06,-6.589508362297991e-07,4.3563884721820045e-09,1.820635438298801e-06,0.2909302697268964,0.0867314692853336,0.420005670683454,0.420005670683454
63,3,COMPOSITE_Q_PLUS_GB,0.8099071176835766,0.3696634375986908,0.15345734853545,-0.04838584773038238,0.15470400372661205,-4.314759353956941e-07,1.338243710472949e-09,7.879650811684992e-06,-4.3147593539738516e-07,1.3382437102915645e-09,7.879650811698502e-06,0.1534569170595146,-0.04838584639213867,0.15471188337742375,0.15471188337742375
63,4,COMPOSITE_Q_PLUS_GB,0.6618664998419257,0.47570344242961327,0.35002433618150985,0.0038533353601500685,0.17604123783570738,-3.1011370154391527e-07,1.628497584207925e-09,5.527252553648705e-06,-3.1011370155153983e-07,1.6284975841787674e-09,5.527252553649831e-06,0.3500240260678083,0.0038533369886476526,0.17604676508826103,0.17604676508826103
63,5,COMPOSITE_Q_PLUS_GB,0.5411789705328807,0.38728713612234716,-0.08940104259980305,0.017315488433614586,-0.10543932991548513,-3.868498138011448e-08,1.7605085972301406e-09,1.1273912228027705e-05,-3.868498138492882e-08,1.7605085965433087e-09,1.1273912228021432e-05,-0.08940108128478444,0.017315490194123182,-0.10542805600325711,0.10542805600325711
63,6,COMPOSITE_Q_PLUS_GB,0.8684447394639614,0.442342771393505,-0.08341902253853554,0.060347163577480614,0.42391583734417054,-3.5158077689978376e-07,-1.7901926729764757e-10,6.065422538551257e-06,-3.5158077689445566e-07,-1.7901926468999463e-10,6.06542253855924e-06,-0.08341937411931244,0.06034716339846135,0.4239219027667091,0.4239219027667091
63,7,COMPOSITE_Q_PLUS_GB,1.1813053673026637,0.5223796079236047,-0.13858295110999833,-0.06643324289541058,0.20364638224823678,-3.008147454243199e-07,1.338243710472949e-09,2.4444445010443657e-06,-3.0081474541865383e-07,1.3382437102915645e-09,2.444444501037424e-06,-0.13858325192474374,-0.06643324155716687,0.20364882669273782,0.20364882669273782
63,8,COMPOSITE_Q_PLUS_GB,0.9286120610546791,0.5722795768435277,-0.24166914949500243,-0.028085335902675028,-0.1977993187943636,3.132348068031918e-09,2.1274849267374843e-09,7.62334660064169e-06,3.1323480753631117e-09,2.1274849278107855e-09,7.623346600649228e-06,-0.24166914636265435,-0.0280853337751901,-0.19779169544776296,0.19779169544776296
63,9,COMPOSITE_Q_PLUS_GB,0.9322168481121694,0.6519033616011771,0.428232454341161,0.01566662503997339,-0.08295565716541088,-6.341273300072514e-07,1.628497584207925e-09,1.7851875725631394e-05,-6.341273300347616e-07,1.6284975833114057e-09,1.7851875725630184e-05,0.42823182021383094,0.015666626668470972,-0.08293780528968525,0.17129272808553236
63,10,COMPOSITE_Q_PLUS_GB,1.400310324016174,0.6398811590048239,-0.1178529159344603,-0.0765670163973981,-0.3651341593312934,-7.165792188599094e-08,9.931115806848322e-10,2.7165994220202316e-06,-7.16579218879021e-08,9.93111579083994e-10,2.716599422025734e-06,-0.11785298759238219,-0.07656701540428652,-0.36513144273187137,0.36513144273187137
64,1,COMPOSITE_Q,0.4429027273614749,0.035788147250680476,-0.49999891541987795,-0.0006557059860052677,-0.1143819824091107,0.0,0.0,0.0,0.0,0.0,0.0,-0.49999891541987795,-0.0006557059860052677,-0.1143819824091107,0.19999956616795117
64,2,COMPOSITE_Q,0.5744696927213624,0.09474833577426606,-0.35564141751687606,-0.02877646935348249,-0.1834531436094425,0.0,0.0,0.0,0.0,0.0,0.0,-0.35564141751687606,-0.02877646935348249,-0.1834531436094425,0.1834531436094425
64,3,COMPOSITE_Q,0.6419223646896154,0.09751411966254445,0.173378436271731,0.04739180812157811,0.057125569525080494,0.0,0.0,0.0,0.0,0.0,0.0,0.173378436271731,0.04739180812157811,0.057125569525080494,0.0693513745086924
64,4,COMPOSITE_Q,0.43761213769970675,0.19930708082125467,-0.3462115101351397,0.01353036271558087,0.037063489330356816,0.0,0.0,0.0,0.0,0.0,0.0,-0.3462115101351397,0.01353036271558087,0.037063489330356816,0.13848460405405588
64,5,COMPOSITE_Q,0.34555773000260104,0.16202662202930088,0.0684599257632419,0.0029282204452740325,0.3265760320269145,0.0,0.0,0.0,0.0,0.0,0.0,0.0684599257632419,0.0029282204452740325,0.3265760320269145,0.3265760320269145
64,6,COMPOSITE_Q,0.961775320438801,0.17513923934444953,-0.3226738836220447,0.07701598734253028,-0.10569236051211224,0.0,0.0,0.0,0.0,0.0,0.0,-0.3226738836220447,0.07701598734253028,-0.10569236051211224,0.12906955344881788
64,7,COMPOSITE_Q,0.793900679047849,0.1887156963908903,-0.45509014848919194,0.05222665952844783,0.17503524473677126,0.0,0.0,0.0,0.0,0.0,0.0,-0.45509014848919194,0.05222665952844783,0.17503524473677126,0.18203605939567677
64,8,COMPOSITE_Q,0.9645850533107642,0.24397540914850507,0.30792209000588167,0.0641107299644331,-0.0017786216375926397,0.0,0.0,0.0,0.0,0.0,0.0,0.30792209000588167,0.0641107299644331,-0.0017786216375926397,0.12316883600235266
64,9,COMPOSITE_Q,1.166584273883025,0.38451771248360916,-0.3874001976461041,0.07420537871826487,-0.2623962108812882,0.0,0.0,0.0,0.0,0.0,0.0,-0.3874001976461041,0.07420537871826487,-0.2623962108812882,0.2623962108812882
64,10,COMPOSITE_Q,1.1501931036348974,0.35380368114454536,-0.03193387499708699,0.08371208184430995,-0.5827949565130909,0.0,0.0,0.0,0.0,0.0,0.0,-0.03193387499708699,0.08371208184430995,-0.5827949565130909,0.5827949565130909
64,1,COMPOSITE_Q_PLUS_RF,0.4429027273614749,0.0357885166406735,-0.49999891541987795,-0.0006557059860052677,-0.1143819824091107,1.6986080271873503e-06,-5.344884254510104e-11,-3.1242436724059656e-05,1.698608027178583e-06,-5.344884257407756e-11,-3.124243672406046e-05,-0.4999972168118508,-0.0006557060394541103,-0.11441322484583476,0.1999988867247403
64,2,COMPOSITE_Q_PLUS_RF,0.5744665360366084,0.09474847947160714,-0.35564415157686385,-0.02877646475283324,-0.1834120145444734,4.16929125869323e-12,-6.488866677131304e-11,-5.826674574436952e-06,4.169276035526082e-12,-6.488866735598897e-11,-5.826674574438417e-06,-0.3556441515726946,-0.028776464817721906,-0.18341784121904783,0.18341784121904783
64,3,COMPOSITE_Q_PLUS_RF,0.6419224184328054,0.09751409038098227,0.17338423753060941,0.04739180290494751,0.057077690403496,8.462785518381719e-08,-6.599391610955081e-11,-1.009185748672663e-10,8.462785519580684e-08,-6.599391866313198e-11,-1.0091857211014243e-10,0.1733843221584646,0.04739180283895359,0.05707769030257743,0.06935372886338584
64,4,COMPOSITE_Q_PLUS_RF,0.43760952266732295,0.19930708455992707,-0.3462164382647804,0.013530365247244859,0.03710830153949294,1.2371104596131923e-07,-5.356186388368982e-11,-1.0786926468857362e-06,1.2371104596287097e-07,-5.35618632779844e-11,-1.0786926468858704e-06,-0.3462163145537344,0.013530365193682996,0.037107222846846054,0.13848652582149376
64,5,COMPOSITE_Q_PLUS_RF,0.3455577928674368,0.1620264108322873,0.06846173645257056,0.0029281948911614843,0.32655989364875343,1.0186891013204996e-09,-4.1881054303145276e-11,-9.138110694517173e-11,1.0186891052921254e-09,-4.188105418023724e-11,-9.138112488926708e-11,0.06846173747125966,0.00292819484928043,0.3265598935573723,0.3265598935573723
64,6,COMPOSITE_Q_PLUS_RF,0.9617739931388365,0.17514025172532915,-0.32267790142475167,0.07701600997505204,-0.10566306577908463,3.0431258320741397e-07,-8.518406880032683e-11,-1.566935605545094e-05,3.043125831880822e-07,-8.518406813262658e-11,-1.566935605544495e-05,-0.3226775971121685,0.07701600988986797,-0.10567873513514008,0.1290710388448674
64,7,COMPOSITE_Q_PLUS_RF,0.7938991644923904,0.18871554592973747,-0.4550878556078174,0.05222667291314391,0.1750348140206667,-1.7841615619135475e-08,-9.070016704702941e-11,6.620058506224991e-09,-1.784161562934372e-08,-9.070016959711324e-11,6.6200585013831414e-09,-0.455087873449433,0.05222667282244374,0.1750348206407252,0.18203514937977322
64,8,COMPOSITE_Q_PLUS_RF,0.9645849894131968,0.2440570569295826,0.307921822211252,0.06411073284383785,-0.0017765238998128491,2.8447693586653318e-05,1.3095370609541571e-08,-0.0002668420998316444,2.8447693586675094e-05,1.3095370607341117e-08,-0.00026684209983164446,0.3079502699048387,0.06411074593920846,-0.0020433659996444936,0.12318010796193549
64,9,COMPOSITE_Q_PLUS_RF,1.166558152622312,0.3845180596707226,-0.38775478986422596,0.07420543197195753,-0.25734338153452563,-5.556385024905428e-07,-1.9943278377405622e-10,1.9559671217382003e-05,-5.556385024862998e-07,-1.994327897270054e-10,1.9559671217361796e-05,-0.38775534550272844,0.07420543177252474,-0.25732382186330827,0.25732382186330827
64,10,COMPOSITE_Q_PLUS_RF,1.150797636430526,0.35380277106578606,-0.0315740367254319,0.0837110618840316,-0.5880807098696978,-4.8778228703502376e-09,-7.41606215184661e-11,1.510044901259467e-07,-4.877822867843662e-09,-7.416062208775998e-11,1.5100449013427664e-07,-0.03157404160325477,0.08371106180987098,-0.5880805588652077,0.5880805588652077
64,1,COMPOSITE_Q_PLUS_GB,0.4429027273614749,0.035788719032267644,-0.49999891541987795,-0.0006557059860052677,-0.1143819824091107,1.0804162885006425e-06,1.1445896298222524e-09,3.3271422212718205e-06,1.0804162884903157e-06,1.1445896297814298e-09,3.3271422212738377e-06,-0.49999783500358946,-0.0006557048414156379,-0.11437865526688942,0.1999991340014358
64,2,COMPOSITE_Q_PLUS_GB,0.5744709577481903,0.09474847776882986,-0.35564225462656673,-0.028776465428996974,-0.18345817256866348,1.2767296425836475e-07,8.638684907334631e-10,2.47086508673211e-06,1.2767296425630903e-07,8.638684906303595e-10,2.4708650867288906e-06,-0.3556421269536025,-0.028776464565128484,-0.18345570170357675,0.18345570170357675
64,3,COMPOSITE_Q_PLUS_GB,0.6419220750775624,0.09751422543467193,0.17338138046897625,0.04739180329585415,0.057094510346551997,-5.35974758287501e-07,-5.321230252148478e-11,8.291715662548653e-06,-5.35974758297808e-07,-5.3212302619787266e-11,8.291715662550603e-06,0.17338084449421795,0.04739180324264185,0.05710280206221455,0.06935233779768718
64,4,COMPOSITE_Q_PLUS_GB,0.43761102504323207,0.1993073078046405,-0.346214668099009,0.013530363316061085,0.037091860663430495,6.813553972351164e-07,1.7605085972301406e-09,-7.834695660111264e-06,6.81355397214034e-07,1.7605085965433087e-09,-7.83469566011108e-06,-0.3462139867436118,0.013530365076569682,0.037084025967770384,0.13848559469744473
64,5,COMPOSITE_Q_PLUS_GB,0.3455582723482087,0.16202921642055523,0.06844863182369788,0.0029281530258386842,0.3266825344790486,4.464052052723267e-07,1.824203475262076e-09,-7.99777424202166e-06,4.464052052732814e-07,1.824203475341707e-09,-7.997774242041178e-06,0.06844907822890316,0.0029281548500421596,0.32667453670480656,0.32667453670480656
64,6,COMPOSITE_Q_PLUS_GB,0.9617852023789603,0.17515671284767323,-0.32266316683192253,0.07701604028236739,-0.10578950271787875,-5.141529901398729e-09,-6.186726965262705e-10,-5.123860793609981e-05,-5.141529924035382e-09,-6.186726964063638e-10,-5.1238607936099356e-05,-0.32266317197345246,0.07701603966369469,-0.10584074132581485,0.129065268789381
64,7,COMPOSITE_Q_PLUS_GB,0.7938934135250909,0.18871864433802377,-0.45508683942175726,0.0522266902154177,0.17507346198214183,-2.511260210716514e-08,-6.186726965262705e-10,-1.082293632646508e-06,-2.5112602108912085e-08,-6.186726964063638e-10,-1.0822936326593258e-06,-0.45508686453435937,0.052226689596745,0.17507237968850917,0.18203474581374374
64,8,COMPOSITE_Q_PLUS_GB,0.9645843158866856,0.24436501513251813,0.307920052461244,0.06411074300485393,-0.0017661251073292634,9.081093091583565e-05,1.870594241184796e-09,-0.0012323162928778895,9.081093091584114e-05,1.8705942350649707e-09,-0.0012323162928778897,0.30801086339215983,0.06411074487544817,-0.002998441400207153,0.12320434535686393
64,9,COMPOSITE_Q_PLUS_GB,1.1664376820787516,0.3845176554806976,-0.3875950168625495,0.07420555430553638,-0.25966878272010774,-2.1125193250274667e-07,-6.186726965262705e-10,5.6479616382359e-06,-2.1125193250259855e-07,-6.186726964063638e-10,5.647961638211019e-06,-0.387595228114482,0.07420555368686368,-0.2596631347584695,0.2596631347584695
64,10,COMPOSITE_Q_PLUS_GB,1.1503825264910355,0.35380433377690146,-0.031795224178105846,0.08371177868710693,-0.5847763492270266,-7.32846818815067e-07,1.5254621113966797e-09,8.057567415772673e-06,-7.328468188128046e-07,1.525462117735188e-09,8.05756741573127e-06,-0.03179595702492466,0.08371178021256905,-0.5847682916596109,0.5847682916596109
65,1,COMPOSITE_Q,0.88910938441329,0.06137883883185809,0.2915269409483387,0.06987062124081468,0.31236526672129,0.0,0.0,0.0,0.0,0.0,0.0,0.2915269409483387,0.06987062124081468,0.31236526672129,0.31236526672129
65,2,COMPOSITE_Q,1.02240800539925,0.1776304789204717,0.28184117642424783,-0.0846961326339614,0.1628143391580832,0.0,0.0,0.0,0.0,0.0,0.0,0.28184117642424783,-0.0846961326339614,0.1628143391580832,0.1628143391580832
65,3,COMPOSITE_Q,0.8867186036633636,0.2304448057883403,-0.3523809257862855,-0.05986749425310498,-0.12344604789951355,0.0,0.0,0.0,0.0,0.0,0.0,-0.3523809257862855,-0.05986749425310498,-0.12344604789951355,0.14095237031451419
65,4,COMPOSITE_Q,0.5720279378394347,0.3778173911068764,0.34006476568533844,-0.007878668300842242,0.005223348203628405,0.0,0.0,0.0,0.0,0.0,0.0,0.34006476568533844,-0.007878668300842242,0.005223348203628405,0.13602590627413538
65,5,COMPOSITE_Q,0.48524558984760974,0.3347326365971107,0.2972578737416452,0.002911330556990403,0.09277199804182866,0.0,0.0,0.0,0.0,0.0,0.0,0.2972578737416452,0.002911330556990403,0.09277199804182866,0.11890314949665808
65,6,COMPOSITE_Q,0.578349296086649,0.4247715576894785,-0.011756448358876587,-0.011455628936970644,-0.2692457325476989,0.0,0.0,0.0,0.0,0.0,0.0,-0.011756448358876587,-0.011455628936970644,-0.2692457325476989,0.2692457325476989
65,7,COMPOSITE_Q,1.1007586389671105,0.41643089159326513,0.2866454324072929,0.06616456104583696,-0.24996201181253608,0.0,0.0,0.0,0.0,0.0,0.0,0.2866454324072929,0.06616456104583696,-0.24996201181253608,0.24996201181253608
65,8,COMPOSITE_Q,0.4395040585725324,0.2633485901031356,0.15137486444524947,-0.0191286582615577,-0.2489299023387445,0.0,0.0,0.0,0.0,0.0,0.0,0.15137486444524947,-0.0191286582615577,-0.2489299023387445,0.2489299023387445
65,9,COMPOSITE_Q,1.102093268647042,0.4352911234388627,0.4562062714521382,-0.06078551857455963,0.04052567157766197,0.0,0.0,0.0,0.0,0.0,0.0,0.4562062714521382,-0.06078551857455963,0.04052567157766197,0.1824825085808553
65,10,COMPOSITE_Q,1.1259179217642172,0.37340764372366186,0.29986402144379004,-0.08218329787084556,-0.11534044249057042,0.0,0.0,0.0,0.0,0.0,0.0,0.29986402144379004,-0.08218329787084556,-0.11534044249057042,0.11994560857751602
65,1,COMPOSITE_Q_PLUS_RF,0.88910938441329,0.061379911574095974,0.2915269409483387,0.06987062124081468,0.31236526672129,-5.6240954751418597e-08,-7.61964959650715e-11,3.7329518800071613e-06,-5.624095472667179e-08,-7.619649355916636e-11,3.7329518799977812e-06,0.29152688470738397,0.06987062116461819,0.31236899967317,0.31236899967317
65,2,COMPOSITE_Q_PLUS_RF,1.0224074576809665,0.17763062762277235,0.2817937882720588,-0.08469614235808444,0.16350533012687482,-1.0470594375170262e-06,-2.3283820935803592e-09,2.0775192786398004e-05,-1.0470594375422415e-06,-2.3283820982378245e-09,2.077519278639861e-05,0.28179274121262127,-0.08469614468646654,0.16352610531966122,0.16352610531966122
65,3,COMPOSITE_Q_PLUS_RF,0.8867707546825095,0.23044460090347588,-0.3523338682911308,-0.059867620673237476,-0.12416105518125105,2.227198892326816e-08,1.3402319772378398e-09,-5.655987554028443e-08,2.2271988919797536e-08,1.3402319740118962e-09,-5.655987554697983e-08,-0.35233384601914186,-0.0598676193330055,-0.1241611117411266,0.14093353840765674
65,4,COMPOSITE_Q_PLUS_RF,0.5720282581158365,0.37780622773912903,0.3400635426749502,-0.007877020544173712,0.005393064399885593,2.1833663736255233e-06,2.7114107275767785e-09,-1.2719737275794938e-05,2.1833663736425812e-06,2.711410727884722e-09,-1.271973727579468e-05,0.34006572604132385,-0.007877017832762984,0.005380344662609798,0.13602629041652953
65,5,COMPOSITE_Q_PLUS_RF,0.48522007261816463,0.3347341692946495,0.297259744393648,0.0029099548555258643,0.09260859188445379,9.674749093852975e-07,1.6761550324564628e-10,-1.4749686139500482e-05,9.674749094079615e-07,1.676155030744253e-10,-1.4749686139500784e-05,0.2972607118685574,0.0029099550231413674,0.09259384219831429,0.11890428474742296
65,6,COMPOSITE_Q_PLUS_RF,0.578344881277582,0.4247716233948971,-0.01177534088410793,-0.011455918099541954,-0.2689531037738131,1.1766461965131594e-06,-5.7657099232532e-11,-1.3026694896514364e-05,1.1766461965132674e-06,-5.7657099580832316e-11,-1.3026694896500768e-05,-0.011774164237911416,-0.011455918157199053,-0.2689661304687096,0.2689661304687096
65,7,COMPOSITE_Q_PLUS_RF,1.10076243837942,0.4164300582572619,0.2866585521745193,0.066164333085362,-0.2502166870248237,3.488774715029553e-07,-9.902649483270423e-11,-5.132213480457151e-07,3.4887747152323456e-07,-9.902649533710672e-11,-5.13221348030779e-07,0.2866589010519908,0.0661643329863355,-0.2502172002461717,0.2502172002461717
65,8,COMPOSITE_Q_PLUS_RF,0.43950296404375044,0.2633486270523494,0.15137572210140793,-0.01912845454604753,-0.24892943920223753,-2.1338283335261544e-09,-4.868737744320409e-11,-2.2686599992650957e-06,-2.1338283362482002e-09,-4.868737704666337e-11,-2.2686599992771672e-06,0.1513757199675796,-0.019128454594734907,-0.2489317078622368,0.2489317078622368
65,9,COMPOSITE_Q_PLUS_RF,1.1020934258499016,0.43529219466972857,0.4562099847784491,-0.06078551639422257,0.04046636491710381,1.8400663249667259e-06,-1.5834249322074085e-08,-1.4869007889822857e-05,1.8400663249762417e-06,-1.5834249321444727e-08,-1.4869007889821428e-05,0.45621182484477407,-0.06078553222847189,0.040451495909213986,0.18248472993790962
65,10,COMPOSITE_Q_PLUS_RF,1.1259209614139933,0.37340829052015106,0.2998582595459036,-0.0821832768790021,-0.11526456264413217,1.501633167372796e-06,-3.40216994665242e-08,-1.1586562023755184e-05,1.5016331673667338e-06,-3.402169947153144e-08,-1.1586562023754854e-05,0.299859761179071,-0.08218331090070158,-0.11527614920615592,0.1199439044716284
65,1,COMPOSITE_Q_PLUS_GB,0.88910938441329,0.06138113868008439,0.2915269409483387,0.06987062124081468,0.31236526672129,-6.556477292021564e-07,-5.002646783205222e-10,7.739525722476545e-06,-6.556477292196661e-07,-5.002646769058927e-10,7.739525722472163e-06,0.2915262853006095,0.06987062074055,0.3123730062470125,0.3123730062470125
65,2,COMPOSITE_Q_PLUS_GB,1.0224071462461688,0.17763049098512956,0.28181504438188154,-0.08469613683531747,0.1631986410246042,-6.264179736472342e-07,1.1252819513945455e-09,7.831213986225795e-06,-6.264179736592546e-07,1.125281950953294e-09,7.831213986231322e-06,0.2818144179639079,-0.08469613571003552,0.16320647223859044,0.16320647223859044
65,3,COMPOSITE_Q_PLUS_GB,0.8867475766820415,0.23044523387385865,-0.35235226898409855,-0.059867567770142065,-0.12386837113393942,-9.778758711618979e-08,-6.186726965262705e-10,7.724474028617887e-06,-9.778758713885338e-08,-6.186726964063638e-10,7.72447402862253e-06,-0.3523523667716857,-0.05986756838881476,-0.1238606466599108,0.14094094670867427
65,4,COMPOSITE_Q_PLUS_GB,0.572028497224863,0.3778058306661964,0.3400614543733397,-0.007877020421737055,0.005406584406887916,-8.636229831178264e-08,1.3649178940389223e-09,-3.7217605706967757e-06,-8.636229831271436e-08,1.364917893986739e-09,-3.7217605706966334e-06,0.34006136801104137,-0.007877019056819161,0.005402862646317219,0.13602454720441653
65,5,COMPOSITE_Q_PLUS_GB,0.4852205234629675,0.334732791319879,0.2972596721539687,0.0029096712525125785,0.09260888063897785,-2.1347021131285158e-07,1.7100500238270384e-09,-5.507317494387595e-06,-2.134702112854825e-07,1.710050023893267e-09,-5.507317494393704e-06,0.2972594586837574,0.0029096729625626024,0.09260337332148345,0.11890378347350297
65,6,COMPOSITE_Q_PLUS_GB,0.5783480617930037,0.42477122937872447,-0.011817358352945574,-0.01145562802593225,-0.26819072676948785,6.963705753807629e-07,1.3649178940389223e-09,-8.972853036706046e-06,6.96370575380828e-07,1.364917893986739e-09,-8.972853036692818e-06,-0.011816661982370193,-0.011455626661014356,-0.26819969962252455,0.26819969962252455
65,7,COMPOSITE_Q_PLUS_GB,1.1007746373938183,0.41643107775510646,0.286703378981556,0.06616423166483852,-0.2509878963077117,-1.0381489890949113e-07,-6.691312699293728e-10,3.912105120684984e-06,-1.0381489889965678e-07,-6.69131264285916e-10,3.912105120684739e-06,0.2867032751666571,0.06616423099570726,-0.250983984202591,0.250983984202591
65,8,COMPOSITE_Q_PLUS_GB,0.4395030327919796,0.263348602142206,0.15137618067782402,-0.01912845984219181,-0.24893463799400997,9.409394531030944e-08,1.7195827584732255e-09,-1.765686527368479e-06,9.409394530202064e-08,1.7195827574367772e-09,-1.765686527377408e-06,0.15137627477176932,-0.019128458122609052,-0.24893640368053735,0.24893640368053735
65,9,COMPOSITE_Q_PLUS_GB,1.102093309380306,0.4352925018500124,0.4562129369560296,-0.060785511815727895,0.040469129981495856,-3.7917972578592354e-07,-1.576812945831803e-09,2.8125547509359108e-06,-3.7917972578460635e-07,-1.5768129441040557e-09,2.8125547509375015e-06,0.4562125577763038,-0.06078551339254084,0.040471942536246794,0.18248502311052153
65,10,COMPOSITE_Q_PLUS_GB,1.1259190796917573,0.37341192483871266,0.29985775528374964,-0.08218330319437385,-0.11528627101213026,-3.834088478441284e-06,-1.1812222426405853e-09,1.8201403783467305e-05,-3.8340884784271445e-06,-1.181222245016933e-09,1.8201403783460468e-05,0.2998539211952712,-0.0821833043755961,-0.1152680696083468,0.11994156847810848
66,1,COMPOSITE_Q,0.34342742232201934,0.1389928405764141,-0.21057700830623888,-0.014524383761469627,-0.03371196277787246,0.0,0.0,0.0,0.0,0.0,0.0,-0.21057700830623888,-0.014524383761469627,-0.03371196277787246,0.08423080332249555
66,2,COMPOSITE_Q,0.8132997526091146,0.11312380691490183,0.36073427191356183,0.05695842097599281,-0.37750365344578307,0.0,0.0,0.0,0.0,0.0,0.0,0.36073427191356183,0.05695842097599281,-0.37750365344578307,0.37750365344578307
66,3,COMPOSITE_Q,1.1938900733499866,0.15518067967922988,0.3698367089000876,-0.08271531740304601,0.3011834022359209,0.0,0.0,0.0,0.0,0.0,0.0,0.3698367089000876,-0.08271531740304601,0.3011834022359209,0.3011834022359209
66,4,COMPOSITE_Q,0.8139739783161882,0.17797223831894568,-0.40091744859478595,0.05346107897140416,0.04976983166705511,0.0,0.0,0.0,0.0,0.0,0.0,-0.40091744859478595,0.05346107897140416,0.04976983166705511,0.1603669794379144
66,5,COMPOSITE_Q,1.3225603044578502,0.30309668966886355,-0.5190933112551951,0.08739393103627366,-0.23369051580951397,0.0,0.0,0.0,0.0,0.0,0.0,-0.5190933112551951,0.08739393103627366,-0.23369051580951397,0.23369051580951397
66,6,COMPOSITE_Q,0.4783980573099142,0.24581027531035712,-0.3987022318591662,-0.007393486819721928,0.13423024790663207,0.0,0.0,0.0,0.0,0.0,0.0,-0.3987022318591662,-0.007393486819721928,0.13423024790663207,0.15948089274366647
66,7,COMPOSITE_Q,0.38646896920312485,0.23008776180970847,-0.034928489768903656,0.013119576946743332,-0.2979736612040959,0.0,0.0,0.0,0.0,0.0,0.0,-0.034928489768903656,0.013119576946743332,-0.2979736612040959,0.2979736612040959
66,8,COMPOSITE_Q,0.40233534018795314,0.20916065176352117,-0.1110398714235057,0.02441229083481357,0.020260602627676014,0.0,0.0,0.0,0.0,0.0,0.0,-0.1110398714235057,0.02441229083481357,0.020260602627676014,0.04441594856940228
66,9,COMPOSITE_Q,0.6204525220870737,0.15148508848848988,0.16618076227697606,0.04200713752086547,0.030466905429069623,0.0,0.0,0.0,0.0,0.0,0.0,0.16618076227697606,0.04200713752086547,0.030466905429069623,0.06647230491079043
66,10,COMPOSITE_Q,1.0441118375827083,0.13992635099918876,-0.37600382312206465,-0.08223782454421873,-0.035375096028932206,0.0,0.0,0.0,0.0,0.0,0.0,-0.37600382312206465,-0.08223782454421873,-0.035375096028932206,0.15040152924882585
66,1,COMPOSITE_Q_PLUS_RF,0.34342742232201934,0.13899378640167492,-0.21057700830623888,-0.014524383761469627,-0.03371196277787246,1.55965139855161e-07,1.7730517045203461e-09,-4.536767151569649e-06,1.5596513985860483e-07,1.773051703721218e-09,-4.536767151570864e-06,-0.21057685234109902,-0.014524381988417923,-0.03371649954502403,0.0842307409364396
66,2,COMPOSITE_Q_PLUS_RF,0.8132999559674775,0.11312385226020917,0.3607504223257877,0.056958412050406984,-0.37773965622145556,3.275374081008893e-10,-7.512032676620675e-11,-5.7336930100810134e-11,3.2753738610225014e-10,-7.512032662582158e-11,-5.73369129952539e-11,0.3607504226533251,0.05695841197528666,-0.37773965627879247,0.37773965627879247
66,3,COMPOSITE_Q_PLUS_RF,1.193909410663647,0.15518161431166821,0.3696790984565432,-0.08271538035068966,0.303877216124691,4.659745087073979e-06,-6.533761837984497e-08,-1.8952170603135488e-05,4.65974508706557e-06,-6.533761838511953e-08,-1.8952170603159235e-05,0.36968375820163024,-0.08271544568830805,0.3038582639540878,0.3038582639540878
66,4,COMPOSITE_Q_PLUS_RF,0.814187685413755,0.17797227754988376,-0.4007771319452246,0.053461447452980954,0.04721976401321318,-3.4986487674919216e-09,-8.5248567276018e-11,1.9599211043966456e-06,-3.498648759592271e-09,-8.52485651514634e-11,1.959921104396911e-06,-0.40077713544387333,0.05346144736773239,0.047221723934317575,0.16031085417754934
66,5,COMPOSITE_Q_PLUS_RF,1.3225538121030218,0.3030960191146742,-0.5190983991641037,0.08739409761403549,-0.23361584817726563,6.522246871268495e-07,-7.835180078368937e-09,-7.113484338041888e-06,6.522246871476511e-07,-7.835180074189374e-09,-7.113484338044929e-06,-0.5190977469394166,0.08739408977885542,-0.23362296166160368,0.23362296166160368
66,6,COMPOSITE_Q_PLUS_RF,0.4783984196937201,0.24581053926003554,-0.3987004053174895,-0.007393651157620217,0.13423193475485254,1.3258844271139688e-08,-6.806378325857273e-11,-4.394392385480624e-08,1.325884424474566e-08,-6.806378290841186e-11,-4.394392386086743e-08,-0.39870039205864527,-0.0073936512256839995,0.13423189081092868,0.15948015682345812
66,7,COMPOSITE_Q_PLUS_RF,0.3864698317541222,0.23008609277774514,-0.03494484961506856,0.013119580535024098,-0.2979410198209542,5.42851715336939e-07,-3.9420035944503554e-11,-7.292671592153529e-06,5.428517153363566e-07,-3.9420036679338466e-11,-7.292671592162847e-06,-0.03494430676335322,0.013119580495604062,-0.2979483124925464,0.2979483124925464
66,8,COMPOSITE_Q_PLUS_RF,0.4023289286444652,0.20916063371005983,-0.1110257373386091,0.024412318868878204,0.020250918864364136,-3.873146882285618e-07,-2.327446309569436e-11,5.815553559547848e-06,-3.8731468822439385e-07,-2.327446221861429e-11,5.815553559548187e-06,-0.11102612465329732,0.024412318845603742,0.020256734417923684,0.04441044986131893
66,9,COMPOSITE_Q_PLUS_RF,0.6204510273682655,0.15148507834897257,0.16616148994883512,0.04200713627980229,0.03095379393918026,1.0715479469745634e-07,-5.3232997090240705e-11,-1.230132646516186e-06,1.07154794704023e-07,-5.323299440140872e-11,-1.2301326465166684e-06,0.16616159710362982,0.0420071362265693,0.030952563806533745,0.06646463884145193
66,10,COMPOSITE_Q_PLUS_RF,1.044172904451375,0.1399260780503024,-0.3759799585883002,-0.08223773021221653,-0.03596426635012199,3.446268351512158e-08,-2.344936780593827e-09,5.140967913853924e-08,3.446268354023729e-08,-2.344936786413676e-09,5.14096791387475e-08,-0.37597992412561665,-0.08223773255715332,-0.03596421494044285,0.15039196965024665
66,1,COMPOSITE_Q_PLUS_GB,0.34342742232201934,0.13899282455805714,-0.21057700830623888,-0.014524383761469627,-0.03371196277787246,1.3884439939580692e-07,3.94354708795719e-09,-5.912115035127276e-07,1.3884439939437776e-07,3.943547087839616e-09,-5.912115035103249e-07,-0.21057686946183948,-0.01452437981792254,-0.03371255398937597,0.0842307477847358
66,2,COMPOSITE_Q_PLUS_GB,0.8132996831702894,0.11312381568242355,0.36072990811043837,0.0569584174730719,-0.3774407463971719,-7.208853441203872e-07,1.5254621113966797e-09,9.89492645778402e-06,-7.208853441409424e-07,1.525462110796294e-09,9.89492645780965e-06,0.3607291872250942,0.05695841899853401,-0.3774308514707141,0.3774308514707141
66,3,COMPOSITE_Q_PLUS_GB,1.1938842844381483,0.1551839828532395,0.3696855590267247,-0.08271532173555338,0.30381465744754177,1.3195435243459771e-05,5.292057418798411e-09,-1.668685702437007e-05,1.3195435243473774e-05,5.292057417283225e-09,-1.6686857024383883e-05,0.36969875446196815,-0.08271531644349596,0.3037979705905174,0.3037979705905174
66,4,COMPOSITE_Q_PLUS_GB,0.814214170357408,0.17797225634122754,-0.40080890656822216,0.05346139293972864,0.04774362197445146,-4.953504747979718e-08,-6.186726965262705e-10,3.926502857858204e-06,-4.953504745275339e-08,-6.186726964063638e-10,3.926502857860836e-06,-0.4008089561032696,0.05346139232105594,0.04774754847730932,0.16032358244130784
66,5,COMPOSITE_Q_PLUS_GB,1.3226281896792402,0.30309599441892926,-0.5190629836770101,0.08739416905080112,-0.23435684640067614,-2.546623957607798e-07,-6.691312699293728e-10,8.298987523436277e-06,-2.5466239572669025e-07,-6.69131264285916e-10,8.298987523441825e-06,-0.5190632383394058,0.08739416838166986,-0.2343485474131527,0.2343485474131527
66,6,COMPOSITE_Q_PLUS_GB,0.47840237855591256,0.24581346554537872,-0.39869847256287305,-0.007393652480109332,0.1341890390597311,7.436693572847579e-07,1.1445896298222524e-09,-1.3430490307025563e-05,7.43669357261556e-07,1.1445896296730096e-09,-1.3430490307025922e-05,-0.3986977288935158,-0.0073936513355197025,0.13417560856942407,0.1594790915574063
66,7,COMPOSITE_Q_PLUS_GB,0.38646464390048213,0.2300882738413383,-0.03494795150094025,0.013119581571396732,-0.2979237289833735,3.764832382407267e-07,1.7737449018589739e-09,-1.2603840594320514e-05,3.764832382374683e-07,1.7737449026916652e-09,-1.2603840594316296e-05,-0.034947575017702015,0.013119583345141635,-0.2979363328239678,0.2979363328239678
66,8,COMPOSITE_Q_PLUS_GB,0.40232761608784245,0.20916091139678866,-0.11102309512090365,0.024412292634127874,0.020261007045087535,-2.7975884483645197e-07,2.287773516954424e-09,5.008254208685007e-06,-2.797588448399946e-07,2.2877735157689205e-09,5.0082542086861415e-06,-0.11102337487974849,0.02441229492190139,0.02026601529929622,0.04440934995189939
66,9,COMPOSITE_Q_PLUS_GB,0.6204507773856526,0.15148511681437982,0.16617710553722198,0.042007164688647,0.030558541683346943,2.524289453074366e-07,-5.321230252148478e-11,-2.667863988237938e-06,2.524289453020856e-07,-5.3212302619787266e-11,-2.6678639882364574e-06,0.16617735796616728,0.0420071646354347,0.030555873819358707,0.06647094318646692
66,10,COMPOSITE_Q_PLUS_GB,1.0441259063384536,0.13992608371499685,-0.37599558166022523,-0.08223778945709548,-0.0355848551122189,-5.11168987926249e-08,-6.186726965262705e-10,8.499435367862335e-07,-5.1116898769354435e-08,-6.186726964063638e-10,8.499435367875785e-07,-0.375995632777124,-0.08223779007576817,-0.03558400516868211,0.1503982531108496
67,1,COMPOSITE_Q,0.76757282093515,0.08354397601206456,0.22197800646133178,-0.06264149078653639,0.1807831098543873,0.0,0.0,0.0,0.0,0.0,0.0,0.22197800646133178,-0.06264149078653639,0.1807831098543873,0.1807831098543873
67,2,COMPOSITE_Q,1.0925313903666414,0.04688911484967966,0.3091544365043993,0.09013419344669996,0.12267930680035619,0.0,0.0,0.0,0.0,0.0,0.0,0.3091544365043993,0.09013419344669996,0.12267930680035619,0.12366177460175971
67,3,COMPOSITE_Q,0.25137364470572765,0.19306507233445128,0.145125425133002,0.00047960730364301097,-0.10346923026569856,0.0,0.0,0.0,0.0,0.0,0.0,0.145125425133002,0.00047960730364301097,-0.10346923026569856,0.10346923026569856
67,4,COMPOSITE_Q,0.373334845210907,0.13178134534275393,-0.4225662047391848,0.0028530162846958323,0.4151784002956401,0.0,0.0,0.0,0.0,0.0,0.0,-0.4225662047391848,0.0028530162846958323,0.4151784002956401,0.4151784002956401
67,5,COMPOSITE_Q,0.7257609863968839,0.09837556146059186,0.2971586430516259,0.051786612241213656,0.16912048852803732,0.0,0.0,0.0,0.0,0.0,0.0,0.2971586430516259,0.051786612241213656,0.16912048852803732,0.16912048852803732
67,6,COMPOSITE_Q,0.3969290301328853,0.13492833426832837,-0.1590747815842819,-0.01477546206213343,-0.3034058455035224,0.0,0.0,0.0,0.0,0.0,0.0,-0.1590747815842819,-0.01477546206213343,-0.3034058455035224,0.3034058455035224
67,7,COMPOSITE_Q,0.31754031954052114,0.15713626590499796,-0.24792421367166415,0.00603126283477532,-0.028915007821720923,0.0,0.0,0.0,0.0,0.0,0.0,-0.24792421367166415,0.00603126283477532,-0.028915007821720923,0.09916968546866566
67,8,COMPOSITE_Q,0.26802752591368695,0.2034257849987824,0.07198464267941053,0.0049637176636593274,-0.17574818564584618,0.0,0.0,0.0,0.0,0.0,0.0,0.07198464267941053,0.0049637176636593274,-0.17574818564584618,0.17574818564584618
67,9,COMPOSITE_Q,0.4411163680553054,0.33276081907726496,0.13243265556204334,0.007454297340194707,-0.42094984487923137,0.0,0.0,0.0,0.0,0.0,0.0,0.13243265556204334,0.007454297340194707,-0.42094984487923137,0.42094984487923137
67,10,COMPOSITE_Q,0.4472294030267102,0.3083793498517177,-0.20243174295153926,0.0042418468363061065,-0.29235632630434444,0.0,0.0,0.0,0.0,0.0,0.0,-0.20243174295153926,0.0042418468363061065,-0.29235632630434444,0.29235632630434444
67,1,COMPOSITE_Q_PLUS_RF,0.76757282093515,0.08354399465980585,0.22197800646133178,-0.06264149078653639,0.1807831098543873,-7.405222848423184e-08,1.7293902530263359e-09,8.361614148096703e-07,-7.405222848810844e-08,1.7293902560000518e-09,8.3616141480225e-07,0.2219779324091033,-0.06264148905714613,0.1807839460158021,0.1807839460158021
67,2,COMPOSITE_Q_PLUS_RF,1.0925313179488991,0.046889453302700015,0.309153867693097,0.09013418895278726,0.12267935333811064,-6.585334007672707e-10,2.4351212828123745e-09,2.1773598139836576e-06,-6.585333944819638e-10,2.4351212851714266e-09,2.177359813990143e-06,0.3091538670345636,0.09013419138790854,0.12268153069792463,0.12366154681382543
67,3,COMPOSITE_Q_PLUS_RF,0.2513738325966997,0.19306513619793733,0.14512478186627611,0.0004796139997256842,-0.10344095452693786,1.4023931292336823e-08,1.7711160776753506e-09,-1.6375874818167989e-09,1.4023931294016023e-08,1.7711160776910997e-09,-1.6375874822838199e-09,0.1451247958902074,0.0004796157708417619,-0.10344095616452534,0.10344095616452534
67,4,COMPOSITE_Q_PLUS_RF,0.3733350475771405,0.13178205856434674,-0.4225354716527801,0.002852965728235713,0.41445334146269336,7.511837131635916e-08,6.8597719623029145e-09,1.8063116430093168e-07,7.51183713010306e-08,6.859771962269834e-09,1.8063116430377946e-07,-0.4225353965344088,0.002852972588007675,0.41445352209385766,0.41445352209385766
67,5,COMPOSITE_Q_PLUS_RF,0.7258293268943801,0.0983791428842859,0.297590326459516,0.051786668198298684,0.16917498919359447,8.276903844479943e-07,-8.379130055740836e-11,-1.2357162674905692e-05,8.276903844528505e-07,-8.379130028712822e-11,-1.2357162674891953e-05,0.29759115414990045,0.051786668114507384,0.16916263203091958,0.16916263203091958
67,6,COMPOSITE_Q_PLUS_RF,0.3969818854199534,0.1349283789903777,-0.15953921280369365,-0.014775437616332598,-0.3027558562614206,1.37601606020788e-07,9.495487579288164e-10,-8.529145459437171e-08,1.376016060261609e-07,9.49548757331331e-10,-8.52914546212169e-08,-0.15953907520208763,-0.014775436666783841,-0.3027559415528752,0.3027559415528752
67,7,COMPOSITE_Q_PLUS_RF,0.31754101492345616,0.1571373632091477,-0.24792922041071186,0.006031303327634384,-0.028902243693258126,-5.1851586838616186e-08,-3.166929087408749e-11,9.409875895039222e-07,-5.185158682974311e-08,-3.1669290453950616e-11,9.409875895045883e-07,-0.2479292722622987,0.006031303295965094,-0.02890130270566862,0.09917170890491947
67,8,COMPOSITE_Q_PLUS_RF,0.26802758449539604,0.2034254660708441,0.07199454308366043,0.0049636397878269015,-0.17594345779571716,-7.527071828832458e-08,-1.512406340324863e-11,2.3202445376036926e-06,-7.527071828328236e-08,-1.5124063459936998e-11,2.3202445376124814e-06,0.07199446781294215,0.004963639772702838,-0.17594113755117954,0.17594113755117954
67,9,COMPOSITE_Q_PLUS_RF,0.44110944413453096,0.33276081327086104,0.13239775796331188,0.007454309862152294,-0.420300697070479,7.394130451555794e-07,-5.706130532238748e-11,-1.202119499097368e-05,7.394130451532366e-07,-5.706130533356113e-11,-1.202119499099652e-05,0.13239849737635703,0.007454309805090989,-0.42031271826547,0.42031271826547
67,10,COMPOSITE_Q_PLUS_RF,0.4472720718585591,0.308378484946463,-0.20240683368611218,0.004241569733249179,-0.29276788121784125,5.745975851727381e-08,1.3353059112664179e-09,-1.9415253397453132e-07,5.7459758506794856e-08,1.3353059109821874e-09,-1.9415253399435173e-07,-0.20240677622635367,0.00424157106855509,-0.29276807537037525,0.29276807537037525
67,1,COMPOSITE_Q_PLUS_GB,0.76757282093515,0.08354399759833979,0.22197800646133178,-0.06264149078653639,0.1807831098543873,-6.6528568962814765e-09,1.6878314975088614e-09,-1.5827016959340078e-06,-6.652856904265647e-09,1.6878314995638632e-09,-1.5827016959235607e-06,0.22197799980847488,-0.06264148909870489,0.18078152715269138,0.18078152715269138
67,2,COMPOSITE_Q_PLUS_GB,1.092531557233085,0.04689176036897877,0.3091535431569935,0.09013419307919272,0.122688338489424,-7.715726886053536e-07,1.870594241184796e-09,1.022471139839208e-05,-7.715726886292629e-07,1.8705942350649707e-09,1.0224711398387765e-05,0.3091527715843049,0.09013419494978696,0.12269856320082238,0.12366110863372196
67,3,COMPOSITE_Q_PLUS_GB,0.2513737253539703,0.19306508627128255,0.14512725612578686,0.00047960074231498287,-0.1034891237280235,1.1295654128814421e-07,2.287773516954424e-09,-9.117422477999157e-07,1.1295654128717914e-07,2.287773516961543e-09,-9.117422477972204e-07,0.14512736908232815,0.00047960303008849983,-0.1034900354702713,0.1034900354702713
67,4,COMPOSITE_Q_PLUS_GB,0.3733349206725703,0.13178114577596847,-0.4225659639499118,0.0028529711404510576,0.4151664567146345,6.434638825581066e-07,1.824203475262076e-09,-8.386885600183379e-06,6.434638825658645e-07,1.824203475341707e-09,-8.386885600175642e-06,-0.42256532048602924,0.002852972964654533,0.4151580698290343,0.4151580698290343
67,5,COMPOSITE_Q_PLUS_GB,0.7257635169680575,0.09840714846821828,0.29762054963593754,0.051786604922507695,0.16850637815527786,-4.611935188534204e-07,-6.691312699293728e-10,-9.681184854493423e-05,-4.6119351887474735e-07,-6.691312712248099e-10,-9.681184854493097e-05,0.29762008844241866,0.051786604253376424,0.16840956630673293,0.16840956630673293
67,6,COMPOSITE_Q_PLUS_GB,0.3969505378817614,0.1349306987428366,-0.15954514778312429,-0.014775518737963489,-0.30266132194481665,3.944260509135379e-07,1.99309996056941e-09,-9.726730385557427e-06,3.9442605090367344e-07,1.9930999611145195e-09,-9.726730385573035e-06,-0.15954475335707338,-0.014775516744863527,-0.3026710486752022,0.3026710486752022
67,7,COMPOSITE_Q_PLUS_GB,0.31753759839631773,0.15713892775424312,-0.24790201830437314,0.006031226372371527,-0.028939602626092322,2.1693620651875822e-07,2.3382320903575266e-09,-5.366640098479396e-06,2.1693620652629697e-07,2.3382320905873666e-09,-5.366640098480868e-06,-0.2479018013681666,0.006031228710603617,-0.028944969266190803,0.09916072054726664
67,8,COMPOSITE_Q_PLUS_GB,0.2680199804675893,0.2034270071320391,0.07197072519778797,0.004963729307266217,-0.1758991588527968,2.404951378448188e-07,2.3382320903575266e-09,-5.366640098479396e-06,2.404951378459641e-07,2.3382320905873666e-09,-5.366640098480868e-06,0.07197096569292581,0.0049637316454983075,-0.1759045254928953,0.1759045254928953
67,9,COMPOSITE_Q_PLUS_GB,0.4411090606028182,0.33276079617700716,0.1324182245470009,0.007454299257903843,-0.42064859273876787,7.524041992699063e-07,1.3649178940389223e-09,-1.2843492150615976e-05,7.524041992779118e-07,1.364917893986739e-09,-1.284349215063818e-05,0.13241897695120017,0.007454300622821737,-0.4206614362309185,0.4206614362309185
67,10,COMPOSITE_Q_PLUS_GB,0.44723867505267667,0.3083822055404334,-0.20242311844346197,0.004241592530951287,-0.2924717755808158,7.997029811739012e-07,1.7605085972301406e-09,-1.3326589486042883e-05,7.997029811690481e-07,1.7605085974106705e-09,-1.3326589486051255e-05,-0.2024223187404808,0.0042415942914598844,-0.2924851021703018,0.2924851021703018
68,1,COMPOSITE_Q,0.9983685302116414,0.18425510914843152,0.6301625763503256,0.05045780511324018,0.08388497379955386,0.0,0.0,0.0,0.0,0.0,0.0,0.6301625763503256,0.05045780511324018,0.08388497379955386,0.25206503054013024
68,2,COMPOSITE_Q,0.5621862340299799,0.07270570767007759,-0.5002542773330959,-0.01063544690806464,-0.19006696303113518,0.0,0.0,0.0,0.0,0.0,0.0,-0.5002542773330959,-0.01063544690806464,-0.19006696303113518,0.20010171093323836
68,3,COMPOSITE_Q,0.7121860342318893,0.12749056923982277,-0.4154591810280855,-0.0404754460384106,0.3059891069255066,0.0,0.0,0.0,0.0,0.0,0.0,-0.4154591810280855,-0.0404754460384106,0.3059891069255066,0.3059891069255066
68,4,COMPOSITE_Q,0.4111264229594747,0.13759747253070478,0.40144884724457086,-0.009924943562677735,-0.17048126357473586,0.0,0.0,0.0,0.0,0.0,0.0,0.40144884724457086,-0.009924943562677735,-0.17048126357473586,0.17048126357473586
68,5,COMPOSITE_Q,0.44840684357355515,0.10574173817889151,-0.25480886691022075,0.020436317709769433,-0.10525296394756097,0.0,0.0,0.0,0.0,0.0,0.0,-0.25480886691022075,0.020436317709769433,-0.10525296394756097,0.10525296394756097
68,6,COMPOSITE_Q,0.4466358669652535,0.17891584761876037,-0.20998471602340552,-0.019916416946277247,0.12178203329214966,0.0,0.0,0.0,0.0,0.0,0.0,-0.20998471602340552,-0.019916416946277247,0.12178203329214966,0.12178203329214966
68,7,COMPOSITE_Q,0.9505547797905781,0.18864305656535857,0.5043456277172582,0.05287709113010296,0.20223850823489983,0.0,0.0,0.0,0.0,0.0,0.0,0.5043456277172582,0.05287709113010296,0.20223850823489983,0.20223850823489983
68,8,COMPOSITE_Q,0.33479837225612596,0.16623710671777658,0.3330815415574967,-0.0053127821528601935,-0.5209326595350802,0.0,0.0,0.0,0.0,0.0,0.0,0.3330815415574967,-0.0053127821528601935,-0.5209326595350802,0.5209326595350802
68,9,COMPOSITE_Q,1.0091879909897532,0.1459951075282618,-0.2547390898245163,-0.07542277165283652,0.19381894741536096,0.0,0.0,0.0,0.0,0.0,0.0,-0.2547390898245163,-0.07542277165283652,0.19381894741536096,0.19381894741536096
68,10,COMPOSITE_Q,0.8069805775655378,0.1186436641687213,-0.6444496461465105,-0.020562648744869978,-0.2223578842745027,0.0,0.0,0.0,0.0,0.0,0.0,-0.6444496461465105,-0.020562648744869978,-0.2223578842745027,0.2577798584586042
68,1,COMPOSITE_Q_PLUS_RF,0.9983685302116414,0.18425783888849867,0.6301625763503256,0.05045780511324018,0.08388497379955386,1.3176729781233767e-05,8.766813933932299e-09,-0.00011201182466827865,1.317672978118356e-05,8.766813934524276e-09,-0.00011201182466827331,0.6301757530801068,0.05045781388005412,0.08377296197488558,0.2520703012320427
68,2,COMPOSITE_Q_PLUS_RF,0.5621468456116137,0.07270595791629376,-0.5002697910274818,-0.010635512589260314,-0.189967621374931,1.0810236659973763e-06,1.4131495516521478e-09,-3.107518325803715e-05,1.0810236660274697e-06,1.4131495522373694e-09,-3.107518325803915e-05,-0.5002687100038158,-0.010635511176110762,-0.18999869655818905,0.2001074840015263
68,3,COMPOSITE_Q_PLUS_RF,0.7121820984728373,0.1274861500187447,-0.41548641219815846,-0.040475450210170336,0.3062390412538856,8.813791328449454e-09,-7.834176548523654e-11,-1.9067626087664678e-07,8.813791307904495e-09,-7.834176363186174e-11,-1.9067626089164236e-07,-0.41548640338436715,-0.0404754502885121,0.30623885057762473,0.30623885057762473
68,4,COMPOSITE_Q_PLUS_RF,0.41112320808723957,0.13759280117206987,0.4014648463136387,-0.009925610436797693,-0.17041430943941455,4.215901955790318e-08,4.146363638317845e-09,5.608610556611756e-07,4.215901955317847e-08,4.146363637852479e-09,5.60861055654005e-07,0.40146488847265827,-0.009925606290434055,-0.1704137485783589,0.1704137485783589
68,5,COMPOSITE_Q_PLUS_RF,0.4484412111665797,0.10574403410534006,-0.2547992001950222,0.02043700449698246,-0.10553012843612318,-3.1504985019283816e-07,-4.855930142921124e-11,7.855360920474747e-06,-3.150498502080268e-07,-4.8559302412432004e-11,7.855360920475118e-06,-0.25479951524487243,0.020437004448423158,-0.1055222730752027,0.1055222730752027
68,6,COMPOSITE_Q_PLUS_RF,0.44663633592154833,0.17891601620334843,-0.20998476897813884,-0.01991642146893997,0.1217719262755905,-1.3022779988465874e-07,1.758053052308333e-09,-1.1707776363227763e-10,-1.3022779987714728e-07,1.7580530538297001e-09,-1.1707776415015303e-10,-0.2099848992059387,-0.019916419710886916,0.12177192615851273,0.12177192615851273
68,7,COMPOSITE_Q_PLUS_RF,0.9505553387318733,0.18864326083484595,0.5044380427303073,0.052877076766618764,0.20031991841849855,-1.1980041582722338e-08,-3.6428228528079404e-09,1.786343185243779e-07,-1.1980041625392346e-08,-3.6428228558649245e-09,1.7863431853171186e-07,0.5044380307502657,0.05287707312379591,0.2003200970528171,0.20177521230010628
68,8,COMPOSITE_Q_PLUS_RF,0.33476820451518213,0.16623459392133955,0.33298209922276817,-0.005312334125537261,-0.518931273564844,3.6364970581181103e-07,-3.994188099169207e-11,-1.24115848254542e-05,3.636497057923904e-07,-3.994188139955224e-11,-1.241158482545579e-05,0.33298246287247396,-0.005312334165479143,-0.5189436851496695,0.5189436851496695
68,9,COMPOSITE_Q_PLUS_RF,1.009191667392998,0.14599512349765045,-0.25473762690802004,-0.07542316175053271,0.19381667923227297,-8.105848582826168e-09,-8.029330239806072e-11,3.4052877732318525e-08,-8.105848603445764e-09,-8.029329978676003e-11,3.40528777398319e-08,-0.25473763501386865,-0.07542316183082601,0.1938167132851507,0.1938167132851507
68,10,COMPOSITE_Q_PLUS_RF,0.8069806418296613,0.11864505110204178,-0.644449194935843,-0.020562643979241582,-0.22235848814857453,5.070933616728318e-07,3.2250551261718177e-09,-1.3990400945236394e-05,5.070933616346807e-07,3.2250551257329008e-09,-1.3990400945240733e-05,-0.6444486878424813,-0.020562640754186456,-0.22237247854951978,0.2577794751369925
68,1,COMPOSITE_Q_PLUS_GB,0.9983685302116414,0.1842990596022001,0.6301625763503256,0.05045780511324018,0.08388497379955386,0.00011684367695644541,-6.691312699293728e-10,6.554784548976688e-06,0.00011684367695641296,-6.691312712248099e-10,6.5547845489732914e-06,0.630279420027282,0.05045780444410891,0.08389152858410283,0.2521117680109128
68,2,COMPOSITE_Q_PLUS_GB,0.5622801673085192,0.07270587233713333,-0.500370163559596,-0.010635386268589743,-0.19006511824556072,1.309253926815707e-06,1.1445896298222524e-09,-2.4014519939664444e-05,1.3092539268289016e-06,1.1445896296730096e-09,-2.4014519939663526e-05,-0.5003688543056691,-0.010635385124000113,-0.19008913276550038,0.20014754172226765
68,3,COMPOSITE_Q_PLUS_GB,0.712184878136833,0.12748811427387569,-0.4154858795381942,-0.04047544024466264,0.3062098938569913,-1.505014492285572e-07,-6.186726965262705e-10,7.183571731523268e-06,-1.5050144924755315e-07,-6.186726964063638e-10,7.18357173151718e-06,-0.41548603003964346,-0.040475440863335335,0.30621707742872284,0.30621707742872284
68,4,COMPOSITE_Q_PLUS_GB,0.41112280056121026,0.13759291167150556,0.4014651413865312,-0.009925621394565983,-0.1704207297954938,5.66902236679479e-07,4.29957426090606e-09,-1.8035575729194539e-06,5.669022366538989e-07,4.2995742608603615e-09,-1.8035575729269393e-06,0.4014657082887679,-0.009925617094991722,-0.17042253335306673,0.17042253335306673
68,5,COMPOSITE_Q_PLUS_GB,0.44844133146380516,0.10579605321839876,-0.2548010829347058,0.020437002826382424,-0.1055256370056652,-7.983584649604325e-06,1.7605085972301406e-09,0.0001813118526764731,-7.983584649595699e-06,1.7605085965433087e-09,0.00018131185267647454,-0.2548090665193554,0.02043700458689102,-0.10534432515298872,0.10534432515298872
68,6,COMPOSITE_Q_PLUS_GB,0.44664226075199853,0.17894523422434833,-0.20989215629763927,-0.01991614130145478,0.12160462388091185,-1.5395966095833122e-07,2.115173461664444e-09,1.9963490179157524e-06,-1.5395966096454217e-07,2.115173459993347e-09,1.9963490179158994e-06,-0.20989231025730024,-0.01991613918628132,0.12160662022992977,0.12160662022992977
68,7,COMPOSITE_Q_PLUS_GB,0.9504922731494425,0.18864350125859933,0.5042996919287475,0.05287699411792613,0.201495356112119,-8.326893905571506e-07,-5.002646783205222e-10,7.510948017975836e-06,-8.326893905508115e-07,-5.002646769058927e-10,7.510948017985797e-06,0.5042988592393569,0.052876993617661454,0.20150286706013698,0.20171954369574277
68,8,COMPOSITE_Q_PLUS_GB,0.3347878500029633,0.166234362858371,0.33304418919917406,-0.005312360945928476,-0.5201628051569617,3.338756068761025e-07,1.99309996056941e-09,-1.0215831353857881e-05,3.3387560688380447e-07,1.9930999602471577e-09,-1.0215831353854732e-05,0.33304452307478094,-0.005312358952828515,-0.5201730209883155,0.5201730209883155
68,9,COMPOSITE_Q_PLUS_GB,1.0091917116539237,0.14599520834044666,-0.2547370268797656,-0.0754231580815827,0.19381226348473232,-1.329168908871036e-07,-6.186726965262705e-10,6.868649548758386e-07,-1.3291689088257286e-07,-6.186726964063638e-10,6.868649548852357e-07,-0.2547371597966565,-0.0754231587002554,0.1938129503496872,0.1938129503496872
68,10,COMPOSITE_Q_PLUS_GB,0.8069801624698658,0.1186443327478387,-0.6444494806513853,-0.020562655596242246,-0.22235698346127777,-1.8700177672964538e-07,1.6713306996820326e-11,-5.671305752692452e-06,-1.8700177673025564e-07,1.6713307821047962e-11,-5.671305752685818e-06,-0.644449667653162,-0.020562655579528938,-0.22236265476703046,0.2577798670612648
69,1,COMPOSITE_Q,0.663133113113523,0.14194328380346682,-0.21011743214031475,-0.047036698378370066,0.330023042581576,0.0,0.0,0.0,0.0,0.0,0.0,-0.21011743214031475,-0.047036698378370066,0.330023042581576,0.330023042581576
69,2,COMPOSITE_Q,0.733726812147604,0.13030171519952366,-0.36164047840319896,0.05294290656384767,0.1691412614842892,0.0,0.0,0.0,0.0,0.0,0.0,-0.36164047840319896,0.05294290656384767,0.1691412614842892,0.1691412614842892
69,3,COMPOSITE_Q,0.7989971463852878,0.2543525877908507,0.39365425138155447,-0.04073733092660184,-0.46534186147761825,0.0,0.0,0.0,0.0,0.0,0.0,0.39365425138155447,-0.04073733092660184,-0.46534186147761825,0.46534186147761825
69,4,COMPOSITE_Q,0.8579482921845883,0.38216079684982296,0.25051831231126903,0.051608455855102355,0.021511785871603992,0.0,0.0,0.0,0.0,0.0,0.0,0.25051831231126903,0.051608455855102355,0.021511785871603992,0.10020732492450761
69,5,COMPOSITE_Q,0.9005029671861134,0.3381643957415295,0.42590844510346054,0.04805920973985117,0.006128494178562582,0.0,0.0,0.0,0.0,0.0,0.0,0.42590844510346054,0.04805920973985117,0.006128494178562582,0.1703633780413842
69,6,COMPOSITE_Q,1.239421190906459,0.5118467046411047,-0.4206022057522291,-0.05839244731426157,-0.06083322565216928,0.0,0.0,0.0,0.0,0.0,0.0,-0.4206022057522291,-0.05839244731426157,-0.06083322565216928,0.16824088230089165
69,7,COMPOSITE_Q,0.5341612937672208,0.481257565432304,0.030341593397557966,0.0018066830296589007,0.35638285597452074,0.0,0.0,0.0,0.0,0.0,0.0,0.030341593397557966,0.0018066830296589007,0.35638285597452074,0.35638285597452074
69,8,COMPOSITE_Q,1.4121133585675056,0.6169507865575894,-0.28825940358096813,-0.07306005674772553,-0.009843558371878868,0.0,0.0,0.0,0.0,0.0,0.0,-0.28825940358096813,-0.07306005674772553,-0.009843558371878868,0.11530376143238726
69,9,COMPOSITE_Q,1.049336487761322,0.5730975824904068,0.02108547677535885,-0.052976971813215805,-0.03801355112124748,0.0,0.0,0.0,0.0,0.0,0.0,0.02108547677535885,-0.052976971813215805,-0.03801355112124748,0.044147476511013174
69,10,COMPOSITE_Q,0.7770522588415831,0.6677860443737795,0.24740834198268796,0.0023874040149347068,0.031825657443606756,0.0,0.0,0.0,0.0,0.0,0.0,0.24740834198268796,0.0023874040149347068,0.031825657443606756,0.09896333679307519
69,1,COMPOSITE_Q_PLUS_RF,0.663133113113523,0.14194328424034805,-0.21011743214031475,-0.047036698378370066,0.330023042581576,7.336917593570901e-10,-6.537775923606975e-11,-1.3422381632085825e-10,7.336917462463788e-10,-6.537775876225282e-11,-1.342237987422834e-10,-0.210117431406623,-0.047036698443747825,0.3300230424473522,0.3300230424473522
69,2,COMPOSITE_Q_PLUS_RF,0.7337268132230196,0.13030236521314226,-0.36164015605901684,0.052942911608615355,0.16913552762540499,2.6830102759300237e-07,2.310172592541503e-09,-1.6249276794133468e-05,2.6830102761721264e-07,2.3101725948881935e-09,-1.6249276794139123e-05,-0.3616398877579892,0.05294291391878795,0.16911927834861085,0.16911927834861085
69,3,COMPOSITE_Q_PLUS_RF,0.7989975995291669,0.2543537292176467,0.3936535263741115,-0.04073734542573822,-0.46532011934543255,1.0693238322196752e-06,-5.133322758670413e-11,2.863665118230359e-05,1.0693238322034837e-06,-5.133322933392748e-11,2.8636651182301076e-05,0.3936545956979437,-0.040737345477071446,-0.46529148269425025,0.46529148269425025
69,4,COMPOSITE_Q_PLUS_RF,0.8579447987850203,0.3821601014298087,0.25051427062667825,0.051608471902037,0.021489840374053267,-2.2853939721842702e-10,2.2583361169367053e-09,9.388825021466608e-07,-2.2853940961908847e-10,2.2583361153349912e-09,9.388825021466873e-07,0.25051427039813884,0.05160847416037311,0.021490779256555414,0.10020570815925553
69,5,COMPOSITE_Q_PLUS_RF,0.9005039292427228,0.3381662452664813,0.4259163637764,0.04805920775342257,0.006089583990668497,1.7460892622519183e-06,1.827282514166207e-09,-5.486768688212378e-05,1.7460892622334079e-06,1.827282512800732e-09,-5.4867686882124206e-05,0.42591810986566225,0.04805920958070508,0.006034716303786373,0.1703672439462649
69,6,COMPOSITE_Q_PLUS_RF,1.2394187425932204,0.5118462408583693,-0.42060894294257717,-0.05839233841030365,-0.060751243375259834,5.716045751708998e-09,-3.255184259547602e-11,2.2195331028448658e-08,5.716045747838905e-09,-3.255184316541815e-11,2.2195331031427123e-08,-0.4206089372265314,-0.05839233844285549,-0.0607512211799288,0.16824357489061256
69,7,COMPOSITE_Q_PLUS_RF,0.5341617500670852,0.48125798341489523,0.03034195155079912,0.0018065661165451692,0.35638565917515586,1.7693837432496737e-08,4.970267466252308e-09,-9.813300396628746e-06,1.7693837433413462e-08,4.970267466260919e-09,-9.81330039662165e-06,0.030341969244636554,0.0018065710868126355,0.35637584587475923,0.35637584587475923
69,8,COMPOSITE_Q_PLUS_RF,1.4121129007576154,0.6169510227682358,-0.28825940676344664,-0.07306005264038386,-0.009834293513602115,7.323997170555153e-08,-8.432179333535816e-09,1.7222559412331456e-06,7.323997169850216e-08,-8.432179329775913e-09,1.7222559412326255e-06,-0.28825933352347494,-0.07306006107256319,-0.009832571257660882,0.11530373340938997
69,9,COMPOSITE_Q_PLUS_RF,1.0493364596756791,0.5731011549178662,0.0210840531454833,-0.05297696324024846,-0.037987583557306595,-7.965445408177998e-07,-4.339662307237844e-11,1.417659770943396e-05,-7.965445408195104e-07,-4.3396619631153044e-11,1.417659770943519e-05,0.02108325660094248,-0.05297696328364508,-0.03797340695959716,0.04414746940303757
69,10,COMPOSITE_Q_PLUS_RF,0.777050880099706,0.6677862490298792,0.24741038176555763,0.0023874046523704295,0.03178420795149354,3.353016546029668e-07,-5.0285105335678054e-11,-1.146401917122016e-05,3.3530165460815553e-07,-5.028510550661447e-11,-1.1464019171222861e-05,0.24741071706721224,0.002387404602085324,0.031772743932322316,0.09896428682688489
69,1,COMPOSITE_Q_PLUS_GB,0.663133113113523,0.141943986613434,-0.21011743214031475,-0.047036698378370066,0.330023042581576,-1.3255863655574612e-07,-3.478858589064981e-10,4.082246320481882e-06,-1.3255863656747024e-07,-3.478858590089118e-10,4.082246320480376e-06,-0.21011756469895132,-0.047036698726255925,0.3300271248278965,0.3300271248278965
69,2,COMPOSITE_Q_PLUS_GB,0.7337271791884356,0.13030269154720858,-0.36164034614571533,0.05294290907891177,0.1691371174042253,-8.179348543378437e-08,-6.186726965262705e-10,3.924794158105087e-06,-8.1793485429138e-08,-6.186726964063638e-10,3.92479415811664e-06,-0.36164042793920076,0.05294290846023907,0.1691410421983834,0.1691410421983834
69,3,COMPOSITE_Q_PLUS_GB,0.7989970770958771,0.2543526959681216,0.3936537020088194,-0.04073733203263724,-0.4653384677382934,-1.9938297134381412e-07,9.931115806848322e-10,5.45073729015885e-06,-1.993829713553552e-07,9.93111579083994e-10,5.4507372901357876e-06,0.39365350262584803,-0.04073733103952566,-0.46533301700100327,0.46533301700100327
69,4,COMPOSITE_Q_PLUS_GB,0.8579473892042125,0.3821604575160714,0.25051694708021927,0.05160845697713353,0.021503831202537772,-3.4878449944606893e-07,-1.0467397512930408e-10,7.285994594094115e-06,-3.48784499448751e-07,-1.0467397781876997e-10,7.28599459409382e-06,0.2505165982957198,0.05160845687245955,0.021511117197131866,0.10020663931828792
69,5,COMPOSITE_Q_PLUS_GB,0.9005029720626541,0.33816437986818754,0.4259059764257791,0.04805921238825125,0.006152373989965142,-6.097244615787744e-07,6.436636571740868e-09,4.788500711585395e-06,-6.097244615865804e-07,6.436636570961163e-09,4.788500711585403e-06,0.4259053667013175,0.04805921882488782,0.006157162490676727,0.17036214668052702
69,6,COMPOSITE_Q_PLUS_GB,1.2394211348376234,0.5118551044712868,-0.42059759344649206,-0.058392356757243476,-0.06087154294022616,-5.38472268126687e-08,1.6878314975088614e-09,3.134422368712299e-05,-5.384722678858367e-08,1.6878314995638632e-09,3.134422368712003e-05,-0.42059764729371885,-0.058392355069411976,-0.06084019871653904,0.16823905891748753
69,7,COMPOSITE_Q_PLUS_GB,0.5341510340497648,0.48125798463511854,0.030342936736089877,0.0018065730212556356,0.3563456019923749,5.455906228840387e-07,3.890747253086008e-09,-1.4029504246797357e-05,5.455906228850338e-07,3.890747253022797e-09,-1.4029504246781954e-05,0.030343482326712762,0.0018065769120028886,0.35633157248812813,0.35633157248812813
69,8,COMPOSITE_Q_PLUS_GB,1.412112997859291,0.6169594506863963,-0.28829014411335896,-0.07306006103612288,-0.009796288508167201,-1.1679708718358067e-07,1.338243710472949e-09,5.919037460360685e-06,-1.1679708716849646e-07,1.3382437102915645e-09,5.919037460361265e-06,-0.28829026091044613,-0.07306005969787917,-0.00979036947070684,0.11531610436417845
69,9,COMPOSITE_Q_PLUS_GB,1.049326228491009,0.5730994573548434,0.021115732640962663,-0.05297701979456852,-0.038021527479830085,-3.012017728858429e-07,1.609030548092721e-09,5.161354179946053e-06,-3.012017728842853e-07,1.6090305476890165e-09,5.161354179945843e-06,0.02111543143918978,-0.052977018185537975,-0.03801636612565014,0.04414751515461498
69,10,COMPOSITE_Q_PLUS_GB,0.7770505834641936,0.6677864064126047,0.24741013933770317,0.002387402337060575,0.03176359472003473,-2.2203891557007684e-07,2.244416551615813e-09,-1.2186069511846352e-06,-2.2203891555938604e-07,2.2444165514827474e-09,-1.2186069511879727e-06,0.2474099172987876,0.0023874045814771265,0.031762376113083544,0.09896396691951505
70,1,COMPOSITE_Q,0.878927575616968,0.05088828084643879,-0.26913240660118853,0.07246846690574585,-0.07319471361307366,0.0,0.0,0.0,0.0,0.0,0.0,-0.26913240660118853,0.07246846690574585,-0.07319471361307366,0.10765296264047541
70,2,COMPOSITE_Q,0.7701346107947078,0.1468496227996728,0.0027175421016975873,0.06377501758185516,0.08661880413965306,0.0,0.0,0.0,0.0,0.0,0.0,0.0027175421016975873,0.06377501758185516,0.08661880413965306,0.08661880413965306
70,3,COMPOSITE_Q,0.6736438373848546,0.14729432615014884,-0.41891323500611366,0.035624328648891306,0.448819869286163,0.0,0.0,0.0,0.0,0.0,0.0,-0.41891323500611366,0.035624328648891306,0.448819869286163,0.448819869286163
70,4,COMPOSITE_Q,0.5390943395807994,0.12468022187588057,0.13427856063167942,-0.04034525822564375,-0.1455207693861205,0.0,0.0,0.0,0.0,0.0,0.0,0.13427856063167942,-0.04034525822564375,-0.1455207693861205,0.1455207693861205
70,5,COMPOSITE_Q,0.8103337193820489,0.18828681256405688,-0.29347924425954786,-0.058632853685172716,0.5149002260848893,0.0,0.0,0.0,0.0,0.0,0.0,-0.29347924425954786,-0.058632853685172716,0.5149002260848893,0.5149002260848893
70,6,COMPOSITE_Q,1.0610172482410118,0.21150515818395868,0.3645114351724863,-0.07178365871110468,-0.4770408285697433,0.0,0.0,0.0,0.0,0.0,0.0,0.3645114351724863,-0.07178365871110468,-0.4770408285697433,0.4770408285697433
70,7,COMPOSITE_Q,1.113223701052063,0.31988575254158186,-0.4302016124438667,0.07233006436320273,-0.1297358945210782,0.0,0.0,0.0,0.0,0.0,0.0,-0.4302016124438667,0.07233006436320273,-0.1297358945210782,0.17208064497754666
70,8,COMPOSITE_Q,0.5583938612612864,0.382162348509289,-0.3595900840067766,-0.005698269081190269,0.08560079897185187,0.0,0.0,0.0,0.0,0.0,0.0,-0.3595900840067766,-0.005698269081190269,0.08560079897185187,0.14383603360271063
70,9,COMPOSITE_Q,0.4663647678178444,0.30512544291753163,-0.29844876502485507,-0.005000551525945905,0.028836137505752427,0.0,0.0,0.0,0.0,0.0,0.0,-0.29844876502485507,-0.005000551525945905,0.028836137505752427,0.11937950600994203
70,10,COMPOSITE_Q,0.5671891829836171,0.18928550426106258,-0.2778901431566706,0.03306909185317274,0.3022136835967061,0.0,0.0,0.0,0.0,0.0,0.0,-0.2778901431566706,0.03306909185317274,0.3022136835967061,0.3022136835967061
70,1,COMPOSITE_Q_PLUS_RF,0.878927575616968,0.050888295715978846,-0.26913240660118853,0.07246846690574585,-0.07319471361307366,-4.377091833411738e-11,-7.18710499909447e-11,5.250336543288347e-07,-4.3770931323905415e-11,-7.187105077743894e-11,5.250336543305423e-07,-0.26913240664495947,0.0724684668338748,-0.07319418857941933,0.10765296265798378
70,2,COMPOSITE_Q_PLUS_RF,0.7701345929071717,0.14684961675521133,0.002738919400448192,0.06377501607048437,0.08624965024836045,-1.6232591638760184e-09,-8.791619900976456e-11,-6.993074451895024e-11,-1.6232591638042082e-09,-8.791620209613882e-11,-6.993074175287717e-11,0.0027389177771890284,0.06377501598256817,0.08624965017842971,0.08624965017842971
70,3,COMPOSITE_Q_PLUS_RF,0.6736480613741789,0.14729224628002996,-0.4189341216491177,0.03562457313194218,0.44918006534741695,5.582676791619569e-07,-8.828673975058584e-11,-1.6258348109124726e-05,5.582676791404673e-07,-8.828673903060746e-11,-1.625834810914384e-05,-0.41893356338143856,0.03562457304365544,0.4491638069993078,0.4491638069993078
70,4,COMPOSITE_Q_PLUS_RF,0.5390979661277797,0.12470368652958762,0.13427832100340895,-0.04034553244587202,-0.14550124067459216,1.336278989545404e-05,7.456456433895688e-09,-9.322597670731174e-05,1.3362789895443594e-05,7.456456431464975e-09,-9.32259767073007e-05,0.1342916837933044,-0.04034552498941559,-0.14559446665129946,0.14559446665129946
70,5,COMPOSITE_Q_PLUS_RF,0.8103419474448634,0.18828732488633018,-0.29341020403158163,-0.05863281538720808,0.5148954670285194,8.268125760599132e-08,-7.069689475995478e-11,-9.824684911279001e-07,8.268125761823342e-08,-7.069689278438318e-11,-9.824684911174941e-07,-0.293410121350324,-0.058632815457904976,0.5148944845600283,0.5148944845600283
70,6,COMPOSITE_Q_PLUS_RF,1.0609785694772051,0.21150627848441866,0.3643548012964533,-0.07178387362863357,-0.4753657343119732,2.0542957442455843e-06,-1.1829681416642893e-09,4.075958580742823e-05,2.05429574423599e-06,-1.182968140112095e-09,4.075958580740391e-05,0.36435685559219755,-0.07178387481160171,-0.4753249747261658,0.4753249747261658
70,7,COMPOSITE_Q_PLUS_RF,1.1134220752919888,0.3198857582894305,-0.43007707932871786,0.07232986094662197,-0.132362832653697,-2.2077431146810677e-09,-8.572215053507522e-11,1.4930319665117585e-08,-2.207743099447157e-09,-8.572215159929897e-11,1.4930319675032777e-08,-0.43007708153646096,0.07232986086089982,-0.13236281772337732,0.17203083261458438
70,8,COMPOSITE_Q_PLUS_RF,0.5583429893721076,0.38216239293117377,-0.35963941441174857,-0.005698276385834554,0.0866176357858541,8.899556209542432e-07,-6.702165337080989e-11,-5.786464091470569e-06,8.89955620975158e-07,-6.702165298438922e-11,-5.786464091467325e-06,-0.3596385244561276,-0.005698276452856207,0.08661184932176264,0.14385540978245104
70,9,COMPOSITE_Q_PLUS_RF,0.466364933088782,0.30512543169131656,-0.29845181486871936,-0.005000551583223459,0.028872754829503022,6.928000553763525e-12,-5.2778231214303786e-11,-7.55538728358518e-11,6.928013718265902e-12,-5.277823143801097e-11,-7.555387218638465e-11,-0.29845181486179134,-0.00500055163600169,0.02887275475394915,0.11938072594471653
70,10,COMPOSITE_Q_PLUS_RF,0.5671893023729403,0.18928556322918635,-0.27787675506344367,0.033069094390935784,0.30192915914255025,3.65612509476687e-08,5.211625277621502e-09,1.6236358819920073e-07,3.6561250971178794e-08,5.211625277168341e-09,1.6236358818533247e-07,-0.2778767185021927,0.03306909960256106,0.30192932150613844,0.30192932150613844
70,1,COMPOSITE_Q_PLUS_GB,0.878927575616968,0.05088844880699107,-0.26913240660118853,0.07246846690574585,-0.07319471361307366,-6.531289455310706e-08,1.3317744308615098e-09,4.245324902392275e-06,-6.531289453715061e-08,1.331774426849286e-09,4.245324902396597e-06,-0.26913247191408307,0.07246846823752028,-0.07319046828817126,0.10765298876563323
70,2,COMPOSITE_Q_PLUS_GB,0.7701344698447231,0.146849782349037,0.0027236385573541034,0.06377501688515444,0.08651684737136828,-1.1802849857102863e-07,-6.691312699293728e-10,4.692872765257803e-06,-1.1802849857103087e-07,-6.69131264285916e-10,4.692872765263423e-06,0.0027235205288555324,0.06377501621602318,0.08652154024413354,0.08652154024413354
70,3,COMPOSITE_Q_PLUS_GB,0.6736451949341132,0.14729214638266042,-0.41891837258926756,0.03562459856037961,0.4489014816942232,-1.0320440923011654e-07,-6.186726965262705e-10,3.693134962320164e-06,-1.032044092408313e-07,-6.186726964063638e-10,3.693134962345912e-06,-0.4189184757936768,0.035624597941706915,0.44890517482918557,0.44890517482918557
70,4,COMPOSITE_Q_PLUS_GB,0.5390973156483734,0.12470306537347024,0.13427976829909563,-0.04034553256979056,-0.145526003416736,7.759395996193269e-05,1.4797874581413526e-09,-0.00011647955415689406,7.759395996193019e-05,1.4797874592353821e-09,-0.00011647955415688971,0.13435736225905756,-0.0403455310900031,-0.14564248297089288,0.14564248297089288
70,5,COMPOSITE_Q_PLUS_GB,0.8103708804476,0.18828723365609706,-0.2935279059507769,-0.05863263409654191,0.5149911063752367,-1.1678078948243625e-07,-6.186726965262705e-10,1.4741713215470648e-06,-1.1678078948307302e-07,-6.186726964063638e-10,1.4741713215693508e-06,-0.29352802273156636,-0.058632634715214606,0.5149925805465583,0.5149925805465583
70,6,COMPOSITE_Q_PLUS_GB,1.0610038492140692,0.21181044880363514,0.3657692021214563,-0.0717984993580374,-0.5054512537293369,-6.920165365270699e-07,1.9014531229698294e-07,-1.3834195733696584e-06,-6.920165365187358e-07,1.901453123009933e-07,-1.3834195733419818e-06,0.3657685101049198,-0.07179830921272509,-0.5054526371489102,0.5054526371489102
70,7,COMPOSITE_Q_PLUS_GB,1.1098611542308776,0.3198860281577246,-0.4316005070226656,0.07234831330295813,-0.09932428035140795,-2.3283895834445306e-07,-6.186726965262705e-10,5.523122396486268e-06,-2.3283895833614565e-07,-6.186726964063638e-10,5.523122396489111e-06,-0.43160073986162395,0.07234831268428543,-0.09931875722901146,0.17264029594464958
70,8,COMPOSITE_Q_PLUS_GB,0.5584936774343178,0.3821622540523978,-0.35949112630890506,-0.005698236063086976,0.08359827471514433,7.324572391712618e-07,1.4153764674420245e-09,-8.409375453656443e-06,7.324572391942397e-07,1.4153764670704616e-09,-8.409375453655166e-06,-0.35949039385166587,-0.005698234647710509,0.08358986533969068,0.14379615754066635
70,9,COMPOSITE_Q_PLUS_GB,0.46636472136722457,0.3051254871099712,-0.298428469915731,-0.005000554613683391,0.02839969259918024,7.703487538482715e-07,1.7605085972301406e-09,-1.3041378948863844e-05,7.703487538424092e-07,1.7605085974106705e-09,-1.3041378948863702e-05,-0.2984276995669772,-0.005000552853174794,0.028386651220231377,0.11937107982679088
70,10,COMPOSITE_Q_PLUS_GB,0.5671870223116249,0.18928552869271428,-0.27791321780971967,0.0330691450842835,0.3026715313050557,1.9455265326782032e-07,7.799904639189327e-10,-2.467642090144955e-06,1.9455265326540072e-07,7.799904611083264e-10,-2.467642090164812e-06,-0.2779130232570664,0.03306914586427396,0.30266906366296553,0.30266906366296553
71,1,COMPOSITE_Q,0.7182155897802526,0.027117535772889223,-0.1502381849778591,0.0605270700642736,-0.15505526303573702,0.0,0.0,0.0,0.0,0.0,0.0,-0.1502381849778591,0.0605270700642736,-0.15505526303573702,0.15505526303573702
71,2,COMPOSITE_Q,0.7982017464868519,0.05771196559038241,0.3143218293120329,0.06066245775133363,-0.37105645780621443,0.0,0.0,0.0,0.0,0.0,0.0,0.3143218293120329,0.06066245775133363,-0.37105645780621443,0.37105645780621443
71,3,COMPOSITE_Q,0.5367114694411232,0.17403901459556345,0.0632401933308649,-0.04692100580291793,-0.001743911046628312,0.0,0.0,0.0,0.0,0.0,0.0,0.0632401933308649,-0.04692100580291793,-0.001743911046628312,0.039100838169098276
71,4,COMPOSITE_Q,0.9566875567496449,0.06576639777890869,-0.1561203810817948,0.08655165858415621,0.11341681808448628,0.0,0.0,0.0,0.0,0.0,0.0,-0.1561203810817948,0.08655165858415621,0.11341681808448628,0.11341681808448628
71,5,COMPOSITE_Q,0.6979792389858709,0.19892841014326684,-0.060086950328017884,-0.05351754374765007,-0.5308636452405959,0.0,0.0,0.0,0.0,0.0,0.0,-0.060086950328017884,-0.05351754374765007,-0.5308636452405959,0.5308636452405959
71,6,COMPOSITE_Q,0.7409317180591585,0.24027587469465161,-0.6649762907997258,-0.0031690286582595067,-0.31458341072832674,0.0,0.0,0.0,0.0,0.0,0.0,-0.6649762907997258,-0.0031690286582595067,-0.31458341072832674,0.31458341072832674
71,7,COMPOSITE_Q,0.4953210680001414,0.3382183807511636,0.26684245285115826,-0.015241482598922558,-0.31586393468978613,0.0,0.0,0.0,0.0,0.0,0.0,0.26684245285115826,-0.015241482598922558,-0.31586393468978613,0.31586393468978613
71,8,COMPOSITE_Q,0.4874592596349308,0.32172627808490295,-0.13690473425087385,0.01952659113820056,-0.2332696669845312,0.0,0.0,0.0,0.0,0.0,0.0,-0.13690473425087385,0.01952659113820056,-0.2332696669845312,0.2332696669845312
71,9,COMPOSITE_Q,0.6284231360198524,0.46029062207906946,0.09637172537948215,0.01531891186625313,-0.2491045986356049,0.0,0.0,0.0,0.0,0.0,0.0,0.09637172537948215,0.01531891186625313,-0.2491045986356049,0.2491045986356049
71,10,COMPOSITE_Q,1.0252179430952033,0.36986554747232614,0.1354492703074319,0.06198325737737768,0.2559860607897516,0.0,0.0,0.0,0.0,0.0,0.0,0.1354492703074319,0.06198325737737768,0.2559860607897516,0.2559860607897516
71,1,COMPOSITE_Q_PLUS_RF,0.7182155897802526,0.0271231874661342,-0.1502381849778591,0.0605270700642736,-0.15505526303573702,-7.839992390951454e-07,-7.558231297474709e-11,1.8352593781477383e-05,-7.839992390845651e-07,-7.558231124304982e-11,1.8352593781467696e-05,-0.15023896897709818,0.06052706998869129,-0.15503691044195556,0.15503691044195556
71,2,COMPOSITE_Q_PLUS_RF,0.7982022969088729,0.057712132039410065,0.31432329739631454,0.060662498215807145,-0.3710881204093449,3.338233106740572e-10,-7.938620864445897e-11,-6.802676213107907e-11,3.338233023342241e-10,-7.938620594227785e-11,-6.802675089900845e-11,0.31432329773013784,0.06066249813642094,-0.37108812047737166,0.37108812047737166
71,3,COMPOSITE_Q_PLUS_RF,0.5367123651940415,0.17403838961616225,0.06323753452249593,-0.046921040407821885,-0.0009750978665203045,-1.7649428034357303e-07,1.7605581994336838e-09,9.385724605006808e-07,-1.7649428034338666e-07,1.7605581992263808e-09,9.385724605006848e-07,0.06323735802821559,-0.046921038647263685,-0.0009741592940598038,0.03910086553938641
71,4,COMPOSITE_Q_PLUS_RF,0.9567073937155938,0.06576624463751961,-0.15611784536556933,0.08655166225429194,0.1126767340729968,-1.0158575732592357e-09,-8.791619900976457e-11,1.852741546459175e-06,-1.0158575647345458e-09,-8.791620209613882e-11,1.8527415464597574e-06,-0.1561178463814269,0.08655166216637573,0.11267858681454326,0.11267858681454326
71,5,COMPOSITE_Q_PLUS_RF,0.6979797043746415,0.19892840579491416,-0.06001880542870277,-0.05351753584516066,-0.5320579496074301,7.561010726320138e-10,-6.789400197944854e-11,9.570303839456039e-08,7.561010706425009e-10,-6.78940029197328e-11,9.570303838302152e-08,-0.0600188046726017,-0.053517535913054665,-0.5320578539043918,0.5320578539043918
71,6,COMPOSITE_Q_PLUS_RF,0.7407820998563608,0.24027646862539093,-0.6650450772584743,-0.0031690364755707517,-0.3134200153184308,1.161414983326849e-05,-7.89574054750293e-11,-0.00018033252612844887,1.1614149833305554e-05,-7.895740528410244e-11,-0.00018033252612842388,-0.665033463108641,-0.003169036554528157,-0.3136003478445592,0.3136003478445592
71,7,COMPOSITE_Q_PLUS_RF,0.4953202526377951,0.3382224140047059,0.2668311443308785,-0.015241492674765336,-0.3156799964981192,1.6741903502730842e-06,2.4386588093444017e-09,-1.532928786281707e-05,1.6741903502981437e-06,2.4386588096114714e-09,-1.5329287862797525e-05,0.2668328185212288,-0.015241490236106527,-0.315695325785982,0.315695325785982
71,8,COMPOSITE_Q_PLUS_RF,0.4874585108597054,0.32172626650584124,-0.13690600853827245,0.019526592754075353,-0.23326558295124222,4.6770030644328054e-08,1.7912263093087931e-09,-9.686654540913869e-11,4.677003065389762e-08,1.7912263096386827e-09,-9.686654256491067e-11,-0.1369059617682418,0.019526594545301663,-0.23326558304810877,0.23326558304810877
71,9,COMPOSITE_Q_PLUS_RF,0.6284229310153175,0.4602934471077994,0.09637107505884575,0.015318908121390827,-0.2490946454721393,2.1700124513126926e-05,1.4859588979339639e-08,-0.00024363793591097507,2.1700124513121533e-05,1.4859588979426741e-08,-0.0002436379359109786,0.09639277518335887,0.015318922980979807,-0.24933828340805028,0.24933828340805028
71,10,COMPOSITE_Q_PLUS_RF,1.025230313333469,0.36986317982387007,0.1354476166422261,0.06198334427169384,0.25581490827023273,-3.6128682203300265e-08,-8.621452684208039e-11,3.4701031465141628e-06,-3.612868221258836e-08,-8.621452857182632e-11,3.4701031464967613e-06,0.13544758051354389,0.06198334418547931,0.25581837837337923,0.25581837837337923
71,1,COMPOSITE_Q_PLUS_GB,0.7182155897802526,0.027119040007135803,-0.1502381849778591,0.0605270700642736,-0.15505526303573702,-6.531289455310706e-08,-6.186726965262705e-10,4.692872765257803e-06,-6.531289456490619e-08,-6.186726964063638e-10,4.692872765249545e-06,-0.15023825029075366,0.060527069445600906,-0.15505057016297177,0.15505057016297177
71,2,COMPOSITE_Q_PLUS_GB,0.7982018434773979,0.05771211656165244,0.31430795946239587,0.06066248857252992,-0.37081972347392017,-4.0972388201853667e-07,-6.691312699293728e-10,7.739525722476545e-06,-4.0972388204441046e-07,-6.691312712248099e-10,7.739525722472163e-06,0.3143075497385138,0.06066248790339865,-0.3708119839481977,0.3708119839481977
71,3,COMPOSITE_Q_PLUS_GB,0.5367026198522862,0.17403842826249544,0.06325282125245675,-0.046921103670205876,-0.0011422655729248163,-4.757131957372589e-07,1.6486839434486863e-09,9.784638556958288e-06,-4.757131957383587e-07,1.6486839463092373e-09,9.784638556958273e-06,0.06325234553926101,-0.04692110202152193,-0.001132480934367858,0.03910091835126828
71,4,COMPOSITE_Q_PLUS_GB,0.956710236622503,0.0657664089867175,-0.15611792803413357,0.08655166330252496,0.11260586351568003,-6.60156383604745e-08,-6.691312699293728e-10,4.053519976436543e-06,-6.601563837249635e-08,-6.69131264285916e-10,4.053519976440767e-06,-0.15611799404977195,0.0865516626333937,0.11260991703565647,0.11260991703565647
71,5,COMPOSITE_Q_PLUS_GB,0.6979865616621628,0.19892845152228594,-0.06003778431916751,-0.05351751606287819,-0.53175514107822,-8.200974004287993e-08,-6.186726965262705e-10,3.374312917786093e-06,-8.200974004057837e-08,-6.186726964063638e-10,3.3743129177477016e-06,-0.06003786632890755,-0.053517516681550886,-0.5317517667653022,0.5317517667653022
71,6,COMPOSITE_Q_PLUS_GB,0.7408256239181643,0.24027625823458704,-0.6650216216566742,-0.00316902943441895,-0.313825606646565,2.948691852846524e-07,1.6713306996820326e-11,-1.5687513704114353e-05,2.948691852910912e-07,1.6713306953686224e-11,-1.5687513704121248e-05,-0.6650213267874889,-0.003169029417705643,-0.3138412941602691,0.3138412941602691
71,7,COMPOSITE_Q_PLUS_GB,0.49532149352902666,0.3382185337068959,0.26683756794558594,-0.015241483673760488,-0.3157597624133015,5.523843802601681e-07,1.3649178940389223e-09,-1.90819922716999e-05,5.523843802368589e-07,1.364917893986739e-09,-1.908199227168561e-05,0.2668381203299662,-0.015241482308842595,-0.3157788444055732,0.3157788444055732
71,8,COMPOSITE_Q_PLUS_GB,0.4874588331303871,0.32172629128241864,-0.1369068681511417,0.019526590294828332,-0.23322342458356776,2.4697430592954745e-07,1.7100500238270384e-09,-1.6016521921514767e-06,2.4697430592302005e-07,1.7100500251943096e-09,-1.6016521921513593e-06,-0.13690662117683577,0.019526592004878357,-0.2332250262357599,0.2332250262357599
71,9,COMPOSITE_Q_PLUS_GB,0.6284234888242863,0.4603029143509836,0.09637389958401461,0.015318905440530564,-0.24914567934588427,0.0001190178855109886,5.821737010016066e-10,-0.002430447454467053,0.00011901788551098302,5.821737016076245e-10,-0.0024304474544670773,0.0964929174695256,0.015318906022704266,-0.25157612680035135,0.25157612680035135
71,10,COMPOSITE_Q_PLUS_GB,1.0253839461179908,0.3698634730644874,0.13536504613480888,0.061983559246410004,0.2576965966863756,-6.051314742681832e-07,1.5254621113966797e-09,4.168305131495133e-06,-6.051314742627767e-07,1.525462110796294e-09,4.168305131502237e-06,0.1353644410033346,0.061983560771872115,0.2577007649915071,0.2577007649915071
72,1,COMPOSITE_Q,0.5333735770798786,0.13461498522189477,-0.2684376190256403,0.027180236140077595,-0.34673445714902706,0.0,0.0,0.0,0.0,0.0,0.0,-0.2684376190256403,0.027180236140077595,-0.34673445714902706,0.34673445714902706
72,2,COMPOSITE_Q,0.6980103234594357,0.13574982564900123,0.01603449272770965,0.06450361809175313,0.08195823077083599,0.0,0.0,0.0,0.0,0.0,0.0,0.01603449272770965,0.06450361809175313,0.08195823077083599,0.08195823077083599
72,3,COMPOSITE_Q,0.6596731443864834,0.26493054779266095,-0.4519530283943039,0.01740619871513682,-0.1965409758014269,0.0,0.0,0.0,0.0,0.0,0.0,-0.4519530283943039,0.01740619871513682,-0.1965409758014269,0.1965409758014269
72,4,COMPOSITE_Q,0.6561393464832217,0.2919015439035099,-0.08901537879977296,-0.037026500056318454,0.06440577992963806,0.0,0.0,0.0,0.0,0.0,0.0,-0.08901537879977296,-0.037026500056318454,0.06440577992963806,0.06440577992963806
72,5,COMPOSITE_Q,0.9820356651558172,0.21928809192120935,-0.3947949513815563,0.05977895933621919,-0.46688115118636875,0.0,0.0,0.0,0.0,0.0,0.0,-0.3947949513815563,0.05977895933621919,-0.46688115118636875,0.46688115118636875
72,6,COMPOSITE_Q,1.0054955707042903,0.24048041219893856,-0.3511458418522548,0.07234511903423194,-0.18358320251598714,0.0,0.0,0.0,0.0,0.0,0.0,-0.3511458418522548,0.07234511903423194,-0.18358320251598714,0.18358320251598714
72,7,COMPOSITE_Q,0.6959221475493523,0.1284546335639572,-0.0016010859570253072,0.06644194141658198,0.10157551905031537,0.0,0.0,0.0,0.0,0.0,0.0,-0.0016010859570253072,0.06644194141658198,0.10157551905031537,0.10157551905031537
72,8,COMPOSITE_Q,0.527075827571528,0.10612365394789332,0.045842113055773084,0.044188918855985804,-0.24706901896649938,0.0,0.0,0.0,0.0,0.0,0.0,0.045842113055773084,0.044188918855985804,-0.24706901896649938,0.24706901896649938
72,9,COMPOSITE_Q,0.7293551945105253,0.12193035965908801,-0.6412085954310401,0.013934123966535168,-0.28834486461163483,0.0,0.0,0.0,0.0,0.0,0.0,-0.6412085954310401,0.013934123966535168,-0.28834486461163483,0.28834486461163483
72,10,COMPOSITE_Q,0.30896533508199886,0.16664862553407922,0.21479045208181716,0.008658538003835502,-0.2412310255159904,0.0,0.0,0.0,0.0,0.0,0.0,0.21479045208181716,0.008658538003835502,-0.2412310255159904,0.2412310255159904
72,1,COMPOSITE_Q_PLUS_RF,0.5333735770798786,0.13461498615140818,-0.2684376190256403,0.027180236140077595,-0.34673445714902706,1.2150346297401386e-09,-6.468585670157535e-11,-6.263463518201517e-08,1.2150346284656166e-09,-6.468585736496557e-11,-6.263463520062018e-08,-0.26843761781060566,0.027180236075391738,-0.34673451978366227,0.34673451978366227
72,2,COMPOSITE_Q_PLUS_RF,0.69801032831655,0.13575601398955986,0.016060470059135697,0.06450361508530142,0.08175132429409873,2.0225306658657865e-06,2.9473263389963237e-09,-2.1008936497286043e-05,2.0225306658662456e-06,2.947326341318224e-09,-2.1008936497285413e-05,0.016062492589801563,0.06450361803262776,0.08173031535760145,0.08173031535760145
72,3,COMPOSITE_Q_PLUS_RF,0.659655885231087,0.2649303818423824,-0.45180551082367776,0.01740618048974262,-0.19784968842771392,7.215792448106516e-07,1.7563317420613715e-09,-1.0300994522082112e-05,7.215792448000968e-07,1.7563317432356396e-09,-1.0300994522094431e-05,-0.45180478924443296,0.017406182246074365,-0.197859989422236,0.197859989422236
72,4,COMPOSITE_Q_PLUS_RF,0.6561680614657414,0.2919005925735329,-0.08919782562354721,-0.037026298937702797,0.06596321013785407,-1.3315905393213606e-07,-3.1843662086230054e-11,-1.428495867814988e-10,-1.3315905393607164e-07,-3.1843659653585377e-11,-1.4284959326538171e-10,-0.08919795878260114,-0.037026298969546456,0.06596320999500448,0.06596320999500448
72,5,COMPOSITE_Q_PLUS_RF,0.9820348583831944,0.21928895172496293,-0.3947765456921735,0.05977907524382889,-0.4669020434934014,2.6416291330750847e-07,-8.518362738517e-11,-5.411422916145817e-06,2.6416291332154174e-07,-8.518362404341673e-11,-5.41142291615726e-06,-0.3947762815292602,0.059779075158645265,-0.4669074549163176,0.4669074549163176
72,6,COMPOSITE_Q_PLUS_RF,1.0054998120627106,0.24048044502804264,-0.35115848645070635,0.07234509491046413,-0.18356304805630033,-1.4495691491732046e-09,-8.452866828527301e-11,6.121721051872418e-07,-1.4495691313953785e-09,-8.452866184782692e-11,6.121721051743911e-07,-0.3511584879002755,0.07234509482593547,-0.18356243588419516,0.18356243588419516
72,7,COMPOSITE_Q_PLUS_RF,0.6959218847785169,0.12845612776525991,-0.0015934534245080787,0.06644194594985563,0.10156766600729221,-3.6501844336865064e-07,-6.674074403110682e-11,7.670823445550878e-06,-3.650184433685779e-07,-6.67407379362217e-11,7.670823445549146e-06,-0.0015938184429514473,0.06644194588311489,0.10157533683073776,0.10157533683073776
72,8,COMPOSITE_Q_PLUS_RF,0.5270743398434562,0.10612352584117762,0.04583571846176742,0.0441889817842146,-0.24706977461636778,-6.589745599430935e-07,-4.2672968775387106e-11,9.522755179841436e-06,-6.589745599402952e-07,-4.267296932480846e-11,9.522755179847131e-06,0.04583505948720748,0.04418898174154163,-0.24706025186118794,0.24706025186118794
72,9,COMPOSITE_Q_PLUS_RF,0.7293560818396916,0.12193119506885412,-0.6412081121714399,0.0139340797760424,-0.2883524007564107,2.803925410737107e-06,-7.964642667158977e-11,-2.8969167454969294e-05,2.8039254107437017e-06,-7.964642660673871e-11,-2.8969167454984124e-05,-0.6412053082460292,0.013934079696395974,-0.2883813699238657,0.2883813699238657
72,10,COMPOSITE_Q_PLUS_RF,0.3089655189982456,0.1666486136041338,0.21478739245199024,0.008658540787081313,-0.241196766722124,1.2338898223531776e-11,3.6007781721825007e-09,-7.38374671164716e-11,1.2338907673381527e-11,3.6007781721580923e-09,-7.383746392086721e-11,0.21478739246432915,0.008658544387859485,-0.24119676679596147,0.24119676679596147
72,1,COMPOSITE_Q_PLUS_GB,0.5333735770798786,0.13461505296776316,-0.2684376190256403,0.027180236140077595,-0.34673445714902706,1.2767296425836475e-07,5.092036262991605e-10,1.9186751466599973e-06,1.2767296425630903e-07,5.092036271803213e-10,1.9186751466504504e-06,-0.268437491352676,0.027180236649281223,-0.3467325384738804,0.3467325384738804
72,2,COMPOSITE_Q_PLUS_GB,0.6980101198880501,0.13574819570159657,0.016045453571700768,0.06450360379439016,0.08178338697581095,-7.387520191256406e-07,-2.7537291183824522e-12,9.475529131346621e-06,-7.387520191241836e-07,-2.7537278013411992e-12,9.475529131344751e-06,0.016044714819681644,0.06450360379163643,0.08179286250494229,0.08179286250494229
72,3,COMPOSITE_Q_PLUS_GB,0.6596539898111842,0.2649362475218937,-0.4519945710047791,0.017406218126135724,-0.19610736849968513,-3.753222691835986e-06,1.6713306996820326e-11,0.00019044086603520866,-3.7532226918601808e-06,1.6713307821047962e-11,0.00019044086603520194,-0.45199832422747094,0.017406218142849032,-0.19591692763364993,0.19591692763364993
72,4,COMPOSITE_Q_PLUS_GB,0.6561373070187976,0.291899572369082,-0.08898302353305405,-0.03702668104517899,0.06393314928493274,-7.888927480542676e-08,4.148444452020236e-09,4.7631620788854496e-06,-7.888927480714791e-08,4.148444449070254e-09,4.763162078882943e-06,-0.08898310242232886,-0.03702667689673454,0.06393791244701162,0.06393791244701162
72,5,COMPOSITE_Q_PLUS_GB,0.9820341268878727,0.21928974832453846,-0.39478714839875284,0.059779081486809826,-0.46688962033817044,-2.435245802090695e-07,-6.186726965262705e-10,9.483548369592303e-06,-2.4352458022347534e-07,-6.186726964063638e-10,9.4835483696043e-06,-0.39478739192333306,0.05977908086813713,-0.46688013678980084,0.46688013678980084
72,6,COMPOSITE_Q_PLUS_GB,1.0054985516226966,0.24048166700218235,-0.3511506523679519,0.07234510527870915,-0.18358340832409775,-2.158804091676003e-07,-6.186726965262705e-10,4.350778555039332e-06,-2.1588040916009632e-07,-6.186726964063638e-10,4.350778555040069e-06,-0.35115086824836106,0.07234510466003645,-0.1835790575455427,0.1835790575455427
72,7,COMPOSITE_Q_PLUS_GB,0.695921941307234,0.1284560849560474,-0.001623406360634329,0.06644194662958054,0.10159950703041282,-4.12502224444891e-07,-1.0464408143082067e-10,4.70010053637995e-06,-4.1250222444495603e-07,-1.0464408506383194e-10,4.7001005363811466e-06,-0.001623818862858774,0.06644194652493646,0.1016042071309492,0.1016042071309492
72,8,COMPOSITE_Q_PLUS_GB,0.5270838983774548,0.10612352021404661,0.04586519262501509,0.044188895315243365,-0.2471014627360326,-4.867795943588283e-07,9.488869492262667e-10,7.534474925963161e-06,-4.867795943622188e-07,9.488869481821816e-10,7.534474925963153e-06,0.045864705845420725,0.04418889626413031,-0.24709392826110663,0.24709392826110663
72,9,COMPOSITE_Q_PLUS_GB,0.7293558557964126,0.12193450989069583,-0.6412083587437444,0.013934064836875218,-0.28835022644513425,1.0892721175175701e-05,1.6713306996820326e-11,-3.240871285862571e-05,1.0892721175159714e-05,1.6713307821047962e-11,-3.240871285864477e-05,-0.6411974660225692,0.013934064853588526,-0.2883826351579929,0.2883826351579929
72,10,COMPOSITE_Q_PLUS_GB,0.3089613019083519,0.16664864060617784,0.21477965387374284,0.008658544803058176,-0.24120189460599764,2.43615603082272e-07,2.1693356050501934e-09,-4.977528740317678e-06,2.4361560307939456e-07,2.169335605248235e-09,-4.9775287403186486e-06,0.21477989748934592,0.008658546972393781,-0.24120687213473796,0.24120687213473796
73,1,COMPOSITE_Q,0.6350724055202572,0.1490732775066922,0.34815007959403543,-0.03557984506333335,0.027226543851501972,0.0,0.0,0.0,0.0,0.0,0.0,0.34815007959403543,-0.03557984506333335,0.027226543851501972,0.13926003183761418
73,2,COMPOSITE_Q,0.8662806146319165,0.09339137726449277,-0.6004358271380992,0.0411610173000952,-0.2425868519758048,0.0,0.0,0.0,0.0,0.0,0.0,-0.6004358271380992,0.0411610173000952,-0.2425868519758048,0.2425868519758048
73,3,COMPOSITE_Q,0.8464256840976853,0.1723351266029789,0.49788247677540093,-0.03561994828782364,0.33690330221273257,0.0,0.0,0.0,0.0,0.0,0.0,0.49788247677540093,-0.03561994828782364,0.33690330221273257,0.33690330221273257
73,4,COMPOSITE_Q,0.6062582039752492,0.09147030280430982,-0.4146204966722353,-0.015109018645828682,-0.3951262172320118,0.0,0.0,0.0,0.0,0.0,0.0,-0.4146204966722353,-0.015109018645828682,-0.3951262172320118,0.3951262172320118
73,5,COMPOSITE_Q,0.5581020845449063,0.21656675268360728,0.0375144773092761,0.045740870444696845,-0.213610826028341,0.0,0.0,0.0,0.0,0.0,0.0,0.0375144773092761,0.045740870444696845,-0.213610826028341,0.213610826028341
73,6,COMPOSITE_Q,1.0403950409644511,0.35113655010524747,0.26511101128816605,0.08022332826060934,-0.14497492291384084,0.0,0.0,0.0,0.0,0.0,0.0,0.26511101128816605,0.08022332826060934,-0.14497492291384084,0.14497492291384084
73,7,COMPOSITE_Q,0.6938912060061011,0.3633114184212279,0.012887490708158545,0.04608963979678439,0.13749313327812526,0.0,0.0,0.0,0.0,0.0,0.0,0.012887490708158545,0.04608963979678439,0.13749313327812526,0.13749313327812526
73,8,COMPOSITE_Q,0.6962608206205775,0.401802265569075,-0.016761917728510937,0.038721046433002546,0.4601119111506689,0.0,0.0,0.0,0.0,0.0,0.0,-0.016761917728510937,0.038721046433002546,0.4601119111506689,0.4601119111506689
73,9,COMPOSITE_Q,1.2410494983039735,0.4464370785971587,-0.21380668674430636,-0.07657931092122337,0.10779158155140671,0.0,0.0,0.0,0.0,0.0,0.0,-0.21380668674430636,-0.07657931092122337,0.10779158155140671,0.10779158155140671
73,10,COMPOSITE_Q,0.917515373045548,0.5611971282640946,0.5203270073403315,0.014169055075460327,0.2288864074198818,0.0,0.0,0.0,0.0,0.0,0.0,0.5203270073403315,0.014169055075460327,0.2288864074198818,0.2288864074198818
73,1,COMPOSITE_Q_PLUS_RF,0.6350724055202572,0.14907395140384871,0.34815007959403543,-0.03557984506333335,0.027226543851501972,-1.7227176954087694e-07,-4.8009253986405913e-11,2.421153873535792e-06,-1.7227176951628564e-07,-4.800925629266928e-11,2.4211538735344207e-06,0.3481499073222659,-0.03557984511134261,0.027228965005375506,0.13925996292890636
73,2,COMPOSITE_Q_PLUS_RF,0.8662815898932342,0.09339140596607605,-0.6004361506600814,0.04116101206520188,-0.24258781622731188,9.54745887280766e-10,-8.518362738517e-11,5.295076933843515e-07,9.547458379444151e-10,-8.518362404341673e-11,5.29507693386444e-07,-0.6004361497053355,0.04116101198001826,-0.2425872867196185,0.2425872867196185
73,3,COMPOSITE_Q_PLUS_RF,0.8464253392704817,0.17233532088183914,0.49788303599196915,-0.035619947772804125,0.3368974509064098,3.237212576116843e-08,-4.845009891693947e-11,-9.239107703638097e-07,3.23721257577958e-08,-4.845009810017231e-11,-9.239107703895577e-07,0.4978830683640949,-0.03561994782125422,0.33689652699563943,0.33689652699563943
73,4,COMPOSITE_Q_PLUS_RF,0.6062560186487207,0.09147075168767996,-0.4146284964121205,-0.015109019114453484,-0.3949249473772187,7.688210605104221e-07,-7.750661222063354e-11,-5.624923153195591e-05,7.68821060537217e-07,-7.750661223937527e-11,-5.624923153196848e-05,-0.41462772759106,-0.015109019191960097,-0.3949811966087507,0.3949811966087507
73,5,COMPOSITE_Q_PLUS_RF,0.5581090061115863,0.2165670539525922,0.037517789590801064,0.04574083810103389,-0.21365660780769466,-6.305471474054628e-08,9.415116611151101e-10,2.2993692228406108e-05,-6.305471474121749e-08,9.415116603017637e-10,2.299369222841241e-05,0.03751772653608632,0.04574083904254555,-0.21363361411546625,0.21363361411546625
73,6,COMPOSITE_Q_PLUS_RF,1.0403925673197814,0.3511372216074081,0.2651156405647723,0.08022342715868647,-0.14509405733079248,3.3514148835886395e-12,1.1929283039949147e-09,-5.807627391389481e-11,3.35143024443596e-12,1.1929282978107025e-09,-5.807626601850302e-11,0.26511564056812376,0.08022342835161476,-0.14509405738886874,0.14509405738886874
73,7,COMPOSITE_Q_PLUS_RF,0.6938902442834606,0.36331138266939106,0.012890024870906664,0.04608953007006555,0.137492114969173,5.025407525694938e-10,-5.6028825588390313e-11,-2.2655249221782167e-08,5.025407520675707e-10,-5.6028827410958826e-11,-2.265524923217299e-08,0.012890025373447416,0.04608953001403672,0.13749209231392376,0.13749209231392376
73,8,COMPOSITE_Q_PLUS_RF,0.6962607673662365,0.4018023171908191,-0.016765902902209334,0.03872104895842654,0.460122138425161,9.302239028662386e-07,-6.627351558460693e-11,-9.857894832919301e-06,9.302239028646797e-07,-6.627351445409602e-11,-9.85789483293198e-06,-0.01676497267830647,0.038721048892153026,0.46011228053032804,0.46011228053032804
73,9,COMPOSITE_Q_PLUS_RF,1.2410495336178158,0.44643737422737817,-0.21380563204081143,-0.07657931199438556,0.10777687529881241,-1.0934689599928919e-08,-4.828122817960011e-11,3.5905150761426414e-06,-1.0934689598229852e-08,-4.828122623923292e-11,3.5905150761461613e-06,-0.21380564297550103,-0.07657931204266678,0.10778046581388856,0.10778046581388856
73,10,COMPOSITE_Q_PLUS_RF,0.9175164243341549,0.5611973193871014,0.520325312368008,0.014169035211106828,0.22890191956668035,1.8420323766843666e-06,3.0887246349481276e-09,-2.213361518069371e-05,1.8420323766310531e-06,3.0887246354333042e-09,-2.213361518069168e-05,0.5203271544003847,0.014169038299831464,0.22887978595149966,0.22887978595149966
73,1,COMPOSITE_Q_PLUS_GB,0.6350724055202572,0.14907588801574578,0.34815007959403543,-0.03557984506333335,0.027226543851501972,-3.7258753290727385e-07,1.856698089117712e-09,8.566549835605462e-06,-3.725875328819406e-07,1.8566980869438865e-09,8.566549835605647e-06,0.34814970700650255,-0.035579843206635264,0.027235110401337578,0.13925988280260101
73,2,COMPOSITE_Q_PLUS_GB,0.8662842337464842,0.09339258529740889,-0.6004355902093782,0.04116099817092587,-0.2425942615088519,1.1974418202400167e-07,-6.186726965262705e-10,-6.0298099246286054e-06,1.1974418201443626e-07,-6.186726964063638e-10,-6.029809924618101e-06,-0.6004354704651962,0.04116099755225317,-0.24260029131877653,0.24260029131877653
73,3,COMPOSITE_Q_PLUS_GB,0.8464277769357661,0.1723421808890142,0.49785525179527973,-0.035619942165822996,0.3369641955145156,-1.9183691430368622e-07,9.931115806848322e-10,-2.6235537293442456e-06,-1.9183691429836003e-07,9.93111579083994e-10,-2.62355372931955e-06,0.49785505995836543,-0.03561994117271142,0.3369615719607863,0.3369615719607863
73,4,COMPOSITE_Q_PLUS_GB,0.6062611406983022,0.09147042995721845,-0.41460451624102146,-0.015109001257045857,-0.39487140913140434,6.992280849633504e-07,2.4594981147001316e-10,-8.440937418738764e-06,6.992280849882349e-07,2.459498108647873e-10,-8.440937418752181e-06,-0.41460381701293647,-0.015109001011096046,-0.3948798500688231,0.3948798500688231
73,5,COMPOSITE_Q_PLUS_GB,0.5581158132242701,0.21656676954947995,0.03751805551901553,0.04574082508337721,-0.21370921037585716,-4.126365667599543e-07,9.488869492262667e-10,9.913364375289744e-06,-4.126365667628251e-07,9.488869481821816e-10,9.913364375280231e-06,0.037517642882448764,0.045740826032264155,-0.21369929701148188,0.21369929701148188
73,6,COMPOSITE_Q_PLUS_GB,1.0403913252328025,0.3511371254066534,0.2651192773895751,0.08022330453988173,-0.14517229748695348,-6.427935369974359e-07,4.701520602103482e-09,5.4492828034254105e-06,-6.427935370090232e-07,4.701520603389575e-09,5.449282803438038e-06,0.26511863459603807,0.08022330924140234,-0.14516684820415005,0.14516684820415005
73,7,COMPOSITE_Q_PLUS_GB,0.6938903255191787,0.3633122206017194,0.012893484826885704,0.046089642697145404,0.13746871692120513,-3.136892622227742e-07,1.6611286249046805e-10,3.516287067581982e-06,-3.13689262222e-07,1.6611285957868205e-10,3.5162870675731206e-06,0.012893171137623482,0.046089642863258264,0.1374722332082727,0.1374722332082727
73,8,COMPOSITE_Q_PLUS_GB,0.696259656600375,0.40180231386920223,-0.01676735399129401,0.038721054124042316,0.4601205075809224,-2.6832843018429377e-07,-1.7901926729764757e-10,-8.241273074519838e-07,-2.683284301835398e-07,-1.7901926468999463e-10,-8.241273074527378e-07,-0.016767622319724194,0.03872105394502305,0.4601196834536149,0.4601196834536149
73,9,COMPOSITE_Q_PLUS_GB,1.2410493812723224,0.4464378955828006,-0.2138061035453039,-0.07657931584328395,0.10778921387209654,-9.887664471233763e-08,1.338243710472949e-09,5.093665882310931e-06,-9.887664470520363e-08,1.3382437102915645e-09,5.093665882305309e-06,-0.21380620242194862,-0.07657931450504024,0.10779430753797885,0.10779430753797885
73,10,COMPOSITE_Q_PLUS_GB,0.9175145474215114,0.5611972382067572,0.520327592313799,0.014169035106342218,0.2288754342735038,-5.547420129128323e-07,1.628497584207925e-09,5.184560631439997e-07,-5.547420128815261e-07,1.6284975850461292e-09,5.184560631366075e-07,0.5203270375717861,0.014169036734839803,0.22887595272956693,0.22887595272956693
74,1,COMPOSITE_Q,0.595297283982835,0.19785085997907564,-0.40378005797219674,-0.025222225254744678,-0.044221593790769974,0.0,0.0,0.0,0.0,0.0,0.0,-0.40378005797219674,-0.025222225254744678,-0.044221593790769974,0.1615120231888787
74,2,COMPOSITE_Q,0.4045691540213266,0.2500658269734589,0.056172100559200126,0.016447699190844153,0.14048819261680884,0.0,0.0,0.0,0.0,0.0,0.0,0.056172100559200126,0.016447699190844153,0.14048819261680884,0.14048819261680884
74,3,COMPOSITE_Q,0.6825582073938962,0.274024265691713,-0.15257988194362018,0.04298852450486033,-0.3803248452515389,0.0,0.0,0.0,0.0,0.0,0.0,-0.15257988194362018,0.04298852450486033,-0.3803248452515389,0.3803248452515389
74,4,COMPOSITE_Q,1.0278019625199049,0.3457732604802157,0.4141129702829441,0.06645968332947182,-0.16347118092554958,0.0,0.0,0.0,0.0,0.0,0.0,0.4141129702829441,0.06645968332947182,-0.16347118092554958,0.16564518811317763
74,5,COMPOSITE_Q,0.4655229097391553,0.20625070943931645,-0.2523194710412069,-0.022985223975281716,0.1763265722761201,0.0,0.0,0.0,0.0,0.0,0.0,-0.2523194710412069,-0.022985223975281716,0.1763265722761201,0.1763265722761201
74,6,COMPOSITE_Q,0.6766895275765242,0.3354454363144096,0.3054600124769359,-0.020837133207427732,0.16933230922673048,0.0,0.0,0.0,0.0,0.0,0.0,0.3054600124769359,-0.020837133207427732,0.16933230922673048,0.16933230922673048
74,7,COMPOSITE_Q,0.9657389451195121,0.3384154268237494,-0.28426343677611743,-0.06297059446710492,-0.16120643169136578,0.0,0.0,0.0,0.0,0.0,0.0,-0.28426343677611743,-0.06297059446710492,-0.16120643169136578,0.16120643169136578
74,8,COMPOSITE_Q,1.0092425970775216,0.3811170164513795,-0.5770922383630158,0.043096500363454984,-0.09521704081102293,0.0,0.0,0.0,0.0,0.0,0.0,-0.5770922383630158,0.043096500363454984,-0.09521704081102293,0.23083689534520632
74,9,COMPOSITE_Q,1.003628731708717,0.45851339832563026,0.5044019892066421,0.03891239948102956,0.20053423537541956,0.0,0.0,0.0,0.0,0.0,0.0,0.5044019892066421,0.03891239948102956,0.20053423537541956,0.20176079568265687
74,10,COMPOSITE_Q,0.6644187612789817,0.4913063531600972,-0.3897363340765225,-0.0034210959133410524,0.016438044711922267,0.0,0.0,0.0,0.0,0.0,0.0,-0.3897363340765225,-0.0034210959133410524,0.016438044711922267,0.15589453363060898
74,1,COMPOSITE_Q_PLUS_RF,0.595297283982835,0.19785100014996482,-0.40378005797219674,-0.025222225254744678,-0.044221593790769974,-1.0063302649633106e-08,-6.224864343795088e-11,-5.518859454314427e-06,-1.0063302635643367e-08,-6.224864373960415e-11,-5.518859454316238e-06,-0.4037800680354994,-0.02522222531699332,-0.04422711265022429,0.16151202721419974
74,2,COMPOSITE_Q_PLUS_RF,0.40457124627992674,0.25006635572572894,0.05625292052250502,0.0164475786280609,0.1393039271449684,-5.1837315270625545e-08,1.8497858488171365e-09,9.409776411178153e-07,-5.183731527358404e-08,1.8497858488009111e-09,9.409776411117843e-07,0.05625286868518975,0.016447580477846748,0.1393048681226095,0.1393048681226095
74,3,COMPOSITE_Q_PLUS_RF,0.6824169765395165,0.27403274796381505,-0.15231697114216824,0.042988497481405215,-0.3841892212289489,3.561024536272233e-10,-8.335818815634753e-11,-7.791526690498488e-09,3.5610245308070887e-10,-8.335818840743414e-11,-7.791526701605989e-09,-0.1523169707860658,0.042988497398047026,-0.3841892290204756,0.3841892290204756
74,4,COMPOSITE_Q_PLUS_RF,1.0281018534512123,0.3457733011178975,0.4137797164633482,0.06646080104373074,-0.15851213183331928,-1.787352581396753e-08,1.815836533944173e-09,5.578119841262699e-09,-1.787352582605095e-08,1.8158365366893747e-09,5.578119854909858e-09,0.4137796985898224,0.06646080285956728,-0.15851212625519942,0.16551187943592896
74,5,COMPOSITE_Q_PLUS_RF,0.4655227690389318,0.2062507065228515,-0.2523069849409431,-0.02298521725279318,0.17611562784151216,4.286240959379767e-11,2.3307007073747863e-09,1.411449085265771e-06,4.286243582285465e-11,2.3307007088191334e-09,1.4114490852756845e-06,-0.2523069848980807,-0.022985214922092472,0.17611703929059744,0.17611703929059744
74,6,COMPOSITE_Q_PLUS_RF,0.6767539412731264,0.3354459992331831,0.3054464924689146,-0.02083700677582931,0.1695283619521129,1.8585656243221515e-06,1.816272459840333e-09,-2.6004042332954043e-07,1.8585656243463866e-06,1.8162724588210999e-09,-2.6004042333327426e-07,0.30544835103453893,-0.02083700495955685,0.16952810191168957,0.16952810191168957
74,7,COMPOSITE_Q_PLUS_RF,0.9657399164505213,0.3384153860875368,-0.28425642205160007,-0.06297060228457278,-0.16133637855726976,1.6725869323527386e-08,-5.0133771392028136e-11,2.4198581182542965e-06,1.6725869300682206e-08,-5.0133772133698074e-11,2.4198581182466317e-06,-0.28425640532573077,-0.06297060233470655,-0.16133395869915151,0.16133395869915151
74,8,COMPOSITE_Q_PLUS_RF,1.0092283635074841,0.3811172474163077,-0.5771009218339785,0.04309651770792224,-0.09509457322800893,5.481169808435789e-07,-1.9764972018916145e-10,3.459525253433451e-06,5.481169808030373e-07,-1.9764972297720007e-10,3.4595252534352916e-06,-0.5771003737169977,0.04309651751027252,-0.0950911137027555,0.2308401494867991
74,9,COMPOSITE_Q_PLUS_RF,1.0036283230649075,0.4585564792528873,0.5044011125255679,0.03891240142719675,0.2005378070126986,1.3056696180387252e-05,8.78362209874745e-09,-0.00017222236428639576,1.3056696180346883e-05,8.783622100494437e-09,-0.00017222236428640625,0.5044141692217482,0.03891241021081885,0.2003655846484122,0.20176566768869927
74,10,COMPOSITE_Q_PLUS_RF,0.6644135761955113,0.49130655207907103,-0.38975852121000837,-0.003421108816036056,0.016765518101558186,1.0271835933393397e-05,2.0887703423714456e-09,-0.00016594343597805446,1.027183593338421e-05,2.088770342453805e-09,-0.000165943435978054,-0.389748249374075,-0.0034211067272657135,0.01659957466558013,0.15589929974963
74,1,COMPOSITE_Q_PLUS_GB,0.595297283982835,0.19785084414076762,-0.40378005797219674,-0.025222225254744678,-0.044221593790769974,1.5107041630906513e-07,8.08107666421298e-09,-3.110390457405914e-08,1.510704162877019e-07,8.081076665472642e-09,-3.1103904576945673e-08,-0.40377990690178045,-0.025222217173668012,-0.04422162489467455,0.16151196276071217
74,2,COMPOSITE_Q_PLUS_GB,0.40456905114920905,0.25006584753368244,0.05622094569918699,0.016447687245295464,0.1397725602358625,-4.415976495016535e-07,1.993070066870928e-09,5.700917826467708e-06,-4.4159764950313374e-07,1.993070066624858e-09,5.700917826478857e-06,0.056220504101537484,0.01644768923836553,0.13977826115368897,0.13977826115368897
74,3,COMPOSITE_Q_PLUS_GB,0.6824735343653253,0.27402466458474095,-0.15262893688203502,0.04298869982321373,-0.3796087944809311,-9.466712187873663e-08,-6.186726965262705e-10,4.52979418334741e-06,-9.466712189154514e-08,-6.186726964063638e-10,4.52979418336108e-06,-0.1526290315491569,0.042988699204541035,-0.37960426468674774,0.37960426468674774
74,4,COMPOSITE_Q_PLUS_GB,1.0277996618651668,0.3457733202634011,0.4141135864930933,0.06645961638051087,-0.1634886400968996,-6.359589209091629e-07,4.356388472315368e-09,1.1102111682355836e-05,-6.359589209137262e-07,4.3563884721820045e-09,1.1102111682342874e-05,0.4141129505341724,0.06645962073689934,-0.16347753798521725,0.16564518021366897
74,5,COMPOSITE_Q_PLUS_GB,0.4655229014443354,0.20625071318231125,-0.25229637176322306,-0.022985226530314287,0.17593227026267613,-4.4200598727119715e-08,1.7700413318763276e-09,1.988964460287646e-06,-4.42005987366656e-08,1.7700413322552233e-09,1.9889644602977263e-06,-0.2522964159638218,-0.022985224760272954,0.17593425922713643,0.17593425922713643
74,6,COMPOSITE_Q_PLUS_GB,0.6768094645333802,0.33544563238239467,0.30543449931290717,-0.020836890378109246,0.16970450532645354,-5.470068659581649e-07,1.628497584207925e-09,4.180862576541131e-06,-5.470068659696459e-07,1.6284975833114057e-09,4.180862576530497e-06,0.3054339523060412,-0.020836888749611662,0.16970868618903007,0.16970868618903007
74,7,COMPOSITE_Q_PLUS_GB,0.9657390870834941,0.33841537558664714,-0.2842545243939096,-0.06297061516360472,-0.1613352810025007,-3.3533863932638114e-08,2.032963627296978e-09,2.516279016458982e-06,-3.353386390791968e-08,2.032963630771434e-09,2.5162790164567905e-06,-0.2842545579277735,-0.06297061313064109,-0.16133276472348423,0.16133276472348423
74,8,COMPOSITE_Q_PLUS_GB,1.0092297697939632,0.38111709770555663,-0.577099954432722,0.04309651529546674,-0.09510794313941674,4.82335232366828e-07,-6.186726965262705e-10,-1.0765625551219334e-05,4.823352324212493e-07,-6.186726964063638e-10,-1.076562555121785e-05,-0.5770994720974896,0.04309651467679405,-0.09511870876496796,0.23083978883899584
74,9,COMPOSITE_Q_PLUS_GB,1.0036342239792433,0.45851401696920313,0.504401141307396,0.038912395140247726,0.20055009467420248,-2.1771622631077103e-07,5.5730500633079885e-09,-2.6799589836289285e-06,-2.1771622626953757e-07,5.57305006310127e-09,-2.6799589836201676e-06,0.5044009235911697,0.03891240071329779,0.20054741471521886,0.20176036943646788
74,10,COMPOSITE_Q_PLUS_GB,0.6644185690080587,0.4913099291411785,-0.38974824310837414,-0.003421109938044456,0.01664889903882487,9.50913801102245e-06,1.6713306996820326e-11,2.7872386072813903e-05,9.509138011010165e-06,1.6713306953686224e-11,2.787238607281431e-05,-0.3897387339703631,-0.0034211099213311493,0.016676771424897683,0.15589549358814525
75,1,COMPOSITE_Q,0.7096072389964907,0.12152103844845612,0.5951904109270577,0.015649866377192897,0.30881503366526136,0.0,0.0,0.0,0.0,0.0,0.0,0.5951904109270577,0.015649866377192897,0.30881503366526136,0.30881503366526136
75,2,COMPOSITE_Q,0.8494290211424187,0.16071507421912412,0.38274822864029473,0.058684940276306774,0.02493847809661517,0.0,0.0,0.0,0.0,0.0,0.0,0.38274822864029473,0.058684940276306774,0.02493847809661517,0.1530992914561179
75,3,COMPOSITE_Q,1.0092226845984202,0.0920566567055685,-0.11625532131496387,-0.08521929464413483,0.17026495921194904,0.0,0.0,0.0,0.0,0.0,0.0,-0.11625532131496387,-0.08521929464413483,0.17026495921194904,0.17026495921194904
75,4,COMPOSITE_Q,1.1141141492785132,0.10365004317306335,-0.18651859469484966,-0.09056270896563644,-0.13303164524404892,0.0,0.0,0.0,0.0,0.0,0.0,-0.18651859469484966,-0.09056270896563644,-0.13303164524404892,0.13303164524404892
75,5,COMPOSITE_Q,1.0149361129787542,0.08649557950635384,-0.20695729065267396,-0.08594845852472956,-0.318562551121331,0.0,0.0,0.0,0.0,0.0,0.0,-0.20695729065267396,-0.08594845852472956,-0.318562551121331,0.318562551121331
75,6,COMPOSITE_Q,0.8641446061289875,0.13600295923209993,-0.12118625232710736,0.07776394654233969,0.29306246650072504,0.0,0.0,0.0,0.0,0.0,0.0,-0.12118625232710736,0.07776394654233969,0.29306246650072504,0.29306246650072504
75,7,COMPOSITE_Q,0.3499377705218961,0.21861185980422107,0.04329468049254772,-0.012671483266485685,-0.270953476673044,0.0,0.0,0.0,0.0,0.0,0.0,0.04329468049254772,-0.012671483266485685,-0.270953476673044,0.270953476673044
75,8,COMPOSITE_Q,0.6427391366058524,0.3013018269019933,0.18337788639993652,-0.030663210206624967,-0.4303106349547985,0.0,0.0,0.0,0.0,0.0,0.0,0.18337788639993652,-0.030663210206624967,-0.4303106349547985,0.4303106349547985
75,9,COMPOSITE_Q,0.9444958911855511,0.18508864894065793,0.4289977880418983,0.06556640147603518,-0.3726707600786889,0.0,0.0,0.0,0.0,0.0,0.0,0.4289977880418983,0.06556640147603518,-0.3726707600786889,0.3726707600786889
75,10,COMPOSITE_Q,1.2463416557218825,0.10708268256105793,0.5113274870410394,0.08638871149992058,0.406762026692659,0.0,0.0,0.0,0.0,0.0,0.0,0.5113274870410394,0.08638871149992058,0.406762026692659,0.406762026692659
75,1,COMPOSITE_Q_PLUS_RF,0.7096072389964907,0.12152309023362706,0.5951904109270577,0.015649866377192897,0.30881503366526136,1.246617438525683e-05,1.1458488869539775e-08,-0.00012124780763746667,1.2466174385217244e-05,1.1458488869547923e-08,-0.00012124780763744791,0.5952028771014429,0.015649877835681766,0.3086937858576239,0.3086937858576239
75,2,COMPOSITE_Q_PLUS_RF,0.8494384004813174,0.1607150813477437,0.3827206653687163,0.05868494084914803,0.025434848062267562,-2.813386907677582e-08,-7.316560157898311e-11,1.1854982543010741e-07,-2.8133869067747952e-08,-7.316559857972749e-11,1.1854982542858217e-07,0.3827206372348472,0.05868494077598243,0.02543496661209299,0.1530882548939389
75,3,COMPOSITE_Q_PLUS_RF,1.0092263478431664,0.0920566228093401,-0.11623805144013058,-0.08521933323562196,0.16987669666955496,3.120777301106835e-08,-3.054259819873743e-11,5.799697117086974e-07,3.120777300469335e-08,-3.054259622992106e-11,5.799697117003788e-07,-0.11623802023235758,-0.08521933326616456,0.16987727663926666,0.16987727663926666
75,4,COMPOSITE_Q_PLUS_RF,1.114114187504577,0.10365014362153041,-0.18653000354892593,-0.09056271751530527,-0.1328589918204406,2.7091028376286964e-07,1.8198363957540272e-09,7.183376650561687e-07,2.709102837616939e-07,1.819836392691343e-09,7.183376650454765e-07,-0.18652973263864217,-0.09056271569546888,-0.13285827348277554,0.13285827348277554
75,5,COMPOSITE_Q_PLUS_RF,1.0149493554676396,0.08649455625320983,-0.20668495528586417,-0.08594843410899565,-0.3213443749385047,-1.0813195525510094e-11,-7.043692883676644e-11,-1.4003145105097958e-10,-1.0813183681790406e-11,-7.04369340631672e-11,-1.4003143089524883e-10,-0.20668495529667735,-0.08594843417943258,-0.32134437507853614,0.32134437507853614
75,6,COMPOSITE_Q_PLUS_RF,0.8643867523268087,0.1360029969257512,-0.12140242375344237,0.07776285481875699,0.29474052536275946,2.5960165272594093e-11,-8.757919942687429e-11,-1.2357920649807458e-08,2.5960164573568534e-11,-8.757919389701385e-11,-1.2357920631256292e-08,-0.12140242372748221,0.07776285473117779,0.29474051300483883,0.29474051300483883
75,7,COMPOSITE_Q_PLUS_RF,0.3498797731920926,0.21861220229876438,0.04324718655298299,-0.012671539248864277,-0.2699872787434946,1.0509083071409475e-06,-3.691174155533206e-11,-1.4187123176545974e-05,1.0509083071402747e-06,-3.691174102482542e-11,-1.4187123176523375e-05,0.04324823746129013,-0.012671539285776018,-0.2700014658666711,0.2700014658666711
75,8,COMPOSITE_Q_PLUS_RF,0.642738410941232,0.30129882590476936,0.1833787412458273,-0.030662516058299776,-0.4302761247770877,-1.0985195329448519e-07,6.507046137902292e-09,3.7022846717332833e-06,-1.098519532838349e-07,6.507046138026773e-09,3.7022846717249536e-06,0.183378631393874,-0.030662509551253637,-0.430272422492416,0.430272422492416
75,9,COMPOSITE_Q_PLUS_RF,0.9444860338721679,0.1850888767284367,0.429011716667454,0.06556573947311384,-0.3729634922732007,-9.415419398681242e-08,-7.669297854651569e-11,5.362444676201401e-07,-9.415419399694258e-08,-7.669298529577873e-11,5.36244467608249e-07,0.42901162251326,0.06556573939642085,-0.3729629560287331,0.3729629560287331
75,10,COMPOSITE_Q_PLUS_RF,1.2463670835837488,0.10708293137649291,0.5113123893217495,0.08638873944881398,0.4070310975140334,-4.840373954544746e-07,-2.9865374474338394e-08,-2.1591368480652517e-06,-4.840373954984045e-07,-2.9865374479021156e-08,-2.159136848089993e-06,0.511311905284354,0.0863887095834395,0.4070289383771853,0.4070289383771853
75,1,COMPOSITE_Q_PLUS_GB,0.7096072389964907,0.12152140091774152,0.5951904109270577,0.015649866377192897,0.30881503366526136,3.1711392398727037e-06,2.441625519237702e-09,-7.624285662164771e-05,3.1711392398658944e-06,2.441625519822299e-09,-7.624285662166663e-05,0.5951935820662976,0.015649868818818417,0.3087387908086397,0.3087387908086397
75,2,COMPOSITE_Q_PLUS_GB,0.8494382379481314,0.160715126527337,0.3827525308475721,0.05868492627739682,0.024828689291611368,-3.5297272593495333e-07,-5.002646783205222e-10,1.1393041073590034e-05,-3.5297272593659557e-07,-5.002646769058927e-10,1.1393041073590876e-05,0.38275217787484617,0.05868492577713214,0.02484008233268496,0.15310087114993848
75,3,COMPOSITE_Q_PLUS_GB,1.0092209876482192,0.09205702485027045,-0.11627300716317472,-0.08521925005109221,0.17050421263998514,-2.2915080722218879e-07,2.032963627296978e-09,8.303736444315366e-06,-2.291508072183035e-07,2.032963630771434e-09,8.303736444309484e-06,-0.11627323631398194,-0.08521924801812858,0.17051251637642945,0.17051251637642945
75,4,COMPOSITE_Q_PLUS_GB,1.114115606890959,0.1036500609146722,-0.1865128193775378,-0.09056277052626627,-0.133019510966258,-3.9062439798558446e-07,3.3636588930034963e-09,5.695661445380553e-06,-3.906243979945323e-07,3.3636588930852085e-09,5.695661445370703e-06,-0.1865132100019358,-0.09056276716260737,-0.13301381530481263,0.13301381530481263
75,5,COMPOSITE_Q_PLUS_GB,1.014943518984822,0.08649468183408254,-0.20672341291217014,-0.08594843386132792,-0.32092907046952973,-2.019391752944925e-07,-6.186726965262705e-10,3.942287690506081e-06,-2.0193917529831573e-07,-6.186726964063638e-10,3.942287690517077e-06,-0.20672361485134544,-0.08594843448000061,-0.3209251281818392,0.3209251281818392
75,6,COMPOSITE_Q_PLUS_GB,0.8643536501262925,0.13600303509966843,-0.12141071001826363,0.07776301463608641,0.2952693537406624,-3.8601967321301634e-07,-6.186726965262705e-10,2.9640971275098693e-06,-3.8601967321250097e-07,-6.186726964063638e-10,2.964097127522436e-06,-0.12141109603793684,0.07776301401741371,0.2952723178377899,0.2952723178377899
75,7,COMPOSITE_Q_PLUS_GB,0.34993372799913475,0.21861197710754815,0.043291566835913946,-0.012671488707696776,-0.27089152731565835,3.6507182358790833e-07,1.99309996056941e-09,-1.176718137329327e-05,3.650718235909123e-07,1.9930999611145195e-09,-1.1767181373301128e-05,0.04329193190773754,-0.012671486714596815,-0.27090329449703165,0.27090329449703165
75,8,COMPOSITE_Q_PLUS_GB,0.6427386129752185,0.3012993809920655,0.18338113972605485,-0.030662517148490075,-0.4302961008435949,3.9458309133358155e-08,1.234268351297658e-07,3.231497329694877e-06,3.945830912011061e-08,1.2342683513091868e-07,3.2314973296698746e-06,0.18338117918436397,-0.030662393721654944,-0.4302928693462652,0.4302928693462652
75,9,COMPOSITE_Q_PLUS_GB,0.9444859065376532,0.18508875886204243,0.42899649657640615,0.06556561581219278,-0.3727081815993727,-5.185732302647685e-07,1.5254621113966797e-09,5.11949786281735e-06,-5.185732302459556e-07,1.525462117735188e-09,5.119497862804412e-06,0.4289959780031759,0.0655656173376549,-0.3727030621015099,0.3727030621015099
75,10,COMPOSITE_Q_PLUS_GB,1.2463449121687191,0.10708284438696736,0.511325899002941,0.08638871576574361,0.4067931011428313,-5.229970193270571e-07,4.356388472315368e-09,-2.1939516615506103e-06,-5.229970193587619e-07,4.3563884721820045e-09,-2.193951661566551e-06,0.5113253760059217,0.08638872012213208,0.4067909071911697,0.4067909071911697
76,1,COMPOSITE_Q,1.0222914213663192,0.1788606805462703,-0.23739442755242948,-0.08652049245794192,-0.1927373519682802,0.0,0.0,0.0,0.0,0.0,0.0,-0.23739442755242948,-0.08652049245794192,-0.1927373519682802,0.1927373519682802
76,2,COMPOSITE_Q,0.6539962661845663,0.25327195218812726,-0.24829209884726983,-0.04176110101277312,0.2862967509584083,0.0,0.0,0.0,0.0,0.0,0.0,-0.24829209884726983,-0.04176110101277312,0.2862967509584083,0.2862967509584083
76,3,COMPOSITE_Q,1.1508572798571015,0.22131653640187862,-0.38494258219282435,0.08317986930769154,-0.361558946915993,0.0,0.0,0.0,0.0,0.0,0.0,-0.38494258219282435,0.08317986930769154,-0.361558946915993,0.361558946915993
76,4,COMPOSITE_Q,0.6741581199481614,0.22472505491829717,0.2507963736836294,0.03559910974867853,0.11080915429679775,0.0,0.0,0.0,0.0,0.0,0.0,0.2507963736836294,0.03559910974867853,0.11080915429679775,0.11080915429679775
76,5,COMPOSITE_Q,0.7670849090551414,0.19566202221075168,0.18550004860114208,-0.0560386676763973,0.3772171053367703,0.0,0.0,0.0,0.0,0.0,0.0,0.18550004860114208,-0.0560386676763973,0.3772171053367703,0.3772171053367703
76,6,COMPOSITE_Q,0.3003678193485239,0.2209750514241505,0.1250975871885804,0.0033496218564393757,-0.037060564568402045,0.0,0.0,0.0,0.0,0.0,0.0,0.1250975871885804,0.0033496218564393757,-0.037060564568402045,0.05003903487543217
76,7,COMPOSITE_Q,1.1214196835479466,0.2876553049932718,-0.5975425990238208,0.0639385140473869,0.054407019003896676,0.0,0.0,0.0,0.0,0.0,0.0,-0.5975425990238208,0.0639385140473869,0.054407019003896676,0.2390170396095283
76,8,COMPOSITE_Q,0.6052724554075481,0.4561077084436259,-0.23812992224410412,0.006297490761982069,-0.2710642743319679,0.0,0.0,0.0,0.0,0.0,0.0,-0.23812992224410412,0.006297490761982069,-0.2710642743319679,0.2710642743319679
76,9,COMPOSITE_Q,0.9144642545655264,0.589515836279209,-0.45884483350636623,0.024739744773819367,0.33201676308417133,0.0,0.0,0.0,0.0,0.0,0.0,-0.45884483350636623,0.024739744773819367,0.33201676308417133,0.33201676308417133
76,10,COMPOSITE_Q,0.7852671746241953,0.6092552003739564,0.1085309633520496,0.0098049440542266,0.22247341311388444,0.0,0.0,0.0,0.0,0.0,0.0,0.1085309633520496,0.0098049440542266,0.22247341311388444,0.22247341311388444
76,1,COMPOSITE_Q_PLUS_RF,1.0222914213663192,0.17886069675988112,-0.23739442755242948,-0.08652049245794192,-0.1927373519682802,1.691089526032913e-08,-6.729765160961638e-11,7.200610954559916e-07,1.6910895267452375e-08,-6.72976535609493e-11,7.200610954438691e-07,-0.23739441064153421,-0.08652049252523958,-0.19273663190718476,0.19273663190718476
76,2,COMPOSITE_Q_PLUS_RF,0.6539962891240958,0.25326970225954365,-0.248276925202549,-0.041761087085117755,0.2861071428675968,1.4288841093122003e-11,-6.904294259546027e-11,-3.716250719659418e-08,1.4288847882681921e-11,-6.904294497234176e-11,-3.716250718266423e-08,-0.24827692518826014,-0.0417610871541607,0.2861071057050896,0.2861071057050896
76,3,COMPOSITE_Q_PLUS_RF,1.1508425649906642,0.2213165312562635,-0.38495508688103214,0.08317981476942181,-0.36143858495506287,-5.997859530709045e-09,-8.741100806482445e-11,-6.1668031045877725e-06,-5.997859542361539e-09,-8.741100898657095e-11,-6.166803104612484e-06,-0.3849550928788917,0.0831798146820108,-0.3614447517581675,0.3614447517581675
76,4,COMPOSITE_Q_PLUS_RF,0.6741651720068784,0.22472484346697136,0.25077110196267355,0.03559911529008989,0.1114286205295457,-2.1753499107589175e-08,-7.916379652418886e-11,6.457440805682413e-07,-2.175349911315294e-08,-7.916379357597592e-11,6.457440805685e-07,0.25077108020917444,0.0355991152109261,0.11142926627362627,0.11142926627362627
76,5,COMPOSITE_Q_PLUS_RF,0.7670137770943636,0.19565517652813466,0.1855251982546013,-0.05603751953316245,0.3766731995528105,1.2160411414500728e-06,1.151248139578119e-09,-1.0502793330843178e-05,1.2160411414496863e-06,1.1512481384867712e-09,-1.0502793330868787e-05,0.18552641429574274,-0.056037518381914314,0.3766626967594796,0.3766626967594796
76,6,COMPOSITE_Q_PLUS_RF,0.30035573336016386,0.2209756350150695,0.12509738072562615,0.0033483239860611913,-0.0370662428859541,2.1043310483838196e-07,-2.027182200632118e-11,1.1273539345605244e-06,2.1043310483026545e-07,-2.027182198147126e-11,1.1273539345588168e-06,0.12509759115873098,0.0033483239657893693,-0.03706511553201954,0.05003903646349239
76,7,COMPOSITE_Q_PLUS_RF,1.1214203501891318,0.28765537194190127,-0.5975437136996182,0.06393849279305895,0.05439672267050657,2.409095798068047e-07,-9.275237632512155e-11,-6.511695202908668e-07,2.409095798405758e-07,-9.275237522476942e-11,-6.51169520290984e-07,-0.5975434727900384,0.06393849270030658,0.05439607150098628,0.23901738911601536
76,8,COMPOSITE_Q_PLUS_RF,0.605267295665994,0.45610934746901155,-0.23812767039073143,0.006297551892215885,-0.27111931400375133,2.7432820820346134e-07,9.165946860803942e-10,-5.777699157844911e-06,2.743282082051657e-07,9.165946864356234e-10,-5.777699157827332e-06,-0.23812739606252323,0.006297552808810571,-0.27112509170290916,0.27112509170290916
76,9,COMPOSITE_Q_PLUS_RF,0.9144643521829015,0.5895160288451408,-0.4588501610020817,0.024739710608657185,0.33211492773769236,-3.0398710238247093e-07,1.780818863295836e-09,-2.8822380599413456e-06,-3.0398710237911075e-07,1.7808188639001354e-09,-2.882238059942477e-06,-0.4588504649891841,0.02473971238947605,0.3321120454996324,0.3321120454996324
76,10,COMPOSITE_Q_PLUS_RF,0.7852629504895312,0.6092554198630942,0.10853281662338886,0.009804940890770839,0.2224552289939079,4.4370506444779914e-07,3.871372884717564e-09,1.722123572931696e-06,4.4370506445401414e-07,3.871372885461133e-09,1.722123572939216e-06,0.10853326032845331,0.009804944762143724,0.22245695111748084,0.22245695111748084
76,1,COMPOSITE_Q_PLUS_GB,1.0222914213663192,0.1788607059273621,-0.23739442755242948,-0.08652049245794192,-0.1927373519682802,-2.659201833309988e-08,-6.186726965262705e-10,-4.585841773132311e-07,-2.659201833732361e-08,-6.186726964063638e-10,-4.585841773263599e-07,-0.23739445414444782,-0.08652049307661462,-0.19273781055245753,0.19273781055245753
76,2,COMPOSITE_Q_PLUS_GB,0.6539962388306416,0.2532710233055029,-0.24827562941641879,-0.04176129225209059,0.28610673525567426,-1.5050319113411135e-07,-3.478858589064981e-10,3.693134962320164e-06,-1.5050319113196764e-07,-3.478858590089118e-10,3.693134962345912e-06,-0.24827577991960992,-0.04176129259997645,0.2861104283906366,0.2861104283906366
76,3,COMPOSITE_Q_PLUS_GB,1.150845427337031,0.22131649337660278,-0.3849622227261868,0.08318001110589253,-0.36128990228701513,-1.0019188620120301e-07,-6.691312699293728e-10,8.61780956797035e-06,-1.0019188617649277e-07,-6.69131264285916e-10,8.617809567956769e-06,-0.384962322918073,0.08318001043676126,-0.3612812844774472,0.3612812844774472
76,4,COMPOSITE_Q_PLUS_GB,0.6741496864882613,0.22472522733794126,0.2508509512337665,0.03559909763979093,0.10942925969105807,-1.785245371079092e-07,-5.321230252148478e-11,4.7631620788854496e-06,-1.785245370977684e-07,-5.3212302619787266e-11,4.763162078882943e-06,0.2508507727092294,0.03559909758657863,0.10943402285313696,0.10943402285313696
76,5,COMPOSITE_Q_PLUS_GB,0.7672535618544176,0.19565541248592405,0.18545058515921709,-0.05603710420331614,0.3785026826725345,4.538420623140418e-07,-6.186726965262705e-10,-7.633115804433898e-06,4.5384206232013113e-07,-6.186726964063638e-10,-7.633115804428492e-06,0.1854510390012794,-0.056037104821988835,0.3784950495567301,0.3784950495567301
76,6,COMPOSITE_Q_PLUS_GB,0.30035594609352756,0.22097568757245828,0.12509391971932726,0.0033483364063862497,-0.03704833401369324,3.6853819280587524e-07,2.287773516954424e-09,-9.495071189772503e-06,3.685381927964748e-07,2.287773517069963e-09,-9.495071189774551e-06,0.12509428825752006,0.0033483386941597667,-0.03705782908488302,0.050037715303008025
76,7,COMPOSITE_Q_PLUS_GB,1.1214185440127051,0.28765880003087335,-0.5975408097254642,0.06393849337920215,0.05439626960948218,5.415935785576911e-07,-6.186726965262705e-10,-1.281427667512387e-05,5.415935785402226e-07,-6.186726964063638e-10,-1.2814276675127134e-05,-0.5975402681318857,0.06393849276052946,0.05438345533280705,0.23901610725275427
76,8,COMPOSITE_Q_PLUS_GB,0.6052641873779508,0.45611055792854116,-0.23812755210511613,0.00629752061035189,-0.27110940146600576,8.196877585365079e-07,1.954912380669109e-10,-1.1226717586716934e-05,8.196877585298079e-07,1.954912377810647e-10,-1.1226717586743096e-05,-0.2381267324173576,0.0062975208058431275,-0.2711206281835925,0.2711206281835925
76,9,COMPOSITE_Q_PLUS_GB,0.9144649539779071,0.5895166807070211,-0.4588695708584361,0.024739741583510253,0.3324389722362942,-3.0104592333037694e-07,-1.1537399285448401e-10,1.0824979621680185e-05,-3.0104592335655767e-07,-1.153739916104346e-10,1.082497962168194e-05,-0.45886987190435946,0.02473974146813626,0.3324497972159159,0.3324497972159159
76,10,COMPOSITE_Q_PLUS_GB,0.7851698563932663,0.6092562420593238,0.1085496363086258,0.009805008789110474,0.22212537952244588,-2.516273309300389e-07,2.370415712134902e-10,5.652800628436668e-07,-2.5162733092998213e-07,2.370415704000539e-10,5.652800628419552e-07,0.10854938468129487,0.009805009026152044,0.22212594480250872,0.22212594480250872
77,1,COMPOSITE_Q,0.3894520621867041,0.14516330209697367,0.27776276927443677,0.011329532569552735,0.08882646100449651,0.0,0.0,0.0,0.0,0.0,0.0,0.27776276927443677,0.011329532569552735,0.08882646100449651,0.1111051077097747
77,2,COMPOSITE_Q,0.422536350420646,0.2408889541127916,-0.2438796863816771,-0.011053179007203736,-0.045944785707195304,0.0,0.0,0.0,0.0,0.0,0.0,-0.2438796863816771,-0.011053179007203736,-0.045944785707195304,0.09755187455267084
77,3,COMPOSITE_Q,0.6348668844732408,0.16877986796530128,0.1273756039452642,-0.045486680570383506,0.10688817535228884,0.0,0.0,0.0,0.0,0.0,0.0,0.1273756039452642,-0.045486680570383506,0.10688817535228884,0.10688817535228884
77,4,COMPOSITE_Q,0.7235571666947461,0.17629610627667747,-0.15884849212524904,0.0586744332531337,0.2340288046432328,0.0,0.0,0.0,0.0,0.0,0.0,-0.15884849212524904,0.0586744332531337,0.2340288046432328,0.2340288046432328
77,5,COMPOSITE_Q,0.5509372956224265,0.17651277144620367,-0.3323573738171062,-0.01072525353891601,-0.3263210596167037,0.0,0.0,0.0,0.0,0.0,0.0,-0.3323573738171062,-0.01072525353891601,-0.3263210596167037,0.3263210596167037
77,6,COMPOSITE_Q,0.4425425825709713,0.10380025220142099,-0.19836152227058515,0.026264602195825965,-0.2245518670497855,0.0,0.0,0.0,0.0,0.0,0.0,-0.19836152227058515,0.026264602195825965,-0.2245518670497855,0.2245518670497855
77,7,COMPOSITE_Q,0.5374950259478002,0.05538137483061788,0.2186775756000228,-0.03737606666413305,0.025546177663082703,0.0,0.0,0.0,0.0,0.0,0.0,0.2186775756000228,-0.03737606666413305,0.025546177663082703,0.08747103024000911
77,8,COMPOSITE_Q,1.1316808087519756,0.1348814512669312,-0.3564455604943514,-0.08849969821226067,0.15507238109820554,0.0,0.0,0.0,0.0,0.0,0.0,-0.3564455604943514,-0.08849969821226067,0.15507238109820554,0.15507238109820554
77,9,COMPOSITE_Q,0.41615729810216784,0.2825797881183066,-0.11561925280303222,0.004743971148294947,-0.18673439460255123,0.0,0.0,0.0,0.0,0.0,0.0,-0.11561925280303222,0.004743971148294947,-0.18673439460255123,0.18673439460255123
77,10,COMPOSITE_Q,0.928811553462665,0.21612808105448952,-0.5739689088064626,0.04195545482740058,-0.1414662234469425,0.0,0.0,0.0,0.0,0.0,0.0,-0.5739689088064626,0.04195545482740058,-0.1414662234469425,0.22958756352258503
77,1,COMPOSITE_Q_PLUS_RF,0.3894520621867041,0.1451646237667636,0.27776276927443677,0.011329532569552735,0.08882646100449651,5.011515509704536e-06,5.362784301609368e-09,-4.4700333278635344e-05,5.011515509689701e-06,5.362784301701784e-09,-4.470033327863554e-05,0.27776778078994646,0.011329537932337036,0.08878176067121787,0.11110711231597858
77,2,COMPOSITE_Q_PLUS_RF,0.42253608856800606,0.24089252596853064,-0.24387604945161068,-0.011053187512274569,-0.04598168655776821,5.477591990554762e-07,-4.049074444087488e-11,-1.2741205980704612e-05,5.477591990543651e-07,-4.049074443790435e-11,-1.2741205980701387e-05,-0.24387550169241162,-0.011053187552765313,-0.04599442776374891,0.09755020067696465
77,3,COMPOSITE_Q_PLUS_RF,0.6348682988403763,0.16877980343719517,0.12736527199799644,-0.045486703793874345,0.10700518425466382,8.34519448056471e-08,1.2781552181387045e-09,-3.26618935255286e-06,8.345194479897344e-08,1.2781552205520796e-09,-3.266189352549298e-06,0.12736535544994124,-0.045486702515719124,0.10700191806531127,0.10700191806531127
77,4,COMPOSITE_Q_PLUS_RF,0.723556992693436,0.17629616618098168,-0.15884680880153784,0.05867444042813503,0.23400214673540717,-9.814385536258015e-08,-7.316160446775595e-11,3.769604430636566e-06,-9.814385537598724e-08,-7.316160177683884e-11,3.769604430631235e-06,-0.15884690694539322,0.05867444035497343,0.2340059163398378,0.2340059163398378
77,5,COMPOSITE_Q_PLUS_RF,0.5509361731456569,0.1765131919972636,-0.3323574081984323,-0.01072525623266886,-0.3265241392639796,1.4716335888833227e-06,9.219293893341803e-10,-4.3640061119889114e-05,1.4716335888786958e-06,9.219293887335889e-10,-4.364006111989838e-05,-0.3323559365648434,-0.010725255310739472,-0.3265677793250995,0.3265677793250995
77,6,COMPOSITE_Q_PLUS_RF,0.4424348983129648,0.103800274696426,-0.19836705442595826,0.026265083081830676,-0.22430464931905794,1.5187866866015803e-08,-5.422207101001415e-11,-1.6557630037051313e-07,1.5187866853061394e-08,-5.422207127736556e-11,-1.6557630036495574e-07,-0.1983670392380914,0.026265083027608604,-0.2243048148953583,0.2243048148953583
77,7,COMPOSITE_Q_PLUS_RF,0.5374955014918705,0.05538144423820066,0.21867789615961522,-0.03737606865498957,0.025547767213275067,4.357133730104565e-09,-4.956377311180804e-11,1.617136136303253e-06,4.35713373714286e-09,-4.956376975506771e-11,1.617136136302516e-06,0.21867790051674896,-0.03737606870455334,0.02554938434941137,0.08747116020669958
77,8,COMPOSITE_Q_PLUS_RF,1.1316808059836017,0.1348813855295661,-0.3564503838347445,-0.08849971842944973,0.1551621397612336,3.5598061749466373e-09,-7.809151949804701e-11,-1.447842273629545e-10,3.559806172059865e-09,-7.809151936211123e-11,-1.447842401525179e-10,-0.3564503802749383,-0.08849971850754125,0.15516213961644937,0.15516213961644937
77,9,COMPOSITE_Q_PLUS_RF,0.4161850473494135,0.2825799171075536,-0.11561395990176324,0.004743974842819711,-0.18682341111937772,6.718091532129534e-07,-4.70058771634323e-11,-1.5862360293209545e-05,6.71809153210412e-07,-4.700587748901475e-11,-1.5862360293217304e-05,-0.11561328809261003,0.004743974795813834,-0.18683927347967094,0.18683927347967094
77,10,COMPOSITE_Q_PLUS_RF,0.9288102436670822,0.2161130765638116,-0.574046813104229,0.04195546366683047,-0.14126923652073697,5.27060665343594e-07,1.400108011615157e-09,-1.5132209876191982e-05,5.270606653340337e-07,1.4001080086978313e-09,-1.5132209876200786e-05,-0.5740462860435637,0.04195546506693848,-0.14128436873061317,0.22961851441742548
77,1,COMPOSITE_Q_PLUS_GB,0.3894520621867041,0.14516338430928863,0.27776276927443677,0.011329532569552735,0.08882646100449651,1.8930042592817626e-07,4.112413679566041e-09,-9.325455883132713e-07,1.8930042594567098e-07,4.11241368042381e-09,-9.325455883196776e-07,0.2777629585748627,0.011329536681966415,0.08882552845890819,0.11110518342994509
77,2,COMPOSITE_Q_PLUS_GB,0.42253642669511565,0.24090920253487275,-0.24391924360025932,-0.01105318753517524,-0.04491132584553019,6.362233228361768e-07,2.1693356050501934e-09,-7.126762257415478e-06,6.362233228307534e-07,2.169335605248235e-09,-7.1267622574130995e-06,-0.2439186073769365,-0.011053185365839635,-0.0449184526077876,0.0975674429507746
77,3,COMPOSITE_Q_PLUS_GB,0.6348203671032725,0.16878153645055666,0.12741333724069648,-0.0454866031884575,0.10588639273279538,-3.1963242597947827e-07,2.4726170565256005e-09,7.986725337654457e-06,-3.196324259713279e-07,2.472617055548909e-09,7.986725337652545e-06,0.1274130176082705,-0.045486600715840445,0.10589437945813303,0.10589437945813303
77,4,COMPOSITE_Q_PLUS_GB,0.7235575605752896,0.17629675033540482,-0.1588479637979065,0.05867446939785187,0.2339807197045758,-5.253215238774775e-07,-3.478858589064981e-10,7.972893618014583e-06,-5.253215238643083e-07,-3.478858590089118e-10,7.972893618007904e-06,-0.15884848911943036,0.05867446904996601,0.2339886925981938,0.2339886925981938
77,5,COMPOSITE_Q_PLUS_GB,0.5509316616169393,0.17651304311963165,-0.332358056122101,-0.010725268825807311,-0.3256052271145497,6.813553972351164e-07,1.1445896298222524e-09,-9.2846355030962e-06,6.81355397214034e-07,1.1445896296730096e-09,-9.284635503092886e-06,-0.3323573747667038,-0.010725267681217681,-0.3256145117500528,0.3256145117500528
77,6,COMPOSITE_Q_PLUS_GB,0.4428454836549809,0.10380027404676925,-0.19835054023070559,0.026263246370858417,-0.22525585598882425,-1.4347853498990328e-07,1.5026442263011565e-09,6.481639216069835e-07,-1.4347853499740992e-07,1.5026442277965568e-09,6.481639216182611e-07,-0.19835068370924058,0.026263247873502645,-0.22525520782490263,0.22525520782490263
77,7,COMPOSITE_Q_PLUS_GB,0.5374955072316661,0.05538149414472144,0.21867367371834365,-0.03737607366335038,0.025581604665173265,2.353018343644855e-08,1.4797874581413526e-09,-1.915452150072843e-06,2.353018344058988e-08,1.4797874592353821e-09,-1.915452150072494e-06,0.2186736972485271,-0.03737607218356292,0.025579689213023192,0.08746947889941084
77,8,COMPOSITE_Q_PLUS_GB,1.1316816246653898,0.13488141496609535,-0.3564425435696626,-0.08849972812102594,0.1550572184604733,-2.987345438694226e-07,-6.186726965262705e-10,8.499435367862335e-07,-2.9873454387985277e-07,-6.186726964063638e-10,8.499435367737007e-07,-0.3564428423042065,-0.08849972873969864,0.15505806840401007,0.15505806840401007
77,9,COMPOSITE_Q_PLUS_GB,0.41616187675068916,0.28258001758893314,-0.11561616969441438,0.004743993732414387,-0.1867861160971847,7.672282886108184e-07,1.824203475262076e-09,-1.2843492150615976e-05,7.672282886089787e-07,1.824203474908026e-09,-1.2843492150610425e-05,-0.11561540246612577,0.004743995556617862,-0.18679895958933532,0.18679895958933532
77,10,COMPOSITE_Q_PLUS_GB,0.9288069213066609,0.21611284914628331,-0.5740476990523347,0.04195545855536703,-0.1412434869281471,7.124889131128884e-07,-6.186726965262705e-10,-1.2436452959939643e-05,7.124889130905032e-07,-6.186726964063638e-10,-1.2436452959951882e-05,-0.5740469865634216,0.041955457936694335,-0.14125592338110704,0.22961879462536863
78,1,COMPOSITE_Q,1.000471621583093,0.04377104723180619,0.5813617862278505,0.06015656063826306,0.27328085022521964,0.0,0.0,0.0,0.0,0.0,0.0,0.5813617862278505,0.06015656063826306,0.27328085022521964,0.27328085022521964
78,2,COMPOSITE_Q,0.8196109226752489,0.06707189402591192,0.010201877686446868,-0.07363732962560261,-0.2987139929565153,0.0,0.0,0.0,0.0,0.0,0.0,0.010201877686446868,-0.07363732962560261,-0.2987139929565153,0.2987139929565153
78,3,COMPOSITE_Q,0.25121253264741356,0.06524895550721678,-0.3181313437447462,0.0010969608098657297,0.247416546777652,0.0,0.0,0.0,0.0,0.0,0.0,-0.3181313437447462,0.0010969608098657297,0.247416546777652,0.247416546777652
78,4,COMPOSITE_Q,1.1016223570107442,0.10493052288061823,-0.25049516330319416,0.08684242711448838,-0.09918905365486444,0.0,0.0,0.0,0.0,0.0,0.0,-0.25049516330319416,0.08684242711448838,-0.09918905365486444,0.10019806532127766
78,5,COMPOSITE_Q,0.3591146167980842,0.15816099300659173,-0.1290371983808227,0.018074670130407988,0.2004286193477962,0.0,0.0,0.0,0.0,0.0,0.0,-0.1290371983808227,0.018074670130407988,0.2004286193477962,0.2004286193477962
78,6,COMPOSITE_Q,0.5482768976094073,0.1486985600366036,0.06288341698392061,0.03560186916365542,-0.47614377897578847,0.0,0.0,0.0,0.0,0.0,0.0,0.06288341698392061,0.03560186916365542,-0.47614377897578847,0.47614377897578847
78,7,COMPOSITE_Q,0.9818772134958718,0.1942165795003285,-0.33447909946299453,0.06897414199682231,0.3856702070762763,0.0,0.0,0.0,0.0,0.0,0.0,-0.33447909946299453,0.06897414199682231,0.3856702070762763,0.3856702070762763
78,8,COMPOSITE_Q,0.5513619779539403,0.2647480431944735,-0.30489286418559103,-0.01105767502760199,-0.1763985283622251,0.0,0.0,0.0,0.0,0.0,0.0,-0.30489286418559103,-0.01105767502760199,-0.1763985283622251,0.1763985283622251
78,9,COMPOSITE_Q,1.0678068680423443,0.4004955736140393,0.021986638446682385,-0.08521849686954631,0.18416222423427397,0.0,0.0,0.0,0.0,0.0,0.0,0.021986638446682385,-0.08521849686954631,0.18416222423427397,0.18416222423427397
78,10,COMPOSITE_Q,0.7710258534441128,0.37268926335516633,0.5250722957796116,-0.020817602707991364,-0.13696424238405008,0.0,0.0,0.0,0.0,0.0,0.0,0.5250722957796116,-0.020817602707991364,-0.13696424238405008,0.21002891831184461
78,1,COMPOSITE_Q_PLUS_RF,1.000471621583093,0.04377108173180161,0.5813617862278505,0.06015656063826306,0.27328085022521964,-7.532849494819732e-08,-7.001619188922862e-11,-2.473960247599751e-07,-7.532849499725103e-08,-7.001619423130379e-11,-2.4739602477730216e-07,0.5813617108993555,0.060156560568246864,0.27328060282919486,0.27328060282919486
78,2,COMPOSITE_Q_PLUS_RF,0.8196108706152276,0.06707175309687947,0.010204114849882292,-0.07363731383240592,-0.2987469277493351,2.9563288451625172e-12,-5.5500115202715024e-11,-1.66373474298086e-10,2.9563296255474825e-12,-5.5500118389950615e-11,-1.66373470555925e-10,0.010204114852838621,-0.07363731388790604,-0.29874692791570856,0.29874692791570856
78,3,COMPOSITE_Q_PLUS_RF,0.25121014251367857,0.06524888823939304,-0.31813832286776594,0.00109694731122725,0.24751047583545782,-2.5330746603862995e-08,6.834426991570877e-10,1.4717557413876737e-06,-2.533074661137391e-08,6.834426991356168e-10,1.4717557413890248e-06,-0.31813834819851255,0.001096947994669949,0.2475119475911992,0.2475119475911992
78,4,COMPOSITE_Q_PLUS_RF,1.101625192890228,0.1049286136830512,-0.2504977760137238,0.08684244089914063,-0.09916020093508263,-1.4747080918698113e-09,-7.645938084954637e-11,3.622755746525519e-07,-1.4747080778754196e-09,-7.645938049360979e-11,3.622755746501838e-07,-0.2504977774884319,0.08684244082268125,-0.09915983865950798,0.10019911099537275
78,5,COMPOSITE_Q_PLUS_RF,0.35911221606077587,0.15816137291611668,-0.12902991105359468,0.01807467707922684,0.20033875784212443,1.5180263782068304e-11,-3.477144364028136e-11,1.160064962626552e-06,1.5180273704729075e-11,-3.4771442669612185e-11,1.1600649626186676e-06,-0.1290299110384144,0.0180746770444554,0.20033991790708705,0.20033991790708705
78,6,COMPOSITE_Q_PLUS_RF,0.5482777564719505,0.14870055048359615,0.0628833040932535,0.035601867365520734,-0.4761436959408782,3.3492075827949974e-06,-5.258681449918282e-11,-6.19075843733597e-05,3.3492075827978862e-06,-5.258681684550126e-11,-6.19075843733552e-05,0.0628866533008363,0.03560186731293392,-0.47620560352525154,0.47620560352525154
78,7,COMPOSITE_Q_PLUS_RF,0.9818764068602399,0.19422029146374734,-0.33448450588001805,0.06897413199279216,0.3857533084184094,-5.6806926203467865e-08,-8.82222412748947e-11,1.354621601173836e-05,-5.6806926218566645e-08,-8.822223507287674e-11,1.3546216011739443e-05,-0.33448456268694426,0.06897413190456993,0.3857668546344211,0.3857668546344211
78,8,COMPOSITE_Q_PLUS_RF,0.5513773570829305,0.26474807397551936,-0.30488984512733425,-0.01105765471321576,-0.17643716072239296,2.8175542322260886e-07,-6.724303004877386e-11,-4.555573204670222e-06,2.817554232148467e-07,-6.724303058813774e-11,-4.555573204667596e-06,-0.30488956337191103,-0.011057654780458791,-0.17644171629559763,0.17644171629559763
78,9,COMPOSITE_Q_PLUS_RF,1.0678069812994475,0.4004956970333766,0.021986717324874127,-0.0852184943242138,0.18416052869439886,-1.0807768867378007e-06,-3.0237644050314895e-10,9.519487699319304e-06,-1.080776886739493e-06,-3.0237644332853364e-10,9.519487699310991e-06,0.021985636547987387,-0.08521849462659024,0.18417004818209817,0.18417004818209817
78,10,COMPOSITE_Q_PLUS_RF,0.7710259322563559,0.3726895190104216,0.5252085306145248,-0.020817594685500672,-0.13894726445197467,4.312732818639272e-07,-6.2170109057291535e-09,-2.7782693103142865e-06,4.312732818645415e-07,-6.217010906084397e-09,-2.778269310305115e-06,0.5252089618878066,-0.020817600902511578,-0.13895004272128497,0.21008358475512265
78,1,COMPOSITE_Q_PLUS_GB,1.000471621583093,0.04377128009567644,0.5813617862278505,0.06015656063826306,0.27328085022521964,-6.716543302294234e-07,4.356388472315368e-09,2.581476933416063e-06,-6.716543302642819e-07,4.3563884721820045e-09,2.5814769334386867e-06,0.5813611145735202,0.06015656499465153,0.2732834317021531,0.2732834317021531
78,2,COMPOSITE_Q_PLUS_GB,0.8196108847059016,0.06707179703875646,0.010204504159695383,-0.07363732173503484,-0.2987465483123965,-2.2915080722218879e-07,1.6878314975088614e-09,4.650221093201871e-06,-2.2915080722177295e-07,1.6878314995638632e-09,4.65022109319424e-06,0.010204275008888162,-0.07363732004720334,-0.2987418980913033,0.2987418980913033
78,3,COMPOSITE_Q_PLUS_GB,0.2512107248928225,0.06524891498918929,-0.3181376633305475,0.0010969485288088048,0.2475000543633927,7.15986573931678e-08,1.99309996056941e-09,-2.028503525182637e-06,7.15986573918137e-08,1.993099960463998e-09,-2.0285035251810246e-06,-0.3181375917318901,0.0010969505219087653,0.24749802585986752,0.24749802585986752
78,4,COMPOSITE_Q_PLUS_GB,1.1016248199261611,0.10493072328391426,-0.2504992660490232,0.086842425841925,-0.09914099822834556,-6.745548995104026e-08,-3.239991401412568e-10,7.475376131765116e-06,-6.745548997155737e-08,-3.239991469561332e-10,7.475376131771405e-06,-0.25049933350451314,0.08684242551792586,-0.09913352285221379,0.10019973340180525
78,5,COMPOSITE_Q_PLUS_GB,0.35911192132147174,0.15816438288520862,-0.12902863039364498,0.0180746910004312,0.20031732943456132,-4.68470894109775e-07,2.3382320903575266e-09,1.1004431296227937e-05,-4.6847089410495535e-07,2.3382320905873666e-09,1.1004431296229855e-05,-0.1290290988645391,0.01807469333866329,0.20032833386585755,0.20032833386585755
78,6,COMPOSITE_Q_PLUS_GB,0.5482812958739136,0.1486988092889217,0.06288377776890125,0.035601841565653734,-0.47615369445784733,1.1904462883737483e-07,7.295318905158304e-10,-6.364872815946963e-06,1.190446288351632e-07,7.295318932287742e-10,-6.364872815967093e-06,0.06288389681353009,0.03560184229518563,-0.4761600593306633,0.4761600593306633
78,7,COMPOSITE_Q_PLUS_GB,0.9818770255922685,0.19421638831469162,-0.33448127948478634,0.0689741445218948,0.3856983525337278,-3.9936691448077186e-08,-6.186726965262705e-10,2.4665796412604054e-06,-3.993669145385681e-08,-6.186726964063638e-10,2.466579641258182e-06,-0.3344813194214778,0.06897414390322211,0.38570081911336906,0.38570081911336906
78,8,COMPOSITE_Q_PLUS_GB,0.5513719623181034,0.2647481839481764,-0.30489022440456715,-0.011057666724239058,-0.17642500297744934,7.817601685010901e-07,1.1445896298222524e-09,-1.3604856531913449e-05,7.817601684889652e-07,1.1445896296730096e-09,-1.3604856531901355e-05,-0.30488944264439866,-0.011057665579649429,-0.17643860783398124,0.17643860783398124
78,9,COMPOSITE_Q_PLUS_GB,1.0678073121589793,0.40049609167925704,0.022003760967968786,-0.08521848520284928,0.1839335082522453,-9.597742544799468e-07,-1.1812222426405853e-09,8.093615664316903e-06,-9.597742544782684e-07,-1.181222245016933e-09,8.093615664311882e-06,0.022002801193714307,-0.08521848638407152,0.18394160186790962,0.18394160186790962
78,10,COMPOSITE_Q_PLUS_GB,0.7710410320536218,0.372689289862365,0.5250595201016792,-0.020817590259712807,-0.13679444063882273,-1.5770210018431677e-06,-9.41426942308712e-10,2.080860300276839e-05,-1.577021001897272e-06,-9.414269433460909e-10,2.0808603002769877e-05,0.5250579430806773,-0.02081759120113975,-0.13677363203581996,0.21002317723227093
79,1,COMPOSITE_Q,0.6275765062545267,0.04361061008184368,-0.061016330162965655,-0.05424161681915357,-0.07503941986100475,0.0,0.0,0.0,0.0,0.0,0.0,-0.061016330162965655,-0.05424161681915357,-0.07503941986100475,0.07503941986100475
79,2,COMPOSITE_Q,0.8827038784289606,0.1676649438791354,-0.3099006767981624,-0.05993651743680706,0.1745554006830514,0.0,0.0,0.0,0.0,0.0,0.0,-0.3099006767981624,-0.05993651743680706,0.1745554006830514,0.1745554006830514
79,3,COMPOSITE_Q,1.0543087433968557,0.049349742285494894,-0.054414019166469464,0.09167459567441351,-0.3719256122254911,0.0,0.0,0.0,0.0,0.0,0.0,-0.054414019166469464,0.09167459567441351,-0.3719256122254911,0.3719256122254911
79,4,COMPOSITE_Q,1.0349028892024663,0.14345714260558465,0.0390275865718867,-0.08735066865368024,0.5160570028375686,0.0,0.0,0.0,0.0,0.0,0.0,0.0390275865718867,-0.08735066865368024,0.5160570028375686,0.5160570028375686
79,5,COMPOSITE_Q,1.0966763193798683,0.20368561748138891,-0.32894144319884744,0.0823607676233527,-0.06966379194134653,0.0,0.0,0.0,0.0,0.0,0.0,-0.32894144319884744,0.0823607676233527,-0.06966379194134653,0.13157657727953898
79,6,COMPOSITE_Q,0.8814131065354067,0.25998943541781866,0.4992387465060953,-0.04322624498836648,0.18510391840131354,0.0,0.0,0.0,0.0,0.0,0.0,0.4992387465060953,-0.04322624498836648,0.18510391840131354,0.19969549860243813
79,7,COMPOSITE_Q,1.2797085081481858,0.31573700704898044,-0.5646105943077987,0.08185608251360998,-0.09102805952516875,0.0,0.0,0.0,0.0,0.0,0.0,-0.5646105943077987,0.08185608251360998,-0.09102805952516875,0.22584423772311948
79,8,COMPOSITE_Q,0.5798224374396179,0.3801984619078018,-0.12391375169325881,-0.01791538401304881,0.20123791762700494,0.0,0.0,0.0,0.0,0.0,0.0,-0.12391375169325881,-0.01791538401304881,0.20123791762700494,0.20123791762700494
79,9,COMPOSITE_Q,0.9629084509186042,0.31385252111109685,-0.5908404880849203,0.03791835490880876,-0.22640049526059033,0.0,0.0,0.0,0.0,0.0,0.0,-0.5908404880849203,0.03791835490880876,-0.22640049526059033,0.23633619523396812
79,10,COMPOSITE_Q,1.0873241206881532,0.3198753051807459,-0.027680183269515015,-0.07921517878074286,-0.060664316611775314,0.0,0.0,0.0,0.0,0.0,0.0,-0.027680183269515015,-0.07921517878074286,-0.060664316611775314,0.06601264898395239
79,1,COMPOSITE_Q_PLUS_RF,0.6275765062545267,0.04361060267560678,-0.061016330162965655,-0.05424161681915357,-0.07503941986100475,1.5952628309788228e-11,1.7450415593208013e-09,-1.6664254220315296e-10,1.595262810738518e-11,1.7450415626396598e-09,-1.666425469837307e-10,-0.06101633014701303,-0.05424161507411201,-0.0750394200276473,0.0750394200276473
79,2,COMPOSITE_Q_PLUS_RF,0.882703895296352,0.1676649786204277,-0.30990055928545457,-0.05993652660280628,0.1745544088100908,-2.4184486156830416e-12,1.242728653999177e-09,-1.6454440551369534e-07,-2.4184543256922097e-12,1.2427286560923179e-09,-1.6454440551760818e-07,-0.309900559287873,-0.059936525360077625,0.17455424426568528,0.17455424426568528
79,3,COMPOSITE_Q_PLUS_RF,1.0543087552235855,0.04934983147377352,-0.05441395270946884,0.09167459914270708,-0.37192483141641136,1.6473560541804345e-07,-7.888852910072981e-11,3.024864020135111e-07,1.647356054207405e-07,-7.888853459370182e-11,3.0248640203733856e-07,-0.05441378797386342,0.09167459906381854,-0.3719245289300093,0.3719245289300093
79,4,COMPOSITE_Q_PLUS_RF,1.0349029310763451,0.14345722268588681,0.03902709052101034,-0.08735066096257098,0.5160572359274217,3.078444907032721e-07,-5.8013050995003104e-11,1.0727329636203857e-06,3.078444907045341e-07,-5.8013052695038425e-11,1.0727329635695781e-06,0.039027398365501044,-0.08735066102058403,0.5160583086603853,0.5160583086603853
79,5,COMPOSITE_Q_PLUS_RF,1.0966765093456685,0.2036921894358933,-0.32896746157225226,0.08236076419091304,-0.06959383996527291,-4.317755850817851e-08,-7.581633900152601e-11,1.4367096034439394e-06,-4.317755852856209e-08,-7.58163393177469e-11,1.4367096034390014e-06,-0.3289675047498108,0.0823607641150967,-0.06959240325566947,0.1315870018999243
79,6,COMPOSITE_Q_PLUS_RF,0.8814207179077415,0.25998945433703435,0.49927833734945953,-0.043226188441666695,0.18482364494324866,2.200118624419383e-08,-3.842528244200153e-11,-1.9910443230675297e-06,2.2001186261721983e-08,-3.842528378816823e-11,-1.991044323079727e-06,0.4992783593506458,-0.04322618848009198,0.18482165389892558,0.1997113437402583
79,7,COMPOSITE_Q_PLUS_RF,1.2796930887788038,0.3157369578134771,-0.5646241277756223,0.08185604797669147,-0.09082133698418197,-3.2632356151305146e-09,-9.057835958648653e-11,-2.1913858198840854e-11,-3.2632355706496696e-09,-9.057836425352406e-11,-2.1913859615807496e-11,-0.5646241310388579,0.0818560478861131,-0.09082133700609583,0.22584965241554317
79,8,COMPOSITE_Q_PLUS_RF,0.5798224826558774,0.3801976673881098,-0.1239254353057545,-0.01791538157490233,0.20140393764314693,-2.894305880010968e-09,2.089133114799676e-09,-9.751631274388154e-06,-2.894305878298198e-09,2.0891331165007188e-09,-9.751631274396155e-06,-0.12392543820006038,-0.017915379485769215,0.20139418601187253,0.20139418601187253
79,9,COMPOSITE_Q_PLUS_RF,0.9629677646494708,0.3138527936807712,-0.5908255267502895,0.037918183087701625,-0.22656945755847624,5.138397915943987e-08,-9.013246067588094e-11,1.3775393096539548e-05,5.138397918269533e-08,-9.013246399236508e-11,1.377539309654896e-05,-0.5908254753663104,0.03791818299756916,-0.2265556821653797,0.23633019014652415
79,10,COMPOSITE_Q_PLUS_RF,1.0873243887510289,0.31987654456011627,-0.02768094211708323,-0.07921526712129659,-0.06065892951820172,1.9596552686316572e-07,-4.7652341770972035e-11,2.4097745343326925e-06,1.9596552686476643e-07,-4.7652340406934e-11,2.40977453433433e-06,-0.027680746151556364,-0.07921526716894893,-0.060656519743667384,0.06601272264079078
79,1,COMPOSITE_Q_PLUS_GB,0.6275765062545267,0.04361233823839256,-0.061016330162965655,-0.05424161681915357,-0.07503941986100475,-3.190488845650453e-07,1.6025612684812819e-09,5.49363735839722e-06,-3.190488845616901e-07,1.6025612711856319e-09,5.493637358397474e-06,-0.06101664921185022,-0.0542416152165923,-0.07503392622364635,0.07503392622364635
79,2,COMPOSITE_Q_PLUS_GB,0.8827040538524205,0.16766501065233316,-0.30990038214829274,-0.059936526417495,0.17454922911574958,-1.3255863655574612e-07,-6.186726965262705e-10,5.446508717194634e-06,-1.3255863656747024e-07,-6.186726964063638e-10,5.4465087171995386e-06,-0.3099005147069293,-0.0599365270361677,0.17455467562446678,0.17455467562446678
79,3,COMPOSITE_Q_PLUS_GB,1.0543091868422998,0.0493517459731708,-0.054413732125096884,0.09167459968840669,-0.37193047341973984,-2.7572394856200897e-07,-6.691312699293728e-10,6.770589866363819e-06,-2.7572394856179017e-07,-6.69131264285916e-10,6.770589866367249e-06,-0.054414007849045445,0.09167459901927542,-0.37192370282987347,0.37192370282987347
79,4,COMPOSITE_Q_PLUS_GB,1.034902080806565,0.143457159088771,0.039027787464934155,-0.0873506593454803,0.5160512961659796,-4.192176323074904e-07,9.931115806848322e-10,1.6369248829994932e-06,-4.192176323095098e-07,9.93111579083994e-10,1.636924882975066e-06,0.039027368247301845,-0.08735065835236872,0.5160529330908625,0.5160529330908625
79,5,COMPOSITE_Q_PLUS_GB,1.0966763248395028,0.2036858195367492,-0.32894333539382997,0.08236076117026883,-0.06962793280457692,-2.5994610148869914e-07,-2.7354056673815447e-10,1.0726673904779293e-05,-2.5994610147739294e-07,-2.735405651987932e-10,1.072667390478177e-05,-0.32894359533993145,0.08236076089672827,-0.06961720613067214,0.13157743813597259
79,6,COMPOSITE_Q_PLUS_GB,0.8814083662213599,0.2599895321410515,0.49925872234076984,-0.04322625451813168,0.1847989061001203,-3.3479004573793044e-07,9.931115806848322e-10,3.997557756070789e-06,-3.3479004574177296e-07,9.93111579083994e-10,3.997557756069137e-06,0.4992583875507241,-0.0432262535250201,0.18480290365787638,0.19970335502028963
79,7,COMPOSITE_Q_PLUS_GB,1.2796902559366983,0.3157385960734933,-0.5646223880604517,0.08185592456275802,-0.09083608475412483,1.9783598914695298e-07,-6.186726965262705e-10,-1.0357690656729755e-05,1.9783598914635547e-07,-6.186726964063638e-10,-1.0357690656728757e-05,-0.5646221902244626,0.08185592394408532,-0.09084644244478156,0.22584887608978504
79,8,COMPOSITE_Q_PLUS_GB,0.5798224518656352,0.38020093304434066,-0.1239384647239376,-0.01791523992054374,0.2014347988099284,-9.91086758353915e-08,2.2840400532732946e-09,1.5548561360415747e-07,-9.91086758356241e-08,2.284040054312264e-09,1.554856136065652e-07,-0.12393856383261344,-0.017915237636503687,0.201434954295542,0.201434954295542
79,9,COMPOSITE_Q_PLUS_GB,0.9629499763954409,0.31385281063593556,-0.5908188549929101,0.03791819662383696,-0.22652695041884297,2.1304388775990563e-07,-6.186726965262705e-10,-1.2356524046148667e-05,2.1304388775345018e-07,-6.186726964063638e-10,-1.2356524046158723e-05,-0.5908186419490223,0.037918196005164266,-0.22653930694288912,0.23632745677960892
79,10,COMPOSITE_Q_PLUS_GB,1.0873237478891875,0.3198752865923168,-0.02768080331967575,-0.07921514609845966,-0.06065188017231724,-1.1198392538694705e-07,9.931115806848322e-10,3.406962410294864e-06,-1.1198392538616653e-07,9.93111579083994e-10,3.406962410294756e-06,-0.027680915303601138,-0.07921514510534808,-0.06064847320990695,0.06601262092112341
80,1,COMPOSITE_Q,0.31874931776663773,0.08673055484057307,0.20966659979789493,0.015538550078730307,-0.2718466724454745,0.0,0.0,0.0,0.0,0.0,0.0,0.20966659979789493,0.015538550078730307,-0.2718466724454745,0.2718466724454745
80,2,COMPOSITE_Q,0.2689308397465884,0.13805955313778212,-0.08163396137012807,-0.0018230618539327543,-0.33578257690288327,0.0,0.0,0.0,0.0,0.0,0.0,-0.08163396137012807,-0.0018230618539327543,-0.33578257690288327,0.33578257690288327
80,3,COMPOSITE_Q,1.034938360028044,0.14852579966263924,-0.618986250784151,-0.05812063862236034,-0.03945514549961741,0.0,0.0,0.0,0.0,0.0,0.0,-0.618986250784151,-0.05812063862236034,-0.03945514549961741,0.24759450031366043
80,4,COMPOSITE_Q,0.9445870950788744,0.2571852912723487,-0.3354770461441329,-0.06686082891381304,-0.041996031458494405,0.0,0.0,0.0,0.0,0.0,0.0,-0.3354770461441329,-0.06686082891381304,-0.041996031458494405,0.13419081845765315
80,5,COMPOSITE_Q,0.7849992104345077,0.2581830565267671,0.3258023929615709,0.04202895097047369,-0.3413019429864986,0.0,0.0,0.0,0.0,0.0,0.0,0.3258023929615709,0.04202895097047369,-0.3413019429864986,0.3413019429864986
80,6,COMPOSITE_Q,1.0059794518260203,0.22846088637024936,-0.1042931794288781,-0.08128591256954647,-0.10250690333642129,0.0,0.0,0.0,0.0,0.0,0.0,-0.1042931794288781,-0.08128591256954647,-0.10250690333642129,0.10250690333642129
80,7,COMPOSITE_Q,0.4855545049516839,0.2473736086981285,0.26328995977367436,-0.01697514068631205,-0.35981778298429434,0.0,0.0,0.0,0.0,0.0,0.0,0.26328995977367436,-0.01697514068631205,-0.35981778298429434,0.35981778298429434
80,8,COMPOSITE_Q,1.0748240337721437,0.2881173166901851,0.22698941398644526,0.07354303086352891,-0.038609070505721634,0.0,0.0,0.0,0.0,0.0,0.0,0.22698941398644526,0.07354303086352891,-0.038609070505721634,0.09079576559457811
80,9,COMPOSITE_Q,0.8658426368815947,0.4022880227800176,-0.14123129200729073,-0.053062567922578914,-0.09763303377048937,0.0,0.0,0.0,0.0,0.0,0.0,-0.14123129200729073,-0.053062567922578914,-0.09763303377048937,0.09763303377048937
80,10,COMPOSITE_Q,1.02245551472967,0.47990789535171413,0.40161034177408456,0.04474160940402918,0.29899328729792507,0.0,0.0,0.0,0.0,0.0,0.0,0.40161034177408456,0.04474160940402918,0.29899328729792507,0.29899328729792507
80,1,COMPOSITE_Q_PLUS_RF,0.31874931776663773,0.08673130049458563,0.20966659979789493,0.015538550078730307,-0.2718466724454745,2.300462504619454e-06,1.7625787210711003e-09,-3.846700866754844e-06,2.3004625046285643e-06,1.7625787218644717e-09,-3.846700866727559e-06,0.20966890026039955,0.015538551841309029,-0.27185051914634123,0.27185051914634123
80,2,COMPOSITE_Q_PLUS_RF,0.26893066453249204,0.13805955892287125,-0.08165263061201984,-0.00182306221144186,-0.33544042983353395,1.1697533472657055e-07,-2.6257948751110802e-11,-1.7013287353442912e-06,1.1697533472410093e-07,-2.6257948723337754e-11,-1.7013287353373485e-06,-0.08165251363668512,-0.0018230622376998087,-0.3354421311622693,0.3354421311622693
80,3,COMPOSITE_Q_PLUS_RF,1.0349789459479313,0.14852591526355813,-0.6189718600617682,-0.058120606347188596,-0.039744971854547395,1.0290753743497796e-06,-7.323197317084288e-11,-3.0087472217709547e-05,1.0290753743591452e-06,-7.323197603881226e-11,-3.0087472217707467e-05,-0.6189708309863938,-0.05812060642042057,-0.0397750593267651,0.24758833239455752
80,4,COMPOSITE_Q_PLUS_RF,0.9445873334033991,0.2571853537229536,-0.3354784387384101,-0.06686083652920695,-0.041958669104229296,2.243395718796064e-09,-6.07421374099296e-11,4.656248775469337e-07,2.2433956914369446e-09,-6.074213354523295e-11,4.656248775436467e-07,-0.3354784364950144,-0.06686083658994908,-0.04195820347935175,0.13419137459800576
80,5,COMPOSITE_Q_PLUS_RF,0.7849985916144238,0.2581832297766691,0.32580444208026005,0.042028939778397896,-0.3413438654273493,1.2994692009972046e-06,4.944403408804254e-09,-1.4048164102289478e-05,1.2994692010215303e-06,4.944403407536324e-09,-1.404816410227605e-05,0.32580574154946107,0.042028944722801304,-0.34135791359145157,0.34135791359145157
80,6,COMPOSITE_Q_PLUS_RF,1.0059778809467457,0.2284609193028263,-0.10429582828549505,-0.08128590688337778,-0.10246702037538549,1.3663945881285745e-07,-5.152668406096741e-11,2.201745756709809e-06,1.3663945881703388e-07,-5.152668569596841e-11,2.2017457567136134e-06,-0.10429569164603623,-0.08128590693490446,-0.10246481862962878,0.10246481862962878
80,7,COMPOSITE_Q_PLUS_RF,0.48555445239817596,0.24737385312664883,0.2632919957436817,-0.016975139511301356,-0.35986199407720454,6.937804843789848e-07,1.836729063194984e-08,-5.422193668696423e-06,6.937804843953899e-07,1.8367290632870237e-08,-5.422193668669362e-06,0.26329268952416607,-0.016975121144010723,-0.3598674162708732,0.3598674162708732
80,8,COMPOSITE_Q_PLUS_RF,1.0748249636726326,0.28811737508898033,0.22698400852438821,0.07354301127971426,-0.038523135751630536,-5.43806072199174e-08,-6.41655828090947e-11,-1.337520527886515e-07,-5.438060721174587e-08,-6.416558950839146e-11,-1.337520527874836e-07,0.226983954143781,0.07354301121554867,-0.03852326950368332,0.0907935816575124
80,9,COMPOSITE_Q_PLUS_RF,0.8658447581485637,0.4022880906502279,-0.14120523242186722,-0.05306254848013518,-0.09808210528226773,2.006771582258758e-07,-2.3051999302430116e-11,7.046829724284742e-07,2.0067715822413845e-07,-2.305199781060807e-11,7.046829724327575e-07,-0.141205031744709,-0.05306254850318718,-0.0980814005992953,0.0980814005992953
80,10,COMPOSITE_Q_PLUS_RF,1.0224859694938881,0.4799096278824038,0.401588476178519,0.04474165667837619,0.29937346802102754,6.548706481934469e-06,-5.3592401642675154e-09,-9.767639423826624e-06,6.548706481923627e-06,-5.359240162761125e-09,-9.767639423841068e-06,0.40159502488500093,0.04474165131913603,0.2993637003816037,0.2993637003816037
80,1,COMPOSITE_Q_PLUS_GB,0.31874931776663773,0.086730569958475,0.20966659979789493,0.015538550078730307,-0.2718466724454745,7.70154795070945e-08,1.9426413871663075e-09,-3.0674222255759477e-07,7.701547949379162e-08,1.942641388030797e-09,-3.067422225666583e-07,0.20966667681337442,0.015538552021371695,-0.27184697918769707,0.27184697918769707
80,2,COMPOSITE_Q_PLUS_GB,0.26893076867001253,0.1380595951609176,-0.08162393683740812,-0.0018230582295316773,-0.3359923071584229,1.3884439939580692e-07,1.99309996056941e-09,-1.1434014435848402e-06,1.3884439939437776e-07,1.993099960463998e-09,-1.1434014435818263e-06,-0.08162379799300873,-0.0018230562364317169,-0.33599345055986646,0.33599345055986646
80,3,COMPOSITE_Q_PLUS_GB,1.0349130014373125,0.14852599097669628,-0.6189732938897913,-0.05812066471167423,-0.03973506466543609,-1.06758641621003e-06,-6.186726965262705e-10,9.320006090252757e-06,-1.0675864161591164e-06,-6.186726964063638e-10,9.320006090253463e-06,-0.6189743614762074,-0.058120665330346925,-0.039725744659345835,0.24758974459048297
80,4,COMPOSITE_Q_PLUS_GB,0.944530964910769,0.2571853515276238,-0.3355591639396866,-0.06686090225033293,-0.04029230698374964,-1.6607592015043822e-07,-2.7354056673815447e-10,7.595803041619574e-06,-1.6607592012718442e-07,-2.735405651987932e-10,7.595803041618443e-06,-0.3355593300156067,-0.0668609025238735,-0.04028471118070802,0.13422373200624269
80,5,COMPOSITE_Q_PLUS_GB,0.7849796240097887,0.2581830845642463,0.3258611773658191,0.04202883292062071,-0.3425270618470892,-5.323215903813457e-07,1.7962489490164528e-09,8.23580032376601e-06,-5.32321590362983e-07,1.796248948193746e-09,8.2358003237748e-06,0.32586064504422874,0.042028834716869655,-0.3425188260467654,0.3425188260467654
80,6,COMPOSITE_Q_PLUS_GB,1.0059809804889879,0.22846095720084797,-0.10429173125888139,-0.08128589463926542,-0.10253974526021811,2.2167931665790083e-08,2.032963627296978e-09,-2.1366401670671936e-06,2.2167931670868946e-08,2.032963630771434e-09,-2.136640167071935e-06,-0.10429170909094972,-0.08128589260630179,-0.10254188190038518,0.10254188190038518
80,7,COMPOSITE_Q_PLUS_GB,0.4855546285782866,0.24737368191941586,0.26327326235736537,-0.01697514909057178,-0.35951925972317644,3.934488360667815e-07,4.076545525911461e-09,-2.782277507830748e-06,3.9344883606684533e-07,4.076545524756003e-09,-2.7822775078290007e-06,0.26327365580620143,-0.016975145014026256,-0.35952204200068427,0.35952204200068427
80,8,COMPOSITE_Q_PLUS_GB,1.07480673966876,0.28811797810108797,0.22695889816100615,0.07354299747683898,-0.03807238590516472,-6.015840024492042e-07,1.870594241184796e-09,5.4492828034254105e-06,-6.015840024464758e-07,1.8705942350649707e-09,5.44928280342416e-06,0.2269582965770037,0.07354299934743322,-0.0380669366223613,0.09078331863080148
80,9,COMPOSITE_Q_PLUS_GB,0.8658697600259418,0.4022879915154707,-0.14115686820904533,-0.053062441735377844,-0.09892749281466365,2.1266287069681767e-07,1.338243710472949e-09,-2.4297807667303727e-06,2.1266287070220713e-07,1.3382437102915645e-09,-2.4297807667272853e-06,-0.14115665554617463,-0.053062440397134134,-0.09892992259543038,0.09892992259543038
80,10,COMPOSITE_Q_PLUS_GB,1.022493124021542,0.4799081379431183,0.40158358838284536,0.04474162347680077,0.2994595061546701,-2.325403156516831e-07,5.5730500633079885e-09,-2.6799589836289285e-06,-2.3254031566999345e-07,5.57305006310127e-09,-2.6799589836201676e-06,0.4015833558425297,0.04474162904985083,0.2994568261956865,0.2994568261956865
81,1,COMPOSITE_Q,0.3656655365748506,0.12083237198542855,-0.06263962441158902,-0.02143389689567009,-0.24865779495920787,0.0,0.0,0.0,0.0,0.0,0.0,-0.06263962441158902,-0.02143389689567009,-0.24865779495920787,0.24865779495920787
81,2,COMPOSITE_Q,0.9029661252872626,0.10173326002699562,0.056869196214642946,-0.0772712470215756,-0.3571809536296547,0.0,0.0,0.0,0.0,0.0,0.0,0.056869196214642946,-0.0772712470215756,-0.3571809536296547,0.3571809536296547
81,3,COMPOSITE_Q,0.5221789627021466,0.18206532339275233,0.3006195653385907,0.02264188303060474,-0.37670197162332986,0.0,0.0,0.0,0.0,0.0,0.0,0.3006195653385907,0.02264188303060474,-0.37670197162332986,0.37670197162332986
81,4,COMPOSITE_Q,0.308395277690442,0.16907170880250466,-0.24118740908429806,0.00178863063622326,0.17105762753626755,0.0,0.0,0.0,0.0,0.0,0.0,-0.24118740908429806,0.00178863063622326,0.17105762753626755,0.17105762753626755
81,5,COMPOSITE_Q,0.6411593889419653,0.20349680702763667,-0.539781615670361,-0.006227714065180207,-0.26161557688448744,0.0,0.0,0.0,0.0,0.0,0.0,-0.539781615670361,-0.006227714065180207,-0.26161557688448744,0.26161557688448744
81,6,COMPOSITE_Q,0.6917806116267342,0.20784459596697408,0.47070058823798105,0.029160859619257403,-0.23435085880098355,0.0,0.0,0.0,0.0,0.0,0.0,0.47070058823798105,0.029160859619257403,-0.23435085880098355,0.23435085880098355
81,7,COMPOSITE_Q,0.7648513958086727,0.15821742144035528,0.3071797993663262,0.04273309871183134,0.17031816693426546,0.0,0.0,0.0,0.0,0.0,0.0,0.3071797993663262,0.04273309871183134,0.17031816693426546,0.17031816693426546
81,8,COMPOSITE_Q,0.795413936810001,0.18588263770638946,-0.3522599307331969,-0.05936402191919554,0.16397876643711912,0.0,0.0,0.0,0.0,0.0,0.0,-0.3522599307331969,-0.05936402191919554,0.16397876643711912,0.16397876643711912
81,9,COMPOSITE_Q,0.5655974966887034,0.1855039177670787,0.4886420597524937,-0.010523316782653365,-0.1871815113248521,0.0,0.0,0.0,0.0,0.0,0.0,0.4886420597524937,-0.010523316782653365,-0.1871815113248521,0.19545682390099747
81,10,COMPOSITE_Q,0.6573585166427204,0.1637892462344488,-0.25930427341140544,0.03911684266691127,-0.25674014937176654,0.0,0.0,0.0,0.0,0.0,0.0,-0.25930427341140544,0.03911684266691127,-0.25674014937176654,0.25674014937176654
81,1,COMPOSITE_Q_PLUS_RF,0.3656655365748506,0.1208323658773235,-0.06263962441158902,-0.02143389689567009,-0.24865779495920787,1.3940955390313904e-11,9.648438772720165e-10,-9.954788110778004e-09,1.3940959497915628e-11,9.648438784037872e-10,-9.954788104948875e-09,-0.06263962439764806,-0.021433895930826213,-0.24865780491399597,0.24865780491399597
81,2,COMPOSITE_Q_PLUS_RF,0.902966134258543,0.10173331813155809,0.056868980039957565,-0.07727125137839248,-0.357174426436136,-7.568133780608597e-13,-6.210031639278113e-11,5.522001957321741e-08,-7.568112803113536e-13,-6.210031100462032e-11,5.522001955693412e-08,0.05686898003920075,-0.0772712514404928,-0.35717437121611645,0.35717437121611645
81,3,COMPOSITE_Q_PLUS_RF,0.5221788295216886,0.18206548162343247,0.30061985271776487,0.02264188818364268,-0.3767094325014116,-6.823713925486219e-07,2.4445108383259187e-09,3.0935048296685497e-06,-6.823713925574459e-07,2.444510836807634e-09,3.093504829687621e-06,0.3006191703463723,0.022641890628153517,-0.3767063389965819,0.3767063389965819
81,4,COMPOSITE_Q_PLUS_RF,0.30839499519636465,0.16907600281584065,-0.2413372925658683,0.001788626215653064,0.17482751191837773,3.537860531560477e-08,-4.0642477500275975e-11,-1.208291963699317e-07,3.5378605323099777e-08,-4.064247744774152e-11,-1.2082919637057543e-07,-0.24133725718726298,0.0017886261750105865,0.17482739108918136,0.17482739108918136
81,5,COMPOSITE_Q_PLUS_RF,0.6416957289420047,0.2034779976549442,-0.5409526991137348,-0.006228158271280745,-0.24568210754585526,1.7844565737051498e-06,-8.08965242135468e-11,-2.082107786128972e-05,1.7844565737279439e-06,-8.089652385467883e-11,-2.0821077861277182e-05,-0.540950914657161,-0.006228158352177269,-0.24570292862371654,0.24570292862371654
81,6,COMPOSITE_Q_PLUS_RF,0.6904378501262468,0.2078473936885435,0.4720196144833125,0.029159714815712588,-0.2544861199536067,4.404720578214844e-06,1.2841969423014827e-08,-8.04223920110938e-05,4.40472057822161e-06,1.2841969421889532e-08,-8.042239201111467e-05,0.4720240192038907,0.02915972765768201,-0.2545665423456178,0.2545665423456178
81,7,COMPOSITE_Q_PLUS_RF,0.7649234607915497,0.15821777519488978,0.3071481023220983,0.04273318835706005,0.17108987004560947,2.1610405047624666e-06,-7.394688853351559e-11,-1.9538588609982293e-05,2.1610405047667314e-06,-7.394689027773182e-11,-1.95385886099797e-05,0.3071502633626031,0.042733188283113156,0.17107033145699949,0.17107033145699949
81,8,COMPOSITE_Q_PLUS_RF,0.7954140848967421,0.18586713543109185,-0.3523462107439662,-0.05936404981070828,0.16421213144312818,2.2389633040237836e-08,1.917825007434618e-09,-5.660824225462904e-08,2.2389633036468126e-08,1.9178250099116667e-09,-5.660824226039196e-08,-0.3523461883543332,-0.05936404789288327,0.16421207483488592,0.16421207483488592
81,9,COMPOSITE_Q_PLUS_RF,0.5656351423667298,0.18550486131940402,0.48871044080757187,-0.010523158189034085,-0.1870595792801628,8.78194364816625e-07,-3.842309936996757e-09,-7.44792367819326e-06,8.781943648394908e-07,-3.8423099372325575e-09,-7.447923678183255e-06,0.4887113190019367,-0.010523162031344022,-0.187067027203841,0.19548452760077467
81,10,COMPOSITE_Q_PLUS_RF,0.6574001004390841,0.16378924755687224,-0.2592894103471663,0.0391167062107336,-0.2571152162965136,4.343833592379428e-08,-7.927991866791214e-11,-1.4453865864874677e-07,4.343833592823643e-08,-7.92799159654578e-11,-1.4453865865293736e-07,-0.25928936690883037,0.03911670613145368,-0.2571153608351723,0.2571153608351723
81,1,COMPOSITE_Q_PLUS_GB,0.3656655365748506,0.12083254912043406,-0.06263962441158902,-0.02143389689567009,-0.24865779495920787,-4.2841441383326414e-07,2.347764825003714e-09,1.032351553782437e-05,-4.2841441383334455e-07,2.347764826299281e-09,1.032351553781341e-05,-0.06264005282600285,-0.021433894547905265,-0.24864747144367005,0.24864747144367005
81,2,COMPOSITE_Q_PLUS_GB,0.9029671351852622,0.10173323385401806,0.05686984172097367,-0.07727124431741923,-0.35719588134511265,-5.594624565872942e-08,1.6878314975088614e-09,-1.0147269232140187e-06,-5.594624565702366e-08,1.6878314995638632e-09,-1.0147269232096967e-06,0.05686978577472801,-0.07727124262958773,-0.35719689607203586,0.35719689607203586
81,3,COMPOSITE_Q_PLUS_GB,0.5221790783631554,0.18206538584246157,0.3006161224919074,0.02264187719231566,-0.3766128972979227,-3.536397749036415e-07,1.3649178940389223e-09,5.965065906816381e-06,-3.5363977490820986e-07,1.364917893986739e-09,5.965065906832212e-06,0.3006157688521325,0.022641878557233555,-0.37660693223201586,0.37660693223201586
81,4,COMPOSITE_Q_PLUS_GB,0.30839863221427954,0.16907179978369943,-0.24118402415363255,0.0017886152549737278,0.17097713833101302,2.648663488612573e-07,1.99309996056941e-09,-4.881012476963107e-06,2.648663488535874e-07,1.993099960463998e-09,-4.881012476976032e-06,-0.2411837592872837,0.0017886172480736883,0.17097225731853605,0.17097225731853605
81,5,COMPOSITE_Q_PLUS_GB,0.6411601870932669,0.20347796460104572,-0.5410885342187672,-0.0062282384428231745,-0.24230530244952234,4.804356460456012e-07,1.6713306996820326e-11,-1.1230907153681755e-05,4.804356460441639e-07,1.6713306953686224e-11,-1.1230907153686465e-05,-0.5410880537831212,-0.0062282384261098675,-0.24231653335667602,0.24231653335667602
81,6,COMPOSITE_Q_PLUS_GB,0.690457097749649,0.2078447847179481,0.4719771787752968,0.029159751306441096,-0.2535906472689978,-6.238922100096243e-07,1.5254621113966797e-09,8.651580371682742e-06,-6.238922100054722e-07,1.525462110796294e-09,8.651580371665801e-06,0.4719765548830868,0.029159752831903207,-0.25358199568862616,0.25358199568862616
81,7,COMPOSITE_Q_PLUS_GB,0.764856903392371,0.15821741098299988,0.30717642417723573,0.042733108987694654,0.1704076168881099,-2.9824055359873995e-07,-5.002646783205222e-10,6.617612478623369e-06,-2.982405535867372e-07,-5.002646769058927e-10,6.617612478609924e-06,0.30717612593668214,0.04273310848742998,0.1704142345005885,0.1704142345005885
81,8,COMPOSITE_Q_PLUS_GB,0.795415512376261,0.18586542015182356,-0.35235578704517334,-0.05936405955451255,0.1641871115469128,3.9458309133358155e-08,-2.7354056673815447e-10,-2.430245288813424e-06,3.945830912011061e-08,-2.735405651987932e-10,-2.4302452888147474e-06,-0.3523557475868642,-0.059364059828053116,0.16418468130162397,0.16418468130162397
81,9,COMPOSITE_Q_PLUS_GB,0.5656413834321843,0.18550389042328336,0.4887361106861375,-0.010523269603207172,-0.1874059316787511,8.663527557653356e-07,2.705915333630254e-09,-1.969445226321321e-05,8.663527557573047e-07,2.7059153338143682e-09,-1.9694452263213647e-05,0.48873697703889324,-0.010523266897291838,-0.18742562613101432,0.1954947908155573
81,10,COMPOSITE_Q_PLUS_GB,0.6573585937621264,0.16378922478598515,-0.2593023564232505,0.03911685464452522,-0.25678952096324614,6.88125364589877e-08,-6.186726965262705e-10,-1.082293632646508e-06,6.881253644674956e-08,-6.186726964063638e-10,-1.0822936326593258e-06,-0.25930228761071406,0.03911685402585252,-0.2567906032568788,0.2567906032568788
82,1,COMPOSITE_Q,0.670293151623576,0.11186926066542408,0.3916252857362845,0.04234405606149315,-0.3495161864945195,0.0,0.0,0.0,0.0,0.0,0.0,0.3916252857362845,0.04234405606149315,-0.3495161864945195,0.3495161864945195
82,2,COMPOSITE_Q,0.7490146760852935,0.2575992417734617,-0.49287499682380215,0.025729429527423103,-0.18784320797313822,0.0,0.0,0.0,0.0,0.0,0.0,-0.49287499682380215,0.025729429527423103,-0.18784320797313822,0.19714999872952085
82,3,COMPOSITE_Q,0.676839033649252,0.16817823288867512,-0.4441578918396833,0.03332179522187925,0.07870622340768647,0.0,0.0,0.0,0.0,0.0,0.0,-0.4441578918396833,0.03332179522187925,0.07870622340768647,0.17766315673587332
82,4,COMPOSITE_Q,0.8365403707368688,0.21187659812164894,-0.36983609302901005,-0.04755347842212711,-0.21584212542594078,0.0,0.0,0.0,0.0,0.0,0.0,-0.36983609302901005,-0.04755347842212711,-0.21584212542594078,0.21584212542594078
82,5,COMPOSITE_Q,0.8165905840187997,0.21513040377491854,0.210775848326228,-0.05491403417577127,-0.21820658539845497,0.0,0.0,0.0,0.0,0.0,0.0,0.210775848326228,-0.05491403417577127,-0.21820658539845497,0.21820658539845497
82,6,COMPOSITE_Q,1.1123142384387554,0.25767074301168613,0.2175269392859227,-0.07580342166784779,0.22625041427812417,0.0,0.0,0.0,0.0,0.0,0.0,0.2175269392859227,-0.07580342166784779,0.22625041427812417,0.22625041427812417
82,7,COMPOSITE_Q,0.531506446636637,0.4045038623802346,0.2672333567469639,0.005332198322722306,-0.07488223628193945,0.0,0.0,0.0,0.0,0.0,0.0,0.2672333567469639,0.005332198322722306,-0.07488223628193945,0.10689334269878556
82,8,COMPOSITE_Q,0.7699107389908496,0.46656561011283226,-0.41752342541310355,0.01403693362821903,-0.17209286428255124,0.0,0.0,0.0,0.0,0.0,0.0,-0.41752342541310355,0.01403693362821903,-0.17209286428255124,0.17209286428255124
82,9,COMPOSITE_Q,0.9186022009295329,0.6379894603769722,0.183711949144107,0.0369824521008815,0.049038009571232825,0.0,0.0,0.0,0.0,0.0,0.0,0.183711949144107,0.0369824521008815,0.049038009571232825,0.0734847796576428
82,10,COMPOSITE_Q,1.0556487941003612,0.7073913462209849,0.061449571005312474,0.052471775040659314,0.11156102567190201,0.0,0.0,0.0,0.0,0.0,0.0,0.061449571005312474,0.052471775040659314,0.11156102567190201,0.11156102567190201
82,1,COMPOSITE_Q_PLUS_RF,0.670293151623576,0.11186925984647725,0.3916252857362845,0.04234405606149315,-0.3495161864945195,2.582933317181701e-09,-7.468773564587682e-11,9.07805629469803e-09,2.5829333116789144e-09,-7.468773516317029e-11,9.07805630667724e-09,0.39162528831921783,0.042344055986805414,-0.3495161774164632,0.3495161774164632
82,2,COMPOSITE_Q_PLUS_RF,0.7490146801405977,0.25759955316005645,-0.49288794380097045,0.025729433680636477,-0.18765293647802744,5.905643222540389e-07,-8.59249056013884e-11,-1.1408822150974292e-05,5.905643222781087e-07,-8.592490607917114e-11,-1.1408822150976716e-05,-0.4928873532366482,0.02572943359471157,-0.18766434530017842,0.19715494129465927
82,3,COMPOSITE_Q_PLUS_RF,0.6768613708231528,0.1681782611831806,-0.4441451476846394,0.03332176067734192,0.07852567862982052,-5.273063715687794e-09,-9.038176611486585e-11,3.0591993709843387e-07,-5.27306370790015e-09,-9.038176457254465e-11,3.05919937104715e-07,-0.4441451529577031,0.03332176058696015,0.07852598454975762,0.17765806118308125
82,4,COMPOSITE_Q_PLUS_RF,0.8365403351440706,0.21187667682086261,-0.36983136885323337,-0.047553474326188665,-0.21591053250153114,-1.671749914150341e-07,-7.168918646382922e-11,-2.23888047394451e-06,-1.6717499140561642e-07,-7.168918930711143e-11,-2.238880473931504e-06,-0.36983153602822477,-0.047553474397877854,-0.21591277138200507,0.21591277138200507
82,5,COMPOSITE_Q_PLUS_RF,0.8165922918289601,0.21513056456698038,0.210771405500083,-0.054914040088736085,-0.21813679426540097,9.125007721964584e-08,-4.455718650042322e-11,5.392844337651408e-06,9.125007721655365e-08,-4.455718433105105e-11,5.392844337648306e-06,0.21077149675016021,-0.05491404013329327,-0.21813140142106333,0.21813140142106333
82,6,COMPOSITE_Q_PLUS_RF,1.1123137734824444,0.2576703872639926,0.2175390038208847,-0.07580342253415906,0.22611572514864123,4.587430082910505e-07,-4.350505761945591e-09,-9.305910129263813e-07,4.58743008302509e-07,-4.350505761196999e-09,-9.305910129153716e-07,0.217539462563893,-0.07580342688466482,0.2261147945576283,0.2261147945576283
82,7,COMPOSITE_Q_PLUS_RF,0.5315079447699117,0.40450462443533625,0.2672211301164946,0.005332204901067302,-0.07475550948054646,1.5469407171380383e-05,2.9418065697415304e-08,-0.0001960970205302442,1.5469407171397886e-05,2.941806569699279e-08,-0.00019609702053025035,0.267236599523666,0.005332234319132999,-0.07495160650107671,0.10689463980946641
82,8,COMPOSITE_Q_PLUS_RF,0.7698966363664437,0.4665656763210773,-0.4175174571681355,0.014036889602116782,-0.17221447500426318,4.404438617623863e-06,-8.594046973107736e-11,-6.79108098170954e-05,4.404438617600093e-06,-8.59404700181976e-11,-6.791080981710662e-05,-0.4175130527295179,0.014036889516176312,-0.17228238581408029,0.17228238581408029
82,9,COMPOSITE_Q_PLUS_RF,0.918719884373054,0.6380634891494161,0.1836907263794588,0.03698210594589516,0.04932744426388302,2.4619538304120326e-05,2.508204642997188e-08,-0.0002702486554460207,2.4619538304126998e-05,2.5082046432867156e-08,-0.0002702486554460176,0.18371534591776292,0.036982131027941595,0.049057195608437,0.07348613836710517
82,10,COMPOSITE_Q_PLUS_RF,1.0556564303743534,0.7074555363285207,0.06141930060232317,0.05247176144010825,0.11187871507015366,2.8884789642845564e-05,2.88518054090195e-08,-0.00027827341994358256,2.8884789642844022e-05,2.8851805410068376e-08,-0.00027827341994358934,0.06144818539196601,0.05247179029191366,0.11160044165021007,0.11160044165021007
82,1,COMPOSITE_Q_PLUS_GB,0.670293151623576,0.11186933331971996,0.3916252857362845,0.04234405606149315,-0.3495161864945195,-3.236167567037697e-07,-6.691312699293728e-10,7.739525722476545e-06,-3.2361675672554213e-07,-6.691312712248099e-10,7.739525722472163e-06,0.3916249621195278,0.04234405539236188,-0.349508446968797,0.349508446968797
82,2,COMPOSITE_Q_PLUS_GB,0.7490157828744368,0.2575994730861806,-0.49287953570147774,0.025729427634847903,-0.18777998347856262,2.6067090960726755e-07,-6.491541945138167e-11,1.3306124392321151e-06,2.6067090957981875e-07,-6.491542026143549e-11,1.3306124392320484e-06,-0.49287927503056816,0.025729427569932482,-0.18777865286612339,0.19715171001222725
82,3,COMPOSITE_Q_PLUS_GB,0.6768483577738509,0.16817836390510002,-0.4441280866194413,0.033321782436910696,0.07832111727142982,-1.0320440923011654e-07,-6.186726965262705e-10,4.5900458453614665e-06,-1.032044092408313e-07,-6.186726964063638e-10,4.590045845367929e-06,-0.44412818982385055,0.033321781818238,0.07832570731727519,0.17765127592954022
82,4,COMPOSITE_Q_PLUS_GB,0.8365175693531008,0.21188755700650175,-0.3696557056522469,-0.04755339904270547,-0.21815733987612607,-9.584782398227966e-08,-6.186726965262705e-10,6.573212152085141e-06,-9.584782395544167e-08,-6.186726964063638e-10,6.573212152083396e-06,-0.3696558015000709,-0.047553399661378164,-0.21815076666397398,0.21815076666397398
82,5,COMPOSITE_Q_PLUS_GB,0.8166375405419781,0.2151304538098543,0.21057525290155196,-0.05491451867854061,-0.21562638097630113,6.184059419494998e-08,2.3037504649167504e-09,2.0268257837022295e-06,6.184059420100141e-08,2.303750468168886e-09,2.0268257837074977e-06,0.21057531474214616,-0.05491451637479014,-0.21562435415051742,0.21562435415051742
82,6,COMPOSITE_Q_PLUS_GB,1.1123154739769316,0.25767053733974726,0.21753611688175284,-0.07580343418520807,0.22615600311484474,2.174853339908539e-07,9.931115806848322e-10,-1.1562444199638955e-05,2.1748533399201797e-07,9.93111579083994e-10,-1.156244419964203e-05,0.21753633436708683,-0.0758034331920965,0.2261444406706451,0.2261444406706451
82,7,COMPOSITE_Q_PLUS_GB,0.5315085202080843,0.4045039157296384,0.2672229007276274,0.005332198959581428,-0.07476107524312299,7.222478028112756e-07,3.372292874441244e-09,-1.4510258827933715e-05,7.222478027868462e-07,3.3722928746357517e-09,-1.4510258827940548e-05,0.2672236229754302,0.005332202331874303,-0.07477558550195093,0.10688944919017207
82,8,COMPOSITE_Q_PLUS_GB,0.7699090649162581,0.4665685392422575,-0.41753709214762735,0.014036916618131685,-0.1718905483522378,1.0444233315601157e-05,1.6713306996820326e-11,-1.8592306699818904e-05,1.0444233315587415e-05,1.6713307821047962e-11,-1.8592306699816152e-05,-0.41752664791431177,0.014036916634844993,-0.17190914065893761,0.17190914065893761
82,9,COMPOSITE_Q_PLUS_GB,0.9185483850610848,0.6379898729217656,0.183671561398739,0.036982641603454644,0.04950723466931271,-4.92080873407712e-07,5.843836900927761e-09,-2.6799589836289285e-06,-4.920808734099058e-07,5.843836900498722e-09,-2.6799589836271065e-06,0.1836710693178656,0.036982647447291545,0.04950455471032908,0.07346842772714623
82,10,COMPOSITE_Q_PLUS_GB,1.0556377531398156,0.7073972177133547,0.06149596030498926,0.052471716467259434,0.11085346754941437,-4.283120555935348e-05,5.843836900927761e-09,0.0004346428750474397,-4.283120555935438e-05,5.843836900498722e-09,0.00043464287504743626,0.061453129099429904,0.052471722311096335,0.11128811042446181,0.11128811042446181
83,1,COMPOSITE_Q,0.28880331076355364,0.16985748488082514,0.2484776630683396,0.004300047771266952,-0.27286318447703123,0.0,0.0,0.0,0.0,0.0,0.0,0.2484776630683396,0.004300047771266952,-0.27286318447703123,0.27286318447703123
83,2,COMPOSITE_Q,1.0519610823218906,0.05217742994629655,0.5119053150379561,-0.07179648091657119,0.005187482335826326,0.0,0.0,0.0,0.0,0.0,0.0,0.5119053150379561,-0.07179648091657119,0.005187482335826326,0.20476212601518246
83,3,COMPOSITE_Q,0.4552162594490794,0.1972799893616472,-0.3428267901563073,0.017338568497228896,0.4037865963752054,0.0,0.0,0.0,0.0,0.0,0.0,-0.3428267901563073,0.017338568497228896,0.4037865963752054,0.4037865963752054
83,4,COMPOSITE_Q,0.5003899192477678,0.14900047202872663,0.31369939323024554,-0.025416968604501305,0.145359775651343,0.0,0.0,0.0,0.0,0.0,0.0,0.31369939323024554,-0.025416968604501305,0.145359775651343,0.145359775651343
83,5,COMPOSITE_Q,0.585485948848526,0.054359768995526664,0.244580072537683,-0.04567710617234227,-0.3349141602977309,0.0,0.0,0.0,0.0,0.0,0.0,0.244580072537683,-0.04567710617234227,-0.3349141602977309,0.3349141602977309
83,6,COMPOSITE_Q,0.6870660098757402,0.12519081906597224,-0.017833087830125157,-0.0577570710548846,-0.25419083866271897,0.0,0.0,0.0,0.0,0.0,0.0,-0.017833087830125157,-0.0577570710548846,-0.25419083866271897,0.25419083866271897
83,7,COMPOSITE_Q,0.28600690631799985,0.21546054705432038,0.11318791688507814,0.010658909851576949,-0.14625352836323735,0.0,0.0,0.0,0.0,0.0,0.0,0.11318791688507814,0.010658909851576949,-0.14625352836323735,0.14625352836323735
83,8,COMPOSITE_Q,0.6154265424333284,0.2551156775529587,0.27945918433705413,-0.026530495664201664,-0.10910876945180627,0.0,0.0,0.0,0.0,0.0,0.0,0.27945918433705413,-0.026530495664201664,-0.10910876945180627,0.11178367373482165
83,9,COMPOSITE_Q,0.41981266870573825,0.14152994018276532,-0.37824483478903537,-0.007411003240768025,0.2254231651520036,0.0,0.0,0.0,0.0,0.0,0.0,-0.37824483478903537,-0.007411003240768025,0.2254231651520036,0.2254231651520036
83,10,COMPOSITE_Q,1.0748869710694975,0.11411068564013638,0.4125503372936491,-0.07838937896523093,0.2591222509643173,0.0,0.0,0.0,0.0,0.0,0.0,0.4125503372936491,-0.07838937896523093,0.2591222509643173,0.2591222509643173
83,1,COMPOSITE_Q_PLUS_RF,0.28880331076355364,0.1698578563324789,0.2484776630683396,0.004300047771266952,-0.27286318447703123,-2.170650797942707e-07,1.2486537253642468e-08,1.5056434461758388e-06,-2.170650797994611e-07,1.2486537253816876e-08,1.5056434461979684e-06,0.2484774460032598,0.004300060257804206,-0.27286167883358503,0.27286167883358503
83,2,COMPOSITE_Q_PLUS_RF,1.0519611514775118,0.05217741722647101,0.5119001550107593,-0.07179658601215298,0.0052253031117616994,-2.0437488659583027e-06,-1.9814459347215993e-08,1.9706055703029006e-05,-2.043748865920847e-06,-1.9814459351064073e-08,1.9706055703029406e-05,0.5118981112618933,-0.07179660582661233,0.005245009167464729,0.20475924450475733
83,3,COMPOSITE_Q_PLUS_RF,0.4552168898344782,0.1972801932064096,-0.3428202889441037,0.017338679640770623,0.40372876605335684,1.6289983938888345e-07,7.637225584675068e-09,-2.7874831266027885e-07,1.6289983939543617e-07,7.637225584583573e-09,-2.787483126542867e-07,-0.3428201260442643,0.017338687277996208,0.4037284873050442,0.4037284873050442
83,4,COMPOSITE_Q_PLUS_RF,0.5003896955570778,0.14900049368704943,0.3137006264319873,-0.025416967089992276,0.14535856321106683,-3.2435711918042273e-07,1.3742754268668096e-08,9.12604981050816e-06,-3.2435711916356524e-07,1.3742754267909163e-08,9.126049810515013e-06,0.31370030207486815,-0.025416953347238008,0.14536768926087734,0.14536768926087734
83,5,COMPOSITE_Q_PLUS_RF,0.5854863226578733,0.05435982872053949,0.24458009222428428,-0.04567712979209037,-0.3349243154637684,-1.4510942696633827e-07,5.3119289389974725e-09,2.7343673517680696e-07,-1.451094269744324e-07,5.311928938378507e-09,2.7343673519864e-07,0.2445799471148573,-0.04567712448016143,-0.3349240420270332,0.3349240420270332
83,6,COMPOSITE_Q_PLUS_RF,0.6870659732764772,0.12519080229369653,-0.01783294031519482,-0.05775707470591494,-0.25419107510378147,2.219256392182011e-11,8.224719592964393e-09,-1.5385748131755842e-10,2.2192563758904882e-11,8.224719592886398e-09,-1.5385748231011576e-10,-0.017832940293002256,-0.05775706648119535,-0.25419107525763895,0.25419107525763895
83,7,COMPOSITE_Q_PLUS_RF,0.28600686373634737,0.21546070764315617,0.11318716535544235,0.010658901380951236,-0.14625203500319464,-7.431101087032531e-07,2.944599516633655e-08,1.303006476614807e-05,-7.431101086974312e-07,2.944599516649382e-08,1.3030064766161864e-05,0.11318642224533365,0.010658930826946402,-0.14623900493842848,0.14623900493842848
83,8,COMPOSITE_Q_PLUS_RF,0.6154267070716708,0.2551175324858763,0.27946058303249455,-0.026530519140723907,-0.10911734617276007,3.736302539841129e-06,4.265255185696122e-09,-1.8986115886339723e-05,3.7363025398584604e-06,4.26525518723575e-09,-1.8986115886340804e-05,0.2794643193350344,-0.02653051487546872,-0.10913633228864641,0.11178572773401377
83,9,COMPOSITE_Q_PLUS_RF,0.4198138992592864,0.14152967328142302,-0.3782501133782535,-0.00741100679583102,0.22545266217938792,1.5382947810451413e-07,4.219071290167198e-09,-2.664835861996174e-07,1.5382947810005376e-07,4.219071290251231e-09,-2.6648358619763e-07,-0.3782499595487754,-0.00741100257675973,0.22545239569580172,0.22545239569580172
83,10,COMPOSITE_Q_PLUS_RF,1.074885931436602,0.11411139550485742,0.4125515865354678,-0.0783894040436329,0.2591089152727308,1.509976755874711e-06,-5.138220415642479e-08,-9.409157858576933e-06,1.5099767558535149e-06,-5.1382204158123557e-08,-9.409157858575323e-06,0.41255309651222366,-0.07838945542583706,0.2590995061148722,0.2590995061148722
83,1,COMPOSITE_Q_PLUS_GB,0.28880331076355364,0.1698580652897552,0.2484776630683396,0.004300047771266952,-0.27286318447703123,-1.0094325214029286e-07,1.99309996056941e-09,2.3231648186205314e-06,-1.0094325214593525e-07,1.9930999602471577e-09,2.323164818629486e-06,0.24847756212508745,0.004300049764366912,-0.2728608613122126,0.2728608613122126
83,2,COMPOSITE_Q_PLUS_GB,1.0519608817754391,0.05217727262231508,0.5119060947564397,-0.07179657547274042,0.005181475293953411,-1.843809886528328e-06,-2.132814353706445e-08,8.868438665667874e-06,-1.8438098865480868e-06,-2.1328143542942435e-08,8.868438665667576e-06,0.5119042509465531,-0.07179659680088396,0.005190343732619078,0.20476170037862124
83,3,COMPOSITE_Q_PLUS_GB,0.4552167835958004,0.19728007973558462,-0.3428246246065055,0.017338681178082273,0.4037678675404942,6.042722225572555e-08,1.4153764674420245e-09,3.1101372837145603e-06,6.042722228150055e-08,1.415376468805185e-09,3.1101372837127883e-06,-0.3428245641792832,0.01733868259345874,0.4037709776777779,0.4037709776777779
83,4,COMPOSITE_Q_PLUS_GB,0.5003929229799884,0.14900050685564264,0.3136986376151297,-0.02541694549862542,0.14536919392445088,-4.787685906523241e-07,1.8901905501614753e-08,9.315195567412968e-06,-4.78768590661538e-07,1.8901905502605176e-08,9.315195567405343e-06,0.31369815884653907,-0.025416926596719916,0.1453785091200183,0.1453785091200183
83,5,COMPOSITE_Q_PLUS_GB,0.5854863787880669,0.05436059989411242,0.2445800899303386,-0.045677136637674885,-0.3349224273217235,-3.878377661319294e-08,3.4411595223883695e-09,2.4365123231531734e-06,-3.878377660693211e-08,3.4411595239980386e-09,2.4365123231784303e-06,0.244580051146562,-0.04567713319651536,-0.3349199908094003,0.3349199908094003
83,6,COMPOSITE_Q_PLUS_GB,0.6870661339437826,0.12519086203390753,-0.017833033907242057,-0.05775707497235584,-0.2541874639759383,-4.905000731886801e-08,-3.478858589064981e-10,-6.931822744847896e-07,-4.905000731969533e-08,-3.478858590089118e-10,-6.931822744693505e-07,-0.017833082957249377,-0.0577570753202417,-0.25418815715821275,0.25418815715821275
83,7,COMPOSITE_Q_PLUS_GB,0.2860067525576272,0.2154614667312694,0.11318197283711388,0.010658912254424457,-0.14618011088350483,-4.908632344530229e-09,2.5070986819663767e-09,-1.9000738362740221e-06,-4.908632347810915e-09,2.5070986814368368e-09,-1.9000738362695557e-06,0.11318196792848154,0.010658914761523138,-0.1461820109573411,0.1461820109573411
83,8,COMPOSITE_Q_PLUS_GB,0.6154252217858959,0.25511619928853324,0.27946490717151895,-0.026530487851985408,-0.10918214781388252,-5.1612966195797684e-08,2.1929319170002163e-09,-2.9715227110138466e-06,-5.1612966178726793e-08,2.1929319159175176e-09,-2.971522711017749e-06,0.27946485555855277,-0.026530485659053492,-0.10918511933659354,0.11178594222342111
83,9,COMPOSITE_Q_PLUS_GB,0.4198123746077267,0.14152971433038858,-0.37824570855673056,-0.007411004327728039,0.22542965811481483,7.324572391712618e-07,1.5534166376423046e-09,-1.2454380792454258e-05,7.324572391942397e-07,1.553416637510574e-09,-1.2454380792448205e-05,-0.37824497609949137,-0.007411002774311401,0.22541720373402238,0.22541720373402238
83,10,COMPOSITE_Q_PLUS_GB,1.074888151016712,0.11411092243996329,0.4125500927130925,-0.07838940710331842,0.25913841692215694,-4.231221025250996e-07,8.54299047824012e-11,-6.831007551590928e-06,-4.231221025219334e-07,8.54298992658542e-11,-6.831007551610924e-06,0.41254966959099,-0.07838940701788852,0.25913158591460533,0.25913158591460533
84,1,COMPOSITE_Q,0.6395503034398471,0.056851414893748155,-0.2925210346140922,-0.051638446719499645,0.0742350791286921,0.0,0.0,0.0,0.0,0.0,0.0,-0.2925210346140922,-0.051638446719499645,0.0742350791286921,0.11700841384563687
84,2,COMPOSITE_Q,0.6868343151876164,0.1265385798739771,-0.4852999366257801,-0.032641243673678905,-0.1659634798174757,0.0,0.0,0.0,0.0,0.0,0.0,-0.4852999366257801,-0.032641243673678905,-0.1659634798174757,0.19411997465031203
84,3,COMPOSITE_Q,0.8781132541839274,0.0770856538135471,0.5795963106516255,-0.040680379039301884,0.11909930757687093,0.0,0.0,0.0,0.0,0.0,0.0,0.5795963106516255,-0.040680379039301884,0.11909930757687093,0.23183852426065021
84,4,COMPOSITE_Q,0.989169764870764,0.1281397595127438,0.4167156559776255,0.06601810824250169,-0.04370934735528746,0.0,0.0,0.0,0.0,0.0,0.0,0.4167156559776255,0.06601810824250169,-0.04370934735528746,0.1666862623910502
84,5,COMPOSITE_Q,0.6830925272197329,0.19695096960084482,-0.5687076425036729,0.024388298396299978,-0.047960512720076384,0.0,0.0,0.0,0.0,0.0,0.0,-0.5687076425036729,0.024388298396299978,-0.047960512720076384,0.22748305700146915
84,6,COMPOSITE_Q,0.8089776380897781,0.19071580314411543,0.41617952302837097,0.04350484129069672,-0.11426000271679143,0.0,0.0,0.0,0.0,0.0,0.0,0.41617952302837097,0.04350484129069672,-0.11426000271679143,0.16647180921134838
84,7,COMPOSITE_Q,0.8930470855717447,0.16331938803679452,0.3122086949958311,0.0596526254265336,-0.03825708248614811,0.0,0.0,0.0,0.0,0.0,0.0,0.3122086949958311,0.0596526254265336,-0.03825708248614811,0.12488347799833244
84,8,COMPOSITE_Q,1.1406600541457539,0.08984895542033883,0.5178256448735357,-0.0725340671641111,0.20921218976202027,0.0,0.0,0.0,0.0,0.0,0.0,0.5178256448735357,-0.0725340671641111,0.20921218976202027,0.20921218976202027
84,9,COMPOSITE_Q,0.6965926865584595,0.12595298981805705,-0.33067685371552635,0.04876320124771391,0.009279081179380769,0.0,0.0,0.0,0.0,0.0,0.0,-0.33067685371552635,0.04876320124771391,0.009279081179380769,0.13227074148621054
84,10,COMPOSITE_Q,0.39015331421266086,0.3006198807747784,-0.08320455890504838,0.005078865304094792,-0.3525158806498351,0.0,0.0,0.0,0.0,0.0,0.0,-0.08320455890504838,0.005078865304094792,-0.3525158806498351,0.3525158806498351
84,1,COMPOSITE_Q_PLUS_RF,0.6395503034398471,0.056851406950955086,-0.2925210346140922,-0.051638446719499645,0.0742350791286921,-3.1375610893127223e-09,-5.541920324323409e-11,4.881306867176417e-07,-3.1375610998196635e-09,-5.541920394813715e-11,4.881306867182689e-07,-0.2925210377516533,-0.05163844677491885,0.07423556725937881,0.11700841510066132
84,2,COMPOSITE_Q_PLUS_RF,0.6868344951774766,0.12653858994302178,-0.4853016317163353,-0.03264124043904484,-0.16594280754226987,2.3393104755848875e-06,-7.220783362381963e-11,-3.59615070594212e-05,2.3393104756075367e-06,-7.220783693195898e-11,-3.596150705942325e-05,-0.4852992924058597,-0.032641240511252674,-0.1659787690493293,0.19411971696234387
84,3,COMPOSITE_Q_PLUS_RF,0.8781147293268068,0.07708567539301801,0.5795985505709521,-0.04068035937566009,0.11901162578984947,1.7708835068988129e-07,1.8594993525198223e-10,-2.6752288185737284e-06,1.77088350650223e-07,1.8594993600462573e-10,-2.6752288185688533e-06,0.5795987276593028,-0.04068035918971016,0.1190089505610309,0.2318394910637211
84,4,COMPOSITE_Q_PLUS_RF,0.9891798341947596,0.12813977721186404,0.4167126634746707,0.06601809225063576,-0.043604951366825136,-1.718170972113167e-07,-7.549450437058774e-11,1.6336134913285252e-06,-1.7181709721647564e-07,-7.549449954069587e-11,1.6336134913280675e-06,0.41671249165757346,0.06601809217514126,-0.04360331775333381,0.16668499666302938
84,5,COMPOSITE_Q_PLUS_RF,0.6830928838714225,0.19695559121452486,-0.5687088677216834,0.02438830172224747,-0.04794534761983948,1.9057130463092002e-06,-8.840150192211554e-11,-3.1269796452377806e-05,1.9057130462574179e-06,-8.840150139688419e-11,-3.126979645237671e-05,-0.5687069620086371,0.02438830163384597,-0.047976617416291854,0.22748278480345485
84,6,COMPOSITE_Q_PLUS_RF,0.8089790567793367,0.19071592964314185,0.4161773822902584,0.043504844561971553,-0.1142279751350211,-1.6152044067595414e-07,2.4351837419511648e-09,1.6186446416633603e-06,-1.615204406890669e-07,2.4351837421554556e-09,1.6186446416682765e-06,0.4161772207698177,0.043504846997155296,-0.11422635649037943,0.16647088830792708
84,7,COMPOSITE_Q_PLUS_RF,0.8930460622061552,0.163319452680934,0.31221062480371364,0.059652609853381174,-0.038276581308893026,1.6699033838942608e-09,-6.888738584290639e-11,2.623428300695246e-07,1.6699033822398235e-09,-6.888738884880397e-11,2.6234283007076087e-07,0.312210626473617,0.059652609784493785,-0.038276318966062955,0.12488425058944681
84,8,COMPOSITE_Q_PLUS_RF,1.1406599251892955,0.08985439992218151,0.5178231098045498,-0.07253406018282456,0.20921772222800683,4.2896420750010315e-06,-7.248043535483657e-08,-2.196504121282839e-05,4.289642074994937e-06,-7.248043534802129e-08,-2.196504121282361e-05,0.5178273994466248,-0.0725341326632599,0.209195757186794,0.209195757186794
84,9,COMPOSITE_Q_PLUS_RF,0.6965925222741343,0.125952980926514,-0.3306777470433106,0.04876326149582715,0.009285823768387496,-2.7768114502217464e-07,-7.447226209505645e-11,3.5359090969246214e-06,-2.7768114502224606e-07,-7.447226169077226e-11,3.535909096925166e-06,-0.3306780247244556,0.04876326142135489,0.009289359677484421,0.13227120988978225
84,10,COMPOSITE_Q_PLUS_RF,0.3901515181530607,0.3006198897027867,-0.08320285317344799,0.005078868932800801,-0.35255851286193285,6.161248387273832e-07,4.507615631519292e-09,-1.4323620467050216e-05,6.161248387315243e-07,4.507615631449413e-09,-1.432362046704938e-05,-0.08320223704860925,0.005078873440416433,-0.3525728364823999,0.3525728364823999
84,1,COMPOSITE_Q_PLUS_GB,0.6395503034398471,0.05685147327516165,-0.2925210346140922,-0.051638446719499645,0.0742350791286921,-4.390197075677488e-08,1.3317744308615098e-09,3.924794158105087e-06,-4.390197078096847e-08,1.3317744337881798e-09,3.924794158102762e-06,-0.29252107851606296,-0.05163844538772521,0.0742390039228502,0.11700843140642518
84,2,COMPOSITE_Q_PLUS_GB,0.6868357599306526,0.1265399185439333,-0.48529536155559366,-0.032641261446567704,-0.1659723660610191,-1.0019188620120301e-07,-6.186726965262705e-10,3.871157612134932e-06,-1.0019188617649277e-07,-6.186726964063638e-10,3.871157612134191e-06,-0.48529546174747984,-0.0326412620652404,-0.16596849490340695,0.19411818469899195
84,3,COMPOSITE_Q_PLUS_GB,0.8781098998510016,0.07708558320751402,0.5795945895754615,-0.04068036709298638,0.11900078070255848,-1.511546494515586e-07,9.931115806848322e-10,-2.6235537293442456e-06,-1.5115464946369173e-07,9.93111579083994e-10,-2.6235537293473055e-06,0.579594438420812,-0.0406803660998748,0.11899815714882914,0.2318377753683248
84,4,COMPOSITE_Q_PLUS_GB,0.9891801975538218,0.12813999452665695,0.41671276933798085,0.0660181099586707,-0.04360666281689018,-6.517672737460332e-07,1.5254621113966797e-09,9.90588935385801e-06,-6.517672737627045e-07,1.525462117735188e-09,9.905889353858943e-06,0.4167121175707071,0.06601811148413282,-0.04359675692753632,0.16668484702828285
84,5,COMPOSITE_Q_PLUS_GB,0.6830948307086393,0.19695098913739312,-0.5687071460740551,0.024388297183743968,-0.04795978133953027,4.871876359467791e-07,1.6713306996820326e-11,-5.629251256037932e-06,4.871876359002769e-07,1.6713307821047962e-11,-5.62925125603686e-06,-0.5687066588864192,0.024388297200457276,-0.04796541059078631,0.2274826635545677
84,6,COMPOSITE_Q_PLUS_GB,0.8089771983114324,0.1907158974098676,0.41617980288843764,0.04350484336315647,-0.1142650003444004,-3.0766185394789937e-07,1.5254621113966797e-09,5.4492828034254105e-06,-3.0766185393771295e-07,1.525462110796294e-09,5.44928280342416e-06,0.4161794952265837,0.04350484488861858,-0.11425955106159698,0.16647179809063348
84,7,COMPOSITE_Q_PLUS_GB,0.8930466341251406,0.16331956763140915,0.31223147111110433,0.05965261879785317,-0.038465809409683104,-6.920565226515806e-07,1.870594241184796e-09,5.4492828034254105e-06,-6.920565226442577e-07,1.8705942420038646e-09,5.44928280342416e-06,0.3122307790545817,0.05965262066844741,-0.03846036012687968,0.12489231162183267
84,8,COMPOSITE_Q_PLUS_GB,1.1406697563717254,0.08985149622202045,0.5178020376047758,-0.07253412369411262,0.20941366504282305,1.239542795666905e-05,2.817010947576243e-08,-2.0523001802106214e-05,1.2395427956723992e-05,2.8170109481195915e-08,-2.052300180210853e-05,0.5178144330327326,-0.07253409552400314,0.20939314204102094,0.20939314204102094
84,9,COMPOSITE_Q_PLUS_GB,0.6965970819261608,0.12595290850948943,-0.33068593963407955,0.04876314695926288,0.00928435262508963,6.88125364589877e-08,-2.7354056673815447e-10,-5.301036925743952e-07,6.881253644674956e-08,-2.735405651987932e-10,-5.301036925739466e-07,-0.3306858708215431,0.04876314668572231,0.009283822521397056,0.13227434832861723
84,10,COMPOSITE_Q_PLUS_GB,0.3901502913145671,0.3006199169445042,-0.08321402995165741,0.005078863840683128,-0.3523323649338125,7.672282886108184e-07,1.7737449018589739e-09,-1.2843492150615976e-05,7.672282886089787e-07,1.7737449018243034e-09,-1.284349215063818e-05,-0.0832132627233688,0.005078865614428029,-0.3523452084259631,0.3523452084259631
85,1,COMPOSITE_Q,0.7138340280374897,0.16249988525329398,-0.5871440022034498,0.023468479032241876,0.016039737523540994,0.0,0.0,0.0,0.0,0.0,0.0,-0.5871440022034498,0.023468479032241876,0.016039737523540994,0.2348576008813799
85,2,COMPOSITE_Q,1.0503367284446479,0.16776747752301677,0.2085984104788775,0.08435394551016893,0.19778493899212926,0.0,0.0,0.0,0.0,0.0,0.0,0.2085984104788775,0.08435394551016893,0.19778493899212926,0.19778493899212926
85,3,COMPOSITE_Q,1.167965228928057,0.27713625578577356,-0.4054663930055188,-0.08150705869852641,-0.2368614640731184,0.0,0.0,0.0,0.0,0.0,0.0,-0.4054663930055188,-0.08150705869852641,-0.2368614640731184,0.2368614640731184
85,4,COMPOSITE_Q,0.6434932157320409,0.31652756248094394,0.18577776244678468,-0.027790246917635267,0.06896649623336863,0.0,0.0,0.0,0.0,0.0,0.0,0.18577776244678468,-0.027790246917635267,0.06896649623336863,0.07431110497871388
85,5,COMPOSITE_Q,1.2306053721564179,0.27418968001482735,0.5956713161802868,0.08047727674533117,-0.13690800096127098,0.0,0.0,0.0,0.0,0.0,0.0,0.5956713161802868,0.08047727674533117,-0.13690800096127098,0.23826852647211472
85,6,COMPOSITE_Q,0.43956468607523075,0.17092217693683479,-0.3710803879299749,-0.00784767172581531,-0.038781141523309026,0.0,0.0,0.0,0.0,0.0,0.0,-0.3710803879299749,-0.00784767172581531,-0.038781141523309026,0.14843215517198996
85,7,COMPOSITE_Q,1.0528324760409045,0.3252580881444686,-0.07054869284580122,0.08764178963978081,-0.21363503018885713,0.0,0.0,0.0,0.0,0.0,0.0,-0.07054869284580122,0.08764178963978081,-0.21363503018885713,0.21363503018885713
85,8,COMPOSITE_Q,0.9847357152128964,0.4556667461384774,0.6126156931502144,0.022421085311428227,0.279069462733807,0.0,0.0,0.0,0.0,0.0,0.0,0.6126156931502144,0.022421085311428227,0.279069462733807,0.279069462733807
85,9,COMPOSITE_Q,0.8670857632354947,0.5157458367380776,-0.030546083458370222,0.04814755692179387,0.06038452248546898,0.0,0.0,0.0,0.0,0.0,0.0,-0.030546083458370222,0.04814755692179387,0.06038452248546898,0.06038452248546898
85,10,COMPOSITE_Q,0.936764439251612,0.6351740871604966,0.48774990787745504,0.01732070965011151,-0.4055973831387471,0.0,0.0,0.0,0.0,0.0,0.0,0.48774990787745504,0.01732070965011151,-0.4055973831387471,0.4055973831387471
85,1,COMPOSITE_Q_PLUS_RF,0.7138340280374897,0.16251570247871794,-0.5871440022034498,0.023468479032241876,0.016039737523540994,3.245054682701674e-06,-8.176014308379593e-11,-5.389265753291847e-05,3.245054682743387e-06,-8.176014379412955e-11,-5.389265753291683e-05,-0.587140757148767,0.023468478950481732,0.015985844866008077,0.23485630285950682
85,2,COMPOSITE_Q_PLUS_RF,1.0503408069785065,0.16776747982403262,0.20859521198034273,0.08435395790066534,0.19783852827595996,-7.449714746502363e-09,-7.248657414540974e-11,2.7082498150650488e-08,-7.449714733986923e-09,-7.248657230007893e-11,2.7082498160746482e-08,0.208595204530628,0.08435395782817877,0.19783855535845812,0.19783855535845812
85,3,COMPOSITE_Q_PLUS_RF,1.1679652146279258,0.27713602693212824,-0.40546374559696113,-0.0815070636066886,-0.2369004643451105,-2.9666404409592136e-07,-6.140723820671289e-11,2.3591006894578262e-06,-2.966640441082191e-07,-6.140724040371026e-11,2.3591006894640998e-06,-0.40546404226100524,-0.08150706366809585,-0.23689810524442104,0.23689810524442104
85,4,COMPOSITE_Q_PLUS_RF,0.6434942808059355,0.31653129776565364,0.18577529854026015,-0.02779023189158775,0.06900371755190585,1.4045076838727244e-06,3.0017202299295795e-09,-1.4540838844470314e-05,1.404507683877565e-06,3.001720230016991e-09,-1.4540838844473436e-05,0.18577670304794403,-0.02779022888986752,0.06898917671306137,0.07431068121917761
85,5,COMPOSITE_Q_PLUS_RF,1.230606498392235,0.27419042523450354,0.5956700035517754,0.08047725606877561,-0.13689362164973223,-4.121806295920077e-07,-1.5069505671822465e-08,-1.728561555897741e-06,-4.1218062962755653e-07,-1.5069505671094774e-08,-1.7285615558915168e-06,0.5956695913711457,0.08047724099926994,-0.13689535021128812,0.2382678365484583
85,6,COMPOSITE_Q_PLUS_RF,0.4395635475584039,0.17092210188357482,-0.3710458943172283,-0.00784765350271455,-0.03899323940947128,2.033048727846496e-10,-6.466745677363159e-11,-2.2655982360741044e-08,2.0330487293662713e-10,-6.466745715305589e-11,-2.265598236100841e-08,-0.3710458941139234,-0.007847653567382007,-0.03899326206545364,0.14841835764556938
85,7,COMPOSITE_Q_PLUS_RF,1.052827918045468,0.3252571052340173,-0.07057965116006983,0.08764179872553396,-0.21342324406888794,-7.631276122815665e-08,-1.437722213003659e-08,3.548981945272803e-07,-7.631276122133102e-08,-1.4377222135042445e-08,3.5489819452672045e-07,-0.07057972747283105,0.08764178434831182,-0.2134228891706934,0.2134228891706934
85,8,COMPOSITE_Q_PLUS_RF,0.9847330327899644,0.455666779362885,0.612614670601295,0.02242105358724718,0.27905814252095557,-8.414819623316792e-08,1.8259600871520337e-09,9.567358855142575e-09,-8.414819618884906e-08,1.8259600879921845e-09,9.567358849604801e-09,0.6126145864530989,0.02242105541320727,0.2790581520883144,0.2790581520883144
85,9,COMPOSITE_Q_PLUS_RF,0.8670857986826124,0.5157492658938967,-0.030544963918170902,0.04814755019948551,0.06037505306133579,-3.009521479031317e-06,-3.9197926776627246e-11,5.043841801678325e-05,-3.009521479031829e-06,-3.91979296243683e-11,5.0438418016780784e-05,-0.030547973439649934,0.04814755016028758,0.06042549147935257,0.06042549147935257
85,10,COMPOSITE_Q_PLUS_RF,0.9367626199443291,0.6351751386157869,0.48775090000124127,0.017320716860701253,-0.40563053764728335,2.2787089242543475e-06,4.4430235758178435e-09,6.855643430082862e-06,2.2787089242748415e-06,4.4430235775216875e-09,6.855643430059288e-06,0.48775317871016555,0.01732072130372483,-0.4056236820038533,0.4056236820038533
85,1,COMPOSITE_Q_PLUS_GB,0.7138340280374897,0.16249999089976627,-0.5871440022034498,0.023468479032241876,0.016039737523540994,2.6067090960726755e-07,1.6713306996820326e-11,9.527887240478887e-07,2.606709096353299e-07,1.6713307821047962e-11,9.527887240463884e-07,-0.5871437415325401,0.023468479048955184,0.01604069031226504,0.23485749661301605
85,2,COMPOSITE_Q_PLUS_GB,1.050336496786,0.16776758014170906,0.20859814552874054,0.08435394544952461,0.19778396193088982,-7.736009481383091e-07,4.356388472315368e-09,9.89492645778402e-06,-7.736009481340567e-07,4.3563884721820045e-09,9.894926457781894e-06,0.2085973719277924,0.08435394980591308,0.1977938568573476,0.1977938568573476
85,3,COMPOSITE_Q_PLUS_GB,1.1679659944471963,0.27713596022884845,-0.40546229484961505,-0.08150706664401315,-0.23692326122981705,-2.339480267159895e-07,1.6878314975088614e-09,8.042691097445978e-06,-2.339480267288252e-07,1.6878314995638632e-09,8.042691097442933e-06,-0.4054625287976418,-0.08150706495618165,-0.2369152185387196,0.2369152185387196
85,4,COMPOSITE_Q_PLUS_GB,0.6434943884253259,0.3165279107217769,0.18577000762083568,-0.027790253687752543,0.06907660582386219,-4.156980883223843e-07,1.609030548092721e-09,7.661800924366872e-06,-4.1569808831298793e-07,1.6090305476890165e-09,7.66180092436064e-06,0.18576959192274736,-0.027790252078721996,0.06908426762478655,0.07430783676909894
85,5,COMPOSITE_Q_PLUS_GB,1.2305981110035982,0.2741904260040055,0.5956759128928946,0.08047728437855266,-0.13697835167075678,-1.960986393145038e-06,4.356388472315368e-09,7.233405457712679e-06,-1.960986393156894e-06,4.3563884721820045e-09,7.233405457718334e-06,0.5956739519065014,0.08047728873494113,-0.13697111826529906,0.23826958076260057
85,6,COMPOSITE_Q_PLUS_GB,0.4395664072629318,0.17092262879061093,-0.3710632130987095,-0.007847675812621416,-0.03888356932677775,7.143151299591281e-07,1.1445896298222524e-09,-1.1902190852382145e-05,7.143151299349171e-07,1.1445896296730096e-09,-1.1902190852383643e-05,-0.37106249878357955,-0.007847674668031787,-0.038895471517630134,0.14842499951343183
85,7,COMPOSITE_Q_PLUS_GB,1.052829636177029,0.3252572927247078,-0.0705616317120264,0.08764180998643534,-0.2135317904770906,-3.136892622227742e-07,-6.186726965262705e-10,6.308989555203085e-06,-3.1368926221853055e-07,-6.186726964063638e-10,6.308989555198208e-06,-0.07056194540128861,0.08764180936776264,-0.2135254814875354,0.2135254814875354
85,8,COMPOSITE_Q_PLUS_GB,0.9847318025070122,0.45566688017326323,0.612613597307541,0.022421054148005038,0.27906703066136807,-4.0410771023246045e-07,1.628497584207925e-09,5.626388055965708e-06,-4.0410771018351e-07,1.6284975833114057e-09,5.6263880559570545e-06,0.6126131931998308,0.02242105577650262,0.279072657049424,0.279072657049424
85,9,COMPOSITE_Q_PLUS_GB,0.8670857865765824,0.515746031789345,-0.0305413164372169,0.048147550104502376,0.06034161896227853,-2.576556383336308e-07,1.6611286249046805e-10,6.617612478623369e-06,-2.5765563833532457e-07,1.6611285957868205e-10,6.617612478623802e-06,-0.030541574092855236,0.048147550270615236,0.06034823657475715,0.06034823657475715
85,10,COMPOSITE_Q_PLUS_GB,0.9367645739321651,0.6351775574524997,0.48758158109298594,0.01732072076585186,-0.4043534768719801,-8.128986084013136e-07,1.628497584207925e-09,1.2927118675969078e-05,-8.128986084265932e-07,1.6284975833114057e-09,1.2927118675953864e-05,0.4875807681943775,0.017320722394349442,-0.40434054975330413,0.40434054975330413
86,1,COMPOSITE_Q,1.015651689149717,0.12492117999791999,0.48605548863799153,0.07333175844870773,-0.04469667849652619,0.0,0.0,0.0,0.0,0.0,0.0,0.48605548863799153,0.07333175844870773,-0.04469667849652619,0.19442219545519662
86,2,COMPOSITE_Q,0.6387719842063392,0.212950780097355,0.32128771492724256,-0.028891447705969554,0.23813191425946847,0.0,0.0,0.0,0.0,0.0,0.0,0.32128771492724256,-0.028891447705969554,0.23813191425946847,0.23813191425946847
86,3,COMPOSITE_Q,0.942591615536492,0.11566228143097912,0.31193870076793384,-0.0716966094569585,-0.2997332224474316,0.0,0.0,0.0,0.0,0.0,0.0,0.31193870076793384,-0.0716966094569585,-0.2997332224474316,0.2997332224474316
86,4,COMPOSITE_Q,0.5777523240107196,0.0503993608744915,0.5042274165660947,-0.0030815285499954303,0.3598319425478239,0.0,0.0,0.0,0.0,0.0,0.0,0.5042274165660947,-0.0030815285499954303,0.3598319425478239,0.3598319425478239
86,5,COMPOSITE_Q,0.8667942532872905,0.08215331696017551,0.4848620135506921,0.06117091127964474,-0.2138633706297335,0.0,0.0,0.0,0.0,0.0,0.0,0.4848620135506921,0.06117091127964474,-0.2138633706297335,0.2138633706297335
86,6,COMPOSITE_Q,0.36127328789311075,0.1209408312046187,0.1728176539321672,0.020188853906443167,0.05757754327002154,0.0,0.0,0.0,0.0,0.0,0.0,0.1728176539321672,0.020188853906443167,0.05757754327002154,0.06912706157286688
86,7,COMPOSITE_Q,0.5593453452807363,0.16493580817217485,-0.3483912458188037,-0.024583907765365856,0.18735264073464805,0.0,0.0,0.0,0.0,0.0,0.0,-0.3483912458188037,-0.024583907765365856,0.18735264073464805,0.18735264073464805
86,8,COMPOSITE_Q,0.8045314979792904,0.1865769788784693,0.4033362870763239,0.05410040868422411,-0.11966264360177703,0.0,0.0,0.0,0.0,0.0,0.0,0.4033362870763239,0.05410040868422411,-0.11966264360177703,0.16133451483052957
86,9,COMPOSITE_Q,1.05980473468314,0.2855352245434572,0.4562981426510946,-0.06946073602637608,0.034314210936820085,0.0,0.0,0.0,0.0,0.0,0.0,0.4562981426510946,-0.06946073602637608,0.034314210936820085,0.18251925706043784
86,10,COMPOSITE_Q,0.9848490335994168,0.4039129397542931,-0.5715895458480258,0.028584401672935817,-0.16741557782979982,0.0,0.0,0.0,0.0,0.0,0.0,-0.5715895458480258,0.028584401672935817,-0.16741557782979982,0.22863581833921032
86,1,COMPOSITE_Q_PLUS_RF,1.015651689149717,0.12492118370715546,0.48605548863799153,0.07333175844870773,-0.04469667849652619,-1.3356936231646532e-08,-4.902464591484003e-11,5.413092602726388e-08,-1.3356936223729576e-08,-4.9024645454309734e-11,5.4130926026296766e-08,0.4860554752810553,0.07333175839968309,-0.044696624365600165,0.19442219011242212
86,2,COMPOSITE_Q_PLUS_RF,0.6387719853994757,0.21295081435082658,0.3212878003182318,-0.028891459275654317,0.23813204355269327,-1.1673505087478064e-07,-5.3295141652280936e-11,-1.2277131400816954e-07,-1.1673505084797142e-07,-5.329514260465906e-11,-1.2277131400395547e-07,0.32128768358318094,-0.02889145932894946,0.23813192078137926,0.23813192078137926
86,3,COMPOSITE_Q_PLUS_RF,0.9425915209478115,0.11566242230483538,0.3119387683877588,-0.07169659567831606,-0.299733254899844,3.9503766214737326e-07,-5.3776646811144905e-11,2.3181446008488235e-06,3.95037662137554e-07,-5.3776649799885945e-11,2.3181446008324613e-06,0.31193916342542094,-0.07169659573209271,-0.29973093675524315,0.29973093675524315
86,4,COMPOSITE_Q_PLUS_RF,0.5777509115833396,0.05039973694731939,0.5042268778912858,-0.003081530375003016,0.3598316894238349,2.3940940579080973e-08,2.237770377157226e-10,-1.4948502212977156e-05,2.39409405633495e-08,2.237770376986581e-10,-1.4948502212952519e-05,0.5042269018322264,-0.003081530151225978,0.35981674092162197,0.35981674092162197
86,5,COMPOSITE_Q_PLUS_RF,0.8667958977633072,0.08215606119469536,0.48486260574305495,0.061170911446187,-0.2138549890328703,9.054777689736122e-06,1.7501658499542373e-08,-7.564955144006403e-05,9.054777689754268e-06,1.750165849745411e-08,-7.564955144007124e-05,0.4848716605207447,0.061170928947845496,-0.21393063858431038,0.21393063858431038
86,6,COMPOSITE_Q_PLUS_RF,0.36128143843701876,0.1209409327389854,0.17280618323987287,0.020188811983523902,0.05767747312335216,-3.353785001342223e-07,9.512762382585243e-09,7.293148974720492e-06,-3.353785001380949e-07,9.512762383367956e-09,7.293148974719943e-06,0.17280584786137274,0.020188821496286286,0.05768476627232688,0.0691223391445491
86,7,COMPOSITE_Q_PLUS_RF,0.5593467974502637,0.16493457344015788,-0.3484143140241421,-0.024583905325976835,0.18781731985158692,-1.1479120254988467e-08,1.7406842321272859e-09,-1.0262190509182604e-07,-1.1479120265445175e-08,1.740684232170997e-09,-1.0262190508480984e-07,-0.34841432550326235,-0.024583903585292603,0.18781721722968184,0.18781721722968184
86,8,COMPOSITE_Q_PLUS_RF,0.804498448828969,0.18657701076661073,0.4033607039973361,0.05410033439618996,-0.12015064711139829,-1.3145446852849929e-08,-8.231066803305115e-11,1.0432117666357746e-06,-1.3145446842166564e-08,-8.231066522812469e-11,1.0432117666381302e-06,0.40336069085188925,0.0541003343138793,-0.12014960389963165,0.1613442763407557
86,9,COMPOSITE_Q_PLUS_RF,1.0598045790971478,0.28553559334979334,0.4562992725088267,-0.06946072517020263,0.03429720882936671,-1.1312076862272774e-06,-3.0135140829294874e-10,1.4745490736055842e-07,-1.1312076862446396e-06,-3.0135140216547285e-10,1.474549073607334e-07,0.45629814130114044,-0.06946072547155403,0.03429735628427407,0.18251925652045617
86,10,COMPOSITE_Q_PLUS_RF,0.9848468597307201,0.4039128998639686,-0.5715895937738615,0.02858439410889388,-0.16740099310870563,-3.515122180250859e-08,-8.331590792668526e-11,8.275221056672388e-08,-3.5151221822182777e-08,-8.331590625743068e-11,8.275221055620285e-08,-0.5715896289250834,0.028584394025577973,-0.16740091035649507,0.22863585157003335
86,1,COMPOSITE_Q_PLUS_GB,1.015651689149717,0.12492120538302875,0.48605548863799153,0.07333175844870773,-0.04469667849652619,-6.854655632905861e-07,4.356388472315368e-09,9.89492645778402e-06,-6.854655633103945e-07,4.3563884721820045e-09,9.894926457781894e-06,0.4860548031724282,0.0733317628050962,-0.04468678357006841,0.1944219212689713
86,2,COMPOSITE_Q_PLUS_GB,0.6387711824837188,0.21295196985245324,0.3212885141268446,-0.028891463232671086,0.23812121731589925,-4.6936745007270374e-07,9.931115806848322e-10,6.154219589069317e-06,-4.6936745007331027e-07,9.93111579083994e-10,6.154219589077359e-06,0.32128804475939454,-0.028891462239559507,0.23812737153548832,0.23812737153548832
86,3,COMPOSITE_Q_PLUS_GB,0.9425915229708116,0.11566230351404078,0.31193903163083525,-0.0716965968349113,-0.29973512914950473,-5.594624565872942e-08,9.931115806848322e-10,2.8089805237497024e-06,-5.594624563620698e-08,9.93111579083994e-10,2.808980523738569e-06,0.3119389756845896,-0.07169659584179972,-0.299732320168981,0.299732320168981
86,4,COMPOSITE_Q_PLUS_GB,0.5777494136387581,0.05039968420281589,0.5042302190103143,-0.00308153244311945,0.3597983328093305,4.5565316028231445e-07,3.569501842063133e-09,-1.3372956958827661e-05,4.556531603139291e-07,3.5695018421079416e-09,-1.3372956958801474e-05,0.5042306746634746,-0.003081528873617608,0.3597849598523717,0.3597849598523717
86,5,COMPOSITE_Q_PLUS_GB,0.8667968749028968,0.08215604275724793,0.4848590930298522,0.06117094901169086,-0.21382263892497752,-6.84219596107548e-07,1.5254621113966797e-09,9.57610441324995e-06,-6.84219596092106e-07,1.525462110796294e-09,9.576104413239195e-06,0.4848584088102561,0.06117095053715297,-0.21381306282056428,0.21381306282056428
86,6,COMPOSITE_Q_PLUS_GB,0.36127168367505547,0.12094080826674804,0.17281829388286693,0.020188812217759238,0.05756781778243009,-7.143501430536173e-07,2.3382320903575266e-09,9.054644968841391e-06,-7.143501430662003e-07,2.3382320905873666e-09,9.054644968843617e-06,0.17281757953272386,0.02018881455599133,0.05757687242739894,0.06912703181308955
86,7,COMPOSITE_Q_PLUS_GB,0.5593458071864301,0.16493458167145564,-0.34845496440319895,-0.024583903491644746,0.1885235459378607,1.8782195870850492e-07,2.115173461664444e-09,-2.3045635082345605e-06,1.8782195870814533e-07,2.115173459993347e-09,-2.304563508220836e-06,-0.34845477658124024,-0.024583901376471286,0.18852124137435247,0.18852124137435247
86,8,COMPOSITE_Q_PLUS_GB,0.8044545458123713,0.1865770037248417,0.40339930211084735,0.05410023459711867,-0.12083978385582905,-2.1884729492285863e-07,-6.691312699293728e-10,1.6898836877503538e-06,-2.1884729489718424e-07,-6.691312712248099e-10,1.6898836877471402e-06,0.40339908326355245,0.0541002339279874,-0.1208380939721413,0.16135963330542097
86,9,COMPOSITE_Q_PLUS_GB,1.0598047319351245,0.2855364552702941,0.45629841640851376,-0.06946073345019595,0.034313215306819383,-9.187343334656292e-07,-1.5263543724287007e-09,5.592283446225985e-06,-9.187343334438047e-07,-1.5263543762245035e-09,5.592283446223534e-06,0.4562974976741803,-0.06946073497655032,0.03431880759026561,0.18251899906967212
86,10,COMPOSITE_Q_PLUS_GB,0.9848491349442747,0.4039222610522542,-0.5714825004028721,0.028584392800621528,-0.1692651767176852,4.646084923022983e-07,-6.186726965262705e-10,-9.234155391682313e-06,4.646084923454197e-07,-6.186726964063638e-10,-9.234155391668608e-06,-0.5714820357943797,0.02858439218194883,-0.16927441087307687,0.22859281431775189
87,1,COMPOSITE_Q,0.29636643801410784,0.06828467478029598,0.16932896409297887,-0.01839877562628679,-0.01693301561426021,0.0,0.0,0.0,0.0,0.0,0.0,0.16932896409297887,-0.01839877562628679,-0.01693301561426021,0.06773158563719155
87,2,COMPOSITE_Q,0.27883310442632975,0.20138289489510894,-0.08380918813944678,-0.005692466066040501,0.3019990709457833,0.0,0.0,0.0,0.0,0.0,0.0,-0.08380918813944678,-0.005692466066040501,0.3019990709457833,0.3019990709457833
87,3,COMPOSITE_Q,0.7592333454379608,0.362535114932454,-0.05703667669968435,-0.0510554163225523,-0.21037284293216105,0.0,0.0,0.0,0.0,0.0,0.0,-0.05703667669968435,-0.0510554163225523,-0.21037284293216105,0.21037284293216105
87,4,COMPOSITE_Q,0.5969910144173785,0.26355923381550617,-0.030603863442228214,-0.040963610583619706,0.549455717275456,0.0,0.0,0.0,0.0,0.0,0.0,-0.030603863442228214,-0.040963610583619706,0.549455717275456,0.549455717275456
87,5,COMPOSITE_Q,0.9409168723087628,0.21872143909543337,0.10456834635436081,0.07527781670312973,0.31144593004655546,0.0,0.0,0.0,0.0,0.0,0.0,0.10456834635436081,0.07527781670312973,0.31144593004655546,0.31144593004655546
87,6,COMPOSITE_Q,1.1903594956183072,0.3328816874754781,0.3399789379079533,0.08074928720946815,-0.01505694301069971,0.0,0.0,0.0,0.0,0.0,0.0,0.3399789379079533,0.08074928720946815,-0.01505694301069971,0.13599157516318133
87,7,COMPOSITE_Q,0.8413579579957916,0.37798472147350015,-0.16833334363569852,0.039263922450522785,-0.35223554118486666,0.0,0.0,0.0,0.0,0.0,0.0,-0.16833334363569852,0.039263922450522785,-0.35223554118486666,0.35223554118486666
87,8,COMPOSITE_Q,0.811276954308575,0.4405439800282584,0.296790725003597,-0.03686713182829005,-0.13651431820242665,0.0,0.0,0.0,0.0,0.0,0.0,0.296790725003597,-0.03686713182829005,-0.13651431820242665,0.13651431820242665
87,9,COMPOSITE_Q,0.7441186205603493,0.42446841468893814,-0.06161115442488938,-0.04856216262400762,-0.10396631467562031,0.0,0.0,0.0,0.0,0.0,0.0,-0.06161115442488938,-0.04856216262400762,-0.10396631467562031,0.10396631467562031
87,10,COMPOSITE_Q,0.5393259400236552,0.40101436091913234,-0.28594131359711517,0.000953757044766999,-0.05924114483938562,0.0,0.0,0.0,0.0,0.0,0.0,-0.28594131359711517,0.000953757044766999,-0.05924114483938562,0.11437652543884606
87,1,COMPOSITE_Q_PLUS_RF,0.29636643801410784,0.06828473215341511,0.16932896409297887,-0.01839877562628679,-0.01693301561426021,-1.8011486186809148e-07,8.625265963758552e-09,4.222428411425731e-06,-1.8011486185853798e-07,8.625265963263518e-09,4.2224284114260324e-06,0.16932878397811701,-0.018398767001020826,-0.016928793185848785,0.06773151359124681
87,2,COMPOSITE_Q_PLUS_RF,0.2788319044003253,0.2013829773857906,-0.08380917994279881,-0.005692477930263016,0.3020501123955747,6.043417047447984e-07,-3.034043385508809e-11,-6.862860933769509e-06,6.043417047491006e-07,-3.0340434158115936e-11,-6.8628609337650914e-06,-0.08380857560109406,-0.0056924779606034506,0.30204324953464096,0.30204324953464096
87,3,COMPOSITE_Q_PLUS_RF,0.7592371429798382,0.36253552800101785,-0.05703833615436878,-0.051055396135564916,-0.21039997808942953,-8.843601759474383e-12,-6.461231869319659e-11,-3.9743156514985145e-07,-8.843599463848051e-12,-6.461231549792501e-11,-3.974315651578131e-07,-0.057038336163212376,-0.05105539620017723,-0.2104003755209947,0.2104003755209947
87,4,COMPOSITE_Q_PLUS_RF,0.5969840450140237,0.2635553813591428,-0.030587544257192165,-0.04096370167885219,0.5493855527571759,7.343903447337777e-09,-6.682998677948974e-11,1.9720989727152747e-06,7.343903447171174e-09,-6.682998598961376e-11,1.9720989726801363e-06,-0.030587536913288717,-0.040963701745682174,0.5493875248561486,0.5493875248561486
87,5,COMPOSITE_Q_PLUS_RF,0.9409231505259071,0.21872274208451392,0.10478099392798924,0.07527776767870135,0.3075687922294565,-1.6130331449856127e-08,-9.019714171210851e-11,8.372151074416715e-09,-1.613033144554077e-08,-9.01971414224434e-11,8.372151083513302e-09,0.1047809777976578,0.07527776758850421,0.3075688006016076,0.3075688006016076
87,6,COMPOSITE_Q_PLUS_RF,1.190381869008259,0.3328815745804067,0.33975550361584406,0.08074988237969302,-0.011173957899478417,7.394691917841884e-08,-6.59000901631425e-10,3.035725776393811e-07,7.394691919904162e-08,-6.590008955198456e-10,3.0357257763992396e-07,0.33975557756276326,0.08074988172069213,-0.011173654326900777,0.1359022310251053
87,7,COMPOSITE_Q_PLUS_RF,0.841366196071859,0.3779851973710091,-0.168330129309006,0.039263882163153,-0.3522763301502739,2.480789530775842e-06,-8.379526530299454e-11,-3.631120186843961e-05,2.480789530773242e-06,-8.379526239554735e-11,-3.631120186842196e-05,-0.16832764851947524,0.039263882079357736,-0.3523126413521423,0.3523126413521423
87,8,COMPOSITE_Q_PLUS_RF,0.8112782711455054,0.4405479250298171,0.2967992797510286,-0.0368671325380115,-0.13648562506335782,-7.330199754906583e-08,-1.8458386170738105e-10,4.383850968080802e-07,-7.330199752741962e-08,-1.845838620839757e-10,4.3838509680704796e-07,0.29679920644903107,-0.03686713272259536,-0.136485186678261,0.136485186678261
87,9,COMPOSITE_Q_PLUS_RF,0.744115332717062,0.42446858577733504,-0.061623433693018245,-0.048562191751832816,-0.10394615658086755,4.118559254906964e-07,-6.508729083696306e-11,-1.589717983157159e-06,4.1185592548897976e-07,-6.508728972454136e-11,-1.5897179831553254e-06,-0.061623021837092756,-0.048562191816920106,-0.1039477462988507,0.1039477462988507
87,10,COMPOSITE_Q_PLUS_RF,0.5393249329973914,0.40101434869047814,-0.28594370374334344,0.000953760671632964,-0.0582533242654786,4.369598833459545e-08,4.201703484900935e-09,-1.0394819328228441e-07,4.36959883276522e-08,4.201703484923644e-09,-1.039481932821329e-07,-0.2859436600473551,0.0009537648733364489,-0.05825342821367188,0.11437746401894204
87,1,COMPOSITE_Q_PLUS_GB,0.29636643801410784,0.0682847871468115,0.16932896409297887,-0.01839877562628679,-0.01693301561426021,-4.6088910639634687e-07,4.298211952391494e-09,1.1323253340762007e-05,-4.6088910640729175e-07,4.298211953024378e-09,1.1323253340762146e-05,0.16932850320387247,-0.018398771328074836,-0.01692169236091945,0.06773140128154899
87,2,COMPOSITE_Q_PLUS_GB,0.2788297883207391,0.20138279399258152,-0.08380894074629876,-0.005692477268395769,0.30204229573244423,7.506502661113466e-08,1.99309996056941e-09,-4.341042396635115e-06,7.506502661125403e-08,1.9930999602471577e-09,-4.341042396660555e-06,-0.08380886568127215,-0.0056924752752958085,0.30203795469004757,0.30203795469004757
87,3,COMPOSITE_Q_PLUS_GB,0.7592370670092423,0.3625356661682747,-0.0570378932530459,-0.05105539839195389,-0.21039948575536752,-1.1261167645710185e-07,-3.478858589064981e-10,3.693134962320164e-06,-1.1261167645604253e-07,-3.478858590089118e-10,3.6931349623181564e-06,-0.05703800586472236,-0.05105539873983975,-0.2103957926204052,0.2103957926204052
87,4,COMPOSITE_Q_PLUS_GB,0.5969817300054343,0.2635551423714756,-0.030588281218011118,-0.04096373439512034,0.5493893848197114,-9.362983389308434e-08,2.3601551000099705e-10,7.890047592570262e-07,-9.362983389299417e-08,2.360155126890362e-10,7.890047593051008e-07,-0.03058837484784501,-0.04096373415910483,0.5493901738244708,0.5493901738244708
87,5,COMPOSITE_Q_PLUS_GB,0.9409225791412654,0.21872150189190548,0.10451414039197983,0.07527784055553918,0.3121852755631665,-4.989981193616365e-07,-6.691312699293728e-10,7.420703677942474e-06,-4.989981193664894e-07,-6.69131264285916e-10,7.420703677929463e-06,0.10451364139386046,0.07527783988640792,0.3121926962668444,0.3121926962668444
87,6,COMPOSITE_Q_PLUS_GB,1.1903553411974117,0.3328831043384831,0.3400155730528874,0.08074918830565114,-0.015714429671806862,-3.826712175041446e-07,-6.691312699293728e-10,7.1218366598141175e-06,-3.8267121749147037e-07,-6.69131264285916e-10,7.121836659813169e-06,0.3400151903816699,0.08074918763651988,-0.01570730783514705,0.13600607615266797
87,7,COMPOSITE_Q_PLUS_GB,0.8413721892192074,0.377984760954816,-0.16832978709150034,0.039263870470368105,-0.35227964154452523,4.646443808205825e-08,-6.691312699293728e-10,-1.9366354521109377e-06,4.646443807487799e-08,-6.691312712248099e-10,-1.9366354521155316e-06,-0.16832974062706227,0.039263869801236834,-0.35228157817997735,0.35228157817997735
87,8,COMPOSITE_Q_PLUS_GB,0.8112770579868303,0.4405454802248112,0.2967905147610818,-0.036867174295536626,-0.1365132159808011,-9.101017420980656e-07,-1.3060261082120308e-09,6.9734509515247995e-06,-9.101017420798385e-07,-1.3060261067066037e-09,6.9734509515195775e-06,0.29678960465933973,-0.03686717560156273,-0.13650624252984958,0.13650624252984958
87,9,COMPOSITE_Q_PLUS_GB,0.744118568630349,0.42446849658989366,-0.0616101168465536,-0.04856212273513867,-0.1039726770793738,2.2057224996691927e-07,-3.478858589064981e-10,-4.784845999632506e-06,2.2057224996485658e-07,-3.478858590089118e-10,-4.784845999639131e-06,-0.06160989627430363,-0.04856212308302453,-0.10397746192537344,0.10397746192537344
87,10,COMPOSITE_Q_PLUS_GB,0.5393244510452014,0.4010145857967079,-0.2859432477709055,0.0009537622036043518,-0.058347302512920765,7.817601685010901e-07,1.7100500238270384e-09,-8.79848681181816e-06,7.817601684889652e-07,1.7100500237848468e-09,-8.798486811817385e-06,-0.28594246601073703,0.0009537639136543756,-0.05835610099973258,0.1143769864042948
88,1,COMPOSITE_Q,0.18939775295027425,0.08119640407292127,0.18833339981957437,-0.0033025853620929405,-0.2677899407581265,0.0,0.0,0.0,0.0,0.0,0.0,0.18833339981957437,-0.0033025853620929405,-0.2677899407581265,0.2677899407581265
88,2,COMPOSITE_Q,0.8267056218602407,0.052991715277016065,-0.2431237877254004,0.06777829842635842,0.4190365279586856,0.0,0.0,0.0,0.0,0.0,0.0,-0.2431237877254004,0.06777829842635842,0.4190365279586856,0.4190365279586856
88,3,COMPOSITE_Q,0.8057005481831194,0.15703004640596874,-0.3783203426841809,0.04949491565748813,0.13273039214058707,0.0,0.0,0.0,0.0,0.0,0.0,-0.3783203426841809,0.04949491565748813,0.13273039214058707,0.15132813707367238
88,4,COMPOSITE_Q,0.890280175704244,0.08504667593772199,0.006302498421507154,-0.07933739482611785,-0.1630894600756346,0.0,0.0,0.0,0.0,0.0,0.0,0.006302498421507154,-0.07933739482611785,-0.1630894600756346,0.1630894600756346
88,5,COMPOSITE_Q,0.9722836154014145,0.1736805080453344,0.36743972088909893,-0.07345061404447999,-0.3084072955873387,0.0,0.0,0.0,0.0,0.0,0.0,0.36743972088909893,-0.07345061404447999,-0.3084072955873387,0.3084072955873387
88,6,COMPOSITE_Q,1.181996359310024,0.2883753691324422,-0.6084866178178828,-0.07226563665594243,0.007349451765651868,0.0,0.0,0.0,0.0,0.0,0.0,-0.6084866178178828,-0.07226563665594243,0.007349451765651868,0.24339464712715314
88,7,COMPOSITE_Q,1.1865555455578545,0.2969379826861487,-0.5991812531716252,-0.07198686613021575,-0.007925977565366869,0.0,0.0,0.0,0.0,0.0,0.0,-0.5991812531716252,-0.07198686613021575,-0.007925977565366869,0.23967250126865008
88,8,COMPOSITE_Q,0.6132182543321629,0.31217968054929346,-0.2759962627828375,-0.022920304238402134,-0.20083011479102333,0.0,0.0,0.0,0.0,0.0,0.0,-0.2759962627828375,-0.022920304238402134,-0.20083011479102333,0.20083011479102333
88,9,COMPOSITE_Q,0.7247955245348193,0.16252489462576988,0.0541488694228458,0.05014304408803061,0.4759365001527278,0.0,0.0,0.0,0.0,0.0,0.0,0.0541488694228458,0.05014304408803061,0.4759365001527278,0.4759365001527278
88,10,COMPOSITE_Q,0.4578210705431231,0.1537153870426207,0.09343237688061272,-0.0350233641581028,-0.24415405444226898,0.0,0.0,0.0,0.0,0.0,0.0,0.09343237688061272,-0.0350233641581028,-0.24415405444226898,0.24415405444226898
88,1,COMPOSITE_Q_PLUS_RF,0.18939775295027425,0.08119642547273861,0.18833339981957437,-0.0033025853620929405,-0.2677899407581265,-4.340548131560314e-08,-2.408725321450746e-11,1.2546850580864078e-06,-4.34054813203133e-08,-2.4087253025495414e-11,1.2546850580719138e-06,0.18833335641409304,-0.0033025853861801935,-0.26778868607306844,0.26778868607306844
88,2,COMPOSITE_Q_PLUS_RF,0.8267055548610589,0.05299104323424013,-0.24312572862812673,0.06777840110858607,0.41903814884418206,7.374800039147733e-10,-8.75791994268743e-11,-4.65727690147279e-11,7.374799937398535e-10,-8.757919389701385e-11,-4.657274566000069e-11,-0.24312572789064674,0.06777840102100688,0.4190381487976093,0.4190381487976093
88,3,COMPOSITE_Q_PLUS_RF,0.8056986439127091,0.1570305612652666,-0.3783183366314974,0.04949481417065802,0.1327269794742072,1.0811196234966363e-08,-9.10371666299197e-11,4.223942897362213e-06,1.0811196216042873e-08,-9.10371639184504e-11,4.2239428973689375e-06,-0.37831832582030117,0.04949481407962086,0.13273120341710457,0.15132733032812046
88,4,COMPOSITE_Q_PLUS_RF,0.8902802273188206,0.08504668886694532,0.0063038454731265126,-0.07933732600185567,-0.16309647613944497,8.49809839845486e-08,-6.014652129734382e-11,2.841658674183883e-06,8.498098398417031e-08,-6.014652664809716e-11,2.8416586741741856e-06,0.006303930454110497,-0.0793373260620022,-0.1630936344807708,0.1630936344807708
88,5,COMPOSITE_Q_PLUS_RF,0.9722834014385601,0.17368053775203102,0.3674376401033374,-0.07345066353772477,-0.3084066840254497,6.249146078402623e-08,-6.421615137266797e-11,9.703529465453457e-07,6.249146078385337e-08,-6.421614628937533e-11,9.703529465499017e-07,0.3674377025947982,-0.07345066360194091,-0.30840571367250313,0.30840571367250313
88,6,COMPOSITE_Q_PLUS_RF,1.181996256538954,0.28837952283219365,-0.6084921360823203,-0.07226565613859709,0.007359969723294576,3.82667464147596e-06,-8.035980201630108e-11,-2.210743078249091e-05,3.826674641493888e-06,-8.035980214593508e-11,-2.2107430782490785e-05,-0.6084883094076788,-0.07226565621895689,0.007337862292512085,0.24339532376307155
88,7,COMPOSITE_Q_PLUS_RF,1.186552346499566,0.2969383436666421,-0.5990071422828974,-0.07198684265739336,-0.010416583723963379,3.1797759295827966e-06,3.117322390968929e-09,-2.229242269708846e-05,3.179775929562645e-06,3.117322386336774e-09,-2.229242269708928e-05,-0.5990039625069679,-0.07198683954007097,-0.010438876146660468,0.23960158500278714
88,8,COMPOSITE_Q_PLUS_RF,0.6129832482479071,0.3121799952491905,-0.276176445052634,-0.022920499952287367,-0.19826950940349108,3.944555620902148e-09,3.794854043414249e-09,-1.476036111379458e-05,3.94455562657825e-09,3.7948540421162136e-09,-1.4760361113808074e-05,-0.2761764411080784,-0.022920496157433325,-0.1982842697646049,0.1982842697646049
88,9,COMPOSITE_Q_PLUS_RF,0.7248042114227858,0.16252972271697996,0.05414853186029883,0.05014299668700254,0.47595589751953565,1.2301854452636806e-06,-1.0718242198565904e-10,-1.7589333496557434e-05,1.2301854452612115e-06,-1.0718242265950195e-10,-1.7589333496548232e-05,0.05414976204574409,0.05014299657982012,0.4759383081860391,0.4759383081860391
88,10,COMPOSITE_Q_PLUS_RF,0.45782055693319246,0.15371541803163044,0.09343257157410755,-0.03502337186991274,-0.24414963724602312,-1.446168198859427e-07,8.028999330544134e-09,2.794690269602971e-06,-1.4461681988042763e-07,8.028999333442588e-09,2.794690269591893e-06,0.09343242695728766,-0.0350233638409134,-0.24414684255575353,0.24414684255575353
88,1,COMPOSITE_Q_PLUS_GB,0.18939775295027425,0.08119644497111315,0.18833339981957437,-0.0033025853620929405,-0.2677899407581265,7.70154795070945e-08,1.99309996056941e-09,-3.183852431320681e-06,7.701547949379162e-08,1.9930999606808386e-09,-3.1838524313099192e-06,0.18833347683505386,-0.00330258336899298,-0.2677931246105578,0.2677931246105578
88,2,COMPOSITE_Q_PLUS_GB,0.8267057621086111,0.05299179316284472,-0.24312630281783934,0.06777839830732957,0.4190429466888006,-1.3255863655574612e-07,-6.186726965262705e-10,4.52979418334741e-06,-1.3255863656747024e-07,-6.186726964063638e-10,4.52979418336108e-06,-0.2431264353764759,0.06777839768865687,0.41904747648298396,0.41904747648298396
88,3,COMPOSITE_Q_PLUS_GB,0.8056987699852445,0.15703155274906186,-0.3783180479259424,0.049494817685087435,0.13272426687475575,-1.0320440923011654e-07,-6.186726965262705e-10,7.34665031343366e-06,-1.032044092408313e-07,-6.186726964063638e-10,7.3466503134334005e-06,-0.37831815113035167,0.04949481706641474,0.13273161352506918,0.15132726045214068
88,4,COMPOSITE_Q_PLUS_GB,0.8902805603494957,0.08504700125476618,0.006312675169744728,-0.0793373191849309,-0.163112100347604,-4.016839858541956e-08,1.6878314975088614e-09,-2.3329282344507955e-06,-4.0168398585636866e-08,1.6878314995638632e-09,-2.3329282344553004e-06,0.006312635001346142,-0.0793373174970994,-0.16311443327583847,0.16311443327583847
88,5,COMPOSITE_Q_PLUS_GB,0.972280111657592,0.17368051744749952,0.3674301500404958,-0.07345066104157603,-0.30839136410871315,-2.1134220715743886e-08,1.6878314975088614e-09,2.042610616350106e-06,-2.1134220706819917e-08,1.6878314995638632e-09,2.042610616370677e-06,0.3674301289062751,-0.07345065935374454,-0.3083893214980968,0.3083893214980968
88,6,COMPOSITE_Q_PLUS_GB,1.1819970921039142,0.28837767360509253,-0.6084934823497044,-0.0722656719926899,0.00736020587547199,5.270852838120126e-07,-6.186726965262705e-10,-1.301596382555202e-05,5.27085283863471e-07,-6.186726964063638e-10,-1.3015963825552257e-05,-0.6084929552644205,-0.0722656726113626,0.007347189911646438,0.2433971821057682
88,7,COMPOSITE_Q_PLUS_GB,1.186550978957571,0.2969379920010296,-0.5990306013486004,-0.07198686883137546,-0.010026644088552835,4.891937691350025e-07,-6.186726965262705e-10,-1.301596382555202e-05,4.891937691597903e-07,-6.186726964063638e-10,-1.3015963825552257e-05,-0.5990301121548313,-0.07198686945004816,-0.010039660052378387,0.2396120448619325
88,8,COMPOSITE_Q_PLUS_GB,0.613020210724599,0.3121797485217067,-0.27614520139754334,-0.022920461964388815,-0.19868695625475294,3.145500746467894e-07,9.457468056924322e-10,1.7256125919056981e-06,3.145500746537522e-07,9.457468072571196e-10,1.7256125919018483e-06,-0.2761448868474687,-0.022920461018642008,-0.19868523064216104,0.19868523064216104
88,9,COMPOSITE_Q_PLUS_GB,0.7247973759682483,0.16252590019136517,0.054148314252266495,0.05014303041157375,0.4759400495066234,-2.7601698163039205e-07,-6.691312699293728e-10,-3.3473194344069554e-06,-2.760169816318214e-07,-6.691312712248099e-10,-3.3473194344102453e-06,0.054148038235284864,0.05014302974244248,0.475936702187189,0.475936702187189
88,10,COMPOSITE_Q_PLUS_GB,0.45782109770166346,0.1537154008325916,0.09343283786928025,-0.03502335954479364,-0.24415299531273443,-3.267636753842522e-07,1.3035518136605696e-09,5.1086494248013756e-06,-3.267636753817582e-07,1.3035518151016667e-09,5.108649424795386e-06,0.09343251110560487,-0.03502335824124182,-0.24414788666330964,0.24414788666330964
89,1,COMPOSITE_Q,0.7758383286847663,0.10810642629174858,-0.5481874371474718,0.039159087582913116,-0.100824334500813,0.0,0.0,0.0,0.0,0.0,0.0,-0.5481874371474718,0.039159087582913116,-0.100824334500813,0.2192749748589887
89,2,COMPOSITE_Q,0.9098958039366202,0.17313559114852617,-0.12450802224125514,-0.08373826265113023,0.005368928278896421,0.0,0.0,0.0,0.0,0.0,0.0,-0.12450802224125514,-0.08373826265113023,0.005368928278896421,0.06978188554260853
89,3,COMPOSITE_Q,0.7879242759842217,0.11204158031544204,-0.5087737446554995,-0.03975906531952533,-0.18052002042496493,0.0,0.0,0.0,0.0,0.0,0.0,-0.5087737446554995,-0.03975906531952533,-0.18052002042496493,0.2035094978621998
89,4,COMPOSITE_Q,1.0162228090688321,0.09720210687456105,0.11785364515197295,-0.08643023498307881,-0.15770810892998055,0.0,0.0,0.0,0.0,0.0,0.0,0.11785364515197295,-0.08643023498307881,-0.15770810892998055,0.15770810892998055
89,5,COMPOSITE_Q,0.48095339021797456,0.05281987905408864,-0.39237895730937183,0.027375084059042227,0.5254978741187764,0.0,0.0,0.0,0.0,0.0,0.0,-0.39237895730937183,0.027375084059042227,0.5254978741187764,0.5254978741187764
89,6,COMPOSITE_Q,0.7629361844232654,0.1829644613877233,0.12774403846332727,-0.062422933677594036,0.14547167087821847,0.0,0.0,0.0,0.0,0.0,0.0,0.12774403846332727,-0.062422933677594036,0.14547167087821847,0.14547167087821847
89,7,COMPOSITE_Q,0.4014789231732397,0.09872440092291987,-0.47728953916931405,0.005288184671102289,0.2243052105817146,0.0,0.0,0.0,0.0,0.0,0.0,-0.47728953916931405,0.005288184671102289,0.2243052105817146,0.2243052105817146
89,8,COMPOSITE_Q,1.1901822321660218,0.21296059002778842,0.281221132288305,0.08819504954504338,-0.297765944825946,0.0,0.0,0.0,0.0,0.0,0.0,0.281221132288305,0.08819504954504338,-0.297765944825946,0.297765944825946
89,9,COMPOSITE_Q,0.904991957951326,0.07379474785270235,-0.1472685992301461,0.0802466856497726,0.17088916977815966,0.0,0.0,0.0,0.0,0.0,0.0,-0.1472685992301461,0.0802466856497726,0.17088916977815966,0.17088916977815966
89,10,COMPOSITE_Q,0.5936097594892201,0.15735235751782764,-0.5515355308952758,-0.008569194598157144,-0.12024892756606465,0.0,0.0,0.0,0.0,0.0,0.0,-0.5515355308952758,-0.008569194598157144,-0.12024892756606465,0.22061421235811035
89,1,COMPOSITE_Q_PLUS_RF,0.7758383286847663,0.10810762150813524,-0.5481874371474718,0.039159087582913116,-0.100824334500813,1.667781053276991e-07,-8.18387398134755e-11,-3.9198676164744365e-06,1.6677810532605974e-07,-8.183873717593215e-11,-3.9198676164697854e-06,-0.5481872703693664,0.03915908750107438,-0.10082825436842947,0.21927490814774658
89,2,COMPOSITE_Q_PLUS_RF,0.9098956277147662,0.17313560654386262,-0.12450905489296502,-0.08373826321051979,0.005385602430157647,3.814388556625396e-08,-4.252181741212343e-11,-6.344422205591633e-09,3.81438855640015e-08,-4.252181939889965e-11,-6.344422205477318e-09,-0.12450901674907945,-0.08373826325304161,0.005385596085735442,0.06978188604420134
89,3,COMPOSITE_Q_PLUS_RF,0.7879258841777929,0.11204207560363869,-0.5087885916653908,-0.03975906902987076,-0.18030036628137006,1.806500993812803e-06,-7.32292774283126e-11,-5.465052571431386e-05,1.8065009937950904e-06,-7.322927680908364e-11,-5.4650525714322606e-05,-0.508786785164397,-0.039759069103100037,-0.18035501680708438,0.2035147140657588
89,4,COMPOSITE_Q_PLUS_RF,1.0162226445265063,0.09720210874541382,0.11786731013057561,-0.08643017648648953,-0.15788365636133742,7.504832873208198e-10,-5.224128155407836e-11,-1.8638992973878522e-10,7.504832866267463e-10,-5.224128074576839e-11,-1.8638993126707248e-10,0.1178673108810589,-0.08643017653873081,-0.15788365654772735,0.15788365654772735
89,5,COMPOSITE_Q_PLUS_RF,0.48095335070505346,0.05282245432909995,-0.3923791902279546,0.027375086799471596,0.5254973137681395,5.504948916288395e-07,5.6749502546021536e-09,-8.279435110478995e-06,5.504948916157382e-07,5.67495025624587e-09,-8.279435110503108e-06,-0.392378639733063,0.027375092474421853,0.525489034333029,0.525489034333029
89,6,COMPOSITE_Q_PLUS_RF,0.7629369262233145,0.18296453223041392,0.1277438281022344,-0.06242294092244596,0.14547966153615322,1.7853640521596163e-07,-7.71669827125842e-11,3.964798298904856e-07,1.7853640521536818e-07,-7.716698113835463e-11,3.9647982988388897e-07,0.1277440066386396,-0.062422940999612944,0.1454800580159831,0.1454800580159831
89,7,COMPOSITE_Q_PLUS_RF,0.401479179617989,0.098724388404828,-0.47728983923357277,0.0052881689035741445,0.22430547147671862,1.4201652159848228e-07,5.929294902860019e-09,-8.47442660050037e-08,1.4201652159817613e-07,5.929294903152249e-09,-8.474426599347495e-08,-0.47728969721705117,0.005288174832869048,0.22430538673245262,0.22430538673245262
89,8,COMPOSITE_Q_PLUS_RF,1.1901822721383997,0.21294459968871174,0.2811523786804187,0.08819515595764363,-0.2976289480950839,-1.3431877530504452e-12,-7.71827213908909e-11,-2.1518954585365902e-07,-1.3432033263427456e-12,-7.718271854972869e-11,-2.1518954584909267e-07,0.2811523786790755,0.08819515588046091,-0.29762916328462974,0.29762916328462974
89,9,COMPOSITE_Q_PLUS_RF,0.904966069548637,0.07379511124477482,-0.14720184312194823,0.08024689230356415,0.17077260952149395,7.160685226234106e-10,-8.730822082810379e-11,3.414021626677044e-07,7.160685100426889e-10,-8.730821621227847e-11,3.414021626790831e-07,-0.14720184240587972,0.08024689221625593,0.17077295092365663,0.17077295092365663
89,10,COMPOSITE_Q_PLUS_RF,0.5936117129220999,0.15735336390237967,-0.5515315090971563,-0.00856919619871624,-0.1202795549666253,3.9521839155238904e-07,3.821593916644369e-09,-3.783582851670971e-06,3.952183915689744e-07,3.821593916319976e-09,-3.7835828516769032e-06,-0.5515311138787647,-0.008569192377122324,-0.12028333854947698,0.2206124455515059
89,1,COMPOSITE_Q_PLUS_GB,0.7758383286847663,0.10810966260081846,-0.5481874371474718,0.039159087582913116,-0.100824334500813,5.783634821007937e-07,-6.186726965262705e-10,-1.0762349776014347e-05,5.78363482106603e-07,-6.186726964063638e-10,-1.0762349776011204e-05,-0.5481868587839897,0.03915908696424042,-0.10083509685058901,0.21927474351359585
89,2,COMPOSITE_Q_PLUS_GB,0.9098953642288636,0.17313563421763573,-0.12450814920376801,-0.08373826817749053,0.005373408895506425,-5.181094536767691e-09,-2.7354056673815447e-10,-7.791149216004189e-07,-5.181094539508102e-09,-2.735405651987932e-10,-7.791149216002449e-07,-0.12450815438486255,-0.08373826845103109,0.0053726297805848245,0.06978189037585925
89,3,COMPOSITE_Q_PLUS_GB,0.7879233407146383,0.11204164860562509,-0.508780367519861,-0.03975906411212143,-0.18042123024106813,4.6350177143473935e-07,-6.186726965262705e-10,-1.0762349776014347e-05,4.635017714083034e-07,-6.186726964063638e-10,-1.0762349776011204e-05,-0.5087799040180896,-0.03975906473079412,-0.18043199259084414,0.20351196160723584
89,4,COMPOSITE_Q_PLUS_GB,1.0162224951245735,0.09720214223869149,0.11785945488387957,-0.08643020922729344,-0.1577911883759413,-4.016839858541956e-08,2.032963627296978e-09,2.594800556422219e-06,-4.0168398579565334e-08,2.032963630771434e-09,2.5948005564213616e-06,0.11785941471548099,-0.08643020719432981,-0.15778859357538488,0.15778859357538488
89,5,COMPOSITE_Q_PLUS_GB,0.48095344688940456,0.05282039361762407,-0.3923790959218135,0.027375080305888623,0.5254979285103153,-2.730382370421841e-07,7.799904639189327e-10,5.105726225346193e-06,-2.730382370197404e-07,7.799904645777733e-10,5.105726225362872e-06,-0.39237936896005055,0.027375081085879088,0.5255030342365407,0.5255030342365407
89,6,COMPOSITE_Q_PLUS_GB,0.7629358183776774,0.18296722643908092,0.12774757533300382,-0.06242292893146741,0.14545892159774712,7.14389502266699e-08,-6.186726965262705e-10,-5.805940350828571e-06,7.143895022765356e-08,-6.186726964063638e-10,-5.805940350822603e-06,0.12774764677195405,-0.06242292955014011,0.1454531156573963,0.1454531156573963
89,7,COMPOSITE_Q_PLUS_GB,0.40147919531954124,0.09872821487820649,-0.47729403656192376,0.005288329458903751,0.2243212433661117,4.769402042926835e-07,1.5534166376423046e-09,-1.1000943825316945e-05,4.769402042748005e-07,1.553416637510574e-09,-1.1000943825306697e-05,-0.4772935596217195,0.005288331012320389,0.2243102424222864,0.2243102424222864
89,8,COMPOSITE_Q_PLUS_GB,1.190181258569725,0.21294507593648251,0.28115360676010104,0.08819494952541801,-0.2976225707428467,-6.080930302676291e-07,1.5254621113966797e-09,4.730386504655632e-06,-6.080930302632126e-07,1.525462117735188e-09,4.730386504669948e-06,0.2811529986670708,0.08819495105088013,-0.29761784035634203,0.29761784035634203
89,9,COMPOSITE_Q_PLUS_GB,0.9049665818546179,0.07379512431314164,-0.14720144530234078,0.08024695056482876,0.17076793062544438,-1.6156958975568087e-07,-6.691312699293728e-10,2.5473512114692555e-06,-1.615695897627667e-07,-6.69131264285916e-10,2.5473512114682073e-06,-0.14720160687193054,0.0802469498956975,0.17077047797665584,0.17077047797665584
89,10,COMPOSITE_Q_PLUS_GB,0.5936118169291411,0.1573606922778585,-0.5515322280303724,-0.00856919784867814,-0.12027829226264256,1.4961310372041322e-06,2.4594981147001316e-10,-2.976959964488249e-05,1.4961310371708336e-06,2.459498108647873e-10,-2.9769599644888234e-05,-0.5515307318993352,-0.00856919760272833,-0.12030806186228744,0.2206122927597341
90,1,COMPOSITE_Q,1.0491795377536635,0.16490478917064505,0.31794184376068085,-0.07602459818860124,-0.0034450205830186976,0.0,0.0,0.0,0.0,0.0,0.0,0.31794184376068085,-0.07602459818860124,-0.0034450205830186976,0.12717673750427233
90,2,COMPOSITE_Q,1.0324809774420158,0.09349271719920905,0.15508074242274014,-0.08723519673052431,0.16594446441454122,0.0,0.0,0.0,0.0,0.0,0.0,0.15508074242274014,-0.08723519673052431,0.16594446441454122,0.16594446441454122
90,3,COMPOSITE_Q,0.6973131123852183,0.25838121662969454,0.4783650153154725,-0.02422941907813407,-0.06998876334670769,0.0,0.0,0.0,0.0,0.0,0.0,0.4783650153154725,-0.02422941907813407,-0.06998876334670769,0.191346006126189
90,4,COMPOSITE_Q,0.4405693721976701,0.30467118970054047,0.20773379841776818,-0.0077452330656924235,-0.005213649767242843,0.0,0.0,0.0,0.0,0.0,0.0,0.20773379841776818,-0.0077452330656924235,-0.005213649767242843,0.08309351936710727
90,5,COMPOSITE_Q,0.6621764633121373,0.3777590101984494,-0.27467388376815666,0.030046285994569873,0.02992220451363428,0.0,0.0,0.0,0.0,0.0,0.0,-0.27467388376815666,0.030046285994569873,0.02992220451363428,0.10986955350726266
90,6,COMPOSITE_Q,0.6477187772537536,0.5035433498484674,0.020210647695554144,0.02166152071256804,-0.15871295549656697,0.0,0.0,0.0,0.0,0.0,0.0,0.020210647695554144,0.02166152071256804,-0.15871295549656697,0.15871295549656697
90,7,COMPOSITE_Q,1.325045775357171,0.44038572976219886,-0.3199803263681162,-0.08067509555795878,-0.3980080749998935,0.0,0.0,0.0,0.0,0.0,0.0,-0.3199803263681162,-0.08067509555795878,-0.3980080749998935,0.3980080749998935
90,8,COMPOSITE_Q,0.537714586793176,0.37736070363956686,-0.05190878808160575,0.011856189297250018,0.3994398649733135,0.0,0.0,0.0,0.0,0.0,0.0,-0.05190878808160575,0.011856189297250018,0.3994398649733135,0.3994398649733135
90,9,COMPOSITE_Q,0.8078517167365932,0.5385925716039766,-0.061220411118525345,0.033765715742213036,-0.24684922408777715,0.0,0.0,0.0,0.0,0.0,0.0,-0.061220411118525345,0.033765715742213036,-0.24684922408777715,0.24684922408777715
90,10,COMPOSITE_Q,1.0164341957913272,0.3920601291982134,0.05543451180840163,0.08414284741059867,0.04164953475330131,0.0,0.0,0.0,0.0,0.0,0.0,0.05543451180840163,0.08414284741059867,0.04164953475330131,0.07011903950883223
90,1,COMPOSITE_Q_PLUS_RF,1.0491795377536635,0.16490533186065542,0.31794184376068085,-0.07602459818860124,-0.0034450205830186976,1.8112210692527686e-06,7.1696976319876775e-09,-3.270274660173377e-05,1.8112210692367015e-06,7.169697627262828e-09,-3.27027466017339e-05,0.3179436549817501,-0.07602459101890362,-0.0034777233296204315,0.12717746199270002
90,2,COMPOSITE_Q_PLUS_RF,1.032483057547218,0.09349283741176266,0.15507967400859826,-0.08723520926734149,0.16596463085660876,4.5471234416438527e-08,-3.9528542193155484e-11,1.8145560575123235e-06,4.547123441667189e-08,-3.952854710220777e-11,1.814556057522232e-06,0.15507971947983268,-0.08723520930687004,0.16596644541266628,0.16596644541266628
90,3,COMPOSITE_Q_PLUS_RF,0.6973136435181795,0.25838127833513813,0.4783387523489522,-0.02422942439108821,-0.06945659864340264,-7.201070629464283e-08,-2.7247487041548002e-11,-1.8542608658773368e-06,-7.201070628681805e-08,-2.7247485517856163e-11,-1.8542608658800308e-06,0.4783386803382459,-0.024229424418335695,-0.06945845290426853,0.19133547213529836
90,4,COMPOSITE_Q_PLUS_RF,0.44056630460787416,0.30467122407385827,0.20775946131933953,-0.007745219346464252,-0.005741042728460662,-6.511025640842209e-08,-3.496152691363369e-11,1.764028672988161e-07,-6.511025640865142e-08,-3.496152672921582e-11,1.7640286729871807e-07,0.20775939620908312,-0.007745219381425778,-0.005740866325593363,0.08310375848363324
90,5,COMPOSITE_Q_PLUS_RF,0.662176456866288,0.37775931940743307,-0.27467425991883043,0.030046318118405965,0.02992666299549489,4.6965743075406995e-07,-6.984722649657598e-11,-3.1075214267823e-05,4.6965743077942435e-07,-6.984722522584974e-11,-3.107521426782417e-05,-0.27467379026139965,0.03004631804855874,0.029895587781227067,0.10986951610455986
90,6,COMPOSITE_Q_PLUS_RF,0.6477188860343986,0.5035472999576001,0.020209644132051074,0.021661379098521193,-0.15868496512282299,-4.86127331558757e-07,-5.511513949989611e-11,-1.367312775715439e-05,-4.861273315594217e-07,-5.5115138147820986e-11,-1.3673127757157788e-05,0.020209158004719514,0.021661379043406054,-0.15869863825058014,0.15869863825058014
90,7,COMPOSITE_Q_PLUS_RF,1.325043012941419,0.44038604822033955,-0.31997899831997983,-0.08067502878890441,-0.3979978068455674,1.270085404135028e-07,-2.9071344302799177e-09,-7.213470281049968e-07,1.2700854040703646e-07,-2.9071344359588025e-09,-7.213470281097756e-07,-0.31997887131143943,-0.08067503169603885,-0.3979985281925955,0.3979985281925955
90,8,COMPOSITE_Q_PLUS_RF,0.5377154871058464,0.377386201282211,-0.051940340918430056,0.011856224384748112,0.3994820866603847,6.807826534995665e-06,7.348736904146527e-09,-0.000107161418306566,6.80782653499773e-06,7.348736903722841e-09,-0.00010716141830657833,-0.05193353309189506,0.011856231733485016,0.3993749252420781,0.3993749252420781
90,9,COMPOSITE_Q_PLUS_RF,0.8078376921991124,0.5386001061509448,-0.06121681013432954,0.033765829336910934,-0.24678407177178302,-2.2851805167878525e-09,-6.491555407343743e-11,2.8931217521945363e-07,-2.2851805170365225e-09,-6.491555210041966e-11,2.8931217521677155e-07,-0.061216812419510054,0.03376582927199538,-0.2467837824596078,0.2467837824596078
90,10,COMPOSITE_Q_PLUS_RF,1.0164277571890408,0.392060102761556,0.05545592116835045,0.0841428527224165,0.04164567862031482,1.0811561188193524e-08,-7.372427458780761e-11,7.092996544737185e-08,1.0811561187984431e-08,-7.372427668350667e-11,7.092996544971752e-08,0.05545593197991164,0.08414285264869223,0.04164574955028027,0.0701190438739102
90,1,COMPOSITE_Q_PLUS_GB,1.0491795377536635,0.16490509224850833,0.31794184376068085,-0.07602459818860124,-0.0034450205830186976,-2.391385768412846e-07,3.222761401741224e-08,2.2028530700380885e-06,-2.391385768296672e-07,3.2227614021884676e-08,2.20285307003798e-06,0.317941604622104,-0.07602456596098722,-0.0034428177299486596,0.12717664184884162
90,2,COMPOSITE_Q_PLUS_GB,1.032481235568666,0.09349281542764454,0.15508131984503887,-0.0872352248773471,0.16593349840712188,-2.331976834954347e-07,1.338243710472949e-09,3.3611704638218153e-06,-2.33197683496833e-07,1.3382437102915645e-09,3.3611704638170092e-06,0.15508108664735537,-0.08723522353910339,0.1659368595775857,0.1659368595775857
90,3,COMPOSITE_Q_PLUS_GB,0.6973135808567095,0.2583813129612564,0.4783564957945418,-0.0242294241285394,-0.0698116957062005,-4.1788360699501854e-07,1.628497584207925e-09,1.468788323547361e-05,-4.178836069956837e-07,1.6284975833114057e-09,1.4687883235470212e-05,0.4783560779109348,-0.024229422500041817,-0.06979700782296502,0.19134243116437394
90,4,COMPOSITE_Q_PLUS_GB,0.44056811816355623,0.30467130739506126,0.20774275575985457,-0.007745237039821085,-0.005403753585183912,4.7600664201224877e-07,4.235879382874125e-09,-4.093295224849084e-06,4.760066420195219e-07,4.235879382495644e-09,-4.09329522484906e-06,0.2077432317664966,-0.007745232803941703,-0.005407846880408761,0.08309729270659863
90,5,COMPOSITE_Q_PLUS_GB,0.6621763587392155,0.37775913994041327,-0.27467340859041933,0.03004632435893391,0.02991345301641922,-2.7137988634308566e-07,-2.7537291183824522e-12,1.0720205930070543e-05,-2.7137988634073906e-07,-2.7537278013411992e-12,1.0720205930070392e-05,-0.2746736799703057,0.030046324356180182,0.02992417322234929,0.10986947198812227
90,6,COMPOSITE_Q_PLUS_GB,0.6477183333039246,0.5035456328460461,0.020219216852693688,0.02166147776262282,-0.158722463056361,-4.2064295545009844e-07,2.7628709302605766e-09,9.745704762083135e-06,-4.206429554502733e-07,2.7628709285687503e-09,9.74570476208747e-06,0.020218796209738238,0.02166148052549375,-0.15871271735159892,0.15871271735159892
90,7,COMPOSITE_Q_PLUS_GB,1.3250503412658874,0.4403859363179452,-0.3199883170840784,-0.08067507126133847,-0.39800825986653987,-1.5585621959303814e-07,8.24244989075982e-10,4.693944621125048e-06,-1.55856219596906e-07,8.242449917039707e-10,4.6939446211036184e-06,-0.319988472940298,-0.08067507043709347,-0.39800356592191877,0.39800356592191877
90,8,COMPOSITE_Q_PLUS_GB,0.5377137771627065,0.3773647810562701,-0.05193826072695104,0.011856189432856042,0.3994752318854751,5.671853504599496e-07,1.5842430590508749e-09,-1.7181448628617247e-05,5.671853504571334e-07,1.5842430596546553e-09,-1.7181448628611484e-05,-0.051937693541600584,0.011856191017099102,0.3994580504368465,0.3994580504368465
90,9,COMPOSITE_Q_PLUS_GB,0.807841841013491,0.5385930539034729,-0.06119313622507375,0.03376577224757954,-0.24687001685355361,-2.9398159939895704e-07,-1.7901926729764757e-10,1.2368513615730361e-05,-2.939815993974193e-07,-1.7901926468999463e-10,1.2368513615718113e-05,-0.06119343020667315,0.033765772068560275,-0.2468576483399379,0.2468576483399379
90,10,COMPOSITE_Q_PLUS_GB,1.0164336774766904,0.39206654570015864,0.05541591622122755,0.08414270815837024,0.042027751112412436,-2.955471530106405e-07,-4.4980610491741986e-10,6.617612478623369e-06,-2.9554715300778023e-07,-4.4980610902634055e-10,6.617612478623802e-06,0.055415620674074545,0.08414270770856414,0.04203436872489106,0.07011892309047012
91,1,COMPOSITE_Q,0.405745436404986,0.07530360147597426,-0.19897019371279265,0.008430211465464466,-0.423630776512218,0.0,0.0,0.0,0.0,0.0,0.0,-0.19897019371279265,0.008430211465464466,-0.423630776512218,0.423630776512218
91,2,COMPOSITE_Q,1.2204958246434299,0.17157423278748712,-0.40134589106597895,0.08887431534346477,0.11049985873720247,0.0,0.0,0.0,0.0,0.0,0.0,-0.40134589106597895,0.08887431534346477,0.11049985873720247,0.16053835642639158
91,3,COMPOSITE_Q,0.6479928612976269,0.07583920114712009,0.19612483496354793,-0.05335889193510424,0.09784942787670384,0.0,0.0,0.0,0.0,0.0,0.0,0.19612483496354793,-0.05335889193510424,0.09784942787670384,0.09784942787670384
91,4,COMPOSITE_Q,1.1649956842738205,0.1295962372404127,0.5174964240642035,0.08549412736665585,0.15624478102880077,0.0,0.0,0.0,0.0,0.0,0.0,0.5174964240642035,0.08549412736665585,0.15624478102880077,0.2069985696256814
91,5,COMPOSITE_Q,0.5532126842548031,0.1548151055654517,-0.489453157969229,-0.0047138990087266346,-0.11276240586155802,0.0,0.0,0.0,0.0,0.0,0.0,-0.489453157969229,-0.0047138990087266346,-0.11276240586155802,0.1957812631876916
91,6,COMPOSITE_Q,0.8178151329731786,0.1589363935269422,0.06935212913211433,0.07664903076221227,-0.16863339938895447,0.0,0.0,0.0,0.0,0.0,0.0,0.06935212913211433,0.07664903076221227,-0.16863339938895447,0.16863339938895447
91,7,COMPOSITE_Q,0.6571604170178118,0.10520278917246288,-0.15491732491781302,-0.051025729910869455,-0.16433704729814846,0.0,0.0,0.0,0.0,0.0,0.0,-0.15491732491781302,-0.051025729910869455,-0.16433704729814846,0.16433704729814846
91,8,COMPOSITE_Q,0.5332384566740719,0.21130774119058937,-0.3336135729393275,0.016194583985737004,-0.12980705856296046,0.0,0.0,0.0,0.0,0.0,0.0,-0.3336135729393275,0.016194583985737004,-0.12980705856296046,0.133445429175731
91,9,COMPOSITE_Q,0.4215649861350271,0.3267150080465627,-0.1559744303102502,0.008214957263214554,0.022472844734318764,0.0,0.0,0.0,0.0,0.0,0.0,-0.1559744303102502,0.008214957263214554,0.022472844734318764,0.06238977212410009
91,10,COMPOSITE_Q,0.3062007812360268,0.1914335851748102,-0.014745907863343096,-0.009275136925452804,-0.1491023211861603,0.0,0.0,0.0,0.0,0.0,0.0,-0.014745907863343096,-0.009275136925452804,-0.1491023211861603,0.1491023211861603
91,1,COMPOSITE_Q_PLUS_RF,0.405745436404986,0.07530364075607258,-0.19897019371279265,0.008430211465464466,-0.423630776512218,1.482060146145141e-07,-5.157595042123857e-11,-2.239297150053228e-06,1.4820601462739447e-07,-5.1575950107962676e-11,-2.2392971500417858e-06,-0.19897004550677802,0.008430211413888515,-0.423633015809368,0.423633015809368
91,2,COMPOSITE_Q_PLUS_RF,1.2204957298834016,0.1715749829325735,-0.4013536984733955,0.08887429751181558,0.11051231311020945,-1.836512943144445e-08,-8.668637523990821e-11,1.7525556894002778e-06,-1.836512941721935e-08,-8.668638029618592e-11,1.752555689404911e-06,-0.40135371683852494,0.0888742974251292,0.11051406566589886,0.16054148673540997
91,3,COMPOSITE_Q_PLUS_RF,0.647995378588259,0.07583928093689926,0.19582818488212056,-0.05335888438869268,0.09820018055317702,4.901619210464002e-09,-7.168062280574203e-11,-4.7722818671128045e-09,4.901619221620024e-09,-7.168061977314011e-11,-4.772281861353811e-09,0.19582818978373978,-0.0533588844603733,0.09820017578089515,0.09820017578089515
91,4,COMPOSITE_Q_PLUS_RF,1.1651424097330803,0.12959817643058102,0.5177866244283759,0.08549313878000497,0.15588992782559227,7.415551293285791e-06,-6.8152777971652e-11,-5.409870172474125e-05,7.415551293243894e-06,-6.815277509009121e-11,-5.40987017247363e-05,0.5177940399796691,0.0854931387118522,0.15583582912386754,0.20711761599186765
91,5,COMPOSITE_Q_PLUS_RF,0.5531930642223747,0.15481897294406163,-0.489461237731081,-0.004713957222382909,-0.11270830052735421,1.514974158162096e-06,-6.940569093145384e-11,-7.747802764449622e-05,1.5149741581788057e-06,-6.940569126367979e-11,-7.747802764448974e-05,-0.48945972275692284,-0.004713957291788601,-0.1127857785549987,0.19578388910276914
91,6,COMPOSITE_Q_PLUS_RF,0.8178123263898236,0.1589370571940521,0.06935724688262437,0.07664907686776408,-0.16864195100237842,-1.5390624727328454e-07,-7.695501185982016e-11,-1.7006107522243972e-08,-1.539062472744046e-07,-7.695501180737807e-11,-1.7006107522199443e-08,0.0693570929763771,0.07664907679080907,-0.16864196800848594,0.16864196800848594
91,7,COMPOSITE_Q_PLUS_RF,0.6571554534797736,0.10520279961140125,-0.15492246781572586,-0.051025708219825626,-0.1642517086959434,-8.95240516992746e-09,-5.660643045034157e-11,4.310610160342318e-08,-8.952405178286327e-09,-5.660642787841397e-11,4.310610160485062e-08,-0.15492247676813103,-0.051025708276432054,-0.1642516655898418,0.1642516655898418
91,8,COMPOSITE_Q_PLUS_RF,0.5332387917625758,0.2113075176597764,-0.33361603143082835,0.016194577938002955,-0.1298028166892288,2.8584242372469054e-08,5.671791475008703e-09,-6.423192287196602e-08,2.8584242361961998e-08,5.671791473982335e-09,-6.423192286386659e-08,-0.333616002846586,0.01619458360979443,-0.12980288092115166,0.1334464011386344
91,9,COMPOSITE_Q_PLUS_RF,0.42156536129105643,0.32671510653931635,-0.1559734065874986,0.008214951986865586,0.02246982232689463,1.4446825964328462e-08,-1.8265595023984792e-11,9.16362813422584e-07,1.4446825957747933e-08,-1.8265595633226717e-11,9.163628134217783e-07,-0.15597339214067263,0.00821495196859999,0.02247073868970805,0.06238935685626905
91,10,COMPOSITE_Q_PLUS_RF,0.3062008880109679,0.19143182882642673,-0.014755961401504689,-0.009275129091785283,-0.14900215380932863,5.128365900735358e-08,6.402378523186496e-09,3.0936873052478945e-06,5.128365900691767e-08,6.402378523173713e-09,3.093687305250059e-06,-0.014755910117845682,-0.00927512268940676,-0.14899906012202338,0.14899906012202338
91,1,COMPOSITE_Q_PLUS_GB,0.405745436404986,0.07530406572385943,-0.19897019371279265,0.008430211465464466,-0.423630776512218,4.367399118467416e-07,1.5534166376423046e-09,1.851223422398949e-05,4.36739911846562e-07,1.5534166383779358e-09,1.8512234223999613e-05,-0.1989697569728808,0.008430213018881104,-0.423612264277994,0.423612264277994
91,2,COMPOSITE_Q_PLUS_GB,1.220497503072424,0.1715767223545825,-0.4013463944422121,0.08887431242113106,0.11048225122881214,-1.0019188620120301e-07,-6.691312699293728e-10,8.792175792858236e-06,-1.0019188617649277e-07,-6.69131264285916e-10,8.792175792859958e-06,-0.40134649463409827,0.0888743117519998,0.110491043404605,0.1605385978536393
91,3,COMPOSITE_Q_PLUS_GB,0.6479919074868241,0.07584086509474193,0.19582445221641714,-0.05335893318302869,0.09819860360131516,-2.947765979681471e-07,-6.186726965262705e-10,5.81824972935196e-06,-2.947765979643968e-07,-6.186726964063638e-10,5.8182497293529645e-06,0.19582415743981918,-0.05335893380170138,0.09820442185104451,0.09820442185104451
91,4,COMPOSITE_Q_PLUS_GB,1.1651399052400746,0.12959834343261634,0.5177831651522479,0.08549315440461087,0.1558887824120725,-1.3148884010838136e-06,4.356388472315368e-09,7.994246952847808e-06,-1.31488840104943e-06,4.3563884721820045e-09,7.99424695285822e-06,0.5177818502638468,0.08549315876099935,0.15589677665902535,0.20711274010553873
91,5,COMPOSITE_Q_PLUS_GB,0.5532150604834174,0.1548153673345522,-0.48945142517572937,-0.0047138939879874855,-0.11277045365336652,6.464764055870204e-07,1.1445896298222524e-09,-8.97693794181579e-06,6.464764055746919e-07,1.1445896296730096e-09,-8.97693794181531e-06,-0.4894507786993238,-0.004713892843397856,-0.11277943059130834,0.19578031147972952
91,6,COMPOSITE_Q_PLUS_GB,0.8178149142280536,0.1589356461108581,0.06934732862469631,0.07664903015895762,-0.1685929941976022,-3.136892622227742e-07,-6.691312699293728e-10,2.9640971275098693e-06,-3.1368926221853055e-07,-6.69131264285916e-10,2.964097127522436e-06,0.06934701493543409,0.07664902948982635,-0.16859003010047469,0.16859003010047469
91,7,COMPOSITE_Q_PLUS_GB,0.6571614999607973,0.10520282712188474,-0.15491265943189728,-0.05102574038371402,-0.1643714651412703,-4.905000731886801e-08,-2.7537291183824522e-12,-1.4099233441267704e-07,-4.9050007305817545e-08,-2.7537278013411992e-12,-1.4099233441866588e-07,-0.15491270848190458,-0.05102574038646775,-0.16437160613360471,0.16437160613360471
91,8,COMPOSITE_Q_PLUS_GB,0.5332383723061784,0.2113085332642106,-0.33361455659165223,0.01619457916873649,-0.12980426592417216,4.112154463388918e-07,1.1445896298222524e-09,3.0870870376976345e-06,4.11215446360913e-07,1.144589631407733e-09,3.0870870376953352e-06,-0.3336141453762059,0.016194580313326122,-0.12980117883713446,0.13344565815048234
91,9,COMPOSITE_Q_PLUS_GB,0.4215665951758568,0.3267151255773759,-0.15597384867739217,0.008214957978448042,0.02246669849445982,5.778581423106128e-07,2.3382021966590435e-09,-8.824735948338495e-06,5.77858142308818e-07,2.338202196097705e-09,-8.82473594833802e-06,-0.15597327081924986,0.008214960316650238,0.022457873758511483,0.06238930832769994
91,10,COMPOSITE_Q_PLUS_GB,0.306197579812335,0.19145411504600346,-0.014756260931829333,-0.009275145818086257,-0.14899325100634347,-6.1216475502478875e-06,1.99309996056941e-09,8.715082605194259e-05,-6.1216475502473555e-06,1.9930999611145195e-09,8.715082605192936e-05,-0.01476238257937958,-0.009275143824986296,-0.14890610018029155,0.14890610018029155
92,1,COMPOSITE_Q,0.9361177477423585,0.1509785091071654,0.27241886220582107,0.07527080455759072,0.2899736890157261,0.0,0.0,0.0,0.0,0.0,0.0,0.27241886220582107,0.07527080455759072,0.2899736890157261,0.2899736890157261
92,2,COMPOSITE_Q,0.7157630472491762,0.04803941652793751,-0.5175247768594208,-0.03534496427189401,0.10654067670887737,0.0,0.0,0.0,0.0,0.0,0.0,-0.5175247768594208,-0.03534496427189401,0.10654067670887737,0.20700991074376832
92,3,COMPOSITE_Q,0.47017588659564713,0.08505840493362707,0.19745210937551505,0.03851292449684816,-0.38444582897828145,0.0,0.0,0.0,0.0,0.0,0.0,0.19745210937551505,0.03851292449684816,-0.38444582897828145,0.38444582897828145
92,4,COMPOSITE_Q,0.5756854511836822,0.11882297291625846,0.07425611092570253,0.04979149307248014,-0.35066971420956156,0.0,0.0,0.0,0.0,0.0,0.0,0.07425611092570253,0.04979149307248014,-0.35066971420956156,0.35066971420956156
92,5,COMPOSITE_Q,0.8472045471825472,0.08272396306293242,-0.30463883670153835,0.06484353190945673,-0.3530689016570801,0.0,0.0,0.0,0.0,0.0,0.0,-0.30463883670153835,0.06484353190945673,-0.3530689016570801,0.3530689016570801
92,6,COMPOSITE_Q,0.7306922793839271,0.17351510373373136,0.2507751739220072,0.0562007411710696,-0.1247764586932832,0.0,0.0,0.0,0.0,0.0,0.0,0.2507751739220072,0.0562007411710696,-0.1247764586932832,0.1247764586932832
92,7,COMPOSITE_Q,0.9886434202304606,0.21330584200439623,-0.06134554952501368,0.08743803123443415,-0.1580222257386132,0.0,0.0,0.0,0.0,0.0,0.0,-0.06134554952501368,0.08743803123443415,-0.1580222257386132,0.1580222257386132
92,8,COMPOSITE_Q,0.8930197342120396,0.2682213241636869,0.1724039993689479,-0.05926092325607508,-0.06843999500830938,0.0,0.0,0.0,0.0,0.0,0.0,0.1724039993689479,-0.05926092325607508,-0.06843999500830938,0.06896159974757916
92,9,COMPOSITE_Q,0.43550223945797484,0.36516990329334664,-0.1900027793483462,-0.002647248045626674,0.1840909725772608,0.0,0.0,0.0,0.0,0.0,0.0,-0.1900027793483462,-0.002647248045626674,0.1840909725772608,0.1840909725772608
92,10,COMPOSITE_Q,1.0481206993530092,0.4656942594646758,0.2637383999802169,0.07431071269483011,-0.23970923692696394,0.0,0.0,0.0,0.0,0.0,0.0,0.2637383999802169,0.07431071269483011,-0.23970923692696394,0.23970923692696394
92,1,COMPOSITE_Q_PLUS_RF,0.9361177477423585,0.15097855574076646,0.27241886220582107,0.07527080455759072,0.2899736890157261,-7.765761905942034e-08,-7.214057217154748e-11,6.828437663982059e-07,-7.765761905753621e-08,-7.21405712944545e-11,6.82843766419694e-07,0.272418784548202,0.07527080448545015,0.28997437185949254,0.28997437185949254
92,2,COMPOSITE_Q_PLUS_RF,0.7157630738682149,0.04803945123929163,-0.5175251072739522,-0.03534501694510669,0.10658202366344066,7.655389682236499e-07,-7.220783362381965e-11,-3.127135496980919e-05,7.655389682170721e-07,-7.220783693195898e-11,-3.1271354969802934e-05,-0.517524341734984,-0.035345017017314524,0.10655075230847086,0.20700973669399358
92,3,COMPOSITE_Q_PLUS_RF,0.47017708257077656,0.08505886554155617,0.1974518020472338,0.03851298160069509,-0.38446476589394374,-1.3622322302643955e-06,8.89869786848353e-09,8.401246165613982e-06,-1.362232230267546e-06,8.898697868853223e-09,8.401246165634646e-06,0.19745043981500354,0.03851299049939296,-0.3844563646477781,0.3844563646477781
92,4,COMPOSITE_Q_PLUS_RF,0.5756856441456403,0.11882472891713047,0.07425754049471725,0.04979147867051888,-0.35067049587119564,-5.929031042661444e-06,1.1989654418794727e-08,0.00012965751312233258,-5.9290310426562964e-06,1.1989654422062124e-08,0.00012965751312232765,0.0742516114636746,0.0497914906601733,-0.3505408383580733,0.3505408383580733
92,5,COMPOSITE_Q_PLUS_RF,0.8472173751641676,0.08272398248251059,-0.3046284627788305,0.0648435432539444,-0.353247370639984,2.051081833422141e-08,-8.51717101332934e-11,1.1126714394106854e-06,2.0510818321550772e-08,-8.517171690147762e-11,1.1126714394293913e-06,-0.30462844226801217,0.06484354316877268,-0.3532462579685446,0.3532462579685446
92,6,COMPOSITE_Q_PLUS_RF,0.7306944806911944,0.17351510169511697,0.250774703851683,0.05620074668655583,-0.12479055602912494,-3.8987372796496735e-08,-7.05419939020943e-11,5.207748026449273e-07,-3.898737277463482e-08,-7.054199585576626e-11,5.207748026425651e-07,0.2507746648643102,0.05620074661601383,-0.12479003525432229,0.12479003525432229
92,7,COMPOSITE_Q_PLUS_RF,0.9886376338921037,0.21330585871213678,-0.06135422260170712,0.08743805468663032,-0.15789491919004006,1.3643109619991714e-09,-7.564939984712975e-11,-2.150394384955556e-09,1.364310962814752e-09,-7.56494034082067e-11,-2.1503943903322664e-09,-0.06135422123739616,0.08743805461098092,-0.15789492134043445,0.15789492134043445
92,8,COMPOSITE_Q_PLUS_RF,0.8930185352615367,0.26822180535812307,0.17230084260830225,-0.059261008761975,-0.0669357653516681,3.181855567858962e-07,-2.2210769415969092e-11,-1.580616405958296e-06,3.181855567913061e-07,-2.2210767947061782e-11,-1.580616405955082e-06,0.17230116079385904,-0.05926100878418577,-0.06693734596807406,0.06892046431754362
92,9,COMPOSITE_Q_PLUS_RF,0.43550980437534254,0.3651699459115939,-0.18993785447249542,-0.002647152217044713,0.18315924585046384,2.2049084717412383e-07,-5.516920414973186e-11,-1.6372923994674009e-06,2.2049084716369016e-07,-5.5169204274396755e-11,-1.6372923994645294e-06,-0.18993763398164826,-0.0026471522722139175,0.18315760855806437,0.18315760855806437
92,10,COMPOSITE_Q_PLUS_RF,1.0481178977331729,0.46569586826755915,0.26379255254427225,0.07431057676144315,-0.24037210370461204,3.5630667387549224e-06,3.7151193217977875e-09,-9.805570069594828e-06,3.563066738765386e-06,3.715119323288718e-09,-9.805570069604252e-06,0.263796115611011,0.07431058047656247,-0.24038190927468164,0.24038190927468164
92,1,COMPOSITE_Q_PLUS_GB,0.9361177477423585,0.15098021473638226,0.27241886220582107,0.07527080455759072,0.2899736890157261,-4.624394860364586e-07,-5.002646783205222e-10,7.739525722476545e-06,-4.624394860375247e-07,-5.002646769058927e-10,7.739525722472163e-06,0.27241839976633503,0.07527080405732604,0.2899814285414486,0.2899814285414486
92,2,COMPOSITE_Q_PLUS_GB,0.7157636704781803,0.048039395386990515,-0.5175239756242411,-0.03534499234533208,0.10653252738742335,6.132424737488896e-07,-6.186726965262705e-10,-1.2585698970623152e-05,6.132424738014564e-07,-6.186726964063638e-10,-1.258569897062689e-05,-0.5175233623817673,-0.03534499296400478,0.10651994168845272,0.20700934495270693
92,3,COMPOSITE_Q_PLUS_GB,0.4701748688934826,0.08505855698979377,0.19745115171165714,0.03851295467386815,-0.3844395432360123,-4.773703737424544e-07,8.984283758231641e-10,1.2889728018880837e-05,-4.773703737304125e-07,8.984283733637355e-10,1.2889728018883329e-05,0.1974506743412834,0.038512955572296524,-0.38442665350799343,0.38442665350799343
92,4,COMPOSITE_Q_PLUS_GB,0.5756861192874099,0.11882309677836504,0.07425664202991487,0.04979149076391705,-0.3506767289100722,-5.543620271756513e-07,8.984283758231641e-10,1.1281439373946847e-05,-5.543620271719618e-07,8.984283733637355e-10,1.128143937395576e-05,0.0742560876678877,0.04979149166234542,-0.3506654474706982,0.3506654474706982
92,5,COMPOSITE_Q_PLUS_GB,0.8472055451052449,0.08272404605025933,-0.3046330474900806,0.06484353694898302,-0.3531351538983388,-6.745548995104026e-08,-6.186726965262705e-10,3.374312917786093e-06,-6.745548997155737e-08,-6.186726964063638e-10,3.3743129178032127e-06,-0.30463311494557055,0.06484353633031033,-0.353131779585421,0.353131779585421
92,6,COMPOSITE_Q_PLUS_GB,0.7306945529421104,0.17351513229312882,0.25076387974099124,0.05620074885549582,-0.12463590279291298,-3.136892622227742e-07,-3.239991401412568e-10,3.516287067581982e-06,-3.1368926223240834e-07,-3.239991400172393e-10,3.5162870675869984e-06,0.250763566051729,0.05620074853149668,-0.12463238650584539,0.12463238650584539
92,7,COMPOSITE_Q_PLUS_GB,0.9886520071552339,0.21330584708779074,-0.06131445568733487,0.08743800004625316,-0.15847475501831648,-1.583007751714825e-07,-3.239991401412568e-10,2.226820467182068e-06,-1.5830077516876262e-07,-3.239991469561332e-10,2.2268204671882508e-06,-0.06131461398811004,0.08743799972225401,-0.1584725281978493,0.1584725281978493
92,8,COMPOSITE_Q_PLUS_GB,0.89302647406166,0.26822132827194484,0.17237591442340314,-0.059260980376153974,-0.06802610031509798,1.8018817813373484e-07,1.338243710472949e-09,-2.4297807667303727e-06,1.8018817812825993e-07,1.3382437102915645e-09,-2.4297807667272853e-06,0.17237609461158127,-0.059260979037910264,-0.06802853009586471,0.0689504378446325
92,9,COMPOSITE_Q_PLUS_GB,0.43550252192520356,0.36517000870453814,-0.19002858773228207,-0.002647244560863799,0.1844696899167867,7.324572391712618e-07,1.5842430590508749e-09,-1.5331491001217345e-05,7.324572391664841e-07,1.5842430592209744e-09,-1.5331491001219222e-05,-0.1900278552750429,-0.0026472429766207397,0.18445435842578548,0.18445435842578548
92,10,COMPOSITE_Q_PLUS_GB,1.048119037925644,0.46569319937105313,0.2637693513184195,0.07431061963849668,-0.2401189757611569,-6.03718462285145e-07,7.0080247961386144e-09,6.894808282849989e-06,-6.037184622775804e-07,7.008024799359802e-09,6.8948082828368396e-06,0.2637687475999572,0.07431062664652148,-0.24011208095287406,0.24011208095287406
93,1,COMPOSITE_Q,1.1853816981712917,0.028637508325374178,-0.5404624675985812,0.08284753971877006,-0.14177566517717544,0.0,0.0,0.0,0.0,0.0,0.0,-0.5404624675985812,0.08284753971877006,-0.14177566517717544,0.21618498703943248
93,2,COMPOSITE_Q,0.45683436532172067,0.07213525000844413,0.43492239313892717,-0.013045348077117222,-0.1962006769618729,0.0,0.0,0.0,0.0,0.0,0.0,0.43492239313892717,-0.013045348077117222,-0.1962006769618729,0.1962006769618729
93,3,COMPOSITE_Q,0.47429640736532586,0.17124029954339967,0.038686757496368844,-0.04192408743955111,-0.059142041901825024,0.0,0.0,0.0,0.0,0.0,0.0,0.038686757496368844,-0.04192408743955111,-0.059142041901825024,0.059142041901825024
93,4,COMPOSITE_Q,0.8016455563037134,0.27733877481026503,0.0014734823752138265,-0.06748634397087913,0.36047993538970713,0.0,0.0,0.0,0.0,0.0,0.0,0.0014734823752138265,-0.06748634397087913,0.36047993538970713,0.36047993538970713
93,5,COMPOSITE_Q,0.7772315977216052,0.1423530469925494,-0.3709273752526009,0.0514109153141348,0.4153039508532198,0.0,0.0,0.0,0.0,0.0,0.0,-0.3709273752526009,0.0514109153141348,0.4153039508532198,0.4153039508532198
93,6,COMPOSITE_Q,0.5923669795148641,0.24258963236704256,-0.3178584200409687,0.024784527276507318,0.22266591864918217,0.0,0.0,0.0,0.0,0.0,0.0,-0.3178584200409687,0.024784527276507318,0.22266591864918217,0.22266591864918217
93,7,COMPOSITE_Q,0.6028427520469175,0.35588653360399236,-0.23631422884052114,-0.016911590279007307,-0.17074775270181428,0.0,0.0,0.0,0.0,0.0,0.0,-0.23631422884052114,-0.016911590279007307,-0.17074775270181428,0.17074775270181428
93,8,COMPOSITE_Q,0.5712142416102768,0.43027852254103705,0.05512078475406997,-0.01828523343925301,-0.22588599169025853,0.0,0.0,0.0,0.0,0.0,0.0,0.05512078475406997,-0.01828523343925301,-0.22588599169025853,0.22588599169025853
93,9,COMPOSITE_Q,0.6953882303334582,0.4560751868433653,-0.11818146496283234,0.0227046966443914,0.2403419466164947,0.0,0.0,0.0,0.0,0.0,0.0,-0.11818146496283234,0.0227046966443914,0.2403419466164947,0.2403419466164947
93,10,COMPOSITE_Q,0.7818494213541141,0.34662906438550634,-0.1605724747495756,-0.046864098951460126,0.0476407738605118,0.0,0.0,0.0,0.0,0.0,0.0,-0.1605724747495756,-0.046864098951460126,0.0476407738605118,0.06422898989983024
93,1,COMPOSITE_Q_PLUS_RF,1.1853816981712917,0.02863758975466449,-0.5404624675985812,0.08284753971877006,-0.14177566517717544,5.204975019889841e-07,-8.104700985307248e-11,-1.322522331342295e-05,5.204975019879043e-07,-8.104701632039024e-11,-1.3225223313428902e-05,-0.5404619471010792,0.08284753963772304,-0.14178889040048887,0.2161847788404317
93,2,COMPOSITE_Q_PLUS_RF,0.45683562188268967,0.07213532155018985,0.4349222767175382,-0.013045344503974309,-0.1961864961136892,4.86544060888744e-07,2.4470648812110675e-09,-1.2189431880918431e-05,4.865440608736726e-07,2.4470648805896555e-09,-1.2189431880915702e-05,0.43492276326159907,-0.013045342056909428,-0.19619868554557013,0.19619868554557013
93,3,COMPOSITE_Q_PLUS_RF,0.4742961704170872,0.1712403256561157,0.03868572630504952,-0.041924149262089025,-0.059130640852472535,-2.0496976635171215e-07,3.5572805265171817e-09,2.6651644336094376e-06,-2.049697663542016e-07,3.5572805257011453e-09,2.6651644336114777e-06,0.03868552133528316,-0.0419241457048085,-0.059127975688038924,0.059127975688038924
93,4,COMPOSITE_Q_PLUS_RF,0.8016450360178458,0.27733875179873735,0.0014737928402776433,-0.06748628287434624,0.3604830271397064,3.31414295842497e-07,-8.037309953511687e-11,-2.1028408042860458e-06,3.3141429584254006e-07,-8.037309706665496e-11,-2.102840804263373e-06,0.0014741242545734858,-0.06748628295471934,0.36048092429890216,0.36048092429890216
93,5,COMPOSITE_Q_PLUS_RF,0.7772317499305131,0.1423529916548272,-0.37092748535568715,0.05141091111420634,0.4153003361639816,4.076854243081707e-09,-8.507518054785471e-11,-3.32034299597297e-08,4.076854243084682e-09,-8.507518300948647e-11,-3.3203429949946184e-08,-0.3709274812788329,0.05141091102913116,0.41530030296055165,0.41530030296055165
93,6,COMPOSITE_Q_PLUS_RF,0.5923669671148521,0.24258996975041608,-0.31785861860601844,0.02478451646336915,0.22266498848401453,1.7570376726417322e-06,6.840418313502782e-09,-2.0338137696480812e-05,1.7570376726339099e-06,6.8404183151127285e-09,-2.0338137696473968e-05,-0.3178568615683458,0.024784523303787467,0.22264465034631806,0.22264465034631806
93,7,COMPOSITE_Q_PLUS_RF,0.6028354054630215,0.35588683407533345,-0.23631638102604188,-0.016911609111669765,-0.17072816521300435,-2.999795942950194e-08,1.8161271189871196e-09,-1.471999922873052e-05,-2.999795942204564e-08,1.8161271202188356e-09,-1.4719999228723912e-05,-0.2363164110240013,-0.016911607295542645,-0.17074288521223308,0.17074288521223308
93,8,COMPOSITE_Q_PLUS_RF,0.5712143106980756,0.43027916073078365,0.055121419921504086,-0.01828521926256586,-0.2258715863166356,4.166484219069355e-06,-5.710111686885602e-11,-5.3610426438496036e-05,4.166484219067512e-06,-5.710111550261132e-11,-5.361042643850511e-05,0.055125586405723154,-0.018285219319666975,-0.2259251967430741,0.2259251967430741
93,9,COMPOSITE_Q_PLUS_RF,0.6953891887170818,0.456075213392176,-0.11818704625085097,0.022704677395653055,0.24041884630330682,2.55546224059031e-07,-6.277993430210457e-11,-4.059803030148817e-06,2.555462240566575e-07,-6.277993402914461e-11,-4.059803030143083e-06,-0.11818679070462691,0.02270467733287312,0.24041478650027667,0.24041478650027667
93,10,COMPOSITE_Q_PLUS_RF,0.7818500594837844,0.3466291053927826,-0.1604527986576333,-0.04686408404299033,0.046151362600870875,-4.59480176366464e-07,-6.858851327824733e-11,5.776023168974033e-06,-4.594801763790901e-07,-6.858850987168097e-11,5.776023168972688e-06,-0.16045325813780967,-0.04686408411157884,0.04615713862403985,0.06418130325512386
93,1,COMPOSITE_Q_PLUS_GB,1.1853816981712917,0.028637534094717608,-0.5404624675985812,0.08284753971877006,-0.14177566517717544,1.1974418202400167e-07,-6.186726965262705e-10,-6.15464916637824e-06,1.1974418201443626e-07,-6.186726964063638e-10,-6.154649166367765e-06,-0.5404623478543992,0.08284753910009736,-0.1417818198263418,0.21618493914175968
93,2,COMPOSITE_Q_PLUS_GB,0.45683503988783214,0.07213536102399884,0.43492251964562856,-0.01304534267861776,-0.19619460202467795,4.825410547092897e-07,1.0941310564191502e-09,-5.482120151034159e-06,4.825410547248943e-07,1.094131056589287e-09,-5.482120151029113e-06,0.4349230021866833,-0.013045341584486704,-0.19620008414482898,0.19620008414482898
93,3,COMPOSITE_Q_PLUS_GB,0.47429621001815414,0.17124033635293787,0.03868587196366548,-0.0419241322876898,-0.059136484625981554,-4.757131957372589e-07,1.6486839434486863e-09,9.784638556958288e-06,-4.757131957383587e-07,1.6486839463092373e-09,9.784638556956105e-06,0.03868539625046974,-0.04192413063900585,-0.0591266999874246,0.0591266999874246
93,4,COMPOSITE_Q_PLUS_GB,0.8016444539691207,0.27733896663319857,0.0014774692926166064,-0.06748623935731932,0.3591461888685882,-2.660885641668005e-07,-6.186726965262705e-10,4.3313990486678e-06,-2.6608856416670233e-07,-6.186726964063638e-10,4.331399048651541e-06,0.0014772032040524397,-0.06748623997599201,0.35915052026763683,0.35915052026763683
93,5,COMPOSITE_Q_PLUS_GB,0.7771816753555939,0.14235524911131073,-0.37107391092397235,0.05141092882612395,0.4183892877207866,-8.742656215680669e-08,-6.186726965262705e-10,6.475638328827477e-06,-8.742656215643407e-08,-6.186726964063638e-10,6.4756383288400166e-06,-0.3710739983505345,0.05141092820745125,0.41839576335911544,0.41839576335911544
93,6,COMPOSITE_Q_PLUS_GB,0.5923999727816773,0.24259103584541808,-0.3177328961653032,0.024784622234493847,0.22127259454083836,2.5851645075764604e-07,1.6788798707819387e-09,-2.3045635082345605e-06,2.5851645074626006e-07,1.6788798719302722e-09,-2.304563508220836e-06,-0.31773263764885246,0.02478462391337372,0.22127028997733014,0.22127028997733014
93,7,COMPOSITE_Q_PLUS_GB,0.602986259956906,0.35588736188394315,-0.23629522448777993,-0.016911349669832744,-0.1711388057167478,2.2604175819456326e-07,8.714015135240881e-10,2.254157683100897e-06,2.2604175820006844e-07,8.71401513447001e-10,2.254157683095892e-06,-0.23629499844602173,-0.01691134879843123,-0.1711365515590647,0.1711365515590647
93,8,COMPOSITE_Q_PLUS_GB,0.5712142967818272,0.4302784945520253,0.055120866036152426,-0.018285222622193755,-0.22588598313389252,4.1355810877839106e-07,1.7195827584732255e-09,-8.162202584296243e-06,4.135581087791329e-07,1.7195827574367772e-09,-8.16220258428868e-06,0.055121279594261205,-0.018285220902610998,-0.2258941453364768,0.2258941453364768
93,9,COMPOSITE_Q_PLUS_GB,0.6953881988502721,0.45607527489372957,-0.11818157466683919,0.022704687961984948,0.24034415644060744,-2.6072773936678605e-07,5.821737010016066e-10,9.931644082327722e-06,-2.6072773937069194e-07,5.821737016076245e-10,9.931644082333824e-06,-0.11818183539457856,0.02270468854415865,0.24035408808468978,0.24035408808468978
93,10,COMPOSITE_Q_PLUS_GB,0.7818498752896182,0.3466291937651006,-0.16047168272506276,-0.04686408930999405,0.04638577917837006,3.633784389590488e-08,-6.186726965262705e-10,2.5712217184669903e-06,3.633784390055794e-08,-6.186726964063638e-10,2.571221718469796e-06,-0.16047164638721886,-0.046864089928666745,0.04638835040008853,0.06418865855488755
94,1,COMPOSITE_Q,0.7869453525525569,0.0987587009696163,-0.14917415837382136,-0.06745025492609977,0.22162474321312786,0.0,0.0,0.0,0.0,0.0,0.0,-0.14917415837382136,-0.06745025492609977,0.22162474321312786,0.22162474321312786
94,2,COMPOSITE_Q,0.6472778431083339,0.06934387757840864,0.36015942868173356,-0.041621006536993736,-0.1372257160817291,0.0,0.0,0.0,0.0,0.0,0.0,0.36015942868173356,-0.041621006536993736,-0.1372257160817291,0.14406377147269342
94,3,COMPOSITE_Q,0.5208978753261873,0.08435630070501979,-0.3008069192960266,0.031848362150418155,0.08600132906014897,0.0,0.0,0.0,0.0,0.0,0.0,-0.3008069192960266,0.031848362150418155,0.08600132906014897,0.12032276771841063
94,4,COMPOSITE_Q,0.9729041548028482,0.09906846437701707,-0.5684127685266976,0.060076927281543784,-0.10109033864430268,0.0,0.0,0.0,0.0,0.0,0.0,-0.5684127685266976,0.060076927281543784,-0.10109033864430268,0.22736510741067906
94,5,COMPOSITE_Q,1.0314721502231168,0.24399958701769753,0.32348824181836644,0.06681355590152802,0.26146213210078734,0.0,0.0,0.0,0.0,0.0,0.0,0.32348824181836644,0.06681355590152802,0.26146213210078734,0.26146213210078734
94,6,COMPOSITE_Q,0.8075368559632193,0.4325556111465072,-0.20227449408678055,0.042134610657388154,-0.20500715657415383,0.0,0.0,0.0,0.0,0.0,0.0,-0.20227449408678055,0.042134610657388154,-0.20500715657415383,0.20500715657415383
94,7,COMPOSITE_Q,0.9169938698520437,0.33086641456942345,0.5350534513269669,-0.0399672125469582,-0.028134425080127607,0.0,0.0,0.0,0.0,0.0,0.0,0.5350534513269669,-0.0399672125469582,-0.028134425080127607,0.21402138053078676
94,8,COMPOSITE_Q,0.8751689356875763,0.32272609945903663,0.1885085122269589,0.05102300536869412,0.053577242788938474,0.0,0.0,0.0,0.0,0.0,0.0,0.1885085122269589,0.05102300536869412,0.053577242788938474,0.07540340489078357
94,9,COMPOSITE_Q,0.7611786832887032,0.3622320768368865,0.14412112777522756,-0.042487818400510385,0.28066610840798456,0.0,0.0,0.0,0.0,0.0,0.0,0.14412112777522756,-0.042487818400510385,0.28066610840798456,0.28066610840798456
94,10,COMPOSITE_Q,0.7404207301450403,0.49235599711443717,0.21332148232558296,0.02350790199833626,-0.27505390497517246,0.0,0.0,0.0,0.0,0.0,0.0,0.21332148232558296,0.02350790199833626,-0.27505390497517246,0.27505390497517246
94,1,COMPOSITE_Q_PLUS_RF,0.7869453525525569,0.09875869793706661,-0.14917415837382136,-0.06745025492609977,0.22162474321312786,1.326689063932475e-08,-7.086134617495586e-11,-1.481539262375018e-08,1.3266890641627782e-08,-7.086134456990578e-11,-1.4815392634925928e-08,-0.14917414510693072,-0.06745025499696111,0.22162472839773523,0.22162472839773523
94,2,COMPOSITE_Q_PLUS_RF,0.647277835403374,0.06934530044790355,0.36015942219937425,-0.04162100642900775,-0.13722730558804547,-4.355484011696628e-07,-5.5635926523793875e-11,8.486051943147813e-06,-4.355484011786537e-07,-5.563592642143789e-11,8.486051943146222e-06,0.36015898665097307,-0.041621006484643674,-0.13721881953610232,0.14406359466038923
94,3,COMPOSITE_Q_PLUS_RF,0.5208983956164068,0.08435635920910171,-0.30080592375462184,0.03184836373305701,0.08599020983298926,2.914819912835765e-08,2.415529112669688e-09,-1.7171234481580157e-06,2.9148199132134067e-08,2.4155291100669274e-09,-1.7171234481527797e-06,-0.3008058946064227,0.03184836614858612,0.0859884927095411,0.12032235784256909
94,4,COMPOSITE_Q_PLUS_RF,0.9729037809786865,0.09907485536258362,-0.5693240186762679,0.06007706081595579,-0.09435551984061694,3.189352359564913e-07,-8.518362738517e-11,-8.318595918602984e-07,3.189352359989073e-07,-8.518362404341673e-11,-8.318595918627159e-07,-0.5693236997410319,0.06007706073077217,-0.0943563517002088,0.22772947989641276
94,5,COMPOSITE_Q_PLUS_RF,1.0312194567521806,0.2439995827286349,0.32438263411524254,0.06681117171649097,0.25476324593911986,5.406154128867476e-10,-9.933306162334091e-11,-2.313461162770244e-08,5.406153857911988e-10,-9.933305566978134e-11,-2.3134611615294176e-08,0.3243826346558579,0.06681117161715791,0.25476322280450825,0.25476322280450825
94,6,COMPOSITE_Q_PLUS_RF,0.8075386600960686,0.4325555919433645,-0.20227315127389875,0.04213459079303033,-0.20501636243772392,-1.403401587872462e-11,-8.54414634611253e-11,2.3235292397811435e-08,-1.4034023942954832e-11,-8.544146640199202e-11,2.3235292384571338e-08,-0.20227315128793277,0.04213459070758886,-0.20501633920243154,0.20501633920243154
94,7,COMPOSITE_Q_PLUS_RF,0.9169938364221404,0.3308721448001901,0.5349719331384745,-0.03996720739508291,-0.02693867787807847,1.2210248947057346e-06,-3.000659533717849e-09,-5.6426495052736055e-06,1.2210248947486235e-06,-3.000659533347605e-09,-5.642649505272629e-06,0.5349731541633692,-0.03996721039574244,-0.02694432052758374,0.21398926166534768
94,8,COMPOSITE_Q_PLUS_RF,0.8751441593394559,0.3227260166291785,0.18858900479858776,0.05102283531139287,0.052378836950877056,-2.7028123942549552e-08,-8.046627887874292e-11,1.8666440997423863e-08,-2.702812393340359e-08,-8.046627947289053e-11,1.866644099707271e-08,0.18858897777046382,0.05102283523092659,0.05237885561731805,0.07543559110818553
94,9,COMPOSITE_Q_PLUS_RF,0.7611790137535888,0.3622321498786204,0.14417546074223012,-0.042487811438234234,0.2802307480740026,3.398934412510589e-07,-7.82344656338855e-11,-5.081088101357063e-06,3.3989344125351373e-07,-7.823446751542562e-11,-5.081088101377418e-06,0.14417580063567137,-0.0424878115164687,0.28022566698590123,0.28022566698590123
94,10,COMPOSITE_Q_PLUS_RF,0.7404008856995359,0.4923548716947595,0.2125467468385996,0.023507992774944194,-0.2688376410895304,-1.5321425118809888e-07,-8.32954608495446e-11,-5.299539589021051e-06,-1.5321425117509335e-07,-8.329546080654282e-11,-5.2995395889987584e-06,0.2125465936243484,0.023507992691648733,-0.2688429406291194,0.2688429406291194
94,1,COMPOSITE_Q_PLUS_GB,0.7869453525525569,0.09875866983610983,-0.14917415837382136,-0.06745025492609977,0.22162474321312786,-2.6704232189919836e-07,-6.186726965262705e-10,4.650221093201871e-06,-2.670423218942286e-07,-6.186726964063638e-10,4.65022109319424e-06,-0.14917442541614326,-0.06745025554477246,0.22162939343422106,0.22162939343422106
94,2,COMPOSITE_Q_PLUS_GB,0.6472774605409654,0.0693439499115662,0.36015970361550165,-0.041621004648543784,-0.13723950544073618,-1.9938297134381412e-07,1.856698089117712e-09,2.9016018191895747e-06,-1.993829713553552e-07,1.8566980869438865e-09,2.901601819177424e-06,0.3601595042325303,-0.0416210027918457,-0.137236603838917,0.1440638016930121
94,3,COMPOSITE_Q_PLUS_GB,0.5208969637794366,0.08435644809076026,-0.30080670473568877,0.03184836049873258,0.0860073776881576,1.0011411345293753e-07,8.543357560872765e-10,2.47086508673211e-06,1.001141134437944e-07,8.543357549184449e-10,2.4708650867288906e-06,-0.3008066046215753,0.03184836135306834,0.08600984855324433,0.12032264184863013
94,4,COMPOSITE_Q_PLUS_GB,0.972904516581418,0.09906852097177936,-0.5683466372551162,0.06007691508644912,-0.1015818176933035,5.941413291741035e-07,-6.186726965262705e-10,-7.979846409507032e-06,5.941413291354891e-07,-6.186726964063638e-10,-7.979846409503222e-06,-0.5683460431137871,0.060076914467776424,-0.101589797539713,0.22733841724551485
94,5,COMPOSITE_Q_PLUS_GB,1.031491145450056,0.24399970294222467,0.3234202514561698,0.06681372002046287,0.261974312046143,-5.128468493495736e-07,1.5254621113966797e-09,5.290037828708717e-06,-5.128468493764693e-07,1.525462117735188e-09,5.2900378287312755e-06,0.32341973860932044,0.06681372154592499,0.26197960208397175,0.26197960208397175
94,6,COMPOSITE_Q_PLUS_GB,0.8075422279730076,0.4325595141367917,-0.20225470683300287,0.042134577784135326,-0.20506771894705517,-2.0451767710677186e-09,-6.691312699293728e-10,6.6066461997766665e-06,-2.045176777931701e-09,-6.691312712248099e-10,6.606646199780464e-06,-0.20225470887817965,0.042134577115004054,-0.20506111230085539,0.20506111230085539
94,7,COMPOSITE_Q_PLUS_GB,0.9169869832929155,0.3308663814236922,0.5350645477602092,-0.03996721233914456,-0.028501836650205795,2.4050507006480843e-07,7.296912482033279e-10,-6.389701568731181e-06,2.4050507008155364e-07,7.296912449272774e-10,-6.38970156873267e-06,0.5350647882652793,-0.03996721160945332,-0.028508226351774527,0.2140259153061117
94,8,COMPOSITE_Q_PLUS_GB,0.8751771174170938,0.3227287996812198,0.18842521609186366,0.051023065740458104,0.05478759285591637,-3.0822725843494863e-08,-5.321230252148478e-11,3.018769581332518e-06,-3.082272584387091e-08,-5.3212302619787266e-11,3.0187695813296833e-06,0.18842518526913782,0.0510230656872458,0.0547906116254977,0.07537007410765513
94,9,COMPOSITE_Q_PLUS_GB,0.7611096813899689,0.3622320697632474,0.14451827701328865,-0.04248784224184883,0.27712254430717126,-2.302963681966154e-07,-3.9834443230960043e-10,2.4081431365565964e-06,-2.3029636819771326e-07,-3.9834443382735785e-10,2.4081431365674533e-06,0.14451804671692045,-0.042487842640193264,0.2771249524503078,0.2771249524503078
94,10,COMPOSITE_Q_PLUS_GB,0.7402988005032565,0.4923549129043449,0.21226440939046973,0.02350827861016384,-0.2665620933365418,4.43235271642546e-08,2.370415712134902e-10,8.396640694453704e-06,4.432352715411092e-08,2.370415704000539e-10,8.396640694463553e-06,0.21226445371399688,0.02350827884720541,-0.26655369669584733,0.26655369669584733
95,1,COMPOSITE_Q,0.8270791810326751,0.11810145743477539,-0.41705970541096027,0.054176353000325514,0.39511630172510437,0.0,0.0,0.0,0.0,0.0,0.0,-0.41705970541096027,0.054176353000325514,0.39511630172510437,0.39511630172510437
95,2,COMPOSITE_Q,0.6295553640555436,0.20640056427866504,-0.10822561256598746,-0.049420617184362074,-0.21252743644581032,0.0,0.0,0.0,0.0,0.0,0.0,-0.10822561256598746,-0.049420617184362074,-0.21252743644581032,0.21252743644581032
95,3,COMPOSITE_Q,0.5665626504694938,0.33716061214671544,-0.10620698641096962,-0.027193955152052706,-0.17577719351903656,0.0,0.0,0.0,0.0,0.0,0.0,-0.10620698641096962,-0.027193955152052706,-0.17577719351903656,0.17577719351903656
95,4,COMPOSITE_Q,0.711268031327874,0.44660791922567555,-0.08578407328137196,-0.03167154396552632,-0.20988135301694946,0.0,0.0,0.0,0.0,0.0,0.0,-0.08578407328137196,-0.03167154396552632,-0.20988135301694946,0.20988135301694946
95,5,COMPOSITE_Q,1.3863615058763532,0.5637237112568341,-0.4147954875501887,0.07143007979117272,0.11088652336346567,0.0,0.0,0.0,0.0,0.0,0.0,-0.4147954875501887,0.07143007979117272,0.11088652336346567,0.1659181950200755
95,6,COMPOSITE_Q,1.4928023197127887,0.7333072601919848,0.39777099960232215,0.07025811261729795,-0.004959389036618606,0.0,0.0,0.0,0.0,0.0,0.0,0.39777099960232215,0.07025811261729795,-0.004959389036618606,0.15910839984092887
95,7,COMPOSITE_Q,1.335757563956287,0.8872017032093947,0.6433630189453323,-0.023247978608080623,0.20306253149834327,0.0,0.0,0.0,0.0,0.0,0.0,0.6433630189453323,-0.023247978608080623,0.20306253149834327,0.25734520757813295
95,8,COMPOSITE_Q,1.123502203194685,0.9156591334426435,-0.230832799573457,0.013523247109390237,0.0908476531084174,0.0,0.0,0.0,0.0,0.0,0.0,-0.230832799573457,0.013523247109390237,0.0908476531084174,0.0923331198293828
95,9,COMPOSITE_Q,1.6579050577284515,1.096733092844115,-0.02938277482231503,0.060028185415619564,0.49721812910864666,0.0,0.0,0.0,0.0,0.0,0.0,-0.02938277482231503,0.060028185415619564,0.49721812910864666,0.49721812910864666
95,10,COMPOSITE_Q,1.3830030558533861,1.2598668032084894,-0.03468653291342079,-0.018316847335337876,0.19099237208775452,0.0,0.0,0.0,0.0,0.0,0.0,-0.03468653291342079,-0.018316847335337876,0.19099237208775452,0.19099237208775452
95,1,COMPOSITE_Q_PLUS_RF,0.8270791810326751,0.11810151209900563,-0.41705970541096027,0.054176353000325514,0.39511630172510437,2.6214616915006484e-08,-8.587744681153735e-11,4.383914569382156e-06,2.621461692164928e-08,-8.587744404486841e-11,4.38391456936138e-06,-0.41705967919634335,0.05417635291444807,0.39512068563967373,0.39512068563967373
95,2,COMPOSITE_Q_PLUS_RF,0.6295559995027772,0.2063955935569894,-0.10669200531917546,-0.0494204096123593,-0.21444720172207063,3.31739085192041e-08,6.039073230599535e-10,-1.8125318797683244e-07,3.3173908522976525e-08,6.03907319984831e-10,-1.8125318798634105e-07,-0.10669197214526693,-0.04942040900845198,-0.21444738297525862,0.21444738297525862
95,3,COMPOSITE_Q_PLUS_RF,0.5666181541314341,0.3371612041967317,-0.10773024566846935,-0.02719419918016565,-0.1738760763057715,-1.74925009281187e-07,6.009320030263658e-10,-2.2832251916339474e-06,-1.7492500928306676e-07,6.009320020761155e-10,-2.28322519163493e-06,-0.10773042059347863,-0.027194198579233646,-0.17387835953096314,0.17387835953096314
95,4,COMPOSITE_Q_PLUS_RF,0.7112675991219408,0.4466079116746588,-0.0857829870866324,-0.031671542486258975,-0.2098825117355482,-3.1035134911062215e-08,-6.716386128303418e-11,4.071331689110553e-07,-3.103513490643195e-08,-6.716386474758806e-11,4.0713316890039764e-07,-0.08578301812176731,-0.03167154255342284,-0.2098821046023793,0.2098821046023793
95,5,COMPOSITE_Q_PLUS_RF,1.3863615181573916,0.5637259294799282,-0.41479894703692155,0.07143007557477901,0.11089258753232906,5.85347936154848e-08,-6.794536276324369e-09,-8.202266993698757e-06,5.853479362327718e-08,-6.7945362808297105e-09,-8.202266993703744e-06,-0.4147988885021279,0.07143006878024273,0.11088438526533535,0.16591955540085118
95,6,COMPOSITE_Q_PLUS_RF,1.4928039801204298,0.7333087649881698,0.3977757666841299,0.07025838022779841,-0.004956547662520151,-5.431464154893964e-06,-2.7954637041800885e-07,-3.335443336179873e-06,-5.4314641548813825e-06,-2.7954637041305297e-07,-3.335443336179543e-06,0.397770335219975,0.070258100681428,-0.004959883105856331,0.15910813408799002
95,7,COMPOSITE_Q_PLUS_RF,1.3357598804140027,0.8872019958344818,0.6433672156521987,-0.02324793364381434,0.2030618648316145,-4.929933666421088e-07,-5.95567100124149e-08,6.6464091651255046e-06,-4.929933666852904e-07,-5.955671001159346e-08,6.646409165117495e-06,0.643366722658832,-0.023247993200524352,0.20306851124077963,0.2573466890635328
95,8,COMPOSITE_Q_PLUS_RF,1.1235025253909694,0.9156685942102334,-0.2308436450225464,0.013523279897392002,0.09065173154761276,8.438553293237408e-06,-9.818500711568425e-09,-0.0001309753078062916,8.438553293244055e-06,-9.818500712119316e-09,-0.00013097530780628586,-0.23083520646925315,0.01352327007889129,0.09052075623980647,0.09233408258770126
95,9,COMPOSITE_Q_PLUS_RF,1.657908695817716,1.0967346341174664,-0.02938688619104295,0.06002819969570451,0.4976471335327964,-4.536871995683472e-06,-2.95301127763858e-07,-7.259448789150439e-07,-4.5368719956834225e-06,-2.9530112776593453e-07,-7.259448789320722e-07,-0.029391423063038633,0.060027904394576746,0.49764640758791745,0.49764640758791745
95,10,COMPOSITE_Q_PLUS_RF,1.3830007909303346,1.2598714686743966,-0.03467667767430791,-0.018316555180944275,0.1909067903262199,1.8203809792488055e-05,-2.2039550360444772e-08,-0.00026718990682679555,1.8203809792491366e-05,-2.2039550361813154e-08,-0.0002671899068268091,-0.03465847386451542,-0.018316577220494637,0.1906396004193931,0.1906396004193931
95,1,COMPOSITE_Q_PLUS_GB,0.8270791810326751,0.11810149761537886,-0.41705970541096027,0.054176353000325514,0.39511630172510437,-1.0320440923011654e-07,-6.186726965262705e-10,6.7944603733615484e-06,-1.032044092408313e-07,-6.186726964063638e-10,6.794460373382716e-06,-0.4170598086153695,0.05417635238165282,0.39512309618547775,0.39512309618547775
95,2,COMPOSITE_Q_PLUS_GB,0.6295562659157374,0.20639638360540366,-0.1066897236699478,-0.0494204086632679,-0.21445234613796232,-9.778758711618979e-08,-3.478858589064981e-10,3.368522591365423e-06,-9.778758711109781e-08,-3.478858590089118e-10,3.368522591362666e-06,-0.10668982145753492,-0.04942040901115376,-0.21444897761537096,0.21444897761537096
95,3,COMPOSITE_Q_PLUS_GB,0.5666193175465974,0.337161145519491,-0.10773170239309977,-0.027194191975161017,-0.17387770377156098,9.519827169528181e-08,1.1346553283532356e-09,1.9186751466599973e-06,9.519827169623962e-08,1.1346553280278115e-09,1.9186751466504504e-06,-0.10773160719482808,-0.02719419084050569,-0.17387578509641433,0.17387578509641433
95,4,COMPOSITE_Q_PLUS_GB,0.7112682111901089,0.44660831056029593,-0.08578858283421383,-0.03167154042587153,-0.2098438531737699,-9.683382938379197e-08,-3.9834443230960043e-10,8.646762651628292e-06,-9.68338293855231e-08,-3.9834443382735785e-10,8.64676265163733e-06,-0.08578867966804321,-0.031671540824215964,-0.20983520641111827,0.20983520641111827
95,5,COMPOSITE_Q_PLUS_GB,1.3863613783403317,0.563725950258528,-0.41479489701750777,0.0714300794979008,0.11084451032322673,-2.7452592916325995e-07,-6.691312699293728e-10,8.473353748324165e-06,-2.745259291558888e-07,-6.69131264285916e-10,8.473353748317258e-06,-0.4147951715434369,0.07143007882876953,0.11085298367697505,0.16591806861737476
95,6,COMPOSITE_Q_PLUS_GB,1.49280375592203,0.7333134933025385,0.39777542897712403,0.07025811047107425,-0.004973739159298712,-7.385321258824009e-07,9.061870061645411e-07,2.0359561335306137e-06,-7.385321258990274e-07,9.061870061694011e-07,2.035956133530914e-06,0.39777469044499814,0.07025901665808042,-0.004971703203165181,0.15910987617799927
95,7,COMPOSITE_Q_PLUS_GB,1.335764146707509,0.8872033882699162,0.6433632694090845,-0.0232488844685463,0.20306370864340131,7.221986459330754e-09,8.398230112340511e-09,5.992748830048795e-06,7.221986453309626e-09,8.398230111339444e-09,5.992748830035977e-06,0.643363276631071,-0.02324887607031619,0.20306970139223135,0.2573453106524284
95,8,COMPOSITE_Q_PLUS_GB,1.1235023059117024,0.9156579624937328,-0.23083607997185765,0.013523244212921373,0.09083996248943027,-1.4677320841102945e-08,5.821737010016066e-10,-1.3108689243107029e-06,-1.467732083093587e-08,5.821737016076245e-10,-1.3108689243118699e-06,-0.23083609464917848,0.013523244795095075,0.09083865162050596,0.0923344378596714
95,9,COMPOSITE_Q_PLUS_GB,1.6579039709877232,1.0967371645695065,-0.029385767131352214,0.06002818618754921,0.4973260174091504,-7.024695741990238e-07,7.776603613355824e-07,1.036218330592974e-06,-7.024695742006981e-07,7.776603613354749e-07,1.0362183305856476e-06,-0.029386469600926415,0.060028963847910545,0.497327053627481,0.497327053627481
95,10,COMPOSITE_Q_PLUS_GB,1.3830069221353891,1.259867484720588,-0.03468059111491107,-0.018317629932843252,0.19090252332880306,3.87303154729471e-06,8.669016949960281e-09,-6.256895628823015e-05,3.873031547294015e-06,8.669016948736896e-09,-6.256895628822812e-05,-0.034676718083363776,-0.018317621263826304,0.19083995437251483,0.19083995437251483
96,1,COMPOSITE_Q,0.862035650767794,0.08901361851284165,0.37047652339705,-0.06200884032854736,0.20973759963250319,0.0,0.0,0.0,0.0,0.0,0.0,0.37047652339705,-0.06200884032854736,0.20973759963250319,0.20973759963250319
96,2,COMPOSITE_Q,0.7503517977127194,0.18175793960911593,0.04739255934097056,-0.061476871965434075,0.051133270045154125,0.0,0.0,0.0,0.0,0.0,0.0,0.04739255934097056,-0.061476871965434075,0.051133270045154125,0.05123072663786173
96,3,COMPOSITE_Q,0.4182131438601774,0.12654020730709528,0.24677265076035454,0.025945506511649563,-0.5438674643311455,0.0,0.0,0.0,0.0,0.0,0.0,0.24677265076035454,0.025945506511649563,-0.5438674643311455,0.5438674643311455
96,4,COMPOSITE_Q,0.25088866345338934,0.18027668507162348,-0.009856742067291568,0.010087474747836387,0.00046459685754178856,0.0,0.0,0.0,0.0,0.0,0.0,-0.009856742067291568,0.010087474747836387,0.00046459685754178856,0.008406228956530324
96,5,COMPOSITE_Q,0.959427130684747,0.16432632237162229,0.290672749052788,-0.06978124174253307,-0.14319398516315857,0.0,0.0,0.0,0.0,0.0,0.0,0.290672749052788,-0.06978124174253307,-0.14319398516315857,0.14319398516315857
96,6,COMPOSITE_Q,0.7338223645979189,0.21812584873705693,-0.37548414135255476,0.045572470441443226,0.13373247929190368,0.0,0.0,0.0,0.0,0.0,0.0,-0.37548414135255476,0.045572470441443226,0.13373247929190368,0.1501936565410219
96,7,COMPOSITE_Q,1.1850124630291703,0.38655417246821683,0.32899855201747813,0.08355806360913244,0.1723040696406078,0.0,0.0,0.0,0.0,0.0,0.0,0.32899855201747813,0.08355806360913244,0.1723040696406078,0.1723040696406078
96,8,COMPOSITE_Q,0.593583129523586,0.35688402395660085,0.37953510499507287,-0.011263377722105812,-0.31502938991606133,0.0,0.0,0.0,0.0,0.0,0.0,0.37953510499507287,-0.011263377722105812,-0.31502938991606133,0.31502938991606133
96,9,COMPOSITE_Q,1.1616761125952046,0.3618357677931495,-0.22427039642575877,-0.07577208578654952,0.21700421034435996,0.0,0.0,0.0,0.0,0.0,0.0,-0.22427039642575877,-0.07577208578654952,0.21700421034435996,0.21700421034435996
96,10,COMPOSITE_Q,1.2716447161477815,0.4808913936095296,0.16373154367651405,-0.08060631495047668,-0.4507486907960825,0.0,0.0,0.0,0.0,0.0,0.0,0.16373154367651405,-0.08060631495047668,-0.4507486907960825,0.4507486907960825
96,1,COMPOSITE_Q_PLUS_RF,0.862035650767794,0.0890137293472992,0.37047652339705,-0.06200884032854736,0.20973759963250319,6.19151728338615e-07,-3.0936144250750404e-09,-2.074568443222013e-06,6.191517283316017e-07,-3.093614427129854e-09,-2.074568443227731e-06,0.37047714254877834,-0.062008843422161786,0.20973552506405996,0.20973552506405996
96,2,COMPOSITE_Q_PLUS_RF,0.7503519445036128,0.1817580439389065,0.047392318808809085,-0.061476871931638435,0.05113168046232763,7.39195046840026e-12,-1.5887485446721645e-11,1.6185340293462007e-06,7.391948164681139e-12,-1.58874857714153e-11,1.6185340293434214e-06,0.04739231881620103,-0.06147687194752592,0.05113329899635698,0.05123072662293827
96,3,COMPOSITE_Q_PLUS_RF,0.4182128992041012,0.1265395614716782,0.2467738211694777,0.025945503121159084,-0.5438450003377768,5.790059414219151e-08,1.248002271432839e-08,-1.4363666970546048e-05,5.79005941525601e-08,1.2480022713173833e-08,-1.436366697049607e-05,0.24677387907007184,0.025945515601181798,-0.5438593640047473,0.5438593640047473
96,4,COMPOSITE_Q_PLUS_RF,0.25088916277146345,0.18027670514538063,-0.009866987555349118,0.010087472694539372,0.0006093535468528693,7.492067979010466e-12,-1.4344168756479619e-11,5.429238709454546e-07,7.49206773009714e-12,-1.4344168214330821e-11,5.429238709454267e-07,-0.00986698754785705,0.010087472680195204,0.0006098964707238147,0.008406227233496004
96,5,COMPOSITE_Q_PLUS_RF,0.9594219238460541,0.16432646761789296,0.29067868394058255,-0.06978122057481204,-0.14331536766411818,1.1466539517163381e-07,-4.352444781548478e-11,5.417731935025504e-06,1.146653951789034e-07,-4.352444793465082e-11,5.417731935020154e-06,0.29067879860597773,-0.06978122061833648,-0.14330994993218316,0.14330994993218316
96,6,COMPOSITE_Q_PLUS_RF,0.7338249310220114,0.2181259296528101,-0.37548142246317945,0.045572464618810184,0.13370278347211434,-7.595454396473618e-10,-9.039412478189929e-11,4.0691750632351296e-07,-7.59545426554098e-10,-9.039412274258751e-11,4.0691750632926293e-07,-0.3754814232227249,0.04557246452841606,0.13370319038962067,0.15019256928908994
96,7,COMPOSITE_Q_PLUS_RF,1.185012212152586,0.38655442412769636,0.32899839497893657,0.08355806916169514,0.17229529811155517,-4.3471270353548646e-08,-7.86752365883617e-11,-9.401733522506751e-06,-4.3471270361195025e-08,-7.867523299509571e-11,-9.401733522512723e-06,0.3289983515076662,0.08355806908301991,0.17228589637803265,0.17228589637803265
96,8,COMPOSITE_Q_PLUS_RF,0.5935834295611547,0.3568847561167436,0.37953474758135286,-0.011263379030038413,-0.3150104944614844,8.955696081582635e-10,9.990988607283126e-09,-1.9543945587102243e-05,8.955696184642647e-10,9.990988607613827e-09,-1.954394558711936e-05,0.3795347484769225,-0.011263369039049806,-0.3150300384070715,0.3150300384070715
96,9,COMPOSITE_Q_PLUS_RF,1.1616755427421532,0.36183811216740686,-0.22427199458473376,-0.07577184433557864,0.21702492632024986,-5.94164424666321e-08,1.829302361321324e-09,2.42949692804202e-06,-5.9416442460547e-08,1.8293023623661142e-09,2.429496928052499e-06,-0.22427205400117622,-0.07577184250627628,0.2170273558171779,0.2170273558171779
96,10,COMPOSITE_Q_PLUS_RF,1.271647814221534,0.4808941483509499,0.16373327245096775,-0.08060655813290359,-0.45075311199688145,-3.808169506042735e-07,-5.524869209243127e-11,1.0281948376515935e-05,-3.8081695061253917e-07,-5.524869450823644e-11,1.0281948376489325e-05,0.16373289163401714,-0.08060655818815228,-0.45074283004850496,0.45074283004850496
96,1,COMPOSITE_Q_PLUS_GB,0.862035650767794,0.08901380631443315,0.37047652339705,-0.06200884032854736,0.20973759963250319,-8.671492252307784e-07,9.931115806848322e-10,4.347127298614152e-06,-8.671492252032564e-07,9.93111579083994e-10,4.347127298603981e-06,0.3704756562478248,-0.06200883933543578,0.2097419467598018,0.2097419467598018
96,2,COMPOSITE_Q_PLUS_GB,0.7503515467465441,0.18175815349855698,0.04739409642488182,-0.06147691262341669,0.05112040039159338,-1.2714181444181932e-07,2.201830218905829e-09,5.356818296476332e-06,-1.2714181444467565e-07,2.201830218151457e-09,5.356818296477217e-06,0.047393969283067376,-0.06147691042158647,0.051125757209889856,0.051230758684655396
96,3,COMPOSITE_Q_PLUS_GB,0.4182130307325417,0.12653944783048526,0.24677443334244029,0.025945527921140736,-0.5438633137616072,-3.921085633667355e-07,1.911471234121208e-09,9.32221639323013e-06,-3.921085633684651e-07,1.9114712347667595e-09,9.322216393270466e-06,0.24677404123387692,0.02594552983261197,-0.543853991545214,0.543853991545214
96,4,COMPOSITE_Q_PLUS_GB,0.25088942033564526,0.18027672970201847,-0.009879975004678751,0.010087483895394014,0.0008217756824759656,1.252680191434872e-07,2.3382320903575266e-09,1.3720751906129592e-06,1.2526801914346242e-07,2.3382320905873666e-09,1.3720751906129858e-06,-0.009879849736659608,0.010087486233626104,0.0008231477576665786,0.008406238528021755
96,5,COMPOSITE_Q_PLUS_GB,0.9594144738822217,0.1643266180402871,0.29072226853352595,-0.06978117376391292,-0.14404753278062468,-4.016839858541956e-08,1.338243710472949e-09,5.300887227094665e-06,-4.016839860732091e-08,1.3382437102915645e-09,5.3008872270832175e-06,0.29072222836512734,-0.06978117242566921,-0.1440422318933976,0.1440422318933976
96,6,COMPOSITE_Q_PLUS_GB,0.7337733045194751,0.21812592524143617,-0.37551556652540957,0.04557252968536759,0.13423451864277983,-5.446682943279469e-08,-6.186726965262705e-10,3.065555284528503e-07,-5.4466829435551034e-08,-6.186726964063638e-10,3.0655552846203804e-07,-0.375515620992239,0.04557252906669489,0.1342348251983083,0.15020624839689561
96,7,COMPOSITE_Q_PLUS_GB,1.1850129153916473,0.3865551262459154,0.3289995302880648,0.08355806424053476,0.17230343072569151,-2.3524240572975636e-07,-4.4980610491741986e-10,4.27491352308609e-06,-2.3524240572170285e-07,-4.4980610902634055e-10,4.274913523089063e-06,0.32899929504565906,0.08355806379072865,0.1723077056392146,0.1723077056392146
96,8,COMPOSITE_Q_PLUS_GB,0.593583234789604,0.35688424657682466,0.3795357423408273,-0.01126338346690507,-0.31503737991460357,7.604317534684776e-07,2.1285209263008895e-09,-9.999328146657098e-06,7.604317534548599e-07,2.1285209254873205e-09,-9.99932814665927e-06,0.3795365027725808,-0.011263381338384145,-0.3150473792427502,0.3150473792427502
96,9,COMPOSITE_Q_PLUS_GB,1.1616760823556076,0.3618387611857645,-0.22427132770471325,-0.07577208537183949,0.21701639715018994,5.005123838212702e-06,2.201830218905829e-09,3.406962410294864e-06,5.005123838219827e-06,2.201830218151457e-09,3.406962410301695e-06,-0.22426632258087503,-0.07577208317000927,0.21701980411260025,0.21701980411260025
96,10,COMPOSITE_Q_PLUS_GB,1.2716430446645697,0.4808916239634284,0.1637265504478039,-0.08060632218268284,-0.45075226844608113,-1.914851465923372e-07,9.931115806848322e-10,-5.288798273036457e-06,-1.9148514660005667e-07,9.93111579083994e-10,-5.288798273050954e-06,0.1637263589626573,-0.08060632118957126,-0.4507575572443542,0.4507575572443542
97,1,COMPOSITE_Q,0.7596424622906034,0.08203746779647664,0.5473576313287569,0.038509035772612096,0.02467888219342823,0.0,0.0,0.0,0.0,0.0,0.0,0.5473576313287569,0.038509035772612096,0.02467888219342823,0.21894305253150276
97,2,COMPOSITE_Q,0.8356760157990675,0.14509440641178745,-0.40694971454803375,-0.05201356136914201,0.2611945555030701,0.0,0.0,0.0,0.0,0.0,0.0,-0.40694971454803375,-0.05201356136914201,0.2611945555030701,0.2611945555030701
97,3,COMPOSITE_Q,0.9486122230681786,0.2824226603115669,-0.3910580665851706,0.06138425492840881,0.1733961801171334,0.0,0.0,0.0,0.0,0.0,0.0,-0.3910580665851706,0.06138425492840881,0.1733961801171334,0.1733961801171334
97,4,COMPOSITE_Q,0.617667484670846,0.2638511160619526,-0.10174566412955988,-0.03535539997214451,0.009335613936670543,0.0,0.0,0.0,0.0,0.0,0.0,-0.10174566412955988,-0.03535539997214451,0.009335613936670543,0.04069826565182395
97,5,COMPOSITE_Q,0.946415995564031,0.26043847430996153,0.42825027207784666,-0.06273472970379564,-0.3227756956886596,0.0,0.0,0.0,0.0,0.0,0.0,0.42825027207784666,-0.06273472970379564,-0.3227756956886596,0.3227756956886596
97,6,COMPOSITE_Q,1.0290000471539602,0.36865233526914176,0.028620176521771127,-0.07180989828725187,-0.11866733499484601,0.0,0.0,0.0,0.0,0.0,0.0,0.028620176521771127,-0.07180989828725187,-0.11866733499484601,0.11866733499484601
97,7,COMPOSITE_Q,1.0017506667770115,0.35569679110400415,0.2311541632491921,-0.0641129650674611,-0.08179672133388374,0.0,0.0,0.0,0.0,0.0,0.0,0.2311541632491921,-0.0641129650674611,-0.08179672133388374,0.09246166529967684
97,8,COMPOSITE_Q,0.7278975330315084,0.3409066226609081,0.5369882446085452,-0.006953988711582494,0.2912162454757269,0.0,0.0,0.0,0.0,0.0,0.0,0.5369882446085452,-0.006953988711582494,0.2912162454757269,0.2912162454757269
97,9,COMPOSITE_Q,0.40079580990488706,0.21914657063522164,0.19863623401598793,0.011502428716208237,0.14043213651497055,0.0,0.0,0.0,0.0,0.0,0.0,0.19863623401598793,0.011502428716208237,0.14043213651497055,0.14043213651497055
97,10,COMPOSITE_Q,0.37549277925011126,0.15635200912404715,-0.256380151621501,0.0020780273261981454,-0.16809132193175216,0.0,0.0,0.0,0.0,0.0,0.0,-0.256380151621501,0.0020780273261981454,-0.16809132193175216,0.16809132193175216
97,1,COMPOSITE_Q_PLUS_RF,0.7596424622906034,0.08203747470094855,0.5473576313287569,0.038509035772612096,0.02467888219342823,1.1014290710582773e-09,-6.402696537203505e-11,-5.357843192893819e-07,1.1014290590694031e-09,-6.40269642859792e-11,-5.357843192894951e-07,0.547357632430186,0.03850903570858513,0.02467834640910894,0.2189430529720744
97,2,COMPOSITE_Q_PLUS_RF,0.8356759708000122,0.1450944358832805,-0.40698089777071733,-0.05201357014536957,0.2619709492310996,-3.32125761478049e-12,-5.427859989203856e-11,3.4921421453343766e-07,-3.3212321781661558e-12,-5.427860244600069e-11,3.492142145455901e-07,-0.40698089777403856,-0.052013570199648175,0.26197129844531414,0.26197129844531414
97,3,COMPOSITE_Q_PLUS_RF,0.9486750754170242,0.2824227654396076,-0.3910278668721472,0.06138432446996661,0.1726335124091979,-5.6325644083972175e-09,-9.177056961219812e-11,4.8269480600107156e-06,-5.632564414881358e-09,-9.177057030962388e-11,4.826948060004943e-06,-0.3910278725047116,0.06138432437819604,0.1726383393572579,0.1726383393572579
97,4,COMPOSITE_Q_PLUS_RF,0.6176679063266649,0.26385145392088805,-0.1016653235122156,-0.03535535911281622,0.007346346600924786,2.2689030630739257e-11,-4.129008757854842e-11,-1.9052814602120402e-06,2.2689031209388588e-11,-4.1290089403123176e-11,-1.9052814602118703e-06,-0.10166532348952657,-0.03535535915410631,0.007344441319464574,0.04066612939581063
97,5,COMPOSITE_Q_PLUS_RF,0.9464406129487373,0.2604402893906547,0.42799476407048065,-0.062735079454799,-0.3164307573851388,4.1101502375572516e-07,-4.986171517951733e-11,1.102271473515122e-05,4.110150237379706e-07,-4.986171198151368e-11,1.1022714735131611e-05,0.4279951750855044,-0.06273507950466072,-0.3164197346704037,0.3164197346704037
97,6,COMPOSITE_Q_PLUS_RF,1.0290159719730916,0.36865285010883525,0.028798696585351263,-0.07181023422945915,-0.12306214135484282,-9.87760344156591e-10,-4.801951459156447e-11,1.6711860334830952e-07,-9.877603457386641e-10,-4.8019518916753157e-11,1.6711860334472917e-07,0.028798695597590917,-0.07181023427747867,-0.12306197423623948,0.12306197423623948
97,7,COMPOSITE_Q_PLUS_RF,1.0017500110888886,0.3556972106288381,0.2311526351974049,-0.06411296467476688,-0.08179610732500744,-3.089450125587942e-07,-4.3950708349396556e-11,2.049254591640715e-06,-3.0894501257261453e-07,-4.3950704187167844e-11,2.0492545916434013e-06,0.23115232625239232,-0.06411296471871758,-0.0817940580704158,0.09246093050095693
97,8,COMPOSITE_Q_PLUS_RF,0.7278971026312334,0.3409071685130427,0.5369886637162706,-0.006953997413020905,0.29121422366569943,3.0861762642380985e-07,-4.8777674111296796e-11,-1.96264791033784e-05,3.086176264543994e-07,-4.8777673740396654e-11,-1.9626479103362904e-05,0.5369889723338971,-0.0069539974617985785,0.29119459718659607,0.29119459718659607
97,9,COMPOSITE_Q_PLUS_RF,0.4007986407769575,0.2191465676459023,0.19863572683265887,0.011502433358194616,0.14045238396341536,2.0209925084398045e-09,1.7565144778044057e-09,-6.900304925061895e-11,2.020992512230535e-09,1.7565144772718755e-09,-6.90030532712882e-11,0.19863572885365138,0.011502435114709093,0.1404523838944123,0.1404523838944123
97,10,COMPOSITE_Q_PLUS_RF,0.37549265896934153,0.15635206346532307,-0.2563781432075072,0.002078032695702454,-0.16811220322348636,3.1416925967901096e-07,8.52613249168751e-09,-9.213682793816453e-06,3.141692596630996e-07,8.526132491866456e-09,-9.213682793829392e-06,-0.2563778290382475,0.002078041221834946,-0.16812141690628019,0.16812141690628019
97,1,COMPOSITE_Q_PLUS_GB,0.7596424622906034,0.08203747800061241,0.5473576313287569,0.038509035772612096,0.02467888219342823,-3.8785171758304926e-07,-5.002646783205222e-10,9.185051201901117e-06,-3.878517176314489e-07,-5.002646769058927e-10,9.185051201902189e-06,0.5473572434770393,0.03850903527234742,0.024688067244630133,0.2189428973908157
97,2,COMPOSITE_Q_PLUS_GB,0.835676540225234,0.14509457252608599,-0.40690649739274615,-0.05201355748315841,0.26012032460821677,-1.3255863655574612e-07,-6.186726965262705e-10,4.894318777122523e-06,-1.3255863656747024e-07,-6.186726964063638e-10,4.894318777148854e-06,-0.4069066299513827,-0.05201355810183111,0.2601252189269939,0.2601252189269939
97,3,COMPOSITE_Q_PLUS_GB,0.9485265604730997,0.28242290840635975,-0.3911006737213652,0.0613841352269468,0.17447379537301766,-1.3255863655574612e-07,-6.186726965262705e-10,8.426876551112729e-06,-1.3255863656747024e-07,-6.186726964063638e-10,8.426876551115292e-06,-0.39110080628000177,0.061384134608274105,0.17448222224956877,0.17448222224956877
97,4,COMPOSITE_Q_PLUS_GB,0.6176680586927762,0.2638512049800006,-0.1017617947407027,-0.035355388380478345,0.009725336063751665,1.4890545070956377e-07,-2.7537291183824522e-12,1.788742562194666e-06,1.48905450705894e-07,-2.7537278013411992e-12,1.788742562194856e-06,-0.10176164583525199,-0.03535538838323207,0.00972712480631386,0.04070465833410079
97,5,COMPOSITE_Q_PLUS_GB,0.9464105743488342,0.26043847484587607,0.4282735599684363,-0.06273467772146858,-0.32336319856245777,-1.8360512427050424e-07,9.931115806848322e-10,5.131915245624778e-06,-1.8360512427095799e-07,9.93111579083994e-10,5.1319152456485995e-06,0.42827337636331203,-0.062734676728357,-0.3233580666472121,0.3233580666472121
97,6,COMPOSITE_Q_PLUS_GB,1.0289994339157258,0.36865581802356473,0.028613578457941675,-0.07181000928922743,-0.11850095668752966,-3.4354961163689646e-07,9.931115806848322e-10,9.178958393430205e-06,-3.4354961163732267e-07,9.93111579083994e-10,9.178958393432635e-06,0.028613234908330037,-0.07181000829611585,-0.11849177772913623,0.11849177772913623
97,7,COMPOSITE_Q_PLUS_GB,1.0017492531579377,0.355698173310901,0.23115427056812632,-0.06411283792514993,-0.08180620217870489,-3.829964714207912e-07,1.338243710472949e-09,5.1177224688628935e-06,-3.829964714263667e-07,1.3382437102915645e-09,5.117722468861441e-06,0.2311538875716549,-0.06411283658690622,-0.08180108445623603,0.09246155502866196
97,8,COMPOSITE_Q_PLUS_GB,0.727895893070746,0.3409068241533231,0.5369888356611484,-0.006953991411010356,0.2912101967639496,-1.1608099114846058e-07,1.628497584207925e-09,-5.213136000821823e-06,-1.1608099115267834e-07,1.6284975841787674e-09,-5.2131360008256244e-06,0.5369887195801573,-0.006953989782512771,0.2912049836279488,0.2912049836279488
97,9,COMPOSITE_Q_PLUS_GB,0.4007967695579834,0.2191466258002009,0.19863618178102435,0.01150242834823859,0.14043859107592485,4.7394855789487854e-07,2.3382021966590435e-09,-8.824735948338495e-06,4.7394855789972823e-07,2.338202196097705e-09,-8.824735948348428e-06,0.19863665572958225,0.011502430686440785,0.1404297663399765,0.1404297663399765
97,10,COMPOSITE_Q_PLUS_GB,0.3754893977567756,0.15635202094017195,-0.2563791416608688,0.0020780350988746413,-0.16810323495701185,7.997029811739012e-07,1.824203475262076e-09,-1.2843492150615976e-05,7.997029811690481e-07,1.824203475341707e-09,-1.2843492150610425e-05,-0.2563783419578876,0.0020780369230781167,-0.16811607844916246,0.16811607844916246
98,1,COMPOSITE_Q,1.1768038948969937,0.1455983036718168,0.5408928657035583,0.08225005802511112,0.30175596802757304,0.0,0.0,0.0,0.0,0.0,0.0,0.5408928657035583,0.08225005802511112,0.30175596802757304,0.30175596802757304
98,2,COMPOSITE_Q,0.5118146954420332,0.2300890229546361,-0.07824607745362505,0.03982185700287842,0.24831450823811732,0.0,0.0,0.0,0.0,0.0,0.0,-0.07824607745362505,0.03982185700287842,0.24831450823811732,0.24831450823811732
98,3,COMPOSITE_Q,1.202224211971985,0.26739887144794894,0.5910515172541626,0.0708678690283267,0.36235214293401014,0.0,0.0,0.0,0.0,0.0,0.0,0.5910515172541626,0.0708678690283267,0.36235214293401014,0.36235214293401014
98,4,COMPOSITE_Q,0.5873340288437358,0.29084605789696794,0.5041054022866168,-0.006902929854215345,0.020831202272200644,0.0,0.0,0.0,0.0,0.0,0.0,0.5041054022866168,-0.006902929854215345,0.020831202272200644,0.20164216091464673
98,5,COMPOSITE_Q,0.6407660544643914,0.28010319841021136,0.5422617749395086,0.002391211098629953,0.19171318859729408,0.0,0.0,0.0,0.0,0.0,0.0,0.5422617749395086,0.002391211098629953,0.19171318859729408,0.2169047099758034
98,6,COMPOSITE_Q,0.8180458008724585,0.20041655940360306,-0.22406055715069848,-0.053493933187926876,-0.1508102776071352,0.0,0.0,0.0,0.0,0.0,0.0,-0.22406055715069848,-0.053493933187926876,-0.1508102776071352,0.1508102776071352
98,7,COMPOSITE_Q,0.32532497350186584,0.1712030824975379,0.02388047279540025,0.002766168205635691,-0.39811625808581474,0.0,0.0,0.0,0.0,0.0,0.0,0.02388047279540025,0.002766168205635691,-0.39811625808581474,0.39811625808581474
98,8,COMPOSITE_Q,0.5225786676851119,0.20067939451757735,0.22678181540619075,-0.029982011257392877,-0.03359254804544493,0.0,0.0,0.0,0.0,0.0,0.0,0.22678181540619075,-0.029982011257392877,-0.03359254804544493,0.0907127261624763
98,9,COMPOSITE_Q,0.33371968793244444,0.21369995187211183,-0.005110412778620451,0.002311852356193333,-0.29281232324701617,0.0,0.0,0.0,0.0,0.0,0.0,-0.005110412778620451,0.002311852356193333,-0.29281232324701617,0.29281232324701617
98,10,COMPOSITE_Q,0.5352658437647613,0.19007556637990394,0.005520269845863777,0.029730958517306522,-0.452447694472766,0.0,0.0,0.0,0.0,0.0,0.0,0.005520269845863777,0.029730958517306522,-0.452447694472766,0.452447694472766
98,1,COMPOSITE_Q_PLUS_RF,1.1768038948969937,0.14559830390741182,0.5408928657035583,0.08225005802511112,0.30175596802757304,-2.2870293367496484e-09,-7.044520441003844e-11,-6.396162368822337e-09,-2.287029343683855e-09,-7.044520522470066e-11,-6.396162377519943e-09,0.540892863416529,0.08225005795466592,0.30175596163141066,0.30175596163141066
98,2,COMPOSITE_Q_PLUS_RF,0.51181469529962,0.2300899780976305,-0.07825010086612222,0.03982185469259739,0.24834465579936507,-9.782197864279406e-08,-5.283730934111728e-11,2.300980516183444e-06,-9.782197864238729e-08,-5.283731091543231e-11,2.3009805161788854e-06,-0.07825019868810086,0.03982185463976008,0.24834695677988125,0.24834695677988125
98,3,COMPOSITE_Q_PLUS_RF,1.2022218549117705,0.26739977549360244,0.5910625505413061,0.07086786910966907,0.3622318064247255,-5.0025637293375864e-08,-7.108440778473771e-11,-1.4921550073804153e-08,-5.0025637299278e-08,-7.108440225334078e-11,-1.492155005111684e-08,0.5910625005156688,0.07086786903858466,0.36223179150317547,0.36223179150317547
98,4,COMPOSITE_Q_PLUS_RF,0.5873437073926346,0.2908498665697211,0.5040798797968253,-0.006903251185037718,0.021272208932421176,1.7881288993415806e-07,-4.10194491602344e-09,5.8549505475581117e-08,1.788128899393726e-07,-4.101944915679834e-09,5.8549505476540586e-08,0.5040800586097153,-0.0069032552869826335,0.021272267481926652,0.20163202344388612
98,5,COMPOSITE_Q_PLUS_RF,0.6407208282158932,0.2801032900832497,0.5422805712282948,0.0023915332552835347,0.1913626316752158,4.3676962377163306e-07,-4.6681001181641544e-11,-3.566418396507574e-06,4.367696238016805e-07,-4.6681001078519024e-11,-3.5664183964945195e-06,0.5422810079979186,0.0023915332086025336,0.1913590652568193,0.21691240319916744
98,6,COMPOSITE_Q_PLUS_RF,0.8180454648120076,0.20041656262975344,-0.22406103502287927,-0.05349392847049997,-0.1508066854826014,4.4277430502231124e-10,-7.179534566922429e-11,-1.355490372688119e-10,4.427743172108478e-10,-7.179534744494731e-11,-1.3554904421120284e-10,-0.22406103458010496,-0.053493928542295316,-0.15080668561815044,0.15080668561815044
98,7,COMPOSITE_Q_PLUS_RF,0.32532422199308875,0.17120314555752586,0.023865380099337218,0.00276617024822449,-0.39789646999825057,3.580848022369804e-06,-3.273705580348828e-11,-5.193720114518848e-05,3.5808480223706307e-06,-3.273705568782037e-11,-5.1937201145213496e-05,0.023868960947359588,0.0027661702154874344,-0.3979484071993958,0.3979484071993958
98,8,COMPOSITE_Q_PLUS_RF,0.522578381018156,0.2006793647404805,0.2267933927030145,-0.0299819864685031,-0.0337667886974515,-6.118358847733431e-08,5.924440163329114e-09,-3.6000340821665416e-07,-6.118358847340133e-08,5.924440164145617e-09,-3.600034082160142e-07,0.22679333151942602,-0.029981980544062935,-0.033767148700859714,0.0907173326077704
98,9,COMPOSITE_Q_PLUS_RF,0.33371649425847316,0.21370017764032054,-0.005109723713272868,0.0023118521265967674,-0.29282079437610625,1.2357952526997675e-09,-3.1996146333398575e-11,2.0812588953436666e-06,1.235795252588212e-09,-3.199614618393243e-11,2.081258895336724e-06,-0.005109722477477615,0.0023118520946006213,-0.2928187131172109,0.2928187131172109
98,10,COMPOSITE_Q_PLUS_RF,0.5352599796831673,0.19007798372930634,0.005519397001499316,0.029730978489426126,-0.45243395154501687,2.4575576752436324e-06,1.2651095419838637e-09,-5.97697331144381e-05,2.457557675243638e-06,1.2651095414317748e-09,-5.9769733114445334e-05,0.00552185455917456,0.029730979754535668,-0.4524937212781313,0.4524937212781313
98,1,COMPOSITE_Q_PLUS_GB,1.1768038948969937,0.14559843303747236,0.5408928657035583,0.08225005802511112,0.30175596802757304,-6.571224503391517e-07,4.356388472315368e-09,2.581476933416063e-06,-6.57122450342662e-07,4.3563884721820045e-09,2.5814769334386867e-06,0.540892208581108,0.0822500623814996,0.3017585495045065,0.3017585495045065
98,2,COMPOSITE_Q_PLUS_GB,0.5118143539106756,0.2300890112012675,-0.07824593899022336,0.03982182284959757,0.2483224619394362,-6.203689278957152e-07,9.488869492262667e-10,9.634017611947035e-06,-6.203689278949653e-07,9.488869481821816e-10,9.634017611948043e-06,-0.07824655935915126,0.03982182379848452,0.24833209595704814,0.24833209595704814
98,3,COMPOSITE_Q_PLUS_GB,1.20222194320767,0.2673989727416546,0.5910520092574281,0.07086789756659556,0.36234364550892684,-5.69388795859747e-07,4.356388472315368e-09,1.8206354382809335e-06,-5.693887958901911e-07,4.3563884721820045e-09,1.820635438298801e-06,0.5910514398686322,0.07086790192298403,0.36234546614436514,0.36234546614436514
98,4,COMPOSITE_Q_PLUS_GB,0.5873328038182493,0.2908462143712707,0.5041067748252375,-0.006902942276278566,0.02081813382706733,5.74800610263091e-07,3.6199604154662357e-09,-6.215107640916857e-06,5.748006102201941e-07,3.619960415625345e-09,-6.2151076409174e-06,0.5041073496258477,-0.00690293865631815,0.020811918719426413,0.20164293985033907
98,5,COMPOSITE_Q_PLUS_GB,0.6407666798561708,0.2801033396006283,0.5422611667342726,0.0023912160064105477,0.19171771748926836,-7.401625442967083e-07,2.492084092640804e-09,4.975062613576593e-06,-7.401625442549076e-07,2.492084092472341e-09,4.9750626135713905e-06,0.5422604265717283,0.00239121849849464,0.19172269255188193,0.21690417062869133
98,6,COMPOSITE_Q_PLUS_GB,0.8180457967503596,0.20041660278244122,-0.22405963961040393,-0.05349393473945246,-0.15081816411585067,-4.905000731886801e-08,-6.186726965262705e-10,-7.774995424194399e-07,-4.9050007305817545e-08,-6.186726964063638e-10,-7.774995424147946e-07,-0.22405968866041123,-0.053493935358125154,-0.15081894161539308,0.15081894161539308
98,7,COMPOSITE_Q_PLUS_GB,0.3253226923223347,0.17120343359406415,0.023907629626185777,0.0027661732032125794,-0.39850956845580904,-3.430717058090895e-06,1.824203475262076e-09,3.210295738504537e-05,-3.4307170580921698e-06,1.824203475341707e-09,3.210295738503843e-05,0.023904198909127684,0.0027661750274160547,-0.398477465498424,0.398477465498424
98,8,COMPOSITE_Q_PLUS_GB,0.5225800123079296,0.20067940399631887,0.2267578506569087,-0.02998206105832627,-0.03322641502964378,-1.3158336839847424e-07,3.955158243785336e-09,1.7418272519218182e-06,-1.315833683956935e-07,3.9551582425856324e-09,1.7418272519192923e-06,0.2267577190735403,-0.02998205710316803,-0.03322467320239186,0.09070308762941612
98,9,COMPOSITE_Q_PLUS_GB,0.3337197981085978,0.21372544959598191,-0.0051098356063872495,0.002311842605789286,-0.2928136773971154,-5.874867099260013e-06,1.824203475262076e-09,8.403406428688402e-05,-5.874867099259912e-06,1.824203475341707e-09,8.403406428686422e-05,-0.005115710473486509,0.0023118444299927614,-0.2927296433328285,0.2927296433328285
98,10,COMPOSITE_Q_PLUS_GB,0.5352988222740889,0.1900758356698924,0.005526162958753291,0.029730826173503987,-0.4525312176608715,-1.6788600570652174e-07,7.799904639189327e-10,-2.7660299186561127e-06,-1.678860057068715e-07,7.799904645777733e-10,-2.7660299186660353e-06,0.0055259950727475846,0.029730826953494452,-0.4525339836907902,0.4525339836907902
99,1,COMPOSITE_Q,0.4657640985605582,0.11618039437082206,-0.20199512406305828,-0.030261366928777574,-0.13588199106248286,0.0,0.0,0.0,0.0,0.0,0.0,-0.20199512406305828,-0.030261366928777574,-0.13588199106248286,0.13588199106248286
99,2,COMPOSITE_Q,0.936122279366601,0.15174735172481382,-0.4529550081955009,-0.06527374530525772,-0.022941539907376882,0.0,0.0,0.0,0.0,0.0,0.0,-0.4529550081955009,-0.06527374530525772,-0.022941539907376882,0.18118200327820036
99,3,COMPOSITE_Q,0.6164365378676765,0.12877132227340768,0.03599153118303207,-0.04829741540920191,0.4063937114674362,0.0,0.0,0.0,0.0,0.0,0.0,0.03599153118303207,-0.04829741540920191,0.4063937114674362,0.4063937114674362
99,4,COMPOSITE_Q,0.6252939216748098,0.20326282131338444,0.07663397033209161,0.04333967781009104,0.06593926552432651,0.0,0.0,0.0,0.0,0.0,0.0,0.07663397033209161,0.04333967781009104,0.06593926552432651,0.06593926552432651
99,5,COMPOSITE_Q,1.1642335196098241,0.11296342679524746,-0.5204828904586504,-0.08604015737984463,-0.14756441334418913,0.0,0.0,0.0,0.0,0.0,0.0,-0.5204828904586504,-0.08604015737984463,-0.14756441334418913,0.20819315618346015
99,6,COMPOSITE_Q,1.0176277154159017,0.16560450546907143,0.1369485967002525,-0.0833141598204953,0.06063327008749527,0.0,0.0,0.0,0.0,0.0,0.0,0.1369485967002525,-0.0833141598204953,0.06063327008749527,0.06942846651707942
99,7,COMPOSITE_Q,0.9465618043768498,0.1651361050002314,0.04035931958424617,-0.07684745149166583,-0.31768246721518617,0.0,0.0,0.0,0.0,0.0,0.0,0.04035931958424617,-0.07684745149166583,-0.31768246721518617,0.31768246721518617
99,8,COMPOSITE_Q,0.5496392743215378,0.21114866973751112,0.4399668800404399,0.016063757591438698,-0.3390927618314685,0.0,0.0,0.0,0.0,0.0,0.0,0.4399668800404399,0.016063757591438698,-0.3390927618314685,0.3390927618314685
99,9,COMPOSITE_Q,1.1379156000525683,0.20084106751955869,-0.5479939701440171,-0.06851950737423466,-0.3539346797229916,0.0,0.0,0.0,0.0,0.0,0.0,-0.5479939701440171,-0.06851950737423466,-0.3539346797229916,0.3539346797229916
99,10,COMPOSITE_Q,0.6828569566814469,0.22147941999350823,0.10276855183270542,0.0460002666831038,-0.014235560499060522,0.0,0.0,0.0,0.0,0.0,0.0,0.10276855183270542,0.0460002666831038,-0.014235560499060522,0.04110742073308217
99,1,COMPOSITE_Q_PLUS_RF,0.4657640985605582,0.11618053083322076,-0.20199512406305828,-0.030261366928777574,-0.13588199106248286,1.3041749597622907e-07,9.842475516439355e-09,9.017170712463685e-07,1.3041749596931496e-07,9.842475515164928e-09,9.017170712333211e-07,-0.2019949936455623,-0.03026135708630206,-0.13588108934541163,0.13588108934541163
99,2,COMPOSITE_Q_PLUS_RF,0.9361225835116141,0.15174727509930855,-0.45295302606361143,-0.06527375828265457,-0.02295413639524728,2.4362316387093753e-07,-7.566406907526661e-11,3.7278194900564826e-06,2.436231638647257e-07,-7.566407222991955e-11,3.7278194900576545e-06,-0.45295278244044757,-0.06527375835831864,-0.02295040857575722,0.18118111297617903
99,3,COMPOSITE_Q_PLUS_RF,0.6164388192962914,0.12877131255662905,0.035989406716230986,-0.04829740337304315,0.40640126455960524,2.8705979937403465e-09,2.471850576997178e-10,-1.5125222222750762e-10,2.8705979954191108e-09,2.4718505714504957e-10,-1.5125223296053036e-10,0.03598940958682898,-0.04829740312585809,0.406401264408353,0.406401264408353
99,4,COMPOSITE_Q_PLUS_RF,0.6252939284039543,0.20327761143306453,0.07658124772366455,0.0433396924829884,0.06609819090115215,1.672998122316413e-07,-6.341049446027729e-11,-8.205466569215065e-09,1.672998122259628e-07,-6.341049213487437e-11,-8.20546657009924e-09,0.07658141502347678,0.043339692419577906,0.06609818269568558,0.06609818269568558
99,5,COMPOSITE_Q_PLUS_RF,1.1642194535145172,0.11299376944436948,-0.5204328557770448,-0.08604030403852958,-0.14772223174580593,6.792871888441745e-06,-7.306625510164568e-11,-0.00010244653126142751,6.7928718884280315e-06,-7.306626137459915e-11,-0.00010244653126142977,-0.5204260629051564,-0.08604030411159584,-0.14782467827706736,0.20817042516206255
99,6,COMPOSITE_Q_PLUS_RF,1.0176332194779671,0.1656044856023406,0.13694220404403573,-0.08331419667165023,0.06073810398771589,-7.070789657453003e-09,-5.224397729660864e-11,6.206716737663474e-07,-7.0707896482336e-09,-5.224397303660311e-11,6.206716737650053e-07,0.13694219697324608,-0.0833141967238942,0.060738724659389655,0.06942849726991183
99,7,COMPOSITE_Q_PLUS_RF,0.9465617878798533,0.16513666738446092,0.04035959778350043,-0.07684745605403263,-0.31768031458384083,3.3564207860414465e-08,-6.374651455091179e-11,1.29478957496651e-06,3.356420785749492e-08,-6.374650807217108e-11,1.2947895749459981e-06,0.040359631347708286,-0.07684745611777914,-0.3176790197942659,0.3176790197942659
99,8,COMPOSITE_Q_PLUS_RF,0.5496385222545135,0.21115113253280285,0.4399653182303113,0.01606376518254967,-0.3390828532758907,1.0952246862728236e-05,2.2628643220385303e-08,-5.9965479707153076e-05,1.0952246862705461e-05,2.2628643219640976e-08,-5.996547970715804e-05,0.439976270477174,0.01606378781119289,-0.3391428187555979,0.3391428187555979
99,9,COMPOSITE_Q_PLUS_RF,1.13791376503564,0.20084263689757262,-0.5480583416617069,-0.06851954554400552,-0.3533030778013337,5.125033487741284e-06,-7.474974749776898e-11,-0.00010713382916433915,5.12503348770732e-06,-7.474974805798951e-11,-0.00010713382916432979,-0.5480532166282192,-0.06851954561875527,-0.353410211630498,0.353410211630498
99,10,COMPOSITE_Q_PLUS_RF,0.6828469327684915,0.2214788231166553,0.10282089438622863,0.04600014868459716,-0.014722494868539698,-1.336610591477247e-06,9.171699320862572e-10,2.030062743982497e-05,-1.3366105914708326e-06,9.171699302812364e-10,2.0300627439824928e-05,0.10281955777563716,0.04600014960176709,-0.014702194241099873,0.04112782311025486
99,1,COMPOSITE_Q_PLUS_GB,0.4657640985605582,0.11618050934591607,-0.20199512406305828,-0.030261366928777574,-0.13588199106248286,-2.2157034211285463e-07,3.25399894104835e-09,5.5876268517906584e-06,-2.2157034210157356e-07,3.2539989418267634e-09,5.587626851794036e-06,-0.20199534563340038,-0.03026136367477863,-0.13587640343563107,0.13587640343563107
99,2,COMPOSITE_Q_PLUS_GB,0.9361229978916099,0.15174707127957843,-0.4529535925634135,-0.06527374440455988,-0.022957971767752366,-9.588713099554564e-08,-6.186726965262705e-10,6.088221706322022e-06,-9.588713101305046e-08,-6.186726964063638e-10,6.088221706321284e-06,-0.4529536884505445,-0.06527374502323258,-0.022951883546046044,0.1811814753802178
99,3,COMPOSITE_Q_PLUS_GB,0.6164381439880022,0.1287715634021318,0.03599036049808677,-0.048297419709626574,0.40639880683474144,3.832126892263355e-08,2.3601551000099705e-10,1.1078268037910965e-06,3.8321268922003604e-08,2.360155126890362e-10,1.107826803792289e-06,0.035990398819355694,-0.04829741947361106,0.40639991466154524,0.40639991466154524
99,4,COMPOSITE_Q_PLUS_GB,0.6252939988165349,0.20326280828937324,0.0766345435645058,0.04333969108347832,0.06593574470385398,1.6343558869428122e-07,-5.321230252148478e-11,9.520833411674207e-07,1.6343558868758823e-07,-5.3212302619787266e-11,9.520833411658103e-07,0.07663470700009449,0.04333969103026602,0.06593669678719515,0.06593669678719515
99,5,COMPOSITE_Q_PLUS_GB,1.164233832108336,0.11315554441432785,-0.5204833875761253,-0.08604016688061362,-0.1475656271489513,2.928887952301807e-05,-6.186726965262705e-10,-0.0006327122912943244,2.9288879523026168e-05,-6.186726964063638e-10,-0.0006327122912943295,-0.5204540986966023,-0.08604016749928632,-0.14819833944024563,0.20818163947864093
99,6,COMPOSITE_Q_PLUS_GB,1.0176650586773228,0.16560508468969043,0.1369196131466737,-0.08331425374160645,0.06127005988435187,2.2145561464221913e-08,2.032963627296978e-09,-1.8618059940103845e-06,2.2145561467956654e-08,2.032963630771434e-09,-1.8618059940134213e-06,0.13691963529223516,-0.08331425170864282,0.06126819807835786,0.06942854309053569
99,7,COMPOSITE_Q_PLUS_GB,0.9465614820935571,0.16513690536777106,0.04035905655824872,-0.07684746002511687,-0.31768114728361385,2.2145561464221913e-08,1.6878314975088614e-09,-2.4139959340824963e-06,2.214556146101776e-08,1.6878314995638632e-09,-2.4139959340918615e-06,0.04035907870381018,-0.07684745833728537,-0.31768356127954794,0.31768356127954794
99,8,COMPOSITE_Q_PLUS_GB,0.5496395484584784,0.21114889224391414,0.4399657389685747,0.01606375810525738,-0.33907670010575675,1.6773393162358724e-07,3.569501842063133e-09,6.265115737522995e-06,1.6773393163305172e-07,3.5695018434089842e-09,6.2651157375359645e-06,0.43996590670250635,0.016063761674759224,-0.3390704349900192,0.3390704349900192
99,9,COMPOSITE_Q_PLUS_GB,1.1379186768145475,0.20084327919713055,-0.5480469824777464,-0.06851950838858153,-0.3533757625394606,1.0305684412087261e-05,-6.186726965262705e-10,-0.0001864023109506451,1.0305684412070804e-05,-6.186726964063638e-10,-0.00018640231095062854,-0.5480366767933343,-0.06851950900725423,-0.35356216485041125,0.35356216485041125
99,10,COMPOSITE_Q_PLUS_GB,0.6828500318472683,0.22147874580530702,0.10281012628342748,0.046000158736593494,-0.0145899450170242,1.5667944563485983e-09,-3.9834443230960043e-10,-1.4099233441267704e-07,1.566794458063292e-09,-3.9834443382735785e-10,-1.409923344134617e-07,0.10281012785022194,0.04600015833824906,-0.014590086009358613,0.041124051140088776
100,1,COMPOSITE_Q,0.8952325979531326,0.18527938720442252,0.05837391236908537,0.07561981788835805,0.22459627973243723,0.0,0.0,0.0,0.0,0.0,0.0,0.05837391236908537,0.07561981788835805,0.22459627973243723,0.22459627973243723
100,2,COMPOSITE_Q,0.7366088312595104,0.2215291074455244,0.2794719029664114,0.03926721773363676,0.4329323407482621,0.0,0.0,0.0,0.0,0.0,0.0,0.2794719029664114,0.03926721773363676,0.4329323407482621,0.4329323407482621
100,3,COMPOSITE_Q,1.054251159550688,0.19875766764412126,0.21735099772269825,-0.08740155168321577,0.31419460873171867,0.0,0.0,0.0,0.0,0.0,0.0,0.21735099772269825,-0.08740155168321577,0.31419460873171867,0.31419460873171867
100,4,COMPOSITE_Q,0.9963040868155808,0.2127568026795349,0.2834576479863943,0.07643460099874749,0.36127057605475976,0.0,0.0,0.0,0.0,0.0,0.0,0.2834576479863943,0.07643460099874749,0.36127057605475976,0.36127057605475976
100,5,COMPOSITE_Q,1.055164018319006,0.27310895368330096,0.5071683587609741,0.06541740377045142,0.24936903824355397,0.0,0.0,0.0,0.0,0.0,0.0,0.5071683587609741,0.06541740377045142,0.24936903824355397,0.24936903824355397
100,6,COMPOSITE_Q,0.9512706935868906,0.26485921557689507,-0.2732663970193108,0.0631640459884362,0.12741429301535012,0.0,0.0,0.0,0.0,0.0,0.0,-0.2732663970193108,0.0631640459884362,0.12741429301535012,0.12741429301535012
100,7,COMPOSITE_Q,0.5101965802855619,0.28918492845407345,0.22773931222346017,0.013200790896314334,0.08460611787156008,0.0,0.0,0.0,0.0,0.0,0.0,0.22773931222346017,0.013200790896314334,0.08460611787156008,0.09109572488938407
100,8,COMPOSITE_Q,0.6922682486122519,0.3525506218019253,-0.4399750182360762,0.012787428170093052,-0.23208684339147687,0.0,0.0,0.0,0.0,0.0,0.0,-0.4399750182360762,0.012787428170093052,-0.23208684339147687,0.23208684339147687
100,9,COMPOSITE_Q,0.535082249551604,0.36730674015539344,0.0028513208544535596,0.023736728139605073,0.02508244752599131,0.0,0.0,0.0,0.0,0.0,0.0,0.0028513208544535596,0.023736728139605073,0.02508244752599131,0.02508244752599131
100,10,COMPOSITE_Q,1.0734421155577138,0.26992005202208247,0.04420420008636808,-0.08291646576093807,-0.03598977440376195,0.0,0.0,0.0,0.0,0.0,0.0,0.04420420008636808,-0.08291646576093807,-0.03598977440376195,0.06909705480078172
100,1,COMPOSITE_Q_PLUS_RF,0.8952325979531326,0.1852794314141111,0.05837391236908537,0.07561981788835805,0.22459627973243723,-1.5313058031660443e-07,-8.912341368832097e-11,-2.8486199954696544e-08,-1.5313058031318771e-07,-8.912341697975279e-11,-2.848619995443613e-08,0.05837375923850506,0.07561981779923463,0.22459625124623728,0.22459625124623728
100,2,COMPOSITE_Q_PLUS_RF,0.7366089407306498,0.221529367699113,0.2794477066522095,0.0392672139805243,0.4333550532800717,-3.191978268843137e-07,-8.968028791030144e-11,-8.45197255818029e-06,-3.191978268923812e-07,-8.968029097111696e-11,-8.451972558165544e-06,0.27944738745438263,0.03926721389084401,0.4333466013075135,0.4333466013075135
100,3,COMPOSITE_Q_PLUS_RF,1.0542027606870932,0.19878015082495398,0.21788861987688943,-0.08740150711592025,0.30459892472502864,-3.598617333736418e-07,-3.0598261728505416e-10,9.466669845577974e-06,-3.598617333844256e-07,-3.0598261424596984e-10,9.466669845581421e-06,0.21788826001515604,-0.08740150742190286,0.3046083913948742,0.3046083913948742
100,4,COMPOSITE_Q_PLUS_RF,0.9971443758112889,0.21275687067693205,0.2829207338124186,0.07643652303560995,0.37100697604083455,-7.58045373804968e-08,-8.769138016974759e-11,1.0451203383370865e-06,-7.580453736943937e-08,-8.769138193365222e-11,1.0451203383277097e-06,0.28292065800788124,0.07643652294791857,0.3710080211611729,0.3710080211611729
100,5,COMPOSITE_Q_PLUS_RF,1.0551168657304935,0.27310908490047564,0.5071960992842764,0.06541733632544611,0.2488720256754788,-6.390724293997407e-08,-8.710092824033086e-11,4.733306605181378e-06,-6.390724294202954e-08,-8.710092369579314e-11,4.733306605192444e-06,0.5071960353770335,0.06541733623834518,0.248876758982084,0.248876758982084
100,6,COMPOSITE_Q_PLUS_RF,0.9512716101556432,0.2648592183839637,-0.2732658581903328,0.06316404448103508,0.12739884454909964,-4.327305286136648e-08,-5.841900847901224e-11,-7.596257156126083e-07,-4.327305286322414e-08,-5.841900574399261e-11,-7.596257156072816e-07,-0.27326590146338564,0.06316404442261607,0.12739808492338403,0.12739808492338403
100,7,COMPOSITE_Q_PLUS_RF,0.5101966547335527,0.2891851190124402,0.2277398741813077,0.013200767393915224,0.08459284253986048,-4.199824081222236e-08,4.95806567465401e-09,-7.36704529157181e-07,-4.199824080175496e-08,4.958065675034207e-09,-7.367045291584162e-07,0.2277398321830669,0.013200772351980899,0.08459210583533132,0.09109593287322676
100,8,COMPOSITE_Q_PLUS_RF,0.6922622130385009,0.35255035001789453,-0.4399812538360285,0.012787449219573166,-0.23194010999601922,1.4983942146741273e-07,-7.572711320335614e-11,-3.974069846529878e-06,1.4983942148161233e-07,-7.572711381576003e-11,-3.974069846535144e-06,-0.439981103996607,0.012787449143846052,-0.23194408406586575,0.23194408406586575
100,9,COMPOSITE_Q_PLUS_RF,0.5350806956899501,0.3672611815925058,0.0008148983454256763,0.0237368719456725,0.0675449324105178,-9.073031041927991e-08,-3.655362199673207e-11,1.8278181691048943e-06,-9.073031041924307e-08,-3.6553621240997813e-11,1.8278181691117057e-06,0.0008148076151152571,0.023736871909118877,0.06754676022868691,0.06754676022868691
100,10,COMPOSITE_Q_PLUS_RF,1.073646329602489,0.2699201874476496,0.04621455719981751,-0.0829224413134027,-0.07786100907274164,-1.0646417809140646e-08,-5.6932640467101146e-11,4.467197495439893e-06,-1.0646417809845321e-08,-5.6932639158624454e-11,4.467197495444664e-06,0.0462145465533997,-0.08292244137033535,-0.0778565418752462,0.0778565418752462
100,1,COMPOSITE_Q_PLUS_GB,0.8952325979531326,0.18527939788226278,0.05837391236908537,0.07561981788835805,0.22459627973243723,-4.4611323122772945e-07,-6.691312699293728e-10,7.029883620027638e-06,-4.4611323123111557e-07,-6.69131264285916e-10,7.029883620029986e-06,0.05837346625585414,0.07561981721922678,0.22460330961605726,0.22460330961605726
100,2,COMPOSITE_Q_PLUS_GB,0.7366062476452483,0.22152923990963558,0.27947816434086964,0.03926723011987597,0.432825942729656,-5.916967845960932e-07,-6.691312699293728e-10,2.0079336585107246e-06,-5.916967845687182e-07,-6.691312712248099e-10,2.0079336585099306e-06,0.27947757264408507,0.0392672294507447,0.43282795066331453,0.43282795066331453
100,3,COMPOSITE_Q_PLUS_GB,1.0542628807470726,0.19875892908365855,0.21733117511797154,-0.08740152914322614,0.3145537029567491,-8.594813686321921e-07,2.4559772171010654e-09,7.279024046153684e-06,-8.594813686313429e-07,2.4559772132670687e-09,7.279024046180638e-06,0.2173303156366029,-0.08740152668724893,0.3145609819807953,0.3145609819807953
100,4,COMPOSITE_Q_PLUS_GB,0.9962796468780459,0.21275696642726047,0.28348845572894255,0.0764345360095398,0.3607442530510155,-5.484089909000039e-07,-6.691312699293728e-10,8.866229157367047e-06,-5.484089908858181e-07,-6.69131264285916e-10,8.86622915735602e-06,0.28348790731995166,0.07643453534040853,0.36075311928017284,0.36075311928017284
100,5,COMPOSITE_Q_PLUS_GB,1.0551860138214755,0.2731090103745907,0.5071538612454016,0.06541743906612352,0.24961341128011916,-4.787478859898587e-07,-6.691312699293728e-10,6.23596250444262e-06,-4.787478860013294e-07,-6.69131264285916e-10,6.235962504430592e-06,0.5071533824975156,0.06541743839699225,0.2496196472426236,0.2496196472426236
100,6,COMPOSITE_Q_PLUS_GB,0.9512709118076605,0.2648593236568071,-0.27326960192377725,0.06316404418771918,0.12745441364764745,-3.187739312103772e-07,-2.7354056673815447e-10,6.228501120461651e-06,-3.187739311960591e-07,-2.735405651987932e-10,6.22850112047546e-06,-0.27326992069770845,0.06316404391417861,0.12746064214876793,0.12746064214876793
100,7,COMPOSITE_Q_PLUS_GB,0.5101900444891819,0.28918493318864924,0.22774268741154632,0.013200796594803308,0.08456532335677114,5.428229000412948e-07,1.4153764674420245e-09,-9.963924044820195e-06,5.42822900045925e-07,1.4153764670704616e-09,-9.96392404481461e-06,0.22774323023444637,0.013200798010179775,0.08455535943272632,0.09109729209377855
100,8,COMPOSITE_Q_PLUS_GB,0.6922694354791924,0.352550183332474,-0.4399828297278774,0.012787423074815537,-0.2319208397529044,-7.977213831761064e-08,1.6713306996820326e-11,1.2542661192780718e-06,-7.977213833942898e-08,1.6713307821047962e-11,1.2542661192715965e-06,-0.43998290950001573,0.012787423091528844,-0.23191958548678512,0.23191958548678512
100,9,COMPOSITE_Q_PLUS_GB,0.53508055755744,0.36726114387354797,0.0008976267450986112,0.023736862352327612,0.06583813909739472,-8.261259219497003e-08,1.7605085972301406e-09,1.7418272519218182e-06,-8.26125921949512e-08,1.7605085965433087e-09,1.7418272519192923e-06,0.0008975441325064162,0.02373686411283621,0.06583988092464664,0.06583988092464664
100,10,COMPOSITE_Q_PLUS_GB,1.0736305399832586,0.26992003747899035,0.04613621735111221,-0.08292219506928646,-0.07623144251868558,-9.502537621009415e-08,1.6878314975088614e-09,3.6984999451989222e-06,-9.502537620664775e-08,1.6878314995638632e-09,3.698499945192779e-06,0.046136122325736,-0.08292219338145496,-0.07622774401874038,0.07622774401874038
