assembly_id,component_index,offset_mm,tilt_deg,bend_mm,waviness_mm,twist_mm,local_bump_mm,component_profile_mean_mm,component_profile_min_mm,component_profile_max_mm,component_profile_rms_mm,component_parallelism_mm,n_active_modes,batch_offset_bias_mm,batch_angular_bias_deg,fixture_drift_mm,variation_multiplier,state_mean_gap,state_max_gap,state_parallelism,state_rms,state_quality,state_signed_mean,state_end_difference,state_estimated_angle_deg,state_p00,state_p10,state_p20,state_p30,state_p40,state_p50,state_p60,state_p70,state_p80,state_p90,state_p100,observed_correctability_class,needs_attention
100001,1,0.0,0.0,0.0,0.049519878507912,0.0,0.0001284683629305,3.825911180577869e-05,-0.0495052123334943,0.0495345446823297,0.0348421148096676,3.638661635502362e-17,1,0.0,0.0,0.0,1.0,0.0,0.0,0.0,0.0,0.0,0.0,0.0,0.0,0.0,0.0,0.0,0.0,0.0,0.0,0.0,0.0,0.0,0.0,0.0,DIFFICULT,1
100001,2,0.0,-0.0028366461942255,0.0,0.1247012825847712,0.0542095521728237,0.0,-0.0085394847512984,-0.1562174891341866,0.1342803423524267,0.0930377886986928,0.0495088158438526,3,0.0,0.0,0.0,1.0,0.031202932358217063,0.049519878507912,3.638661635502362e-17,0.03484206493350923,0.02770104975318965,6.015633495017582e-19,-3.638661635502362e-17,-2.0847995479045485e-18,0.0,0.047096203141094035,-0.02910705428226567,-0.029107054282265683,0.047096203141094035,1.8187491443444337e-17,-0.04709620314109404,0.02910705428226572,0.029107054282265694,-0.04709620314109403,-3.638661635502362e-17,DIFFICULT,1
100001,3,0.0,0.0,0.3451363577143982,0.1914922194079823,0.0,0.0,0.2175272850388287,-0.1101869754101056,0.5254076176306512,0.2777102053820574,9.843918656133357e-17,2,0.0,0.0,0.0,1.0,0.1098721620278187,0.18777354913588915,1.3183898417423734e-16,0.12300020889077617,0.10159373423819001,-0.008539484751298404,-1.3183898417423734e-16,-7.553817368475852e-18,0.0,0.152948740413478,-0.11787153347937221,-0.11271589869543164,0.16250781300364753,6.370121773879634e-17,-0.16888052806376058,0.09209335955966935,0.08693772477572864,-0.1784396006539301,-1.3183898417423734e-16,DIFFICULT,1
100001,4,0.0675486075816329,0.0,0.0885682321745183,0.0,0.0,0.0,0.1233700435300134,0.0675486075816329,0.1561168397561513,0.1264415575632487,1.3877787807814457e-17,2,0.0,0.0,0.0,1.0,0.2844741990291258,0.7014654833601526,1.708702623837155e-16,0.3517809326051424,0.3309599979772978,0.21325754266317956,-1.708702623837155e-16,-9.790144878879888e-18,0.004269742375649171,0.4459914057873301,-0.0232920325060267,0.058218719951070155,0.677141660481733,0.3494061000900475,-0.018486526761240706,0.4881405831997044,0.4066298307426073,-0.24963678145564364,0.004269742375649,DIFFICULT,1
100001,5,0.0,0.0,0.0,0.0990150876366981,0.0,0.0,1.9590272887864922e-18,-0.0990150876366981,0.0990150876366981,0.0696667725524354,7.27551060849462e-17,1,0.0,0.0,0.0,1.0,0.27446789423542556,0.6806224103237324,9.71445146547012e-17,0.3339245575272125,0.3199195471204687,0.16245020727997034,-9.71445146547012e-17,-5.565970692561154e-18,-0.10235902895594055,0.3667317233594125,-0.07786170314381885,0.02324315361041171,0.654746283496461,0.33134556093297607,-0.04088190374651271,0.453165016859046,0.3520601601048152,-0.32889646388356114,-0.10235902895594065,DIFFICULT,1
100002,1,-0.2989475034761559,-0.0319324943228525,0.0,0.0,-0.0003255979440556,-0.0329113236749205,-0.3086975210554342,-0.5776167046905367,-0.0202894826778965,0.3490400043134054,0.5573272220126402,3,0.0,0.0,0.0,1.0,0.0,0.0,0.0,0.0,0.0,0.0,0.0,0.0,0.0,0.0,0.0,0.0,0.0,0.0,0.0,0.0,0.0,0.0,0.0,HIGHLY_CORRECTABLE,0
100002,2,-0.1295639275182897,0.0,0.0,0.0,0.0,0.0,-0.1295639275182897,-0.1295639275182897,-0.1295639275182897,0.1295639275182897,0.0,1,0.0,0.0,0.0,1.0,5.129056719473639e-05,9.42751449628243e-05,0.0,6.090008496709124e-05,4.975972214397733e-05,5.129056719473639e-05,0.0,0.0,0.0,7.655266787705284e-05,9.289861391592602e-05,6.193240927726551e-05,1.9138166969245862e-05,0.0,1.9138166969245862e-05,6.193240927726551e-05,9.289861391592602e-05,7.655266787709447e-05,0.0,HIGHLY_CORRECTABLE,0
100002,3,0.0,0.0172815154404278,0.0,0.0,0.0,0.0,1.6488460761759752e-18,-0.1508096766581167,0.1508096766581167,0.0879363969870652,0.3016193533162334,1,0.0,0.0,0.0,1.0,3.5309279698034404e-05,6.862986136541016e-05,0.0,4.166267678184239e-05,3.534800999721761e-05,2.5645283597322352e-05,0.0,0.0,-2.5645283597414137e-05,5.090738427962482e-05,6.725333031851188e-05,3.628712567985137e-05,-6.507116628168275e-06,-2.5645283597414137e-05,-6.507116628168275e-06,3.628712567985137e-05,6.725333031851188e-05,5.0907384279680334e-05,-2.5645283597414137e-05,HIGHLY_CORRECTABLE,0
100002,4,0.0,-0.0007820917224058,0.1831832038949986,0.1991501602589074,0.0,0.0,0.1154539187695986,-0.1589344043579773,0.3772773556522056,0.1911715068080173,0.0136500756094231,3,0.0,0.0,0.0,1.0,3.11844730163232e-05,5.580721956671697e-05,0.0,3.524937174670055e-05,2.96224449495821e-05,1.28226417986313e-05,0.0,0.0,-3.846792539610733e-05,3.808474248093163e-05,5.443068851981869e-05,2.346448388116512e-05,-1.9329758426857996e-05,-3.846792539610307e-05,-1.9329758426857996e-05,2.346448388116512e-05,5.443068851981869e-05,3.8084742480987144e-05,-3.846792539610733e-05,CORRECTABLE,0
100002,5,0.0,-0.0069702665670961,0.0899539791036996,0.03667583745084,-0.0254475031068834,0.0,0.0607035000363634,-0.0668818753316764,0.1349449356898844,0.0826311688198741,0.1216541019376595,4,0.0,0.0,0.0,1.0,0.1538728262533266,0.3761530189976225,1.240327285323417e-16,0.19038448401732555,0.1780462019770173,0.11546033009049783,-1.240327285323417e-16,-7.106551866395045e-18,-4.4879246295450453e-05,0.24604145414464518,-0.009337122107082558,0.031157851006218387,0.36359489629629393,0.18313832464870322,-0.015211218974622031,0.2652729053899553,0.22477793227665419,-0.1327646611262707,-4.4879246295574486e-05,CORRECTABLE,0
100003,1,0.0,0.0073470285965372,0.09950726226287,0.0,0.0611104541202702,-0.0655510083403049,0.0335676363282782,-0.0641260542517101,0.0798039017145637,0.0528609758810054,0.1282298399505764,3,0.0,0.0,0.0,1.0,0.0,0.0,0.0,0.0,0.0,0.0,0.0,0.0,0.0,0.0,0.0,0.0,0.0,0.0,0.0,0.0,0.0,0.0,0.0,DIFFICULT,1
100003,2,0.0,0.0,0.0,0.0859754086206917,0.0,0.0,1.5729792033802161e-18,-0.0859754086206917,0.0859754086206917,0.0604920864127022,6.31737053836295e-17,1,0.0,0.0,0.0,1.0,0.053089355916388914,0.09950726226287,0.0,0.0628329918736,0.05206228464113768,0.053089355916388914,0.0,0.0,0.0,0.016381505625835464,0.041053052572662646,0.06887916711341892,0.09104504782451428,0.09950726226287,0.0910450478245143,0.06887916711341892,0.04105305257266264,0.016381505625835464,0.0,DIFFICULT,1
100003,3,-0.6843240878420798,0.0,0.0028277302261001,0.0793979404455982,0.0,0.0,-0.6825418691185026,-0.7628621266780814,-0.6023439292140015,0.6848247904613814,1.1102230246251563e-16,3,0.0,0.0,0.0,1.0,0.06168996437116189,0.15328692160674756,6.245004513516506e-17,0.07411759307099064,0.0719048251004719,0.02654467795819451,-6.245004513516506e-17,-3.578124016646456e-18,-0.0265446779581944,0.07160430027748843,-0.036026702632593485,-0.008200588091837241,0.14626784247616723,0.07296258430467563,-0.017267102743527482,0.09286956640228634,0.06504345186153002,-0.09193064494220629,-0.026544677958194464,CORRECTABLE,0
100003,4,0.0,0.0,0.0,0.0757516043574823,0.0,-0.0875349890748212,-0.0260687601019905,-0.1472116626540645,0.0754106438589594,0.0667409456161973,5.566192309586909e-17,1,0.0,0.0,0.0,1.0,0.1073904789238556,0.22199474125572854,2.220446049250313e-16,0.12228758374123361,0.11104432442799868,0.015054557702674382,-2.220446049250313e-16,-1.2722218725854067e-17,-0.03981701693729156,0.13471770663496463,-0.09430588194364597,-0.06585418371883045,0.21119676339612803,0.06251797555167848,-0.10336203910596808,0.12855384768793066,0.10010214946311491,-0.17984109586713148,-0.03981701693729178,CORRECTABLE,0
100003,5,0.0,0.0,0.2372653604188268,0.0,0.0,0.0,0.1495399963870959,0.0,0.2372653604188268,0.1669393250402343,2.9056626418545933e-17,1,0.0,0.0,0.0,1.0,0.15297150137376903,0.26757284765662637,2.7755575615628914e-16,0.1706902226740949,0.1432323269765282,-0.011014202399316187,-2.7755575615628914e-16,-1.5902773407317584e-17,-0.03983188533961865,0.20642336030178765,-0.1426775768271744,-0.13220690246875594,0.2213843710581075,-0.025017013523142687,-0.2372625453319804,0.15125248069564992,0.14078180633723117,-0.25222355608830027,-0.03983188533961893,CORRECTABLE,0
100004,1,0.266405430802518,0.0,0.0,0.0,0.0,0.0,0.2664054308025179,0.266405430802518,0.266405430802518,0.2664054308025179,0.0,1,0.0,0.0,0.0,1.0,0.0,0.0,0.0,0.0,0.0,0.0,0.0,0.0,0.0,0.0,0.0,0.0,0.0,0.0,0.0,0.0,0.0,0.0,0.0,HIGHLY_CORRECTABLE,0
100004,2,0.2296218605996285,-0.0333302741109768,0.0,0.0,0.1359327232427811,0.0,0.2082087448145451,-0.0612396841241031,0.5204834053233602,0.2688920553310302,0.5817230894474633,3,0.0,0.0,0.0,1.0,0.0,0.0,0.0,0.0,0.0,0.0,0.0,0.0,0.0,0.0,0.0,0.0,0.0,0.0,0.0,0.0,0.0,0.0,0.0,HIGHLY_CORRECTABLE,0
100004,3,0.0,-0.0361660694909553,0.0,0.0,0.0,-0.0080863100501291,-0.0024081807633168,-0.3156099104913563,0.3156071634638548,0.1840672284266063,0.6312170739552111,1,0.0,0.0,0.0,1.0,0.02141311578508345,0.03935859369774236,1.3877787807814457e-17,0.025424959052813053,0.020774008750129053,-0.02141311578508345,-1.3877787807814457e-17,-7.951386703658792e-19,0.0,-0.03195970001042442,-0.03878391066533782,-0.025855940443558545,-0.00798992500260609,0.0,-0.00798992500260609,-0.025855940443558545,-0.038783910665337804,-0.03195970001042442,-1.3877787807814457e-17,HIGHLY_CORRECTABLE,0
100004,4,0.2860757407305649,0.0,0.0,0.0,0.0,0.0609410369999596,0.304224566596763,0.286086091972576,0.3470167777305246,0.3049676917271322,0.0,1,0.0,0.0,0.0,1.0,0.014741145123072326,0.02865203580520065,0.0,0.01739360218925851,0.014757314497407744,-0.01070655789254174,0.0,0.0,0.010706557892541713,-0.02125314211788268,-0.028077352772796105,-0.015149382551016846,0.002716632889935608,0.0107065578925417,0.002716632889935608,-0.015149382551016832,-0.028077352772796077,-0.021253142117882706,0.010706557892541713,HIGHLY_CORRECTABLE,0
100004,5,-0.0210648709028113,0.0,0.0,0.0,0.0,0.0,-0.0210648709028113,-0.0210648709028113,-0.0210648709028113,0.0210648709028113,0.0,1,0.0,0.0,0.0,1.0,0.013019094307541473,0.023298756858929737,0.0,0.014716134366348284,0.012366968786576192,-0.005353278946270829,0.0,0.0,0.016059836838812624,-0.015899863171611794,-0.022724073826525193,-0.00979610360474592,0.008069911836206534,0.016059836838812624,0.008069911836206534,-0.00979610360474592,-0.022724073826525137,-0.015899863171611794,0.016059836838812624,HIGHLY_CORRECTABLE,0
100005,1,0.0,0.0,0.0,0.0,0.0702518073300795,0.0,-0.0110665779996448,-0.0203410354422037,0.0,0.0131399510150565,8.603365098109851e-18,1,0.0,0.0,0.0,1.0,0.0,0.0,0.0,0.0,0.0,0.0,0.0,0.0,0.0,0.0,0.0,0.0,0.0,0.0,0.0,0.0,0.0,0.0,0.0,NOT_IMPROVED,1
100005,2,0.7430216215389348,0.0,0.0,0.0,0.0,0.0,0.7430216215389346,0.7430216215389348,0.7430216215389348,0.7430216215389348,0.0,1,0.0,0.0,0.0,1.0,0.011066577999644799,0.0203410354422037,8.603365098109844e-18,0.013139951015056555,0.010736279134060205,-0.011066577999644799,-8.603365098109844e-18,-4.929365097318495e-19,0.0,-0.0165171905182052,-0.020044031742835124,-0.013362687828556753,-0.0041292976295513,0.0,-0.004129297629551298,-0.013362687828556754,-0.02004403174283513,-0.016517190518205205,-8.603365098109844e-18,CORRECTABLE,0
100005,3,0.0,0.0,0.0,0.0,0.1442373814797018,0.0,-0.0227213262302249,-0.0417631631167025,0.0,0.0269782685914162,1.7663984754651258e-17,1,0.0,0.0,0.0,1.0,0.0076184163923591,0.014807746442381253,0.0,0.008989240858460675,0.007626772936268174,-0.0055332889998223845,0.0,0.0,0.005533288999822417,-0.0109839015183828,-0.014510742743012672,-0.007829398828734346,0.0014039913702711404,0.005533288999822417,0.0014039913702711404,-0.007829398828734346,-0.014510742743012672,-0.0109839015183828,0.005533288999822417,HIGHLY_CORRECTABLE,0
100005,4,0.0,0.0,0.0,0.0,-0.0059915228508469,0.0,0.0009438284577365,0.0,0.0017348134274926,0.0011206589518162,7.337499281307978e-19,1,0.0,0.0,0.0,1.0,0.02761975374634665,0.053804265059172705,1.734723475976807e-17,0.03342881577451717,0.02777008721910753,-0.025487970730136197,-1.734723475976807e-17,-9.93923337957349e-19,0.008299933499733517,-0.04212949928369259,-0.05289746870798766,-0.03249833463874731,-0.004307424696122982,0.008299933499733517,-0.0043074246961229785,-0.032498334638747316,-0.05289746870798767,-0.042129499283692605,0.0082999334997335,HIGHLY_CORRECTABLE,0
100005,5,0.0,0.0,0.2838138223301513,0.0,0.0,0.0,0.1788778517476798,0.0,0.2838138223301513,0.1996907085520137,3.475716890703954e-17,1,0.0,0.0,0.0,1.0,0.02095490949918167,0.03932546626661203,1.0408340855860843e-17,0.024110581219158503,0.020495170851653963,-0.01180015690733169,-1.0408340855860843e-17,-5.963540027744094e-19,0.021043918864801513,-0.02797682241042413,-0.03844400028797088,-0.01861469390371346,0.008788733545995134,0.021043918864801517,0.008788733545995138,-0.01861469390371346,-0.03844400028797089,-0.027976822410424138,0.021043918864801503,CORRECTABLE,0
100006,1,0.0,0.0420918398279061,0.1685955257388389,0.0,-0.2365529356165531,0.0,0.1435233660794536,-0.3673206626902283,0.4027618745824156,0.2627091393901452,0.7346413253804567,3,0.0,0.0,0.0,1.0,0.0,0.0,0.0,0.0,0.0,0.0,0.0,0.0,0.0,0.0,0.0,0.0,0.0,0.0,0.0,0.0,0.0,0.0,0.0,CORRECTABLE,0
100006,2,-0.1781533084149677,0.0,0.0,0.0,0.0,0.0,-0.1781533084149676,-0.1781533084149677,-0.1781533084149677,0.1781533084149677,0.0,1,0.0,0.0,0.0,1.0,0.14352336607945365,0.18139168767167377,5.551115123125783e-17,0.15212420050007383,0.11268693617534561,0.14352336607945365,5.551115123125783e-17,3.180554681463517e-18,0.0,0.1077158134056404,0.1665905268918468,0.1813916876716737,0.1742481060663201,0.1685955257388389,0.17424810606632013,0.18139168767167377,0.16659052689184684,0.1077158134056404,5.551115123125783e-17,HIGHLY_CORRECTABLE,0
100006,3,0.1561122700277268,0.0,0.3800395371192282,0.1850896221340106,-0.1387358568779523,0.0,0.4174924850735577,0.0823221939621016,0.7142834769914105,0.452234890831502,5.551115123125783e-17,4,0.0,0.0,0.0,1.0,0.08169728344832242,0.10963000463194686,2.7755575615628914e-17,0.08770721133238704,0.06616890755731948,0.07176168303972674,2.7755575615628914e-17,1.5902773407317584e-18,-0.0717616830397269,0.03595413036591351,0.09482884385211991,0.1096300046319468,0.10248642302659319,0.096833842699112,0.10248642302659322,0.10963000463194686,0.09482884385211991,0.03595413036591348,-0.07176168303972687,DIFFICULT,1
100006,4,0.1065949496537187,0.0,0.0,0.0,0.0296283969584877,0.2010968162634937,0.1618162305367186,0.1002240675780421,0.3076917659172125,0.17731423870056,0.0,2,0.0,0.0,0.0,1.0,0.3215704858461122,0.6229442893445871,2.7755575615628914e-17,0.36336525416787224,0.319690957973997,0.29726105656569435,-2.7755575615628914e-17,-1.5902773407317584e-18,-0.1076425245595903,0.3261614118342466,0.21312037951450935,0.2988037850786835,0.6122300400266261,0.4409925382984769,0.2601686575683092,0.5163896855641996,0.43070628000002537,-0.025899970624070234,-0.10764252455959032,CORRECTABLE,0
100006,5,0.0,0.0083661678973794,0.1684001474239153,0.0,0.0,0.0,0.1061366791718178,-0.0730085883108336,0.1748551441342023,0.1259015568542782,0.1460171766216672,2,0.0,0.0,0.0,1.0,0.21852205206030773,0.47317187393434024,0.0,0.2539825207865845,0.23290642987705282,0.1439632467080832,0.0,0.0,-0.2562730528424375,0.17056482963889286,0.05603636723323735,0.14453760079688643,0.4618579982656522,0.29236201001562967,0.10979661580733546,0.36212350128240256,0.27362226771875336,-0.18149655281942395,-0.2562730528424375,DIFFICULT,1
100007,1,0.2004736305374824,-0.0110787408788506,0.0844525123488133,0.0,0.0,0.0,0.2537010733012708,0.1037933766769621,0.30855908546174,0.2612276470892888,0.1933605077210405,3,0.0,0.0,0.0,1.0,0.0,0.0,0.0,0.0,0.0,0.0,0.0,0.0,0.0,0.0,0.0,0.0,0.0,0.0,0.0,0.0,0.0,0.0,0.0,CORRECTABLE,0
100007,2,0.0,0.0,0.0,0.0,0.0970133648851663,0.0,-0.0152822540844442,-0.0280897014396337,0.0,0.0181454529192032,1.1880710678113314e-17,1,0.0,0.0,0.0,1.0,0.05322744276378836,0.08445251234881329,1.3877787807814457e-17,0.059420580334929696,0.04724604456727347,0.05322744276378836,1.3877787807814457e-17,7.951386703658792e-19,0.0,0.02609726153344344,0.049639941277680455,0.06832351770785008,0.08031911218683582,0.08445251234881329,0.08031911218683582,0.06832351770785008,0.049639941277680455,0.02609726153344344,1.3877787807814457e-17,HIGHLY_CORRECTABLE,0
100007,3,0.2097521291619617,0.0,0.0,0.1114724481938233,0.0,-0.1527471106753635,0.1642625731963503,-0.0270676731999165,0.3206704789948028,0.1896781918111515,8.326672684688674e-17,2,0.0,0.0,0.0,1.0,0.028421604055359005,0.05783879096691919,3.469446951953614e-18,0.03297663617705803,0.02917578212438926,0.011331467297450064,-3.469446951953614e-18,-1.987846675914698e-19,-0.026613721381894096,-0.02332566991035835,-0.004653337956740694,0.023256757757604614,0.048003088289464806,0.05783879096691919,0.048003088289464806,0.023256757757604614,-0.004653337956740708,-0.023325669910358365,-0.0266137213818941,CORRECTABLE,0
100007,4,0.0,0.0173448543248459,0.0,0.051293022841693,-0.0301397726239927,-0.0285298469626178,-0.0037486251123272,-0.1513672587323922,0.1513575667624164,0.087372649948368,0.3027248254948086,3,0.0,0.0,0.0,1.0,0.07343640675371879,0.15703338552858878,8.326672684688674e-17,0.08451446558812992,0.0775923842435053,0.0056657336487250624,-8.326672684688674e-17,-4.7708320221952755e-18,-0.0322794550306191,0.0770251946830263,-0.07584093269073175,-0.047930836976386504,0.14835395288284936,0.052173057318194216,-0.06367924360136978,0.08311288519414581,0.055202789479800396,-0.1350080018011929,-0.032279455030619186,CORRECTABLE,0
100007,5,-0.5668113748587211,0.0,0.041561885166868,0.0603334987076828,0.1133172016569112,0.0,-0.558466936693098,-0.639968270718294,-0.4707080666704422,0.5604303394942951,0.0,4,0.0,0.0,0.0,1.0,0.10475122553830632,0.20655392217797358,1.7208456881689926e-15,0.11844813137995316,0.1052363574528798,0.007580704030426423,1.7208456881689926e-15,9.859719512536902e-17,-0.03511232185498242,0.13006117701506398,-0.10022369374083205,-0.07518006074185686,0.19607522105813818,0.04934019049383183,-0.11352310265421717,0.11616222617237244,0.09111859317339743,-0.17953714669729032,-0.0351123218549807,DIFFICULT,1
100008,1,0.0,0.0,0.0,0.0,-0.0670261337857754,0.0580342359616319,0.0278415989449539,9.857502447223502e-06,0.0580342359616319,0.0320030067677248,8.20774925889417e-18,1,0.0,0.0,0.0,1.0,0.0,0.0,0.0,0.0,0.0,0.0,0.0,0.0,0.0,0.0,0.0,0.0,0.0,0.0,0.0,0.0,0.0,0.0,0.0,CORRECTABLE,0
100008,2,0.0,-0.0092441595447149,0.0702141597945178,0.0,0.0,0.0,0.0442535108515655,-0.0806705110174441,0.0900135656116226,0.0682146369609033,0.1613410220348883,2,0.0,0.0,0.0,1.0,0.01055844633391116,0.019407058902904402,8.20774925889417e-18,0.012536618603072163,0.010243313431351885,0.01055844633391116,8.20774925889417e-18,4.702693918362652e-19,0.0,0.015758789182984425,0.01912369238970973,0.012749128259806494,0.003939697295746107,0.0,0.0039396972957461,0.01274912825980649,0.01912369238970974,0.01575878918298443,8.20774925889417e-18,CORRECTABLE,0
100008,3,0.0,0.0,0.2966353171075754,0.0,-0.3038357203518944,0.0,0.2348212108344079,0.0,0.3011789820980943,0.250727022634009,7.353649340054301e-17,2,0.0,0.0,0.0,1.0,0.04978187261072448,0.06551194011011091,2.7755575615628914e-17,0.05372365743894201,0.039960509560144825,0.049532734018521235,2.7755575615628914e-17,1.5902773407317584e-18,-0.0052792231669555045,0.03217693463829309,0.05511531685207891,0.06427435361237405,0.06543810833755594,0.06493493662756229,0.06543810833755595,0.06427435361237406,0.05511531685207892,0.0321769346382931,-0.005279223166955477,DIFFICULT,1
100008,4,0.0,0.0558908796342712,0.3275287942432592,0.1431515246531469,0.1354919916910978,0.0,0.1850861696725048,-0.4877400904317613,0.5847464033895153,0.3496219558308341,0.9754801808635228,4,0.0,0.0,0.0,1.0,0.2610591707804217,0.3418952964872902,8.673617379884035e-17,0.28141912477551595,0.2090282526578652,0.25958757784366854,8.673617379884035e-17,4.9696166897867456e-18,-0.030045590176215997,0.1705119839640764,0.29139629706492276,0.3372839876197239,0.3406477081809846,0.3368038867258772,0.34064770818098467,0.3372839876197239,0.2913962970649228,0.17051198396407646,-0.03004559017621591,DIFFICULT,1
100008,5,0.0,0.010015654897311,0.0,0.0,0.0,0.0163553944081282,0.0048707934701916,-0.0874003001681122,0.0874058563139882,0.0515140133085077,0.1748061564821004,1,0.0,0.0,0.0,1.0,0.3466425312618274,0.6646639932865644,0.0,0.39206511151083895,0.3425984685156015,0.3148799585943392,0.0,0.0,-0.15983937909805002,0.24621927114160191,0.23131858558502197,0.36255209603279426,0.6505334841854822,0.5345388920473023,0.3782431035075589,0.5308368061013988,0.3996032956536264,-0.026071109536321357,-0.15983937909805002,DIFFICULT,1
100009,1,0.0210123514820752,-2.712110929069118e-05,0.1780621084115851,0.0,-0.0295286018600961,0.0,0.1378901853371482,0.0207756751551173,0.1990744598936603,0.1483833187998099,0.0004733526539157,4,0.0,0.0,0.0,1.0,0.0,0.0,0.0,0.0,0.0,0.0,0.0,0.0,0.0,0.0,0.0,0.0,0.0,0.0,0.0,0.0,0.0,0.0,0.0,DIFFICULT,1
100009,2,0.0,0.0,0.0,0.0634291176764964,0.0,0.0,1.6511289899404952e-18,-0.0634291176764964,0.0634291176764964,0.0446285714615916,4.660695956115728e-17,1,0.0,0.0,0.0,1.0,0.11687783385507292,0.1780621084115851,2.42861286636753e-17,0.12909033692362296,0.10139101637235971,0.11687783385507292,2.42861286636753e-17,1.3914926731402886e-18,0.0,0.0619668082310863,0.11308729208127212,0.14967194560243255,0.17108277617951012,0.1780621084115851,0.17108277617951015,0.14967194560243255,0.11308729208127213,0.06196680823108632,2.42861286636753e-17,DIFFICULT,1
100009,3,-0.5806788565389646,-0.0412959294211763,0.0,0.144277882143044,0.0902398768968722,0.0,-0.5948941013036355,-1.0468680863507742,-0.1475327796633748,0.6475604649026633,0.7207500608759212,4,0.0,0.0,0.0,1.0,0.07816676011489467,0.17847103871172632,3.469446951953614e-17,0.09170988737735082,0.0861623283857214,0.05843891692753652,-3.469446951953614e-17,-1.987846675914698e-18,-0.058438916927536395,0.06385256699263392,0.01736567521756733,0.053950328738727724,0.17296853494105774,0.11962319148404872,0.052319183562889726,0.12851572861106464,0.09193107508990414,-0.05679678438553409,-0.05843891692753643,CORRECTABLE,0
100009,4,0.0,0.0078227037625051,0.0,0.0,0.0,0.0,1.9236537555386377e-18,-0.0682659689561132,0.0682659689561132,0.0398055581038098,0.1365319379122264,1,0.0,0.0,0.0,1.0,0.13734692185567363,0.2897668915680955,5.551115123125783e-17,0.15792444317243093,0.14392658834437383,0.015004213699097352,-5.551115123125783e-17,-3.180554681463517e-18,-0.08765837539130467,0.1506328609748039,-0.1224051614876066,-0.077238185671202,0.27566132956582856,0.09040373302028043,-0.11942086175115174,0.16693603691248082,0.12176906109607588,-0.24444933034217642,-0.08765837539130472,CORRECTABLE,0
100009,5,0.0333416810753271,0.0,0.0,0.0715276139436803,-0.0076697028727232,0.0,0.0345498687120707,-0.0377491968581082,0.1067867207371883,0.0610496821731025,5.551115123125783e-17,3,0.0,0.0,0.0,1.0,0.13726536566318237,0.2822647847185469,5.551115123125783e-17,0.15738896063503385,0.1415979411780222,0.007502106849548745,-5.551115123125783e-17,-3.180554681463517e-18,-0.09516048224085327,0.1431307541252553,-0.1299072683371552,-0.0847402925207506,0.26815922271628,0.08290162617073182,-0.12692296860070035,0.15943393006293222,0.11426695424652727,-0.251951437191725,-0.09516048224085333,CORRECTABLE,0
100010,1,-0.6354483642117024,-0.011353537367188,0.2557659140914274,0.1609004171011039,0.0,0.0,-0.4742481207304821,-0.8207075361974283,-0.2112823608379747,0.5008028232286544,0.1981566113992489,4,0.0,0.0,0.0,1.0,0.0,0.0,0.0,0.0,0.0,0.0,0.0,0.0,0.0,0.0,0.0,0.0,0.0,0.0,0.0,0.0,0.0,0.0,0.0,CORRECTABLE,0
100010,2,0.0,0.0064946958572866,0.0,0.0,-0.0374270830008414,0.0,0.0058957875828292,-0.0566769135553932,0.0566949076174692,0.0337813279485493,0.1133538271107864,2,0.0,0.0,0.0,1.0,0.17779040337321236,0.4083134744617877,1.1102230246251565e-16,0.21260425169497088,0.1970915885199971,0.16120024348122025,-1.1102230246251565e-16,-6.361109362927034e-18,0.0,0.2320614041947069,0.05576054008230813,0.11234407882207109,0.3962732294014515,0.25576591409142746,0.09022244908422539,0.30149386334154427,0.2449103246017813,-0.07398937612251899,-1.1102230246251565e-16,CORRECTABLE,0
100010,3,0.0,0.0,0.1050833911410042,0.0,0.0,0.1996797213643577,0.1256968967090031,3.3916933847658326e-05,0.304763112505362,0.1597000494184063,1.2868124534687329e-17,1,0.0,0.0,0.0,1.0,0.13360813715844866,0.3291558035009027,1.6514567491299204e-15,0.16284113214004112,0.15511329541181001,0.08649590932343935,1.6514567491299204e-15,9.462150177353962e-17,-0.08060012174061097,0.16026091742378445,-0.014161000306141557,0.038863011316234604,0.3178730164032633,0.17516579235081736,0.011822236086037552,0.2280127958357085,0.17498878421333267,-0.14578986289344,-0.08060012174060932,CORRECTABLE,0
100010,4,0.0,0.0,0.3133238414008009,0.0,0.0213957583286092,0.0,0.1941065607681991,0.0,0.3133238414008009,0.217762149862515,3.5750879251558223e-17,2,0.0,0.0,0.0,1.0,0.16065282092709254,0.38768985201265327,1.6930901125533637e-15,0.1930795858314878,0.183810760465073,0.1094783133783504,1.6930901125533637e-15,9.700691778463726e-17,-0.12384807640233059,0.14948551645118494,0.004357512605702628,0.0806293059141372,0.3745653056405882,0.237001228830102,0.06851452532336241,0.26977909043361115,0.19350729712517686,-0.1565652638660395,-0.1238480764023289,DIFFICULT,1
100010,5,0.0173670716653078,-0.0041193090036835,0.056041649533054,0.0,-0.0354738987595327,-0.0427202526756281,0.0455537550408061,-0.018587937227434,0.080225581781028,0.0516530316641919,0.071895505145201,4,0.0,0.0,0.0,1.0,0.29900633537369226,0.6356728822038836,1.7486012637846216e-15,0.34493875627053344,0.3148976409003266,0.24884571745737438,1.7486012637846216e-15,1.0018747246610078e-16,-0.1785872330915057,0.18653830701482987,0.1276809164696941,0.27530474658515075,0.616557218905557,0.4955859135417277,0.3105064385883312,0.4644545311046247,0.3168307009891684,-0.11951247330239452,-0.17858723309150396,DIFFICULT,1
100011,1,0.0,0.0,0.0,0.0,-0.1750088567685555,0.0,0.0275686738557206,0.0,0.0506728793681087,0.0327337885320887,2.143240362640491e-17,1,0.0,0.0,0.0,1.0,0.0,0.0,0.0,0.0,0.0,0.0,0.0,0.0,0.0,0.0,0.0,0.0,0.0,0.0,0.0,0.0,0.0,0.0,0.0,NOT_IMPROVED,1
100011,2,0.0,0.0172652482889114,0.0,0.0,0.0,0.0,3.5724998317146135e-18,-0.1506677189682737,0.1506677189682737,0.0878536221410074,0.3013354379365474,1,0.0,0.0,0.0,1.0,0.027568673855720604,0.05067287936810876,2.143240362640491e-17,0.03273378853208879,0.026745844820357696,0.027568673855720604,2.143240362640491e-17,1.2279862726138816e-18,0.0,0.041147050011649075,0.049932994091729965,0.03328866272781998,0.010286762502912269,0.0,0.010286762502912264,0.03328866272781999,0.04993299409172997,0.04114705001164909,2.143240362640491e-17,HIGHLY_CORRECTABLE,0
100011,3,0.0,0.0095886372510031,0.0,0.079845720576418,0.0,0.0,3.709903671395944e-18,-0.1219432893641144,0.1219432893641144,0.0643203787988749,0.1673532923717451,2,0.0,0.0,0.0,1.0,0.01897873369932107,0.03688854244024846,2.7755575615628914e-17,0.02239368388723009,0.018999551230593874,0.013784336927860305,2.7755575615628914e-17,1.5902773407317584e-18,-0.013784336927860297,0.02736271308378878,0.03614865716386967,0.019504325799959685,-0.0034975744249480314,-0.0137843369278603,-0.0034975744249480384,0.019504325799959685,0.03614865716386968,0.027362713083788792,-0.013784336927860269,CORRECTABLE,0
100011,4,0.1125165534194905,0.001335289383807,0.0,0.0610317785630907,0.0,0.0,0.1125165534194905,0.0456584758017549,0.1793746310372261,0.120004833735963,0.0233051962185791,3,0.0,0.0,0.0,1.0,0.05221550762924084,0.10316744231501061,2.7755575615628914e-17,0.05928810658297108,0.052543695641572546,0.006892168463930206,-2.7755575615628914e-17,-1.5902773407317584e-18,-0.02067650539179039,0.09640833747234306,-0.017675648313544595,-0.03431997967745461,0.06554804996360623,-0.02067650539179037,-0.08632753574136252,0.05954429434951384,0.07618862571342377,-0.055467248232625666,-0.020676505391790417,CORRECTABLE,0
100011,5,0.0,0.0,0.0,0.0,0.0889943765474046,0.0,-0.014019044449123,-0.0257678462135805,0.0,0.0166455752939427,1.0898667838089335e-17,1,0.0,0.0,0.0,1.0,0.09000159081775742,0.1605071237078926,1.6792123247455493e-15,0.10073891830677692,0.0852265061883732,0.0034460842319652195,1.6792123247455493e-15,9.621177911427138e-17,-0.024122589623756255,0.15100692394388762,-0.056995311906074736,-0.0736396432699846,0.12014663643515137,-0.02412258962375534,-0.14781829067683763,0.09197178947811387,0.10861612084202396,-0.11695800316810023,-0.024122589623754576,CORRECTABLE,0
100012,1,0.0,0.0,0.1104813203394838,0.0,0.0,0.0101397708449374,0.0726522043906333,1.7223077768153614e-06,0.1206210911844213,0.081766617537538,1.3530080782966566e-17,1,0.0,0.0,0.0,1.0,0.0,0.0,0.0,0.0,0.0,0.0,0.0,0.0,0.0,0.0,0.0,0.0,0.0,0.0,0.0,0.0,0.0,0.0,0.0,NOT_IMPROVED,1
100012,2,-0.2583735247459749,-0.0092645619228962,0.0,0.0534875855498232,0.0,0.0,-0.2583735247459749,-0.3797104570479924,-0.1370365924439574,0.2670233506148191,0.1616971107186781,3,0.0,0.0,0.0,1.0,0.07265220439063325,0.1206210911844212,1.3530080782966566e-17,0.08176661753753799,0.06615865042627014,0.07265220439063325,1.3530080782966566e-17,7.752165253350447e-19,1.722307776815354e-06,0.0341798050902021,0.0653848011879196,0.09190963997230571,0.11223923124320524,0.1206210911844212,0.11223923124320526,0.09190963997230571,0.06538480118791962,0.03417980509020212,1.722307776828884e-06,CORRECTABLE,0
100012,3,0.2084000689394245,-0.0038417703226227,0.1996359076030074,0.1378189779020998,0.0,0.0,0.3342235471285293,0.0896279888688196,0.5446751943381423,0.3554670892865543,0.0670515413356576,4,0.0,0.0,0.0,1.0,0.05344915652083487,0.13218557809512957,2.7755575615628914e-17,0.06436863029569455,0.06212728341435879,0.03632610219531664,-2.7755575615628914e-17,-1.5902773407317584e-18,-0.03632437988753981,0.04872341967293933,-0.002380514974315101,0.024144323810071006,0.12678284582594246,0.08429498898910459,0.02504341226983478,0.08702275174390722,0.06049791295952106,-0.053016013883168345,-0.03632437988753984,DIFFICULT,1
100012,4,0.0,0.0,0.0,0.1547925870899366,0.0,0.0,4.8509309094363526e-18,-0.1547925870899366,0.1547925870899366,0.1089116842189293,1.137397477868573e-16,1,0.0,0.0,0.0,1.0,0.18233293501805564,0.44493352908933637,8.326672684688674e-17,0.22098382849374026,0.21027832208159164,0.1439865292867632,-8.326672684688674e-17,-4.7708320221952755e-18,-0.05448743098519812,0.22332489371500686,0.015791513548220643,0.08648215195383596,0.42955846254355134,0.26576784549445376,0.06567175498158398,0.3113765052814253,0.24068586687580998,-0.14056181384696032,-0.054487430985198204,DIFFICULT,1
100012,5,0.0,0.0,0.0,0.0,0.0663033250386936,0.0807743533984657,0.0136107936752317,-0.0176259902905358,0.0807743533984657,0.036201635718822,8.119657832379723e-18,1,0.0,0.0,0.0,1.0,0.23421343680392928,0.5274274037242725,1.1102230246251565e-16,0.2728848812639384,0.2557807402848544,0.07199326464338171,-1.1102230246251565e-16,-6.361109362927034e-18,-0.12648069562857966,0.2985481276976946,-0.14718655095082386,-0.07649591254520859,0.504781696526239,0.1937745808510723,-0.1535380082878668,0.33036804049370694,0.25967740208809154,-0.359771577116411,-0.12648069562857978,DIFFICULT,1
100013,1,0.0,0.0,0.1909406197544478,0.0,0.0,0.0,0.1203431446454175,0.0,0.1909406197544478,0.1343453512485097,2.3383481880949637e-17,1,0.0,0.0,0.0,1.0,0.0,0.0,0.0,0.0,0.0,0.0,0.0,0.0,0.0,0.0,0.0,0.0,0.0,0.0,0.0,0.0,0.0,0.0,0.0,NOT_IMPROVED,1
100013,2,0.0,-0.0075589663548098,0.0,0.0,0.0,0.0,-9.618268777693189e-19,-0.0659644258521613,0.0659644258521613,0.0384635393915042,0.1319288517043227,1,0.0,0.0,0.0,1.0,0.12034314464541747,0.1909406197544478,2.3383481880949637e-17,0.13434535124850971,0.10681966444481056,0.12034314464541747,2.3383481880949637e-17,1.3397748220990458e-18,0.0,0.05900389642060916,0.11223208035524927,0.15447420629783307,0.18159532064290268,0.1909406197544478,0.1815953206429027,0.15447420629783307,0.1122320803552493,0.05900389642060918,2.3383481880949637e-17,CORRECTABLE,0
100013,3,0.0,0.0,0.0,0.0,0.1915964523446524,-0.0077664092716935,-0.0324945843518622,-0.0556975804062902,-1.3191764677056008e-06,0.0368415396105537,2.346387143012819e-17,1,0.0,0.0,0.0,1.0,0.07343651109589182,0.1307690474317391,1.734723475976807e-15,0.0847751086978044,0.06973917842807023,0.0601715723227088,-1.734723475976807e-15,-9.93923337957349e-17,-0.06017157232270781,-0.001167675902098847,0.052060508032541086,0.09430263397512473,0.12142374832019415,0.1307690474317391,0.12142374832019384,0.094302633975124,0.05206050803254009,-0.0011676759021002209,-0.060171572322709546,CORRECTABLE,0
100013,4,0.0,0.0,0.0989421412948839,0.0,-0.0733514065844781,-0.0525825995701046,0.0582549918970994,-8.931505607937435e-06,0.0825790353691178,0.0621963725204565,2.1099590716104618e-17,2,0.0,0.0,0.0,1.0,0.0617583741118481,0.10068326127038478,1.7763568394002505e-15,0.06840622759845315,0.05557311337451571,-9.588695012819662e-05,-1.7763568394002505e-15,-1.0177774980683254e-16,-0.0902573584840621,-0.07630048969535086,-0.03269099447923786,0.02777303691348733,0.08007620525086542,0.10068326127038478,0.08007620525086512,0.02777303691348659,-0.032690994479238886,-0.07630048969535227,-0.09025735848406388,DIFFICULT,1
100013,5,0.0,0.0,0.0,0.0,0.1322903374830376,0.0,-0.0208393405663818,-0.0383039603630438,0.0,0.0247436844738389,1.6200893835672515e-17,1,0.0,0.0,0.0,1.0,0.10191493974669001,0.19967334604033285,1.7486012637846216e-15,0.12046317884150415,0.10252280362025781,0.07386665137875048,-1.7486012637846216e-15,-1.0018747246610078e-16,-0.09020941500899796,-0.028431793090214222,0.04644208044267209,0.12181912079827646,0.17853520444315124,0.19967334604033285,0.17853520444315094,0.12181912079827573,0.04644208044267109,-0.02843179309021562,-0.0902094150089997,DIFFICULT,1
100014,1,-0.0610279121288448,0.0338788992685456,0.1790875654322601,0.0,0.0,0.0,0.0518446700316523,-0.356677116178967,0.2346212919212774,0.1885309726388165,0.5912984081002444,3,0.0,0.0,0.0,1.0,0.0,0.0,0.0,0.0,0.0,0.0,0.0,0.0,0.0,0.0,0.0,0.0,0.0,0.0,0.0,0.0,0.0,0.0,0.0,CORRECTABLE,0
100014,2,0.0,0.0,0.0,0.0279911071189151,0.0,-0.078205941270471,-0.0232904801049058,-0.0943488174544677,0.0277647982610578,0.0409373629757297,2.0567654025228918e-17,1,0.0,0.0,0.0,1.0,0.11287258216049713,0.1790875654322601,2.7755575615628914e-17,0.12600557132986367,0.10018860141081354,0.11287258216049713,2.7755575615628914e-17,1.5902773407317584e-18,0.0,0.05534110119980373,0.10526502983004579,0.1448848839159338,0.17032239609178565,0.1790875654322601,0.17032239609178568,0.1448848839159338,0.1052650298300458,0.05534110119980376,2.7755575615628914e-17,CORRECTABLE,0
100014,3,0.0,0.0,0.0,0.0,0.0853934984798164,0.0410547613625581,-0.0012253057566962,-0.0237724665383219,0.0410547613625581,0.0216300327513071,1.0457468766801592e-17,1,0.0,0.0,0.0,1.0,0.07106756664565103,0.1454499808966252,6.938893903907228e-18,0.08191527006117903,0.07314679126880076,0.056436291080248606,-6.938893903907228e-18,-3.975693351829396e-19,-0.056436291080248495,0.0255259349433151,0.03237597878996015,0.07199583287584814,0.140507229835297,0.1226512743520116,0.0872649801877773,0.10490135279552247,0.06528149870963446,-0.027716314704204617,-0.0564362910802485,CORRECTABLE,0
100014,4,0.0,0.0,0.2877279255920348,0.0,0.0,0.0,0.1813447731162588,0.0,0.2877279255920348,0.2024446619968957,3.5236508310159324e-17,1,0.0,0.0,0.0,1.0,0.07512851489649429,0.17941356631492755,1.3877787807814457e-17,0.09310122542703295,0.08567274690612985,0.05521098532355241,-1.3877787807814457e-17,-7.951386703658792e-19,-0.05642931765492643,0.005607433752849542,0.0098155861613308,0.06599011966673286,0.16449920234519863,0.1637060357145697,0.11125695269767892,0.09889563958640718,0.04272110608100509,-0.04763481589467018,-0.056429317654926446,DIFFICULT,1
100014,5,0.0,0.0,0.0,0.0405151237082706,0.0,0.0,1.0621101451716053e-18,-0.0405151237082706,0.0405151237082706,0.0285063415655832,2.9770029939835645e-17,1,0.0,0.0,0.0,1.0,0.22315047300863367,0.43624063934906543,2.7755575615628914e-17,0.26471530410393074,0.2242888641177028,0.20895026577803502,2.7755575615628914e-17,1.5902773407317584e-18,-0.08403481031670254,0.06691475985526255,0.1513323248352588,0.2711614085651633,0.41053922823781436,0.4238284686448284,0.35729697859029463,0.3040669284848376,0.18423784475493316,0.013672510207742853,-0.08403481031670251,CORRECTABLE,0
100015,1,0.0,0.0,0.0,0.0,-0.0283830802691273,0.0,0.004471110190698,0.0,0.0082181692351426,0.0053087927352591,3.4759248401529155e-18,1,0.0,0.0,0.0,1.0,0.0,0.0,0.0,0.0,0.0,0.0,0.0,0.0,0.0,0.0,0.0,0.0,0.0,0.0,0.0,0.0,0.0,0.0,0.0,NOT_IMPROVED,1
100015,2,0.0,0.0,0.0,0.0,-0.0165200853707803,0.0,0.0026023645549436,0.0,0.0047833024488096,0.0030899292244067,2.0231269670967214e-18,1,0.0,0.0,0.0,1.0,0.004471110190698078,0.008218169235142686,3.475924840152914e-18,0.0053087927352591414,0.004337663101278144,0.004471110190698078,3.475924840152914e-18,1.9915582324544727e-19,0.0,0.0066732623987306025,0.008098174032744574,0.0053987826884963844,0.0016683155996826504,0.0,0.0016683155996826498,0.005398782688496385,0.008098174032744578,0.006673262398730605,3.475924840152914e-18,DIFFICULT,1
100015,3,0.0,0.0,0.0,0.0,-0.0224859542703071,0.0,0.0035421518148224,0.0,0.006510687911772,0.0042057898418241,2.7537351922905407e-18,1,0.0,0.0,0.0,1.0,0.005494060750424366,0.010765916588603333,3.903127820947816e-18,0.006626458490116065,0.005540639050719917,0.004837919650292755,3.903127820947816e-18,2.236327510404035e-19,-0.0022355550953489993,0.00832181232240452,0.010576079389885428,0.006305534561473954,0.0004037867590893796,-0.002235555095349,0.0004037867590893783,0.006305534561473955,0.010576079389885432,0.008321812322404523,-0.0022355550953489954,DIFFICULT,1
100015,4,0.0,0.0,0.0,0.0483315921836233,0.0,0.0,1.176999124383308e-18,-0.0483315921836233,0.0483315921836233,0.0340059895933031,3.5513477799221726e-17,1,0.0,0.0,0.0,1.0,0.007588906237924318,0.014857644675229091,5.204170427930421e-18,0.009039747920536384,0.007637940065999662,0.005961111639968923,5.204170427930421e-18,2.981770013872047e-19,-0.004654514920495298,0.01118961741878201,0.01457274356490625,0.008163657403105734,-0.000693481835675973,-0.0046545149204953,-0.000693481835675975,0.008163657403105736,0.014572743564906253,0.011189617418782013,-0.004654514920495293,DIFFICULT,1
100015,5,0.0,0.0,0.0,0.0573048838612402,0.0,0.0,5.792773866232436e-19,-0.0573048838612402,0.0573048838612402,0.0403195755858231,4.210694555770721e-17,1,0.0,0.0,0.0,1.0,0.030967514980251548,0.05754380142069727,3.2959746043559335e-17,0.03480622403678044,0.030034017323962697,0.0029805558199845245,-3.2959746043559335e-17,-1.888454342118963e-18,-0.007635070740479697,0.054175137287952466,-0.016816409360426086,-0.02322549552222662,0.04229203803349447,-0.007635070740479683,-0.04964011334481523,0.033591698688469326,0.04000078485026982,-0.03775701409035723,-0.00763507074047973,DIFFICULT,1
100016,1,-0.3792622591633729,0.0,0.2178928226142947,0.1669015619540573,-0.1009463608693075,0.0,-0.2260302823944197,-0.4749066809287032,0.002247782017076,0.2630259643275755,1.1102230246251563e-16,4,0.0,0.0,0.0,1.0,0.0,0.0,0.0,0.0,0.0,0.0,0.0,0.0,0.0,0.0,0.0,0.0,0.0,0.0,0.0,0.0,0.0,0.0,0.0,DIFFICULT,1
100016,2,0.0,-0.0225205875727668,0.0,0.0,0.0,0.0,-2.748076793626625e-18,-0.1965292114351704,0.1965292114351704,0.1145952377810359,0.3930584228703409,1,0.0,0.0,0.0,1.0,0.16880724566500246,0.3815100411804489,1.1102230246251565e-16,0.20389460035928086,0.18548464608956353,0.1532319767689531,-1.1102230246251565e-16,-6.361109362927034e-18,0.0,0.2497993160930176,0.058773619302199986,0.09737785860632425,0.37189468509667173,0.21789282261429477,0.05442904894418077,0.2935824120086713,0.2549781727045469,-0.06766632005947332,-1.1102230246251565e-16,CORRECTABLE,0
100016,3,-0.9619303477670386,0.0,0.0,0.1323898376798957,0.0,0.0,-0.9619303477670386,-1.0943201854469344,-0.8295405100871428,0.9664299047767276,1.1102230246251563e-16,2,0.0,0.0,0.0,1.0,0.1272199347994422,0.30489405279597237,1.1102230246251565e-16,0.15479980305956503,0.14511417658458092,0.07661598838447659,-1.1102230246251565e-16,-6.361109362927034e-18,-0.0766159883844765,0.17318332770854106,-0.017842369082276488,0.020761870221847778,0.2952786967121952,0.14127683422981827,-0.022186939440295733,0.2169664236241948,0.17836218432007045,-0.14428230844394982,-0.07661598838447661,CORRECTABLE,0
100016,4,1.0643740388498957,0.0093393487039639,0.0,0.2628296531846249,0.0,0.0,1.0643740388498957,0.7607937890853501,1.367954288614441,1.0792872367491493,0.1630023863196814,3,0.0,0.0,0.0,1.0,0.1965191175754628,0.3987146551805504,2.220446049250313e-16,0.22386276237944525,0.20095640806474854,0.0383079941922384,-2.220446049250313e-16,-1.2722218725854067e-17,-0.11492398257671466,0.2607855513330254,-0.13396715741615173,-0.09536291811202757,0.38288092033667953,0.10296884003758011,-0.1864051514492565,0.25647522357359387,0.21787098426946938,-0.30850052045291043,-0.11492398257671488,DIFFICULT,1
100016,5,0.0473573848385167,0.0066291890323625,0.1760210005765676,0.0,-0.0230582208465371,0.0,0.1619295186512759,-0.0104932030955387,0.2279931266803275,0.1741063765099239,0.1157011758681109,4,0.0,0.0,0.0,1.0,0.3587133811685495,0.6418716769862198,1.3322676295501878e-15,0.4013669917967946,0.34031221662611066,0.019153997096119223,1.3322676295501878e-15,7.633331235512441e-17,-0.13407797967283486,0.49159740857373846,-0.3076085485193393,-0.269004309215215,0.6136927775773928,0.08381484294146091,-0.4555250028822083,0.391808620484543,0.35320438118041886,-0.5776203718858617,-0.13407797967283352,DIFFICULT,1
100017,1,-0.013143924606497,0.0,0.0,0.0,0.0,0.0,-0.013143924606497,-0.013143924606497,-0.013143924606497,0.013143924606497,0.0,1,0.0,0.0,0.0,1.0,0.0,0.0,0.0,0.0,0.0,0.0,0.0,0.0,0.0,0.0,0.0,0.0,0.0,0.0,0.0,0.0,0.0,0.0,0.0,HIGHLY_CORRECTABLE,0
100017,2,0.0,0.0,0.0560301111164138,0.0,0.0,0.0220734533916993,0.0418874910892008,3.749323433347254e-06,0.0781035645081131,0.0484034040002756,6.861813905707087e-18,1,0.0,0.0,0.0,1.0,0.0,0.0,0.0,0.0,0.0,0.0,0.0,0.0,0.0,0.0,0.0,0.0,0.0,0.0,0.0,0.0,0.0,0.0,0.0,DIFFICULT,1
100017,3,0.0,0.0120940742440707,0.2246294954082144,0.1157199162084945,0.0,0.0,0.1415760559083877,-0.1055407093373075,0.3280775937749942,0.1812109911419578,0.2110814186746149,3,0.0,0.0,0.0,1.0,0.03531380475905433,0.0560301111164138,6.861813905707087e-18,0.03942264861247418,0.03134543962388786,0.03531380475905433,6.861813905707087e-18,3.9315297660119555e-19,0.0,0.017314256531688523,0.03293367299853659,0.04532931208989543,0.05328780228600686,0.0560301111164138,0.05328780228600687,0.04532931208989543,0.0329336729985366,0.017314256531688527,6.861813905707087e-18,DIFFICULT,1
100017,4,0.0,0.0,0.1154590189745769,0.0336249510841019,0.0,0.0612149411981415,0.0910001485103516,-0.0090872836192985,0.1978606836983688,0.1089464267005497,1.0567583049944653e-17,2,0.0,0.0,0.0,1.0,0.17141267007334593,0.3696768358967726,5.551115123125783e-17,0.19922180332952247,0.18224903212398785,0.1592329582879149,-5.551115123125783e-17,-3.180554681463517e-18,-0.017656902379527106,0.17912786604638675,0.07929221510598396,0.14138302878960918,0.35932242564177225,0.26300270414510113,0.13921006489133647,0.2774199490773569,0.21532913539373164,-0.04098449470404893,-0.017656902379527162,DIFFICULT,1
100017,5,-0.026368219058466,0.0,0.0,0.0,0.0,-0.047885236775762,-0.0406289022792905,-0.0742534558342281,-0.0263763526856411,0.0439342617510623,0.0,1,0.0,0.0,0.0,1.0,0.189308163702696,0.43545061825604836,2.7755575615628914e-17,0.22273610281744283,0.2097012448693676,0.15238623048835073,-2.7755575615628914e-17,-1.5902773407317584e-18,-0.09727338152348453,0.167169414758074,0.04777659420314875,0.13541060779365308,0.42149322769727293,0.29884524397572065,0.13742240926955532,0.3109760287939827,0.2233420152034783,-0.11690140366964341,-0.09727338152348455,DIFFICULT,1
100018,1,-0.9320508585467244,0.0229962908823088,0.1411445615794131,0.1476138688621355,0.0,0.0,-0.843092414754569,-1.1327313651439628,-0.5842924597655643,0.8550015699642121,0.4013610131944768,4,0.0,0.0,0.0,1.0,0.0,0.0,0.0,0.0,0.0,0.0,0.0,0.0,0.0,0.0,0.0,0.0,0.0,0.0,0.0,0.0,0.0,0.0,0.0,CORRECTABLE,0
100018,2,0.0,0.0,0.0,0.1040853408801254,0.0,0.0,2.334352058887339e-18,-0.1040853408801254,0.1040853408801254,0.0732341902856717,7.648066772820405e-17,1,0.0,0.0,0.0,1.0,0.11598610505985442,0.28403283224181963,1.1102230246251565e-16,0.14369873867566296,0.13437555505806853,0.08895844379215534,-1.1102230246251565e-16,-6.361109362927034e-18,0.0,0.18400520006851218,-0.003802563413332516,0.027423093830348022,0.27462558690659555,0.14114456157941313,-0.00615267684714893,0.20095360413234498,0.16972794688866433,-0.0967730636852322,-1.1102230246251565e-16,CORRECTABLE,0
100018,3,0.0,0.022758916102136,0.0,0.0,0.0,0.0,8.7938457396052e-18,-0.1986090205293671,0.1986090205293671,0.1158079644589082,0.3972180410587342,1,0.0,0.0,0.0,1.0,0.16418225248259094,0.343433562581675,1.3183898417423734e-16,0.1878554957262633,0.17107029409190616,0.044479221896077746,-1.3183898417423734e-16,-7.553817368475852e-18,-0.04447922189607763,0.2385170198672802,-0.1094616136585827,-0.07823595641490219,0.32913740670536357,0.09666533968333556,-0.14962294043807214,0.21765421058544007,0.18642855334175937,-0.24024332727615536,-0.04447922189607776,CORRECTABLE,0
100018,4,0.0,0.0,0.4135796120713876,0.0,0.0,0.0,0.2606646565927639,0.0,0.4135796120713876,0.2909935996039349,5.064889481158289e-17,1,0.0,0.0,0.0,1.0,0.16276893324211086,0.32119395163363607,1.6930901125533637e-15,0.18386377127971593,0.16357524259069617,0.022239610948038925,1.6930901125533637e-15,9.700691778463726e-17,-0.06671883284411734,0.21627740891924063,-0.13170122460662204,-0.10047556736294136,0.30689779575732457,0.07442572873529676,-0.17186255138611078,0.19541459963740165,0.16418894239372112,-0.26248293822419344,-0.06671883284411564,DIFFICULT,1
100018,5,0.009785083589737,0.0088663889241814,0.0,0.0715926470538778,0.0,0.0,0.009785083589737,-0.1007738578455925,0.1203440250250666,0.0592300541472088,0.1547476807245636,3,0.0,0.0,0.0,1.0,0.31249627907323635,0.7106603941980743,1.790234627208065e-15,0.36787116613447557,0.3437341185948413,0.27178446206678347,1.790234627208065e-15,1.0257288847719842e-16,-0.07783863831813675,0.3329607321022781,0.10027496654376228,0.22299756185578998,0.6891155753506202,0.4768855353326649,0.2103552282071848,0.5188877288561331,0.39616513354410554,-0.14579961504115588,-0.07783863831813496,DIFFICULT,1
100019,1,0.0,-0.0258598222261434,0.158264955181818,0.0,0.0,0.0,0.0997488246253709,-0.2256695362367894,0.2298680065873809,0.1723803657267039,0.4513390724735789,2,0.0,0.0,0.0,1.0,0.0,0.0,0.0,0.0,0.0,0.0,0.0,0.0,0.0,0.0,0.0,0.0,0.0,0.0,0.0,0.0,0.0,0.0,0.0,CORRECTABLE,0
100019,2,0.0,0.0,0.029492015870628,0.0,0.0,0.0,0.0185877784222561,0.0,0.029492015870628,0.0207505099557207,3.611730283636763e-18,1,0.0,0.0,0.0,1.0,0.09974882462537087,0.158264955181818,2.7755575615628914e-17,0.11135483388277682,0.08853961733043436,0.09974882462537087,2.7755575615628914e-17,1.5902773407317584e-18,0.0,0.048906560765171136,0.09302580661060184,0.12803903835608016,0.15051891692682842,0.158264955181818,0.15051891692682845,0.12803903835608016,0.09302580661060186,0.048906560765171164,2.7755575615628914e-17,CORRECTABLE,0
100019,3,0.2969095458965313,0.0187589031820323,0.3725310391023931,0.0,0.0253139131748038,0.0,0.5277151007704026,0.1332072277525882,0.6829536026176637,0.5489688153475659,0.3274046362878863,4,0.0,0.0,0.0,1.0,0.07787906599512207,0.13788255873976057,2.0816681711721685e-17,0.09019612968450211,0.073748100388915,0.06846219073494159,2.0816681711721685e-17,1.1927080055488189e-18,-0.04987441231268539,0.008145682554885458,0.06048636628704714,0.10202416808110847,0.12869307848658385,0.13788255873976057,0.1286930784865839,0.10202416808110847,0.06048636628704716,0.008145682554885472,-0.04987441231268537,DIFFICULT,1
100019,4,0.0,0.0,0.0,0.0,-0.0301410180748093,-0.0159620480423674,-5.617747678261003e-06,-0.0159620480423674,0.0083643044216351,0.0081193613295517,3.691369584134241e-18,1,0.0,0.0,0.0,1.0,0.27502572631363154,0.47618250247468297,8.326672684688674e-17,0.3181892469490315,0.2571813933313975,0.265036650241342,8.326672684688674e-17,4.7708320221952755e-18,-0.0841055076801561,0.08308135126542757,0.23800103310180565,0.36436202186406647,0.44727214089545253,0.47618250247468297,0.44727214089545275,0.36436202186406647,0.23800103310180576,0.0830813512654276,-0.08410550768015601,CORRECTABLE,0
100019,5,0.0,0.0,0.0,0.0492695465885112,0.0,0.0,1.1186489447422616e-18,-0.0492695465885112,0.0492695465885112,0.0346659320096512,3.620267551503699e-17,1,0.0,0.0,0.0,1.0,0.19474363850096088,0.34366417735401206,2.7755575615628914e-17,0.2224729122817634,0.18376963598466822,0.13726635851924765,2.7755575615628914e-17,1.5902773407317584e-18,-0.21662383280082698,-0.042350395489861845,0.11408245147547996,0.23757685907295903,0.316525460366127,0.34366417735401206,0.3165254603661272,0.23757685907295903,0.11408245147548007,-0.04235039548986182,-0.21662383280082695,CORRECTABLE,0
100020,1,0.0,0.0288794182034379,0.0,0.0,0.0,0.0,1.6488460761759752e-18,-0.2520204881977341,0.2520204881977341,0.1469519343196415,0.5040409763954682,1,0.0,0.0,0.0,1.0,0.0,0.0,0.0,0.0,0.0,0.0,0.0,0.0,0.0,0.0,0.0,0.0,0.0,0.0,0.0,0.0,0.0,0.0,0.0,HIGHLY_CORRECTABLE,0
100020,2,-0.0816315299905448,0.0,0.0,0.0,0.0,-0.1188345938216654,-0.1170216128693643,-0.2004661238122102,-0.0816517148397118,0.1241590122573293,0.0,1,0.0,0.0,0.0,1.0,0.0,0.0,0.0,0.0,0.0,0.0,0.0,0.0,0.0,0.0,0.0,0.0,0.0,0.0,0.0,0.0,0.0,0.0,0.0,CORRECTABLE,0
100020,3,0.2462279867561878,0.0,0.0,0.0,0.0,0.0,0.2462279867561879,0.2462279867561878,0.2462279867561878,0.2462279867561878,0.0,1,0.0,0.0,0.0,1.0,0.11702161286936436,0.20046612381221018,0.0,0.12415901225732932,0.1076622222302053,-0.11702161286936436,0.0,0.0,-0.08165171483971187,-0.08209093504006604,-0.0868527576514519,-0.11126319843912988,-0.16560579106454587,-0.20046612381221018,-0.16560579106454587,-0.11126319843912987,-0.08685275765145188,-0.08209093504006604,-0.08165171483971187,CORRECTABLE,0
100020,4,0.3703699211369906,0.0,0.0,0.2282496871731052,0.0,0.0,0.3703699211369906,0.1421202339638853,0.5986196083100959,0.4036891475340811,1.6653345369377348e-16,2,0.0,0.0,0.0,1.0,0.05851080643468218,0.141955317377528,0.0,0.0717280762031516,0.06731264476397822,-0.05851080643468218,0.0,0.0,-0.023140908405029692,-0.02358012860538386,-0.028341951216769717,-0.0527523920044477,-0.1070949846298637,-0.141955317377528,-0.1070949846298637,-0.052752392004447674,-0.028341951216769717,-0.02358012860538386,-0.023140908405029692,CORRECTABLE,0
100020,5,0.5061010866318025,0.0,0.0,0.0,0.0,0.0,0.5061010866318023,0.5061010866318025,0.5061010866318025,0.5061010866318025,0.0,1,0.0,0.0,0.0,1.0,0.14770798343222782,0.31681991292610623,1.6653345369377348e-16,0.1684290070544559,0.15620126961294586,-0.029255403217341068,-1.6653345369377348e-16,-9.541664044390551e-18,0.006114494812311411,0.2227536269402693,-0.1332483479601503,-0.15765878874782835,0.13923877091578946,-0.11269991416018679,-0.29491793374083464,0.11066481117361532,0.13507525196129316,-0.21140307771635475,0.006114494812311244,CORRECTABLE,0
100021,1,0.0,-0.0205378827290946,0.1333169703990482,0.0,-0.0825417007445154,0.0,0.0970275606931353,-0.1792268451818186,0.2100394942944572,0.1480579833150037,0.3584536903636374,3,0.0,0.0,0.0,1.0,0.0,0.0,0.0,0.0,0.0,0.0,0.0,0.0,0.0,0.0,0.0,0.0,0.0,0.0,0.0,0.0,0.0,0.0,0.0,CORRECTABLE,0
100021,2,0.0,0.0,0.0,0.0,-0.0022986881668776,0.0,0.0003621061558756,0.0,0.0006655728763438,0.0004299483680148,2.815081105804631e-19,1,0.0,0.0,0.0,1.0,0.09702756069313534,0.1333169703990482,2.7755575615628914e-17,0.10487896515414576,0.07959125584306964,0.09702756069313534,2.7755575615628914e-17,1.5902773407317584e-18,0.0,0.06060392725059363,0.10191229578861946,0.12355605916324297,0.13164365287041938,0.1333169703990482,0.13164365287041935,0.123556059163243,0.10191229578861952,0.060603927250593645,2.7755575615628914e-17,CORRECTABLE,0
100021,3,0.2984544262866859,-0.0419340790447419,0.1632098114455304,0.0,-0.3663700340374684,0.2003537537231142,0.5187003755959241,-0.0674554816921957,0.7352987288231516,0.5693779980657669,0.7318878788032515,4,0.0,0.0,0.0,1.0,0.05701106615305589,0.08480319005248059,1.3877787807814457e-17,0.06302235238371022,0.04884651210003197,0.04887588650244336,1.3877787807814457e-17,7.951386703658792e-19,-0.048513780346567593,0.01263060090566999,0.05405437015006372,0.07547951528868327,0.08326498602426276,0.08480319005248059,0.08326498602426273,0.0754795152886833,0.054054370150063764,0.01263060090566999,-0.04851378034656758,CORRECTABLE,0
100021,4,0.0,0.0,0.091822779114869,0.0,0.0,0.0,0.0578726622076311,0.0,0.091822779114869,0.0646062819355337,1.1245047253183878e-17,1,0.0,0.0,0.0,1.0,0.19116327312474202,0.2531277111170764,9.71445146547012e-17,0.2054174376776066,0.1538290390403062,0.185016621260788,9.71445146547012e-17,5.565970692561154e-18,-0.07295172359778923,0.12476602419549421,0.23008032956994362,0.2527688047949489,0.23558348776052773,0.22357505824678947,0.23558348776052762,0.25276880479494895,0.23008032956994368,0.12476602419549426,-0.07295172359778913,CORRECTABLE,0
100021,5,0.1106421110165616,0.002557354614954,0.0,0.0557007798325808,-0.1008366946410595,0.0,0.1265266439400847,0.0625082604556886,0.2031269903132987,0.1325038016749629,0.0446342582016598,4,0.0,0.0,0.0,1.0,0.175517017440468,0.23602653437317933,1.3877787807814457e-16,0.18945458872973286,0.14240852441706753,0.15038097283802526,1.3877787807814457e-16,7.951386703658792e-18,-0.16546003422818314,0.06063251278233181,0.19154409432777902,0.23454668293922104,0.23040382955166056,0.2228895267312646,0.23040382955166044,0.2345466829392211,0.19154409432777908,0.06063251278233189,-0.165460034228183,CORRECTABLE,0
100022,1,0.0,0.0,0.0,0.0800885599237414,0.0,0.0,2.1482466687619185e-18,-0.0800885599237414,0.0800885599237414,0.0563501141233293,5.884811913535857e-17,1,0.0,0.0,0.0,1.0,0.0,0.0,0.0,0.0,0.0,0.0,0.0,0.0,0.0,0.0,0.0,0.0,0.0,0.0,0.0,0.0,0.0,0.0,0.0,NOT_IMPROVED,1
100022,2,0.0,0.0,0.0,0.0522817103178486,0.0,0.0,7.532254643331462e-19,-0.0522817103178486,0.0522817103178486,0.0367852830139386,3.8415977516821486e-17,1,0.0,0.0,0.0,1.0,0.050464540569667225,0.0800885599237414,5.884811913535854e-17,0.056350114123329305,0.04480094156035554,1.2722971907934318e-18,-5.884811913535854e-17,-3.3717488587391036e-18,0.0,0.07616874679616915,-0.047074874400517185,-0.04707487440051721,0.07616874679616915,2.942405956767927e-17,-0.07616874679616917,0.047074874400517275,0.04707487440051723,-0.07616874679616914,-5.884811913535854e-17,NOT_IMPROVED,1
100022,3,0.0,0.0,0.2136292496978506,0.0,0.0,0.0,0.1346429886419261,0.0,0.2136292496978506,0.1503090155699821,2.6162037684672346e-17,1,0.0,0.0,0.0,1.0,0.08340772863421554,0.13237027024159,9.726409665218e-17,0.09313539713726794,0.07404693937646849,3.2965081721788925e-18,-9.726409665218e-17,-5.5728222363224335e-18,0.0,0.12589160807701463,-0.07780529268997581,-0.07780529268997585,0.12589160807701463,4.863204832609e-17,-0.12589160807701466,0.07780529268997596,0.0778052926899759,-0.1258916080770146,-9.726409665218e-17,NOT_IMPROVED,1
100022,4,0.0,0.0,0.2994608009155249,0.0,-0.0476030593723307,-0.1635979528966155,0.1475173317970033,-2.778820457126933e-05,0.2109224938397378,0.1586101696929736,4.2504113293220785e-17,2,0.0,0.0,0.0,1.0,0.1481214170751969,0.3390267617322621,7.110205896750766e-17,0.17682477869782207,0.16382693151201994,0.13464298864192611,-7.110205896750766e-17,-4.073847893528497e-18,0.0,0.19190667672921957,0.047762829740727056,0.0950244008111544,0.3290650980733999,0.21362924969785066,0.07728188191937063,0.25063498619110625,0.2033734151206788,-0.05987653942480965,-7.110205896750766e-17,NOT_IMPROVED,1
100022,5,0.0,0.0,0.0,0.0598794367179503,0.0,0.0,1.1616889797922021e-18,-0.0598794367179503,0.0598794367179503,0.0421310246545827,4.3998696306830625e-17,1,0.0,0.0,0.0,1.0,0.2842358079974919,0.5028490427867622,2.8599220431094197e-17,0.3196699813138773,0.268092453366664,0.2821603204389294,-2.8599220431094197e-17,-1.6386146280660124e-18,-2.7788204571269317e-05,0.2950048472455936,0.23017543970471305,0.3055544069570598,0.5010610701099403,0.34949209771676004,0.249277853955911,0.4611649923370117,0.38578602508466486,0.04322163109156443,-2.7788204571297916e-05,DIFFICULT,1
100023,1,0.0,0.0,0.1683915117394273,0.0,0.0,0.0,0.106131236404172,0.0,0.1683915117394273,0.1184798542132831,2.0622012585527357e-17,1,0.0,0.0,0.0,1.0,0.0,0.0,0.0,0.0,0.0,0.0,0.0,0.0,0.0,0.0,0.0,0.0,0.0,0.0,0.0,0.0,0.0,0.0,0.0,NOT_IMPROVED,1
100023,2,0.0,0.0,0.0,0.0635341428336519,0.0,0.0379276018523133,0.011295203945095,-0.0633258064235782,0.0937788221218483,0.0479712710030281,4.6684220887920763e-17,1,0.0,0.0,0.0,1.0,0.10613123640417202,0.1683915117394273,2.0622012585527357e-17,0.11847985421328316,0.0942048098644081,0.10613123640417202,2.0622012585527357e-17,1.1815542862163841e-18,0.0,0.052035838835971494,0.09897804721167022,0.13623159470568513,0.16014984452857417,0.1683915117394273,0.1601498445285742,0.13623159470568513,0.09897804721167024,0.05203583883597151,2.0622012585527357e-17,DIFFICULT,1
100023,3,0.171136883620549,0.0,0.0,0.0,0.0,-0.1332818586316232,0.1314442665843446,0.0378550249889257,0.1711142448069959,0.1394381517710554,0.0,1,0.0,0.0,0.0,1.0,0.07302794695501548,0.17344433726148162,4.163336342344337e-17,0.08710859255103531,0.08265254452005268,0.05306561820208603,-4.163336342344337e-17,-2.3854160110976377e-18,-0.053065618202085996,0.05939478118305718,0.008567996834920127,0.04582154432893501,0.16750878687565984,0.1153258935373413,0.04665966577731652,0.12051040867826329,0.08325686118424838,-0.06145433991528616,-0.05306561820208604,CORRECTABLE,0
100023,4,0.0,0.0,0.0288204364850584,0.0,0.0,0.0,0.0181645055993103,0.0,0.0288204364850584,0.0202779883489424,3.5294855291456384e-18,1,0.0,0.0,0.0,1.0,0.061271018846958646,0.14691152816043862,4.163336342344337e-17,0.07399957445718935,0.06985472154793812,0.026532809101043022,-4.163336342344337e-17,-2.3854160110976377e-18,-0.079598427303129,0.03286197208201419,-0.01796481226612287,0.019288735227892012,0.14097597777461685,0.0887930844362983,0.020126856676273522,0.09397759957722032,0.056724052083205384,-0.08798714901632916,-0.07959842730312904,CORRECTABLE,0
100023,5,-0.5459775844059618,0.0286955295662498,0.0,0.0,-0.054428873951104,0.0,-0.5374035504856297,-0.7963933411106245,-0.2955618277012991,0.5569142127203616,0.5008315134093255,3,0.0,0.0,0.0,1.0,0.06842515322827904,0.161560113085722,1.3877787807814457e-17,0.08240461184001827,0.07723604107820213,0.031430910149831945,-1.3877787807814457e-17,-7.951386703658792e-19,-0.09286483185365041,0.0285015721906796,-0.01429098928609503,0.029338553579086626,0.15511943714568083,0.1043471163708353,0.03427031604733751,0.10402741792841494,0.06039787506323324,-0.09234754890766372,-0.09286483185365042,CORRECTABLE,0
100024,1,0.0,-0.0009813517173738,0.0,0.0,0.0,0.0,-1.5457931964149765e-19,-0.0085639092949749,0.0085639092949749,0.0049935743130817,0.0171278185899499,1,0.0,0.0,0.0,1.0,0.0,0.0,0.0,0.0,0.0,0.0,0.0,0.0,0.0,0.0,0.0,0.0,0.0,0.0,0.0,0.0,0.0,0.0,0.0,HIGHLY_CORRECTABLE,0
100024,2,0.0,0.0,0.0,0.0812539140637525,0.0,0.0,1.830609927197115e-18,-0.0812539140637525,0.0812539140637525,0.0571700544349824,5.970440746582118e-17,1,0.0,0.0,0.0,1.0,0.0,0.0,0.0,0.0,0.0,0.0,0.0,0.0,0.0,0.0,0.0,0.0,0.0,0.0,0.0,0.0,0.0,0.0,0.0,DIFFICULT,1
100024,3,-0.7740433656191711,0.0,0.0,0.0,0.0,0.0,-0.7740433656191708,-0.7740433656191711,-0.7740433656191711,0.7740433656191711,0.0,1,0.0,0.0,0.0,1.0,0.05119884096578642,0.0812539140637525,5.970440746582116e-17,0.057170054434982395,0.04545283195235994,1.985189246838613e-18,-5.970440746582116e-17,-3.420810566120915e-18,0.0,0.07727706444481824,-0.047759852377713685,-0.04775985237771371,0.07727706444481823,2.985220373291058e-17,-0.07727706444481826,0.047759852377713775,0.047759852377713734,-0.07727706444481823,-5.970440746582116e-17,CORRECTABLE,0
100024,4,0.0,0.0,0.5084407914229461,0.1313591958039239,0.0,0.0,0.3204523154084758,-0.0267341585619204,0.6235671774403391,0.3694840372930593,3.425513243070174e-17,2,0.0,0.0,0.0,1.0,0.051198840965786425,0.08125391406375249,1.1102230246251565e-16,0.05717005443498238,0.045452831952359954,0.0,-1.1102230246251565e-16,-6.361109362927034e-18,0.0,0.0772770644448183,-0.04775985237771374,-0.04775985237771374,0.07727706444481819,0.0,-0.0772770644448183,0.04775985237771374,0.04775985237771374,-0.07727706444481819,-1.1102230246251565e-16,DIFFICULT,1
100024,5,0.0,0.0,0.0,0.0,0.0004549454759569,0.031918543369575,0.009433982305104,-3.5264246470504894e-05,0.031918543369575,0.0146275261267503,5.590417451878382e-20,1,0.0,0.0,0.0,1.0,0.33464468733670377,0.7046607554653779,1.4527743489321736e-16,0.38775590264346677,0.35056722310497124,0.3204523154084758,-1.4527743489321736e-16,-8.323783877867953e-18,0.0,0.35932392877256947,0.17388314843806152,0.28636639047035184,0.6857630114224889,0.5084407914229461,0.2813488442436267,0.536308091318871,0.4238248492865807,-0.04509023840629263,-1.4527743489321736e-16,DIFFICULT,1
100025,1,-0.1442746303138721,-0.0534275565653707,0.1221435199289359,0.0502083505671623,0.0,0.0,-0.0672918735530966,-0.6105181521323187,0.3350714043893131,0.2933420483383122,0.9324870436368932,4,0.0,0.0,0.0,1.0,0.0,0.0,0.0,0.0,0.0,0.0,0.0,0.0,0.0,0.0,0.0,0.0,0.0,0.0,0.0,0.0,0.0,0.0,0.0,CORRECTABLE,0
100025,2,0.0,0.0,0.1819211546244334,0.0,0.0,0.0,0.1146584935839435,0.0,0.1819211546244334,0.1279992777282511,2.227891597080032e-17,1,0.0,0.0,0.0,1.0,0.08024996229207552,0.16841543250047142,0.0,0.0929172897597095,0.08389134741373504,0.07698275676077544,0.0,0.0,0.0,0.08549540239014741,0.04228243167201187,0.06930445536997579,0.1639163695309726,0.12214351992893592,0.06841441157231026,0.1283279113805927,0.10130588768262877,-0.01000655556851493,0.0,CORRECTABLE,0
100025,3,-0.0659286603792589,0.0,0.0,0.1576380734013873,0.0,-0.1268435699210319,-0.1037038932284349,-0.3256128390344032,0.0911208811106625,0.1581695692852217,1.1102230246251563e-16,2,0.0,0.0,0.0,1.0,0.1599009773645116,0.30688139713709206,2.0816681711721685e-17,0.18370203484553643,0.15840491583503474,0.15314987196433125,2.0816681711721685e-17,1.1927080055488189e-18,-0.0384913783803877,0.1032207524250222,0.11072162505988477,0.17799038271706724,0.29844229070809053,0.26557329617298164,0.2029403327494282,0.23701383872768417,0.16974508107050168,0.0077187944663598615,-0.03849137838038768,CORRECTABLE,0
100025,4,0.0,0.0,0.0566749582825906,0.0,0.0,0.0030397063703758,0.0366254829450138,5.163144217945985e-07,0.0597146646529665,0.0410809514661558,6.940693848920144e-18,1,0.0,0.0,0.0,1.0,0.15716939345922598,0.3868818958327446,1.1102230246251565e-16,0.190508586227684,0.1822662454103596,0.07657493598216566,-1.1102230246251565e-16,-6.361109362927034e-18,-0.1150663143625533,0.1765685333674597,-0.058510645667414665,0.008758111989767788,0.371790071650528,0.1889983601908161,-0.02355732015734055,0.2530962374906526,0.18582747983346998,-0.21877885844040884,-0.1150663143625534,CORRECTABLE,0
100025,5,0.0,0.0,0.0,0.084833576626936,0.0,0.0,1.8217428984442306e-18,-0.084833576626936,0.084833576626936,0.0596886962254012,6.233470084583934e-17,1,0.0,0.0,0.0,1.0,0.17906190967376867,0.44421031266757394,1.1102230246251565e-16,0.21708855628635204,0.20869052233103802,0.11320041892717943,-1.1102230246251565e-16,-6.361109362927034e-18,-0.1150657980481315,0.1940938098943467,-0.02506438563758691,0.055367073893362394,0.427839163307761,0.2487130248437825,0.03249177149989242,0.29970519939424717,0.21927373986329773,-0.20125358191352183,-0.1150657980481316,CORRECTABLE,0
100026,1,0.0,0.0,0.3002266894111136,0.0,0.0,0.0,0.1892223035448426,0.0,0.3002266894111136,0.2112387615321634,3.676716542059269e-17,1,0.0,0.0,0.0,1.0,0.0,0.0,0.0,0.0,0.0,0.0,0.0,0.0,0.0,0.0,0.0,0.0,0.0,0.0,0.0,0.0,0.0,0.0,0.0,NOT_IMPROVED,1
100026,2,0.0,-0.0145572263428083,0.1047390254879712,0.0,0.0,0.0,0.0660133171795959,-0.127035767553515,0.1379031973389007,0.1044881467728433,0.25407153510703,2,0.0,0.0,0.0,1.0,0.18922230354484254,0.3002266894111136,3.676716542059268e-17,0.21123876153216342,0.16795857404000317,0.18922230354484254,3.676716542059268e-17,2.106603403259303e-18,0.0,0.09277514919296316,0.17646882038044537,0.24288849389851996,0.28553254933016076,0.3002266894111136,0.28553254933016076,0.24288849389851996,0.1764688203804454,0.0927751491929632,3.676716542059268e-17,DIFFICULT,1
100026,3,0.7929482751079685,0.0,0.0,0.0,0.0,0.0,0.7929482751079688,0.7929482751079685,0.7929482751079685,0.7929482751079685,0.0,1,0.0,0.0,0.0,1.0,0.1765571614842697,0.3103545631266636,1.762479051592436e-15,0.20455254969062955,0.16652877235234345,0.1606244689520172,-1.762479051592436e-15,-1.0098261113646666e-16,-0.0946111517724203,0.03053013627059653,0.1434217231293396,0.23301299372013856,0.29053413025847896,0.3103545631266636,0.2905341302584786,0.23301299372013787,0.1434217231293386,0.030530136270595185,-0.09461115177242206,CORRECTABLE,0
100026,4,-0.757399923968141,-0.0164041504793585,0.1667417082622713,0.0,0.0,0.0,-0.6523085005631267,-0.9005531463083367,-0.5650800832939249,0.6596919743206174,0.2863064446803913,3,0.0,0.0,0.0,1.0,0.13222968817727632,0.230042328650655,1.7763568394002505e-15,0.14997193259189964,0.12367879830756989,0.08031223447600865,-1.7763568394002505e-15,-1.0177774980683254e-16,-0.17492338624842896,-0.04978209820541213,0.06310948865333099,0.15270075924412985,0.2102218957824704,0.230042328650655,0.21022189578246997,0.15270075924412918,0.06310948865332988,-0.04978209820541346,-0.17492338624843073,CORRECTABLE,0
100026,5,0.0,0.0,0.0,0.0560682483848816,0.0,0.0,1.0176610688620648e-18,-0.0560682483848816,0.0560682483848816,0.0394494819009308,4.1198280551006435e-17,1,0.0,0.0,0.0,1.0,0.2012071642694406,0.356627919674922,3.6637359812630166e-15,0.23036469337650015,0.19038699452095992,0.1452475406430187,-3.6637359812630166e-15,-2.0991660897659212e-16,-0.21507950348643234,-0.038412193919264315,0.1209616884739444,0.24744151766141298,0.32864656672548487,0.356627919674922,0.3286465667254841,0.24744151766141165,0.12096168847394217,-0.03841219391926698,-0.215079503486436,CORRECTABLE,0
100027,1,0.0,0.0,0.0709221135242546,0.0,0.0172363297098748,0.0,0.0419845165453315,0.0,0.0709221135242546,0.0477750214049212,6.574612330799703e-18,2,0.0,0.0,0.0,1.0,0.0,0.0,0.0,0.0,0.0,0.0,0.0,0.0,0.0,0.0,0.0,0.0,0.0,0.0,0.0,0.0,0.0,0.0,0.0,NOT_IMPROVED,1
100027,2,0.0,0.0,0.0,0.0,-0.0360991480049772,0.0,0.0056866015594555,0.0,0.010452315419481,0.0067520118627265,4.4208706056242e-18,1,0.0,0.0,0.0,1.0,0.04198451654533149,0.0709221135242546,6.574612330799701e-18,0.04777502140492126,0.038649491161367955,0.04198451654533149,6.574612330799701e-18,3.7669753848949193e-19,0.0,0.01786363419313796,0.03676915528469296,0.05409865038059364,0.06643781217595547,0.0709221135242546,0.06643781217595549,0.05409865038059364,0.03676915528469297,0.017863634193137967,6.574612330799701e-18,DIFFICULT,1
100027,3,0.0,0.0,0.1593660372096189,0.0,0.0,0.0,0.1004427978297552,0.0,0.1593660372096189,0.1121295524940842,1.9516710736155785e-17,1,0.0,0.0,0.0,1.0,0.030289650961169156,0.04992985525158891,1.0408340855860843e-17,0.03435595769672313,0.027501447633499737,0.026678859832121354,1.0408340855860843e-17,5.963540027744094e-19,-0.0209922582726657,0.0053587946475318025,0.02607659599487829,0.0399728580964953,0.04756740858505466,0.04992985525158891,0.04756740858505468,0.0399728580964953,0.026076595994878295,0.005358794647531813,-0.02099225827266569,DIFFICULT,1
100027,4,-0.0337673999585909,0.0,0.0854993631787602,0.0239345060706407,0.0,0.0,0.0201198359964654,-0.0397557749815598,0.0729331202938056,0.0374626438367922,6.938893903907228e-18,3,0.0,0.0,0.0,1.0,0.11750088039382346,0.1959564625451472,2.7755575615628914e-17,0.13434876613951918,0.10747207949564312,0.11378222774581592,2.7755575615628914e-17,1.5902773407317584e-18,-0.0343316881887263,0.04126617855543366,0.10641017246692519,0.15556326060920658,0.185794086833338,0.1959564625451472,0.18579408683333803,0.15556326060920658,0.10641017246692522,0.041266178555433686,-0.03433168818872627,DIFFICULT,1
100027,5,0.2569626458716755,0.0,0.0,0.0992424488223914,0.0205537754686102,0.0,0.2537248649795507,0.1525817531821315,0.3552171138432039,0.2631660641680696,5.551115123125783e-17,3,0.0,0.0,0.0,1.0,0.12958059196208402,0.24104446736701768,0.0,0.14897298563711306,0.12608481636244182,0.11077834982796447,0.0,0.0,-0.09122280206163408,0.033558888875787146,0.08570597366166346,0.15377423486692415,0.23298076741346474,0.22456471185099963,0.1874546314878873,0.18191093424537874,0.11384267304011807,-0.011967247049790332,-0.09122280206163408,CORRECTABLE,0
100028,1,-0.1428918911861167,0.0,0.0,0.0,0.0226759437390441,0.0,-0.1464639715302511,-0.1494575895334078,-0.1428918911861167,0.1464818215390714,0.0,2,0.0,0.0,0.0,1.0,0.0,0.0,0.0,0.0,0.0,0.0,0.0,0.0,0.0,0.0,0.0,0.0,0.0,0.0,0.0,0.0,0.0,0.0,0.0,HIGHLY_CORRECTABLE,0
100028,2,0.0,0.0,0.0,0.0,0.1568272705993863,0.1930063375543625,0.0327745626728522,-0.0416630296938074,0.1930063375543625,0.0864723950660885,1.9203930980149497e-17,1,0.0,0.0,0.0,1.0,0.0035720803441343235,0.006565698347291066,0.0,0.004241325615314681,0.0034654661689590845,-0.0035720803441343235,0.0,0.0,0.0,-0.005331434124649592,-0.006469831216848049,-0.0043132208112320325,-0.0013328585311623842,0.0,-0.0013328585311623842,-0.0043132208112320325,-0.006469831216848049,-0.005331434124649592,0.0,CORRECTABLE,0
100028,3,0.8907013084796582,0.0,0.2220558947309606,0.0,0.0805092312555438,0.0,1.0179729122002728,0.8907013084796582,1.1127572032106188,1.0205486352203432,0.0,3,0.0,0.0,0.0,1.0,0.026746691539534125,0.05018815641609872,1.929879867024198e-17,0.03208465198530621,0.026288919585220484,-0.026490617726990975,-1.929879867024198e-17,-1.1057397134775507e-18,0.0017860401720671,-0.04041769667882259,-0.04942927033567986,-0.03235750016643088,-0.008764894040655308,0.0017860401720670993,-0.008764894040655308,-0.03235750016643088,-0.04942927033567987,-0.040417696678822605,0.0017860401720670807,CORRECTABLE,0
100028,4,-1.4117178907062695,0.0,0.0084076752691704,0.227785019900259,0.1379429898570514,0.0,-1.4281486169076334,-1.6680435338739463,-1.1815551831947062,1.437191182404921,2.220446049250313e-16,4,0.0,0.0,0.0,1.0,0.11402629485711906,0.23708724376652313,0.0,0.14028690599352422,0.11936275218644508,0.11402629485711906,0.0,0.0,0.01503134903556258,0.022517801835508888,0.0713665699330347,0.14522103543404652,0.2109359066079296,0.23708724376652313,0.21093590660792982,0.14522103543404652,0.0713665699330347,0.022517801835509,0.01503134903556258,CORRECTABLE,0
100028,5,0.0,-0.0007296866810249,0.094288412228937,0.0368019121832014,0.0,0.0,0.0594266638803523,-0.0212350705328905,0.1290742951980102,0.0716554523090095,0.0127354350925229,3,0.0,0.0,0.0,1.0,0.15880366775966484,0.3932395535061616,4.440892098500626e-16,0.18972037688709004,0.18458500406845707,0.04058242122719577,-4.440892098500626e-16,-2.5444437451708135e-17,-0.04198179839299687,0.15230685440082947,-0.15395081917099773,-0.06511715108524507,0.37044727551206014,0.18848177160713409,-0.06282557946906486,0.20266019969579485,0.11382653161004175,-0.2809660005802954,-0.041981798392997316,DIFFICULT,1
100029,1,0.0,0.0,0.0,0.0,0.0960939735341235,0.0,-0.0151374248411094,-0.0278234965864412,0.0,0.0179734892676546,1.1768117710591495e-17,1,0.0,0.0,0.0,1.0,0.0,0.0,0.0,0.0,0.0,0.0,0.0,0.0,0.0,0.0,0.0,0.0,0.0,0.0,0.0,0.0,0.0,0.0,0.0,NOT_IMPROVED,1
100029,2,0.0,-9.667989772182346e-07,0.0,0.0,0.0,0.0,-1.8450222613460007e-22,-8.436912678685921e-06,8.436912678685921e-06,4.919523197042801e-06,1.6873825357371843e-05,1,0.0,0.0,0.0,1.0,0.015137424841109451,0.027823496586441177,1.1768117710591481e-17,0.017973489267654612,0.014685625355030653,-0.015137424841109451,-1.1768117710591481e-17,-6.742634776300486e-19,0.0,-0.02259304819101641,-0.02741723991189665,-0.01827815994126444,-0.005648262047754101,0.0,-0.0056482620477540995,-0.01827815994126444,-0.027417239911896662,-0.022593048191016415,-1.1768117710591481e-17,DIFFICULT,1
100029,3,0.0173252999549512,0.0,0.0,0.1072393449628438,0.1741104952676972,-0.0797537855217655,-0.0338533004156874,-0.1602745414121799,0.0891886136040983,0.0847539072190717,1.006139616066548e-16,3,0.0,0.0,0.0,1.0,0.010420855078355197,0.020254784165886476,5.204170427930421e-18,0.012295938082932828,0.010432285581565786,-0.007568712420554753,-5.204170427930421e-18,-2.981770013872047e-19,0.007568712420554696,-0.015024335770461712,-0.019848527491341954,-0.01070944752070974,0.0019204503728005974,0.0075687124205547,0.001920450372800601,-0.01070944752070974,-0.01984852749134196,-0.015024335770461712,0.007568712420554691,DIFFICULT,1
100029,4,0.0,0.0,0.0,0.0446673216365207,0.0,0.0,6.5404180841077e-19,-0.0446673216365207,0.0446673216365207,0.0314278178331342,3.282101548119025e-17,1,0.0,0.0,0.0,1.0,0.07446521013992549,0.1590012823103929,1.0755285551056204e-16,0.08819821854720869,0.07885976958981641,-0.04142201283624228,-1.0755285551056204e-16,-6.162324695335564e-18,0.024880465662553978,0.06304748769390184,-0.1187377460756567,-0.10942241979457022,0.0546445948275299,-0.05485977314625956,-0.149336760832743,0.01664499107475933,0.007329664793672735,-0.1409338679663711,0.02488046566255387,DIFFICULT,1
100029,5,0.2651428014724865,-0.0155063661454045,0.2034660497505209,0.0504158011411853,0.0,0.2786266231760587,0.4763579665580814,0.1295413827168575,0.775911429930132,0.5094233004895495,0.270637150864649,4,0.0,0.0,0.0,1.0,0.09839546939998128,0.1829575975287925,9.71445146547012e-17,0.11055525209266585,0.09546144528789875,-0.020711006418121174,-9.71445146547012e-17,-5.565970692561154e-18,0.04559147208067506,0.12623964141988742,-0.12428153257488699,-0.1149662062938005,0.11783674855351552,-0.03414876672813845,-0.1711069017224864,0.06361079041023185,0.05429546412914524,-0.1627040088561145,0.04559147208067496,CORRECTABLE,0
100030,1,0.0,0.0,0.0,0.0,0.0353778417420841,0.0,-0.0055729761265548,-0.0102434650451517,0.0,0.0066170981954277,4.332536065018492e-18,1,0.0,0.0,0.0,1.0,0.0,0.0,0.0,0.0,0.0,0.0,0.0,0.0,0.0,0.0,0.0,0.0,0.0,0.0,0.0,0.0,0.0,0.0,0.0,NOT_IMPROVED,1
100030,2,-0.0744604716093827,-0.035735363234239,0.1301140768982536,0.0,0.0425076238221225,0.0,0.0008497348635247,-0.3863103859628664,0.2373894427441008,0.186687097273305,0.6236998287069673,4,0.0,0.0,0.0,1.0,0.005572976126554839,0.01024346504515177,4.332536065018492e-18,0.006617098195427765,0.0054066421710547595,-0.005572976126554839,-4.332536065018492e-18,-2.482360311137768e-19,0.0,-0.008317829453573638,-0.010093898076380331,-0.006729265384253555,-0.0020794573633934094,0.0,-0.002079457363393408,-0.006729265384253557,-0.010093898076380333,-0.008317829453573641,-4.332536065018492e-18,CORRECTABLE,0
100030,3,0.4973020748638851,0.0,0.2597568346774568,0.1404243980986823,0.0,0.0,0.6610176549663571,0.4179535653453243,0.8890454735464807,0.6732801903541378,5.551115123125783e-17,3,0.0,0.0,0.0,1.0,0.07252371840963012,0.13290056496153102,0.0,0.08474860424304739,0.07010214543565309,0.07252371840963012,0.0,0.0,0.0027864880632774147,0.024681977821616907,0.057043579714863485,0.09323629157146922,0.1219543359564328,0.13290056496153102,0.1219543359564328,0.0932362915714692,0.05704357971486351,0.024681977821616907,0.0027864880632774147,CORRECTABLE,0
100030,4,0.8151618793087189,0.0,0.0,0.0,0.0,0.0,0.8151618793087186,0.8151618793087189,0.8151618793087189,0.815161879308719,0.0,1,0.0,0.0,0.0,1.0,0.21873346932630247,0.4812926027149278,0.0,0.2555320368302188,0.23556102529539097,0.19997743930728726,0.0,0.0,-0.033475371141537646,0.20224093379575625,0.09092356685117897,0.18458273576130768,0.46628744588239246,0.35639554043417276,0.19918436816523932,0.34966151629021314,0.2560023473800843,-0.06486214392139683,-0.033475371141537646,CORRECTABLE,0
100030,5,0.0,0.0,0.0,0.0,-0.0132932756935945,0.1266419153938795,0.0398092321123185,2.151097486217573e-05,0.1266419153938795,0.058753042223886,1.6263032587282568e-18,1,0.0,0.0,0.0,1.0,0.1560390916980061,0.38130388306128415,0.0,0.18789196276763806,0.17999208870455088,0.09998871965364374,0.0,0.0,-0.13346409079518118,0.10225221414211261,-0.00906515280246456,0.08459401610766415,0.3662987262287488,0.2564068207805291,0.09919564851159579,0.2496727966365696,0.1560136277264409,-0.16485086357504042,-0.13346409079518118,CORRECTABLE,0
100031,1,0.0,0.0,0.1607994540584801,0.0,-0.0500582941078003,0.0,0.1092317782105912,0.0,0.1607994540584801,0.1196805750790264,2.58226266367254e-17,2,0.0,0.0,0.0,1.0,0.0,0.0,0.0,0.0,0.0,0.0,0.0,0.0,0.0,0.0,0.0,0.0,0.0,0.0,0.0,0.0,0.0,0.0,0.0,NOT_IMPROVED,1
100031,2,-0.2832730826803503,0.0,0.0,0.0,0.0,-0.0143927249467598,-0.2875593743428798,-0.2976658076271101,-0.2832755273807764,0.2876032771225563,0.0,1,0.0,0.0,0.0,1.0,0.10923177821059123,0.1607994540584801,2.5822626636725397e-17,0.11968057507902648,0.09297742718862406,0.10923177821059123,2.5822626636725397e-17,1.4795275222264649e-18,0.0,0.061459174802877645,0.10879802771400848,0.13961114438069255,0.15587172130216906,0.1607994540584801,0.1558717213021691,0.13961114438069255,0.10879802771400852,0.061459174802877665,2.5822626636725397e-17,CORRECTABLE,0
100031,3,0.0,0.0,0.0,0.1705834887910382,0.0,-0.1429185904404204,-0.0425625282836487,-0.285782935783165,0.169934248094789,0.1367725639226023,1.2534393553469136e-16,1,0.0,0.0,0.0,1.0,0.06498056187829651,0.1061835649531844,0.0,0.07331271392439813,0.05868050944188409,0.054615889105295516,0.0,0.0,-0.05461588910529566,0.006843285697581941,0.054182138608712765,0.08499525527539686,0.10125583219687337,0.1061835649531844,0.1012558321968734,0.08499525527539686,0.05418213860871282,0.006843285697581941,-0.05461588910529566,DIFFICULT,1
100031,4,0.2566644972044067,0.0,0.0,0.0423226254225221,0.0,0.0,0.2566644972044067,0.2143418717818845,0.2989871226269289,0.2583861433724753,5.551115123125783e-17,2,0.0,0.0,0.0,1.0,0.11479472602939418,0.24599995247223358,1.249000902703301e-16,0.13244958564575385,0.12148336211506376,0.02730794455264772,-1.249000902703301e-16,-7.156248033292912e-18,-0.08192383365794347,0.14176987973201235,-0.07339226493990567,-0.04257914827322162,0.23618242623130375,0.07887562040053665,-0.0882866509428526,0.1579537697187199,0.12714065305203576,-0.182699197442144,-0.08192383365794359,DIFFICULT,1
100031,5,0.0,0.0,0.1936307197445964,0.0,0.0,0.0,0.1220386198808148,0.0,0.1936307197445964,0.1362380989966573,2.3712924115181824e-17,1,0.0,0.0,0.0,1.0,0.13948047409721254,0.2745850915848446,5.551115123125783e-17,0.15817204341191374,0.14003687404580853,0.013653972276323798,-5.551115123125783e-17,-3.180554681463517e-18,-0.09557780593426746,0.168367116150497,-0.11192285227788656,-0.08110973561120255,0.2627796626497884,0.06522164812421272,-0.1421918319139851,0.16917641250405308,0.13836329583736884,-0.2366043784132765,-0.09557780593426751,NOT_IMPROVED,1
100032,1,-0.0854127667402575,0.0,0.231973949039764,0.0,0.0,0.0,0.0607922395028456,-0.0854127667402575,0.1465611822995065,0.0946538612033458,2.775557561562892e-17,2,0.0,0.0,0.0,1.0,0.0,0.0,0.0,0.0,0.0,0.0,0.0,0.0,0.0,0.0,0.0,0.0,0.0,0.0,0.0,0.0,0.0,0.0,0.0,NOT_IMPROVED,1
100032,2,0.0,0.0,0.1142616947018783,0.0,-0.1016893905149151,0.0,0.0880339758522101,0.0,0.1146464817150765,0.0943249830583211,2.6446380528314346e-17,2,0.0,0.0,0.0,1.0,0.08254207450860267,0.14656118229950651,2.7755575615628914e-17,0.09465386120334585,0.07819636316276735,0.06079223950284568,2.7755575615628914e-17,1.5902773407317584e-18,-0.0854127667402575,-0.013728874234702412,0.05093809942136149,0.10225810028517962,0.13520756910472995,0.14656118229950651,0.13520756910472997,0.10225810028517962,0.050938099421361516,-0.013728874234702385,-0.08541276674025747,DIFFICULT,1
100032,3,0.2443450704618955,0.0,0.0,0.0,-0.2090978450810965,-0.0016052120313374,0.2768056432813541,0.2427398584305581,0.3048423805657069,0.2776403829122745,2.775557561562892e-17,2,0.0,0.0,0.0,1.0,0.14034573775141357,0.23042675724996203,4.163336342344337e-17,0.1585712487545094,0.12708887337586364,0.11843009560363302,4.163336342344337e-17,2.3854160110976377e-18,-0.1158088864916803,0.015092421106547963,0.11671702596383553,0.18364410485111676,0.21945793106838363,0.23042675724996203,0.21945793106838368,0.18364410485111676,0.11671702596383557,0.015092421106547991,-0.11580888649168025,CORRECTABLE,0
100032,4,0.2536275739555247,0.0,0.0,0.0,0.1059823546957596,0.0,0.2369324590623815,0.2229409494394376,0.2536275739555247,0.2371733867860963,0.0,2,0.0,0.0,0.0,1.0,0.1274634516834073,0.17502393429349683,8.326672684688674e-17,0.13792871492340672,0.10453908728541195,0.0921536681746026,8.326672684688674e-17,4.7708320221952755e-18,-0.17502393429349683,0.005039225154653382,0.11716113859431443,0.16420183067083055,0.1725333462290476,0.1712117094481455,0.17253334622904765,0.16420183067083055,0.11716113859431454,0.005039225154653437,-0.17502393429349675,CORRECTABLE,0
100032,5,0.0349209302297878,0.0,0.0,0.0,0.0,0.0,0.0349209302297878,0.0349209302297878,0.0349209302297878,0.0349209302297879,0.0,1,0.0,0.0,0.0,1.0,0.09630623400972191,0.22110076838079812,8.326672684688674e-17,0.1076186207752154,0.10598396279467757,0.029381719194158003,8.326672684688674e-17,4.7708320221952755e-18,-0.22110076838079812,-0.06595555497000688,0.040845741793301193,0.09796595477438796,0.12022702563240656,0.12513487536084422,0.12022702563240661,0.09796595477438796,0.040845741793301305,-0.06595555497000682,-0.22110076838079804,CORRECTABLE,0
100033,1,0.0,0.0,0.1497538591428661,0.0,0.0,0.0,0.0943845806890946,0.0,0.1497538591428661,0.1053664476068065,1.8339558425927456e-17,1,0.0,0.0,0.0,1.0,0.0,0.0,0.0,0.0,0.0,0.0,0.0,0.0,0.0,0.0,0.0,0.0,0.0,0.0,0.0,0.0,0.0,0.0,0.0,NOT_IMPROVED,1
100033,2,0.0,0.0,0.0,0.0325274392453841,0.0,0.0040891391220847,0.0012177848872086,-0.0324543088187095,0.0357375804150037,0.0229630272894852,2.39007286726746e-17,1,0.0,0.0,0.0,1.0,0.09438458068909462,0.1497538591428661,1.8339558425927456e-17,0.10536644760680655,0.08377817671026887,0.09438458068909462,1.8339558425927456e-17,1.0507792959392306e-18,0.0,0.046276487448377715,0.08802310987806103,0.12115341701981078,0.14242438357816936,0.1497538591428661,0.14242438357816936,0.12115341701981078,0.08802310987806106,0.046276487448377736,1.8339558425927456e-17,NOT_IMPROVED,1
100033,3,0.0,0.004515648797193,0.3223521181831861,0.0,-0.1519480468532517,0.0,0.2271031482674238,-0.0394064697689607,0.3247273007157564,0.2480163638570418,0.0788129395379216,3,0.0,0.0,0.0,1.0,0.09590017518390818,0.1811022149233819,5.561194815198109e-18,0.10940345237501069,0.09404106226968809,0.09560236557630328,-5.561194815198109e-18,-3.1863299196088747e-19,6.945675812745518e-07,0.07722772878638015,0.06908362502896875,0.10305390380862406,0.17624939974942838,0.15384299826495082,0.11437853364399386,0.14129220197517647,0.10732192319552117,0.015356862680945653,6.945675812689906e-07,DIFFICULT,1
100033,4,-0.1919677702340643,0.0,0.0643103321343739,0.0471418177022704,-0.0472315667248598,0.0,-0.143994972431874,-0.2149522808399622,-0.0808087528842987,0.1489984173690255,2.775557561562892e-17,4,0.0,0.0,0.0,1.0,0.2784805526161294,0.4524186107387329,5.551115123125783e-17,0.3114433473166395,0.2504140837381227,0.2749043310555756,5.551115123125783e-17,3.180554681463517e-18,-0.04780048822057032,0.1647639571115894,0.2541096173835662,0.3449432988230528,0.4439545816064401,0.42839393365998535,0.3820837155010056,0.3831815969896052,0.29234791555011874,0.10289309100615493,-0.047800488220570266,DIFFICULT,1
100033,5,0.0,0.0041006469360433,0.0,0.0,0.0,0.0,4.122115190439938e-19,-0.0357848953089863,0.0357848953089863,0.0208660003108774,0.0715697906179726,1,0.0,0.0,0.0,1.0,0.22530790654900806,0.42479646272951666,0.0,0.25350552839609153,0.22038186362316656,0.18542496332997796,0.0,0.0,-0.18525265374835811,0.10312411738837912,0.14022481823529148,0.24079399755591743,0.4152759112722507,0.35525210026657145,0.26373597933533127,0.33445082614577937,0.2338816468251536,-0.04841581454854035,-0.18525265374835811,DIFFICULT,1
100034,1,0.0,-0.0143546588555341,0.0,0.0,0.0,0.0,-1.3740383968133126e-18,-0.1252680326357702,0.1252680326357702,0.0730431872261087,0.2505360652715405,1,0.0,0.0,0.0,1.0,0.0,0.0,0.0,0.0,0.0,0.0,0.0,0.0,0.0,0.0,0.0,0.0,0.0,0.0,0.0,0.0,0.0,0.0,0.0,HIGHLY_CORRECTABLE,0
100034,2,0.0162370513581382,0.0,0.0,0.0,0.0,0.0,0.0162370513581382,0.0162370513581382,0.0162370513581382,0.0162370513581382,0.0,1,0.0,0.0,0.0,1.0,0.0,0.0,0.0,0.0,0.0,0.0,0.0,0.0,0.0,0.0,0.0,0.0,0.0,0.0,0.0,0.0,0.0,0.0,0.0,HIGHLY_CORRECTABLE,0
100034,3,-0.4501706124757353,0.0,0.0,0.0,-0.1285310591440862,0.0,-0.4299234609012311,-0.4501706124757353,-0.4129551310691179,0.430118800971203,0.0,2,0.0,0.0,0.0,1.0,0.0162370513581382,0.0162370513581382,0.0,0.016237051358138202,0.011365935950696739,0.0162370513581382,0.0,0.0,0.0162370513581382,0.0162370513581382,0.0162370513581382,0.0162370513581382,0.0162370513581382,0.0162370513581382,0.0162370513581382,0.0162370513581382,0.0162370513581382,0.0162370513581382,0.0162370513581382,HIGHLY_CORRECTABLE,0
100034,4,0.0,-0.0228680034215023,0.0,0.0,0.0,0.0,-6.5953843047039e-18,-0.1995609871278497,0.1995609871278497,0.1163630516030333,0.3991219742556994,1,0.0,0.0,0.0,1.0,0.028365677253573317,0.04533400708568641,0.0,0.031186733744764446,0.025228578676254363,0.028365677253573317,0.0,0.0,0.008118525679069066,0.038337990089639284,0.04479061608265933,0.03256658594812928,0.01567339178171162,0.008118525679069066,0.01567339178171162,0.03256658594812928,0.044790616082659385,0.038337990089639284,0.008118525679069066,HIGHLY_CORRECTABLE,0
100034,5,0.3561268332549392,-0.0004072813615766,0.1173986001630532,0.0,-0.0491032061748199,0.0,0.4378541300984698,0.3525726328841203,0.4735694204613435,0.4392910260536521,0.0071084007416378,4,0.0,0.0,0.0,1.0,0.015913826964196902,0.031151168458899814,0.0,0.019213371050557895,0.016040835731984802,0.014182838626786723,0.0,0.0,-0.006064312947717532,0.024155151462852686,0.03060777745587273,0.01838374732134268,0.0014905531549250228,-0.0060643129477175334,0.0014905531549250228,0.01838374732134268,0.030607777455872787,0.024155151462852686,-0.006064312947717532,CORRECTABLE,0
100035,1,0.0,0.0,0.1403809451488216,0.0,-0.0415148692977761,0.0,0.0950168888113087,0.0,0.1403809451488216,0.1041897615985619,2.2275812694032688e-17,2,0.0,0.0,0.0,1.0,0.0,0.0,0.0,0.0,0.0,0.0,0.0,0.0,0.0,0.0,0.0,0.0,0.0,0.0,0.0,0.0,0.0,0.0,0.0,NOT_IMPROVED,1
100035,2,-0.1717757327346667,0.0,0.0,0.0,0.0,0.0,-0.1717757327346666,-0.1717757327346667,-0.1717757327346667,0.1717757327346667,0.0,1,0.0,0.0,0.0,1.0,0.09501688881130865,0.1403809451488216,2.2275812694032675e-17,0.10418976159856193,0.08103832634789526,0.09501688881130865,2.2275812694032675e-17,1.2763100525920165e-18,0.0,0.05314082890703615,0.0943587453519934,0.12146716770557232,0.13595039543986753,0.1403809451488216,0.13595039543986756,0.12146716770557234,0.09435874535199343,0.053140828907036176,2.2275812694032675e-17,DIFFICULT,1
100035,3,-0.0939021267916572,0.0317715898901204,0.2154902873914099,0.0,-0.108139303422371,0.0,0.0589487015497147,-0.3711615812979071,0.2303205516292304,0.1838518739353734,0.5545189090124998,4,0.0,0.0,0.0,1.0,0.056580468302262266,0.09287250074316719,2.7755575615628914e-17,0.06390891606364264,0.051226782319993114,0.04750844440565423,2.7755575615628914e-17,1.5902773407317584e-18,-0.04750844440565441,0.005632384501381732,0.04685030094633899,0.07395872329991791,0.08844195103421312,0.09287250074316719,0.08844195103421315,0.07395872329991793,0.04685030094633902,0.00563238450138176,-0.04750844440565438,CORRECTABLE,0
100035,4,0.0,0.0,0.1197223068904716,0.0337868845758955,0.0382108635041805,0.0,0.0694374970819554,-0.0143267610279206,0.1484255559320922,0.0830427471238673,1.4843927205728763e-17,3,0.0,0.0,0.0,1.0,0.18455710032114886,0.2846085659317499,1.1102230246251565e-16,0.2067070449639416,0.1614204043722638,0.17660505054419898,1.1102230246251565e-16,6.361109362927034e-18,-0.07126266660848168,0.07389339832318187,0.1806120684406886,0.24510912355697576,0.2759874396277867,0.2846085659317499,0.2759874396277868,0.24510912355697576,0.1806120684406887,0.07389339832318195,-0.07126266660848157,CORRECTABLE,0
100035,5,-0.0691321561027995,-0.0078199872853226,0.0,0.105714181415747,0.0850030597837388,0.0,-0.0825224591719483,-0.2491604611061157,0.0764976983575253,0.1245410976869024,0.136484526440452,4,0.0,0.0,0.0,1.0,0.1904956568959965,0.3406370667152372,8.326672684688674e-17,0.21593119724904075,0.18093293680827421,0.15774002235405502,8.326672684688674e-17,4.7708320221952755e-18,-0.1595651918805812,0.04573642440918138,0.13191890983594778,0.22653640854463816,0.33143485300646425,0.316028347550122,0.26716837952402905,0.266255273493877,0.1716377747851867,-0.01853004907325377,-0.1595651918805811,DIFFICULT,1
100036,1,0.0,-0.0408074505437414,0.0,0.0,0.0,-0.1607552489153628,-0.0478744564134045,-0.3561395512330963,0.3560849405284552,0.2203622004808438,0.7122244917615516,1,0.0,0.0,0.0,1.0,0.0,0.0,0.0,0.0,0.0,0.0,0.0,0.0,0.0,0.0,0.0,0.0,0.0,0.0,0.0,0.0,0.0,0.0,0.0,HIGHLY_CORRECTABLE,0
100036,2,-0.2359560294265185,0.0132438279724442,0.0925318783815442,0.0,0.0,0.0,-0.1776364469369316,-0.3515302333283176,-0.1122095502156672,0.1921815178672034,0.2311484078035981,3,0.0,0.0,0.0,1.0,0.0,0.0,0.0,0.0,0.0,0.0,0.0,0.0,0.0,0.0,0.0,0.0,0.0,0.0,0.0,0.0,0.0,0.0,0.0,HIGHLY_CORRECTABLE,0
100036,3,0.1836662377055983,0.0066826175541863,0.0,0.1924034931846521,0.0,0.0,0.1836662377055984,-0.0378956753543024,0.4052281507654991,0.2255335676708927,0.1166336795009943,3,0.0,0.0,0.0,1.0,0.05831958248958684,0.0925318783815442,1.3877787807814457e-17,0.06510520243853647,0.05176595850519296,0.05831958248958684,1.3877787807814457e-17,7.951386703658792e-19,0.0,0.02859392294133295,0.05438887347959237,0.07485986213210505,0.08800304589979824,0.0925318783815442,0.08800304589979827,0.07485986213210506,0.0543888734795924,0.028593922941332978,1.3877787807814457e-17,CORRECTABLE,0
100036,4,0.0,-0.0041503394308749,0.389271916376784,0.2649863292554791,0.2760436012243792,0.0,0.2018599674695361,-0.2539327354015019,0.636661828101384,0.3094118278947047,0.0724370882708117,4,0.0,0.0,0.0,1.0,0.12442960998961275,0.2524888568644223,1.6653345369377348e-16,0.14147118544439802,0.12722265860065038,0.02915979124479345,-1.6653345369377348e-16,-9.541664044390551e-18,-0.029159791244793398,0.1824207276477531,-0.08786285354869489,-0.06739186489618226,0.24182985060621842,0.06337208713675091,-0.12414334129620871,0.15879200667080573,0.138321018018293,-0.18355246425467397,-0.029159791244793565,DIFFICULT,1
100036,5,0.3216550865701503,0.0109720597235439,0.0,0.0206144659769745,0.0,0.0,0.3216550865701504,0.2259058014490698,0.4174043716912308,0.3261533103154335,0.1914985702421609,3,0.0,0.0,0.0,1.0,0.34387505801813295,0.8687758222817447,3.5388358909926865e-16,0.42021959544693155,0.4058172236346566,0.21643986309193283,-3.5388358909926865e-16,-2.027603609432992e-17,-0.0437396868671901,0.4752477016704847,-0.10814943370648525,0.024694165722449195,0.8332610870532813,0.4380641078911383,-0.03674605518425889,0.5623881500804138,0.429544550651479,-0.39475944056705525,-0.04373968686719045,DIFFICULT,1
100037,1,0.0311928572803578,-0.0158081319064401,0.0,0.0965393565800054,0.0406487010029518,0.0,0.0247895768904339,-0.1892603806654092,0.2358957828138962,0.1204384452522621,0.2759039573578275,4,0.0,0.0,0.0,1.0,0.0,0.0,0.0,0.0,0.0,0.0,0.0,0.0,0.0,0.0,0.0,0.0,0.0,0.0,0.0,0.0,0.0,0.0,0.0,CORRECTABLE,0
100037,2,0.0,0.0,0.1457482515663938,0.1012495112347301,0.0462578098501019,0.0,0.0845731191756645,-0.074743691158043,0.240436231095613,0.1202645734232053,6.221286880994641e-17,3,0.0,0.0,0.0,1.0,0.06094307366693798,0.10670153183074335,6.938893903907228e-17,0.06834903717675274,0.0571282853669797,-0.006403280389923838,-6.938893903907228e-17,-3.975693351829396e-18,0.0,0.08225730136460302,-0.06834217365386869,-0.06447625245708966,0.0894251134569174,3.469446951953614e-17,-0.0942036548517937,0.04901256766997347,0.04514664647319434,-0.10137146694410808,-6.938893903907228e-17,DIFFICULT,1
100037,3,0.0,0.0,0.0861806786028274,0.0995523429453871,0.0,0.0,0.054316645060008,-0.0779236358996262,0.1828290532464912,0.0926447979612834,6.25957856614828e-17,2,0.0,0.0,0.0,1.0,0.1398396505566882,0.33842011661823734,9.6710833785707e-17,0.1685191700686071,0.1603298471593384,0.08137147898070259,-9.6710833785707e-17,-5.541122609112221e-18,0.0032016401949618825,0.2159157722522093,-0.05218296759260706,-0.011673527647571895,0.32481661963088887,0.14894989176135576,-0.05140016354080104,0.22084123149068222,0.18033179154564685,-0.1603010109194806,0.003201640194961786,DIFFICULT,1
100037,4,0.0,0.0,0.0,0.0453834904377238,0.0,-0.0411640998983652,-0.0122590641343157,-0.0786815643263328,0.0452038903833016,0.0371008496749922,3.334684010045455e-17,1,0.0,0.0,0.0,1.0,0.20431549802955695,0.48056343037437715,1.1796119636642288e-16,0.24194987439213225,0.22965866596039347,0.09500238455035931,-1.1796119636642288e-16,-6.758678698109974e-18,-0.037484099295389435,0.2965412315075573,-0.10072837418212008,-0.04115303257593163,0.46077348057515505,0.1944448308738319,-0.10480311153785529,0.30839252459124494,0.24881718298505626,-0.269035360605453,-0.03748409929538955,DIFFICULT,1
100037,5,0.0337233618872012,0.0,0.1311857248038213,0.0,0.0,0.0,0.1164051017693849,0.0337233618872012,0.1649090866910225,0.1234241803588549,1.3877787807814457e-17,2,0.0,0.0,0.0,1.0,0.2246207450599966,0.4783561745854148,9.71445146547012e-17,0.25719848449783583,0.23661292434340703,0.04750119227517969,-9.71445146547012e-17,-5.565970692561154e-18,-0.08498529157056905,0.29220230354539367,-0.17490531283415023,-0.11532997122796176,0.45643455261299143,0.14694363859865234,-0.19546656812605093,0.2875670786929159,0.22799173708672724,-0.3596988171936486,-0.08498529157056915,DIFFICULT,1
100038,1,-0.5516823741849772,0.0,0.0,0.0,0.0,0.0,-0.5516823741849773,-0.5516823741849772,-0.5516823741849772,0.5516823741849771,0.0,1,0.0,0.0,0.0,1.0,0.0,0.0,0.0,0.0,0.0,0.0,0.0,0.0,0.0,0.0,0.0,0.0,0.0,0.0,0.0,0.0,0.0,0.0,0.0,CORRECTABLE,0
100038,2,0.4982849395977048,0.0,0.211814348580846,0.0528510703205655,0.0,0.0,0.6317840600154592,0.4886532695874823,0.756191531724509,0.6363351529277159,5.551115123125783e-17,3,0.0,0.0,0.0,1.0,0.0,0.0,0.0,0.0,0.0,0.0,0.0,0.0,0.0,0.0,0.0,0.0,0.0,0.0,0.0,0.0,0.0,0.0,0.0,NOT_IMPROVED,1
100038,3,0.0,0.0,0.0,0.0,0.3160933706948609,0.0,-0.0497933373518713,-0.0915231465311615,0.0,0.0591223423989579,3.871027346531592e-17,1,0.0,0.0,0.0,1.0,0.13449381259853163,0.2579065921268041,5.551115123125783e-17,0.15360124841366485,0.13308024625896722,0.1334991204177541,-5.551115123125783e-17,-3.180554681463517e-18,0.0,0.11571858818548764,0.09343627061745752,0.1402963279520626,0.2517117712841739,0.21181434858084602,0.15118306164107942,0.20242648735666435,0.15556643002205928,0.015189878542393176,-5.551115123125783e-17,DIFFICULT,1
100038,4,-0.7562776085838414,-0.0357084414264804,0.0,0.1518251523814573,0.0,0.0,-0.7562776085838414,-1.171321774981798,-0.3412334421858847,0.791386961026427,0.6232299543383457,3,0.0,0.0,0.0,1.0,0.0792852003184105,0.18215234825970367,6.938893903907228e-17,0.09180971670001224,0.0876122362434355,0.016956222857005827,-6.938893903907228e-17,-3.975693351829396e-18,-0.06674956020887701,-0.025348980680132194,-0.06350008757853358,0.013422235751776188,0.16638270891111118,0.145064788371969,0.06585399926801673,0.07555239515637795,-0.0013699281739318198,-0.12587769032322665,-0.06674956020887708,CORRECTABLE,0
100038,5,0.1541455538757502,0.0,0.0,0.0397754677634354,0.0,0.0,0.1541455538757502,0.1143700861123147,0.1939210216391856,0.1566654511357333,2.775557561562892e-17,2,0.0,0.0,0.0,1.0,0.14016524234509437,0.32202214919849836,2.7755575615628914e-16,0.1660403240499754,0.15526024986807546,0.00847811142850298,-2.7755575615628914e-16,-1.5902773407317584e-17,-0.07522767163737981,0.11056720840125461,-0.16121878450391447,-0.08429646117360479,0.302298897992498,0.13658667694346627,-0.0870184126703758,0.15631486922475324,0.07939254589444344,-0.2787501022616191,-0.07522767163738009,CORRECTABLE,0
100039,1,-0.0996580261658986,0.0,0.1879443333574794,0.0384415314764621,0.0,0.0,0.0187966647406906,-0.1025689045609706,0.1209938191451667,0.0673797477240919,0.0,3,0.0,0.0,0.0,1.0,0.0,0.0,0.0,0.0,0.0,0.0,0.0,0.0,0.0,0.0,0.0,0.0,0.0,0.0,0.0,0.0,0.0,0.0,0.0,NOT_IMPROVED,1
100039,2,0.4323357997423627,0.010664681475414,0.1429028020668058,0.0,0.1008131716539026,0.0,0.5065215731496294,0.3392688959563592,0.5818217148809083,0.5117628707025548,0.186133807572007,4,0.0,0.0,0.0,1.0,0.05655740437791188,0.12099381914516662,0.0,0.06737974772409189,0.06000334182933273,0.01879666474069068,0.0,0.0,-0.0996580261658986,-0.005019964154912612,-0.011782484043833214,0.029796768239371232,0.11564772578153532,0.08828630719158082,0.04252758776742626,0.07498749879417392,0.03340824651096948,-0.07814010216902166,-0.0996580261658986,CORRECTABLE,0
100039,3,0.0,0.0,0.0,0.1644670223902014,0.0,0.0,2.204226145763704e-18,-0.1644670223902014,0.1644670223902014,0.1157185931428476,1.208484075212737e-16,1,0.0,0.0,0.0,1.0,0.1173344452634393,0.2484867939260773,5.551115123125783e-17,0.13857377578158359,0.12360374933501335,0.08358410577761217,5.551115123125783e-17,3.180554681463517e-18,-0.1090563585362439,0.006038499643187034,0.03405163600301253,0.11683342651890605,0.2362323849601629,0.22179077688804133,0.1631122469460538,0.16202415707370865,0.07924236655781514,-0.06708163837092218,-0.10905635853624385,CORRECTABLE,0
100039,4,0.0571292232689861,0.0,0.0,0.0,0.0,0.0,0.0571292232689861,0.0571292232689861,0.0571292232689861,0.0571292232689861,0.0,1,0.0,0.0,0.0,1.0,0.15161604188356265,0.36822734377284533,8.326672684688674e-17,0.1833399128173401,0.17428700697865643,0.041792052888806164,-8.326672684688674e-17,-4.7708320221952755e-18,-0.1508484114250499,0.12066388011424302,-0.10441170713520978,-0.021629916619316326,0.3508577654312189,0.1799987239992354,-0.035097239302614186,0.21690339443431916,0.13412160391842556,-0.26529112461959015,-0.15084841142504998,CORRECTABLE,0
100039,5,0.2976215005475853,0.0,0.1986181773670025,0.0,0.0,0.0,0.4228035392296902,0.2976215005475853,0.4962396779145878,0.4273424706188915,0.0,2,0.0,0.0,0.0,1.0,0.1492576144543526,0.34733131732844236,5.551115123125783e-17,0.17973200012344573,0.16694987954718307,0.020896026444403176,-5.551115123125783e-17,-3.180554681463517e-18,-0.17174443786945293,0.09976785366984,-0.1253077335796128,-0.042525943063719346,0.3299617389868159,0.15910269755483236,-0.05599326574701719,0.1960073679899162,0.11322557747402257,-0.2861871510639932,-0.17174443786945298,DIFFICULT,1
100040,1,0.0,0.0,0.0,0.1004394626374654,0.0,0.0,1.6395061369165154e-18,-0.1004394626374654,0.1004394626374654,0.0706689593057505,7.380171985623133e-17,1,0.0,0.0,0.0,1.0,0.0,0.0,0.0,0.0,0.0,0.0,0.0,0.0,0.0,0.0,0.0,0.0,0.0,0.0,0.0,0.0,0.0,0.0,0.0,NOT_IMPROVED,1
100040,2,0.0,0.0076515290068177,0.0,0.0788186442910164,0.0038492406889319,0.0,-0.0006063605185746,-0.113167048156925,0.111242427812459,0.0590708456683116,0.1335443747747022,3,0.0,0.0,0.0,1.0,0.06328783214344456,0.1004394626374654,7.380171985623129e-17,0.07066895930575053,0.05618508436484806,2.6013330146858343e-18,-7.380171985623129e-17,-4.228527068568898e-18,0.0,0.09552360543454508,-0.059036834886483015,-0.05903683488648305,0.09552360543454506,3.6900859928115646e-17,-0.09552360543454509,0.059036834886483126,0.05903683488648307,-0.09552360543454506,-7.380171985623129e-17,DIFFICULT,1
100040,3,0.0,0.0,0.0,0.1002791956607093,-0.0668502739350084,0.0,0.0105307436052628,-0.0975048883680445,0.1169917641444614,0.0716555645321764,6.549716019251212e-17,2,0.0,0.0,0.0,1.0,0.11295218715566467,0.18022041710071518,1.6514567491299204e-15,0.1261276187855396,0.10056454315546842,-0.0006063605185746167,1.6514567491299204e-15,9.462150177353962e-17,-8.881784197001252e-16,0.169579579929274,-0.10646352523842845,-0.10609744069442863,0.170258338002118,6.455769355401084e-17,-0.1707108433840137,0.10463310251842992,0.10426701797443026,-0.1713896014568566,7.632783294297951e-16,DIFFICULT,1
100040,4,0.0,0.0,0.0,0.2109426809520083,0.0,0.0,2.8622875488237586e-18,-0.2109426809520083,0.2109426809520083,0.1484187523966583,1.54998167418863e-16,1,0.0,0.0,0.0,1.0,0.17615223007782863,0.2952875609007106,1.5859595889374082e-15,0.19703444277818527,0.16113538157138077,0.009924383086688228,1.5859595889374082e-15,9.086879092441642e-17,-8.881784197001252e-16,0.2806682044635122,-0.14633264096694298,-0.15232439528714378,0.26955888099714326,1.0139967235009847e-16,-0.262152665352897,0.17629141256794748,0.18228316688814833,-0.2510433418865269,6.97781169237283e-16,DIFFICULT,1
100040,5,-0.0205179986770733,0.0,0.1142030806151209,0.0414410615760978,0.0,0.0,0.0514601789736128,-0.0366154688986359,0.1314564692631358,0.0690946938468814,1.7347234759768068e-17,3,0.0,0.0,0.0,1.0,0.30920335502167384,0.5012680503093748,1.5126788710517758e-15,0.345194655919449,0.2776608871912599,0.004962191543344134,1.5126788710517758e-15,8.667011506988083e-17,-0.004962191543345029,0.4763244242043451,-0.27528382945291396,-0.2812755837731148,0.46521510073797623,-0.004962191543343921,-0.46773326818041816,0.29531821796723046,0.30130997228743117,-0.45662394471404794,-0.004962191543343516,DIFFICULT,1
100041,1,0.0,0.0,0.0,0.042540427944318,0.0,0.0,3.088301562905391e-19,-0.042540427944318,0.042540427944318,0.029931340653398,3.1258199349820607e-17,1,0.0,0.0,0.0,1.0,0.0,0.0,0.0,0.0,0.0,0.0,0.0,0.0,0.0,0.0,0.0,0.0,0.0,0.0,0.0,0.0,0.0,0.0,0.0,NOT_IMPROVED,1
100041,2,0.0,-0.0357124850202468,0.2238571915469277,0.0520125175776462,-0.202034547489852,0.0,0.1729152581243298,-0.3116502641952988,0.4154639026156714,0.2684391021684917,0.6233005283905975,4,0.0,0.0,0.0,1.0,0.02680511616005035,0.042540427944318,3.125819934982059e-17,0.029931340653398038,0.023796797296650317,4.2905851601170415e-19,-3.125819934982059e-17,-1.790962897923294e-18,0.0,0.04045835120242808,-0.025004636171880725,-0.02500463617188074,0.04045835120242807,1.5629099674910294e-17,-0.040458351202428085,0.02500463617188077,0.025004636171880746,-0.04045835120242807,-3.125819934982059e-17,CORRECTABLE,0
100041,3,0.0,-0.0210070515570906,0.0,0.0,0.0,0.0,-7.969422701517212e-18,-0.1833211161181227,0.1833211161181227,0.1068936609394123,0.3666422322362455,1,0.0,0.0,0.0,1.0,0.17427074562385886,0.31897714395634036,1.1102230246251565e-16,0.19679355109558203,0.167653721983618,0.17291525812432973,-1.1102230246251565e-16,-6.361109362927034e-18,0.0,0.20660204246186054,0.13364701074436114,0.16395669991728135,0.3147013284606145,0.22385719154692776,0.13485093851348512,0.2751103537945299,0.24480066462160957,0.026751652514731133,-1.1102230246251565e-16,CORRECTABLE,0
100041,4,0.0,0.0,0.0,0.0,0.058265150969921,0.0,-0.0091783523068684,-0.0168703631403524,0.0,0.0108979577711423,7.135423063715114e-18,1,0.0,0.0,0.0,1.0,0.11053389421409658,0.23251951489417555,9.71445146547012e-17,0.12768295455407022,0.11568431818788869,0.08645762906216503,-9.71445146547012e-17,-5.565970692561154e-18,-0.08645762906216481,0.12014441339969573,0.04718938168219636,0.07749907085511656,0.22824369939844968,0.13739956248476298,0.048393309451320324,0.1886527247323651,0.1583430355594448,-0.05970597654743366,-0.0864576290621649,CORRECTABLE,0
100041,5,0.2868802849742745,0.0,0.1289919516155641,0.0634393324785349,0.0038623229532883,0.0,0.3675709455832721,0.2528656044555459,0.4749850116155895,0.3724762126152324,5.551115123125783e-17,4,0.0,0.0,0.0,1.0,0.08187499386044993,0.1870451443189451,8.326672684688674e-17,0.10023145950987992,0.09069918740480652,0.034050462224214206,-8.326672684688674e-17,-4.7708320221952755e-18,-0.1296864435932472,0.06321664028352769,-0.01266346829974533,0.02318756602346131,0.18159014522109587,0.09417074795368058,0.0017397552739665256,0.13434121990070985,0.09849018557750314,-0.11663374966360168,-0.1296864435932473,CORRECTABLE,0
100042,1,0.0,0.0,0.0,0.1718314095565746,0.0,-0.0889945256364373,-0.0265034241019178,-0.2427535848529007,0.17129766478657,0.127611578954761,1.2626042518362052e-16,1,0.0,0.0,0.0,1.0,0.0,0.0,0.0,0.0,0.0,0.0,0.0,0.0,0.0,0.0,0.0,0.0,0.0,0.0,0.0,0.0,0.0,0.0,0.0,NOT_IMPROVED,1
100042,2,0.1614656592839853,0.0,0.0,0.0,0.0,0.0,0.1614656592839853,0.1614656592839853,0.1614656592839853,0.1614656592839853,0.0,1,0.0,0.0,0.0,1.0,0.11148837957380495,0.2427535848529007,1.2626042518362052e-16,0.127611578954761,0.11903374722348783,-0.02650342410191787,-1.2626042518362052e-16,-7.234189482548749e-18,-1.51163143567645e-05,0.16307733603400087,-0.10491011498371725,-0.12319094995451586,0.10053355348320878,-0.08899452563643723,-0.22630921004271445,0.07880898688144933,0.09708982185224779,-0.16376542749192233,-1.511631435689076e-05,DIFFICULT,1
100042,3,-0.1087372445786512,-0.0297734113693212,0.2236891582934234,0.1226034324124204,0.0,0.065654646071254,0.0517987338793455,-0.4067146309760349,0.3244294691780405,0.2186421947142793,0.5196441047185265,4,0.0,0.0,0.0,1.0,0.1105779349490796,0.2295018728019417,5.551115123125783e-17,0.12553044039786765,0.11457698636509317,-0.013251712050958885,-5.551115123125783e-17,-3.180554681463517e-18,0.013236595736602186,0.1763290480849598,-0.09165840293275829,-0.10993923790355688,0.11378526553416776,-0.07574281358547824,-0.21305749799175547,0.09206069893240831,0.11034153390320678,-0.1505137154409633,0.01323659573660213,DIFFICULT,1
100042,4,0.0,-0.0280609816991831,0.2288734474490037,0.0,0.0,-0.1365179433196593,0.103594515216316,-0.2449014690594063,0.2756172350826769,0.181413805703782,0.4897565611505261,2,0.0,0.0,0.0,1.0,0.20828215452294316,0.4623247590747413,1.3877787807814457e-16,0.2515106372231406,0.22633313780161946,0.13435753853318452,-1.3877787807814457e-16,-7.951386703658792e-18,0.019862451762081595,0.3686814487965196,-0.025615848017145733,0.005590459186272052,0.4497549464951705,0.1545722007334246,-0.11029340366272251,0.3517193749271528,0.32051306772373483,-0.19136690136137324,0.019862451762081457,DIFFICULT,1
100042,5,0.0,-0.0142255928372876,0.0753729124975713,0.0,-0.050040178539914,0.0,0.0553875854587047,-0.1241417190802874,0.1353546463091318,0.0938747235106258,0.2482834381605749,3,0.0,0.0,0.0,1.0,0.25929546411016285,0.6136359148221338,1.1102230246251565e-16,0.31842422187002895,0.2937218358666919,0.21142963860634797,-1.1102230246251565e-16,-6.361109362927034e-18,-0.0473163175045106,0.37222846435285106,0.041733819768122765,0.1235741984671053,0.6002477608318896,0.3162668789158361,0.04019941067399667,0.46970311420798605,0.3878627355090034,-0.18781988580504183,-0.04731631750451071,DIFFICULT,1
100043,1,0.0,0.0,0.1458331393681602,0.0684815713042217,0.0,0.0,0.0919134891656233,-0.0346375729464713,0.2095979616929047,0.1133579063140074,3.2460033525295087e-17,2,0.0,0.0,0.0,1.0,0.0,0.0,0.0,0.0,0.0,0.0,0.0,0.0,0.0,0.0,0.0,0.0,0.0,0.0,0.0,0.0,0.0,0.0,0.0,NOT_IMPROVED,1
100043,2,0.1606431611915458,0.0,0.0,0.0,0.0,0.0,0.1606431611915458,0.1606431611915458,0.1606431611915458,0.1606431611915457,0.0,1,0.0,0.0,0.0,1.0,0.09721311902029223,0.2095979616929046,3.2460033525295074e-17,0.11335790631400734,0.10337911484535979,0.0919134891656233,-3.2460033525295074e-17,-1.859822923852567e-18,0.0,0.11019476304282293,0.04546611094968051,0.07772903042545483,0.2038254021228793,0.14583313936816023,0.07356571285285679,0.15823394575832878,0.1259710262825544,-0.020064926227199534,-3.2460033525295074e-17,CORRECTABLE,0
100043,3,0.0,0.0,0.2080071003112447,0.0,0.0,0.0,0.131099545985667,0.0,0.2080071003112447,0.1463532850654593,2.547352295960883e-17,1,0.0,0.0,0.0,1.0,0.06699760969248629,0.16364121711009302,2.7755575615628914e-17,0.08070903174952546,0.07726255121572635,0.04595674458281168,-2.7755575615628914e-17,-1.5902773407317584e-18,-0.0459567445828116,0.06423801846001134,-0.0004906336331310934,0.031772285842643216,0.1578686575400677,0.09987639478534863,0.027608968270045192,0.11227720117551718,0.08001428169974281,-0.06602167081001112,-0.045956744582811626,DIFFICULT,1
100043,4,0.1590929944741477,-0.0021917357988545,0.104851269599394,0.0,0.0,0.0,0.2251770551621387,0.1399664914528984,0.2646476007368943,0.2278254872180125,0.0382530060424986,3,0.0,0.0,0.0,1.0,0.16999184950886595,0.34271360089023645,2.7755575615628914e-17,0.195725518495093,0.17338418696924002,0.1540779182770729,2.7755575615628914e-17,1.5902773407317584e-18,-0.06893511687421741,0.10553737511543454,0.09879450001053385,0.1770751926536888,0.33271679343533084,0.2849051228051875,0.20245710416530832,0.2575801079865628,0.1792994153434078,-0.024722314154587872,-0.06893511687421738,CORRECTABLE,0
100043,5,-0.1612235895321498,0.0,0.0,0.0507644232892052,0.0,0.0,-0.1612235895321498,-0.2119880128213551,-0.1104591662429446,0.1651326787761657,2.775557561562892e-17,2,0.0,0.0,0.0,1.0,0.18071082235294636,0.36800075326430726,2.7755575615628914e-17,0.20829328097364241,0.18544280078254033,0.1431230198265275,2.7755575615628914e-17,1.5902773407317584e-18,-0.1459740760127538,0.06089924016490017,0.08338557082666337,0.18486269250285145,0.3553973174911181,0.31271743326604506,0.22513762822109556,0.26536760783572544,0.16389048615953733,-0.06936044910512221,-0.14597407601275378,CORRECTABLE,0
100044,1,0.0,0.0,0.0,0.085471808699441,0.0,0.0,1.6453448778641121e-18,-0.085471808699441,0.085471808699441,0.0601377547445839,6.280366616466323e-17,1,0.0,0.0,0.0,1.0,0.0,0.0,0.0,0.0,0.0,0.0,0.0,0.0,0.0,0.0,0.0,0.0,0.0,0.0,0.0,0.0,0.0,0.0,0.0,NOT_IMPROVED,1
100044,2,0.0,0.0,0.1467983014173644,0.0,0.0,0.1051270730366254,0.1238296483905397,1.785653524262988e-05,0.2519253744539899,0.1468235477868406,1.797742727252527e-17,1,0.0,0.0,0.0,1.0,0.05385657529343522,0.085471808699441,6.280366616466318e-17,0.06013775474458388,0.04781229067232127,1.4735900782624483e-18,-6.280366616466318e-17,-3.5983850091837704e-18,0.0,0.08128852062313617,-0.05023906864029492,-0.05023906864029495,0.08128852062313616,3.140183308233159e-17,-0.08128852062313617,0.050239068640295016,0.05023906864029497,-0.08128852062313614,-6.280366616466318e-17,DIFFICULT,1
100044,3,0.0,0.0,0.0,0.0972108301405575,0.0,-0.0717352033328928,-0.0213634322265609,-0.1546688352800862,0.0968620866528252,0.0759069620568942,7.142859437606064e-17,1,0.0,0.0,0.0,1.0,0.10080054588710428,0.2274895124442946,1.3420390016297135e-17,0.1195187780543814,0.11043889530485781,0.09252179679677595,-1.3420390016297135e-17,-7.689317073533319e-19,-1.643921544031146e-17,0.1266516905064777,0.03604680799441713,0.06852325195172877,0.22090200176718067,0.1467983014173645,0.05832496052090834,0.16900138923231878,0.13652494527500703,-0.03592535073979458,-2.9859605456608596e-17,DIFFICULT,1
100044,4,0.0918430234087594,0.0,0.0,0.0,0.0,0.0,0.0918430234087595,0.0918430234087594,0.0918430234087594,0.0918430234087594,0.0,1,0.0,0.0,0.0,1.0,0.12327206691708958,0.2782476208188837,8.326672684688674e-17,0.14411536094457728,0.13486744241524973,0.04626089839838804,-8.326672684688674e-17,-4.7708320221952755e-18,-0.046260898398387915,0.17284378556772834,-0.0673531827236991,-0.034876738766387486,0.26709409682843127,0.10053740301897664,-0.08038893133711811,0.17987958315365932,0.1474031391963475,-0.174639242597821,-0.046260898398388,DIFFICULT,1
100044,5,-0.1043523758160567,0.0,0.0,0.0,0.0,0.0,-0.1043523758160567,-0.1043523758160567,-0.1043523758160567,0.1043523758160567,0.0,1,0.0,0.0,0.0,1.0,0.12080384966378148,0.2551171716196898,5.551115123125783e-17,0.13843476521349798,0.1266197829063912,0.023130449199194138,-5.551115123125783e-17,-3.180554681463517e-18,-0.06939134759758184,0.1497133363685344,-0.09048363192289302,-0.05800718796558141,0.24396364762923733,0.07740695381978273,-0.10351938053631202,0.1567491339544654,0.1242726899971536,-0.19776969179701487,-0.06939134759758189,DIFFICULT,1
100045,1,0.0,0.0,0.0,0.0846771077789696,0.0,0.0,1.3419677906912245e-18,-0.0846771077789696,0.0846771077789696,0.0595786051281453,6.221972940154234e-17,1,0.0,0.0,0.0,1.0,0.0,0.0,0.0,0.0,0.0,0.0,0.0,0.0,0.0,0.0,0.0,0.0,0.0,0.0,0.0,0.0,0.0,0.0,0.0,NOT_IMPROVED,1
100045,2,0.0,-0.0236505950384328,0.0,0.0,0.0,0.0,-7.694615022154551e-18,-0.2063903884603895,0.2063903884603895,0.1203452426670966,0.4127807769207791,1,0.0,0.0,0.0,1.0,0.05335582691089384,0.0846771077789696,6.221972940154234e-17,0.05957860512814531,0.04736774091977358,2.0289869890978806e-18,-6.221972940154234e-17,-3.564927897154415e-18,0.0,0.08053271513421609,-0.04977195515925858,-0.049771955159258606,0.08053271513421607,3.110986470077117e-17,-0.08053271513421609,0.04977195515925867,0.04977195515925862,-0.08053271513421606,-6.221972940154234e-17,CORRECTABLE,0
100045,3,0.0,0.0,0.0,0.0739111257102801,0.0,0.0,1.9870825431198744e-18,-0.0739111257102801,0.0739111257102801,0.052003686578005,5.43090141134833e-17,1,0.0,0.0,0.0,1.0,0.05335582691089384,0.0846771077789696,5.551115123125783e-17,0.05957860512814531,0.047367740919773575,1.09923071745065e-18,-5.551115123125783e-17,-3.180554681463517e-18,0.0,0.08053271513421609,-0.049771955159258585,-0.049771955159258606,0.08053271513421607,3.0095371206222226e-17,-0.08053271513421609,0.04977195515925867,0.04977195515925861,-0.08053271513421606,-5.551115123125783e-17,CORRECTABLE,0
100045,4,0.0,0.0,0.0947783987105899,0.0,0.0,0.0,0.0597354850945689,0.0,0.0947783987105899,0.0666858486262397,1.1607006260923556e-17,1,0.0,0.0,0.0,1.0,0.09992790918466336,0.15858823348924972,1.0982016534474114e-16,0.11158229170615033,0.08871307197278899,3.859209858778013e-18,-1.0982016534474114e-16,-6.292231979682532e-18,0.0,0.15082637286768824,-0.09321582483209627,-0.09321582483209631,0.15082637286768824,5.724987826296387e-17,-0.15082637286768824,0.09321582483209642,0.09321582483209634,-0.15082637286768819,-1.0982016534474114e-16,CORRECTABLE,0
100045,5,-1.3464594385914845e-05,0.0,0.2560829663310588,0.0774300973113636,0.0725138402771545,0.0,0.1499636957843493,-0.0338345634494677,0.3227384407074975,0.1797242085150372,3.4414948646942217e-17,4,0.0,0.0,0.0,1.0,0.10912523718285905,0.2500760568663077,9.821315908381758e-17,0.12999080824965348,0.12075946903971538,0.059735485094568955,-9.821315908381758e-17,-5.62719950814969e-18,0.0,0.1801145087689051,-0.03750647983411557,-0.016538489575584472,0.24096598656541496,0.09477839871058996,-0.060686759169961524,0.16989316008860827,0.14892516983007703,-0.12153823696647129,-9.821315908381758e-17,DIFFICULT,1
100046,1,0.0,0.0,0.1877496379756,0.0873336215842226,0.0982712547951782,-0.0689185992002285,0.0823269546977607,-0.0617377918422513,0.2101782003043111,0.1112207551430588,5.321399787830417e-17,3,0.0,0.0,0.0,1.0,0.0,0.0,0.0,0.0,0.0,0.0,0.0,0.0,0.0,0.0,0.0,0.0,0.0,0.0,0.0,0.0,0.0,0.0,0.0,NOT_IMPROVED,1
100046,2,0.3722014608625825,-0.0210437193501065,0.0,0.0814635650093475,0.0,0.0,0.3722014608625825,0.1353658749518242,0.6090370467733408,0.3954987842121872,0.3672822060399925,3,0.0,0.0,0.0,1.0,0.09295776142409763,0.21017820030431106,5.3213997878304165e-17,0.11122075514305879,0.10206286403282851,0.08232695469776077,-5.3213997878304165e-17,-3.0489374894449458e-18,-1.1706284213418709e-05,0.11770564720374926,0.027956526439095554,0.06468192462960141,0.20714227766158452,0.11883103877537152,0.04102385786292458,0.16734875422259687,0.13062335603209094,-0.04841277259491068,-1.1706284213471923e-05,CORRECTABLE,0
100046,3,0.0,-0.016499712919206,0.0,0.1160650989516611,0.3915226320178334,0.0,-0.0616755057345893,-0.3192325738347026,0.1690428671820582,0.1502712161887576,0.2879743240344852,3,0.0,0.0,0.0,1.0,0.11364036118335885,0.25017866122541127,2.7755575615628914e-17,0.13272577533031438,0.12241828425566248,0.041163477348880456,-2.7755575615628914e-17,-1.5902773407317584e-18,-0.041175183633093804,0.15401862419764267,-0.06109003302144833,-0.02436463483094259,0.24345525465547802,0.07766756142649123,-0.07761607382872965,0.1740683589853803,0.13734296079487418,-0.16705270428656477,-0.04117518363309383,CORRECTABLE,0
100046,4,-0.0158579371584247,0.0,0.0,0.2382274512732204,0.0,0.0,-0.0158579371584247,-0.2540853884316451,0.2223695141147957,0.1683647272115124,1.734723475976807e-16,2,0.0,0.0,0.0,1.0,0.18627811119428977,0.39978423530377705,1.8041124150158794e-16,0.2146334910100858,0.19728205305042867,-0.041093767060149035,-1.8041124150158794e-16,-1.033680271475643e-17,-0.06175692230753399,0.15176886258009542,-0.2616011703028185,-0.1876397570665538,0.3102448617495754,0.05708582275205107,-0.2315954040794705,0.14723594368907517,0.07327453045280999,-0.3900714032489502,-0.06175692230753417,DIFFICULT,1
100046,5,0.0,-0.0185074659565844,0.0,0.0,0.0,0.0,-4.3969228698026e-18,-0.1615081141888044,0.1615081141888044,0.09417460444621,0.3230162283776089,1,0.0,0.0,0.0,1.0,0.33283251917899503,0.6158183956451904,2.636779683484747e-16,0.3742810902132102,0.32202338346857673,-0.020546883530074538,-2.636779683484747e-16,-1.5107634736951704e-17,-0.04121003877745954,0.39888351600395233,-0.38108086932236673,-0.3071194560861021,0.5573595151734323,0.07763270628212565,-0.43761629044317846,0.30780940976877263,0.23384799653250732,-0.596092289612658,-0.0412100387774598,DIFFICULT,1
100047,1,0.0,-0.0064102198102442,0.183015359791493,0.0,0.0,0.0,0.1153481325453157,-0.0559397209660635,0.186486421126635,0.1328361464722818,0.111879441932127,2,0.0,0.0,0.0,1.0,0.0,0.0,0.0,0.0,0.0,0.0,0.0,0.0,0.0,0.0,0.0,0.0,0.0,0.0,0.0,0.0,0.0,0.0,0.0,DIFFICULT,1
100047,2,0.0,0.0,0.0,0.0,0.0025827381831254,0.0,-0.0004068517899037,-0.0007478180408092,0.0,0.0004830772972363,3.16294204900029e-19,1,0.0,0.0,0.0,1.0,0.11534813254531569,0.183015359791493,2.0816681711721685e-17,0.12876915779722545,0.10238596348076515,0.11534813254531569,2.0816681711721685e-17,1.1927080055488189e-18,0.0,0.056554856407216775,0.10757372942844046,0.1480625363029633,0.17405795051180145,0.183015359791493,0.17405795051180148,0.1480625363029633,0.10757372942844046,0.05655485640721679,2.0816681711721685e-17,DIFFICULT,1
100047,3,0.0,0.0,0.0,0.0,-0.2674168252840044,0.0,0.0421254522537487,0.0,0.0774291128964948,0.0500178446416885,3.2749115912220306e-17,1,0.0,0.0,0.0,1.0,0.07012831891185449,0.1253412935188352,6.938893903907228e-18,0.08102756222136505,0.0667436399513434,0.057267214482754104,6.938893903907228e-18,3.975693351829396e-19,-0.057674066272657795,-0.0017264480312705263,0.049162764162098936,0.08989720403451634,0.11623207469768626,0.1253412935188352,0.11623207469768629,0.08989720403451634,0.049162764162098936,-0.0017264480312705263,-0.05767406627265779,CORRECTABLE,0
100047,4,-0.1772357454724357,0.0,0.0,0.0720970710967487,0.0,0.0,-0.1772357454724357,-0.2493328165691844,-0.1051386743756869,0.1843523004775177,5.551115123125783e-17,2,0.0,0.0,0.0,1.0,0.08368596400047006,0.11217073619129855,2.7755575615628914e-17,0.08953287008388269,0.06771029706591886,0.07075905949512584,2.7755575615628914e-17,1.5902773407317584e-18,-0.08630767351403479,0.03251341117407677,0.0968277111967164,0.11212929964380233,0.10331683406799033,0.09670768627745818,0.10331683406799036,0.11212929964380233,0.09682771119671643,0.03251341117407679,-0.08630767351403476,DIFFICULT,1
100047,5,0.0,0.0,0.0,0.0410737117972949,0.0,0.0534056647959953,0.0159047196825959,-0.040875837792058,0.0848335285972847,0.0378920379606018,3.017978391067072e-17,1,0.0,0.0,0.0,1.0,0.06841730726449798,0.14602979158023124,0.0,0.08266959941940168,0.07260108959535894,0.03537952974756295,0.0,0.0,-0.12168720326159768,0.06570227069887172,0.01907058632500272,0.03437217477208862,0.13650569359278525,0.06132815652989532,-0.0006310849519303718,0.11912736502039031,0.10382577657330438,-0.0714345078458439,-0.12168720326159768,DIFFICULT,1
100048,1,0.0,0.0045857676449228,0.2104655246266906,0.0,0.0,0.0,0.1326490042066259,-0.0400183721531158,0.2120074108742533,0.1499102482771249,0.0800367443062317,2,0.0,0.0,0.0,1.0,0.0,0.0,0.0,0.0,0.0,0.0,0.0,0.0,0.0,0.0,0.0,0.0,0.0,0.0,0.0,0.0,0.0,0.0,0.0,DIFFICULT,1
100048,2,-0.3074589804909524,0.0,0.0,0.0,0.0,0.0,-0.3074589804909524,-0.3074589804909524,-0.3074589804909524,0.3074589804909524,0.0,1,0.0,0.0,0.0,1.0,0.13264900420662595,0.2104655246266906,2.7755575615628914e-17,0.14808302637771228,0.11774266128776623,0.13264900420662595,2.7755575615628914e-17,1.5902773407317584e-18,0.0,0.0650374238396864,0.12370853149156705,0.17027018615303174,0.20016460865169222,0.2104655246266906,0.20016460865169222,0.17027018615303172,0.12370853149156706,0.06503742383968643,2.7755575615628914e-17,CORRECTABLE,0
100048,3,0.0,-0.0206692518022277,0.322023045231945,0.0,0.1572875431985789,0.0,0.1781826955442521,-0.1803732567607971,0.334832059008869,0.2328737120052042,0.3607465135215943,3,0.0,0.0,0.0,1.0,0.08094586607306024,0.14414102252337763,5.551115123125783e-17,0.09344390811296975,0.07687045739022835,0.06632450210331295,5.551115123125783e-17,3.180554681463517e-18,-0.06632450210331298,-0.001287078263626562,0.05738402938825407,0.10394568404971877,0.13384010654837925,0.14414102252337763,0.13384010654837925,0.10394568404971874,0.0573840293882541,-0.001287078263626562,-0.06632450210331292,DIFFICULT,1
100048,4,0.0,0.0688715110912644,0.0,0.198389127529743,-0.1814038781416475,0.1122393332715236,0.0620020153199328,-0.6009985395506354,0.6010366687508933,0.349216279347694,1.2020352083015289,3,0.0,0.0,0.0,1.0,0.22924351733149578,0.4330018167036663,5.551115123125783e-17,0.27266695328099017,0.22594029553864767,0.21134494659590874,5.551115123125783e-17,3.180554681463517e-18,-0.09948675315496938,0.028080744937184432,0.1686253723549278,0.30138768059286547,0.3976948412356291,0.4330018167036663,0.3976948412356292,0.3013876805928654,0.16862537235492783,0.028080744937184446,-0.09948675315496933,DIFFICULT,1
100048,5,0.0,0.0,0.0438986836975736,0.0,-0.067803790716647,0.0,0.0383487420558408,0.0,0.048478223049588,0.0405669799388716,1.367960777482145e-17,2,0.0,0.0,0.0,1.0,0.21261721578296422,0.5095273383470414,1.1102230246251565e-16,0.254927921709255,0.24213615840992722,0.13424853764687894,-1.1102230246251565e-16,-6.361109362927034e-18,-0.20515922645292362,0.15373815385063103,-0.0018997022038323985,0.11361007199532269,0.49136429286497924,0.327329343405712,0.11400574786643469,0.3468304787496301,0.23132070455047493,-0.2236203911479137,-0.20515922645292373,CORRECTABLE,0
100049,1,-0.806285055774112,-0.0166666672924034,0.0,0.0915942237694557,0.0,0.0,-0.806285055774112,-1.020083616524193,-0.592486495024031,0.8150042126651764,0.2908882277914847,3,0.0,0.0,0.0,1.0,0.0,0.0,0.0,0.0,0.0,0.0,0.0,0.0,0.0,0.0,0.0,0.0,0.0,0.0,0.0,0.0,0.0,0.0,0.0,CORRECTABLE,0
100049,2,0.8590841203849041,0.0,0.0,0.0,0.0,0.0,0.8590841203849044,0.8590841203849041,0.8590841203849041,0.859084120384904,0.0,1,0.0,0.0,0.0,1.0,0.05771436551939617,0.0915942237694557,1.1102230246251565e-16,0.06444547095566597,0.051237123882222194,1.09923071745065e-18,-1.1102230246251565e-16,-6.361109362927034e-18,0.0,0.08711128337093732,-0.05383773392686275,-0.05383773392686275,0.08711128337093732,0.0,-0.08711128337093732,0.05383773392686286,0.05383773392686275,-0.08711128337093721,-1.1102230246251565e-16,CORRECTABLE,0
100049,3,0.0,0.0,0.2307614878919348,0.0,0.0,0.0,0.145440834703921,0.0,0.2307614878919348,0.1623632162990743,2.8260131751333866e-17,1,0.0,0.0,0.0,1.0,0.05771436551939617,0.0915942237694557,1.1102230246251565e-16,0.06444547095566597,0.051237123882222194,1.09923071745065e-18,-1.1102230246251565e-16,-6.361109362927034e-18,0.0,0.08711128337093732,-0.05383773392686275,-0.05383773392686275,0.08711128337093732,0.0,-0.08711128337093732,0.05383773392686286,0.05383773392686275,-0.08711128337093721,-1.1102230246251565e-16,DIFFICULT,1
100049,4,0.0,0.007761393940416,0.0526187149158706,0.0,-0.0339131125013946,0.0,0.0385059632120681,-0.0677309398165844,0.0813616793717658,0.0573487885969522,0.1354618796331689,3,0.0,0.0,0.0,1.0,0.15107877561194286,0.3149251749006734,8.276217071118179e-17,0.1746855252551784,0.15726973767930275,0.14544083470392094,-8.276217071118179e-17,-4.741923085091951e-18,0.0,0.1584205047767938,0.08180046545308461,0.13285223142496116,0.30657850014052707,0.2307614878919348,0.13235593339865245,0.24052769927868678,0.18947593330681015,-0.015802061965080674,-8.276217071118179e-17,DIFFICULT,1
100049,5,0.0,0.0,0.1052138064858385,0.0662813782702236,-0.112452818183753,0.0,0.0840269444926828,-0.022043559669256,0.1723928730570268,0.1010322383424545,2.204629312674024e-17,3,0.0,0.0,0.0,1.0,0.13438328357312443,0.2944773801002748,1.6930901125533637e-15,0.15555350340678367,0.14421354944269862,0.1112263805640287,1.6930901125533637e-15,9.700691778463726e-17,-0.07272041735196129,0.10993361551106934,0.04968453871294499,0.10915190598857064,0.2858948172271477,0.21065978545584502,0.11167225048527347,0.21682737384229694,0.1573600065666716,-0.0642889512308037,-0.0727204173519596,DIFFICULT,1
100050,1,0.0,-0.0084908035459413,0.0,0.0,0.0,0.0,2.748076793626625e-19,-0.0740962395507527,0.0740962395507527,0.0432051608409373,0.1481924791015055,1,0.0,0.0,0.0,1.0,0.0,0.0,0.0,0.0,0.0,0.0,0.0,0.0,0.0,0.0,0.0,0.0,0.0,0.0,0.0,0.0,0.0,0.0,0.0,HIGHLY_CORRECTABLE,0
100050,2,0.0,0.0,0.0,0.0157487592514165,-0.106781439805593,0.0,0.0168209926183209,-0.0120714102141001,0.0432464738237193,0.0228403999150888,1.5049542819527731e-18,2,0.0,0.0,0.0,1.0,0.0,0.0,0.0,0.0,0.0,0.0,0.0,0.0,0.0,0.0,0.0,0.0,0.0,0.0,0.0,0.0,0.0,0.0,0.0,CORRECTABLE,0
100050,3,0.0,0.0193831632003187,0.0,0.0,0.0,0.0,2.748076793626625e-18,-0.16915001510138,0.16915001510138,0.0986305601068503,0.3383000302027601,1,0.0,0.0,0.0,1.0,0.01883050000094253,0.0432464738237192,1.5049542819528345e-18,0.022840399915088797,0.020907132138907398,0.01682099261832092,1.5049542819528345e-18,8.622752871603873e-20,0.0,0.040083782324136855,0.021209666814059107,0.011054148399410315,0.021254415663251647,5.7860002823368446e-18,-0.008701504555994851,0.029567925259184873,0.03972344367383366,0.010127862104890374,1.5049542819528345e-18,HIGHLY_CORRECTABLE,0
100050,4,0.5565987682186105,0.0539289124361029,0.1970420012766868,0.0,0.4039432121491021,0.0,0.6171553123788053,0.0859800872257754,1.0272174492114456,0.6806257382892128,0.9412373619856702,4,0.0,0.0,0.0,1.0,0.0143478880717126,0.0348359775145588,0.0,0.01759188801072768,0.01651434847695419,0.00841049630916052,0.0,0.0,-0.008410496309160409,0.031673286014976446,0.012799170504898705,0.002643652090249915,0.012843919354091245,-0.008410496309160395,-0.017112000865155255,0.02115742895002448,0.03131294736467326,0.0017173657957299526,-0.008410496309160409,CORRECTABLE,0
100050,5,0.0,0.0,0.0,0.0378423490097088,0.0,0.0191937971218485,0.0057160970476395,-0.0377256895174723,0.0531368670376617,0.0280448495469642,2.7805974075990544e-17,1,0.0,0.0,0.0,1.0,0.07667400794796331,0.19069724424145862,5.551115123125783e-17,0.10097950780623062,0.09030932643744964,0.06476179231477497,-5.551115123125783e-17,-3.180554681463517e-18,-0.012615744463740641,-0.006615380285414252,0.009160457544669875,0.08101416674863954,0.17229356421105274,0.18442625681294622,0.14233764399180626,0.0995279436084141,0.027674234404444498,-0.03657130050466084,-0.012615744463740697,CORRECTABLE,0
100051,1,-0.0986275206843169,0.0,0.0,0.0,0.0,0.0,-0.0986275206843169,-0.0986275206843169,-0.0986275206843169,0.0986275206843169,0.0,1,0.2727759619710843,0.0,0.0,1.0,0.0,0.0,0.0,0.0,0.0,0.0,0.0,0.0,0.0,0.0,0.0,0.0,0.0,0.0,0.0,0.0,0.0,0.0,0.0,HIGHLY_CORRECTABLE,0
100051,2,0.0287844961750848,0.0,0.0,0.0,0.0751150850385549,0.0,0.0169518191362808,0.0070353246579104,0.0287844961750848,0.0185672476303177,1.0408340855860844e-17,2,0.2727759619710843,0.0,0.0,1.0,8.326672684688674e-17,8.326672684688674e-17,0.0,8.326672684688674e-17,5.828670879282071e-17,8.326672684688674e-17,0.0,0.0,8.326672684688674e-17,8.326672684688674e-17,8.326672684688674e-17,8.326672684688674e-17,8.326672684688674e-17,8.326672684688674e-17,8.326672684688674e-17,8.326672684688674e-17,8.326672684688674e-17,8.326672684688674e-17,8.326672684688674e-17,HIGHLY_CORRECTABLE,0
100051,3,0.0,0.0,0.0,0.0,0.1184015521421506,0.0,-0.0186514776182718,-0.0342825367782988,0.0,0.0221459155911051,1.4500008184496324e-17,1,0.2727759619710843,0.0,0.0,1.0,0.011832677038803916,0.02174917151717426,0.0,0.014049582144711662,0.011479512781264618,-0.011832677038803908,0.0,0.0,1.6653345369377348e-16,-0.017660615684142844,-0.021431607329394475,-0.01428773821959628,-0.004415153921035586,1.6653345369377348e-16,-0.004415153921035586,-0.01428773821959628,-0.02143160732939453,-0.017660615684142844,1.6653345369377348e-16,HIGHLY_CORRECTABLE,0
100051,4,0.0782886823027485,0.0097683921231869,0.1007848157696204,0.0,-0.0357407090134022,0.0,0.1474399380579416,-0.0069566211109407,0.2012568708874522,0.1585652701442522,0.1704906068273786,4,0.2727759619710843,0.0,0.0,1.0,0.025899992467796763,0.050115369776071006,0.0,0.0313752762690872,0.02594213630006905,-0.024567816137673615,0.0,0.0,0.005916338519402264,-0.03958215164381851,-0.04929723912126821,-0.030892713241044728,-0.005458284021402915,0.005916338519402264,-0.005458284021402915,-0.030892713241044728,-0.049297239121268266,-0.03958215164381851,0.005916338519402264,HIGHLY_CORRECTABLE,0
100051,5,0.0,-0.0089087644572437,0.0968104399445263,0.0,-0.1155972722477235,0.0,0.079225936042556,-0.0777436366582919,0.137039656896836,0.0956976746845314,0.1554872733165839,3,0.2727759619710843,0.0,0.0,1.0,0.05686734768635639,0.11898506235785955,5.551115123125783e-17,0.06929803743751892,0.05968552675701669,0.05686734768635639,5.551115123125783e-17,3.180554681463517e-18,0.018200246588239155,0.01224912193860106,0.03242392757322693,0.0697261104012043,0.10477846599519347,0.11898506235785955,0.10477846599519353,0.0697261104012043,0.03242392757322693,0.012249121938601115,0.01820024658823921,CORRECTABLE,0
100052,1,0.7579847228907947,0.0,0.0,0.0,0.0,0.0,0.7579847228907948,0.7579847228907947,0.7579847228907947,0.7579847228907944,0.0,1,0.2727759619710843,0.0,0.0,1.0,0.0,0.0,0.0,0.0,0.0,0.0,0.0,0.0,0.0,0.0,0.0,0.0,0.0,0.0,0.0,0.0,0.0,0.0,0.0,CORRECTABLE,0
100052,2,-0.0637562585965943,0.01734056878636,0.0,0.0548835481722844,0.0,0.0,-0.0637562585965943,-0.215081272962172,0.0875687557689833,0.1077125289463942,0.3026500287311554,3,0.2727759619710843,0.0,0.0,1.0,0.0,0.0,0.0,0.0,0.0,0.0,0.0,0.0,0.0,0.0,0.0,0.0,0.0,0.0,0.0,0.0,0.0,0.0,0.0,HIGHLY_CORRECTABLE,0
100052,3,-0.496643315645851,-0.0677482800384551,0.0,0.0,0.5261401766209195,0.319657217109174,-0.4843277725805598,-1.1017496287974078,0.094626530418239,0.6145282436494525,1.1824311003031058,3,0.2727759619710843,0.0,0.0,1.0,0.03458263010328509,0.05488354817228441,5.551115123125783e-17,0.038615929740106,0.03070144645668147,-1.0992307174506501e-17,-5.551115123125783e-17,-3.180554681463517e-18,0.0,0.05219735612665004,-0.0322597402091523,-0.03225974020915229,0.052197356126650024,0.0,-0.05219735612665005,0.03225974020915234,0.03225974020915234,-0.05219735612665005,-5.551115123125783e-17,CORRECTABLE,0
100052,4,0.0,0.0,0.2688515523651441,0.0,0.0,0.0,0.1694476601994474,0.0,0.2688515523651441,0.1891632921410428,3.2924819304977066e-17,1,0.2727759619710843,0.0,0.0,1.0,0.08873225831115136,0.1919671116807139,2.220446049250313e-16,0.10571494831856122,0.09478130582941577,-0.08288144497072981,2.220446049250313e-16,1.2722218725854067e-17,0.0,-0.07150561845588344,-0.18237645324715487,-0.13233754890115407,0.021271612481016652,-2.7755575615628914e-17,-0.08312309977228347,-0.06781806848284938,-0.11785697282885033,-0.17590033070918354,2.220446049250313e-16,CORRECTABLE,0
100052,5,0.0,0.0,0.0,0.0633072516182808,0.0,-0.043843585613992,-0.0130570407040926,-0.0983024914660296,0.0630864217642583,0.0488760617801776,4.651735539731167e-17,1,0.2727759619710843,0.0,0.0,1.0,0.13689347339748856,0.34356918680378645,1.6653345369377348e-16,0.17499483480872563,0.16163828154125512,0.12800693771408259,1.6653345369377348e-16,9.541664044390551e-18,0.04144072248536504,0.053014802674397205,0.0170912467743794,0.1266086484116986,0.3184053557593196,0.31029227485050903,0.21401064350601953,0.19112812883000324,0.08161072719268392,-0.05137990957890298,0.041440722485365206,CORRECTABLE,0
100053,1,0.0,-0.0223907845838946,0.0,0.0,0.0,0.0,-1.6488460761759752e-18,-0.1953964664937998,0.1953964664937998,0.1139347396548098,0.3907929329875996,1,0.2727759619710843,0.0,0.0,1.0,0.0,0.0,0.0,0.0,0.0,0.0,0.0,0.0,0.0,0.0,0.0,0.0,0.0,0.0,0.0,0.0,0.0,0.0,0.0,HIGHLY_CORRECTABLE,0
100053,2,0.2902281146370966,-0.0241343277595541,0.0,0.0856520570407295,0.0,-0.104182266989108,0.2592016353546332,0.0259712128963377,0.5541457093097375,0.3016633905750105,0.4212235070721398,3,0.2727759619710843,0.0,0.0,1.0,0.0,0.0,0.0,0.0,0.0,0.0,0.0,0.0,0.0,0.0,0.0,0.0,0.0,0.0,0.0,0.0,0.0,0.0,0.0,DIFFICULT,1
100053,3,-0.5714289546451002,-0.0238629507173347,0.2601208310093377,0.1353058197111289,0.0,0.0,-0.4074839604804223,-0.8283698540798126,-0.1499138327043657,0.4498573282161302,0.4164870833401225,4,0.2727759619710843,0.0,0.0,1.0,0.5401074892359976,0.6533123709262811,0.13082740062163356,0.5438061031050159,0.4516547885456753,0.5401074892359976,0.13082740062163356,0.007495857857520916,0.4663406123889956,0.5609870284258871,0.4433893873855018,0.462237049954782,0.6199586398187,0.5598142673074777,0.48320422597768664,0.6152580421175446,0.622575859672591,0.502729054957854,0.5971680130106292,DIFFICULT,1
100053,4,0.0,-0.0030794954235658,0.1209019961144485,0.0,-0.0420087683558424,0.0,0.0828177961838089,-0.0268736672465379,0.1230224546227333,0.0919204117406707,0.053747334493076,3,0.2727759619710843,0.0,0.0,1.0,0.19143524200158363,0.4030161369488718,0.2834581214265487,0.22229001277474375,0.2856018513905756,-0.15101575210775314,0.2834581214265487,0.016240953591469272,-0.4030161369488718,-0.08481165371038135,-0.33119766609173784,-0.28234760957213184,0.04050019738776789,-0.18146660621302113,-0.32309503535011513,0.09078720166368875,0.09862876942939208,-0.2783320135923348,-0.11955801552232312,CORRECTABLE,0
100053,5,0.0,0.0,0.0,0.0878534852291502,0.0138628763113434,0.0194946254253149,0.0036219050359641,-0.0904424485948752,0.1027559228504444,0.0624235730950075,6.625152900244236e-17,2,0.2727759619710843,0.0,0.0,1.0,0.14613278494879178,0.3299806866220648,0.14172906423040868,0.16907833072578649,0.20226059381295822,0.007309920129932367,0.14172906423040868,0.008120477160368624,-0.2566437322969251,0.09462547047778372,-0.13012084872431717,-0.07269160999131291,0.24763482384964963,0.01494326595530407,-0.14430622032746138,0.24375157836605166,0.21466815247912874,-0.2122781351610817,-0.11491466806651643,CORRECTABLE,0
100054,1,0.0,0.0,0.0,0.1395118169661013,0.0,0.0,2.3170765770796057e-18,-0.1395118169661013,0.1395118169661013,0.0981601718782107,1.025116200544604e-16,1,0.2727759619710843,0.0,0.0,1.0,0.0,0.0,0.0,0.0,0.0,0.0,0.0,0.0,0.0,0.0,0.0,0.0,0.0,0.0,0.0,0.0,0.0,0.0,0.0,CORRECTABLE,0
100054,2,0.0,0.0,0.0,0.0,0.056472254870345,0.0,-0.0088959222131059,-0.0163512396545421,0.0,0.0105626131327785,6.9158566167601584e-18,1,0.2727759619710843,0.0,0.0,1.0,0.08790768311900629,0.13951181696610132,1.1102230246251565e-16,0.09816017187821073,0.07804186721335338,2.1984614349013e-18,-1.1102230246251565e-16,-6.361109362927034e-18,0.0,0.13268362262578742,-0.08200298853320115,-0.0820029885332012,0.13268362262578742,5.551115123125783e-17,-0.13268362262578742,0.08200298853320132,0.08200298853320126,-0.13268362262578737,-1.1102230246251565e-16,CORRECTABLE,0
100054,3,-0.1564348408172591,0.0,0.2676650714642041,0.0885446611233453,0.0,0.0,0.01226502227718,-0.1863970125934537,0.1911909786859829,0.10506984278128,2.775557561562892e-17,3,0.2727759619710843,0.0,0.0,1.0,0.08805759787567222,0.15362988068368755,0.0,0.09872683596344319,0.08237892716415224,-0.008895922213105955,0.0,0.0,-5.551115123125783e-17,0.11940619919519119,-0.09811548032849784,-0.09274464973006569,0.12936426676813834,5.551115123125783e-17,-0.13600297848343648,0.07126132733633683,0.06589049673790454,-0.1459610460563836,-5.551115123125783e-17,CORRECTABLE,0
100054,4,-0.083959882456954,-0.0398141631376346,0.0,0.1803987251470068,-0.1131993870907168,0.0373250961343233,-0.0550121159301654,-0.5367071374692806,0.4109219939583514,0.2708988104745194,0.6948883475247188,4,0.2727759619710843,0.0,0.0,1.0,0.1994668658008287,0.4891338455720692,2.7755575615628914e-17,0.24509632415804067,0.23108984582767342,0.16425190198788633,-2.7755575615628914e-17,-1.5902773407317584e-18,0.004447961106553017,0.2907781931292718,0.011616816360988241,0.07620365701407622,0.4725878152198344,0.27211303257075725,0.03879861607925214,0.34430012603555293,0.27971328538246476,-0.14301100601131037,0.004447961106552989,DIFFICULT,1
100054,5,0.157034243730807,0.0,0.0,0.0,0.0,0.0,0.157034243730807,0.157034243730807,0.157034243730807,0.157034243730807,0.0,1,0.2727759619710843,0.0,0.0,1.0,0.271971013084412,0.5914133817001855,9.71445146547012e-17,0.31514617073859824,0.29052993550923917,0.09995794556264417,-9.71445146547012e-17,-5.565970692561154e-18,-0.07767798988739016,0.4068363973379162,-0.14424714038675562,-0.09042620120699213,0.5686849403383374,0.1899870815768142,-0.20824302496704328,0.3897416881620327,0.33592074898226876,-0.3700915679674646,-0.07767798988739026,DIFFICULT,1
100055,1,0.0,-0.0088990461160995,0.0,0.0,0.0,-0.1229662967340465,-0.0366205436714004,-0.1243765900839946,0.0776379414843521,0.0723515903854656,0.1553176562616888,1,0.2727759619710843,0.0,0.0,1.0,0.0,0.0,0.0,0.0,0.0,0.0,0.0,0.0,0.0,0.0,0.0,0.0,0.0,0.0,0.0,0.0,0.0,0.0,0.0,HIGHLY_CORRECTABLE,0
100055,2,-0.9127041198759114,0.0,0.0,0.0,0.0,0.0,-0.9127041198759116,-0.9127041198759114,-0.9127041198759114,0.9127041198759114,0.0,1,0.2727759619710843,0.0,0.0,1.0,1.31907686094078e-17,5.551115123125783e-17,2.7755575615628914e-17,2.3434505826878955e-17,3.128069921957626e-17,-3.8473075110772755e-18,-2.7755575615628914e-17,-1.5902773407317584e-18,0.0,0.0,0.0,-5.551115123125783e-17,0.0,0.0,-2.7755575615628914e-17,-2.7755575615628914e-17,0.0,0.0,-2.7755575615628914e-17,CORRECTABLE,0
100055,3,0.0,-0.0152186826748798,0.0,0.0,0.0,0.0,-4.1221151904399375e-18,-0.1328080633697232,0.1328080633697232,0.0774397428756422,0.2656161267394465,1,0.2727759619710843,0.0,0.0,1.0,0.0,0.0,0.0,0.0,0.0,0.0,0.0,0.0,0.0,0.0,0.0,0.0,0.0,0.0,0.0,0.0,0.0,0.0,0.0,HIGHLY_CORRECTABLE,0
100055,4,0.215266218166557,-0.0086030846481656,0.1224727977824129,0.0,0.0148196854860313,0.0,0.2901220020151579,0.1401901411332095,0.3459761487319596,0.2959616468532453,0.1501521540666951,4,0.2727759619710843,0.0,0.0,1.0,0.0,0.0,0.0,0.0,0.0,0.0,0.0,0.0,0.0,0.0,0.0,0.0,0.0,0.0,0.0,0.0,0.0,0.0,0.0,CORRECTABLE,0
100055,5,0.0,0.0,0.0,0.0,0.0356482260969596,0.0,-0.0056155690457526,-0.0103217533903853,0.0,0.0066676710890418,4.3656485984922764e-18,1,0.2727759619710843,0.0,0.0,1.0,0.07485578384860085,0.12247279778241299,5.551115123125783e-17,0.08431801013939069,0.06763037550324323,0.07485578384860085,5.551115123125783e-17,3.180554681463517e-18,0.0,0.034361858834491166,0.0677593968082203,0.09626370306443144,0.1156074731426322,0.12247279778241299,0.11560747314263231,0.09626370306443155,0.06775939680822024,0.034361858834491166,5.551115123125783e-17,HIGHLY_CORRECTABLE,0
100056,1,0.5103247794686288,0.0125023049260907,0.0940469486731954,0.1787845873596889,0.0,0.0,0.5695992573780098,0.3423528642010037,0.8101621991129921,0.5840318718587304,0.2182063885118189,4,0.2727759619710843,0.0,0.0,1.0,0.0,0.0,0.0,0.0,0.0,0.0,0.0,0.0,0.0,0.0,0.0,0.0,0.0,0.0,0.0,0.0,0.0,0.0,0.0,CORRECTABLE,0
100056,2,0.2688272210318539,0.0403255963968897,0.0,0.1232795784338963,0.0,0.1051593844239138,0.3001446952669487,-0.0830621900289578,0.6207523561397605,0.3632846062424207,0.7038145461687184,3,0.2727759619710843,0.0,0.0,1.0,0.12049408996798328,0.2695240876563746,2.220446049250313e-16,0.14213498888522283,0.1312189521758297,0.05927447790938082,-2.220446049250313e-16,-1.2722218725854067e-17,0.0,0.1990963522306981,-0.049807534334009085,-0.029001364041497113,0.2594782101948905,0.09404694867319541,-0.08059028344825392,0.1811725235329441,0.1603663532404319,-0.14097214141244652,-2.220446049250313e-16,CORRECTABLE,0
100056,3,0.0,0.0550506332738511,0.0,0.0866107405085181,-0.075333146314158,0.0,0.0118670276442458,-0.4804075508001602,0.4804075508001601,0.2714128357148479,0.9608151016003204,3,0.2727759619710843,0.0,0.0,1.0,0.19264764418621866,0.36292316304808203,1.3877787807814457e-15,0.21659458325211411,0.18833070049550202,0.029637238954690455,1.3877787807814457e-15,7.951386703658793e-17,-0.029637238954691225,0.2867049596716836,-0.15190669140097743,-0.13110052110846532,0.34708681763587645,0.06440970971850501,-0.22747336879862073,0.22399720269053158,0.2031910323980196,-0.28785522676281283,-0.029637238954689837,CORRECTABLE,0
100056,4,0.0,0.0510730394269066,0.0,0.2096635620940084,0.0,0.0,1.5938845403034424e-17,-0.4456964665475117,0.4456964665475116,0.2640564009801043,0.8913929330950234,2,0.2727759619710843,0.0,0.0,1.0,0.24675637559847108,0.43744773916868196,3.1086244689504383e-15,0.27618461249449794,0.23287969567959668,0.02668564712159107,3.1086244689504383e-15,1.7811106216195694e-16,-0.044455858432037254,0.3719699343010137,-0.19614000293083161,-0.1824984406078289,0.41906787854153116,0.049591090241159874,-0.3202357261765152,0.2744163151132434,0.2607747527902411,-0.36733367041703074,-0.044455858432034145,DIFFICULT,1
100056,5,0.1153552815275379,0.0,0.0,0.0,0.0,0.0,0.115355281527538,0.1153552815275379,0.1153552815275379,0.1153552815275379,0.0,1,0.2727759619710843,0.0,0.0,1.0,0.378522011776003,0.6333547545551874,2.9976021664879227e-15,0.422125287367459,0.34577555863610393,0.013342823560795544,2.9976021664879227e-15,1.717499527990299e-16,-0.05779868199283278,0.5580290076993785,-0.3327199762335925,-0.3190784139105898,0.6051269519398959,0.036248266680364405,-0.532980446696471,0.3843106412944135,0.370669078971411,-0.5800783909369865,-0.05779868199282978,DIFFICULT,1
100057,1,-0.4556140404740733,0.0192265601557337,0.1253998462566942,0.0,0.0,0.0,-0.3765789359688625,-0.6233974360469808,-0.281040069596829,0.3910515207977541,0.3355667911458151,3,0.2727759619710843,0.0,0.0,1.0,0.0,0.0,0.0,0.0,0.0,0.0,0.0,0.0,0.0,0.0,0.0,0.0,0.0,0.0,0.0,0.0,0.0,0.0,0.0,CORRECTABLE,0
100057,2,0.0,0.0,0.0,0.0,-0.0065885214726622,0.0,0.0010378720427357,0.0,0.0019076711885497,0.0012323220241959,8.068611732609396e-19,1,0.2727759619710843,0.0,0.0,1.0,0.07903510450521062,0.1253998462566942,8.326672684688674e-17,0.08823102393576612,0.07015358762214809,0.07903510450521062,-8.326672684688674e-17,-4.7708320221952755e-18,5.551115123125783e-17,0.03875068358532413,0.07370818026942833,0.10145060671367129,0.11926234092483945,0.1253998462566942,0.11926234092483945,0.10145060671367123,0.07370818026942837,0.03875068358532416,-2.7755575615628914e-17,CORRECTABLE,0
100057,3,0.0,-0.0356205874104158,0.0,0.0,0.0,0.0,-3.29769215235195e-18,-0.3108483059514043,0.3108483059514043,0.1812541518596792,0.6216966119028086,1,0.2727759619710843,0.0,0.0,1.0,0.048923776581820747,0.08588229400408898,5.551115123125783e-17,0.05627290708869179,0.046069111884642105,0.0405554242953412,-5.551115123125783e-17,-3.180554681463517e-18,-0.03951755225260517,0.0007821856351361567,0.03607044490062089,0.06318626571693126,0.08013205224783854,0.08588229400408898,0.08013205224783854,0.0631862657169312,0.03607044490062089,0.0007821856351361567,-0.039517552252605226,HIGHLY_CORRECTABLE,0
100057,4,0.0,0.0,0.063107273541088,0.0,0.0494506503823937,0.0212828217077617,0.0383226917193875,3.6150293631294495e-06,0.0843900952488497,0.0479412919116575,1.672466554353616e-18,2,0.2727759619710843,0.0,0.0,1.0,0.03908809728592446,0.06560458185641843,5.551115123125783e-17,0.043966842533677324,0.03580448799607062,0.02027771214767065,-5.551115123125783e-17,-3.180554681463517e-18,-0.059795264400275716,-0.019495526512534278,0.015792732752950345,0.04290855356926071,0.05985434010016799,0.06560458185641843,0.05985434010016799,0.042908553569260655,0.015792732752950345,-0.01949552651253439,-0.05979526440027577,HIGHLY_CORRECTABLE,0
100057,5,0.0715275320436992,0.0018063763525562,0.1274418459736752,0.0643613501126052,0.0,0.0,0.1518496370185982,0.0505454918712505,0.2566777285756423,0.1630018955450383,0.0315272148927176,4,0.2727759619710843,0.0,0.0,1.0,0.06369171605985376,0.11857299932367116,5.551115123125783e-17,0.07370446357380821,0.06204986097243831,0.04212331916879421,5.551115123125783e-17,3.180554681463517e-18,-0.06993412047411107,-0.021759707797921746,0.02863829239459087,0.07441848160259223,0.10682743145210094,0.11857299932367116,0.10682743145210094,0.07441848160259223,0.02863829239459087,-0.021759707797921857,-0.06993412047411102,CORRECTABLE,0
100058,1,0.0,0.0,0.0,0.149775423738061,0.0,0.0,2.585917107881027e-18,-0.149775423738061,0.149775423738061,0.1053816204030388,1.1005319596305299e-16,1,0.2727759619710843,0.0,0.0,1.0,0.0,0.0,0.0,0.0,0.0,0.0,0.0,0.0,0.0,0.0,0.0,0.0,0.0,0.0,0.0,0.0,0.0,0.0,0.0,CORRECTABLE,0
100058,2,0.0388888801089876,-0.0149483650409849,0.0,0.0645661075626442,0.0761333761818857,0.0,0.0268957944089363,-0.150531626485426,0.1997735574984249,0.1019619582021395,0.2608981936747991,4,0.2727759619710843,0.0,0.0,1.0,0.09437487644634107,0.14977542373806102,1.1102230246251565e-16,0.10538162040303878,0.08378325209562452,3.572499831714613e-18,-1.1102230246251565e-16,-6.361109362927034e-18,0.0,0.14244489272695077,-0.08803578522908823,-0.08803578522908828,0.14244489272695077,5.551115123125783e-17,-0.14244489272695077,0.08803578522908839,0.08803578522908834,-0.1424448927269507,-1.1102230246251565e-16,CORRECTABLE,0
100058,3,0.0,0.0,0.1485402489607543,0.0,0.0,0.0,0.0936196849540914,0.0,0.1485402489607543,0.104512554462413,1.8190934043433868e-17,1,0.2727759619710843,0.0,0.0,1.0,0.1352280364677974,0.23337487534617662,1.3877787807814457e-16,0.15148098159995113,0.12572897170418734,-0.011993085700051337,-1.3877787807814457e-16,-7.951386703658792e-18,-5.551115123125783e-17,0.18595087976543823,-0.1477089341099398,-0.14046821975740661,0.1993759024835225,5.551115123125783e-17,-0.20832591762891212,0.1115053623472737,0.1042646479947403,-0.22175094034699624,-1.942890293094024e-16,CORRECTABLE,0
100058,4,0.0,-0.0317857913498845,0.3261766640301726,0.1190213440898524,0.0,0.0,0.2055776581736398,-0.2957876554316346,0.4812372255439162,0.3045618858758189,0.5547667713202236,3,0.2727759619710843,0.0,0.0,1.0,0.1507431543445039,0.36085450129782437,0.0,0.18129372846039393,0.17160866953873785,0.08762314210406583,0.0,0.0,0.0059965428500255435,0.2378488838930226,-0.054402623548930384,-0.014300091149445082,0.34664261703977783,0.15453679181078,-0.061059203072656665,0.23767349095523516,0.1975709585557497,-0.1698529362194119,0.0059965428500255435,DIFFICULT,1
100058,5,-0.270356093006887,-0.0043134313656973,0.1407739688796997,0.0182454356626773,0.0,0.0,-0.1816312207351525,-0.3079978827731068,-0.1097726783989983,0.1889940886339683,0.0752835795324397,4,0.2727759619710843,0.0,0.0,1.0,0.30698498035277466,0.7517586372336584,1.1102230246251565e-16,0.37422391669158916,0.35504547694508887,0.2493892292256727,-1.1102230246251565e-16,-6.361109362927034e-18,-0.03781502820200733,0.4080274700697024,0.023548647393885735,0.13581181140341614,0.7262395126519173,0.4369018847889197,0.09214564278975929,0.5277033750361828,0.4154402110266522,-0.2260663997924556,-0.03781502820200744,DIFFICULT,1
100059,1,0.0,0.0,0.0,0.0,0.2651174370331472,0.0,-0.0417632358155293,-0.0767633373145754,0.0,0.0495877653294382,3.246752206607937e-17,1,0.2727759619710843,0.0,0.0,1.0,0.0,0.0,0.0,0.0,0.0,0.0,0.0,0.0,0.0,0.0,0.0,0.0,0.0,0.0,0.0,0.0,0.0,0.0,0.0,CORRECTABLE,0
100059,2,0.5185149023836471,0.0,0.1743638205055955,0.0,0.0,0.0,0.6284102745627965,0.5185149023836471,0.6928787228892426,0.630772021159052,0.0,2,0.2727759619710843,0.0,0.0,1.0,0.04176323581552932,0.07676333731457541,5.551115123125783e-17,0.04958776532943829,0.040516748471975256,-0.04176323581552932,-5.551115123125783e-17,-3.180554681463517e-18,0.0,-0.06233284784546492,-0.0756424998221534,-0.050428333214768944,-0.01558321196136625,0.0,-0.01558321196136625,-0.05042833321476897,-0.07564249982215343,-0.062332847845464945,-5.551115123125783e-17,CORRECTABLE,0
100059,3,-0.3881472322728387,-0.053799170779265,0.0,0.0,0.0,0.0,-0.3881472322728386,-0.8576337027206227,0.0813392381749453,0.4749739356411687,0.938972940895568,2,0.2727759619710843,0.0,0.0,1.0,0.08901375427138478,0.19524543841336017,0.0,0.11201349029950267,0.09647910683537374,0.08901375427138478,0.0,0.0,0.02088161790776466,0.01243015380267165,0.04772760031217205,0.11151657868616538,0.17112825364436346,0.19524543841336017,0.17112825364436346,0.11151657868616538,0.04772760031217227,0.01243015380267165,0.02088161790776466,HIGHLY_CORRECTABLE,0
100059,4,0.0,0.0,0.0417959041227276,0.0,0.0,-0.0528398888778179,0.0106062594650235,-0.0110439847550902,0.0235579517690429,0.0150848432840572,5.1177730673104834e-18,1,0.2727759619710843,0.0,0.0,1.0,0.06451240078380363,0.15073856127766774,0.0,0.08126767913483145,0.07270205653192455,0.04450687713569231,0.0,0.0,-0.023625259227927797,-0.03207672333302075,0.0032207231764796174,0.06700970155047295,0.126621376508671,0.15073856127766774,0.12662137650867106,0.06700970155047292,0.003220723176479867,-0.03207672333302075,-0.023625259227927797,HIGHLY_CORRECTABLE,0
100059,5,0.0,-0.0114707842513214,0.0,0.0,0.0,0.0,-2.0610575952199687e-18,-0.1001014778231326,0.1001014778231326,0.058368690178961,0.2002029556462653,1,0.2727759619710843,0.0,0.0,1.0,0.07665247525400869,0.17028102683254923,0.0,0.09383933985421644,0.08346398461138901,0.0485959242154568,0.0,0.0,-0.045878697795773915,-0.041414517231678105,0.005534300658202929,0.07856985971317937,0.14411820491119243,0.17028102683254923,0.14411820491119248,0.07856985971317937,0.005534300658203206,-0.041414517231678105,-0.045878697795773915,HIGHLY_CORRECTABLE,0
100060,1,0.0,-0.0220054657212801,0.0,0.0,0.0,0.0,-2.748076793626625e-18,-0.1920339245777301,0.1920339245777301,0.1119740576391094,0.3840678491554602,1,0.2727759619710843,0.0,0.0,1.0,0.0,0.0,0.0,0.0,0.0,0.0,0.0,0.0,0.0,0.0,0.0,0.0,0.0,0.0,0.0,0.0,0.0,0.0,0.0,HIGHLY_CORRECTABLE,0
100060,2,0.0,0.0,0.1114428008367533,0.0,0.0,0.0,0.0702384705676302,0.0,0.1114428008367533,0.0784108810466065,1.3647806933274589e-17,1,0.2727759619710843,0.0,0.0,1.0,0.0,0.0,0.0,0.0,0.0,0.0,0.0,0.0,0.0,0.0,0.0,0.0,0.0,0.0,0.0,0.0,0.0,0.0,0.0,HIGHLY_CORRECTABLE,0
100060,3,0.2310842913153387,0.0578155451478504,0.0,0.0,0.1486214751582266,0.0,0.2076723506156072,-0.2734516907611909,0.7356202733918685,0.3604187282366769,1.0090719641530594,3,0.2727759619710843,0.0,0.0,1.0,0.07023847056763023,0.11144280083675329,0.0,0.07841088104660654,0.06234546952597571,0.07023847056763023,0.0,0.0,0.0,0.0344377193592994,0.06550443480601087,0.09015911977767604,0.10598840192997722,0.11144280083675329,0.10598840192997722,0.09015911977767604,0.06550443480601087,0.0344377193592994,0.0,CORRECTABLE,0
100060,4,0.0,-0.0398313406707831,0.0,0.0,0.0,0.0,2.1984614349013e-18,-0.3475940760901797,0.3475940760901797,0.2026804336615034,0.6951881521803595,1,0.2727759619710843,0.0,0.0,1.0,0.03817142206887484,0.07632356555293829,1.6653345369377348e-16,0.04372055547563594,0.038720551834107574,0.011707294584083656,-1.6653345369377348e-16,-9.541664044390551e-18,-0.03511923528381505,-0.03562452043329875,-0.012019027200993099,0.02677040001173503,0.06213341551896645,0.07632356555293829,0.06213341551896645,0.02677040001173503,-0.012019027200993015,-0.03562452043329867,-0.03511923528381522,HIGHLY_CORRECTABLE,0
100060,5,-0.3005844042109369,0.0,0.0,0.0,0.0,-0.0561199872956066,-0.3172974751920213,-0.3567043915065436,-0.3005939365654677,0.3179018713973859,0.0,1,0.2727759619710843,0.0,0.0,1.0,0.0380103650341924,0.07046991826089649,1.6653345369377348e-16,0.042528712786061074,0.03679695626713283,0.005853647292041857,-1.6653345369377348e-16,-9.541664044390551e-18,-0.04097288257585685,-0.04147816772534052,-0.017872674493034868,0.020916752719693177,0.056279768226924654,0.07046991826089649,0.056279768226924654,0.020916752719693232,-0.017872674493034812,-0.041478167725340465,-0.04097288257585702,HIGHLY_CORRECTABLE,0
100061,1,0.0,0.0411666863968187,0.0,0.0958699038994147,0.0,0.0,9.89307645705585e-18,-0.3592471716987539,0.3592471716987538,0.2030150602788136,0.7184943433975077,2,0.170950396620495,0.0,0.0,1.0,0.0,0.0,0.0,0.0,0.0,0.0,0.0,0.0,0.0,0.0,0.0,0.0,0.0,0.0,0.0,0.0,0.0,0.0,0.0,HIGHLY_CORRECTABLE,0
100061,2,0.0,0.0,0.0,0.0,0.0760142381602438,0.0,-0.0119743182083763,-0.0220095164991947,0.0,0.0142177604225818,9.309059345256721e-18,1,0.170950396620495,0.0,0.0,1.0,0.060408511020160434,0.09586990389941472,0.0,0.06745382899715721,0.053628907375588265,2.748076793626625e-19,0.0,0.0,0.0,0.0911776968201285,-0.05635091565077263,-0.05635091565077263,0.0911776968201285,2.7755575615628914e-17,-0.09117769682012852,0.05635091565077266,0.05635091565077266,-0.0911776968201285,0.0,HIGHLY_CORRECTABLE,0
100061,3,0.0,0.0,0.1948781177346289,0.0,0.0,0.0,0.1228248108806028,0.0,0.1948781177346289,0.1371157651597456,2.3865686310757432e-17,1,0.170950396620495,0.0,0.0,1.0,0.06102380381423362,0.11487346343947566,0.0,0.06893593952222353,0.05966277412833513,-0.011974318208376291,0.0,0.0,0.0,0.0733056775581929,-0.0780390666108261,-0.07080968295747495,0.08670969200464457,2.7755575615628914e-17,-0.09564570163561242,0.041892148344070346,0.03466276469071916,-0.10904971608206412,0.0,CORRECTABLE,0
100061,4,0.0,-0.0036347495255187,0.0,0.0,0.0,0.0,-6.183172785659906e-19,-0.0317191733953521,0.0317191733953521,0.0184952974212555,0.0634383467907043,1,0.170950396620495,0.0,0.0,1.0,0.12617837860102366,0.28749393787643907,2.7755575615628914e-17,0.14924548303675406,0.13902624324691423,0.11683765177641475,2.7755575615628914e-17,1.5902773407317584e-18,0.0059871591041882055,0.13951348687418322,0.042494576092293235,0.09283718522582987,0.27803695486368574,0.20086527683881714,0.09568156122342877,0.2055390165273752,0.15519640739383853,-0.042841906766073745,0.005987159104188233,CORRECTABLE,0
100061,5,0.6451241173021257,0.0,0.0,0.1040404923969429,0.0,-0.1522561237650733,0.5997807819519831,0.4159169530332546,0.748626250634688,0.6065652835004428,1.1102230246251563e-16,2,0.170950396620495,0.0,0.0,1.0,0.09075647986423134,0.22907511198823194,1.6930901125533637e-15,0.10970841605093022,0.10692031916083253,0.05841882588820746,-1.6930901125533637e-15,-9.700691778463726e-17,-0.05243166678401823,0.08109466098597662,-0.01592424979591356,0.03441835933762294,0.21961812897547864,0.14244645095060982,0.037262735335221314,0.14712019063916756,0.0967775815056307,-0.10126073265428173,-0.05243166678401992,CORRECTABLE,0
100062,1,0.0,0.0,0.0,0.1217708971402185,0.0,0.0,2.2743892666583213e-18,-0.1217708971402185,0.1217708971402185,0.0856777042474626,8.947580364724211e-17,1,0.170950396620495,0.0,0.0,1.0,0.0,0.0,0.0,0.0,0.0,0.0,0.0,0.0,0.0,0.0,0.0,0.0,0.0,0.0,0.0,0.0,0.0,0.0,0.0,CORRECTABLE,0
100062,2,0.0,0.0281953220491308,0.0,0.0,0.0,0.0,4.3969228698026e-18,-0.2460506215702453,0.2460506215702453,0.1434709338072886,0.4921012431404907,1,0.170950396620495,0.0,0.0,1.0,0.07672896584466714,0.1217708971402185,8.326672684688674e-17,0.08567770424746267,0.06811772932021198,2.7480767936266252e-18,-8.326672684688674e-17,-4.7708320221952755e-18,0.0,0.11581100522031168,-0.07157513749744411,-0.07157513749744415,0.11581100522031168,5.551115123125783e-17,-0.11581100522031171,0.07157513749744426,0.07157513749744418,-0.11581100522031167,-8.326672684688674e-17,HIGHLY_CORRECTABLE,0
100062,3,0.2878776679107694,0.0,0.2528393456433593,0.1463423605284603,-0.0394658795941622,0.0,0.4534503521388588,0.2085137304837864,0.6803482144800903,0.471472603667263,5.551115123125783e-17,4,0.170950396620495,0.0,0.0,1.0,0.07672896584466701,0.12177089714021894,1.7208456881689926e-15,0.08567770424746252,0.06811772932021255,1.09923071745065e-18,1.7208456881689926e-15,9.859719512536902e-17,-8.881784197001252e-16,0.11581100522031096,-0.07157513749744462,-0.07157513749744451,0.11581100522031151,5.551115123125783e-17,-0.11581100522031153,0.0715751374974446,0.07157513749744471,-0.11581100522031096,8.326672684688674e-16,DIFFICULT,1
100062,4,-0.5678515038161486,0.0,0.385013778019962,0.2085902087147422,0.0,0.0,-0.3251908858799504,-0.6859003140339512,0.0132449619622478,0.3765480632126154,1.1102230246251563e-16,3,0.170950396620495,0.0,0.0,1.0,0.2117496453149566,0.5140011566599487,1.6653345369377348e-15,0.26280787550537776,0.24400602814300984,0.1655726842280894,1.6653345369377348e-15,9.54166404439055e-17,-8.881784197001252e-16,0.34240150025903676,0.0022825043545083856,0.05446516506224691,0.4977751142602577,0.25283934564335947,-0.01220660736157897,0.3696512026657303,0.31746854195799207,-0.16758022136279882,7.771561172376096e-16,DIFFICULT,1
100062,5,0.0,0.0159606660179249,0.0,0.0,0.0,0.0,1.3740383968133126e-18,-0.1392830900147292,0.1392830900147292,0.0812152997641293,0.2785661800294584,1,0.170950396620495,0.0,0.0,1.0,0.4147913704595772,1.0123112803243002,1.5543122344752192e-15,0.5076589127404739,0.478896686509211,0.32544696005024293,1.5543122344752192e-15,8.905553108097847e-17,-0.08278634211404567,0.5769720358551855,0.023195334434870873,0.16055526397972059,0.9795397118290352,0.5550667815492768,0.07279583574015513,0.720953798493473,0.5835938689486233,-0.32977184023369327,-0.08278634211404412,DIFFICULT,1
100063,1,-0.0782375103606537,0.0,0.0,0.0,0.0,0.0,-0.0782375103606537,-0.0782375103606537,-0.0782375103606537,0.0782375103606537,0.0,1,0.170950396620495,0.0,0.0,1.0,0.0,0.0,0.0,0.0,0.0,0.0,0.0,0.0,0.0,0.0,0.0,0.0,0.0,0.0,0.0,0.0,0.0,0.0,0.0,HIGHLY_CORRECTABLE,0
100063,2,0.0,0.0346962863391638,0.0,0.0,0.0,0.0,2.1984614349013e-18,-0.3027822544274905,0.3027822544274905,0.1765508760179507,0.605564508854981,1,0.170950396620495,0.0,0.0,1.0,0.0,0.0,0.0,0.0,0.0,0.0,0.0,0.0,0.0,0.0,0.0,0.0,0.0,0.0,0.0,0.0,0.0,0.0,0.0,HIGHLY_CORRECTABLE,0
100063,3,0.0,0.0,0.3921832637558187,0.1945500385946413,0.2325361748906275,0.0,0.2105484948301579,-0.1454596707600443,0.565066231355349,0.2837380852486947,1.23401919586158e-16,3,0.170950396620495,0.0,0.0,1.0,0.0,0.0,0.0,0.0,0.0,0.0,0.0,0.0,0.0,0.0,0.0,0.0,0.0,0.0,0.0,0.0,0.0,0.0,0.0,DIFFICULT,1
100063,4,0.0,0.0073047814827116,0.0,0.0,-0.1222853208115154,0.0,0.0192632772366098,-0.0637462443514,0.080256969441516,0.0436435828156694,0.1274924887028,2,0.170950396620495,0.0,0.0,1.0,0.23617400166032906,0.5650662313553487,1.1102230246251565e-16,0.2837380852486947,0.2687458784295728,0.21054849483015795,-1.1102230246251565e-16,-6.361109362927034e-18,0.0,0.2515468416708019,0.04981938179151363,0.15869827288821187,0.5443483971052581,0.39218326375581875,0.17429223320344361,0.38740555992593534,0.27852666882923693,-0.1185093222310125,-1.1102230246251565e-16,CORRECTABLE,0
100063,5,0.0,0.0,0.1290576327050314,0.0,-0.1366255996806664,0.0,0.1028627411620141,0.0,0.1315710575377382,0.1097413563654981,3.2536812012826735e-17,2,0.170950396620495,0.0,0.0,1.0,0.18561451441990173,0.46450489614744206,1.582067810090848e-15,0.22425433509283088,0.21746125667948668,0.12453752465168892,1.582067810090848e-15,9.064580842171023e-17,-0.10527424741507976,0.1750235975136673,-0.020564790262055266,0.07668407571413965,0.4462619005046653,0.28690901634073984,0.07620573660285113,0.3053913627518638,0.20814249677566904,-0.19503256638814565,-0.10527424741507818,DIFFICULT,1
100064,1,0.3746108702908832,0.0,0.145292868104384,0.0,-0.1352909979817061,0.0,0.4874958720490164,0.3746108702908832,0.5208143299567923,0.4893931985444336,0.0,3,0.170950396620495,0.0,0.0,1.0,0.0,0.0,0.0,0.0,0.0,0.0,0.0,0.0,0.0,0.0,0.0,0.0,0.0,0.0,0.0,0.0,0.0,0.0,0.0,CORRECTABLE,0
100064,2,-0.1164220540352924,-0.0012978207107352,0.1075035996341798,0.0,-0.0891534714268572,-0.050810029211672,-0.0497539314338146,-0.1277563067113787,-0.0181407822002183,0.0557914249769242,0.0226512445067769,4,0.170950396620495,0.0,0.0,1.0,0.1128850017581332,0.14620345966590909,0.0,0.12081598047714619,0.08980813647492732,0.1128850017581332,0.0,0.0,0.0,0.0767067867583634,0.12400182070300525,0.14327827650323954,0.1461339343200444,0.14529286810438402,0.1461339343200444,0.14327827650323954,0.12400182070300525,0.0767067867583634,0.0,CORRECTABLE,0
100064,3,0.0,0.0,0.0,0.1041852266493491,0.0,0.0,9.595869801677282e-19,-0.1041852266493491,0.1041852266493491,0.073304469667651,7.655406260074017e-17,1,0.170950396620495,0.0,0.0,1.0,0.14370733693222754,0.1971737419677884,1.3877787807814457e-17,0.15724734983800867,0.11798905865380564,0.13824233796744564,-1.3877787807814457e-17,-7.951386703658792e-19,-0.05644250087906651,0.07444596340089286,0.15618534724251804,0.19076601267487414,0.1971737419677884,0.19635396685949733,0.1971737419677884,0.19076601267487414,0.1561853472425181,0.07444596340089286,-0.05644250087906652,CORRECTABLE,0
100064,4,0.0,0.0,0.0,0.1182581403270768,0.0,0.1708632600260126,0.0508847191613276,-0.1176510230369132,0.2586741446935873,0.1143295130615081,8.689541599292415e-17,1,0.170950396620495,0.0,0.0,1.0,0.10604716355429863,0.23192052870653954,8.326672684688674e-17,0.1255669793349492,0.1139470056117464,0.06912116898372299,-8.326672684688674e-17,-4.7708320221952755e-18,-0.12556366986278922,0.10441083312372115,0.025825638527559175,0.06040630395991528,0.22713861169061664,0.12723279787577466,0.02896653427751475,0.18288338342238772,0.1483027179900316,-0.09376124428938076,-0.1255636698627893,CORRECTABLE,0
100064,5,0.0,0.0,0.0,0.0726443796124908,0.0,0.0,1.6184377259011052e-18,-0.0726443796124908,0.0726443796124908,0.0511124071338038,5.337822418108926e-17,1,0.170950396620495,0.0,0.0,1.0,0.15282152582055303,0.3153847291153222,1.3877787807814457e-16,0.17693442028090986,0.15815531850885362,0.034560584491861675,-1.3877787807814457e-16,-7.951386703658792e-18,-0.16012425435465055,0.18232042359487288,-0.07824533681209164,-0.043664671379735565,0.3050482021617683,0.09267221338391335,-0.11806422517735965,0.21783318977831606,0.18325252434595987,-0.24079200374425508,-0.1601242543546507,CORRECTABLE,0
100065,1,0.0,0.0,0.0,0.0415157937190817,0.0,0.0402720630492777,0.0119934069969038,-0.0413457770033269,0.0741829028253772,0.0345657180096246,3.0505044562416366e-17,1,0.170950396620495,0.0,0.0,1.0,0.0,0.0,0.0,0.0,0.0,0.0,0.0,0.0,0.0,0.0,0.0,0.0,0.0,0.0,0.0,0.0,0.0,0.0,0.0,HIGHLY_CORRECTABLE,0
100065,2,0.0,0.0,0.1852888369058463,0.0,0.0,-0.1157372008206631,0.0823133755547733,-1.965873628591841e-05,0.1213769781745114,0.0889930020580404,2.26903185910482e-17,1,0.170950396620495,0.0,0.0,1.0,0.02615948468062629,0.041515793719081706,2.7755575615628914e-17,0.029210410528275152,0.02322362457273992,8.244230380879875e-19,-2.7755575615628914e-17,-1.5902773407317584e-18,0.0,0.03948386614569807,-0.024402371285292712,-0.024402371285292712,0.03948386614569804,2.7755575615628914e-17,-0.03948386614569807,0.02440237128529274,0.024402371285292712,-0.03948386614569807,-2.7755575615628914e-17,CORRECTABLE,0
100065,3,-0.1929210376159068,0.0,0.0,0.0,0.0,0.0,-0.1929210376159069,-0.1929210376159068,-0.1929210376159068,0.1929210376159068,0.0,1,0.170950396620495,0.0,0.0,1.0,0.06859862013656697,0.14916670212059754,0.04313109883568558,0.08198575863120444,0.08646750219097547,0.05357838137119391,0.04313109883568558,0.002471229927514,-0.08168703878655578,0.01932907521839336,0.010993780471520637,0.0541722120946139,0.14395598721555755,0.11481714722124092,0.07361447469129853,0.12022939419947357,0.0856771823435174,-0.025133778004454294,-0.0385559399508702,CORRECTABLE,0
100065,4,0.0,0.0,0.0,0.0432889572491295,0.0,0.0,1.093456586831231e-18,-0.0432889572491295,0.0432889572491295,0.0304580040344221,3.180820976014385e-17,1,0.170950396620495,0.0,0.0,1.0,0.056505789201041025,0.12397815299976102,0.021565549427872324,0.06740819718876333,0.06735566720747864,0.02678919068559702,0.021565549427872324,0.0012356149649063008,-0.09769345476824604,0.0011661042959217622,-0.009325745391732285,0.03169613129057965,0.11932335147074198,0.08802795653564403,0.04466872906492031,0.08912709363231403,0.05241832683557653,-0.060549188453176486,-0.07612790534037371,CORRECTABLE,0
100065,5,0.3032616224928541,0.0,0.0,0.0,0.0,0.0687468916698944,0.3237351068177125,0.3032732996113971,0.3720085141627485,0.3246236680967909,0.0,1,0.170950396620495,0.0,0.0,1.0,0.06698903860221558,0.15464971601439714,0.010782774715190721,0.08173762958887221,0.07790022175842826,0.013394595342798611,0.010782774715190721,0.0006178074825968628,-0.10569666275470366,0.03325486371360292,-0.044930118978883854,-0.00498651976784012,0.14817727847461865,0.07463336119284564,-0.010974388624553189,0.09902055400513704,0.06123350973713132,-0.11942713855645445,-0.09491388803951294,CORRECTABLE,0
100066,1,0.0,0.049653497985917,0.0,0.0,0.0,0.0,1.2091537891957149e-17,-0.4333086209685307,0.4333086209685307,0.2526601724489258,0.8666172419370615,1,0.170950396620495,0.0,0.0,1.0,0.0,0.0,0.0,0.0,0.0,0.0,0.0,0.0,0.0,0.0,0.0,0.0,0.0,0.0,0.0,0.0,0.0,0.0,0.0,HIGHLY_CORRECTABLE,0
100066,2,0.0,0.0,0.0,0.0621420829931408,0.0,0.0,1.1967543750082574e-18,-0.0621420829931408,0.0621420829931408,0.0437230170183999,4.566126181793948e-17,1,0.170950396620495,0.0,0.0,1.0,0.0,0.0,0.0,0.0,0.0,0.0,0.0,0.0,0.0,0.0,0.0,0.0,0.0,0.0,0.0,0.0,0.0,0.0,0.0,HIGHLY_CORRECTABLE,0
100066,3,0.7519161063729389,0.0277951934009175,0.0,0.0,-0.2485634400580494,0.0,0.7910716356298305,0.5093572668077708,1.0060249695282475,0.8040065080538646,0.4851176791303362,3,0.170950396620495,0.0,0.0,1.0,0.039156299867009546,0.06214208299314081,5.551115123125783e-17,0.04372301701839989,0.03476181655988511,2.610672953945294e-18,-5.551115123125783e-17,-3.180554681463517e-18,0.0,0.05910063296678081,-0.03652619993010306,-0.03652619993010309,0.05910063296678081,2.7755575615628914e-17,-0.05910063296678081,0.03652619993010314,0.03652619993010309,-0.05910063296678078,-5.551115123125783e-17,CORRECTABLE,0
100066,4,0.3172196342592621,-0.0282211786178219,0.0,0.1656834781322333,0.0,0.0,0.3172196342592621,-0.0550561787047678,0.6894954472232919,0.3786651749643818,0.4925525255068021,3,0.170950396620495,0.0,0.0,1.0,0.11077027343165152,0.23171929249797873,0.2521819001334963,0.12477253851416945,0.19087869367035493,-0.06977754519560884,0.2521819001334963,0.014448958240941697,-0.19240575201037446,-0.05017538916037789,-0.1138431037435198,-0.1416775887700399,-0.11898100212404117,-0.209477919217123,-0.18674588803090342,0.0322475711435648,0.11051843619678436,0.033368865012857185,0.05977614812312182,CORRECTABLE,0
100066,5,0.0314673817543319,0.025699875508617,0.0,0.0,0.0,0.0,0.0314673817543319,-0.1928063557755822,0.2557411192842461,0.1345056031992325,0.4485474750598284,2,0.170950396620495,0.0,0.0,1.0,0.14641819480618853,0.3566204507730907,0.12609092931184468,0.17400690073937464,0.20613956254127463,-0.03488877259780436,0.12609092931184468,0.007224478046163964,-0.09447149400174426,0.19272412328619315,-0.13851334489386902,-0.17895692700255428,0.0860912190760344,-0.17458914661931846,-0.3220405640353702,0.13930445457168833,0.20496622254274272,-0.13975310223810503,0.03161943531010042,CORRECTABLE,0
100067,1,0.0194945998390545,0.0048978818529417,0.0,0.0403241529247144,0.1245251173167899,0.0,-0.0001215065085913,-0.0746538271685528,0.0622366822969249,0.0349680492194111,0.0854841649157407,4,0.170950396620495,0.0,0.0,1.0,0.0,0.0,0.0,0.0,0.0,0.0,0.0,0.0,0.0,0.0,0.0,0.0,0.0,0.0,0.0,0.0,0.0,0.0,0.0,CORRECTABLE,0
100067,2,0.0,0.0,0.2620797441938411,0.0,0.0,0.0,0.1651796281205836,0.0,0.2620797441938411,0.1843986645383296,3.2095511984834467e-17,1,0.170950396620495,0.0,0.0,1.0,0.029748704372377477,0.07192254412951479,2.7755575615628914e-17,0.036707660082936196,0.03417214055886131,-0.01961610634764597,-2.7755575615628914e-17,-1.5902773407317584e-18,0.0,0.009072937403612258,-0.05923106968029898,-0.04738802725364383,0.03103114565325199,2.7755575615628914e-17,-0.04566995115301181,1.5857547023268026e-05,-0.011827184879631941,-0.06762815940265157,-2.7755575615628914e-17,CORRECTABLE,0
100067,3,-0.2580290420532871,-0.0360139175627705,0.1672250668843403,0.1503154790024564,0.0,0.0,-0.1526329747404124,-0.6392707701428875,0.1975728454346982,0.2840713725567839,0.6285615207915081,4,0.170950396620495,0.0,0.0,1.0,0.1553715749467606,0.30098158381711254,0.0,0.1802264927280193,0.15492859690196387,0.1553715749467606,0.0,0.0,0.009808053173822995,0.0998680854147711,0.10462359205524774,0.1744469928544356,0.2900918473315945,0.27188779736766416,0.21339075052533074,0.2218508776551027,0.15202747685591478,0.0231669886085073,0.009808053173822995,DIFFICULT,1
100067,4,0.0,-0.0075239745947511,0.0890307675542564,0.0079211485178677,0.0,0.0,0.0561129557003276,-0.0656590651348246,0.1053385645746594,0.0743625576590721,0.1313181302696492,3,0.170950396620495,0.0,0.0,1.0,0.22198830500611672,0.5334038902404965,1.1102230246251565e-16,0.26604019520134764,0.2532216780941188,0.18308185478625483,-1.1102230246251565e-16,-6.361109362927034e-18,-0.0678777342995574,0.21681620129945262,0.03687701096118223,0.1436959046270509,0.5144050652117723,0.3614270767786241,0.15178693679488162,0.3678062329255638,0.260987339259695,-0.14580192711743806,-0.06787773429955751,DIFFICULT,1
100067,5,0.0,0.0,0.024878448961038,0.1237475981148812,0.0,0.0,0.0156800097628367,-0.1173163918324942,0.147600257236111,0.0888106375248977,8.788152867134876e-17,2,0.170950396620495,0.0,0.0,1.0,0.21816308739900392,0.536002183063461,1.1102230246251565e-16,0.2627986789067418,0.2525294490294137,0.147653883093455,-1.1102230246251565e-16,-6.361109362927034e-18,-0.15941866169268482,0.1603207540172959,-0.006988878543295052,0.11952644692754155,0.5150708893663394,0.35891691693975303,0.13738584112052915,0.3529486437860966,0.22643331831525973,-0.21736429422851433,-0.15941866169268493,DIFFICULT,1
100068,1,-0.1182877654341326,0.0181405049594848,0.0,0.1419389052854487,-0.0481269545121583,0.0,-0.1107064559100698,-0.3275432288937069,0.1159443312451541,0.1614517781695512,0.3166115500967206,4,0.170950396620495,0.0,0.0,1.0,0.0,0.0,0.0,0.0,0.0,0.0,0.0,0.0,0.0,0.0,0.0,0.0,0.0,0.0,0.0,0.0,0.0,0.0,0.0,CORRECTABLE,0
100068,2,0.0,0.0,0.2090182866559421,0.080260721777049,-0.0695742178173934,0.0,0.1426967002572184,-0.0225597969876206,0.2852353492038454,0.1660719821405991,2.4856879725940135e-17,3,0.170950396620495,0.0,0.0,1.0,0.08953612263689428,0.15397064391348828,1.249000902703301e-16,0.10027273382179305,0.08307930334729412,0.007581309524062809,-1.249000902703301e-16,-7.156248033292912e-18,1.3877787807814457e-17,0.14630724642752554,-0.06969815914385631,-0.07427530451367918,0.13782075219752632,5.551115123125783e-17,-0.13216308937752688,0.09258388599297077,0.09716103136279355,-0.12367659514752764,-1.1102230246251565e-16,CORRECTABLE,0
100068,3,0.0,0.0118834881926153,0.0,0.0,0.0,0.0,1.5114422364946438e-18,-0.1037029992785093,0.1037029992785093,0.0604687200144165,0.2074059985570187,1,0.170950396620495,0.0,0.0,1.0,0.17932186673559777,0.42495834269330535,8.326672684688674e-17,0.22319772477794053,0.20360383530646503,0.14648735501924978,-8.326672684688674e-17,-4.7708320221952755e-18,-0.0037906547620314424,0.29979715649506855,0.022043687817428048,0.05709112080945619,0.4132402533503766,0.20522763189391077,-0.009408553121906194,0.31830244851390366,0.2832550155218755,-0.12285164997721415,-0.0037906547620315256,CORRECTABLE,0
100068,4,0.0,0.0,0.3188042150329541,0.0,0.0,0.0,0.2009310633463882,0.0,0.3188042150329541,0.2243098629468545,3.904225614947917e-17,1,0.170950396620495,0.0,0.0,1.0,0.15531111066171546,0.3517146651836803,1.6514567491299204e-15,0.18363909023039582,0.1704716417766588,0.07324367750962489,1.6514567491299204e-15,9.462150177353962e-17,-0.07703433227165722,0.22655347898544292,-0.051199989692197384,-0.016152556700169074,0.3399965758407516,0.13198395438428584,-0.08265223063153093,0.24505877100427914,0.21001133801225114,-0.19609532748683833,-0.07703433227165557,DIFFICULT,1
100068,5,0.0,0.0,0.0,0.0,-0.0556117600057097,0.0,0.0087603707746491,0.0,0.0161020879642924,0.0104016655244573,6.810476388594324e-18,1,0.170950396620495,0.0,0.0,1.0,0.2803527417000179,0.6238812208066185,1.7486012637846216e-15,0.3271221063303846,0.3039823993850299,0.23755290210120072,1.7486012637846216e-15,1.0018747246610078e-16,-0.11365617102646965,0.2884475605541784,0.09956658751803896,0.20514363238504346,0.6065755632153915,0.41416633066242753,0.18392675674310904,0.4663549600894918,0.3607779152224877,-0.13420124591810279,-0.1136561710264679,DIFFICULT,1
100069,1,0.0,0.0,0.261870519276444,0.101760349558243,-0.0568352492616966,0.0,0.1740008647693232,-0.0337999966825093,0.3573933713325296,0.2045538871802722,3.5742091888967764e-17,3,0.170950396620495,0.0,0.0,1.0,0.0,0.0,0.0,0.0,0.0,0.0,0.0,0.0,0.0,0.0,0.0,0.0,0.0,0.0,0.0,0.0,0.0,0.0,0.0,DIFFICULT,1
100069,2,0.3263448847092259,0.0,0.0,0.0,0.0,0.0,0.326344884709226,0.3263448847092259,0.3263448847092259,0.3263448847092258,0.0,1,0.170950396620495,0.0,0.0,1.0,0.17841743131934712,0.3573933713325295,2.7755575615628914e-17,0.2045538871802722,0.1811986295135902,0.1740008647693232,-2.7755575615628914e-17,-1.5902773407317584e-18,0.0,0.19106505286060987,0.11032645675208225,0.16285517451509252,0.34917419946393663,0.26187051927644406,0.15561451236825724,0.28248163999201686,0.22995292222900654,-0.002494634235069376,-2.7755575615628914e-17,CORRECTABLE,0
100069,3,0.549442940789372,0.0,0.1369873124153201,0.1436670642109958,0.0,0.0,0.6357812169182776,0.44012672997956,0.8255101149605126,0.6451908666791663,1.1102230246251563e-16,3,0.170950396620495,0.0,0.0,1.0,0.1172253492675082,0.27039293894786787,5.551115123125783e-17,0.13832955958581414,0.13011844242319423,0.08700043238466156,-5.551115123125783e-17,-3.180554681463517e-18,-0.0870004323846616,0.10406462047594833,0.023326024367420706,0.07585474213043097,0.262173767079275,0.17487008689178252,0.0686140799835957,0.19548120760735532,0.14295248984434505,-0.089495066619731,-0.08700043238466165,CORRECTABLE,0
100069,4,0.0,0.0,0.089503925605037,0.0381850565311748,0.0,0.0,0.0564111705475322,-0.0177795089088964,0.1248017022406055,0.0684664087652362,1.7096854753365238e-17,2,0.170950396620495,0.0,0.0,1.0,0.20420072502876652,0.5029598969266778,2.220446049250313e-16,0.24862181244708376,0.2370103678313417,0.12983849232123623,-2.220446049250313e-16,-1.2722218725854067e-17,-0.1305006485769924,0.23953130942856338,-0.02410045141938255,0.0587342081124651,0.4855917246041561,0.26835718311477175,0.018761042318753196,0.3472514367561479,0.26441677722430024,-0.22729937285683954,-0.13050064857699262,DIFFICULT,1
100069,5,0.0,0.0,0.0,0.0,-0.0054311616360322,0.0,0.0008555562647865,0.0,0.0015725638318712,0.0010158485676675,6.651254713218826e-19,1,0.170950396620495,0.0,0.0,1.0,0.22826638337645916,0.5628423530066653,1.3877787807814457e-16,0.27810282353898685,0.2651429032688361,0.12133041670815035,-1.3877787807814457e-16,-7.951386703658792e-18,-0.19541989473761057,0.23858644418224523,-0.0588552231740562,0.04378054574261395,0.5421119169632778,0.29294186255919064,0.0026489409997295654,0.37718700056025467,0.2745512316435845,-0.3008765317813028,-0.1954198947376107,DIFFICULT,1
100070,1,0.3193947754072857,-0.041832942539534,0.0,0.2384635999202256,0.3110703182589281,0.0,0.270392705977069,-0.2881907033319898,0.8073670304715617,0.4071795985876929,0.7301227128501632,4,0.170950396620495,0.0,0.0,1.0,0.0,0.0,0.0,0.0,0.0,0.0,0.0,0.0,0.0,0.0,0.0,0.0,0.0,0.0,0.0,0.0,0.0,0.0,0.0,CORRECTABLE,0
100070,2,0.0,-0.006231177717278,0.0816316161007334,0.111782452766887,0.0897680592312248,0.0,0.0373086106572082,-0.155101195527442,0.1958695624431552,0.1036261201056218,0.1087545678721727,4,0.170950396620495,0.0,0.0,1.0,0.1546750494412479,0.31623117948495766,2.220446049250313e-16,0.1775842792555194,0.15903029660341367,-0.049002069430216656,-2.220446049250313e-16,-1.2722218725854067e-17,0.0,0.15365534240392154,-0.22891902320352947,-0.19933447788291353,0.20850810605347858,1.1102230246251565e-16,-0.2450766151531834,0.08099629660044921,0.051411751279832996,-0.2999293788027406,-2.220446049250313e-16,CORRECTABLE,0
100070,3,0.5200658538368942,-0.026229780998171,0.0,0.0,0.0,0.0,0.5200658538368942,0.2911678175987249,0.7489638900750635,0.5369195079944036,0.4577960724763385,2,0.170950396620495,0.0,0.0,1.0,0.22398138260384587,0.43767453670808243,3.0531133177191805e-16,0.2526666110811955,0.22376343690169814,0.01280757594209996,-3.0531133177191805e-16,-1.749305074804934e-17,0.024501034715108394,0.2885876273466388,-0.247752554931173,-0.19157105520288153,0.41168041717399373,0.10613265081584194,-0.25452716425547434,0.22016787368339363,0.1639863739551018,-0.37761995408282956,0.02450103471510809,CORRECTABLE,0
100070,4,0.0,0.0051743283965479,0.2982863054618442,0.1055870458599604,-0.0967109384558646,0.0,0.2032339615765694,-0.0451545336723561,0.3907963292162137,0.2339496927406069,0.0903090673447122,4,0.170950396620495,0.0,0.0,1.0,0.22379117107995322,0.43127074873703264,3.885780586188048e-16,0.25242303946771893,0.22176087989186777,0.006403787971050126,-3.885780586188048e-16,-2.2263882770244617e-17,0.01809724674405866,0.282183839375589,-0.25415634290222267,-0.19797484317393121,0.40527662920294394,0.0997288628447921,-0.2609309522265242,0.21376408571234384,0.15758258598405195,-0.3840237420538794,0.01809724674405827,DIFFICULT,1
100070,5,0.0371415065587305,0.0,0.0,0.0,0.0,0.0,0.0371415065587305,0.0371415065587305,0.0371415065587305,0.0371415065587305,0.0,1,0.170950396620495,0.0,0.0,1.0,0.3317274789653469,0.8260899093552984,4.163336342344337e-16,0.4035777216571232,0.387702988661906,0.2064358555620945,-4.163336342344337e-16,-2.3854160110976374e-17,0.014895352758533653,0.49431483631244993,-0.11649918350144073,-0.003525041598027412,0.7918656440859553,0.39481327432111135,-0.07518043334645391,0.5323389040674753,0.41936476216406143,-0.3727312411199595,0.014895352758533237,DIFFICULT,1
100071,1,0.0,0.0,0.169201921627266,0.0,0.0,0.0471352229383833,0.1206793311006171,8.006232317294966e-06,0.2163371445656494,0.1380773316173337,2.0721814021629207e-17,1,0.1918539719833747,0.0,0.0,1.0,0.0,0.0,0.0,0.0,0.0,0.0,0.0,0.0,0.0,0.0,0.0,0.0,0.0,0.0,0.0,0.0,0.0,0.0,0.0,CORRECTABLE,0
100071,2,0.0,-0.0230676058465278,0.0,0.0,0.11083778764965,0.0,-0.017459978169241,-0.201302847163584,0.201302847163584,0.1191954122360075,0.4026056943271681,2,0.1918539719833747,0.0,0.0,1.0,0.10664200920086492,0.16920192162726597,2.7755575615628914e-17,0.11905005662059162,0.09465818491049845,0.10664200920086492,2.7755575615628914e-17,1.5902773407317584e-18,0.0,0.05228626926372312,0.09945439419205382,0.13688723007735618,0.16092059013327323,0.16920192162726597,0.16092059013327323,0.13688723007735618,0.09945439419205382,0.05228626926372315,2.7755575615628914e-17,HIGHLY_CORRECTABLE,0
100071,3,0.0,0.058102006892529,0.0,0.0,0.0,0.0,2.1984614349013002e-17,-0.5070358349473998,0.5070358349473998,0.2956501562541009,1.0140716698947996,1,0.1918539719833747,0.0,0.0,1.0,0.05719969394539232,0.11588091702683356,5.551115123125783e-17,0.06775423046319902,0.058699606337987674,0.03586102643119141,5.551115123125783e-17,3.180554681463517e-18,-0.05332100460043243,-0.027094262127584923,0.014509489532839981,0.06248362543773611,0.10108470383512191,0.11588091702683356,0.10108470383512191,0.06248362543773611,0.014509489532839981,-0.027094262127584895,-0.053321004600432376,HIGHLY_CORRECTABLE,0
100071,4,0.0,0.0,0.0,0.031702826144202,0.0,0.0,5.50842172476153e-19,-0.031702826144202,0.031702826144202,0.0223060306360718,2.3294858736853268e-17,1,0.1918539719833747,0.0,0.0,1.0,0.05297953928250302,0.0979504038112379,0.0,0.06021732170344617,0.05130071509846689,0.017930513215595714,0.0,0.0,-0.07125151781602812,-0.04502477534318061,-0.0034210236827557083,0.04455311222214042,0.08315419061952622,0.0979504038112379,0.08315419061952622,0.04455311222214042,-0.003421023682755764,-0.04502477534318061,-0.07125151781602812,HIGHLY_CORRECTABLE,0
100071,5,0.2858984526739714,0.0163305188779796,0.2407725646866537,0.064525539636615,0.0,0.0,0.4376489163311898,0.1433877873250006,0.593201832973276,0.4519370521983099,0.2850213306979418,4,0.1918539719833747,0.0,0.0,1.0,0.054670100895791655,0.11231357017864421,2.7755575615628914e-17,0.06231017058027298,0.05632611838035806,0.008965256607797924,-2.7755575615628914e-17,-1.5902773407317584e-18,-0.08021677442382591,-0.023838852561562734,-0.031020733954107677,0.016953401950788455,0.1043401134011441,0.08898514720344011,0.04403775462231277,0.05422230927789687,0.006248173373000654,-0.08414121134039407,-0.08021677442382594,CORRECTABLE,0
100072,1,0.0,0.0,0.0,0.0,0.1576437821496812,0.0,-0.0248332004203326,-0.0456449147974692,0.0,0.0294858118815704,1.9305795321508984e-17,1,0.1918539719833747,0.0,0.0,1.0,0.0,0.0,0.0,0.0,0.0,0.0,0.0,0.0,0.0,0.0,0.0,0.0,0.0,0.0,0.0,0.0,0.0,0.0,0.0,CORRECTABLE,0
100072,2,0.1081303159778951,-0.0119859559615678,0.0,0.055733839358821,-0.0160392024825887,0.0,0.110656928346623,-0.03286959480328,0.255003304591533,0.1368441568049577,0.2091943985800101,4,0.1918539719833747,0.0,0.0,1.0,0.024833200420332654,0.04564491479746924,2.7755575615628914e-17,0.02948581188157047,0.024092015753497623,-0.024833200420332654,-2.7755575615628914e-17,-1.5902773407317584e-18,0.0,-0.03706427610527602,-0.044978443880060365,-0.029985629253373586,-0.009266069026319018,0.0,-0.00926606902631899,-0.029985629253373586,-0.04497844388006039,-0.037064276105276045,-2.7755575615628914e-17,HIGHLY_CORRECTABLE,0
100072,3,0.0,-0.0138329946926565,0.1110790925104016,0.1282885212205837,-0.1729956018865547,0.0,0.0972607692616161,-0.173473624871884,0.2952590712112882,0.1640989969087143,0.241431307488694,4,0.1918539719833747,0.0,0.0,1.0,0.037134861376044735,0.07907458002382262,5.551115123125783e-17,0.042889158718333556,0.03915174829179357,-0.009889987841438488,-5.551115123125783e-17,-3.180554681463517e-18,0.012416600210166329,0.03212939787636371,-0.060745116087473794,-0.04727772026451138,0.05709932295198117,0.012416600210166329,-0.048912739248726855,0.018241337392994272,0.004773941570031748,-0.07388266432434434,0.012416600210166273,CORRECTABLE,0
100072,4,-0.2795130665815487,-0.0226155344825206,0.2850379859245804,0.0,0.0,0.0,-0.0998636676549422,-0.4768708462401682,0.0336649724163504,0.1765304303015133,0.3947155593172392,3,0.1918539719833747,0.0,0.0,1.0,0.13340035558156915,0.3098199863996639,5.551115123125783e-17,0.16258252942139287,0.14922435553650923,0.09231577534089687,-5.551115123125783e-17,-3.180554681463517e-18,0.01736159413088556,0.23408305857540002,-0.016556992223595246,0.005031765297922625,0.29986487205161294,0.12844068664128724,-0.05016645829450549,0.2213630245791666,0.19977426705764856,-0.11594827177071847,0.017361594130885505,DIFFICULT,1
100072,5,0.1060297152653719,0.0,0.0,0.077309568597214,-0.0517302364657784,-0.1084742826005178,0.0818739573550232,-0.058812460703162,0.1937776938281377,0.10687651584508,5.551115123125783e-17,3,0.1918539719833747,0.0,0.0,1.0,0.1893738665909548,0.46278241540637094,0.09379583915409911,0.23166312312370027,0.24695194865779746,0.14642489551062146,0.09379583915409911,0.005374105703657947,-0.16094940084164672,0.15330615706981163,-0.0077041168690752115,0.09037676969001798,0.44409913107015453,0.3017934703196391,0.112826968554856,0.3442263646329017,0.2649046459046281,-0.12168850195302752,-0.0671535616875476,DIFFICULT,1
100073,1,0.0,0.0,0.0,0.0,0.173582906153571,-0.1122129303332894,-0.0607621356183802,-0.1122129303332894,-1.906011541362965e-05,0.0670508588346898,2.1257138844293918e-17,1,0.1918539719833747,0.0,0.0,1.0,0.0,0.0,0.0,0.0,0.0,0.0,0.0,0.0,0.0,0.0,0.0,0.0,0.0,0.0,0.0,0.0,0.0,0.0,0.0,CORRECTABLE,0
100073,2,-0.1994252788089919,0.0328504033385487,0.2126686417079105,0.1066670878940021,0.0,0.0,-0.0653877275351311,-0.4860991596544365,0.2009581882051283,0.1893893076454824,0.5733477616908891,4,0.1918539719833747,0.0,0.0,1.0,0.02734404769585225,0.050260002986694835,0.0,0.032467077653851165,0.02652792297014924,-0.02734404769585225,0.0,0.0,0.0,-0.04081178891485496,-0.04952614620444115,-0.03301743080296077,-0.010202947228713746,0.0,-0.010202947228713732,-0.03301743080296077,-0.04952614620444115,-0.040811788914854985,0.0,CORRECTABLE,0
100073,3,0.0,0.0,0.2040440101289773,0.1826968553941145,0.0,0.0,0.1286017498872738,-0.1324462759688078,0.3799699372232084,0.1927036649761845,1.0925528711464931e-16,2,0.1918539719833747,0.0,0.0,1.0,0.13304701605270963,0.3194259576440692,1.1102230246251565e-16,0.1599921871741097,0.15174111082644465,0.12036552742593458,-1.1102230246251565e-16,-6.361109362927034e-18,0.013672023847926096,0.14002488840727081,0.026452027695387292,0.09000979718822222,0.3071754031429785,0.22634066555583662,0.10428254511134132,0.2154044795263812,0.15184671003354622,-0.06286796962436636,0.013672023847925985,DIFFICULT,1
100073,4,0.0,0.0,0.0,0.0502367182062142,0.0,0.0,9.226823664130282e-19,-0.0502367182062142,0.0502367182062142,0.0353464315851998,3.6913341690544674e-17,1,0.1918539719833747,0.0,0.0,1.0,0.25397129821342634,0.6392131311543103,1.1102230246251565e-16,0.3095897968376999,0.29891430849409106,0.1887845136002411,-1.1102230246251565e-16,-6.361109362927034e-18,-0.046510739865041256,0.31665022625377737,-0.021183193286022195,0.08751558802914039,0.6148050597033754,0.3702019119718467,0.06440213201332617,0.4276833048490417,0.31898452353387896,-0.23375270143627172,-0.04651073986504137,DIFFICULT,1
100073,5,0.0,0.0,0.0,0.055066467291035,0.0,0.0,1.3341077953333311e-18,-0.055066467291035,0.055066467291035,0.0387446311829431,4.046218374499109e-17,1,0.1918539719833747,0.0,0.0,1.0,0.24292822249813167,0.5949584618725108,2.7755575615628914e-17,0.29113276233756386,0.2804792815449491,0.09439225680012059,-2.7755575615628914e-17,-1.5902773407317584e-18,-0.14090299666516182,0.2700359276609602,-0.14510385217132823,-0.03640507085616562,0.5681907611105583,0.27580965517172623,-0.07776808299409774,0.3628194501341067,0.254120668818944,-0.3759229164436956,-0.14090299666516184,DIFFICULT,1
100074,1,0.0,0.0,0.0,0.1148616449814875,0.0,0.0,3.423885688311101e-18,-0.1148616449814875,0.1148616449814875,0.080816371392657,8.439896752282704e-17,1,0.1918539719833747,0.0,0.0,1.0,0.0,0.0,0.0,0.0,0.0,0.0,0.0,0.0,0.0,0.0,0.0,0.0,0.0,0.0,0.0,0.0,0.0,0.0,0.0,CORRECTABLE,0
100074,2,0.1136325452611739,0.0165113496760388,0.0,0.0837627656603028,-0.0178526698035396,0.0,0.116444828252763,-0.0389401468877095,0.2754703070616806,0.1468558061834856,0.2881774237723257,4,0.1918539719833747,0.0,0.0,1.0,0.07237538230911174,0.11486164498148752,8.326672684688674e-17,0.08081637139265706,0.06425274532644551,4.671730549165263e-18,-8.326672684688674e-17,-4.7708320221952755e-18,0.0,0.10923991593202423,-0.0675139809741721,-0.06751398097417213,0.10923991593202423,5.551115123125783e-17,-0.10923991593202423,0.06751398097417224,0.06751398097417219,-0.1092399159320242,-8.326672684688674e-17,CORRECTABLE,0
100074,3,0.0,0.0336360642666509,0.0,0.0,0.0,0.0,1.648846076175975e-17,-0.2935300681534239,0.2935300681534239,0.1711559707093277,0.5870601363068478,1,0.1918539719833747,0.0,0.0,1.0,0.12515507381457494,0.20308757809267564,1.6375789613221059e-15,0.13979153451848483,0.11245194902402414,0.002812282991589063,1.6375789613221059e-15,9.382636310317374e-17,-8.604228440844963e-16,0.19310045444598556,-0.11165482993555238,-0.11335271973054448,0.18995239363861577,5.551115123125783e-17,-0.18785368643370223,0.12014427891051344,0.12184216870550574,-0.18470562562633136,7.771561172376096e-16,CORRECTABLE,0
100074,4,0.0,0.0,0.0,0.1902207258570488,0.0,0.0,4.593186611965705e-18,-0.1902207258570488,0.1902207258570488,0.1338388356698335,1.397719218313926e-16,1,0.1918539719833747,0.0,0.0,1.0,0.12519684039365792,0.2016814365968812,1.5543122344752192e-15,0.13977031666743175,0.11204051476390538,0.001406141495794577,1.5543122344752192e-15,8.905553108097847e-17,-0.001406141495795321,0.19169431295019107,-0.11306097143134688,-0.11475886122633895,0.18854625214282128,-0.001406141495794433,-0.18925982792949672,0.11873813741471889,0.12043602720971125,-0.18611176712212585,-0.0014061414957937668,CORRECTABLE,0
100074,5,0.0165573953324606,0.0,0.0,0.0,0.0,0.0,0.0165573953324606,0.0165573953324606,0.0165573953324606,0.0165573953324606,0.0,1,0.1918539719833747,0.0,0.0,1.0,0.2450775581757278,0.3911990917060328,1.4155343563970746e-15,0.2735973099985814,0.2182427259643867,0.0007030707478973926,1.4155343563970746e-15,8.110414437731968e-17,-0.00210921224369251,0.3719019030630342,-0.22557297951838687,-0.22727086931337898,0.3687538422556644,-0.0021092122436915384,-0.3708735595381343,0.22984400400596466,0.23154189380095697,-0.3677254987307633,-0.0021092122436910943,CORRECTABLE,0
100075,1,0.0,0.0,0.0,0.0860554734932567,-0.0361484312720591,0.0004041231425067,0.0058147167712956,-0.0841688949919651,0.0951387167204807,0.0609298964409369,5.880563294004421e-17,2,0.1918539719833747,0.0,0.0,1.0,0.0,0.0,0.0,0.0,0.0,0.0,0.0,0.0,0.0,0.0,0.0,0.0,0.0,0.0,0.0,0.0,0.0,0.0,0.0,CORRECTABLE,0
100075,2,-0.002024583157224,0.0,0.1479273043877731,0.1156119963079411,0.0,0.0,0.0912087844302391,-0.0817350743353595,0.2566391753861984,0.130676677101484,6.678685382510706e-17,3,0.1918539719833747,0.0,0.0,1.0,0.05432434744961807,0.09509258131127152,5.551115123125783e-17,0.06092475175638282,0.05091755380390517,0.005694365019784449,-5.551115123125783e-17,-3.180554681463517e-18,0.0,0.09034262474671645,-0.04026837786384033,-0.0437062979753543,0.0839683703081491,2.7755575615628914e-17,-0.07971886734910424,0.057457978421410066,0.06089589853292396,-0.07334461291053689,-5.551115123125783e-17,CORRECTABLE,0
100075,3,-0.2004706869101477,0.0,0.2738781064533632,0.151115847726549,-0.2545298960282088,0.0,0.0122404422118142,-0.2446573245530693,0.2254303473289926,0.1343161512650614,5.551115123125783e-17,4,0.1918539719833747,0.0,0.0,1.0,0.1456223195357095,0.3430954098736173,5.551115123125783e-17,0.17723039963534823,0.1643383587863329,0.09608055009735553,-5.551115123125783e-17,-3.180554681463517e-18,-0.002847182509892243,0.24316103567528044,-0.02412109886111946,0.005167196278638014,0.33176195702478384,0.14508012187788097,-0.051832365533586805,0.2422415255112018,0.21295323037144417,-0.1404332868830901,-0.0028471825098922987,DIFFICULT,1
100075,4,0.1999687506346957,0.0118619847767258,0.0607932940847846,0.0,-0.1511241026737494,-0.0641117644243024,0.2429976957222146,0.0964425142568591,0.3419094244114501,0.2518274455906167,0.207030693133206,4,0.1918539719833747,0.0,0.0,1.0,0.3093996144695058,0.7209561690640799,8.326672684688674e-17,0.38129527909052696,0.3472362629691284,0.2607514041706397,-8.326672684688674e-17,-4.7708320221952755e-18,-0.050887457558569944,0.4833170292648906,0.07261816617080394,0.13828976029853268,0.7028758434002473,0.37091795328256655,0.03184209745027545,0.5530114228937778,0.4873398287660488,-0.18771671668508103,-0.05088745755857003,DIFFICULT,1
100075,5,-0.0362204154289269,0.0,0.0,0.0,0.0,0.0422352794432015,-0.0236423437425953,-0.0362132414847271,0.0060148640142745,0.0278640341141024,0.0,1,0.1918539719833747,0.0,0.0,1.0,0.28219858414428883,0.6552881952754954,1.7486012637846216e-15,0.3451398746355634,0.3157600212894921,0.19249774610569995,1.7486012637846216e-15,1.0018747246610078e-16,-0.1812631596438906,0.407258895722828,0.02109413457193743,0.08584237879526269,0.6392008516830656,0.3013355452820315,-0.031832894266905776,0.5005640413905085,0.43581579716718344,-0.2637748502271423,-0.18126315964388884,DIFFICULT,1
100076,1,0.1776900083156845,-0.0081713609626327,0.3073158267267136,0.1541179963617625,0.0,0.0664969029598928,0.3911837614042524,0.0331536246831327,0.6938207526411734,0.4269158926667287,0.1426171541338032,4,0.1918539719833747,0.0,0.0,1.0,0.0,0.0,0.0,0.0,0.0,0.0,0.0,0.0,0.0,0.0,0.0,0.0,0.0,0.0,0.0,0.0,0.0,0.0,0.0,CORRECTABLE,0
100076,2,0.0,0.0,0.0,0.1063002113099586,0.0,0.0,2.627397228967831e-18,-0.1063002113099586,0.1063002113099586,0.0747925676819981,7.810812811765688e-17,1,0.1918539719833747,0.0,0.0,1.0,0.20657656660949492,0.45147481461666905,1.1102230246251565e-16,0.24189369868806818,0.22160478423665605,0.19369033700194357,-1.1102230246251565e-16,-6.361109362927034e-18,0.0,0.24154073781714813,0.09004742537172228,0.15803544108798895,0.43884964428728024,0.3073158267267137,0.14569979485086626,0.3392120118366072,0.27122399612034037,-0.051609111619265846,-1.1102230246251565e-16,CORRECTABLE,0
100076,3,-1.1601426373253734,0.0310943008234671,0.252272772303366,0.1064496208253437,0.0,0.0,-1.0011439980287853,-1.4314916279522456,-0.7396347331821537,1.0164189568852442,0.5426979812537442,4,0.1918539719833747,0.0,0.0,1.0,0.18957961711478027,0.4607200982406093,8.326672684688674e-17,0.22845152558174564,0.21793506716479147,0.09684516850097177,-8.326672684688674e-17,-4.7708320221952755e-18,-0.09684516850097183,0.24579307796606426,-0.06927943965281672,-0.0012914239365500735,0.44310198443619636,0.210470658225742,-0.052242882299993465,0.30484853985920274,0.23686052414293585,-0.24955178877012552,-0.09684516850097191,DIFFICULT,1
100076,4,0.1759847114591159,0.0,0.3563681110182867,0.1435254823990595,0.0579088243668502,0.0,0.3914687537064202,0.1035159269559709,0.6621673074873385,0.4199041600153931,5.551115123125783e-17,4,0.1918539719833747,0.0,0.0,1.0,0.3073527412887105,0.7628842400691486,1.4432899320127035e-15,0.37454406917315236,0.35852550132467337,0.2074212235470741,1.4432899320127035e-15,8.269442171805144e-17,-0.14526775275145853,0.37656667311849046,-0.03198932602171034,0.09180943459120572,0.7358446697117615,0.4143208462786222,0.03802059188938922,0.5230884328534848,0.399289672240569,-0.3212574047038804,-0.1452677527514571,DIFFICULT,1
100076,5,0.0,0.0,0.0643544761727298,0.0,0.0,0.0,0.0405603587366302,0.0,0.0643544761727298,0.0452796514275368,7.881150325573825e-18,1,0.1918539719833747,0.0,0.0,1.0,0.4626867019394081,1.1453562243238342,1.3877787807814457e-15,0.560373399700352,0.5384502178490084,0.3191946540208413,1.3877787807814457e-15,7.951386703658793e-17,-0.2489783645249956,0.505865528016761,-0.02711654906322719,0.18102960604941348,1.1041573221179486,0.6669783455233718,0.13333155371551458,0.781032928076353,0.5728867729637126,-0.46496024038567163,-0.24897836452499422,DIFFICULT,1
100077,1,0.0,0.0,0.2181770514455152,0.0,0.0,-0.0362746795013171,0.1267063600365425,-6.161496503424067e-06,0.182323220962156,0.139468215132664,2.671880728818965e-17,1,0.1918539719833747,0.0,0.0,1.0,0.0,0.0,0.0,0.0,0.0,0.0,0.0,0.0,0.0,0.0,0.0,0.0,0.0,0.0,0.0,0.0,0.0,0.0,0.0,DIFFICULT,1
100077,2,0.4359046061938183,0.0,0.2446322177449079,0.0700699126858628,-0.0931715122754205,-0.2162700363345004,0.5403574375037397,0.4239884831737517,0.6775587290273594,0.5451442507681405,0.0,4,0.1918539719833747,0.0,0.0,1.0,0.13750930783708593,0.2181770514455152,2.7755575615628914e-17,0.15350883771355908,0.12205679155613625,0.13750930783708593,2.7755575615628914e-17,1.5902773407317584e-18,0.0,0.06742041667928139,0.12824125322833005,0.176508942402039,0.2074987064833202,0.2181770514455152,0.2074987064833202,0.176508942402039,0.12824125322833005,0.06742041667928139,2.7755575615628914e-17,DIFFICULT,1
100077,3,0.2199333321824952,0.0008043969354466,0.0,0.0,0.1871106902672953,0.0,0.1904582890895639,0.1611914436564269,0.2269530196912044,0.1914344490699514,0.0140393750174183,3,0.1918539719833747,0.0,0.0,1.0,0.2476100419346842,0.4535541420286402,1.1102230246251565e-16,0.2811742527360621,0.23846668046260355,0.2376147782896863,1.1102230246251565e-16,6.361109362927034e-18,-0.06875465391854296,0.1628076588113816,0.18867515999445728,0.2822021234811102,0.4435200484878571,0.39405461527188,0.31023915437561256,0.3645742460934531,0.2710472826068002,0.029526764699136954,-0.06875465391854285,CORRECTABLE,0
100077,4,0.0,0.0013064779661975,0.1149507638067466,0.0331857509853866,-0.028002990137,0.0,0.0768606516368747,-0.0114011710594288,0.1437146967697081,0.0874818258573485,0.0228023421188576,4,0.1918539719833747,0.0,0.0,1.0,0.15214967020389714,0.3291700028835588,0.0,0.17980905623688112,0.1623768075499249,0.0893323460519118,0.0,0.0,-0.18756204306338609,7.90795238603259e-06,0.016481918475455548,0.12780416608682799,0.3137145689144759,0.2752472261270369,0.18043367480223127,0.21017628869917082,0.09885404108779838,-0.1332729861598586,-0.18756204306338609,CORRECTABLE,0
100077,5,0.0,0.0,0.0,0.0985260087214329,0.0,0.0,1.9625854012307097e-18,-0.0985260087214329,0.0985260087214329,0.0693226578284755,7.239573672808022e-17,1,0.1918539719833747,0.0,0.0,1.0,0.19652680699915004,0.4296639831792786,0.0,0.2313290052723447,0.21099013758076304,0.1215268246628306,0.0,0.0,-0.232228216089342,0.029008897030943753,0.027865742013062827,0.16195550473055859,0.4115805680450937,0.34553181690782764,0.21517662448724859,0.2833398173738228,0.149250054656327,-0.16739504652690135,-0.232228216089342,CORRECTABLE,0
100078,1,0.0,0.0,0.1093847985923277,0.0,0.0,0.0,0.0689413842687588,0.0,0.1093847985923277,0.0769628757203792,1.3395774347147208e-17,1,0.1918539719833747,0.0,0.0,1.0,0.0,0.0,0.0,0.0,0.0,0.0,0.0,0.0,0.0,0.0,0.0,0.0,0.0,0.0,0.0,0.0,0.0,0.0,0.0,CORRECTABLE,0
100078,2,0.0,0.0034017079240098,0.158910074362717,0.0977718707391432,0.0239624604166405,0.0,0.0963806786622818,-0.03889266674867,0.2458233618970336,0.1275387469388599,0.0593710035349125,4,0.1918539719833747,0.0,0.0,1.0,0.06894138426875887,0.10938479859232772,0.0,0.07696287572037927,0.061194142430363904,0.06894138426875887,0.0,0.0,0.0,0.03380176169131008,0.06429477143755272,0.08849416098747395,0.10403112548486618,0.10938479859232772,0.10403112548486623,0.08849416098747395,0.06429477143755272,0.033801761691310106,0.0,CORRECTABLE,0
100078,3,0.0,0.0125273453185059,0.0,0.0,0.0,0.0,-1.3740383968133126e-19,-0.1093217129131526,0.1093217129131526,0.0637449649058681,0.2186434258263052,1,0.1918539719833747,0.0,0.0,1.0,0.14615919189948415,0.3220506240454225,2.7755575615628914e-17,0.1703856918345783,0.15750151396692982,0.13085137079666123,-2.7755575615628914e-17,-1.5902773407317584e-18,-0.034470692134379394,0.1357896455526091,0.0589233175070511,0.12055762505526277,0.31227099177077156,0.23382418082066536,0.1262978422171123,0.23549535247429157,0.17386104492607984,-0.05018350400105004,-0.03447069213437942,CORRECTABLE,0
100078,4,0.0,0.0,0.0,0.0,-0.0581610857924241,0.0,0.0091619591997358,0.0,0.0168402316242503,0.0108784933418749,7.122678755062679e-18,1,0.1918539719833747,0.0,0.0,1.0,0.10586779960303629,0.2566249386470919,0.0,0.12723884254591403,0.12147170572962986,0.06542568539833067,0.0,0.0,-0.09989637753270997,0.07036396015427854,-0.006502367891279448,0.055131939656932194,0.246845306372441,0.16839849542233482,0.06087215681878172,0.170069667075961,0.10843535952774924,-0.11560918939938064,-0.09989637753270997,CORRECTABLE,0
100078,5,0.0,0.0,0.0,0.0477181195726509,0.0,0.0,6.14671378387273e-19,-0.0477181195726509,0.0477181195726509,0.0335743517704637,3.506270543758662e-17,1,0.1918539719833747,0.0,0.0,1.0,0.0956719799345828,0.2261536412895462,0.0,0.11555588781935795,0.1081032751491745,0.041874801898901255,0.0,0.0,-0.13260922023187527,0.05132560884955492,-0.02262086669913882,0.03348199288530421,0.21755108652188618,0.1356856527231695,0.03157793696822683,0.14841972030433295,0.0923168607198899,-0.13464754070410426,-0.13260922023187527,CORRECTABLE,0
100079,1,0.0,0.0,0.2675228765225199,0.0,-0.0201747959136608,0.0,0.1717883238966167,0.0,0.2675228765225199,0.1908055071378662,3.5232803367111244e-17,2,0.1918539719833747,0.0,0.0,1.0,0.0,0.0,0.0,0.0,0.0,0.0,0.0,0.0,0.0,0.0,0.0,0.0,0.0,0.0,0.0,0.0,0.0,0.0,0.0,DIFFICULT,1
100079,2,0.0,0.0,0.0,0.1115959970038862,0.0,0.0726067815585029,0.0216229965894939,-0.1112169611057006,0.1695147534947834,0.0852956662049787,8.199956555779431e-17,1,0.1918539719833747,0.0,0.0,1.0,0.17178832389661672,0.2675228765225198,2.7755575615628914e-17,0.19080550713786623,0.1508739108395276,0.17178832389661672,2.7755575615628914e-17,1.5902773407317584e-18,0.0,0.08741249423195338,0.16300221280638108,0.22026802771451162,0.25561521972537227,0.2675228765225198,0.25561521972537227,0.22026802771451162,0.16300221280638108,0.08741249423195344,2.7755575615628914e-17,CORRECTABLE,0
100079,3,0.0,0.0,0.0,0.0,0.0659826731685347,0.0,-0.0103940727932277,-0.0191049304566125,0.0,0.0123414489424218,8.080546949503207e-18,1,0.1918539719833747,0.0,0.0,1.0,0.11947279263536038,0.28537732182803077,5.551115123125783e-17,0.14296328844422537,0.1357513631834399,0.08589416194830843,-5.551115123125783e-17,-3.180554681463517e-18,-0.08589416194830829,0.10765243242664552,0.011513569604313434,0.06877938451244398,0.2758551579200643,0.1816287145742116,0.06358695763406352,0.1999683470199628,0.14270253211183215,-0.10461576785935528,-0.08589416194830835,CORRECTABLE,0
100079,4,0.0,0.0,0.0518079689767666,0.0,0.0,0.0,0.0326527373398823,0.0,0.0518079689767666,0.0364519597695161,6.3446463377722715e-18,1,0.1918539719833747,0.0,0.0,1.0,0.0990308600654133,0.23988724923579713,8.326672684688674e-17,0.12039350925663991,0.11371478371602714,0.03255300818092655,-8.326672684688674e-17,-4.7708320221952755e-18,-0.12884124292246238,0.04919189457437184,-0.050259486753693156,0.013281653282388228,0.22902971272638034,0.13868163360005753,0.016761512440379545,0.14447061578990705,0.08092947575382553,-0.16307630571162895,-0.12884124292246246,CORRECTABLE,0
100079,5,0.0,0.0,0.1468534057876841,0.0687245714401044,-0.0131094431871108,0.0,0.0946216224173567,-0.0325428677002047,0.2113339369910087,0.1156014866219115,3.0908196764191116e-17,3,0.1918539719833747,0.0,0.0,1.0,0.11381037851053816,0.2737910715085046,8.326672684688674e-17,0.13729868938216194,0.13001030394392907,0.048929241430345674,-8.326672684688674e-17,-4.7708320221952755e-18,-0.14511774701292557,0.04892493334177955,-0.03608403072838698,0.038918676538179264,0.26202551512728817,0.17421309848636096,0.04975731484128737,0.1701076390456981,0.09510493177913171,-0.16334326694422122,-0.14511774701292565,CORRECTABLE,0
100080,1,0.0,0.0,0.1409829445380298,0.0,0.0,0.0,0.0888565822657113,0.0,0.1409829445380298,0.0991952536258046,1.72654311762867e-17,1,0.1918539719833747,0.0,0.0,1.0,0.0,0.0,0.0,0.0,0.0,0.0,0.0,0.0,0.0,0.0,0.0,0.0,0.0,0.0,0.0,0.0,0.0,0.0,0.0,CORRECTABLE,0
100080,2,-0.1873246261557005,0.0,0.0,0.0,0.0,0.0263272362052279,-0.1794841224664169,-0.1873201542988556,-0.1609973899504725,0.179719338363959,0.0,1,0.1918539719833747,0.0,0.0,1.0,0.08885658226571129,0.14098294453802976,2.7755575615628914e-17,0.09919525362580467,0.0788713834037028,0.08885658226571129,2.7755575615628914e-17,1.5902773407317584e-18,0.0,0.04356612577927188,0.08286769562422161,0.11405759804828677,0.13408274808937146,0.14098294453802976,0.13408274808937146,0.11405759804828677,0.08286769562422161,0.04356612577927188,2.7755575615628914e-17,CORRECTABLE,0
100080,3,0.0921984586751601,0.0,0.0,0.0,0.0,0.0,0.0921984586751601,0.0921984586751601,0.0921984586751601,0.0921984586751601,0.0,1,0.1918539719833747,0.0,0.0,1.0,0.10122643178266899,0.17183952657093185,2.7755575615628914e-17,0.11375980048926107,0.09329576755500638,0.10122643178266899,2.7755575615628914e-17,1.5902773407317584e-18,0.004533817684519076,0.04819725059960853,0.08855377948153267,0.12515169837473614,0.15721619004222326,0.17183952657093185,0.15721619004222326,0.12515169837473614,0.08855377948153267,0.04819725059960853,0.004533817684519104,HIGHLY_CORRECTABLE,0
100080,4,-0.4935725394437735,0.0961207558798633,0.2646780383258309,0.0,0.3445284855926587,0.0,-0.3810279425027969,-1.3323851611725808,0.3452400822850338,0.6279429565521117,1.6776252434576149,4,0.1918539719833747,0.0,0.0,1.0,0.061113596441902014,0.12122631067959733,0.0,0.07249965061135107,0.061951937197584905,0.05061321589133451,0.0,0.0,-0.04607939820681539,-0.002415965291725941,0.03794056359019815,0.07453848248340167,0.10660297415088876,0.12122631067959733,0.10660297415088876,0.07453848248340167,0.03794056359019815,-0.002415965291725941,-0.04607939820681539,CORRECTABLE,0
100080,5,0.0,0.0004129245777959,0.0,0.0,0.0,0.0,1.0734674975104004e-19,-0.0036034467225358,0.0036034467225358,0.0021011524494744,0.0072068934450716,1,0.1918539719833747,0.0,0.0,1.0,0.16234840420519786,0.36059774105976106,0.0,0.20400189583064304,0.17728403316255198,0.13785120488664387,0.0,0.0,-0.0713860061524827,-0.026936066487297516,0.06990798479649674,0.19782769332671557,0.312769262992619,0.36059774105976106,0.3127692629926191,0.19782769332671551,0.06990798479649668,-0.026936066487297572,-0.0713860061524827,CORRECTABLE,0
100081,1,0.0,0.0,0.0,0.0408878005083607,0.0,0.0,9.56345993428349e-19,-0.0408878005083607,0.0408878005083607,0.0287685560471045,3.00438684100437e-17,1,0.1649572031989594,0.0,0.0,1.0,0.0,0.0,0.0,0.0,0.0,0.0,0.0,0.0,0.0,0.0,0.0,0.0,0.0,0.0,0.0,0.0,0.0,0.0,0.0,CORRECTABLE,0
100081,2,0.0,0.0334816646709952,0.0,0.0,0.0,0.0,5.4961535872532505e-18,-0.292182677037218,0.292182677037218,0.1703703134311139,0.584365354074436,1,0.1649572031989594,0.0,0.0,1.0,0.025763780364178587,0.04088780050836072,2.7755575615628914e-17,0.02876855604710457,0.022872329866472255,1.9236537555386377e-18,-2.7755575615628914e-17,-1.5902773407317584e-18,0.0,0.03888660911045275,-0.02403324613749111,-0.02403324613749111,0.03888660911045275,2.7755575615628914e-17,-0.03888660911045275,0.024033246137491138,0.024033246137491138,-0.03888660911045272,-2.7755575615628914e-17,HIGHLY_CORRECTABLE,0
100081,3,0.0,0.0,0.2368075164869782,0.0,0.0,0.0,0.1492514334894457,0.0,0.2368075164869782,0.166617187173916,2.90005567079812e-17,1,0.1649572031989594,0.0,0.0,1.0,0.025763780364178587,0.04088780050836072,0.0,0.02876855604710457,0.02287232986647225,3.8473075110772755e-18,0.0,0.0,0.0,0.03888660911045275,-0.02403324613749111,-0.02403324613749111,0.03888660911045276,2.7755575615628914e-17,-0.038886609110452774,0.024033246137491138,0.024033246137491138,-0.03888660911045272,0.0,CORRECTABLE,0
100081,4,0.0,0.0072094211921864,0.0,0.0509641927325804,-0.0354498642926171,0.0,0.0055843216449621,-0.0735780154072664,0.0919755696905235,0.0447647501014276,0.1258281376307752,3,0.1649572031989594,0.0,0.0,1.0,0.14925946996954967,0.27070765976071315,2.7755575615628914e-17,0.1690825741428819,0.14289839633336704,0.1492514334894457,2.7755575615628914e-17,1.5902773407317584e-18,0.0,0.11206415610065457,0.1151587196855614,0.1675480590961998,0.26410394077306537,0.23680751648697823,0.18633072255215988,0.21561455137118207,0.16322521196054363,0.03429093787974913,2.7755575615628914e-17,CORRECTABLE,0
100081,5,-0.2480911780010193,0.0,0.0,0.0,0.0087191401184102,0.0,-0.2494646806606286,-0.2506157584341007,-0.2480911780010193,0.2494662301973107,0.0,2,0.1649572031989594,0.0,0.0,1.0,0.10683167062651472,0.24777904865667716,5.551115123125783e-17,0.12624805934553646,0.11900802171951123,0.08021003838968502,-5.551115123125783e-17,-3.180554681463517e-18,-0.07462571674472279,0.0942430299227624,0.02069144938881834,0.0697093063557295,0.24003174236708225,0.16218179974225544,0.06531886895409139,0.1776878003971158,0.1286699434302046,-0.0804698434902284,-0.07462571674472285,CORRECTABLE,0
100082,1,0.1839072912624028,0.025135350672893,0.0,0.1587830574366965,0.0,0.0,0.1839072912624028,-0.0861238922566792,0.4539384747814849,0.2352989674866503,0.4386946560280536,3,0.1649572031989594,0.0,0.0,1.0,0.0,0.0,0.0,0.0,0.0,0.0,0.0,0.0,0.0,0.0,0.0,0.0,0.0,0.0,0.0,0.0,0.0,0.0,0.0,CORRECTABLE,0
100082,2,0.0,0.0030771750058913,0.0,0.0628207546475772,0.0,0.0,1.8206008757776392e-18,-0.0762474635387068,0.0762474635387068,0.0429589911365403,0.0537068355645181,2,0.1649572031989594,0.0,0.0,1.0,0.10005066955155262,0.15878305743669646,1.1102230246251565e-16,0.11171936935722855,0.0888220550321976,3.29769215235195e-18,-1.1102230246251565e-16,-6.361109362927034e-18,0.0,0.15101166145243783,-0.09333033947519888,-0.09333033947519898,0.15101166145243788,5.551115123125783e-17,-0.15101166145243788,0.09333033947519903,0.09333033947519886,-0.15101166145243783,-1.1102230246251565e-16,CORRECTABLE,0
100082,3,0.0,0.0,0.0,0.0848716233862484,0.0,0.0,1.477956504139853e-18,-0.0848716233862484,0.0848716233862484,0.0597154658318384,6.23626571510453e-17,1,0.1649572031989594,0.0,0.0,1.0,0.13963460668999508,0.2216038120842741,1.582067810090848e-15,0.15591989808536783,0.123963515440818,8.381634220561206e-18,1.582067810090848e-15,9.064580842171023e-17,-8.604228440844963e-16,0.2107577495185945,-0.13025545259492913,-0.13025545259492904,0.21075774951859508,8.326672684688674e-17,-0.21075774951859508,0.13025545259492916,0.13025545259492913,-0.21075774951859447,7.216449660063518e-16,CORRECTABLE,0
100082,4,0.0,0.0,0.0,0.2093532499432243,0.0,0.0,4.934908460463764e-18,-0.2093532499432243,0.2093532499432243,0.1473004326413597,1.538302724604393e-16,1,0.1649572031989594,0.0,0.0,1.0,0.1931129996797933,0.3064754354705225,1.582067810090848e-15,0.21563536391720622,0.17144006693681582,1.3740383968133125e-17,1.582067810090848e-15,9.064580842171023e-17,-8.881784197001252e-16,0.2914754599886342,-0.18014174115948692,-0.18014174115948683,0.2914754599886348,1.1102230246251565e-16,-0.2914754599886348,0.18014174115948708,0.18014174115948697,-0.2914754599886341,6.938893903907228e-16,DIFFICULT,1
100082,5,0.0,0.0,0.1395337712227626,0.0,0.0,0.0,0.0879432193881855,0.0,0.1395337712227626,0.098175618839294,1.7087958630091535e-17,1,0.1649572031989594,0.0,0.0,1.0,0.32502841413113576,0.5158286854137469,1.4710455076283324e-15,0.36293579655856595,0.2885507095193219,8.7938457396052e-18,1.4710455076283324e-15,8.428469905878319e-17,-9.159339953157541e-16,0.49058223255470557,-0.3031964939956142,-0.30319649399561416,0.4905822325547063,1.942890293094024e-16,-0.49058223255470623,0.30319649399561455,0.3031964939956143,-0.49058223255470557,5.551115123125783e-16,DIFFICULT,1
100083,1,-0.1052111138858715,0.0,0.3012485220539372,0.1183713382795303,0.0629373223561568,-0.1829027506243865,0.0202706728433139,-0.1662828086241382,0.1908359174491682,0.1011386219634017,5.551115123125783e-17,4,0.1649572031989594,0.0,0.0,1.0,0.0,0.0,0.0,0.0,0.0,0.0,0.0,0.0,0.0,0.0,0.0,0.0,0.0,0.0,0.0,0.0,0.0,0.0,0.0,NOT_IMPROVED,1
100083,2,-0.2053534157401771,0.0,0.1704458487969139,0.0,0.0,0.0,-0.0979274030753147,-0.2053534157401771,-0.0349075669432631,0.1114966413507123,2.775557561562892e-17,2,0.1649572031989594,0.0,0.0,1.0,0.18921308720039343,0.40749638235647023,5.551115123125783e-17,0.22049904288206634,0.20106274515526576,0.1799519817725163,-5.551115123125783e-17,-3.180554681463517e-18,6.938893903907228e-18,0.19087129349843746,0.08953542643987927,0.16216685682814166,0.3953828395470339,0.30124852205393726,0.1702271743203834,0.3013207106978046,0.22868928030954216,-0.03428437172821301,-4.85722573273506e-17,DIFFICULT,1
100083,3,-0.5358547844948306,0.0,0.2962837726439623,0.0768799328127815,0.0,0.0,-0.3491175624556644,-0.5517029631931153,-0.1721510835692993,0.365233824661992,1.1102230246251563e-16,3,0.1649572031989594,0.0,0.0,1.0,0.2248709045554392,0.48313511856024666,0.0,0.2613586799891981,0.23853767493362554,0.19740200355112042,0.0,0.0,-0.0899759908862581,0.15356596651108845,0.09974499179091995,0.2100844542392496,0.46751048383453925,0.38171837996459307,0.2423548186078887,0.3492383081089125,0.23889884566058284,-0.071589698715562,-0.0899759908862581,NOT_IMPROVED,1
100083,4,0.0,-0.0075825499670502,0.0,0.0476917652792062,-0.0721445845183179,0.0,0.0113647420922947,-0.0898912418964439,0.1177781369367764,0.0588034953063135,0.1323404633946186,3,0.1649572031989594,0.0,0.0,1.0,0.23491936606716074,0.5074488346137465,1.1102230246251565e-16,0.27884909408550634,0.2505953696128228,0.013241644294415615,-1.1102230246251565e-16,-6.361109362927034e-18,-0.46087357218212927,-0.05265773280634578,-0.1421902481558433,0.033696589465277815,0.45151267625814956,0.3071045713126842,0.08012268888364016,0.26322822474411917,0.087341387122998,-0.42404772018085507,-0.4608735721821294,DIFFICULT,1
100083,5,0.0,0.0,0.0,0.0,-0.1598090607524053,0.0,0.0251742909268789,0.0,0.0462718596473478,0.0298908072241111,1.9570965472517814e-17,1,0.1649572031989594,0.0,0.0,1.0,0.24063274005100443,0.542620849162847,1.6653345369377348e-16,0.2951112511000407,0.2644872018741596,0.017985564239502625,-1.6653345369377348e-16,-9.541664044390551e-18,-0.4674943943293369,0.003041218313908578,-0.1562595134234968,0.012765966475469043,0.49448997053461347,0.3004837491654765,0.03238485487528797,0.2983626343281337,0.12933715442916777,-0.4590638973454167,-0.4674943943293371,DIFFICULT,1
100084,1,0.0,0.0,0.1899677439799869,0.1387744701209415,0.0,0.02571117161806,0.1273870090659033,-0.0929325666766711,0.3430880851681742,0.1739194376864883,7.870545442592232e-17,2,0.1649572031989594,0.0,0.0,1.0,0.0,0.0,0.0,0.0,0.0,0.0,0.0,0.0,0.0,0.0,0.0,0.0,0.0,0.0,0.0,0.0,0.0,0.0,0.0,DIFFICULT,1
100084,2,-0.0211852662144209,0.0,0.0,0.0,0.0,0.0,-0.0211852662144209,-0.0211852662144209,-0.0211852662144209,0.0211852662144209,0.0,1,0.1649572031989594,0.0,0.0,1.0,0.13602644756818597,0.32250018838078026,8.326672684688674e-17,0.16552660835754904,0.1541106516204448,0.11972997532503646,-8.326672684688674e-17,-4.7708320221952755e-18,0.0,0.19068562537681355,0.030090651390916684,0.07211754633108661,0.3126524249019844,0.18996774397998692,0.04868769669412748,0.2352567201946705,0.19322982525450053,-0.07327910283104339,-8.326672684688674e-17,CORRECTABLE,0
100084,3,0.0,0.0,0.0,0.1280917865042878,0.0,0.0,1.5757357394939457e-18,-0.1280917865042878,0.1280917865042878,0.0901250664845336,9.412031780372531e-17,1,0.1649572031989594,0.0,0.0,1.0,0.10602813480855865,0.2626352007182621,2.7755575615628914e-17,0.12902560920551023,0.12350156157859724,0.05986498766251822,-2.7755575615628914e-17,-1.5902773407317584e-18,-0.05986498766251824,0.1308206377142953,-0.02977433627160153,0.012252558668568392,0.2527874372394662,0.13010275631746873,-0.011177290968390735,0.17539173253215226,0.13336483759198228,-0.13314409049356157,-0.05986498766251827,CORRECTABLE,0
100084,4,0.0,0.0,0.0,0.1554189510398751,0.0,0.0,5.052479790108487e-18,-0.1554189510398751,0.1554189510398751,0.1093523923562135,1.1419999255069335e-16,1,0.1649572031989594,0.0,0.0,1.0,0.17468456391088874,0.36054173351040997,1.249000902703301e-16,0.1992037749815899,0.18048826672454865,0.029932493831259135,-1.249000902703301e-16,-7.156248033292912e-18,-0.08979748149377734,0.22271067212182674,-0.13499729314987702,-0.09297039820970714,0.3446774716469976,0.10017026248620967,-0.16293231303844039,0.22074970174790973,0.17872280680773964,-0.2848991125636111,-0.08979748149377746,DIFFICULT,1
100084,5,0.0,0.0,0.0,0.0,0.170801468989074,0.0,-0.0269058953905686,-0.04945465271752,0.0,0.0319468355493139,2.091714722871355e-17,1,0.1649572031989594,0.0,0.0,1.0,0.2703240212571832,0.5006877538368607,1.8041124150158794e-16,0.30337030757570377,0.26164056328578356,0.01496624691562965,-1.8041124150158794e-16,-1.033680271475643e-17,-0.10476372840940687,0.3555566313484278,-0.24131650741351104,-0.19928961247334118,0.47752343087359883,0.08520401557058019,-0.32571076609630056,0.2971364221802849,0.25510952724011476,-0.4476775656214712,-0.10476372840940705,DIFFICULT,1
100085,1,0.0,-0.014243353562121,0.086525718362445,0.0,0.0682136000372847,0.0,0.0437886067683594,-0.1242967106527956,0.1242967106527956,0.0898294968110943,0.2485934213055912,3,0.1649572031989594,0.0,0.0,1.0,0.0,0.0,0.0,0.0,0.0,0.0,0.0,0.0,0.0,0.0,0.0,0.0,0.0,0.0,0.0,0.0,0.0,0.0,0.0,CORRECTABLE,0
100085,2,0.0,0.0,0.0,0.033882950338697,0.0,0.0,2.344105873324567e-19,-0.033882950338697,0.033882950338697,0.0238399606665256,2.4896788006772468e-17,1,0.1649572031989594,0.0,0.0,1.0,0.043788606768359405,0.08652571836244499,0.0,0.053070235748852425,0.04440132111412656,0.043788606768359405,0.0,0.0,0.0,0.010699938181418622,0.03139604455283396,0.057025778842636266,0.07828135346495321,0.08652571836244499,0.07828135346495324,0.05702577884263628,0.03139604455283393,0.010699938181418664,0.0,HIGHLY_CORRECTABLE,0
100085,3,0.0,-0.0364315151740396,0.0,0.0,0.0,0.0,0.0,-0.3179249884848641,0.3179249884848641,0.1853805314024489,0.6358499769697283,1,0.1649572031989594,0.0,0.0,1.0,0.03626486607966887,0.09333297497101278,2.7755575615628914e-17,0.04412156031901813,0.043291508347106315,0.021894303384179706,-2.7755575615628914e-17,-1.5902773407317584e-18,-0.021894303384179692,0.0210302355081618,-0.010414157344590086,0.015215576945212195,0.08861165079169642,0.0646314149782653,0.02416244936985068,0.05504737397170098,0.029417639681898616,-0.04341896591368388,-0.02189430338417972,HIGHLY_CORRECTABLE,0
100085,4,0.0,0.0,0.1462584545839488,0.0374334616356019,0.0506707215585058,0.0,0.0841995280639722,-0.014672087417616,0.1774832799317523,0.1002580787321375,1.579954025509109e-17,3,0.1649572031989594,0.0,0.0,1.0,0.0329584665585929,0.08238582327892296,8.326672684688674e-17,0.039839574476591484,0.038587244398913936,0.010947151692089922,-8.326672684688674e-17,-4.7708320221952755e-18,-0.032841455076269455,0.010083083816072036,-0.021361309036679876,0.004268425253122432,0.07766449909960665,0.05368426328617551,0.013215297677760876,0.04410022227961119,0.018470487989808826,-0.05436611760577367,-0.03284145507626954,CORRECTABLE,0
100085,5,0.0004917125668144,0.0,0.0,0.10419690621289,0.0,0.0,0.0004917125668144,-0.1037051936460756,0.1046886187797045,0.073314336334094,7.65446733774766e-17,2,0.1649572031989594,0.0,0.0,1.0,0.10759931983170123,0.2543955273646303,1.1102230246251565e-16,0.12869742932104458,0.12146819709100395,0.08967310391001729,-1.1102230246251565e-16,-6.361109362927034e-18,-0.038315030922314364,0.07349379248146437,0.022673625076067627,0.08547944406012681,0.24391396687939804,0.1944691420240794,0.10826209022550465,0.16931691446994135,0.10651109548588211,-0.06215808417242899,-0.038315030922314475,CORRECTABLE,0
100086,1,0.3762989685991844,0.0,0.1837776454205127,0.1715469526246211,0.0,0.0,0.4921275429165663,0.2502313302123004,0.7255113452451518,0.5099624160320883,1.1102230246251563e-16,3,0.1649572031989594,0.0,0.0,1.0,0.0,0.0,0.0,0.0,0.0,0.0,0.0,0.0,0.0,0.0,0.0,0.0,0.0,0.0,0.0,0.0,0.0,0.0,0.0,CORRECTABLE,0
100086,2,-0.1093132845949497,0.0,0.0,0.0,0.0,0.0,-0.1093132845949497,-0.1093132845949497,-0.1093132845949497,0.1093132845949497,0.0,1,0.1649572031989594,0.0,0.0,1.0,0.14295413635282955,0.34921237664596727,1.1102230246251565e-16,0.17688529022104973,0.16533848292174405,0.11582857431738189,-1.1102230246251565e-16,-6.361109362927034e-18,0.0,0.2199412627653735,0.007189020850744909,0.047846469502940026,0.33793377437078076,0.18377764542051278,0.01163208008233696,0.2495120071598761,0.20885455850768075,-0.10636043152307023,-1.1102230246251565e-16,CORRECTABLE,0
100086,3,0.4565140244005307,-0.0074826275687171,0.2372446695498455,0.124614858321027,0.0,0.0,0.6060409800619715,0.3307518925636392,0.8211218948390906,0.6193812208089831,0.1305964885170729,4,0.1649572031989594,0.0,0.0,1.0,0.12190785953070618,0.29129808948727637,5.551115123125783e-17,0.14569218210078075,0.13853100291547285,0.05791428715869096,-5.551115123125783e-17,-3.180554681463517e-18,-0.05791428715869093,0.16202697560668256,-0.05072526630794601,-0.01006781765575089,0.28001948721208986,0.12586335826182188,-0.04628220707635394,0.1915977200011852,0.15094027134898985,-0.16427471868176113,-0.057914287158690986,DIFFICULT,1
100086,4,0.0,-0.013071488164722,0.0,0.0,0.0,0.0325376091364018,0.0096900123691587,-0.1140647285538303,0.1140757820141327,0.0681691803704639,0.228140510567963,1,0.1649572031989594,0.0,0.0,1.0,0.24915791523288103,0.6165010972651251,5.551115123125783e-17,0.3043305435554614,0.290130758104948,0.17848409924078634,5.551115123125783e-17,3.180554681463517e-18,-0.08687143073803638,0.3248982397765183,-0.013480267878506647,0.07966323231798178,0.5952112055978256,0.334150884232322,0.03187796524256159,0.4278223218501491,0.3346788216536607,-0.23843500057874573,-0.08687143073803633,DIFFICULT,1
100086,5,0.0,-0.0083970498386093,0.0,0.0,0.0,0.0,-1.6488460761759752e-18,-0.0732780840935351,0.0732780840935351,0.0427280983295831,0.1465561681870702,1,0.1649572031989594,0.0,0.0,1.0,0.2179031642878934,0.527259047644732,2.7755575615628914e-17,0.2621538660394244,0.24976405018373005,0.08924204962039327,2.7755575615628914e-17,1.5902773407317584e-18,-0.17611348035842947,0.23565619015612516,-0.1027223174988997,-0.009578817302411335,0.5059691559774326,0.24490883461192892,-0.057364084377831526,0.33858027222975595,0.24543677203326758,-0.32767705019913884,-0.17611348035842944,CORRECTABLE,0
100087,1,0.0,0.0,0.1729005443936768,0.0,0.0,-0.0549610943083515,0.092605179281973,-9.335508819394858e-06,0.1289187206655116,0.1008141170727239,2.1174129615463e-17,1,0.1649572031989594,0.0,0.0,1.0,0.0,0.0,0.0,0.0,0.0,0.0,0.0,0.0,0.0,0.0,0.0,0.0,0.0,0.0,0.0,0.0,0.0,0.0,0.0,DIFFICULT,1
100087,2,0.0,-0.0072783572420621,0.2708966056953416,0.0,0.0,0.0,0.1707365852539489,-0.0635156493468291,0.2739129838867702,0.1941670270029401,0.1270312986936583,2,0.1649572031989594,0.0,0.0,1.0,0.10897312080582051,0.1729005443936768,2.7755575615628914e-17,0.12165239851792183,0.0967273394116414,0.10897312080582051,2.7755575615628914e-17,1.5902773407317584e-18,0.0,0.053429206554326175,0.10162839010794328,0.13987947875116455,0.1644381894165858,0.1729005443936768,0.1644381894165858,0.13987947875116455,0.10162839010794328,0.0534292065543262,2.7755575615628914e-17,CORRECTABLE,0
100087,3,-0.3404785973622251,0.0,0.2792205059751521,0.0,0.2770560365738391,0.0,-0.2081396423099213,-0.3404785973622251,-0.061258091387073,0.2308536639997302,0.0,3,0.1649572031989594,0.0,0.0,1.0,0.23054492709767016,0.3893105896861082,1.6653345369377348e-15,0.26455787954539417,0.21241244298967343,0.2252231456568592,-1.6653345369377348e-15,-9.54166404439055e-17,-0.054486560402909334,0.0826543010297664,0.20637085942884453,0.3045528760742753,0.3675896111024691,0.3893105896861082,0.3675896111024689,0.30455287607427456,0.2063708594288436,0.08265430102976506,-0.054486560402911,DIFFICULT,1
100087,4,-0.1816552701984433,-0.0101014891467547,0.0790940677218623,0.0,0.0,0.0,-0.1318050662728074,-0.2698073935944646,-0.0816512568626758,0.1436195310852658,0.1763042467920425,3,0.1649572031989594,0.0,0.0,1.0,0.25320981772524687,0.4930097014979946,1.6653345369377348e-15,0.29850365597430384,0.2537162213644033,0.18204070654589732,-1.6653345369377348e-15,-9.54166404439055e-17,-0.230007954566175,-0.07172299255188841,0.11592237612667822,0.30222642663038757,0.441337753394431,0.4930097014979946,0.4413377533944309,0.30222642663038685,0.11592237612667727,-0.07172299255188974,-0.23000795456617668,DIFFICULT,1
100087,5,0.0,0.0,0.0,0.0,0.1407230168620404,0.0,-0.0221677178372364,-0.0407455976196499,0.0,0.026320939183389,1.723359921664568e-17,1,0.1649572031989594,0.0,0.0,1.0,0.25787565196246715,0.4810834159469083,3.4416913763379853e-15,0.296736780669495,0.25136139843976313,0.1408705571985846,-3.4416913763379853e-15,-1.9719439025073804e-16,-0.32102830783912273,-0.13830193474453786,0.07139234940446293,0.2751945182986689,0.4255403286286499,0.4810834159469083,0.42554032862864943,0.2751945182986675,0.07139234940446094,-0.1383019347445406,-0.32102830783912617,CORRECTABLE,0
100088,1,0.4208570740339333,0.0,0.0,0.0,0.0,0.0,0.4208570740339333,0.4208570740339333,0.4208570740339333,0.4208570740339332,0.0,1,0.1649572031989594,0.0,0.0,1.0,0.0,0.0,0.0,0.0,0.0,0.0,0.0,0.0,0.0,0.0,0.0,0.0,0.0,0.0,0.0,0.0,0.0,0.0,0.0,CORRECTABLE,0
100088,2,0.0,0.0,0.1065895741974815,0.0,0.0,0.0,0.0671796528252453,0.0,0.1065895741974815,0.0749961626991952,1.3053458086342502e-17,1,0.1649572031989594,0.0,0.0,1.0,0.0,0.0,0.0,0.0,0.0,0.0,0.0,0.0,0.0,0.0,0.0,0.0,0.0,0.0,0.0,0.0,0.0,0.0,0.0,HIGHLY_CORRECTABLE,0
100088,3,-0.0162714197031623,0.0,0.1300369554967649,0.037126318911493,-0.0412819088539159,0.0,0.0721893192801006,-0.0206656408553214,0.1483242612184039,0.0863507061036035,6.938893903907228e-18,4,0.1649572031989594,0.0,0.0,1.0,0.0671796528252453,0.1065895741974815,0.0,0.07499616269919525,0.05963038437673756,0.0671796528252453,0.0,0.0,0.0,0.03293798985021118,0.06265177976141395,0.08623277694895193,0.10137270910964052,0.1065895741974815,0.10137270910964052,0.08623277694895193,0.06265177976141395,0.03293798985021118,0.0,CORRECTABLE,0
100088,4,0.0,0.0,0.1650783747693427,0.0,0.0,0.0,0.104043082913659,0.0,0.1650783747693427,0.1161487391757764,2.0216270326972277e-17,1,0.1649572031989594,0.0,0.0,1.0,0.12705049003312158,0.2345282863011919,0.0,0.14448315358757274,0.12292194825905131,0.12205056539588557,0.0,0.0,-0.03358982641262262,0.08454697899402061,0.09545188384090544,0.14387504038603197,0.22919109382930783,0.2030367032816238,0.158572638775653,0.18751964584219752,0.13909648929707094,0.013928523940365811,-0.03358982641262262,CORRECTABLE,0
100088,5,0.0,-0.0151396382331694,0.0,0.0,0.0,0.0,-4.671730549165263e-18,-0.1321182704396857,0.1321182704396857,0.0770375279363969,0.2642365408793715,1,0.1649572031989594,0.0,0.0,1.0,0.18172922532791955,0.3346057565742572,2.7755575615628914e-17,0.20831729558814505,0.17573222412946754,0.1650683656116019,2.7755575615628914e-17,1.5902773407317584e-18,-0.09461510911056531,0.07453371950360135,0.13145723530479228,0.21640096828028407,0.325164675155162,0.30708979535302383,0.2545462201015072,0.26004557373644965,0.17510184076095778,0.003915264449946582,-0.09461510911056528,CORRECTABLE,0
100089,1,-0.2670828374567816,0.0,0.0,0.0,0.0,0.0,-0.2670828374567816,-0.2670828374567816,-0.2670828374567816,0.2670828374567816,0.0,1,0.1649572031989594,0.0,0.0,1.0,0.0,0.0,0.0,0.0,0.0,0.0,0.0,0.0,0.0,0.0,0.0,0.0,0.0,0.0,0.0,0.0,0.0,0.0,0.0,HIGHLY_CORRECTABLE,0
100089,2,-0.1284298460670309,0.0,0.0,0.0,0.0,0.0,-0.1284298460670308,-0.1284298460670309,-0.1284298460670309,0.1284298460670309,0.0,1,0.1649572031989594,0.0,0.0,1.0,6.938893903907228e-17,6.938893903907228e-17,0.0,6.938893903907228e-17,4.85722573273506e-17,-6.938893903907228e-17,0.0,0.0,-6.938893903907228e-17,-6.938893903907228e-17,-6.938893903907228e-17,-6.938893903907228e-17,-6.938893903907228e-17,-6.938893903907228e-17,-6.938893903907228e-17,-6.938893903907228e-17,-6.938893903907228e-17,-6.938893903907228e-17,-6.938893903907228e-17,HIGHLY_CORRECTABLE,0
100089,3,0.0,0.0049195957605856,0.0,0.0,0.0,0.0,6.870191984066563e-19,-0.0429315720501914,0.0429315720501914,0.0250331931394751,0.0858631441003828,1,0.1649572031989594,0.0,0.0,1.0,4.85722573273506e-17,4.85722573273506e-17,0.0,4.85722573273506e-17,3.400058012914542e-17,-4.85722573273506e-17,0.0,0.0,-4.85722573273506e-17,-4.85722573273506e-17,-4.85722573273506e-17,-4.85722573273506e-17,-4.85722573273506e-17,-4.85722573273506e-17,-4.85722573273506e-17,-4.85722573273506e-17,-4.85722573273506e-17,-4.85722573273506e-17,-4.85722573273506e-17,HIGHLY_CORRECTABLE,0
100089,4,0.0,0.0,0.0,0.0,-0.0695864264863002,0.0,0.0109617623473932,0.0,0.0201483779741575,0.0130154976803183,8.521879446055019e-18,1,0.1649572031989594,0.0,0.0,1.0,4.809134388846594e-17,5.551115123125783e-17,0.0,4.963531847133451e-17,3.604428038305059e-17,-4.809134388846594e-17,0.0,0.0,-5.551115123125783e-17,-5.551115123125783e-17,-5.551115123125783e-17,-2.7755575615628914e-17,-5.551115123125783e-17,-5.551115123125783e-17,-5.551115123125783e-17,-5.551115123125783e-17,-5.551115123125783e-17,-2.7755575615628914e-17,-5.551115123125783e-17,HIGHLY_CORRECTABLE,0
100089,5,-0.0949980297602367,0.0,0.0,0.0,0.0,-0.2202535870149779,-0.1605916624570841,-0.3152516167752147,-0.0950354413025278,0.1780537983969975,0.0,1,0.1649572031989594,0.0,0.0,1.0,0.010961762347393192,0.0201483779741575,0.0,0.013015497680318273,0.010634591864497035,0.010961762347393192,0.0,0.0,-5.551115123125783e-17,0.01636075009935259,0.019854187306646787,0.013236124871097876,0.0040901875248381125,-5.551115123125783e-17,0.0040901875248381125,0.013236124871097849,0.019854187306646787,0.016360750099352617,-5.551115123125783e-17,CORRECTABLE,0
100090,1,-0.4382661471932937,-0.0091644655468622,0.0,0.0635050786263228,0.0,-0.3845318879898336,-0.5527834350289518,-0.8518879494929912,-0.3085484996991183,0.5734361355334628,0.159950099342386,3,0.1649572031989594,0.0,0.0,1.0,0.0,0.0,0.0,0.0,0.0,0.0,0.0,0.0,0.0,0.0,0.0,0.0,0.0,0.0,0.0,0.0,0.0,0.0,0.0,NOT_IMPROVED,1
100090,2,-0.0919248305066675,-0.0150727194040134,0.2665356508309315,0.0963667576325737,0.0,0.0,0.076063198558898,-0.2465726772763695,0.2834591995297375,0.1608403369481194,0.2630685868978329,4,0.1649572031989594,0.0,0.0,1.0,0.341261796936329,0.6205871262344603,0.5103945104656462,0.3893430408463179,0.48060733417556245,-0.3311959790655473,-0.5103945104656462,-0.02924344879699637,0.02616961754271563,0.034258368102639575,-0.12826019695185828,-0.24981085629847558,-0.3600982920594962,-0.5722310895645376,-0.5829710318434262,-0.37931396316028093,-0.35984220590679306,-0.4948510779606783,-0.48422489292293064,DIFFICULT,1
100090,3,0.0,0.0,0.0,0.16597407143248,0.1201841732395169,0.0,-0.0189322891186098,-0.1960201147423592,0.1610146261535171,0.1189228473361416,1.3667408549933903e-16,2,0.1649572031989594,0.0,0.0,1.0,0.14130962017223825,0.27323011027496535,0.25519723705924935,0.1654325807954224,0.21746434833147812,0.0023900395327918424,-0.25519723705924935,-0.014621724309478222,0.0641689703722908,0.2717917267870943,0.060801376379923916,0.02373659073435934,0.12512067048105982,-0.1400974492008325,-0.2300130802229807,0.10959831113045276,0.09562364936416723,-0.23646036615249588,-0.19102826668695855,DIFFICULT,1
100090,4,0.0,0.0,0.480889728272405,0.0,0.0,0.0,0.3030878510942587,0.0,0.480889728272405,0.3383528320984814,5.889200664716412e-17,1,0.1649572031989594,0.0,0.0,1.0,0.2207470503818679,0.42213019960630843,0.12759862060711002,0.24922494744425078,0.256065255923011,-0.017737269352213876,-0.12759862060711002,-0.007310862392801375,-0.0008253576201748269,0.34915098877607925,-0.11052092210755948,-0.12339565199641135,0.2619522627824322,-0.14129246896722836,-0.3833632089749752,0.20861973788243648,0.19597474364986603,-0.37272365534559404,-0.12842397822728485,DIFFICULT,1
100090,5,0.0,0.0,0.1120136952860428,0.0,0.0,-0.0284922733484632,0.0621130126875935,-4.839602858649219e-06,0.0869565085989335,0.0679101520112428,1.3717698580783394e-17,1,0.1649572031989594,0.0,0.0,1.0,0.3441310549821836,0.7261652182593175,0.06379931056324212,0.40546482052870464,0.38077515719429345,0.29421921641815174,-0.06379931056324212,-0.0036554312261585535,-0.023856377966001846,0.48110299789116273,0.1618678098128415,0.2617610832636483,0.721794276147029,0.3484658939812836,0.08923866639839503,0.6192961971600432,0.5066430615965878,-0.18973219819541617,-0.08765568852924396,DIFFICULT,1
100091,1,-0.2781754118865645,-0.0129503513754367,0.1821612918084164,0.0,0.0,0.0,-0.163365568297033,-0.3911885492068718,-0.0816126280055409,0.1851393404858515,0.2260262746406146,3,0.2011495458566843,0.0,0.0,1.0,0.0,0.0,0.0,0.0,0.0,0.0,0.0,0.0,0.0,0.0,0.0,0.0,0.0,0.0,0.0,0.0,0.0,0.0,0.0,DIFFICULT,1
100091,2,0.0,0.0043519493478506,0.0,0.0,-0.0149101654010796,0.0,0.0023487581981112,-0.0379779225730417,0.0379779225730417,0.0223196581134203,0.0759558451460835,2,0.2011495458566843,0.0,0.0,1.0,0.11480984358953145,0.18216129180841634,2.7755575615628914e-17,0.12816823766129995,0.10190816438551435,0.11480984358953145,2.7755575615628914e-17,1.5902773407317584e-18,-5.551115123125783e-17,0.056290934886094504,0.1070717208635328,0.14737158079030271,0.17324568359113732,0.18216129180841634,0.17324568359113737,0.14737158079030274,0.10707172086353284,0.056290934886094574,-2.7755575615628914e-17,CORRECTABLE,0
100091,3,0.0,-0.0315902104771698,0.3156509868552819,0.0,0.1108921034985242,0.0,0.1814751603345592,-0.2756766200466544,0.3508572821179836,0.2633464153064546,0.5513532400933088,3,0.2011495458566843,0.0,0.0,1.0,0.07165625855909741,0.12475637001365064,0.0,0.0822412827904874,0.06714791685087315,0.05975367999287694,0.0,0.0,-0.05740492179476575,0.0023916032241272367,0.05392092205788768,0.09280274098828406,0.11671715932957122,0.12475637001365064,0.11671715932957127,0.09280274098828406,0.05392092205788768,0.002391603224127292,-0.05740492179476575,CORRECTABLE,0
100091,4,0.0,0.0014959948536338,0.0,0.0,0.0,0.0,2.576321994024961e-19,-0.0130550178973673,0.0130550178973673,0.0076123181345893,0.0261100357947346,1,0.2011495458566843,0.0,0.0,1.0,0.22484647782656805,0.41053051687249403,8.326672684688674e-17,0.264518700589391,0.21706496846865775,0.21135200033099774,8.326672684688674e-17,4.7708320221952755e-18,-0.08728176179120428,0.04398398524434466,0.17793967971516478,0.2971999821214022,0.38052417295363206,0.41053051687249403,0.38052417295363217,0.29719998212140214,0.17793967971516478,0.043983985244344825,-0.0872817617912042,CORRECTABLE,0
100091,5,-0.5287082770662769,0.0,0.0,0.0,0.0,0.0,-0.5287082770662769,-0.5287082770662769,-0.5287082770662769,0.5287082770662769,0.0,1,0.2011495458566843,0.0,0.0,1.0,0.16585244875615396,0.3048545167069952,1.1102230246251565e-16,0.1909656825939266,0.16030865789833743,0.10567600016549893,1.1102230246251565e-16,6.361109362927034e-18,-0.1929577619567031,-0.061692014921154115,0.07226367954966595,0.19152398195590337,0.2748481727881332,0.3048545167069952,0.27484817278813334,0.19152398195590337,0.072263679549666,-0.061692014921154004,-0.192957761956703,CORRECTABLE,0
100092,1,0.0,0.0,0.0,0.063185506650739,0.0,0.1214932166797723,0.0361818462893389,-0.0627950591543134,0.1643893431462984,0.071308160948233,4.642756990490271e-17,1,0.2011495458566843,0.0,0.0,1.0,0.0,0.0,0.0,0.0,0.0,0.0,0.0,0.0,0.0,0.0,0.0,0.0,0.0,0.0,0.0,0.0,0.0,0.0,0.0,CORRECTABLE,0
100092,2,0.3505148418174342,0.0,0.0,0.0815428205003856,0.1265904424026394,0.0,0.3305733903715506,0.2373244107163887,0.4270179233295572,0.3357579949039268,5.551115123125783e-17,3,0.2011495458566843,0.0,0.0,1.0,0.03981377074113131,0.06318550665073902,5.551115123125783e-17,0.04445716734199949,0.03534549995176106,-1.3740383968133126e-18,-5.551115123125783e-17,-3.180554681463517e-18,0.0,0.06009298783559608,-0.03713950896793236,-0.03713950896793239,0.06009298783559608,5.551115123125783e-17,-0.060092987835596134,0.03713950896793247,0.03713950896793239,-0.06009298783559608,-5.551115123125783e-17,CORRECTABLE,0
100092,3,0.0,0.0,0.3507502842624687,0.0,0.0,0.0,0.2210655451296989,0.0,0.3507502842624687,0.2467870388205248,4.295452129220565e-17,1,0.2011495458566843,0.0,0.0,1.0,0.09230659975554302,0.17637593775178445,1.1102230246251565e-16,0.1045470097511875,0.091059462227317,-0.019941451445883634,-1.1102230246251565e-16,-6.361109362927034e-18,0.0,0.10788162057939332,-0.12118757583270634,-0.10914810931793473,0.13020401911702872,1.1102230246251565e-16,-0.14508561814211907,0.060990243258848276,0.04895077674407644,-0.16740801667975436,-1.1102230246251565e-16,DIFFICULT,1
100092,4,-0.2743550201931081,0.0039026227352247,0.0,0.0,0.0,0.0,-0.2743550201931081,-0.3084118283422058,-0.2402982120440104,0.2750727751101593,0.0681136162981953,2,0.2011495458566843,0.0,0.0,1.0,0.22272059166721295,0.4892654508194925,0.0,0.2608166329391983,0.23967747603993148,0.21109481940675714,0.0,0.0,0.009970725722941776,0.22624014492128156,0.09494899421710726,0.18458555715518793,0.4737580882801688,0.3607210099854106,0.198468451021021,0.35472390973197093,0.2650873467938901,-0.04904949233786601,0.009970725722941776,CORRECTABLE,0
100092,5,0.0,-0.0092337074975129,0.0,0.0,0.0,0.0,-1.7862499158573064e-18,-0.0805792996964475,0.0805792996964475,0.0469854020250308,0.161158599392895,1,0.2011495458566843,0.0,0.0,1.0,0.15396067674663294,0.383718041116114,1.3877787807814457e-17,0.18602297958172262,0.17990591331699635,0.10554740970337866,-1.3877787807814457e-17,-7.951386703658792e-19,-0.09557668398043671,0.12069273521790308,-0.010598415486271214,0.07903814745180941,0.3682106785767903,0.2551736002820321,0.09292104131764253,0.24917650002859243,0.1595399370905116,-0.1545969020412445,-0.09557668398043673,CORRECTABLE,0
100093,1,0.2240407003803166,0.0,0.0,0.0,0.0327022559691188,0.0,0.2188892020744268,0.214571936899508,0.2240407003803166,0.2189140432079737,0.0,2,0.2011495458566843,0.0,0.0,1.0,0.0,0.0,0.0,0.0,0.0,0.0,0.0,0.0,0.0,0.0,0.0,0.0,0.0,0.0,0.0,0.0,0.0,0.0,0.0,HIGHLY_CORRECTABLE,0
100093,2,0.0,0.0,0.2451975070666568,0.0,0.0,0.0,0.1545393489220153,0.0,0.2451975070666568,0.1725203639460881,3.002803421880919e-17,1,0.2011495458566843,0.0,0.0,1.0,0.0051514983058897484,0.00946876348080855,0.0,0.006116654614977729,0.004997743997507263,-0.005151498305889746,0.0,0.0,5.551115123125783e-17,-0.0076887615101365325,-0.009330508091094647,-0.006220338727396413,-0.0019221903775341054,5.551115123125783e-17,-0.0019221903775341054,-0.006220338727396413,-0.009330508091094647,-0.0076887615101365325,5.551115123125783e-17,CORRECTABLE,0
100093,3,0.0,0.0,0.0,0.0,-0.2786322442911401,0.0,0.0438921870034755,0.0,0.0806764775436621,0.0521155850695565,3.412260861103881e-17,1,0.2011495458566843,0.0,0.0,1.0,0.15196359976907048,0.24777325621960175,2.7755575615628914e-17,0.17072448234360843,0.13699350503096253,0.15196359976907048,2.7755575615628914e-17,1.5902773407317584e-18,0.0025757491529449505,0.07065718430477655,0.1373687196145106,0.1947243606208451,0.2338502456504817,0.24777325621960175,0.23385024565048176,0.1947243606208451,0.1373687196145106,0.0706571843047766,0.0025757491529449783,CORRECTABLE,0
100093,4,0.0,-0.0302349917594539,0.0,0.0,0.0,0.0171550084927581,0.0051089262210687,-0.2638471883564057,0.2638530161418636,0.1540510078392604,0.5277002044982694,1,0.2011495458566843,0.0,0.0,1.0,0.12854019391116975,0.17498421065124264,5.551115123125783e-17,0.14016461828472104,0.10507378319719583,0.11987398688801085,5.551115123125783e-17,3.180554681463517e-18,-0.07340605073159026,0.060185754023235616,0.14088542320488495,0.17174156305291627,0.1742460381666951,0.17179145633506654,0.1742460381666951,0.17174156305291627,0.140885423204885,0.06018575402323573,-0.0734060507315902,HIGHLY_CORRECTABLE,0
100093,5,0.0,0.0,0.1698766186363609,0.0,0.079545514638243,0.0,0.094536656270891,0.0,0.1698766186363609,0.1099890755762856,1.1062369737474184e-17,2,0.2011495458566843,0.0,0.0,1.0,0.08743587978870809,0.13334304417559573,1.1102230246251565e-16,0.09417425693670917,0.07565110288296209,0.05993699344400542,1.1102230246251565e-16,6.361109362927034e-18,-0.13334304417559573,0.00024876057923023387,0.08094842976087963,0.11180456960891089,0.11430904472268971,0.11185446289106116,0.11430904472268974,0.11180456960891089,0.08094842976087961,0.0002487605792303241,-0.13334304417559562,CORRECTABLE,0
100094,1,0.0,0.0,0.0,0.0,-0.0579553930072325,0.0225759475675024,0.015852890889034,3.834675424040638e-06,0.0225759475675024,0.0166704983425061,7.097289065043784e-18,1,0.2011495458566843,0.0,0.0,1.0,0.0,0.0,0.0,0.0,0.0,0.0,0.0,0.0,0.0,0.0,0.0,0.0,0.0,0.0,0.0,0.0,0.0,0.0,0.0,HIGHLY_CORRECTABLE,0
100094,2,0.0,0.000365631781114,0.0,0.0813857519405284,0.0093420365919342,0.0,-0.0014716258634375,-0.0853166306961265,0.0806456124001594,0.0568431700155964,0.0063814784304581,3,0.2011495458566843,0.0,0.0,1.0,0.009129556969276644,0.016780674377358085,2.7755575615628914e-17,0.010840020408234025,0.00885707144481383,0.009129556969276644,2.7755575615628914e-17,1.5902773407317584e-18,0.0,0.013626130120186236,0.0165356562521925,0.011023770834795,0.003406532530046552,0.0,0.003406532530046552,0.011023770834795,0.0165356562521925,0.013626130120186264,2.7755575615628914e-17,HIGHLY_CORRECTABLE,0
100094,3,0.0,-0.029501484449254,0.3227219334226611,0.2192751715110052,0.0,0.0,0.2034002632026516,-0.3644892036691035,0.5737947836877365,0.3312444476842331,0.5148980833686474,3,0.2011495458566843,0.0,0.0,1.0,0.05150429351659345,0.08897431255971466,5.551115123125783e-17,0.057555455885351436,0.04789912741142759,0.0030931526212007866,-5.551115123125783e-17,-3.180554681463517e-18,-0.004564778484638321,0.08426735681812214,-0.03853190840268997,-0.043155313342464835,0.07569509262851717,-0.004564778484638293,-0.07910980680472382,0.05251937613228752,0.05714278107206233,-0.07053754261511874,-0.0045647784846383765,DIFFICULT,1
100094,4,0.0,-0.0822818203102858,0.2126022465506186,0.1109667842154926,0.1106365986991966,0.0,0.1165674193299822,-0.7241571593272114,0.7542025485501455,0.4655069701556875,1.4360896661891398,4,0.2011495458566843,0.0,0.0,1.0,0.2509447083878789,0.6084128864884619,1.6653345369377348e-16,0.310883246511767,0.288895603114079,0.20494683951325204,-1.6653345369377348e-16,-9.541664044390551e-18,-0.0061113547952387215,0.39099042311994325,0.020725996335791752,0.08749892693533634,0.5896183947781882,0.3166105786274225,0.017727333890389385,0.44094704042623206,0.37417410982668714,-0.18090063776785537,-0.006111354795238888,DIFFICULT,1
100094,5,0.0,0.0,0.0,0.0,0.0573456091474426,0.0,-0.0090334993601736,-0.0166041147189596,0.0,0.010725965975303,7.022811668757082e-18,1,0.2011495458566843,0.0,0.0,1.0,0.3266287554455527,0.8183462723406003,2.7755575615628914e-16,0.4007501514871236,0.38356752348455836,0.21904083908660818,-2.7755575615628914e-16,-1.5902773407317584e-17,-0.10858477455186477,0.43373816937853804,-0.05357409499040089,0.0707553667975449,0.7883743540950604,0.42673940542141514,0.005411926766336755,0.5546527588008163,0.43032329701287,-0.34922425795018536,-0.10858477455186505,DIFFICULT,1
100095,1,0.0,0.0,0.0,0.0948152379827772,0.0,0.2328531898366003,0.0693459153761367,-0.094118777484491,0.2912836111005631,0.1259710311828953,6.966676584577171e-17,1,0.2011495458566843,0.0,0.0,1.0,0.0,0.0,0.0,0.0,0.0,0.0,0.0,0.0,0.0,0.0,0.0,0.0,0.0,0.0,0.0,0.0,0.0,0.0,0.0,CORRECTABLE,0
100095,2,0.0,0.0123005349586737,0.0,0.0608905067776024,0.0,0.0,3.022884472989288e-18,-0.1156300263998269,0.1156300263998269,0.0662108524957956,0.2146848380837664,2,0.2011495458566843,0.0,0.0,1.0,0.05974395629488785,0.09481523798277719,5.551115123125783e-17,0.06671176864770034,0.05303893514806955,2.7480767936266252e-18,-5.551115123125783e-17,-3.180554681463517e-18,0.0,0.09017464992759605,-0.05573099857887759,-0.055730998578877616,0.090174649927596,0.0,-0.090174649927596,0.0557309985788777,0.05573099857887759,-0.090174649927596,-5.551115123125783e-17,CORRECTABLE,0
100095,3,0.0,0.0,0.1537882899269046,0.0504138276291458,0.0,-0.0478742593682193,0.0826699262115532,-0.0168563770284514,0.1615608364012459,0.0967710303057093,1.820951430007295e-17,2,0.2011495458566843,0.0,0.0,1.0,0.09811162644043385,0.15570574476038004,1.6375789613221059e-15,0.10955417971380446,0.08710062933162509,3.572499831714613e-18,1.6375789613221059e-15,9.382636310317374e-17,-8.604228440844963e-16,0.14808496317894831,-0.09152154046736766,-0.09152154046736755,0.1480849631789488,2.7755575615628914e-17,-0.14808496317894881,0.09152154046736771,0.09152154046736771,-0.14808496317894826,7.771561172376096e-16,CORRECTABLE,0
100095,4,0.0,-0.0032390937897145,0.1398854286001279,0.055758480768879,0.0,-0.0416205999543331,0.0757698424086498,-0.0491644263243782,0.1633209818250567,0.0946722971613422,0.0565328514716453,3,0.2011495458566843,0.0,0.0,1.0,0.14863388244116502,0.35466959049891983,1.609823385706477e-15,0.1809437802310381,0.16908541990512974,0.09692734025502593,1.609823385706477e-15,9.223608576244199e-17,-8.604228440844963e-16,0.24355455758030314,-0.03075955606508074,0.0032632952273330684,0.34229271772189945,0.15378828992690463,-0.04977000719215763,0.24557138494612188,0.21154853365370804,-0.14850816733375294,7.494005416219807e-16,CORRECTABLE,0
100095,5,-0.2491807760309535,-0.0110327684566013,0.0,0.0,-0.0983585774972685,0.0,-0.2336866142267834,-0.3454598448098527,-0.148372787339262,0.2405400187417636,0.1925581375577984,3,0.2011495458566843,0.0,0.0,1.0,0.20124157794165626,0.4973450451446473,1.5265566588595902e-15,0.2470909944717777,0.2342850863730693,0.1366285267696486,1.5265566588595902e-15,8.746525374024671e-17,-0.048463670127513736,0.29134732862961343,-0.029774646937007265,0.03519530141656646,0.47989746247323906,0.24521004839951963,-0.018224195388738845,0.34305141650771637,0.2780814681541427,-0.20677432923236336,-0.04846367012751221,CORRECTABLE,0
100096,1,0.0,0.0,0.0,0.2012760226703295,0.0,0.1330602252812327,0.0396266124967282,-0.2005877823557375,0.3074251496399433,0.1542204257066307,1.4789534072238986e-16,1,0.2011495458566843,0.0,0.0,1.0,0.0,0.0,0.0,0.0,0.0,0.0,0.0,0.0,0.0,0.0,0.0,0.0,0.0,0.0,0.0,0.0,0.0,0.0,0.0,CORRECTABLE,0
100096,2,0.0,-0.0217891181883229,0.0,0.0,0.0,0.0739531984002657,0.0220239724508742,-0.1901333744681295,0.1901584973571322,0.1159507955675897,0.3802918718252617,1,0.2011495458566843,0.0,0.0,1.0,0.12682587901967107,0.20127602267032954,1.6653345369377348e-16,0.1416173153639224,0.11259230204339249,4.946538228527925e-18,-1.6653345369377348e-16,-9.541664044390551e-18,0.0,0.19142487293458793,-0.11830707776570515,-0.11830707776570523,0.191424872934588,5.551115123125783e-17,-0.19142487293458796,0.11830707776570534,0.11830707776570526,-0.1914248729345879,-1.6653345369377348e-16,CORRECTABLE,0
100096,3,0.0,0.0,0.0,0.0,0.2272770825647128,0.0,-0.0358023466914734,-0.0658068648672337,0.0,0.0425100768968631,2.7833415168242426e-17,1,0.2011495458566843,0.0,0.0,1.0,0.12682587901967107,0.20127602267032954,1.7520707107365752e-16,0.1416173153639224,0.11259230204339249,8.158352981079043e-18,-1.7520707107365752e-16,-1.0038625713369226e-17,0.0,0.191424872934588,-0.11830707776570518,-0.11830707776570523,0.191424872934588,5.551115123125783e-17,-0.19142487293458796,0.11830707776570532,0.11830707776570527,-0.1914248729345879,-1.7520707107365752e-16,CORRECTABLE,0
100096,4,-1.3587713260118053,0.0249884497118989,0.3515095458075393,0.2965732706722619,0.0,0.0,-1.1372272450835963,-1.57683670105871,-0.7046105843237767,1.162555093562847,0.4361307500938089,4,0.2011495458566843,0.0,0.0,1.0,0.12955279990647486,0.2580952933115077,1.3877787807814457e-16,0.14785996973035626,0.13108042493843045,-0.03580234669147348,-1.3877787807814457e-16,-7.951386703658792e-18,-2.7755575615628914e-17,0.13798882600834916,-0.18315308287902174,-0.1615377478412496,0.17806586120302828,5.551115123125783e-17,-0.20478388466614766,0.075076407690161,0.05346107265238875,-0.24486091986082667,-1.6653345369377348e-16,DIFFICULT,1
100096,5,-0.0375283668617357,0.0,0.0,0.0,0.0,0.0,-0.0375283668617357,-0.0375283668617357,-0.0375283668617357,0.0375283668617357,0.0,1,0.2011495458566843,0.0,0.0,1.0,0.35101025936760055,0.8464749763107524,1.6653345369377348e-15,0.42237124459538194,0.4014826951630446,0.20364290758247203,1.6653345369377348e-15,9.54166404439055e-17,0.01790117334573571,0.5465703643254551,-0.13296117719288758,-0.0335807729774944,0.8123304202607958,0.36941071915327606,-0.13463520887202174,0.5516761720045164,0.4522957677891226,-0.40039526480736143,0.017901173345737376,DIFFICULT,1
100097,1,0.0,0.0,0.0,0.0571434963927922,0.0,0.0,1.834261538448009e-18,-0.0571434963927922,0.0571434963927922,0.0402060237592729,4.19883599697128e-17,1,0.2011495458566843,0.0,0.0,1.0,0.0,0.0,0.0,0.0,0.0,0.0,0.0,0.0,0.0,0.0,0.0,0.0,0.0,0.0,0.0,0.0,0.0,0.0,0.0,CORRECTABLE,0
100097,2,0.0,-0.0025468063396512,0.0592007392520392,0.0,-0.0373596631894492,0.0026172165132244,0.043976739277676,-0.0222246334817286,0.0651477077187615,0.0493720405666537,0.0444501560668548,3,0.2011495458566843,0.0,0.0,1.0,0.03600664432913404,0.057143496392792203,5.551115123125783e-17,0.04020602375927288,0.03196564459250518,3.572499831714613e-18,-5.551115123125783e-17,-3.180554681463517e-18,0.0,0.054346694608253615,-0.033588104444111394,-0.033588104444111394,0.054346694608253615,2.7755575615628914e-17,-0.054346694608253615,0.03358810444411145,0.03358810444411142,-0.054346694608253615,-5.551115123125783e-17,HIGHLY_CORRECTABLE,0
100097,3,0.0,0.0,0.0,0.0,0.0076704611412272,0.0,-0.0012083070847387,-0.0022209410385509,0.0,0.0014346888356203,9.393605684588046e-19,1,0.2011495458566843,0.0,0.0,1.0,0.049617981734032285,0.11581142832212066,5.551115123125783e-17,0.06160204546799688,0.05578902756364558,0.04319730707417283,-5.551115123125783e-17,-3.180554681463517e-18,0.0,0.0814245127380426,0.0118685623499247,0.02141252991493192,0.11284588934873299,0.059200739252039225,0.004152500132225789,0.08858873880315474,0.07904477123814754,-0.0272688764784646,-5.551115123125783e-17,HIGHLY_CORRECTABLE,0
100097,4,0.0,0.0,0.0,0.0347836900108107,0.0,0.0,8.891135680385521e-19,-0.0347836900108107,0.0347836900108107,0.024473718888266,2.5558640780563892e-17,1,0.2011495458566843,0.0,0.0,1.0,0.040649890744731305,0.09391715295808697,5.551115123125783e-17,0.04846158067200866,0.045216271178046365,0.020390346452347705,-5.551115123125783e-17,-3.180554681463517e-18,-0.0215986535370864,0.058022425626117896,-0.011918603802567568,-0.0016451320324250562,0.09079637741793703,0.0376020857149528,-0.0178970117985702,0.06553107685579776,0.055257605085655276,-0.050670963590389334,-0.021598653537086454,HIGHLY_CORRECTABLE,0
100097,5,0.0,0.0,0.0,0.0670793884567469,0.0,0.0,1.8478540367866884e-18,-0.0670793884567469,0.0670793884567469,0.0471968930201766,4.928913501739023e-17,1,0.2011495458566843,0.0,0.0,1.0,0.059887945743618,0.11843703207606573,8.326672684688674e-17,0.0678501650131757,0.060282509847222714,0.010195173226173903,-8.326672684688674e-17,-4.7708320221952755e-18,-0.0317938267632602,0.08090850744551628,-0.04255911703740892,-0.032285645267266405,0.11368245923733536,0.027406912488778995,-0.061173440070316165,0.07578124363829156,0.06550777186814902,-0.09394739186213528,-0.031793826763260286,CORRECTABLE,0
100098,1,-0.1599809876478154,-0.0115941630674552,0.3095001382671513,0.070221618471203,0.0,0.0,0.0350860439516401,-0.2635885479093687,0.2260671925766637,0.1342047331827193,0.2023563223022536,4,0.2011495458566843,0.0,0.0,1.0,0.0,0.0,0.0,0.0,0.0,0.0,0.0,0.0,0.0,0.0,0.0,0.0,0.0,0.0,0.0,0.0,0.0,0.0,0.0,DIFFICULT,1
100098,2,0.1575220562187278,-0.0239599074964464,0.0,0.0,0.0,0.0,0.1575220562187278,-0.0515675931125115,0.3666117055499673,0.1991920728616294,0.4181792986624789,2,0.2011495458566843,0.0,0.0,1.0,0.1959001135587403,0.3700618499556794,3.469446951953614e-17,0.22329819702830028,0.19211840875715597,0.19506703159945568,3.469446951953614e-17,1.987846675914698e-18,8.326672684688674e-17,0.16242553031777554,0.14064438512643107,0.20911563989003962,0.3611368511250551,0.3095001382671514,0.2275673954613956,0.2916661033490034,0.22319484858539487,0.02885607465411614,1.1796119636642288e-16,CORRECTABLE,0
100098,3,0.0,0.016083715526452,0.0686335305622489,0.0860479335057774,0.0519129608593539,0.0,0.0350795870344431,-0.1403568996320794,0.191779377984319,0.0981034385419091,0.2807137992641588,4,0.2011495458566843,0.0,0.0,1.0,0.12604280830021344,0.27252833415595157,1.1102230246251565e-16,0.14602645199867847,0.13417398793671736,0.09753351579972791,-1.1102230246251565e-16,-6.361109362927034e-18,-0.09753351579972758,0.06489201451804771,0.04311086932670327,0.11158212409031176,0.2636033353253273,0.21196662246742365,0.1300338796616678,0.19413258754927565,0.1256613327856671,-0.06867744114561167,-0.09753351579972769,CORRECTABLE,0
100098,4,-0.8791490433507898,-0.01763494029114,0.0,0.140112951941658,-0.0084728293830252,0.0,-0.8778143413579377,-1.1465420194804663,-0.608327341205453,0.8904193942794331,0.3077877811922529,4,0.2011495458566843,0.0,0.0,1.0,0.15180031888273637,0.3739140795266938,1.4988010832439613e-15,0.18311205781452375,0.17602552530428187,0.08384634493430715,1.4988010832439613e-15,8.587497639951495e-17,-0.1463002736995923,0.10696516270188625,-0.030703465712484945,0.05788892055322717,0.35889602449783786,0.2318333951298087,0.06165367308537534,0.2415947966220705,0.15300241035635864,-0.19027718871057514,-0.1463002736995908,CORRECTABLE,0
100098,5,0.0,0.0,0.1013836252657843,0.0,0.0,-0.046556638136658,0.0500335128592165,-7.907955825764961e-06,0.0705599614712255,0.0540952110920839,1.2415808940853534e-17,1,0.2011495458566843,0.0,0.0,1.0,0.20709882280263608,0.4721539234311256,1.4432899320127035e-15,0.24432618001790285,0.22820844187191922,0.043257874460005945,1.4432899320127035e-15,8.269442171805144e-17,-0.1882234461667458,0.20028940785880933,-0.15256552310725413,-0.06477895080116036,0.4507262084078012,0.18991022266265523,-0.11302681492758826,0.2836395788806244,0.19585300657453075,-0.363463615476579,-0.18822344616674436,DIFFICULT,1
100099,1,0.0196738928037351,0.0,0.0,0.0,0.0,0.0,0.0196738928037351,0.0196738928037351,0.0196738928037351,0.0196738928037351,0.0,1,0.2011495458566843,0.0,0.0,1.0,0.0,0.0,0.0,0.0,0.0,0.0,0.0,0.0,0.0,0.0,0.0,0.0,0.0,0.0,0.0,0.0,0.0,0.0,0.0,HIGHLY_CORRECTABLE,0
100099,2,-0.1633001435794112,0.0,0.2491393044025843,0.0880905065996203,-0.031683870668035,0.0,-0.0012853438775503,-0.1911907779267793,0.1671497772357675,0.0988191953897889,2.775557561562892e-17,4,0.2011495458566843,0.0,0.0,1.0,0.0,0.0,0.0,0.0,0.0,0.0,0.0,0.0,0.0,0.0,0.0,0.0,0.0,0.0,0.0,0.0,0.0,0.0,0.0,DIFFICULT,1
100099,3,0.0,0.0,0.0,0.0499722219063921,0.0,0.0,1.165063330688804e-18,-0.0499722219063921,0.0499722219063921,0.0351603326380548,3.6718992962366616e-17,1,0.2011495458566843,0.0,0.0,1.0,0.16558763540039995,0.33044992081517865,2.7755575615628914e-17,0.189769271988475,0.16778819406352108,0.16201479970186078,-2.7755575615628914e-17,-1.5902773407317584e-18,0.0,0.16821665411814704,0.10370205374610098,0.15580626091427177,0.3225869404340511,0.24913930440258433,0.15502883978343082,0.2593628622067311,0.2072586550385602,0.0006585534675268567,-2.7755575615628914e-17,CORRECTABLE,0
100099,4,0.0,-0.0169081599978314,0.0,0.0659440289895888,-0.0042687606592392,0.0,0.0006724463696047,-0.189985050126385,0.1915481430312275,0.1076754951373095,0.2951030709825867,3,0.2011495458566843,0.0,0.0,1.0,0.1222342029872308,0.29931613410577634,5.551115123125783e-17,0.1480558087343288,0.14127068200133502,0.08100739985093044,-5.551115123125783e-17,-3.180554681463517e-18,-0.08100739985093039,0.1347356615450383,-0.006678281165693523,0.045425926002477246,0.2891059478609424,0.168131904551654,0.026495032654678785,0.20772839741666488,0.155624190248494,-0.12787525366122515,-0.08100739985093044,CORRECTABLE,0
100099,5,-0.2781847378960297,0.0,0.0,0.0493803435916666,0.0273920026675942,0.0,-0.2824997263014258,-0.334413082154595,-0.2299575309666641,0.2846416404274079,5.551115123125783e-17,3,0.2011495458566843,0.0,0.0,1.0,0.1426239803320111,0.3247908569826855,8.326672684688674e-17,0.1679353300869796,0.15701798420310695,0.041176146295069986,-8.326672684688674e-17,-4.7708320221952755e-18,-0.12151109977639563,0.1579521059253049,-0.08472495901554417,-0.03302673511152082,0.31156965787288887,0.12762820462618882,-0.07647425429598467,0.20679759173632214,0.1550993678322986,-0.23009180624356845,-0.12151109977639571,CORRECTABLE,0
100100,1,0.3537866894781827,-0.0333423646653851,0.1548039190526039,0.0,0.0649089126781697,0.0,0.4411292187892799,0.0628196347273254,0.6447537442290401,0.4753631859632444,0.5819341095017145,4,0.2011495458566843,0.0,0.0,1.0,0.0,0.0,0.0,0.0,0.0,0.0,0.0,0.0,0.0,0.0,0.0,0.0,0.0,0.0,0.0,0.0,0.0,0.0,0.0,CORRECTABLE,0
100100,2,-0.1424619053428714,0.0,0.097843609836767,0.0930857987574571,-0.0321401866465801,0.0,-0.0757315686419559,-0.2053949312223274,0.0464485750063626,0.1044422756328104,5.551115123125783e-17,4,0.2011495458566843,0.0,0.0,1.0,0.0873425293110972,0.15480391905260393,0.0,0.10108841260408383,0.08275277576951873,0.0873425293110972,0.0,0.0,0.0,0.03257604113727108,0.07247184730573641,0.112892592435759,0.14341202580154966,0.15480391905260393,0.14341202580154966,0.11289259243575894,0.07247184730573641,0.03257604113727108,0.0,CORRECTABLE,0
100100,3,0.0,0.0,0.0,0.1740873899559623,0.0,0.0,2.8556068842132867e-18,-0.1740873899559623,0.1740873899559623,0.1224874601415199,1.2791733892889176e-16,1,0.2011495458566843,0.0,0.0,1.0,0.12895162042570785,0.2926780763915847,5.551115123125783e-17,0.1513278554821057,0.14162169459339835,0.11040160135646405,-5.551115123125783e-17,-3.180554681463517e-18,-0.0436712646555486,0.11522658128180904,0.04076729401935167,0.09977743801068287,0.28321457211359646,0.20897626423382235,0.10615486114795875,0.20920635742567953,0.15019621343434833,-0.0618331296838287,-0.04367126465554866,CORRECTABLE,0
100100,4,0.0,0.0,0.42390225958053,0.0,0.0,0.0,0.2671706575888534,0.0,0.42390225958053,0.2982565890464838,5.1913054534662656e-17,1,0.2011495458566843,0.0,0.0,1.0,0.18127418998884953,0.4112211439717185,1.942890293094024e-16,0.21167553028659725,0.19891615321683018,0.055200800678232076,-1.942890293094024e-16,-1.1131941385122308e-17,-0.0988720653337806,0.22559272722601043,-0.11675950708508376,-0.057749363093752615,0.39358071805779793,0.1537754635555904,-0.11461288615270668,0.2563315571736512,0.19732141318231988,-0.2826008769844941,-0.09887206533378079,DIFFICULT,1
100100,5,0.1070569413658046,0.0,0.0432530557559754,0.0512001436715876,0.0,0.0,0.1343178183436401,0.0667144270376812,0.2000502347220124,0.1397212319783902,4.163336342344337e-17,3,0.2011495458566843,0.0,0.0,1.0,0.34838764538754147,0.7942053342266819,2.7755575615628914e-17,0.4092173986767019,0.3836996337519373,0.29477105792796954,-2.7755575615628914e-17,-1.5902773407317584e-18,-0.12647246567289666,0.32898532905121847,0.10480358917069146,0.25759436852172046,0.7691353239649847,0.5500773227970044,0.26094171975448016,0.5716752887891244,0.4188845094380953,-0.1792082751592859,-0.1264724656728967,DIFFICULT,1
100101,1,0.3210954368000321,-0.0095990624538054,0.0,0.0832045917841277,-0.1888546727501338,0.0,0.3508452047564201,0.2026838612569145,0.5138226781339876,0.3615634669136144,0.1675352464909337,4,0.0,0.0174033752310326,0.0,1.0,0.0,0.0,0.0,0.0,0.0,0.0,0.0,0.0,0.0,0.0,0.0,0.0,0.0,0.0,0.0,0.0,0.0,0.0,0.0,CORRECTABLE,0
100101,2,0.0,0.0,0.2015463761079692,0.0907437878020859,0.0,0.0,0.1270275791704926,-0.0443414091414631,0.2857791517499819,0.1555179413210422,4.199514112656138e-17,2,0.0,0.0174033752310326,0.0,1.0,0.05716608871558484,0.1307361344240654,6.93152979458489e-09,0.06837383112028808,0.06320805213338282,0.02974976795638809,6.93152979458489e-09,3.971474027988966e-10,-3.465764897292445e-09,0.12353466301698096,0.004977006092356351,-0.012984139929671012,0.09023286765572491,5.551115123125783e-17,-0.06803166936191496,0.08482872679039244,0.10278987419872582,-0.034729869841741035,3.465764897292445e-09,CORRECTABLE,0
100101,3,-0.1229424811939586,0.0,0.0,0.0,0.0,-0.0564207921000199,-0.1397451347335907,-0.1793632732939785,-0.1229520646421937,0.1411266854514951,0.0,1,0.0,0.0174033752310326,0.0,1.0,0.16026391247590027,0.36122318862054187,3.4657645087143862e-09,0.1966768849237078,0.17611381986103278,0.14190246314868676,3.4657645087143862e-09,1.9857367913556555e-10,-0.014874885711076286,0.25724350649961886,0.05523025047592457,0.08185756000409626,0.3533424490597439,0.18667149212977527,0.022472969943994003,0.28634614575230116,0.25971883691728237,-0.07362597053667222,-0.014874882245311777,DIFFICULT,1
100101,4,0.0,0.0,0.1335088554720573,0.0,0.0,0.0,0.0841459272845147,0.0,0.1335088554720573,0.0939365029098909,1.635011925116816e-17,1,0.0,0.0174033752310326,0.0,1.0,0.2102431000937178,0.5273256409298344,0.3265108000865048,0.24844995346396978,0.3440688576794141,-0.19775716029535947,0.3265108000865048,0.0187076901455919,-0.5273256409298344,-0.22243775517984052,-0.39051614295975257,-0.3246566927525017,-0.005869947303593637,-0.13049147003619083,-0.27143726709519544,0.010436211643999355,0.009878921454049422,-0.2920985949195394,-0.20081484084332954,CORRECTABLE,0
100101,5,0.3739416369632217,0.0,0.0,0.0635843591674056,0.0005242897089952,0.0,0.3738590470174322,0.3102262053685673,0.4373949237033785,0.3765263078337539,5.551115123125783e-17,3,0.0,0.0174033752310326,0.0,1.0,0.13894285982394125,0.34681935135721004,0.16325538123661562,0.16210985212504658,0.21091626293783472,-0.014732652863165063,0.16325538123661562,0.009353844244556776,-0.34681935135721004,-0.017000502251790783,-0.16418640086018357,-0.08511609585840113,0.23630864170888294,0.10189596558354616,-0.06190976185269669,0.18467464099814423,0.1382554122436849,-0.21726567707140096,-0.18356397012059442,CORRECTABLE,0
100102,1,0.7674779383466399,0.0,0.0,0.0,0.0,0.0,0.7674779383466401,0.7674779383466399,0.7674779383466399,0.7674779383466399,0.0,1,0.0,0.0174033752310326,0.0,1.0,0.0,0.0,0.0,0.0,0.0,0.0,0.0,0.0,0.0,0.0,0.0,0.0,0.0,0.0,0.0,0.0,0.0,0.0,0.0,CORRECTABLE,0
100102,2,0.3942516132958566,0.0,0.0,0.0,0.0,0.0,0.3942516132958565,0.3942516132958566,0.3942516132958566,0.3942516132958566,0.0,1,0.0,0.0174033752310326,0.0,1.0,0.0,0.0,0.0,0.0,0.0,0.0,0.0,0.0,0.0,0.0,0.0,0.0,0.0,0.0,0.0,0.0,0.0,0.0,0.0,HIGHLY_CORRECTABLE,0
100102,3,0.0,0.0,0.1852170691248101,0.1115134083729598,-0.1902769042984566,0.0,0.1467096006203526,-0.035374066588541,0.2980248242616382,0.1751878703884642,3.5953973910381625e-17,3,0.0,0.0174033752310326,0.0,1.0,0.0,0.0,0.0,0.0,0.0,0.0,0.0,0.0,0.0,0.0,0.0,0.0,0.0,0.0,0.0,0.0,0.0,0.0,0.0,CORRECTABLE,0
100102,4,0.0,0.0,0.0,0.0,0.132376088823181,0.0,-0.0208528487440407,-0.0383287892053948,0.0,0.0247597234691585,1.6211395346095436e-17,1,0.0,0.0174033752310326,0.0,1.0,0.15136338076152378,0.2980248242616381,2.7755575615628914e-17,0.17518787038846417,0.15233524854579497,0.14670960062035257,-2.7755575615628914e-17,-1.5902773407317584e-18,0.0,0.2080275589746713,0.09761115174996012,0.12049063764250023,0.2933916500274764,0.18521706912481012,0.08128054265270446,0.2515825113914879,0.22870302549894772,-0.004083548400100584,-2.7755575615628914e-17,CORRECTABLE,0
100102,5,0.0,-0.005338818584892,0.071795560944954,0.0480494999948897,0.0,-0.0001624730826313,0.0452018262306313,-0.0710227200631935,0.1248789947006299,0.0699659375555305,0.0931799627427092,3,0.0,0.0174033752310326,0.0,1.0,0.09014495823249875,0.21956821057915932,4.163336342344337e-17,0.10993325586721012,0.10390727623021845,0.05250195156613563,-4.163336342344337e-17,-2.3854160110976377e-18,-0.0733548003101762,0.10354927355792538,-0.013512791123301789,0.021956408956933557,0.21225597844065777,0.11186226881463392,0.0001448710658858432,0.15304828270592125,0.11757908262568581,-0.10856183381684652,-0.07335480031017624,CORRECTABLE,0
100103,1,0.0,0.0,0.0,0.0,0.2063808296073443,0.0,-0.0325106162429386,-0.0597564664765136,0.0,0.0386016259872949,2.5274362238400963e-17,1,0.0,0.0174033752310326,0.0,1.0,0.0,0.0,0.0,0.0,0.0,0.0,0.0,0.0,0.0,0.0,0.0,0.0,0.0,0.0,0.0,0.0,0.0,0.0,0.0,CORRECTABLE,0
100103,2,0.0,0.0115515298846142,0.0,0.0,0.0,0.0,6.870191984066563e-19,-0.1008061164303584,0.1008061164303584,0.0587795615611594,0.2016122328607168,1,0.0,0.0174033752310326,0.0,1.0,0.03251061624293864,0.05975646647651367,2.7755575615628914e-17,0.03860162598729499,0.031540287414565195,-0.03251061624293864,-2.7755575615628914e-17,-1.5902773407317584e-18,0.0,-0.04852304319963313,-0.058883949850939366,-0.03925596656729291,-0.012130760799908276,0.0,-0.012130760799908272,-0.039255966567292924,-0.05888394985093938,-0.04852304319963313,-2.7755575615628914e-17,HIGHLY_CORRECTABLE,0
100103,3,0.2314409984229871,0.0,0.1075149976712915,0.197096914943138,0.1259742176499937,0.0,0.2793595338352667,0.035981714136496,0.5274311205645915,0.3143867712478568,1.6653345369377348e-16,4,0.0,0.0174033752310326,0.0,1.0,0.022380849050072198,0.04350116825828369,3.09476229087835e-08,0.026407960968074958,0.022405410573601136,-0.01625530812146933,-3.09476229087835e-08,-1.773168178635675e-09,0.016255323595280757,-0.03226772269911468,-0.042628632445183195,-0.023000652256299034,0.0041245504163233,0.0162553081214693,0.00412454422679874,-0.023000664635348195,-0.04262865101375693,-0.032267747457212975,0.01625529264765785,CORRECTABLE,0
100103,4,0.0,0.0,0.0,0.0,0.0033517756996832,0.0,-0.0005279961986398,-0.0009704887445989,0.0,0.0006269186542114,4.10474138207699e-19,1,0.0,0.0174033752310326,0.0,1.0,0.13224979365197362,0.3124191077275133,1.547381001110182e-08,0.1542442889525467,0.14882510395124374,0.039790881351544925,-1.547381001110182e-08,-8.865840066234157e-10,0.024382969919108932,0.16691587697955043,-0.12309849304543127,-0.06770392101623188,0.29455076863238494,0.1318979598534956,-0.08034984505906309,0.16399739254608536,0.10860281742212385,-0.20798474599618344,0.02438295444529892,CORRECTABLE,0
100103,5,0.0,0.0078459956957195,0.0,0.0,-0.0244697174549475,0.0,0.0038546486864331,-0.0684692294217862,0.0684692294217862,0.0401855626008566,0.1369384588435725,2,0.0,0.0174033752310326,0.0,1.0,0.12977440687487699,0.2923944880121413,7.736902563060255e-09,0.15037667278591596,0.14168833806576786,0.019367444477132727,-7.736902563060255e-09,-4.432918633673019e-10,0.0044875253748828114,0.14623238347890863,-0.14395025447837895,-0.08823690886345444,0.27445831475039517,0.11200251917772319,-0.10044229739367136,0.14346440779362574,0.08775106063132065,-0.2286682333072993,0.004487517637980248,CORRECTABLE,0
100104,1,0.7520884588632978,-0.0002427186660751,0.2258100807528377,0.1197672077810908,0.0,-0.048156425507808,0.8800671502865826,0.683442898588259,1.0521134233437917,0.8859986744415795,0.0042362398790848,4,0.0,0.0174033752310326,0.0,1.0,0.0,0.0,0.0,0.0,0.0,0.0,0.0,0.0,0.0,0.0,0.0,0.0,0.0,0.0,0.0,0.0,0.0,0.0,0.0,DIFFICULT,1
100104,2,-0.1775311490276297,0.0,0.0,0.0,0.0,0.0,-0.1775311490276297,-0.1775311490276297,-0.1775311490276297,0.1775311490276297,0.0,1,0.0,0.0174033752310326,0.0,1.0,0.17659314207210478,0.530069940612061,0.6736273985265366,0.21631732502621104,0.43571887686583183,-0.08795675221999226,0.6736273985265366,0.0385960010619961,-0.530069940612061,-0.2794823839728968,-0.33845780497675904,-0.2466884091412711,-0.01982774973040735,-0.09180576216583991,-0.1129130368224639,0.16355734715329096,0.20651343102311026,0.031608768050968794,0.1435574579144756,DIFFICULT,1
100104,3,0.0,-0.0296264942320827,0.0,0.0,0.0,0.0,-5.4961535872532505e-18,-0.2585399581285569,0.2585399581285569,0.1507534058742933,0.5170799162571138,1,0.0,0.0174033752310326,0.0,1.0,0.36464216121183435,0.5651342097349726,0.026113127879668352,0.38099332268171665,0.32486618191611427,-0.36464216121183435,0.026113127879668352,0.001496172017050323,-0.5226869357082156,-0.3363579551743523,-0.4547415407049886,-0.4003325066973456,-0.17724520710982417,-0.274857710673609,-0.3998333483312543,-0.2490924586615309,-0.29827886709324025,-0.5432782196679813,-0.4965738078285472,CORRECTABLE,0
100104,4,1.1535664388358655,0.0,0.0,0.0,0.0,0.0,1.1535664388358655,1.1535664388358655,1.1535664388358655,1.153566438835866,0.0,1,0.0,0.0174033752310326,0.0,1.0,0.18357426444513963,0.388427466269862,0.013056529877792544,0.21343219422539017,0.19686069760037728,-0.18232108060591717,0.013056529877792544,0.000748084057041464,-0.33383755610136046,-0.14881423536768476,-0.26850348069850877,-0.21540010649105323,0.006381533296280606,-0.09253663006769178,-0.2188179275255247,-0.06938269765598887,-0.11987476588788576,-0.36617977826281445,-0.3207810262235679,CORRECTABLE,0
100104,5,-0.0773810401181888,-0.0060380605137809,0.0,0.0729285552394037,0.0,0.0,-0.0773810401181888,-0.1944269829646816,0.0396649027283038,0.1018320534872243,0.1053840367902622,3,0.0,0.0174033752310326,0.0,1.0,0.11846813100162976,0.3000740801550681,0.006528264323920618,0.1438526886842643,0.14190641151261196,-0.09116054030295848,0.006528264323920618,0.0003740419933011635,-0.2394128830214658,-0.05504238884317725,-0.1753844607293885,-0.12293391307732016,0.09819490015462651,-0.001376089764733024,-0.12831021377795304,0.02047218953619545,-0.030672705251088672,-0.27763054418140454,-0.23288461869754518,CORRECTABLE,0
100105,1,0.0,0.0,0.0768550684352806,0.0,0.0956871218564203,0.0,0.0333657069766136,-0.0013138587444977,0.0768550684352806,0.0439645751688214,2.306261394357063e-18,2,0.0,0.0174033752310326,0.0,1.0,0.0,0.0,0.0,0.0,0.0,0.0,0.0,0.0,0.0,0.0,0.0,0.0,0.0,0.0,0.0,0.0,0.0,0.0,0.0,CORRECTABLE,0
100105,2,-0.5452510850740971,0.0,0.1143840220273189,0.0,0.0,0.0,-0.4731588664269561,-0.5452510850740971,-0.4308670630467782,0.4745093321761076,0.0,2,0.0,0.0174033752310326,0.0,1.0,0.03365684809290314,0.0768550684352806,0.0,0.04396457516882145,0.037550032475337274,0.03336570697661358,0.0,0.0,0.0,0.0012521306257446546,0.01787311756006363,0.04397628431457622,0.06746916573953193,0.0768550684352806,0.06746916573953193,0.04397628431457621,0.017873117560063614,0.0012521306257446546,0.0,CORRECTABLE,0
100105,3,0.0,-0.0215259240135195,0.0,0.0,-0.1123820272477617,0.0,0.0177032380740339,-0.1878491331232639,0.1878491331232639,0.1115326056397407,0.3756982662465279,2,0.0,0.0174033752310326,0.0,1.0,0.09081784475891222,0.17455623697429273,0.0,0.10918597777066767,0.09053082229702825,0.08877507213544782,0.0,0.0,-0.01668285348830678,0.0199158838288378,0.06842350531731234,0.11983204853132884,0.1595719817603552,0.17455623697429273,0.1595719817603552,0.11983204853132878,0.06842350531731228,0.0199158838288378,-0.01668285348830678,HIGHLY_CORRECTABLE,0
100105,4,0.1320319765552134,0.0061321172262477,0.0,0.0498644347329211,0.0609382359137506,-0.0487708350280858,0.1079081174942501,0.0346088094486745,0.1883629917801558,0.1160135064315669,0.107025636124927,4,0.0,0.0174033752310326,0.0,1.0,0.07485573278633238,0.13016870090656885,8.210948330977796e-09,0.08585386172971461,0.07009271874412633,0.06209077414175786,-8.210948330977796e-09,-4.704526851650151e-10,-0.061070385450556514,0.0019509503410793105,0.056100469511405904,0.09682084597148324,0.12179009633762265,0.13016870090656885,0.12179009469543299,0.09682084268710386,0.056100464584836876,0.001950943772320652,-0.061070393661504845,HIGHLY_CORRECTABLE,0
100105,5,0.1262152405328853,0.0115494364816307,0.0,0.0669102276140149,0.0758552889571864,0.0,0.114265961164369,-0.0116029615044116,0.2270030885751847,0.1318052982013672,0.2015756960845989,4,0.0,0.0174033752310326,0.0,1.0,0.06153070319266259,0.1414968577622623,1.7459105050576795e-08,0.07388665659045783,0.06829693918325476,0.02144595089222381,-1.7459105050576795e-08,-1.0003330334735901e-09,-0.09211576789735709,0.004002024005253209,-0.021641206042128734,0.024874740128863315,0.13458674613859622,0.09912331383568998,0.039738951478537204,0.0834938918450445,0.03697794218223144,-0.09084578113026873,-0.09211578535646214,CORRECTABLE,0
100106,1,0.0500512300915119,0.0,0.1952379838867841,0.1163301653759241,0.0,0.0,0.1731028519275705,-0.020034362574128,0.3552560680646074,0.2009788263571755,6.245004513516506e-17,3,0.0,0.0174033752310326,0.0,1.0,0.0,0.0,0.0,0.0,0.0,0.0,0.0,0.0,0.0,0.0,0.0,0.0,0.0,0.0,0.0,0.0,0.0,0.0,0.0,DIFFICULT,1
100106,2,0.0,0.0334639674007807,0.0,0.0,0.0,0.0,9.89307645705585e-18,-0.2920282391675787,0.2920282391675787,0.170280261452253,0.5840564783351575,1,0.0,0.0174033752310326,0.0,1.0,0.13453772270231515,0.30520483797309544,5.551115123125783e-17,0.15990494968866245,0.14791326317148945,0.12305162183605851,-5.551115123125783e-17,-3.180554681463517e-18,0.0,0.1709684167909839,0.046380852011254525,0.08957369130719779,0.2963189186263197,0.19523798388678415,0.07504579498138872,0.22632800251662327,0.18313516322067994,-0.050304706853947015,-5.551115123125783e-17,CORRECTABLE,0
100106,3,0.0,0.0154215036043428,0.3384746865917969,0.0,0.0478110803912777,0.0,0.2057971177364276,-0.134578010001811,0.3477390537814953,0.2450858970228075,0.2691560200036221,3,0.0,0.0174033752310326,0.0,1.0,0.09815614489130338,0.24367903965511506,1.5750061072017374e-07,0.11921962349653044,0.11447256496376179,0.06152581091802929,-1.5750061072017374e-07,-9.024120264998885e-09,-0.06152573216772389,0.10944266887319898,-0.015144911656591431,0.028047911889290747,0.23479312345835157,0.13371217296875496,0.013519968313298436,0.16480216009847187,0.12160930505246748,-0.11183058077222052,-0.06152588966833461,DIFFICULT,1
100106,4,-0.2656882620103379,0.0,0.2136838685609731,0.0,-0.2591979903685468,0.0,-0.090180087698247,-0.2656882620103379,-0.0430537209015544,0.1102807269907071,5.551115123125783e-17,3,0.0,0.0174033752310326,0.0,1.0,0.2607643713822499,0.5398208851520245,1.2558797282680167e-07,0.30176496979809514,0.27035211161648365,0.23656002319544223,-1.2558797282680167e-07,-7.195660800579403e-09,-0.09228865358305743,0.17203312179166347,0.13940129049640693,0.26202256575479926,0.5231285062971452,0.44142395410153723,0.3018553575346196,0.3987768267290355,0.2761555263530486,-0.04924010232364573,-0.09228877917103026,DIFFICULT,1
100106,5,0.0,0.0,0.0,0.0,0.0155138115807457,0.0,-0.0024438489549948,-0.0044919412496381,0.0,0.002901715015957,1.8998939694935397e-18,1,0.0,0.0174033752310326,0.0,1.0,0.168469419412268,0.469455598192168,0.10066035373104826,0.20233712801606807,0.2418093242022521,0.03123162213217569,0.10066035373104826,0.005767413413603563,-0.469455598192168,-0.06876529112698875,-0.026020277546239555,0.09202163981809028,0.276512240514143,0.14687498578600963,0.07537118761542155,0.26904009251993494,0.17113024590181475,-0.20951013178708114,-0.3687952444611197,CORRECTABLE,0
100107,1,0.0,0.0,0.0,0.0,0.1814223053362151,0.0,-0.0285789671352548,-0.0525298591324665,0.0,0.0339333647881227,2.221782455239297e-17,1,0.0,0.0174033752310326,0.0,1.0,0.0,0.0,0.0,0.0,0.0,0.0,0.0,0.0,0.0,0.0,0.0,0.0,0.0,0.0,0.0,0.0,0.0,0.0,0.0,HIGHLY_CORRECTABLE,0
100107,2,0.0,0.0,0.0782328390955296,0.1328602096137854,0.0,0.0,0.0493074018687199,-0.1131423244118871,0.2083730509343563,0.1084823579478422,8.804333866388618e-17,2,0.0,0.0174033752310326,0.0,1.0,0.028578967135254867,0.05252985913246648,2.7755575615628914e-17,0.0339333647881227,0.02772598435912868,-0.028578967135254867,-2.7755575615628914e-17,-1.5902773407317584e-18,0.0,-0.04265494220541172,-0.05176285970738892,-0.03450857313825928,-0.01066373555135293,0.0,-0.010663735551352922,-0.03450857313825929,-0.05176285970738893,-0.04265494220541173,-2.7755575615628914e-17,CORRECTABLE,0
100107,3,0.0,0.0,0.0,0.0980209480649967,0.0,0.0,1.0044329051422617e-18,-0.0980209480649967,0.0980209480649967,0.0689672983906671,7.202462417831229e-17,1,0.0,0.0174033752310326,0.0,1.0,0.0900355723464797,0.21567046552920568,1.1102230246251565e-16,0.10576022688419597,0.10228783405112524,0.03501791830109242,-1.1102230246251565e-16,-6.361109362927034e-18,0.014289483567627409,0.12216738627046572,-0.0695825389019089,-0.03502066505161738,0.2043871675358787,0.09252232266315705,-0.04832796868318249,0.1211658786033222,0.08660400475303057,-0.13054774994859547,0.014289483567627298,CORRECTABLE,0
100107,4,0.0,-0.0204794399492699,0.072440724265991,0.0319151231885568,-0.0298936349648862,0.0,0.0503658997862313,-0.1787168356504944,0.2060381382336931,0.1247954625320395,0.3574336713009889,4,0.0,0.0174033752310326,0.0,1.0,0.14762236944887358,0.2959890324934056,1.5265566588595902e-15,0.167081313048224,0.1497915518875066,0.01750895915054622,1.5265566588595902e-15,8.746525374024671e-17,-0.0032194755829196564,0.19788188851056276,-0.1447067657407871,-0.11014489189049545,0.2801016697759763,0.07501336351261088,-0.1590603892243725,0.16127218714110794,0.1267103132908164,-0.2412801704897849,-0.00321947558291813,CORRECTABLE,0
100107,5,0.0,0.0013141446799465,0.0737224139263319,0.0,0.0762939688154888,0.0,0.0344462563888672,-0.0114680757583285,0.0738674925011445,0.0439981575442147,0.022936151516657,3,0.0,0.0174033752310326,0.0,1.0,0.17369894806445935,0.39040367454982533,5.828798582685479e-09,0.20149489862299047,0.189380278395224,0.05912037936150447,-5.828798582685479e-09,-3.3396555841971394e-10,-0.011973952243792718,0.24889432713457998,-0.12111173201508532,-0.07336672475350264,0.3723526032957114,0.13869960820332883,-0.12751562862407642,0.2355688294172432,0.1878238209899006,-0.2509739082824867,-0.0119739580725913,CORRECTABLE,0
100108,1,-0.5687732356167515,0.0,0.0,0.0,0.0,0.0,-0.5687732356167515,-0.5687732356167515,-0.5687732356167515,0.5687732356167516,0.0,1,0.0,0.0174033752310326,0.0,1.0,0.0,0.0,0.0,0.0,0.0,0.0,0.0,0.0,0.0,0.0,0.0,0.0,0.0,0.0,0.0,0.0,0.0,0.0,0.0,CORRECTABLE,0
100108,2,-0.3007304702288593,0.0,0.1415539412232871,0.0,0.0,0.0,-0.2115140088720759,-0.3007304702288593,-0.1591765290055722,0.2160975762821141,0.0,2,0.0,0.0174033752310326,0.0,1.0,0.0,0.0,0.0,0.0,0.0,0.0,0.0,0.0,0.0,0.0,0.0,0.0,0.0,0.0,0.0,0.0,0.0,0.0,0.0,HIGHLY_CORRECTABLE,0
100108,3,0.6291491352659045,0.0088800888951973,0.0,0.1450365841234216,-0.0154878845386635,0.0,0.6315889000037895,0.4492378246941602,0.8168043881069806,0.6395373048920755,0.154986790331954,4,0.0,0.0174033752310326,0.0,1.0,0.08921646135678342,0.1415539412232871,0.0,0.09959700549160085,0.07919082132318124,0.08921646135678342,0.0,0.0,0.0,0.04374257345874816,0.08320331905492373,0.11451954407039172,0.13462579820766832,0.1415539412232871,0.1346257982076684,0.11451954407039172,0.08320331905492373,0.04374257345874816,0.0,CORRECTABLE,0
100108,4,0.0,0.0289813978918914,0.0,0.0,0.0,0.0,1.6488460761759752e-18,-0.2529104290914658,0.2529104290914658,0.147470854573702,0.5058208581829317,1,0.0,0.0174033752310326,0.0,1.0,0.10153591511604082,0.2378458300870807,2.159561390824294e-08,0.1206037674137041,0.11387490678099103,0.04704799541627662,-2.159561390824294e-08,-1.2373375329363414e-09,-0.044608219880584776,0.14071375989878632,-0.042236314281170806,-0.012393076776676448,0.22886591313271176,0.09694571054489542,-0.04701006804995156,0.1581076449663258,0.1282644031427086,-0.13516223424124518,-0.044608241476198685,CORRECTABLE,0
100108,5,0.0,0.0,0.0,0.055661135552613,0.0,0.0,1.158026707119215e-18,-0.055661135552613,0.055661135552613,0.0391630383117185,4.089913889484874e-17,1,0.0,0.0174033752310326,0.0,1.0,0.09795126546953205,0.21432184146574512,1.3518064767570337e-07,0.11351270869542918,0.10503324350432038,0.023523997708138317,-1.3518064767570337e-07,-7.745280583662765e-09,-0.06813216079620615,0.11718980762466152,-0.06576027791379899,-0.03591705176780799,0.20534192678307683,0.07342171283675712,-0.07053407711659324,0.13458362454118075,0.10474037135906017,-0.15868627738339697,-0.06813229597685383,CORRECTABLE,0
100109,1,0.229718050949646,0.0,0.0,0.0,-0.3112300388821463,0.0,0.278745280739463,0.229718050949646,0.3198330457402435,0.2805066502755179,2.775557561562892e-17,2,0.0,0.0174033752310326,0.0,1.0,0.0,0.0,0.0,0.0,0.0,0.0,0.0,0.0,0.0,0.0,0.0,0.0,0.0,0.0,0.0,0.0,0.0,0.0,0.0,HIGHLY_CORRECTABLE,0
100109,2,0.0010690887669139,0.0,0.0740479021853506,0.0598153795738833,0.0676676741690348,0.0,0.0370793658990053,-0.0539049376521521,0.1298800554744547,0.061889771431832,4.315124646492308e-17,4,0.0,0.0174033752310326,0.0,1.0,0.04902722978981697,0.09011499479059748,0.0,0.058212701149605015,0.047563937489084836,0.04902722978981697,0.0,0.0,0.0,0.07317457077013542,0.08879920696369778,0.05919947130913186,0.018293642692533862,0.0,0.018293642692533807,0.059199471309131835,0.08879920696369781,0.07317457077013545,0.0,HIGHLY_CORRECTABLE,0
100109,3,0.2772248802762205,0.0,0.1607008331827797,0.0,0.1835100667380777,0.0,0.3496011064090468,0.2761865765897371,0.4379257134590002,0.3545220709799319,0.0,3,0.0,0.0174033752310326,0.0,1.0,0.06590184341878592,0.1485521296251523,2.7755575615628914e-17,0.07879859686424001,0.07221605159960548,0.06052389202699984,-2.7755575615628914e-17,-1.5902773407317584e-18,-0.024513614894908414,0.11252119819332751,0.05334452422442969,0.04656211321398129,0.11711416811404993,0.04953428729044222,0.0033385550772304026,0.11687930916159144,0.12366172017203982,-0.0012544148434919244,-0.024513614894908442,CORRECTABLE,0
100109,4,0.0,0.0008720788386043,0.0,0.0367782293169179,0.0,0.0,9.70414617749402e-19,-0.0405833910848651,0.0405833910848651,0.0251133736187229,0.0152206470717888,2,0.0,0.0174033752310326,0.0,1.0,0.11597066864477239,0.23460989206623972,5.551115123125783e-17,0.1320898095253013,0.11838314916583377,0.10263817214632616,-5.551115123125783e-17,-3.180554681463517e-18,-0.05477556090840835,0.08877273629318017,0.06518162455377843,0.11140418330016216,0.22890134558550806,0.17997317445972205,0.11512573254868863,0.18172137924777232,0.13549882050138845,-0.025002876743639324,-0.054775560908408405,CORRECTABLE,0
100109,5,0.0,0.0,0.0,0.0,-0.0302872571331332,0.0,0.0047710700435689,0.0,0.008769513471697,0.0056649514117111,3.7091192503044526e-18,1,0.0,0.0174033752310326,0.0,1.0,0.09251350439944545,0.21999646199359701,1.4746502491336244e-09,0.11133066683532637,0.10488605704384046,0.05131908607316316,-1.4746502491336244e-09,-8.449123553327206e-11,-0.10609464624424626,0.07243182545952948,-0.007755161874904534,0.03846739672401418,0.21256043430946228,0.12865408838655906,0.02882847167840838,0.15201999367759433,0.10579743478374543,-0.11130013805631461,-0.10609464771889651,CORRECTABLE,0
100110,1,-0.4143733719474678,0.0,0.3586411719211795,0.1412014487585829,0.0,0.0,-0.188334478369889,-0.4749336083724724,0.0739232480166858,0.24066888420078,5.551115123125783e-17,3,0.0,0.0174033752310326,0.0,1.0,0.0,0.0,0.0,0.0,0.0,0.0,0.0,0.0,0.0,0.0,0.0,0.0,0.0,0.0,0.0,0.0,0.0,0.0,0.0,DIFFICULT,1
100110,2,0.0,0.0,0.0876620456357433,0.0,0.0,0.0,0.0552502985033896,0.0,0.0876620456357433,0.0616788000753438,1.0735504359452233e-17,1,0.0,0.0174033752310326,0.0,1.0,0.2346125570234768,0.4882966199641536,0.0,0.2711922150235257,0.2439919745986417,0.22603889357757873,0.0,0.0,0.0,0.24511677495835815,0.1278078625375324,0.20715067378415503,0.4753785815195347,0.35864117192117956,0.20679746561520174,0.37314293214940797,0.2938001209027852,-0.023464340945974715,0.0,CORRECTABLE,0
100110,3,0.0,0.0,0.0,0.0,-0.0133309363865616,0.0,0.0020999865047887,0.0,0.0038599014007246,0.0024934283936813,1.632568857543968e-18,1,0.0,0.0174033752310326,0.0,1.0,0.20611689559802995,0.4601851544482348,1.3877787807814457e-17,0.24014272600514625,0.2239048876143941,0.168269745292179,-1.3877787807814457e-17,-7.951386703658792e-19,-0.1130194467887893,0.15918639003268575,0.06631487335922277,0.16505131167635428,0.4457306944643822,0.3332837707681336,0.17714957856004923,0.3310435700416072,0.2323071317244756,-0.10939472587164711,-0.11301944678878931,CORRECTABLE,0
100110,4,0.0306608370693571,0.0,0.0,0.0,0.0,0.0,0.0306608370693571,0.0306608370693571,0.0306608370693571,0.0306608370693571,0.0,1,0.0,0.0174033752310326,0.0,1.0,0.1595078622425337,0.37656406000882076,0.0,0.1914986947845399,0.17997144615386032,0.08623485915087838,0.0,0.0,-0.1971543194348787,0.07818580850950435,-0.014016457111239958,0.083452133814016,0.3623793945990198,0.2491488981220442,0.09379827869468682,0.2494443921792689,0.1519758012540129,-0.19039530739482852,-0.1971543194348787,CORRECTABLE,0
100110,5,0.1520373640632371,0.0174423578303564,0.0,0.0,-0.004664896255309,0.0,0.1527722126063795,-0.0001759273642795,0.3042506554907538,0.1766833085297952,0.3044265828550333,3,0.0,0.0174033752310326,0.0,1.0,0.14538325443338915,0.33344663043338174,0.0,0.1763360765827671,0.16128257311830796,0.04311742957543928,0.0,0.0,-0.2402717490103178,0.03506837893406525,-0.057133886686679056,0.04033470423857691,0.3192619650235807,0.2060314685466051,0.05068084911924772,0.2063269626038298,0.10885837167857376,-0.23351273697026761,-0.2402717490103178,CORRECTABLE,0
100111,1,0.339798615876281,0.0,0.1843855889612945,0.0,0.0,0.0,0.4560103555859122,0.339798615876281,0.5241842048375756,0.4596422429542623,0.0,2,0.0,0.0112521058649797,0.0,1.0,0.0,0.0,0.0,0.0,0.0,0.0,0.0,0.0,0.0,0.0,0.0,0.0,0.0,0.0,0.0,0.0,0.0,0.0,0.0,CORRECTABLE,0
100111,2,0.0,0.0,0.1139735307151955,0.0,0.0,0.0,0.0718335004371861,0.0,0.1139735307151955,0.0801914963754541,1.3957731957788682e-17,1,0.0,0.0112521058649797,0.0,1.0,0.11621173970963126,0.18438558896129453,0.0,0.12973324767681563,0.1031525233689593,0.11621173970963126,0.0,0.0,0.0,0.0569782805068737,0.10837912992671073,0.14917107498752097,0.17536111589255887,0.18438558896129453,0.17536111589255893,0.14917107498752097,0.10837912992671067,0.0569782805068737,0.0,CORRECTABLE,0
100111,3,0.0,0.0,0.0,0.077642060309485,0.0,0.0,1.4103241520297314e-18,-0.077642060309485,0.077642060309485,0.0546287630015548,5.705046038232993e-17,1,0.0,0.0112521058649797,0.0,1.0,0.13827926408754634,0.24025324982167445,0.0,0.15997382840770763,0.129557137013537,0.12993937029200175,0.0,0.0,-0.0581058698548156,0.034092168551968574,0.11726522057799026,0.1832717283902136,0.22565051510959577,0.24025324982167445,0.22565051510959583,0.18327172839021358,0.11726522057799019,0.03409216855196859,-0.0581058698548156,CORRECTABLE,0
100111,4,0.1575534584387705,-0.0110369247241013,0.0,0.0,0.0,0.0,0.1575534584387705,0.0612381193822917,0.2538687974952494,0.1672637181482862,0.1926306781129576,2,0.0,0.0112521058649797,0.0,1.0,0.10610271002373961,0.24339891572609967,4.163336342344337e-17,0.12614573935962833,0.11746506166091464,0.06496968514600093,-4.163336342344337e-17,-2.3854160110976377e-18,-0.1230755550008164,0.04296447080188481,0.006658677424471404,0.07266518523669474,0.23452281735951203,0.1752835646756737,0.08683884256767802,0.16393890125173088,0.09793239343950749,-0.10471950398994921,-0.12307555500081645,CORRECTABLE,0
100111,5,0.0,0.0,0.0,0.0,0.0361561108446056,0.0,-0.0056955747621643,-0.0104688087053309,0.0,0.0067626662352024,4.427846541546327e-18,1,0.0,0.0112521058649797,0.0,1.0,0.09373528483593965,0.2109140731417333,1.420751016834032e-10,0.1129024028373799,0.10268504771966241,0.03248484257300053,1.420751016834032e-10,8.140303700351022e-12,-0.15556039764485438,0.010479628172054362,-0.02582616519115158,0.04018034263527928,0.20203797477230412,0.14279872210267328,0.05435400000888513,0.13145405870714552,0.06544755090912963,-0.13720434650611957,-0.15556039750277928,CORRECTABLE,0
100112,1,0.0,0.0,0.3209193864848132,0.0749836390182421,0.2491326550545069,0.0733128828421216,0.1848522655505584,-0.0481145859282653,0.4422779281274111,0.2347858826181215,4.6305597160498085e-17,3,0.0,0.0112521058649797,0.0,1.0,0.0,0.0,0.0,0.0,0.0,0.0,0.0,0.0,0.0,0.0,0.0,0.0,0.0,0.0,0.0,0.0,0.0,0.0,0.0,DIFFICULT,1
100112,2,0.0,0.0,0.0,0.0,-0.1517925794984273,0.0,0.0239114762257139,0.0,0.0439507303340083,0.0283913985256919,1.8589229661706924e-17,1,0.0,0.0112521058649797,0.0,1.0,0.17066508964749902,0.3783932118386071,4.163336342344337e-17,0.20415873240012303,0.1851333636858441,0.1630189852200723,-4.163336342344337e-17,-2.3854160110976377e-18,0.0,0.11190862254980896,0.07347563486892601,0.16816711331015025,0.36188250217509643,0.3209193864848132,0.21925514516745107,0.25631566766644065,0.16162418922521637,-0.030718734457836364,-4.163336342344337e-17,CORRECTABLE,0
100112,3,0.0,0.0,0.1535310484263448,0.1593716596690814,-0.0959010131142514,0.0,0.1118722383072544,-0.1033148992254746,0.3114608175533287,0.1648962057135357,8.655777815608343e-17,3,0.0,0.0112521058649797,0.0,1.0,0.13292895118493525,0.3014078288160282,1.7069679003611782e-15,0.15715960239957769,0.1460169942402473,0.10542096883575011,1.7069679003611782e-15,9.780205645500314e-17,-0.08150949261003697,0.06608770579441553,0.035275138816058205,0.1155302850715597,0.28929515352872104,0.23940989387477712,0.14666779652107598,0.20367883942785076,0.12342369317234969,-0.0765396512132284,-0.08150949261003526,DIFFICULT,1
100112,4,0.0,0.0702270960098134,0.0,0.0,0.0,0.3621673042284379,0.1078569000864991,-0.6127858151068903,0.6129088481762013,0.3941062205743615,1.2256946632830916,1,0.0,0.0112521058649797,0.0,1.0,0.22923160876306523,0.5591621151664429,1.609823385706477e-15,0.27624132678141183,0.2641422498569941,0.16458272272512953,1.609823385706477e-15,9.223608576244199e-17,-0.13421997702791194,0.23494006042092308,0.006493814277813752,0.11159417349626262,0.5398097487302478,0.34023045788324696,0.09403948084049597,0.3870953502262762,0.28199499100782766,-0.21083020746882758,-0.13421997702791033,DIFFICULT,1
100112,5,0.0389204469222337,0.0,0.0,0.0,0.0,0.0,0.0389204469222337,0.0389204469222337,0.0389204469222337,0.0389204469222337,0.0,1,0.0,0.0112521058649797,0.0,1.0,0.47534251082649737,1.095296589791679,0.4622011681383026,0.5617262924365809,0.6660247098706017,-0.46681781726254484,0.4622011681383026,0.026482174334546454,-1.095296589791679,-0.678692334010158,-0.8476473198755912,-0.6282952332296787,-0.002407376373197101,-0.0586112141312467,-0.3557374106352888,-0.16791358924434496,-0.29482544226259666,-0.7547016673892679,-0.6330954216533765,DIFFICULT,1
100113,1,0.0,0.0001879003298859,0.0,0.0671139441013579,0.0,0.0,8.695086729834243e-19,-0.0679338139568844,0.0679338139568844,0.0469862002188821,0.0032794794221058,2,0.0,0.0112521058649797,0.0,1.0,0.0,0.0,0.0,0.0,0.0,0.0,0.0,0.0,0.0,0.0,0.0,0.0,0.0,0.0,0.0,0.0,0.0,0.0,0.0,CORRECTABLE,0
100113,2,0.0,0.0,0.0,0.0857133685852696,0.0,0.0,1.712289418253397e-18,-0.0857133685852696,0.0857133685852696,0.0603077156871582,6.298116148925267e-17,1,0.0,0.0112521058649797,0.0,1.0,0.042289115436524284,0.06711394406920948,1.285937745176824e-10,0.04722120629645307,0.037543038519943575,1.5801441563353095e-18,-1.285937745176824e-10,-7.367880551520153e-12,6.429685950326558e-11,0.06382915392330261,-0.039448586527381466,-0.03944858654024086,0.06382915388472449,2.46572630465647e-17,-0.06382915388472452,0.03944858654024092,0.03944858652738151,-0.0638291539233026,-6.429691501441681e-11,CORRECTABLE,0
100113,3,0.0,0.0,0.4703425567619864,0.130940080416142,0.0,0.0,0.2964403405314951,-0.0323549640487652,0.5862475805197044,0.3435166312148252,3.861285955290029e-17,2,0.0,0.0112521058649797,0.0,1.0,0.09629789983743543,0.15282731267055358,6.429591581369465e-11,0.10752892197882542,0.08549045596956803,3.9160094309179404e-18,-6.429591581369465e-11,-3.683884616053152e-12,3.214789545680219e-11,0.14534741162421244,-0.08982964052540127,-0.08982964053183087,0.14534741160492365,5.535777171302335e-17,-0.1453474116049237,0.08982964053183104,0.08982964052540135,-0.14534741162421239,-3.214802035689246e-11,DIFFICULT,1
100113,4,0.0,0.0129561529302751,0.0,0.0,0.0,0.0,8.244230380879876e-19,-0.1130637654397277,0.1130637654397277,0.0659269377329124,0.2261275308794554,1,0.0,0.0112521058649797,0.0,1.0,0.32474166793555437,0.7387733234173954,3.214700727838249e-11,0.38649609920262923,0.35770410733579194,0.2964403405314951,-3.214700727838249e-11,-1.841887841027656e-12,1.6073420372464398e-11,0.4152226715525533,0.10966612965258636,0.21372083285735094,0.7172011818251023,0.4703425567619865,0.17744352517371823,0.5473094103390701,0.44325470712787585,-0.12453498511811888,-1.607358690591809e-11,DIFFICULT,1
100113,5,0.3804796217701994,0.0,0.0,0.0,0.0,0.0,0.3804796217701994,0.3804796217701994,0.3804796217701994,0.3804796217701994,0.0,1,0.0,0.0112521058649797,0.0,1.0,0.23773193623532893,0.5905531546514133,1.8779214794317767e-08,0.28891448325626007,0.2773769812254131,0.14822017026574755,-1.8779214794317767e-08,-1.0759697502840444e-09,-0.14822016087614018,0.267002508785633,-0.03855403498904081,0.06550066634101702,0.5689810134340616,0.32212238649623903,0.029223353033263955,0.39908923632390914,0.295034531238008,-0.27275516288269347,-0.14822017965535497,DIFFICULT,1
100114,1,0.0,0.0035904445361202,0.2600171189781024,0.0,0.0,0.0,0.1638796281257886,-0.0313325394237827,0.2607573361660115,0.1838573933092577,0.0626650788475654,2,0.0,0.0112521058649797,0.0,1.0,0.0,0.0,0.0,0.0,0.0,0.0,0.0,0.0,0.0,0.0,0.0,0.0,0.0,0.0,0.0,0.0,0.0,0.0,0.0,DIFFICULT,1
100114,2,0.0,0.0,0.10196080682215,0.0,0.0,0.0,0.0642623038478728,0.0,0.10196080682215,0.0717393733387843,1.2486597571322765e-17,1,0.0,0.0112521058649797,0.0,1.0,0.16387962815735332,0.2600171189781024,3.1880320328081524e-09,0.18294740650083705,0.14546376574713005,0.16387962812578863,-3.1880320328081524e-09,-1.8266078043241953e-10,1.594016030281864e-09,0.08034970986785914,0.15283422883531556,0.21035826871930396,0.24729097567121974,0.2600171189781024,0.24729097503361333,0.2103582674440911,0.15283422692249632,0.08034970731743349,-1.5940160025262884e-09,CORRECTABLE,0
100114,3,0.0,0.0118288561062816,0.0,0.1096459845864066,0.079627558213077,0.0,-0.0125435147845509,-0.1820438119914477,0.1413522172162456,0.0861704501758709,0.2064524887324331,3,0.0,0.0112521058649797,0.0,1.0,0.15961082968405801,0.28003811173735815,1.5940157249705322e-09,0.18490990774427113,0.1503856736790567,0.14620211791076712,-1.5940157249705322e-09,-9.133037351829768e-11,-0.08193981326588641,0.02991751723558375,0.13082547285611792,0.21090647981690686,0.26232165118384093,0.28003811173735815,0.2623216508650378,0.21090647917930047,0.1308254718997085,0.02991751596037115,-0.08193981485990214,CORRECTABLE,0
100114,4,0.0,0.0,0.0,0.0,0.0526435375414276,0.0,-0.0082927946841588,-0.0152426550095981,0.0,0.0098464869566063,6.446973974590287e-18,1,0.0,0.0112521058649797,0.0,1.0,0.12596638469006072,0.30204744420411184,1.712988123570014e-08,0.15193044717711676,0.1435971985249278,0.060557544170832735,-1.712988123570014e-08,-9.814698983659613e-10,-0.1550408644533372,0.042374430863563545,-0.029442966586049155,0.058211069632675055,0.2888197314691733,0.20693705278197472,0.08026067179019705,0.18710764820667786,0.09945360856197746,-0.16618463909334127,-0.15504088158321844,CORRECTABLE,0
100114,5,0.2054320756468833,0.0066715570598157,0.0301490323060996,0.0,0.059054738735483,0.0208008440424272,0.221325905485395,0.147215290081768,0.2636559275364762,0.224785845282709,0.1164406374547082,4,0.0,0.0112521058649797,0.0,1.0,0.11912125671835279,0.27019965455075884,8.564939368849167e-09,0.14282109879332835,0.13107838582954812,0.021985977401257534,-8.564939368849167e-09,-4.907348776205003e-10,-0.18531964082122446,-0.0002815826459720075,-0.074741835066829,0.01791889995034974,0.2554466490277272,0.17665828069655842,0.046887591061739314,0.14681548195032929,0.054154745220162726,-0.20884064575092337,-0.18531964938616383,CORRECTABLE,0
100115,1,-0.0360238170912065,0.0,0.22005204466229,0.0,0.0,0.016025228905124,0.1074396999168647,-0.0360210950990836,0.2000534564762075,0.1301679098766016,2.775557561562892e-17,2,0.0,0.0112521058649797,0.0,1.0,0.0,0.0,0.0,0.0,0.0,0.0,0.0,0.0,0.0,0.0,0.0,0.0,0.0,0.0,0.0,0.0,0.0,0.0,0.0,DIFFICULT,1
100115,2,0.0,0.0188642675871433,0.3082776000519175,0.091749517068109,-0.1003615407219292,0.0090305171396401,0.2127955667453104,-0.1646202622412277,0.419128929625943,0.254426860378657,0.3292435922697133,4,0.0,0.0112521058649797,0.0,1.0,0.13869104999433715,0.22005204466229,2.7755575615628914e-17,0.15482807833726775,0.12310573623071494,0.13869104999433715,2.7755575615628914e-17,1.5902773407317584e-18,0.0,0.06799982144760254,0.1293433465892987,0.17802584377874756,0.20928193100014306,0.22005204466229,0.20928193100014308,0.17802584377874756,0.12934334658929875,0.06799982144760257,2.7755575615628914e-17,DIFFICULT,1
100115,3,-0.1134367660209745,-0.0200440086050308,0.2837938626592406,0.0,0.0,0.0,0.0654285058494295,-0.2883537458845738,0.1924947789398038,0.1502048513855146,0.3498339597271985,3,0.0,0.0112521058649797,0.0,1.0,0.29003005212537863,0.5381185013611182,3.398666850729093e-08,0.3295362833324306,0.2813982045751926,0.2794517170433063,-3.398666850729093e-08,-1.9472926651779596e-09,-0.06934550800383424,0.2047727169343058,0.21590469485987784,0.3232430294262486,0.5262839091867773,0.4589841197170391,0.35176595024032664,0.43110104190676335,0.32376270054305895,0.03025473759585412,-0.06934554199050275,DIFFICULT,1
100115,4,0.1326109585537745,0.0,0.1340071051356251,0.0,0.0,0.0,0.2170709150449053,0.1326109585537745,0.2666180636893996,0.2210799617907277,2.775557561562892e-17,2,0.0,0.0112521058649797,0.0,1.0,0.3590339460236779,0.675351829892385,2.753558636658937e-08,0.41065255570192233,0.351380996605687,0.31859113039205733,-2.753558636658937e-08,-1.5776728852235403e-09,-0.20907136975102839,0.15274398229323502,0.24298868156511733,0.4131112274050146,0.6564620523866586,0.6030521238546267,0.48194409473042443,0.5209692424659622,0.35084669111894773,-0.02177399188435096,-0.20907139728661475,DIFFICULT,1
100115,5,0.0373352769050143,0.0085869292295983,0.0707534211519962,0.0,0.0,0.0,0.0819286651887793,-0.0375998175021418,0.124881146522989,0.095452438635717,0.1498701888143123,3,0.0,0.0112521058649797,0.0,1.0,0.3390333549748659,0.6468360438533551,1.3767791628982451e-08,0.3864287593321955,0.33440369971202333,0.2437555216871594,-1.3767791628982451e-08,-7.88836353556239e-10,-0.3683669418309543,0.03485888444398699,0.16246051233987768,0.36222968487713797,0.6246148163829364,0.5777636637942232,0.45009686148026135,0.47008770544520356,0.270318530154385,-0.13965907871936323,-0.36836695559874594,DIFFICULT,1
100116,1,0.0,0.0012458919447211,0.243574466069633,0.1377964332208839,0.0300872754181202,0.0,0.1487768359084686,-0.0764913988988708,0.3705474839893252,0.1929287797607076,0.0217449165628861,4,0.0,0.0112521058649797,0.0,1.0,0.0,0.0,0.0,0.0,0.0,0.0,0.0,0.0,0.0,0.0,0.0,0.0,0.0,0.0,0.0,0.0,0.0,0.0,0.0,DIFFICULT,1
100116,2,0.0,0.0,0.1638311278501507,0.0,0.0,0.0,0.1032569871284986,0.0,0.1638311278501507,0.1152711793057605,2.0063526632238786e-17,1,0.0,0.0112521058649797,0.0,1.0,0.1629506175601625,0.37228707738887673,9.315083981942252e-10,0.1936366885438409,0.17993497761854838,0.14877683590846869,-9.315083981942252e-10,-5.3371499797520816e-11,4.657541574637492e-10,0.19924690281190238,0.053590358201264954,0.11033823149790455,0.36093679331149636,0.24357446606963307,0.09883240165129155,0.27232765365678174,0.21557978017384039,-0.06285748940720745,-4.65754240730476e-10,DIFFICULT,1
100116,3,0.6936285602440067,0.0,0.0,0.0,0.0,0.0,0.6936285602440065,0.6936285602440067,0.6936285602440067,0.6936285602440068,0.0,1,0.0,0.0112521058649797,0.0,1.0,0.20548925558081205,0.45658273110174985,4.657532970409051e-10,0.2396880034378672,0.22259039648828127,0.17764540508273302,-4.657532970409051e-10,-2.6685698214746832e-11,-0.0743884177213577,0.17548508738467739,0.07549946092406536,0.16849198008890587,0.4423610370245568,0.3330171759655495,0.18025664545750297,0.3304814024340851,0.23748888317609387,-0.08661930446182839,-0.07438841818711099,CORRECTABLE,0
100116,4,0.8594586704979866,0.0,0.2410978712497751,0.0,0.1631872660052098,0.0,0.9857077129175956,0.8594586704979866,1.100556541747762,0.9891269315809986,0.0,3,0.0,0.0112521058649797,0.0,1.0,0.15291962712626314,0.36776002854175327,2.328757187086694e-10,0.18379858957133946,0.1745837557274016,0.08882270254136652,-2.328757187086694e-10,-1.3342795833082503e-11,-0.16321112037916297,0.08666238475015986,-0.013323241687164367,0.07966927750096398,0.35353833445990257,0.2441944734241831,0.0914339429394243,0.241658699939294,0.1486661807045906,-0.17544200691004386,-0.16321112061203868,DIFFICULT,1
100116,5,-0.2190111796031545,-0.0296843335623692,0.0,0.0,-0.0782306428000084,0.0,-0.2066877171413146,-0.4780558812422534,0.0400335220359444,0.2561200167194932,0.5180894032781979,3,0.0,0.0112521058649797,0.0,1.0,0.13829968297325076,0.50344806671179,0.262860077057293,0.1990080399324837,0.2912831520159485,-0.056609689215799744,-0.262860077057293,-0.01506077267098969,-0.21580343071066943,0.04283123632350838,-0.036223907075885076,0.0388434537597766,0.20743996911292406,0.006805974064328257,-0.10723643777243774,0.09568884546834,-0.03195053077878063,-0.4295612167962293,-0.4786635077679624,CORRECTABLE,0
100117,1,0.0,0.0,0.0,0.0,0.2375879308032104,0.0,-0.0374265868442955,-0.0687923158816542,0.0,0.0444386257260906,2.9096129897419456e-17,1,0.0,0.0112521058649797,0.0,1.0,0.0,0.0,0.0,0.0,0.0,0.0,0.0,0.0,0.0,0.0,0.0,0.0,0.0,0.0,0.0,0.0,0.0,0.0,0.0,NOT_IMPROVED,1
100117,2,0.0,0.0,0.0,0.0,0.0616804119624828,0.1781449731241303,0.0433369340553138,-0.015130194835564,0.1781449731241303,0.0798159576281606,7.552145757719342e-18,1,0.0,0.0112521058649797,0.0,1.0,0.17813835051182592,0.25251004355466955,0.18169800348009768,0.18659282288446477,0.20236320155242443,-0.17813835051182592,-0.18169800348009768,-0.010410528630797975,-0.02960183886164075,-0.10388351026254541,-0.13670861554930994,-0.1462654829335614,-0.16433748484086413,-0.18851124601442149,-0.20067708553688363,-0.2189446843256005,-0.24572741763736855,-0.24924191304662355,-0.21129984234173843,DIFFICULT,1
100117,3,-0.8332560749915938,0.0,0.0,0.0,0.2763281414730183,0.1368157195895254,-0.8360402681284417,-0.9101107034048432,-0.6964403554020684,0.8390681691443717,0.0,2,0.0,0.0112521058649797,0.0,1.0,0.09914126188340479,0.1494446976211475,0.09084900060692931,0.10416635484103545,0.11224712351754802,-0.0987855244286236,-0.09084900060692931,-0.005205264293437884,0.01404283495768796,-0.06565587075864851,-0.0924926084727542,-0.08709841979721994,-0.08797869352295525,-0.09944207075850858,-0.10614849364434104,-0.12343802003999166,-0.14700200883691178,-0.13833507124419192,-0.07680616564924135,DIFFICULT,1
100117,4,0.0,-0.00567327177169,0.0,0.0,0.0,0.0,-1.1679326372913157e-18,-0.0495086360500227,0.0495086360500227,0.0288682475187086,0.0990172721000454,1,0.0,0.0112521058649797,0.0,1.0,0.5315059808348709,0.6407678529323724,0.0967429282125612,0.5355752837860349,0.4342625569725449,-0.5315059808348709,-0.0967429282125612,-0.005542961467024306,-0.3941476408049379,-0.5391318557549107,-0.5774758457745175,-0.531244562878329,-0.4626773208880541,-0.436857892775947,-0.48202590653056615,-0.5699417341633535,-0.635521602702054,-0.6165261983249598,-0.4908905690174991,CORRECTABLE,0
100117,5,-0.268640088798561,-0.0407685143838979,0.2121861234084232,0.0433411172484833,0.0,0.006705895943714,-0.1329095716167052,-0.6244114133722679,0.1262475862680945,0.2636757026812761,0.7115449272298107,4,0.0,0.0112521058649797,0.0,1.0,0.26575299041743544,0.35905227869623485,0.048371462095282175,0.27270914948142333,0.22922393431082805,-0.26575299041743544,-0.048371462095282175,-0.002771480624775138,-0.152580383446142,-0.2927274517843869,-0.32623429519226577,-0.27516586568434936,-0.20176147708234654,-0.1711049023585116,-0.21143576950140291,-0.2945144505224622,-0.355257172449435,-0.33142462146061286,-0.20095184554142417,DIFFICULT,1
100118,1,0.202933815717117,0.0,0.0,0.0,0.0,0.0,0.202933815717117,0.202933815717117,0.202933815717117,0.202933815717117,0.0,1,0.0,0.0112521058649797,0.0,1.0,0.0,0.0,0.0,0.0,0.0,0.0,0.0,0.0,0.0,0.0,0.0,0.0,0.0,0.0,0.0,0.0,0.0,0.0,0.0,HIGHLY_CORRECTABLE,0
100118,2,0.0,0.0048340040268931,0.0,0.0782051253244821,0.0,0.0,2.748076793626625e-18,-0.0992974469555159,0.0992974469555159,0.0542373685808585,0.0843692865241351,2,0.0,0.0112521058649797,0.0,1.0,0.0,0.0,0.0,0.0,0.0,0.0,0.0,0.0,0.0,0.0,0.0,0.0,0.0,0.0,0.0,0.0,0.0,0.0,0.0,HIGHLY_CORRECTABLE,0
100118,3,0.5163188281577158,0.0246558880512395,0.1773513566362107,0.227065720090613,0.0,0.0,0.6280971390911356,0.3011556016277177,0.9763725084434264,0.6546851710043475,0.4303264530599959,4,0.0,0.0112521058649797,0.0,1.0,0.04927777144207639,0.07820512416152421,4.6518314755772394e-09,0.055024934509879435,0.043747363527617565,2.8854806333079562e-18,-4.6518314755772394e-09,-2.665303105566899e-10,2.325915710033044e-09,0.07437749590826041,-0.04596781792386574,-0.04596781838904892,0.07437749451271097,2.8732096921663383e-17,-0.07437749451271099,0.045967818389048974,0.045967817923865784,-0.0743774959082604,-2.3259157655441953e-09,CORRECTABLE,0
100118,4,0.0,0.0,0.0,0.1244365008123248,0.0,0.0,2.6672081737923717e-18,-0.1244365008123248,0.1244365008123248,0.0875532164463807,9.143445745014641e-17,1,0.0,0.0112521058649797,0.0,1.0,0.2090276340193961,0.4764480051984761,5.5289550410231314e-08,0.248404608792627,0.23048316923148948,0.11177831093341975,-5.5289550410231314e-08,-3.1678578896820638e-09,2.764477505245999e-08,0.3451344320588179,-0.07518917239815565,-0.03595342833779169,0.45900099569856545,0.17735135663621082,-0.12165866889325794,0.32291395132608514,0.28367819620781076,-0.2355252657067355,-2.7644775357771323e-08,DIFFICULT,1
100118,5,0.0,0.0,0.0,0.0,-0.0291441457093174,0.0043254780336642,0.0058791676636986,7.347113233376023e-07,0.0085620911129807,0.0062264001340936,3.569079202374401e-18,1,0.0,0.0112521058649797,0.0,1.0,0.27631376939147057,0.5447498013229705,2.7644773269164258e-08,0.31242655181314855,0.2775617346890791,0.055889155466709944,-2.7644773269164258e-08,-1.5839288339191874e-09,-0.05588914164432337,0.4075914104967259,-0.20422027618266347,-0.16498452935782185,0.5214579824299066,0.12146220116950107,-0.2958939665580187,0.3401667414126958,0.30093098905889903,-0.4097605550780631,-0.05588916928909664,DIFFICULT,1
100119,1,0.0,0.0,0.0,0.0838941710598978,0.0,0.0,1.8285771955973466e-18,-0.0838941710598978,0.0838941710598978,0.0590277327749272,6.164443683337461e-17,1,0.0,0.0112521058649797,0.0,1.0,0.0,0.0,0.0,0.0,0.0,0.0,0.0,0.0,0.0,0.0,0.0,0.0,0.0,0.0,0.0,0.0,0.0,0.0,0.0,CORRECTABLE,0
100119,2,0.1312247603520583,0.0,0.0,0.0,0.0,0.0,0.1312247603520582,0.1312247603520583,0.1312247603520583,0.1312247603520582,0.0,1,0.0,0.0112521058649797,0.0,1.0,0.05286249126020037,0.08389417105989778,5.551115123125783e-17,0.05902773277492719,0.046929771973522175,1.854951835697972e-18,-5.551115123125783e-17,-3.180554681463517e-18,0.0,0.0797880980656961,-0.049311756502309914,-0.04931175650230994,0.07978809806569609,3.0822218416687306e-17,-0.0797880980656961,0.04931175650231001,0.04931175650230996,-0.07978809806569608,-5.551115123125783e-17,CORRECTABLE,0
100119,3,0.172722558916441,0.0,0.1614419319141148,0.1786557456117849,-0.0960056421699259,0.0,0.289597230271401,0.0524742805560758,0.5110957906443594,0.3193699570078504,1.1102230246251563e-16,4,0.0,0.0112521058649797,0.0,1.0,0.05286249126020028,0.08389417105989824,1.7069679003611782e-15,0.059027732774927066,0.04692977197352278,5.49615358725325e-19,1.7069679003611782e-15,9.780205645500314e-17,-8.743006318923108e-16,0.07978809806569542,-0.04931175650231044,-0.04931175650231029,0.07978809806569591,2.7755575615628914e-17,-0.07978809806569594,0.04931175650231037,0.049311756502310455,-0.07978809806569537,8.326672684688674e-16,CORRECTABLE,0
100119,4,0.0,0.0,0.0299746380519706,0.0547815224940294,-0.0927068167498292,0.0,0.0334958133329784,-0.0295484591379932,0.0991534965116474,0.0522178699822321,2.5228664611062613e-17,3,0.0,0.0112521058649797,0.0,1.0,0.18537746456693477,0.42210185680502954,3.372302437298913e-15,0.22386235414502936,0.2046300318260932,0.11687467135496006,3.372302437298913e-15,1.9321869689890865e-16,-1.762479051592436e-15,0.32216038991127705,-0.032037744853469025,-0.0054523441696297525,0.4088832805139854,0.16144193191411488,-0.09051633769272065,0.30319359385083766,0.2766081931669989,-0.17723922829542693,1.609823385706477e-15,CORRECTABLE,0
100119,5,0.0,0.0,0.0,0.0729043556358848,0.0,0.0,2.148986245429207e-18,-0.0729043556358848,0.0729043556358848,0.0512953256255525,5.3569251464031966e-17,1,0.0,0.0112521058649797,0.0,1.0,0.2129811023770907,0.45094382244532993,5.0862092315639984e-15,0.24802903268263213,0.22398038071499093,0.09193314901045849,5.0862092315639984e-15,2.914183226890947e-16,-0.05843733567748264,0.3468827306016216,-0.07860537470884357,-0.05420557484796564,0.4365030135871898,0.1329792342886055,-0.16709725250054833,0.31883990521274025,0.29444010535186316,-0.2567175354861133,-0.05843733567747755,DIFFICULT,1
100120,1,0.0,0.0,0.0,0.0,0.0069021103290335,0.0,-0.0010872708506916,-0.0019984691663406,0.0,0.0012909759203473,8.452647321812778e-19,1,0.0,0.0112521058649797,0.0,1.0,0.0,0.0,0.0,0.0,0.0,0.0,0.0,0.0,0.0,0.0,0.0,0.0,0.0,0.0,0.0,0.0,0.0,0.0,0.0,HIGHLY_CORRECTABLE,0
100120,2,0.0,-0.0088941801998844,0.0,0.0,0.0,0.0,-1.6488460761759752e-18,-0.077616365000281,0.077616365000281,0.0452577290569393,0.1552327300005621,1,0.0,0.0112521058649797,0.0,1.0,0.0010872708506916762,0.001998469166340694,0.0,0.0012909759203473784,0.0010548195971444487,-0.0010872708506916762,0.0,0.0,0.0,-0.001622783464440572,-0.001969289101384622,-0.001312859400923079,-0.000405695866110143,0.0,-0.000405695866110143,-0.001312859400923079,-0.001969289101384622,-0.001622783464440572,0.0,HIGHLY_CORRECTABLE,0
100120,3,0.0,0.0,0.1697844304148479,0.0,0.0,0.0,0.1070091439643916,0.0,0.1697844304148479,0.119459908373318,2.0792595925260002e-17,1,0.0,0.0112521058649797,0.0,1.0,0.0007484953408460812,0.0014548341424638102,1.2545903760319277e-09,0.000883176312999893,0.0007493168526700696,-0.0005436354253458757,1.2545903760319277e-09,7.188273356436037e-11,0.0005436347980506129,-0.0010791485409309166,-0.001425654052415938,-0.0007692242264953526,0.0001379394337766189,0.0005436354253458,0.00013793968469469516,-0.0007692237246592079,-0.001425653299661711,-0.0010791475372586255,0.0005436360526409889,CORRECTABLE,0
100120,4,0.0,0.0184575386505836,0.3926364585070812,0.0972333800504934,-0.2313575515652152,0.0,0.2839100568375776,-0.1610724162052839,0.5144617744494978,0.3234381825510912,0.3221448324105679,4,0.0,0.0112521058649797,0.0,1.0,0.10673732625171865,0.1705998835528666,6.272963815057153e-10,0.11931787310387046,0.09513295043995153,0.10673732625171865,6.272963815057153e-10,3.594143516410584e-11,0.0008154528243705245,0.051658943801118296,0.0986429481151704,0.136861083197519,0.1618843461206811,0.1705998835528666,0.16188434624614034,0.13686108344843753,0.09864294849154823,0.05165894430295537,0.000815453451666906,DIFFICULT,1
100120,5,-0.0547508799415219,0.0,0.1621775958941089,0.0467426755467862,0.0,0.0,0.047463944258954,-0.0671963333662205,0.1489820481077789,0.0768580434996383,1.3877787807814457e-17,3,0.0,0.0112521058649797,0.0,1.0,0.3425762431222074,0.5978902859530558,3.2491136225942796e-08,0.3838454547985919,0.32052451394977904,0.337278719963437,-3.2491136225942796e-08,-1.86160497733114e-09,-0.05255319374227252,0.2664914946375505,0.28491810002647655,0.3879964688165776,0.5880084440849541,0.5098676789340885,0.40305955818987704,0.5023011494685815,0.3992227741802532,0.08154258924779167,-0.052553226233408745,DIFFICULT,1
100121,1,0.0,0.0,0.0,0.0,0.0174679724265222,0.0,-0.0027516826498922,-0.0050577580810393,0.0,0.0032672227340489,2.139209651973475e-18,1,0.0,0.008496107287125,0.0,1.0,0.0,0.0,0.0,0.0,0.0,0.0,0.0,0.0,0.0,0.0,0.0,0.0,0.0,0.0,0.0,0.0,0.0,0.0,0.0,HIGHLY_CORRECTABLE,0
100121,2,0.0,0.0048960701041792,0.0,0.0636963113743284,0.1430350850727128,0.0,-0.0225319317153746,-0.1219014738858383,0.0514504001443889,0.0526767589425473,0.0854525439343853,3,0.0,0.008496107287125,0.0,1.0,0.002751682649892244,0.005057758081039296,0.0,0.00326722273404892,0.0026695544926843536,-0.002751682649892244,0.0,0.0,0.0,-0.004106966631904525,-0.004983908700812403,-0.003322605800541601,-0.0010267416579761313,0.0,-0.0010267416579761313,-0.003322605800541601,-0.004983908700812403,-0.004106966631904525,0.0,CORRECTABLE,0
100121,3,1.2272133959372578,0.0,0.0,0.0,0.0,0.0,1.2272133959372575,1.2272133959372578,1.2272133959372578,1.2272133959372578,0.0,1,0.0,0.008496107287125,0.0,1.0,0.04432898439837686,0.10284068124490342,2.961765568909591e-09,0.0533111852088938,0.04948201910240314,-0.023907773040320757,-2.961765568909591e-09,-1.6969666700568277e-10,0.0013758428058288502,0.024218102447811973,-0.08185815385376674,-0.06659340627794899,0.05252050060305266,0.0013758413249461234,-0.0686370839823407,0.00828609743986397,-0.006978650728306925,-0.09693948391464069,0.0013758398440632813,CORRECTABLE,0
100121,4,0.0,0.0,0.0,0.0681137031044575,-0.0007565477064503,0.0266413785655153,0.0080532352226027,-0.0677679412438575,0.0893412021241279,0.0494679298255632,4.995630916316413e-17,2,0.0,0.008496107287125,0.0,1.0,0.042475060052477843,0.09088679510977316,1.4808816395373015e-09,0.04912632949535749,0.04492118994247554,-0.01195388652016071,-1.4808816395373015e-09,-8.484826790390107e-11,0.01332972858554693,0.036171988375618636,-0.06990426777787206,-0.05463952005396577,0.06447438697512431,0.01332972784510611,-0.056683197314092215,0.020239984256200882,0.004975236236118397,-0.08498559680212714,0.01332972710466529,CORRECTABLE,0
100121,5,0.0,0.0,0.1813394138192661,0.040075275334609,0.0046626776744541,0.0,0.1135573437965965,-0.005238956603961,0.2156494414012728,0.1300931563953609,7.810174657732135e-18,3,0.0,0.008496107287125,0.0,1.0,0.10539108337751402,0.2173860301296296,0.2027317241225,0.12254588941305936,0.169907240230199,-0.0036121273375369677,-0.2027317241225,-0.0116156720064945,0.1330684365675648,0.20046933524685012,-0.03202484608387765,-0.044110400490745896,0.14385216350789995,-0.0023941499097118665,-0.1474117276826157,0.02974887509042981,0.0012880846727981732,-0.2124335904171658,-0.06966328755493519,CORRECTABLE,0
100122,1,0.0,0.0,0.0,0.0,0.1218644852670252,0.0,-0.0191969841467219,-0.0352852105614243,0.0,0.0227936252139405,1.4924095181200228e-17,1,0.0,0.008496107287125,0.0,1.0,0.0,0.0,0.0,0.0,0.0,0.0,0.0,0.0,0.0,0.0,0.0,0.0,0.0,0.0,0.0,0.0,0.0,0.0,0.0,NOT_IMPROVED,1
100122,2,0.0,0.0,0.0861254341631397,0.0,0.0,0.0,0.0542818264362665,0.0,0.0861254341631397,0.0605976440160155,1.0547323727306514e-17,1,0.0,0.008496107287125,0.0,1.0,0.0661374759877233,0.10127061811785122,0.16092250261976698,0.0744698446732441,0.10594616348492684,-0.0531312823680879,-0.16092250261976698,-0.009220180149206827,0.07267728790734071,0.02760824626130355,0.0018774512494492135,-0.02067238155856662,-0.06092522636491965,-0.09562805538512709,-0.09310972688887303,-0.08504138260647341,-0.09467605032241101,-0.10112975583451006,-0.08824521471242629,NOT_IMPROVED,1
100122,3,0.0,0.0,0.0,0.0754129300211885,0.0,0.0,1.6154716431110353e-18,-0.0754129300211885,0.0754129300211885,0.0530603524038255,5.5412522018863145e-17,1,0.0,0.008496107287125,0.0,1.0,0.12443315812927506,0.23200194891414858,0.4618436143318597,0.1379246262268635,0.25927607903527133,-0.01371607414001062,-0.4618436143318597,-0.026461688014861547,0.22984166541771114,0.1810268756300742,0.14630899469224795,0.09783394901143319,0.006581213175625171,-0.07525812815811449,-0.08578750969074674,-0.0869034967213107,-0.13079717390686793,-0.18844801583541365,-0.23200194891414858,DIFFICULT,1
100122,4,0.0,0.0,0.3370223511784017,0.0,0.0,0.0,0.2124133126244151,0.0,0.3370223511784017,0.2371280988083536,4.127333436117449e-17,1,0.0,0.008496107287125,0.0,1.0,0.0816542243410426,0.17446657769853435,0.2309218223094758,0.09961767899297812,0.15607455520401364,-0.006858037070005319,-0.2309218223094758,-0.013230845580625117,0.12123880647652446,0.16723815440068768,0.03956388605691917,0.014181019578342776,0.06206902955295381,-0.06840009108810916,-0.12755925192806478,0.010465506851790388,-0.010335991131528492,-0.16094322046601647,-0.10968301583295134,DIFFICULT,1
100122,5,0.0,0.0,0.0,0.0,0.0055589165291988,0.0,-0.000875681149025,-0.0016095545785662,0.0,0.0010397439392165,6.807709334210699e-19,1,0.0,0.008496107287125,0.0,1.0,0.2185007918373124,0.3744792602955399,0.11546091213198596,0.2390945321498233,0.2364417424944338,0.20898429408941233,-0.11546091213198596,-0.006615422934496415,0.06693736992278217,0.22862844286302209,0.20645139925427416,0.267174665665376,0.3744792602955399,0.27205127862529516,0.20794316085001938,0.3096435170098195,0.2258280681723204,-0.007184203861690211,-0.048523542209203796,CORRECTABLE,0
100123,1,0.1218096485065342,-0.0213386279945916,0.0352406269318638,0.0,0.0123508329043523,0.0,0.1420749804796164,-0.0644050182849428,0.3080243152980114,0.179184091247798,0.3724293335829542,4,0.0,0.008496107287125,0.0,1.0,0.0,0.0,0.0,0.0,0.0,0.0,0.0,0.0,0.0,0.0,0.0,0.0,0.0,0.0,0.0,0.0,0.0,0.0,0.0,HIGHLY_CORRECTABLE,0
100123,2,0.0,0.0,0.0839155020306227,0.0,0.0,0.0,0.0528889840823344,0.0,0.0839155020306227,0.059042741193556,1.027668509606454e-17,1,0.0,0.008496107287125,0.0,1.0,0.020265332095641905,0.035240626931863805,1.237852646773785e-08,0.023291960724386242,0.018980987494248275,0.020265331973082234,-1.237852646773785e-08,-7.092373231923615e-10,6.1892632408078185e-09,0.007986102591901217,0.0171900224710414,0.026161000532939183,0.0327898653762575,0.035240626931863805,0.03278986290055222,0.026160995581528623,0.017190015043925505,0.007986092689080057,-6.189263226930031e-09,CORRECTABLE,0
100123,3,0.0,0.0455244982662897,0.0,0.0,0.0,0.0,8.244230380879875e-18,-0.3972762761345648,0.3972762761345648,0.2316498855103925,0.7945525522691297,1,0.0,0.008496107287125,0.0,1.0,0.06382573632989573,0.10902346297594541,6.18926240814055e-09,0.07342922436492197,0.05919768408502326,0.06302165006887554,-6.18926240814055e-09,-3.546186142854299e-10,-0.01013266289190988,0.023784750348622326,0.05638164916004019,0.08391740054282446,0.10246558379519291,0.10902346297594541,0.10246558255734044,0.08391739806711951,0.056381645446482755,0.023784745397212412,-0.010132669081172288,HIGHLY_CORRECTABLE,0
100123,4,0.0,0.0,0.1141906281979187,0.0,0.0347967837279725,0.0,0.0664888857083429,0.0,0.1141906281979187,0.0760849321473038,9.722941750212244e-18,2,0.0,0.008496107287125,0.0,1.0,0.04248546498478893,0.0775126379415077,1.14180013277565e-07,0.049122853212963,0.040911750453189275,0.031510825034437834,-1.14180013277565e-07,-6.5420328655521756e-09,-0.041643433930972196,-0.007726031489515062,0.02487085652282775,0.05240659710653693,0.0709547695598303,0.0775126379415077,0.07095474672382768,0.052406551434531656,0.02487078801481979,-0.007726122833525584,-0.04164354811098547,CORRECTABLE,0
100123,5,0.0,-0.0164604025389912,0.0,0.0,0.0,0.0,-3.022884472989288e-18,-0.1436441142063822,0.1436441142063822,0.0837581919915079,0.2872882284127644,1,0.0,0.008496107287125,0.0,1.0,0.09424797519595968,0.1759478536222076,5.7090004251802995e-08,0.1110647496201954,0.092165240734471,0.08224429822556192,-5.7090004251802995e-08,-3.271016296012237e-09,-0.05739887499319551,0.0036241633477653093,0.06630688171017546,0.12241459039966336,0.161755788750827,0.1759478536222076,0.1617557773328262,0.12241456756366167,0.06630684745617293,0.003624117675761998,-0.05739893208319976,HIGHLY_CORRECTABLE,0
100124,1,0.6142077081256117,-0.0337120879154792,0.0,0.0,0.2663084521069309,0.1953424419473357,0.630431709456397,0.3124173340727322,0.9084343882168948,0.6595564906793229,0.5883869997466049,3,0.0,0.008496107287125,0.0,1.0,0.0,0.0,0.0,0.0,0.0,0.0,0.0,0.0,0.0,0.0,0.0,0.0,0.0,0.0,0.0,0.0,0.0,0.0,0.0,CORRECTABLE,0
100124,2,0.0,0.0,0.0326848235941472,0.0,0.0,0.0,0.0206000926285816,0.0,0.0326848235941472,0.0229969616307847,4.00273645952683e-18,1,0.0,0.008496107287125,0.0,1.0,0.041950853592526434,0.07710820165284854,3.839844914255153e-08,0.04981053368690229,0.04069878146183747,-0.04195085321234377,-3.839844914255153e-08,-2.200069075715937e-09,1.9199224543520188e-08,-0.0626128569243366,-0.0759823050966969,-0.050654870064464674,-0.015653214231084123,0.0,-0.015653221910773896,-0.05065488542384433,-0.07598232813576655,-0.06261288764309586,-1.919922459903134e-08,HIGHLY_CORRECTABLE,0
100124,3,0.0,0.0,0.0,0.1754412066702059,0.0,0.0,5.3190268065620175e-18,-0.1754412066702059,0.1754412066702059,0.1234400022576766,1.2891210731233019e-16,1,0.0,0.008496107287125,0.0,1.0,0.027903714687106652,0.053660250200319,1.919922307247468e-08,0.03165269839555155,0.02763446506554977,-0.00037533397759032644,-1.919922307247468e-08,-1.1000344519829922e-09,0.020975436205783307,-0.031537272049116494,-0.03579522696787213,-0.003236869552325751,0.03640732491833634,0.053660250200319,0.03640732107849179,-0.0032368772320149827,-0.03579523848740614,-0.0315372874084949,0.020975417006560235,CORRECTABLE,0
100124,4,0.0,0.0,0.4478026513213092,0.0,0.0,-0.238269143370688,0.2112753940156407,-4.047160482007935e-05,0.3028670178621429,0.228107385641239,5.4840301137032415e-17,1,0.0,0.008496107287125,0.0,1.0,0.11281689363856372,0.21765247162551193,9.599610176214135e-09,0.12743320600534672,0.11188413305964043,-0.00018766698879522602,-9.599610176214135e-09,-5.500171480679064e-10,0.0211630983947719,0.13550489393021753,-0.13872931678410383,-0.1061709584085962,0.20344949377755422,0.05384791718911416,-0.13025951380313594,0.10007254560184581,0.06751418530641584,-0.19820411941023866,0.021163088795161725,DIFFICULT,1
100124,5,0.0,0.0,0.0,0.0,0.0510132177807838,0.1252250463248902,0.0292572461808539,-0.0127591649422873,0.1252250463248902,0.0559843406538918,6.247715018947719e-18,1,0.0,0.008496107287125,0.0,1.0,0.2957478218523998,0.6521649029605059,4.799802735822034e-09,0.34746558323683746,0.31912037720749625,0.28214039885419856,-4.799802735822034e-09,-2.750084392579486e-10,0.02125692948926576,0.27397735488913566,0.12457630965448561,0.256202829170938,0.6294289563453487,0.501744402004821,0.2957199497246201,0.46244633510130295,0.33081981462488974,-0.059731654611474554,0.021256924689463025,CORRECTABLE,0
100125,1,0.0,0.0350212488810311,0.1182313429131819,0.0619321987397939,-0.0274591253750774,0.0,0.0788426115019831,-0.3056180886278023,0.3081601624201283,0.1929147961229322,0.6112361772556045,4,0.0,0.008496107287125,0.0,1.0,0.0,0.0,0.0,0.0,0.0,0.0,0.0,0.0,0.0,0.0,0.0,0.0,0.0,0.0,0.0,0.0,0.0,0.0,0.0,CORRECTABLE,0
100125,2,0.0,0.0128682328613618,0.0,0.0,0.0,0.0,2.0610575952199687e-18,-0.1122965180602028,0.1122965180602028,0.0654795594767669,0.2245930361204056,1,0.0,0.008496107287125,0.0,1.0,0.08327473337068864,0.17738516582621375,6.884087222491786e-08,0.09707888194477,0.08790587860580938,0.07884261150198314,-6.884087222491786e-08,-3.944291436487167e-09,3.442043605694778e-08,0.1018925705187898,0.04092638134998672,0.06447138241535985,0.17295972406559523,0.11823134291318192,0.055157667937485805,0.13727702100160574,0.11373200616805812,-0.015909526913842953,-3.442043616797008e-08,HIGHLY_CORRECTABLE,0
100125,3,0.0,0.0,0.0,0.0,0.0520006822059026,-0.2238650953528871,-0.0748607019657206,-0.2238650953528871,-3.802498109474471e-05,0.1054539159593323,6.3696877633523385e-18,1,0.0,0.008496107287125,0.0,1.0,0.05717753560737739,0.13796385831504715,4.683868332078234e-08,0.06900863087745969,0.06544329531607831,0.039421305750991634,-4.683868332078234e-08,-2.6836588722306314e-09,-0.039421282331649904,0.06247125596692272,0.001505068998338549,0.02505007226393056,0.13353841611438483,0.07881003716219043,0.015736364386713192,0.09785571965105203,0.0743107070177233,-0.05533082386395888,-0.039421329170333225,CORRECTABLE,0
100125,4,0.055453791928611,0.0,0.0,0.0290047305239756,0.0,0.0,0.055453791928611,0.0264490614046353,0.0844585224525866,0.0590897242414383,2.0816681711721685e-17,2,0.0,0.008496107287125,0.0,1.0,0.0482631235838259,0.11624908198932485,2.3419340057506677e-08,0.05885272116228528,0.055238940813975776,0.011519125460941216,-2.3419340057506677e-08,-1.3418293442767993e-09,-0.05913194691681724,0.030534500079778835,-0.033042267202075266,-0.004551702828177212,0.11077123748597706,0.05909938428669473,-0.0070308095578258956,0.06825395392668156,0.039763384868915445,-0.08726756101562813,-0.059131970336157295,HIGHLY_CORRECTABLE,0
100125,5,0.0,0.0,0.0,0.0,0.0441823598427609,0.0,-0.0069599281497621,-0.0127927662168058,0.0,0.0082639018998576,5.410778556021375e-18,1,0.0,0.008496107287125,0.0,1.0,0.0633942801031071,0.13943701463586752,1.170966756891545e-08,0.074559632864805,0.06830535522107316,0.005759562730470715,-1.170966756891545e-08,-6.709145312000703e-10,-0.06489151550212399,0.05236007063365127,-0.0558503862941577,-0.027359820749292416,0.13259681155275121,0.05333982155622425,-0.040375509085541085,0.0795429463868558,0.05105237850005692,-0.12061225703044157,-0.06489152721179156,HIGHLY_CORRECTABLE,0
100126,1,0.107008468053034,0.0,0.0,0.0,0.0,0.0,0.107008468053034,0.107008468053034,0.107008468053034,0.107008468053034,0.0,1,0.0,0.008496107287125,0.0,1.0,0.0,0.0,0.0,0.0,0.0,0.0,0.0,0.0,0.0,0.0,0.0,0.0,0.0,0.0,0.0,0.0,0.0,0.0,0.0,HIGHLY_CORRECTABLE,0
100126,2,0.0,0.0148270510883476,0.1889263742877241,0.0475680739225497,0.0045142151749688,0.0,0.1183625245433318,-0.1293904328148571,0.245473046278599,0.1517944761259414,0.2587808656297142,4,0.0,0.008496107287125,0.0,1.0,0.0,0.0,0.0,0.0,0.0,0.0,0.0,0.0,0.0,0.0,0.0,0.0,0.0,0.0,0.0,0.0,0.0,0.0,0.0,CORRECTABLE,0
100126,3,0.8012572806920176,-0.0158836959397239,0.1892435194674422,0.1249425134779929,0.0,0.0,0.9205308028255802,0.6016885825490083,1.1318939938097865,0.9320775009696204,0.2772227986355903,4,0.0,0.008496107287125,0.0,1.0,0.11938355886663854,0.23031550778809848,1.5620476412347983e-08,0.13652347821002545,0.11856207250356657,0.11836252454333188,-1.5620476412347983e-08,-8.949873724111933e-10,7.810238206173992e-09,0.10256003761818124,0.0818003468024884,0.12402618352525076,0.22465424868950307,0.18892637428772413,0.13417439222210692,0.17994580194032608,0.13771996209346837,0.012080171778499266,-7.810238206173992e-09,DIFFICULT,1
100126,4,0.0,0.004875978677862,0.0,0.1980738785618265,0.182064871538579,0.0,-0.0286801888584908,-0.2648655670442656,0.1838580407537788,0.1393989868945596,0.0851018823911773,3,0.0,0.008496107287125,0.0,1.0,0.2133544665556588,0.4067149548184138,0.49286170929376716,0.2463251554415672,0.3585118547445087,0.0954916045534864,-0.49286170929376716,-0.028238893539608418,0.14266985998434623,0.37277393343615406,0.1580488665936911,0.16636497354873692,0.3778810528516253,0.14547138786296765,-0.048825925561509664,0.17201864810793155,0.06513019929413244,-0.3496500705532406,-0.35019184930942093,DIFFICULT,1
100126,5,0.0,0.0,0.0,0.0453041958186572,0.0,0.0,8.898651857029228e-19,-0.0453041958186572,0.0453041958186572,0.0318759209439876,3.3288983038358105e-17,1,0.0,0.008496107287125,0.0,1.0,0.2621759334940585,0.5688258980757016,0.24643087330756802,0.30140450057978835,0.35337026152117723,0.019065613418252327,-0.24643087330756802,-0.014119448696430628,-0.028291360285496607,0.37202923109865105,-0.13199728590148543,-0.08172269710129917,0.4831701152452521,0.09772558558622453,-0.271009601798803,0.2553531212183992,0.15579235775669933,-0.5300090099299443,-0.27472223359306464,DIFFICULT,1
100127,1,0.0,0.0182619098575149,0.0,0.0,0.0,0.0,5.4961535872532505e-18,-0.1593652327546129,0.1593652327546129,0.0929251005902972,0.3187304655092258,1,0.0,0.008496107287125,0.0,1.0,0.0,0.0,0.0,0.0,0.0,0.0,0.0,0.0,0.0,0.0,0.0,0.0,0.0,0.0,0.0,0.0,0.0,0.0,0.0,HIGHLY_CORRECTABLE,0
100127,2,0.0,-0.0063790959818688,0.0,0.0827698969453384,-0.0189436473954264,0.0,0.002984141753311,-0.1255347933632162,0.1332007776194688,0.073640545683417,0.1113362286443839,3,0.0,0.008496107287125,0.0,1.0,5.572769373060478e-09,1.103626875997854e-08,2.207253751995708e-08,6.4351952222654765e-09,1.2247992218125378e-08,8.415985180481539e-19,-2.207253751995708e-08,-1.2646632430376978e-09,1.103626875997854e-08,8.829015019085062e-09,6.621761250436009e-09,4.414507509542531e-09,2.2072537547712656e-09,0.0,-2.2072537547712656e-09,-4.4145074956647434e-09,-6.621761250436009e-09,-8.829015019085062e-09,-1.103626875997854e-08,CORRECTABLE,0
100127,3,0.0,0.0,0.0,0.0,0.0620444934827368,0.0,-0.009773701954016,-0.0179646515711142,0.0,0.0116048488444807,7.598259034835248e-18,1,0.0,0.008496107287125,0.0,1.0,0.05215964071154197,0.08750580618762976,1.0426261035090256e-08,0.05834438610934006,0.047734075808563835,0.002984141753311065,-1.0426261035090256e-08,-5.973807534123728e-10,5.2131304863201056e-09,0.08317277263891099,-0.043245977841014034,-0.04504762681342195,0.07983233054193453,2.998836754893541e-17,-0.0776053712292025,0.05225421853254923,0.05405586541970489,-0.07426493538798266,-5.213130548770151e-09,HIGHLY_CORRECTABLE,0
100127,4,0.0352547198537019,0.0025786478863721,0.1672545421482055,0.0475298117505198,0.0,0.0,0.1406693643868001,0.0127517719051155,0.2413673936468916,0.1535924845486253,0.0450058958971728,4,0.0,0.008496107287125,0.0,1.0,0.05249474893190721,0.09503717804053943,5.213128276282397e-09,0.05898296156881433,0.05015787581255391,-0.008281631077360529,-5.213128276282397e-09,-2.9869024829129115e-10,-0.0014920682700913929,0.06709316437495871,-0.06244039622970607,-0.0583412626981018,0.07469337531845484,-0.00149207087665547,-0.08274432541005564,0.038960584733122486,0.034861450158892505,-0.09034453948142873,-0.0014920734832196691,CORRECTABLE,0
100127,5,0.0,0.0,0.0,0.0864516392870413,0.0289915751480634,0.0,-0.0045669647501187,-0.0936995330740571,0.0851637028972608,0.0610683894420229,6.707407797108162e-17,2,0.0,0.008496107287125,0.0,1.0,0.11999380558841008,0.2930301508289055,3.896527045466058e-09,0.14684121255975144,0.13859130935012792,0.1012738289944179,-3.896527045466058e-09,-2.2325455446378537e-10,0.0026487466102882717,0.16812201248080877,0.012072849776445887,0.053173997170364404,0.28310625009910206,0.16990328681023037,0.03526147526668423,0.20635048991061533,0.1652493417373913,-0.0797227646895253,0.0026487427137612263,CORRECTABLE,0
100128,1,0.0,0.0,0.0,0.1128109074620696,0.0,0.0,2.6487329911674847e-18,-0.1128109074620696,0.1128109074620696,0.0793734775091084,8.289211003939913e-17,1,0.0,0.008496107287125,0.0,1.0,0.0,0.0,0.0,0.0,0.0,0.0,0.0,0.0,0.0,0.0,0.0,0.0,0.0,0.0,0.0,0.0,0.0,0.0,0.0,DIFFICULT,1
100128,2,0.0,0.0,0.097686741021846,0.0,0.0,0.0,0.0615685107749715,0.0,0.097686741021846,0.0687321511356747,1.1963175471154025e-17,1,0.0,0.008496107287125,0.0,1.0,0.0710831936763664,0.1128109074620696,8.326672684688674e-17,0.07937347750910835,0.06310557809244166,1.5114422364946438e-18,-8.326672684688674e-17,-4.7708320221952755e-18,0.0,0.10728954865097087,-0.06630858770393541,-0.06630858770393545,0.10728954865097086,4.144605501969954e-17,-0.10728954865097089,0.06630858770393554,0.06630858770393547,-0.10728954865097085,-8.326672684688674e-17,DIFFICULT,1
100128,3,-0.6359916204490871,-0.0169000679533695,0.2800793345919836,0.0,0.0,0.0,-0.4594674847343227,-0.7834725395246952,-0.34002455855336,0.4755824727610697,0.2949618381512162,3,0.0,0.008496107287125,0.0,1.0,0.08525122045943169,0.2072060333246872,1.6514567491299204e-15,0.10499646437678814,0.09823682257291497,0.061568510774971504,1.6514567491299204e-15,9.462150177353962e-17,-8.604228440844963e-16,0.1374764117518249,-0.008889761986780688,0.012721645907841934,0.20019516025543443,0.09768674102184605,-0.014383937046506973,0.14533882131571363,0.12372741342109125,-0.07710268555011543,7.91033905045424e-16,DIFFICULT,1
100128,4,0.0,0.0,0.0,0.0,-0.3606696592055465,0.0,0.0568153200237243,0.0,0.1044299726889211,0.0674599250138986,4.416929436956393e-17,1,0.0,0.008496107287125,0.0,1.0,0.2183773947562859,0.4477019057163414,6.415410758187079e-09,0.2514675771004794,0.22497054977645936,0.20730839110225013,-6.415410758187079e-09,-3.675759602869432e-10,-0.030784252179780425,0.19324143309265396,0.12495248689541427,0.2085263332615805,0.4357821817528064,0.3469818202263439,0.22120308316778275,0.34114350610328714,0.257569658454039,-0.02133766934161596,-0.030784258595191183,CORRECTABLE,0
100128,5,-0.0556865560581505,0.0,0.0,0.0,0.0,0.0,-0.0556865560581505,-0.0556865560581505,-0.0556865560581505,0.0556865560581505,0.0,1,0.0,0.008496107287125,0.0,1.0,0.18906157167838347,0.3579480245853426,3.2077032141586415e-09,0.2111324414339234,0.18521612398482112,0.16046951557484948,-3.2077032141586415e-09,-1.83787856101839e-10,-0.13443844933475918,0.17438575891059493,0.1242034592671932,0.17347558299239146,0.35332761654394795,0.2433276246752189,0.13874851860046572,0.3060927571171811,0.25682063275044253,-0.04019334095750893,-0.1344384525424624,CORRECTABLE,0
100129,1,0.0,0.0,0.0,0.0,0.1772651687319361,0.0873904804593398,-0.0018983805534059,-0.0493092415196299,0.0873904804593398,0.0455990434857922,2.170945443812772e-17,1,0.0,0.008496107287125,0.0,1.0,0.0,0.0,0.0,0.0,0.0,0.0,0.0,0.0,0.0,0.0,0.0,0.0,0.0,0.0,0.0,0.0,0.0,0.0,0.0,CORRECTABLE,0
100129,2,0.0,0.0,0.0,0.0612002267792426,0.0,0.0,1.3410103406159696e-18,-0.0612002267792426,0.0612002267792426,0.0430603292988122,4.4969197099375e-17,1,0.0,0.008496107287125,0.0,1.0,0.02792410460239112,0.051326182441155,1.3877787807814457e-17,0.0331558108230486,0.0270906671953687,-0.02792410460239112,-1.3877787807814457e-17,-7.951386703658792e-19,0.0,-0.041677540770307546,-0.050576758150400324,-0.03371783876693356,-0.010419385192576888,0.0,-0.010419385192576888,-0.03371783876693356,-0.05057675815040033,-0.041677540770307574,-1.3877787807814457e-17,CORRECTABLE,0
100129,3,0.0,0.0,0.0,0.0,-0.0024514116049995,0.0,0.0003861642677532,0.0,0.0007097931318184,0.0004585138750393,3.0021133754553343e-19,1,0.0,0.008496107287125,0.0,1.0,0.041609567843309186,0.0921521480733521,5.551115123125783e-17,0.04866911790110817,0.04499542656510922,-0.013962052301195616,-5.551115123125783e-17,-3.180554681463517e-18,0.013962052301195502,0.030489386008027787,-0.07258729658699847,-0.055728377203531757,0.061747541585758445,0.013962052301195522,-0.05466220736852123,0.016216804272055685,-0.000642115111411122,-0.0859203629462519,0.013962052301195446,HIGHLY_CORRECTABLE,0
100129,4,0.0,-0.0066316313420506,0.0,0.0,0.0,0.0,-1.5114422364946438e-18,-0.0578719011070463,0.0578719011070463,0.0337448271418431,0.1157438022140926,1,0.0,0.008496107287125,0.0,1.0,0.040957971169219995,0.08453501260367097,1.6653345369377348e-15,0.04699424680115794,0.042347319811983586,-0.00659486188284468,1.6653345369377348e-15,9.54166404439055e-17,0.020943078451792344,0.03804677359411174,-0.06490684114208436,-0.04828106485672313,0.0688726580952277,0.02094307845179322,-0.047537090859051626,0.023664116618864996,0.007038340333503999,-0.07836297536016656,0.02094307845179401,HIGHLY_CORRECTABLE,0
100129,5,0.0,0.0,0.1317661639023332,0.0,0.0,0.0869320728562892,0.1089367760575982,1.476599298196372e-05,0.2186982367586225,0.1286137180436004,1.6135977645194418e-17,1,0.0,0.008496107287125,0.0,1.0,0.0408603543217696,0.08123758180746124,5.585112164419037e-10,0.046645900960187656,0.041293971102341384,-0.0032974309414224813,5.585112164419037e-10,3.200033551283871e-11,0.024240509113959766,0.04134420431213012,-0.061609410368215024,-0.04498363402700284,0.07217008898079895,0.024240509393215422,-0.04423965986177847,0.026961547671989106,0.010335771442479063,-0.07506554419534056,0.024240509672470982,CORRECTABLE,0
100130,1,0.0,0.0184068932699938,0.1754169536074812,0.1627156194204136,0.0,0.0,0.1105591248650582,-0.1606304518384347,0.367069362770567,0.1778701455418374,0.3212609036768694,3,0.0,0.008496107287125,0.0,1.0,0.0,0.0,0.0,0.0,0.0,0.0,0.0,0.0,0.0,0.0,0.0,0.0,0.0,0.0,0.0,0.0,0.0,0.0,0.0,DIFFICULT,1
100130,2,-0.4658853385044309,0.0,0.2708174845271987,0.0287979571806697,0.0,0.0,-0.2951986205348481,-0.4658853385044309,-0.1736967995281503,0.3077771932712431,5.551115123125783e-17,3,0.0,0.008496107287125,0.0,1.0,0.13609662640811726,0.3323004465444892,2.236831950219731e-08,0.1683458856669111,0.15735371716296892,0.11055912486505826,-2.236831950219731e-08,-1.2816103022760764e-09,1.1184159709465291e-08,0.20895857886630784,0.007465663630092378,0.046273459630644054,0.3215831891866581,0.17541695360748125,0.012079684407421111,0.2375571335092242,0.19874933303500852,-0.10054493933392089,-1.1184159792732018e-08,DIFFICULT,1
100130,3,0.0,0.0,0.1484744951044521,0.0553620787702684,0.032459287880271,0.0,0.0884650184181287,-0.0275293472427803,0.1978117396737233,0.1077398237211138,2.647163031814073e-17,3,0.0,0.008496107287125,0.0,1.0,0.25433073987483673,0.5680712694599267,1.1184158488219964e-08,0.29781791109589184,0.27650239726526576,0.225966280402112,-1.1184158488219964e-08,-6.408050787804192e-10,-0.055279556840449884,0.26475470188555783,0.09444160678339963,0.19316282779071314,0.5512548438546319,0.3909548757021508,0.18697437164689762,0.4183005351968532,0.3195793119527079,-0.09952577703267151,-0.05527956802460837,DIFFICULT,1
100130,4,0.0,0.0111213750907582,0.0,0.0,0.0,0.0,5.49615358725325e-19,-0.0970523075603747,0.0970523075603747,0.0565907336668276,0.1941046151207494,1,0.0,0.008496107287125,0.0,1.0,0.2714569759810492,0.6528998684852276,5.592078106131382e-09,0.32519216068022605,0.30982627108552907,0.2014481586191848,-5.592078106131382e-09,-3.2040247418883863e-10,-0.168262699837546,0.24267353114991908,0.026927384855419956,0.16158293935399842,0.6302238958656055,0.426446230605547,0.16063849323606855,0.45180267587180667,0.31714712025481245,-0.22691187483486458,-0.1682627054296241,DIFFICULT,1
100130,5,0.0,0.0,0.0,0.0625403425833419,0.0,0.0,1.5717175440386346e-18,-0.0625403425833419,0.0625403425833419,0.0440032314882306,4.595389821736115e-17,1,0.0,0.008496107287125,0.0,1.0,0.22707672082723773,0.5521757897403471,1.2650975100836348e-08,0.27443381914791165,0.26121913888035914,0.10072407930959247,-1.2650975100836348e-08,-7.248474800030138e-10,-0.2689867756176898,0.1419494546638856,-0.07379669233650324,0.06085886145618552,0.5294998172619028,0.32572215129595466,0.05991441322058655,0.35107859515043494,0.21642303882755104,-0.32763595696801573,-0.2689867882686649,DIFFICULT,1
100131,1,0.0,0.0,0.0,0.0,-0.0296128798140155,-0.2590797645764919,-0.0724916039138829,-0.2590797645764919,0.0060439267806188,0.1177059729848161,3.6253010142484055e-18,1,0.0,0.014957104659452,0.0,1.0,0.0,0.0,0.0,0.0,0.0,0.0,0.0,0.0,0.0,0.0,0.0,0.0,0.0,0.0,0.0,0.0,0.0,0.0,0.0,CORRECTABLE,0
100131,2,0.0,0.0,0.1029530670789061,0.0,0.0,0.0940430832551051,0.0928946235524542,1.597384557530021e-05,0.1969961503340113,0.1117185703721013,1.2607238386933006e-17,1,0.0,0.014957104659452,0.0,1.0,0.004664837200787479,0.008574251122286755,0.0,0.005538815369441973,0.004525608033866467,0.004664837200787479,0.0,0.0,0.0,0.006962405613035114,0.008449056694015397,0.005632704462676941,0.001740601403258768,0.0,0.001740601403258768,0.005632704462676934,0.008449056694015397,0.0069624056130351275,0.0,CORRECTABLE,0
100131,3,0.0,0.0040741392308652,0.343148709251429,0.1152792675063962,0.2094230144886701,0.0,0.1832846968156397,-0.044568146328009,0.4353228756659872,0.230565995326658,0.0711071438831123,4,0.0,0.014957104659452,0.0,1.0,0.06731248213868345,0.10062064847851239,0.0,0.07417940212246406,0.057797879397405154,0.06722010912480648,0.0,0.0,-0.0023324186003937097,0.036444234363047334,0.06663093260088043,0.0865910667521422,0.09732236812083075,0.10062064847851239,0.09732236812083078,0.08659106675214218,0.06663093260088046,0.03644423436304736,-0.0023324186003937097,DIFFICULT,1
100131,4,0.0312769201946697,0.0091914097414284,0.0,0.0541652717199424,0.0036144902851984,0.0,0.0307075392749424,-0.0645761434144175,0.1252541576883354,0.0606038569642813,0.1604203642639301,4,0.0,0.014957104659452,0.0,1.0,0.23317505489314946,0.505714125431105,6.165704530269878e-09,0.2739330308888131,0.24906005903586903,0.21689475137804304,-6.165704530269878e-09,-3.532688473091557e-10,-0.035942470079944694,0.1692717598163062,0.10720724041655048,0.22300007295145025,0.48739365278182345,0.41015930316753824,0.2681194544373022,0.3585189771558458,0.24272614338780507,-0.05000244222763786,-0.035942476245649224,CORRECTABLE,0
100131,5,-0.3342133497667401,0.0,0.1727488832629986,0.057908117240662,0.0015801121174761,0.0,-0.2255847264338058,-0.354496206313661,-0.1091587395207323,0.2355273368527918,5.551115123125783e-17,4,0.0,0.014957104659452,0.0,1.0,0.17985584475184818,0.44973776168445523,2.073315566453182e-08,0.21751855241763124,0.21062994339260083,0.10787799476929427,-2.073315566453182e-08,-1.187922315565429e-09,-0.14438983848524053,0.11148880694673648,-0.03410895416727933,0.08202763536475764,0.4302480587672767,0.30171192747851683,0.10794538825696745,0.2812216295489663,0.16508503587029805,-0.21081387600346613,-0.1443898592183962,DIFFICULT,1
100132,1,-0.5790138540869408,0.0,0.2502890179791885,0.1230966362351271,0.0,0.0,-0.4212655052412922,-0.6436443254679238,-0.2137343927146087,0.437142580873412,1.1102230246251563e-16,3,0.0,0.014957104659452,0.0,1.0,0.0,0.0,0.0,0.0,0.0,0.0,0.0,0.0,0.0,0.0,0.0,0.0,0.0,0.0,0.0,0.0,0.0,0.0,0.0,CORRECTABLE,0
100132,2,0.1539462251390812,-0.0132411395459364,0.0,0.0,0.0786291194155397,0.0,0.141559991729213,0.0382871878452429,0.2694969680924978,0.1569769891986648,0.2311014859068331,3,0.0,0.014957104659452,0.0,1.0,0.1678093864803746,0.36527946137233214,1.1102230246251565e-16,0.1962486985179645,0.1795515242076085,0.15774834884564864,-1.1102230246251565e-16,-6.361109362927034e-18,0.0,0.1944154180864177,0.07476180619311379,0.13013368166476125,0.3551108595316537,0.25028901797918857,0.12096714348079035,0.2748424564363994,0.21947058096475175,-0.03972829796444566,-1.1102230246251565e-16,CORRECTABLE,0
100132,3,0.0,-0.0009119785368655,0.0,0.0,0.0,0.0,-8.587739980083204e-20,-0.0079585140885846,0.0079585140885846,0.0046405712804985,0.0159170281771692,1,0.0,0.014957104659452,0.0,1.0,0.11257102767251162,0.28337489743137706,1.8068157248141148e-09,0.13605348743174359,0.13238912681638568,0.06648794101295617,1.8068157248141148e-09,1.0352291538971955e-10,-0.07887417532623223,0.09705442822358784,-0.026546589688964922,0.03630335960243403,0.2716149812488281,0.17141484355636424,0.03747126555932784,0.18101213509679848,0.11816218616676258,-0.13708928638182283,-0.0788741735194165,CORRECTABLE,0
100132,4,0.0,0.0,0.0,0.0760237193296398,0.0,0.0,1.5423261519542412e-18,-0.0760237193296398,0.0760237193296398,0.0534901022615994,5.586132272179211e-17,1,0.0,0.014957104659452,0.0,1.0,0.1010154998327282,0.25013092691568617,1.921976494623223e-09,0.12326827132619349,0.11767075573373662,0.03324397050647814,1.921976494623223e-09,1.1012114146525905e-10,-0.11211814589029062,0.06381045767104551,-0.059790560229991165,0.003059389072923864,0.238371010730834,0.13817087304988623,0.004227295064365907,0.14776816461335263,0.08491821569483282,-0.17033325684223655,-0.11211814396831413,CORRECTABLE,0
100132,5,-0.140928232955807,-0.0229928670933051,0.147831238786452,0.0,0.012580140324696,0.0,-0.0497371277551685,-0.3415788613527283,0.0631210371003032,0.1354227007595609,0.4013012567938426,4,0.0,0.014957104659452,0.0,1.0,0.13831084952396444,0.3093826456248357,9.60989371412424e-10,0.16276668769221977,0.15058471760215883,0.01662198525323915,9.60989371412424e-10,5.506063513886182e-11,-0.12874013066303608,0.11949132646364909,-0.12109816624131856,-0.05824821703450224,0.2940518792351414,0.12154888779664726,-0.08469754394641957,0.17583180021430078,0.11298185119968222,-0.2592580961413181,-0.1287401297020467,DIFFICULT,1
100133,1,0.0918746365169982,0.0202823498232136,0.0958744772499457,0.0,0.1634863084541502,0.0,0.1265473834400771,-0.0851222631044408,0.2688715361384373,0.1677905020288429,0.3539937992428782,4,0.0,0.014957104659452,0.0,1.0,0.0,0.0,0.0,0.0,0.0,0.0,0.0,0.0,0.0,0.0,0.0,0.0,0.0,0.0,0.0,0.0,0.0,0.0,0.0,HIGHLY_CORRECTABLE,0
100133,2,0.0,0.0471248153756267,0.0,0.0,-0.0404643148201024,0.0154441861121444,0.0109736614229903,-0.4112390632835129,0.4112443098797633,0.2400699183382056,0.8224833731632762,2,0.0,0.014957104659452,0.0,1.0,0.03862663770569835,0.09587447724994572,5.683647882892551e-08,0.05186641353562792,0.04553699289119967,0.03467274692307887,-5.683647882892551e-08,-3.256490359282087e-09,2.8418239400584966e-08,-0.008811070892796091,0.00970820515560425,0.0464671489932443,0.0815725679124914,0.09587447724994572,0.08157255654519566,0.04646712625865276,0.009708171053716963,-0.008811116361979066,-2.841823942834054e-08,HIGHLY_CORRECTABLE,0
100133,3,0.0,0.0,0.0,0.0,-0.1377934719272463,0.0,0.0217062345137962,0.0,0.0398973635369566,0.0257729948898175,1.6874833433910288e-17,1,0.0,0.014957104659452,0.0,1.0,0.03465703621452812,0.07853810378840632,2.6106373696155316e-07,0.04305530518980535,0.03826415083898196,0.023710607992686015,-2.6106373696155316e-07,-1.495785031181047e-08,-0.017336242929670842,-0.016633631665281867,0.003917048048365401,0.0368275864345719,0.06661464762321542,0.07853810378840632,0.06661459541046805,0.03682748200907712,0.003916891410123247,-0.01663384051627126,-0.017336503993407804,HIGHLY_CORRECTABLE,0
100133,4,0.0,0.0137380160694976,0.0,0.0,0.0,0.0,1.7862499158573064e-18,-0.1198868088497985,0.1198868088497985,0.0699054215229689,0.2397736176995971,1,0.0,0.014957104659452,0.0,1.0,0.039124327103412244,0.06668279979206343,1.3053185882183627e-07,0.04471094110918506,0.03621327133911885,0.03356153851013938,-1.3053185882183627e-07,-7.47892460248872e-09,-0.029191612191952807,0.003908200390028899,0.031376518706261326,0.05118213220772155,0.06285862763978593,0.06668279979206343,0.06285860153341419,0.05118207999497805,0.031376440387146085,0.00390809596454203,-0.02919174272381163,HIGHLY_CORRECTABLE,0
100133,5,0.0,-0.0372023917136024,0.194739039039295,0.0,0.0,0.0,0.1227371544795123,-0.3246521581335251,0.3246521581335251,0.2336869180603823,0.6493043162670502,2,0.0,0.014957104659452,0.0,1.0,0.030323938835743174,0.04990203053699383,9.661405048211336e-08,0.03397477894692894,0.027465297690729144,0.016780769255069772,-9.661405048211336e-08,-5.5355773342889715e-09,-0.045972398405926596,-0.012872582432164048,0.014595739275849201,0.03440135616909028,0.0460778549929355,0.04990203053699383,0.046077835670125425,0.034401317523470115,0.014595681307418978,-0.012872659723404234,-0.04597249501997708,CORRECTABLE,0
100134,1,0.0,0.0174301756755729,0.0,0.0,0.2403970004868294,0.0,-0.0378690920258938,-0.178405023926343,0.1521069820621914,0.0994393589686743,0.3042139641243829,2,0.0,0.014957104659452,0.0,1.0,0.0,0.0,0.0,0.0,0.0,0.0,0.0,0.0,0.0,0.0,0.0,0.0,0.0,0.0,0.0,0.0,0.0,0.0,0.0,HIGHLY_CORRECTABLE,0
100134,2,0.4896447325627727,-0.0328308765159703,0.1112230755495349,0.0,0.1808058115399483,0.0,0.5312628654961814,0.2031412554465343,0.7761482096790111,0.5586573832944025,0.5730069542324768,4,0.0,0.014957104659452,0.0,1.0,0.0378690924703558,0.0696056813641043,4.489065580370877e-08,0.04496403623784215,0.03673884924131899,-0.037869092025893863,-4.489065580370877e-08,-2.5720451171269666e-09,2.2445327874098808e-08,-0.05652070667633963,-0.06858932667604578,-0.04572621778403052,-0.0141301766690849,0.0,-0.014130185647216055,-0.04572623574029283,-0.06858935361043925,-0.056520742588864276,-2.244532792960996e-08,CORRECTABLE,0
100134,3,-0.1414150281906174,0.0,0.3637963008183252,0.088395677198547,0.0,0.0,0.0878729614846528,-0.1563302664531962,0.2992384441603716,0.1566383677076797,0.0,3,0.0,0.014957104659452,0.0,1.0,0.05426709403139185,0.13015762156248184,6.910894340128593e-08,0.06690463090050831,0.06201789850089595,0.022683586920461685,-6.910894340128593e-08,-3.959650783502164e-09,0.01893458056741859,-0.045726326285404184,-0.03586645344971473,0.028798382308976134,0.09995630357426866,0.13015762156248184,0.09995628975248011,0.028798354665398762,-0.035866494915080815,-0.04572638157255898,0.01893451145847519,DIFFICULT,1
100134,4,-0.2597126730416974,0.0,0.150436980564624,0.1818386852108425,0.0767685230634876,0.0,-0.1769906836686129,-0.419313462999638,0.0645192398036122,0.2240577339994507,1.1102230246251563e-16,4,0.0,0.014957104659452,0.0,1.0,0.24820862084056095,0.5448777261255118,3.455446920264116e-08,0.29948810715094176,0.26787472517125677,0.2406297831355011,-3.455446920264116e-08,-1.979825248626121e-09,0.007592769829950663,0.13942039068817946,0.11466816775956801,0.2598162963669042,0.5186746339679316,0.48261212892057626,0.3505360574330358,0.3637316333925405,0.21858349787431042,-0.028718206579398067,0.00759273527548146,DIFFICULT,1
100134,5,0.0,0.0,0.0,0.0,-0.012227982002106,-0.0911595266427711,-0.0252219411149083,-0.0911595266427711,0.0025761758754279,0.0413524228012205,1.497554250745603e-18,1,0.0,0.014957104659452,0.0,1.0,0.2895179112403243,0.7445738460147824,1.7277232228218864e-08,0.352791476350972,0.3455066799947989,0.203036880940835,-1.7277232228218864e-08,-9.89912488344348e-10,-0.11272213037641843,0.22048257999197443,-0.04600754911101035,0.139723136918577,0.709860337244826,0.5127342179174498,0.19584403119674776,0.4574026757814817,0.27167198629644773,-0.2935337364224433,-0.11272214765365066,DIFFICULT,1
100135,1,0.0,-0.010261154563792,0.0,0.0931402444179225,0.0917675905905064,0.0,-0.0144559013882406,-0.1867425827979542,0.1504218959580235,0.0951977975920145,0.1790909341089079,3,0.0,0.014957104659452,0.0,1.0,0.0,0.0,0.0,0.0,0.0,0.0,0.0,0.0,0.0,0.0,0.0,0.0,0.0,0.0,0.0,0.0,0.0,0.0,0.0,DIFFICULT,1
100135,2,0.0,0.0,0.1023802605880075,0.0,0.0,0.0,0.0645266707766152,0.0,0.1023802605880075,0.0720344999785695,1.253796584249754e-17,1,0.0,0.014957104659452,0.0,1.0,0.05962542296509838,0.1160821430234914,3.831769221362968e-09,0.06774377423780202,0.05948664836988791,-0.014455901388240622,3.831769221362968e-09,2.1954420445222775e-10,-1.9158846523148476e-09,0.06700578029527551,-0.08092931271804406,-0.07220169583328646,0.08318767236106024,3.4219170659463274e-17,-0.0939755996385629,0.03729122982696375,0.02856361370855994,-0.11015748940528605,1.9158845690481208e-09,CORRECTABLE,0
100135,3,0.0,0.0,0.0,0.0,-0.0600016322220931,0.0,0.0094518955216613,0.0,0.0173731520085333,0.0112227505339093,7.34808068444031e-18,1,0.0,0.014957104659452,0.0,1.0,0.07693108473446171,0.19581145048534854,1.915884562109227e-09,0.09422675917995574,0.09124543705870401,0.0572987200824949,1.915884562109227e-09,1.0977209944312854e-10,0.007227949736177991,0.10587097216597965,-0.013523754149667222,0.017853625948244495,0.18778503721898943,0.10960821128212783,0.01062176483618936,0.12734655084214083,0.095969171127406,-0.07129229906728965,0.007227951652062553,CORRECTABLE,0
100135,4,0.0,0.0,0.1860561898665782,0.0,0.0,0.0,0.1172646605949194,0.0,0.1860561898665782,0.1309086783719974,2.2785311738165718e-17,1,0.0,0.014957104659452,0.0,1.0,0.0682257606365261,0.16947457106274394,9.57943113721882e-10,0.08275038820995723,0.07958513861815968,0.03810125556290882,9.57943113721882e-10,5.488609742988449e-11,-0.021421409826098692,0.09132884232135811,-0.025053630909582132,0.0006172547612187627,0.16266248472689848,0.08095885124088043,-0.014500787847489864,0.11011017927193852,0.08443929379272624,-0.08583442967826434,-0.021421408868155578,CORRECTABLE,0
100135,5,0.0,0.0,0.0,0.1152041275345066,0.0,0.0701836906319046,0.0209013768493371,-0.1148232723047983,0.1711755046684049,0.0872215532003581,8.465077868270027e-17,1,0.0,0.014957104659452,0.0,1.0,0.15192084531445924,0.3306348358481263,4.789723756504216e-10,0.17666318126504368,0.16243302261897175,0.13631528837637383,4.789723756504216e-10,2.74430956281238e-11,-0.04047203736806772,0.12977273930891658,0.06525682595395764,0.13208924658627216,0.3205618087629987,0.24796441332600427,0.1433985360928162,0.2415821709054036,0.17474975036888363,-0.04739053307388247,-0.04047203688909534,CORRECTABLE,0
100136,1,-0.4135672142368389,0.0,0.2351341095624367,0.0,0.0,-0.0890976309331588,-0.2919046000168621,-0.4135823480643187,-0.24384097851348,0.2963545387988641,5.551115123125783e-17,2,0.0,0.014957104659452,0.0,1.0,0.0,0.0,0.0,0.0,0.0,0.0,0.0,0.0,0.0,0.0,0.0,0.0,0.0,0.0,0.0,0.0,0.0,0.0,0.0,CORRECTABLE,0
100136,2,0.0,-0.0076189724211298,0.2155217879956642,0.0,0.032431047999283,0.0,0.1307270132006919,-0.066488077575575,0.2190160776562337,0.152604543421114,0.13297615515115,3,0.0,0.014957104659452,0.0,1.0,0.14819674406909225,0.23513410956243663,5.551115123125783e-17,0.1654397821704739,0.13154323430650605,0.14819674406909225,5.551115123125783e-17,3.180554681463517e-18,0.0,0.0726604358120137,0.13820836191172287,0.19022749059323218,0.22362582710261397,0.23513410956243663,0.22362582710261397,0.1902274905932321,0.13820836191172287,0.07266043581201381,5.551115123125783e-17,DIFFICULT,1
100136,3,-0.1631348325011918,0.0,0.1451435534192821,0.0,0.0,0.0,-0.0716559650608882,-0.1631348325011918,-0.0179912790819097,0.0848246976903453,2.775557561562892e-17,2,0.0,0.014957104659452,0.0,1.0,0.21459853315315125,0.37655752552355476,4.445919479789673e-09,0.2492492987792189,0.20227174881470952,0.20482538523523805,4.445919479789673e-09,2.5473242224694673e-10,-0.07409837425750579,0.057536960455687486,0.1815373892159576,0.28432115491006926,0.35259460632729817,0.37655752552355476,0.3525946072164821,0.284321156688437,0.1815373918835093,0.05753696401242314,-0.07409836981158631,CORRECTABLE,0
100136,4,0.0,0.0,0.0108680029709248,0.0,0.0,0.0,0.0068497193274998,0.0,0.0108680029709248,0.0076467002064642,1.3309465051467017e-18,1,0.0,0.014957104659452,0.0,1.0,0.23222667479589418,0.41928838632521775,2.222959843978245e-09,0.2696623670369687,0.2224207557069184,0.1938915600579226,2.222959843978245e-09,1.273662170870134e-10,-0.17651106576364506,-2.3906642221571683e-05,0.1644379374304052,0.29933206407720936,0.3882216362096169,0.41928838632521775,0.38822163665420906,0.2993320649663932,0.1644379387641811,-2.3904863853639602e-05,-0.17651106354068521,CORRECTABLE,0
100136,5,0.0,0.0,0.0,0.0,0.07805913554019,0.0,-0.0122964453851208,-0.0226016056092402,0.0,0.0146002395704428,9.559487048350309e-18,1,0.0,0.014957104659452,0.0,1.0,0.19183391190053214,0.3332106092671812,1.111479963622486e-09,0.21721599162612382,0.17923495584637036,0.10379549935646114,1.111479963622486e-09,6.368311092892271e-11,-0.2734568452368664,-0.09361128861365776,0.07388020960306824,0.21117868336893958,0.3016119413364167,0.3332106092671812,0.30161194155871296,0.2111786838135315,0.07388021026995625,-0.0936112877244737,-0.27345684412538646,CORRECTABLE,0
100137,1,0.0,0.0,0.0,0.0727308925511172,0.0,0.0,1.2055968140251889e-18,-0.0727308925511172,0.0727308925511172,0.0511732774250087,5.344179285711346e-17,1,0.0,0.014957104659452,0.0,1.0,0.0,0.0,0.0,0.0,0.0,0.0,0.0,0.0,0.0,0.0,0.0,0.0,0.0,0.0,0.0,0.0,0.0,0.0,0.0,CORRECTABLE,0
100137,2,0.0,0.0,0.2298933531939968,0.0,0.0,0.0,0.1448936799934146,0.0,0.2298933531939968,0.1617523988571099,2.8153815913428016e-17,1,0.0,0.014957104659452,0.0,1.0,0.04582840647039693,0.07273089255111718,5.551115123125783e-17,0.05117327742500873,0.04068511744895512,2.1984614349013e-18,-5.551115123125783e-17,-3.180554681463517e-18,0.0,0.06917118929670266,-0.04275014602761516,-0.042750146027615184,0.06917118929670266,2.6720896428556723e-17,-0.06917118929670267,0.04275014602761525,0.042750146027615205,-0.06917118929670264,-5.551115123125783e-17,CORRECTABLE,0
100137,3,0.3817069208654672,0.0,0.2599894447103367,0.1043197099953058,0.0207106751661247,-0.191189581975142,0.4853685170214939,0.3324480160615884,0.6428675406485228,0.4929740946678097,0.0,4,0.0,0.014957104659452,0.0,1.0,0.147792610896942,0.2952582055075619,1.6930901125533637e-15,0.16965418609172744,0.1498806635305244,0.1448936799934146,1.6930901125533637e-15,9.700691778463726e-17,-8.604228440844963e-16,0.14021214232748908,0.09237777657988037,0.14323748360017,0.2878127609047964,0.22989335319399684,0.14947038231139145,0.22873777565540115,0.17787806863511182,0.001869763734085192,8.326672684688674e-16,DIFFICULT,1
100137,4,0.0,0.0,0.0,0.0672599513224447,0.0,-0.103004315491979,-0.0306756740180199,-0.1520359044459809,0.0669019081473111,0.0668870420347891,4.942267840639392e-17,1,0.0,0.014957104659452,0.0,1.0,0.19154766783446728,0.446559807125919,0.28504894723667473,0.2382418241901553,0.30077110907813376,0.13143168136992076,0.28504894723667473,0.01633210118896522,-0.3120153223443827,0.03133067941198664,-0.07770861766202847,0.05798905175129343,0.4242289153754914,0.3050376064198159,0.14446844629130856,0.380144096818531,0.301456216852544,-0.0774004213301912,-0.02696637510770794,DIFFICULT,1
100137,5,0.0,0.0,0.1452605513206439,0.0902986933564901,0.1339195756434843,0.0,0.0704566170292196,-0.0810925033866543,0.2256561336893313,0.107891103377806,6.496153451550426e-17,3,0.0,0.014957104659452,0.0,1.0,0.1915762755206978,0.45861957316448926,0.14252446149800427,0.23300777722040422,0.2611168707769978,0.06571584068496046,0.14252446149800427,0.008166050065917514,-0.30646892016000776,0.08659264801340037,-0.14020152008263026,-0.01875629924317542,0.436733538255304,0.23932176573485564,0.0005321420415753536,0.32545776644307933,0.2325174379032252,-0.2640940713015255,-0.1639444586620035,DIFFICULT,1
100138,1,0.0,0.0156081087451052,0.3358260954140377,0.1086718796652901,-0.3087031437924447,0.0,0.2602885295794361,-0.136206447174942,0.491415798567539,0.2944613076632777,0.272412894349884,4,0.0,0.014957104659452,0.0,1.0,0.0,0.0,0.0,0.0,0.0,0.0,0.0,0.0,0.0,0.0,0.0,0.0,0.0,0.0,0.0,0.0,0.0,0.0,0.0,DIFFICULT,1
100138,2,0.0,0.0,0.0,0.060097003565495,0.0,0.0,1.4520893121242617e-18,-0.060097003565495,0.060097003565495,0.0422841041543299,4.415856183289834e-17,1,0.0,0.014957104659452,0.0,1.0,0.2603016608570902,0.44563045455333605,3.793651337513637e-08,0.2889644340373122,0.2406760894078131,0.26028852957943605,-3.793651337513637e-08,-2.1736021058369118e-09,1.8968256687568186e-08,0.2797095472088512,0.22159615034551178,0.2665321250266028,0.44088781499859897,0.33582609541403774,0.2341816088238624,0.39428356626431715,0.3493475839959236,0.07300331827220669,-1.8968256687568186e-08,CORRECTABLE,0
100138,3,0.0,0.0,0.0,0.1463468652793982,0.0,0.0,3.503985272594379e-18,-0.1463468652793982,0.1463468652793982,0.1029692950895593,1.0753393207779835e-16,1,0.0,0.014957104659452,0.0,1.0,0.17102212691448193,0.37546460410297056,1.8968254605900015e-08,0.20234127841031624,0.18418015283674377,0.1301442647897181,-1.8968254605900015e-08,-1.0868009336476556e-09,-0.1301442553055907,0.2067209216826068,0.056127747462550004,0.10106372404046686,0.3678991951628322,0.20568183062431974,0.046881699080193184,0.29946343767101713,0.25452745729944937,-0.11429658578098488,-0.1301442742738453,CORRECTABLE,0
100138,4,-0.1664559630493413,-0.011627644315272,0.0,0.1329552803162601,0.1066931994250432,0.0,-0.1832630553981719,-0.4059719053791075,0.0300528406012249,0.2208597086504803,0.2029406803383312,4,0.0,0.014957104659452,0.0,1.0,0.21671549446522648,0.4564505541199121,9.48412620660477e-09,0.2515865176976862,0.22710846919054803,0.06507213239485911,-9.48412620660477e-09,-5.434004040078728e-10,-0.19521639244251393,0.28083292535743704,-0.09496491690801119,-0.05002893938168153,0.44201120168290087,0.1406096982294608,-0.1573745722295936,0.3204118363034476,0.27547585688029264,-0.31855285424553303,-0.19521640192664014,DIFFICULT,1
100138,5,0.0,0.0,0.0928669963083715,0.0,0.0,0.0,0.058530795510647,0.0,0.0928669963083715,0.0653409905890473,1.1372926977547627e-17,1,0.0,0.014957104659452,0.0,1.0,0.2934899610860305,0.5524954234721602,1.663518434114053e-09,0.33122780224163934,0.28691839609067665,0.01572897384859893,-1.663518434114053e-09,-9.531258541694674e-11,-0.2277524625502475,0.3496597660956161,-0.23609151720320232,-0.18100841263905532,0.5296518515098444,0.10807363203203124,-0.32262989227978434,0.345730672142936,0.2906475672460852,-0.5026219786921234,-0.22775246421376594,DIFFICULT,1
100139,1,-0.0930791170186971,0.0,0.0,0.0,0.0,0.0,-0.093079117018697,-0.0930791170186971,-0.0930791170186971,0.0930791170186971,0.0,1,0.0,0.014957104659452,0.0,1.0,0.0,0.0,0.0,0.0,0.0,0.0,0.0,0.0,0.0,0.0,0.0,0.0,0.0,0.0,0.0,0.0,0.0,0.0,0.0,HIGHLY_CORRECTABLE,0
100139,2,0.0,0.0,0.0,0.0,-0.0757157163095497,0.0693926039263599,0.032593076499061,1.178679708087379e-05,0.0693926039263599,0.0377851674008904,9.27331670654008e-18,1,0.0,0.014957104659452,0.0,1.0,0.0,0.0,0.0,0.0,0.0,0.0,0.0,0.0,0.0,0.0,0.0,0.0,0.0,0.0,0.0,0.0,0.0,0.0,0.0,HIGHLY_CORRECTABLE,0
100139,3,0.0,0.0,0.2138189968446973,0.0,0.0,0.0,0.134762579582651,0.0,0.2138189968446973,0.150442521196623,2.618527500827566e-17,1,0.0,0.014957104659452,0.0,1.0,0.0119272928652448,0.021923081092391425,0.0,0.014161924670533253,0.011571304654344193,0.0119272928652448,0.0,0.0,0.0,0.0178018325654056,0.021602977614645733,0.014401985076430493,0.0044504581413514,0.0,0.004450458141351393,0.014401985076430507,0.021602977614645746,0.0178018325654056,0.0,CORRECTABLE,0
100139,4,0.0,0.0,0.0482727938779741,0.0,0.0,0.0,0.0304246410405827,0.0,0.0482727938779741,0.0339646192498141,5.911712250856103e-18,1,0.0,0.014957104659452,0.0,1.0,0.14096241003240698,0.2078553504120749,2.7755575615628914e-17,0.1549410942896131,0.1201394375623059,0.1407262260152734,2.7755575615628914e-17,1.5902773407317584e-18,-0.005963646432622399,0.07791188987799792,0.14131898418730723,0.1814215408113715,0.20184076196557124,0.2078553504120749,0.20184076196557124,0.1814215408113715,0.1413189841873073,0.07791188987799795,-0.0059636464326223715,CORRECTABLE,0
100139,5,0.0,4.492050727619012e-05,0.0,0.0,0.0,0.0,8.587739980083204e-21,-0.0003920053768178,0.0003920053768178,0.0002285764494745,0.0007840107536357,1,0.0,0.014957104659452,0.0,1.0,0.11355037526038575,0.18576503128241229,2.7755575615628914e-17,0.1285857617971292,0.10265319814255235,0.10078775404821935,2.7755575615628914e-17,1.5902773407317584e-18,-0.0763267594402591,0.022465890544614134,0.09932990750809809,0.15011193841697476,0.1773878041353546,0.18576503128241229,0.1773878041353546,0.1501119384169748,0.09932990750809814,0.022465890544614175,-0.07632675944025907,HIGHLY_CORRECTABLE,0
100140,1,0.3122213323381215,0.0364724280381321,0.3063678776650272,0.0,0.0,0.0,0.5053142104484281,-0.0060606883836725,0.6884409982858741,0.546778512155715,0.636564041443588,3,0.0,0.014957104659452,0.0,1.0,0.0,0.0,0.0,0.0,0.0,0.0,0.0,0.0,0.0,0.0,0.0,0.0,0.0,0.0,0.0,0.0,0.0,0.0,0.0,CORRECTABLE,0
100140,2,-0.1488036980935841,-0.0271927544452191,0.0,0.0688675193690123,0.1133861579512086,0.0,-0.1666651141729087,-0.4403462806032319,0.1047154930816275,0.2298378390644238,0.4746031333898829,4,0.0,0.014957104659452,0.0,1.0,0.19309287958715407,0.3063678776650272,1.491616141435781e-07,0.21555968650934795,0.1713942405750734,0.1930928781103064,-1.491616141435781e-07,-8.546330955785913e-09,7.458080705791126e-08,0.09467294039372391,0.1800785650161318,0.24785684939391472,0.29137318135300205,0.3063678776650272,0.2913731515206791,0.2478567897292691,0.18007847551916345,0.09467282106443276,-7.458080708566683e-08,CORRECTABLE,0
100140,3,0.0,0.0,0.0,0.1807994584408009,0.0,0.0,1.3640354001200085e-18,-0.1807994584408009,0.1807994584408009,0.1272100550475139,1.3284928684026104e-16,1,0.0,0.014957104659452,0.0,1.0,0.11342778919479123,0.26576761129959775,1.0103898251401233e-07,0.1362117712916971,0.12737982758918115,0.07868502297582858,-1.0103898251401233e-07,-5.789107264349031e-09,-0.096546388535662,0.036964700563369715,0.010701805963966846,0.08926375959172977,0.253658969396785,0.20982143860987404,0.12266514307502473,0.1702223436702803,0.09166036983472091,-0.09402918638177968,-0.09654648957464451,CORRECTABLE,0
100140,4,0.0,0.0,0.2791586753646867,0.0,0.0,0.0,0.175943876644158,0.0,0.2791586753646867,0.1964153585767542,3.418707782395787e-17,1,0.0,0.014957104659452,0.0,1.0,0.17414837962818794,0.4056582021208334,5.051948850920418e-08,0.205962318404306,0.19453822152098355,0.03934251148791437,-5.051948850920418e-08,-2.8945534747370587e-09,-0.13588892528332328,0.16957267196041637,-0.13491197597376423,-0.05635001729405195,0.38626695594967986,0.1704789271219599,-0.08862786645369859,0.23715109758023376,0.1585891287966237,-0.30532218075465467,-0.13588897580281178,DIFFICULT,1
100140,5,0.0,0.0103122224183855,0.0,0.0,0.0,0.0,5.49615358725325e-19,-0.0899911181711118,0.0899911181711118,0.0524733881019091,0.1799822363422236,1,0.0,0.014957104659452,0.0,1.0,0.267979102224058,0.6563753365973061,2.525974140965559e-08,0.32269534020418145,0.3095758732447498,0.19561513238811523,-2.525974140965559e-08,-1.447276574365102e-09,-0.1555601936571539,0.23616618092744757,0.009502113133219511,0.14982283440727207,0.6320913749656567,0.42996634674268946,0.1571965576142277,0.44332395938545655,0.3030032330594557,-0.23872865157982576,-0.1555602189168953,DIFFICULT,1
100141,1,0.0,0.0,0.0,0.0,-0.150790114760082,0.0,0.0237535606554188,0.0,0.0436604720254009,0.0282038967651423,1.846646313839966e-17,1,0.0,0.0093809983571484,0.0,1.0,0.0,0.0,0.0,0.0,0.0,0.0,0.0,0.0,0.0,0.0,0.0,0.0,0.0,0.0,0.0,0.0,0.0,0.0,0.0,CORRECTABLE,0
100141,2,-0.0980144064518665,0.0,0.0,0.0,0.0,-0.1330931674687681,-0.1376508294482952,-0.2311075739206347,-0.0980370132149658,0.145282575989993,0.0,1,0.0,0.0093809983571484,0.0,1.0,0.023753560655418792,0.043660472025400916,1.3877787807814457e-17,0.028203896765142365,0.023044599480760153,0.023753560655418792,1.3877787807814457e-17,7.951386703658792e-19,0.0,0.03545288225898632,0.043022976370641,0.028681984247094006,0.008863220564746577,0.0,0.008863220564746574,0.028681984247094013,0.043022976370641015,0.035452882258986324,1.3877787807814457e-17,DIFFICULT,1
100141,3,0.0,-0.0336906307335669,0.2484658131870586,0.0,0.0,0.0289359078849189,0.1652166382669618,-0.2940013356150874,0.3262300621981963,0.2532122590994639,0.5880125011444681,2,0.0,0.0093809983571484,0.0,1.0,0.10799316125771714,0.24742577508155206,0.2241668296497223,0.12841592662000934,0.1867173224586984,-0.03712203969400562,0.2241668296497223,0.012843813030620021,-0.09440768149644178,-0.03751355964207245,-0.01810208918770627,-0.06423839177438256,-0.18232736626395685,-0.2461935681072288,-0.13749400033401238,0.025428340085506415,0.11639800860212712,0.1418199040777054,0.1297591481532805,NOT_IMPROVED,1
100141,4,-0.0358466227320069,0.0,0.1551085110299905,0.0,0.0,0.0,0.0619128063649685,-0.0358466227320069,0.1192618882979836,0.0786543862915921,2.0816681711721685e-17,2,0.0,0.0093809983571484,0.0,1.0,0.13855433611801204,0.2502528942474289,0.11208336053842902,0.15646717487492645,0.16591389475865365,0.13803822726063067,0.11208336053842902,0.006421903485603036,-0.019804927093792432,0.10266100664543963,0.18012851208289415,0.17775238728440013,0.08374703120230156,0.02083326492683246,0.1061637033099874,0.22258573149977176,0.2473785284059516,0.1923276950761828,0.09227843344463658,NOT_IMPROVED,1
100141,5,0.2800570431838036,0.0,0.0,0.0994136697754071,0.0,0.0,0.2800570431838036,0.1806433734083965,0.3794707129592107,0.2886599386450166,5.551115123125783e-17,2,0.0,0.0093809983571484,0.0,1.0,0.16958575844960574,0.27530681331101514,0.056041678428678104,0.18579127961378464,0.16885940301816815,0.1667785427272907,0.056041678428678104,0.0032109516474310897,-0.060803199669232366,0.10398973173948561,0.21909239837397682,0.24542703147149117,0.1678490459308724,0.10692266232650754,0.17905738161660809,0.26784370284296244,0.25271740543118376,0.1488230744824281,-0.004761521240554262,CORRECTABLE,0
100142,1,0.0083261513923353,0.0,0.1186153214762239,0.1271962080668264,0.223086625273914,0.0,0.0479429737474016,-0.1342592096739736,0.2415623457219887,0.1128068468608817,1.0755285551056204e-16,4,0.0,0.0093809983571484,0.0,1.0,0.0,0.0,0.0,0.0,0.0,0.0,0.0,0.0,0.0,0.0,0.0,0.0,0.0,0.0,0.0,0.0,0.0,0.0,0.0,DIFFICULT,1
100142,2,0.0,-0.0105353981402937,0.0,0.0,0.1225642293594078,0.0,-0.0193072129489754,-0.1023675336420073,0.0919386938144831,0.0583048791491173,0.1838773876289663,2,0.0,0.0093809983571484,0.0,1.0,0.09076448036752612,0.23323619432965337,9.71445146547012e-17,0.10952784385928199,0.10815298679508206,0.03961682235506634,-9.71445146547012e-17,-5.565970692561154e-18,0.0,0.10517412133150869,-0.06869411518906568,-0.021235842114702884,0.22066795412042622,0.11861532147622394,-0.021273610939552615,0.12829226838370822,0.08083399530934529,-0.13676744372847013,-9.71445146547012e-17,DIFFICULT,1
100142,3,0.0,0.0317189814178816,0.0,0.0,0.0,0.047007081373334,0.0139991601114927,-0.2767923743711937,0.2768083433044275,0.1628361123784361,0.5536007176756212,1,0.0,0.0093809983571484,0.0,1.0,0.08871446460196576,0.20884840628824466,6.065804941668418e-10,0.10691122659805541,0.09995998410884281,0.0005011982285577624,-6.065804941668418e-10,-3.475450225071988e-11,-0.01980841087424291,0.05654913180618694,-0.12347217888371223,-0.06435735497031163,0.19365539835594592,0.09880691029869085,-0.04828616682534895,0.08517075528546732,0.026055931250750487,-0.18539243373905623,-0.019808411480823403,CORRECTABLE,0
100142,4,0.0,-0.0333308998971377,0.0,0.1828276334181482,-0.2268134066944423,0.0,0.0357293050804471,-0.3857032378577284,0.4726877903126726,0.2413554795167194,0.5817340114800802,3,0.0,0.0093809983571484,0.0,1.0,0.08871198678015865,0.20859781170408476,6.532256485725085e-08,0.10691034952307568,0.09988399409435005,0.0002505991142789569,-6.532256485725085e-08,-3.742707273290065e-09,-0.02005897763052955,0.05629855857830182,-0.1237227585831957,-0.06460794114139357,0.19340480571326554,0.09855631118441205,-0.048536772411226184,0.08492014322799168,0.025805312721676382,-0.18564305873972878,-0.020059042953094408,DIFFICULT,1
100142,5,0.0886320815716503,0.0,0.0908228352440427,0.0701619898710798,-0.0109023042910184,0.0,0.1475919250233413,0.0424827967251108,0.2470452696579113,0.1581404552642531,4.163336342344337e-17,4,0.0,0.0093809983571484,0.0,1.0,0.19897654415681865,0.3995365490615529,7.247492911366393e-08,0.22510455671185106,0.2020644053791753,0.0358546046375867,-7.247492911366393e-08,-4.1525075587227596e-09,-0.020184273611486864,0.28337970419414266,-0.16659773210339224,-0.12905415221881178,0.38049067654023483,0.09843101162727272,-0.20920972725703263,0.2354007025590721,0.19785710817950547,-0.30632074308808194,-0.020184346086415977,DIFFICULT,1
100143,1,0.0,0.0,0.0,0.0939567557830144,0.0,0.0,5.187360315011248e-19,-0.0939567557830144,0.0939567557830144,0.0661077426797526,6.90383041367629e-17,1,0.0,0.0093809983571484,0.0,1.0,0.0,0.0,0.0,0.0,0.0,0.0,0.0,0.0,0.0,0.0,0.0,0.0,0.0,0.0,0.0,0.0,0.0,0.0,0.0,CORRECTABLE,0
100143,2,0.0,0.0,0.1889709532880223,0.0,-0.0446318008648609,0.0,0.126132460658314,0.0,0.1889709532880223,0.1387518755291804,2.8608086514533464e-17,2,0.0,0.0093809983571484,0.0,1.0,0.05920301873976739,0.0939567557830144,6.938893903907228e-17,0.06610774267975258,0.05255870662480982,1.305336476972647e-18,-6.938893903907228e-17,-3.975693351829396e-18,0.0,0.08935818483738821,-0.055226395402501405,-0.05522639540250142,0.08935818483738821,3.4519152068381445e-17,-0.08935818483738822,0.055226395402501495,0.05522639540250145,-0.0893581848373882,-6.938893903907228e-17,DIFFICULT,1
100143,3,0.0963301320591961,-0.0141067685664725,0.0,0.0,0.0,0.0,0.0963301320591961,-0.0267746495791998,0.2194349136975921,0.120133767158542,0.2462095632767919,2,0.0,0.0093809983571484,0.0,1.0,0.13236722366052847,0.27852555960893316,1.6792123247455493e-15,0.153695532157176,0.13863738819655658,0.12613246065831402,1.6792123247455493e-15,9.621177911427138e-17,-8.604228440844963e-16,0.15824698657926864,0.06858215356580151,0.10614379026004536,0.2717036327856307,0.18897095328802233,0.09298726311085459,0.21659658106504898,0.1790349443708054,-0.02046938309550636,8.187894806610529e-16,CORRECTABLE,0
100143,4,0.0,-0.0094589330578819,0.0,0.0,0.0,0.0,-1.3740383968133126e-18,-0.0825447635427949,0.0825447635427949,0.0481314545389417,0.1650895270855899,1,0.0,0.0093809983571484,0.0,1.0,0.08984608624903952,0.21545932954576982,3.3249191733197847e-09,0.10812154463384159,0.10240378019930271,0.06306623032915702,-3.3249191733197847e-09,-1.9050383585335034e-10,-0.06306622866669745,0.09518075758007996,0.005515924234120756,0.04307756059587248,0.20863740278896578,0.12590472295886532,0.029921032449205492,0.15353035007090782,0.11596871304417211,-0.0835356147546317,-0.06306623199161662,CORRECTABLE,0
100143,5,-0.2082549594684621,0.0,0.1401498462713179,0.1026341667851004,0.0472029836918137,0.0899079675425305,-0.1005837527036628,-0.2855876973613078,0.1023641413410925,0.1445036244286188,5.551115123125783e-17,4,0.0,0.0093809983571484,0.0,1.0,0.07646560142030352,0.1839262142511358,1.6992253437653204e-09,0.09331268049981926,0.08744881326118133,0.03153311516457852,-1.6992253437653204e-09,-9.735844063941932e-11,-0.09459934464412285,0.06364764176522394,-0.026017191418165886,0.01154444510615521,0.1771042874618179,0.09437160779428683,-0.0016120825528036196,0.12199723523146808,0.08443559836730177,-0.11506872926893268,-0.0945993463433482,DIFFICULT,1
100144,1,0.138863111464339,0.0,0.4772509965220408,0.0,0.0928458215865729,0.0,0.4250318459376824,0.138863111464339,0.6161141079863799,0.4515697872669871,5.551115123125783e-17,3,0.0,0.0093809983571484,0.0,1.0,0.0,0.0,0.0,0.0,0.0,0.0,0.0,0.0,0.0,0.0,0.0,0.0,0.0,0.0,0.0,0.0,0.0,0.0,0.0,DIFFICULT,1
100144,2,0.0,0.0129165697236374,0.0,0.0,0.0,0.0,2.0610575952199687e-18,-0.1127183367799563,0.1127183367799563,0.0657255199430897,0.2254366735599127,1,0.0,0.0093809983571484,0.0,1.0,0.2861687344733434,0.4772509965220408,5.551115123125783e-17,0.32427726917135763,0.26145364621575107,0.2861687344733434,5.551115123125783e-17,3.180554681463517e-18,0.0,0.12564930664146318,0.25403061030833574,0.3684438420425726,0.448435329684086,0.4772509965220408,0.448435329684086,0.3684438420425726,0.25403061030833585,0.12564930664146332,5.551115123125783e-17,CORRECTABLE,0
100144,3,0.0,0.0,0.1575752954020769,0.0,0.0,-0.1661981400526113,0.0498187547200081,-0.0086228446505344,0.0924490877475394,0.0598328590411944,1.929879867024198e-17,1,0.0,0.0093809983571484,0.0,1.0,0.1785075351594267,0.3341666292853691,1.4364346906381442e-08,0.2091323477099537,0.17471548841373818,0.14308436723667164,-1.4364346906381442e-08,-8.230164531974573e-10,-0.14308436005449823,-0.017435054849469736,0.1109462473809681,0.22535947767877024,0.30535096388384897,0.3341666292853691,0.30535096101097964,0.2253594719330315,0.1109462387623601,-0.017435066340947214,-0.14308437441884514,CORRECTABLE,0
100144,4,0.0,-0.0029054655120074,0.4035972294027832,0.0362756879140836,0.0,0.0,0.2543731125360899,-0.02535496976557,0.4325630174853325,0.2858350463258938,0.0507099395311401,3,0.0,0.0093809983571484,0.0,1.0,0.22768135021009483,0.4201997410691102,7.182171885000699e-09,0.26437062893549085,0.22080139243196212,0.17085633998539568,-7.182171885000699e-09,-4.115081367480589e-10,-0.21462654726392152,-0.04028379716778124,0.13202449637095057,0.28129838449793215,0.3836717910465747,0.4201997410691102,0.3836717896101403,0.2812983816250634,0.13202449206164754,-0.04028380291351871,-0.2146265544460934,DIFFICULT,1
100144,5,0.1148538686982296,0.0,0.1501245711604108,0.0511269682317615,0.0120855390985586,0.0,0.207568293685334,0.0947657914103885,0.3108223010055231,0.2159197364253994,2.775557561562892e-17,4,0.0,0.0093809983571484,0.0,1.0,0.40620421316989597,0.7540893454589647,2.6527173235812995e-09,0.472896453871564,0.3953777137716298,0.33980128252878766,-2.6527173235812995e-09,-1.51989506882448e-10,-0.3000547195213466,0.03350666316962188,0.2625025099558118,0.5010649166961767,0.7165876249568969,0.7383688004791956,0.6475871656787963,0.5437095443804151,0.3051471371095069,-0.03549379770010899,-0.3000547221740639,DIFFICULT,1
100145,1,0.0,-0.0173169078354783,0.0,0.0,0.0,0.0,-4.3969228698026e-18,-0.1511185335981712,0.1511185335981712,0.08811648998305,0.3022370671963424,1,0.0,0.0093809983571484,0.0,1.0,0.0,0.0,0.0,0.0,0.0,0.0,0.0,0.0,0.0,0.0,0.0,0.0,0.0,0.0,0.0,0.0,0.0,0.0,0.0,NOT_IMPROVED,1
100145,2,-0.5328282477899864,0.0,0.1717671596117236,0.0,0.0,0.0,-0.424569459476272,-0.5328282477899864,-0.3610610881782627,0.4279546471761828,0.0,2,0.0,0.0093809983571484,0.0,1.0,0.0349697803025778,0.06925387863843839,0.13850775727687678,0.040381603487218885,0.07685758521408977,-1.5114422364946438e-18,-0.13850775727687678,-0.007935909871038904,0.06925387863843839,0.05540310291075071,0.04155232718306304,0.027701551455375353,0.013850775727687673,0.0,-0.013850775727687673,-0.027701551455375367,-0.041552327183063044,-0.05540310291075071,-0.06925387863843839,CORRECTABLE,0
100145,3,0.0,0.0,0.0,0.0,-0.0809185849399292,0.0,0.012746886747712,0.0,0.0234295439042935,0.0151350731422835,9.909668603821765e-18,1,0.0,0.0093809983571484,0.0,1.0,0.1105682875418473,0.17318287936979487,0.06925387789933957,0.12252994667924721,0.11815450811121923,0.10825878831371426,-0.06925387789933957,-0.003967954912202916,0.03462693894966984,0.08078052255527246,0.12173836661774029,0.1528133267812664,0.17028566422417335,0.17176715961172362,0.15643488864430555,0.12511177562153053,0.0801860398781366,0.025377420235800863,-0.03462693894966973,CORRECTABLE,0
100145,4,0.0,0.0,0.0,0.0,0.1147156821111412,0.0,-0.0180708524394338,-0.0332153128052009,0.0,0.021456507681245,1.4048619290941438e-17,1,0.0,0.0093809983571484,0.0,1.0,0.07620491764900177,0.11850463449710932,0.034626938259248806,0.08512220098353598,0.07731316721996158,0.06687628090456917,-0.034626938259248806,-0.001983977418922088,-0.03681592502723264,0.03182545288800554,0.08030833481780672,0.10715017419569164,0.11744985118971377,0.11763776545486651,0.11052446353786415,0.0932993988919921,0.05953217186225748,0.004123902280606551,-0.07144286328648145,HIGHLY_CORRECTABLE,0
100145,5,0.0577924242550531,0.0,0.1630797026563576,0.0,0.0,0.0,0.1605758145611306,0.0577924242550531,0.2208721269114108,0.1684814626151622,2.0816681711721685e-17,2,0.0,0.0093809983571484,0.0,1.0,0.05075716304196623,0.09622426896902406,0.017313468719764996,0.057241697964928465,0.05501264001571943,0.015367288012850852,-0.017313468719764996,-0.0009919886862751845,-0.07891080024925906,-0.0355093498407126,0.008945824405763816,0.048429120436901535,0.07553754516832085,0.08419962500258202,0.072074851424368,0.041503732948995495,-0.0014422568260951396,-0.04936012481652455,-0.09622426896902406,CORRECTABLE,0
100146,1,0.4794207562099016,0.0,0.0,0.0,0.0,0.0,0.4794207562099018,0.4794207562099016,0.4794207562099016,0.4794207562099017,0.0,1,0.0,0.0093809983571484,0.0,1.0,0.0,0.0,0.0,0.0,0.0,0.0,0.0,0.0,0.0,0.0,0.0,0.0,0.0,0.0,0.0,0.0,0.0,0.0,0.0,CORRECTABLE,0
100146,2,0.0229549104183179,0.0,0.0,0.0210515461210874,0.0,0.0,0.0229549104183179,0.0019033642972305,0.0440064565394053,0.0273188178802909,1.3877787807814457e-17,2,0.0,0.0093809983571484,0.0,1.0,0.0,0.0,0.0,0.0,0.0,0.0,0.0,0.0,0.0,0.0,0.0,0.0,0.0,0.0,0.0,0.0,0.0,0.0,0.0,HIGHLY_CORRECTABLE,0
100146,3,0.0,0.0,0.0,0.0866404430595005,0.0,0.0,1.3620352321940008e-18,-0.0866404430595005,0.0866404430595005,0.0609600030110092,6.366236476171553e-17,1,0.0,0.0093809983571484,0.0,1.0,0.013264773449458811,0.021051546121087398,1.3877787807814457e-17,0.014811816163573596,0.011776077487521224,-2.0610575952199687e-19,-1.3877787807814457e-17,-7.951386703658792e-19,0.0,0.020021210116548137,-0.01237378834792999,-0.012373788347929997,0.020021210116548133,6.938893903907228e-18,-0.02002121011654814,0.012373788347930015,0.012373788347930015,-0.020021210116548144,-1.3877787807814457e-17,HIGHLY_CORRECTABLE,0
100146,4,0.0,0.0,0.0,0.0,-0.1179132295816183,0.0,0.0185745534805094,0.0,0.0341411455901071,0.0220545793711728,1.4440205918425593e-17,1,0.0,0.0093809983571484,0.0,1.0,0.06785771603593167,0.1076919891805879,8.326672684688674e-17,0.07577181917458281,0.060242093482414175,2.0610575952199687e-18,-8.326672684688674e-17,-4.7708320221952755e-18,0.0,0.10242116806298532,-0.06329976303039013,-0.06329976303039017,0.10242116806298529,3.8873129164525964e-17,-0.10242116806298532,0.06329976303039025,0.0632997630303902,-0.10242116806298529,-8.326672684688674e-17,CORRECTABLE,0
100146,5,0.0,-0.0301548590011728,0.0,0.0,0.0,0.0,-3.847307511077276e-18,-0.2631508118195656,0.2631508118195656,0.1534419724809375,0.5263016236391312,1,0.0,0.0093809983571484,0.0,1.0,0.08142836976623859,0.20282345684326353,0.10157139659987663,0.09714545522034457,0.12546151248484808,-0.021388133744274514,-0.10157139659987663,-0.005819612324409212,-0.025821138982916797,0.09462099612637859,-0.07040411978309244,-0.06648561155173462,0.1298808801271331,0.04648803360987974,-0.0952757353188128,0.019485355869095153,-0.00474743168223804,-0.19147845727949325,-0.12739253558279343,CORRECTABLE,0
100147,1,0.373772217666234,0.0,0.0,0.0,0.0,0.0,0.3737722176662341,0.373772217666234,0.373772217666234,0.373772217666234,0.0,1,0.0,0.0093809983571484,0.0,1.0,0.0,0.0,0.0,0.0,0.0,0.0,0.0,0.0,0.0,0.0,0.0,0.0,0.0,0.0,0.0,0.0,0.0,0.0,0.0,HIGHLY_CORRECTABLE,0
100147,2,0.0828583054596177,0.0,0.0,0.1102585560755028,0.0,0.0,0.0828583054596177,-0.0274002506158851,0.1931168615351206,0.1135067859680431,8.326672684688674e-17,2,0.0,0.0093809983571484,0.0,1.0,0.0,0.0,0.0,0.0,0.0,0.0,0.0,0.0,0.0,0.0,0.0,0.0,0.0,0.0,0.0,0.0,0.0,0.0,0.0,HIGHLY_CORRECTABLE,0
100147,3,0.0,0.0,0.0,0.1422057155564694,0.0,0.0,3.4997617131867684e-18,-0.1422057155564694,0.1422057155564694,0.1000555923121461,1.0449106462601351e-16,1,0.0,0.0093809983571484,0.0,1.0,0.06947493351763598,0.1102585560755028,5.551115123125783e-17,0.07757764934023098,0.061677811811964744,2.0610575952199687e-18,-5.551115123125783e-17,-3.180554681463517e-18,0.0,0.10486211823290154,-0.0648083532002432,-0.06480835320024324,0.10486211823290152,4.163336342344337e-17,-0.10486211823290156,0.06480835320024331,0.06480835320024325,-0.10486211823290152,-5.551115123125783e-17,CORRECTABLE,0
100147,4,0.1850930915037424,0.0,0.0,0.0,0.0,0.0,0.1850930915037424,0.1850930915037424,0.1850930915037424,0.1850930915037424,0.0,1,0.0,0.0093809983571484,0.0,1.0,0.15908006699451657,0.25246427163197266,1.5543122344752192e-15,0.177633241652377,0.14122662575318493,4.946538228527925e-18,1.5543122344752192e-15,8.905553108097847e-17,-8.604228440844963e-16,0.24010779066729618,-0.14839477559603476,-0.14839477559603467,0.24010779066729662,9.284836693884015e-17,-0.2401077906672967,0.1483947755960348,0.14839477559603487,-0.24010779066729612,6.938893903907228e-16,CORRECTABLE,0
100147,5,0.3921610948032212,0.0005536748645175,0.0,0.0,0.0,0.0,0.3921610948032212,0.387329370117388,0.3969928194890544,0.3921712148651792,0.0096634493716664,2,0.0,0.0093809983571484,0.0,1.0,0.15908006699451646,0.25246427163197305,3.2751579226442118e-15,0.17763324165237687,0.14122662575318554,6.045768945978575e-18,3.2751579226442118e-15,1.8765272620634747e-16,-1.7208456881689926e-15,0.24010779066729546,-0.14839477559603526,-0.14839477559603503,0.24010779066729643,8.326672684688674e-17,-0.24010779066729654,0.14839477559603514,0.14839477559603542,-0.2401077906672954,1.5543122344752192e-15,CORRECTABLE,0
100148,1,0.0969987414946248,0.0,0.1190124092833126,0.0809232475064264,0.0,-0.1107251403294523,0.1390330597670457,0.041362119897138,0.2494358937533006,0.1519479438058678,4.163336342344337e-17,3,0.0,0.0093809983571484,0.0,1.0,0.0,0.0,0.0,0.0,0.0,0.0,0.0,0.0,0.0,0.0,0.0,0.0,0.0,0.0,0.0,0.0,0.0,0.0,0.0,DIFFICULT,1
100148,2,-0.2750125210637713,0.0,0.2273289271761105,0.1041121283355964,0.0967373085873541,-0.1344895974390761,-0.1870261693562653,-0.3441936726719847,-0.0484011772040644,0.2048590835282775,0.0,4,0.0,0.0093809983571484,0.0,1.0,0.08388981402557177,0.19603697955979538,5.0306980803327406e-17,0.10126068101688089,0.09410410617729825,0.07500932804868875,-5.0306980803327406e-17,-2.882377680076312e-18,-5.204170427930421e-18,0.11373943887080273,0.022388247564635873,0.04871757019981553,0.19015010922963266,0.11901240928331262,0.036224945508127895,0.14384855310359784,0.11751923046841811,-0.040185724850702015,-5.551115123125783e-17,DIFFICULT,1
100148,3,0.0,0.0,0.1606168893855512,0.1247866369708007,0.0060443392457955,0.0,0.1002790173990216,-0.0869353748574781,0.2798782628881052,0.1425064350596754,7.276205544912273e-17,3,0.0,0.0093809983571484,0.0,1.0,0.16107372417089108,0.35690001997955667,0.1637293099194646,0.18510842845323897,0.2230217590662976,-0.1120168413075766,0.1637293099194646,0.009380998357148394,-0.35690001997955667,-0.08076401764831961,-0.2628279041078092,-0.18825922878897006,0.11326091403255555,-0.0631607820434242,-0.20595142386290882,0.09475462532348808,0.05293181198854161,-0.3017387695921051,-0.19317071006009207,DIFFICULT,1
100148,4,0.0,0.0,0.408293900387449,0.0634866433857137,0.039089988660304,0.0,0.2511755181331098,-0.0002740848993346,0.4587878953879065,0.2858829757633795,1.434789893621278e-18,3,0.0,0.0093809983571484,0.0,1.0,0.21286754846011782,0.4630364923138265,0.08186465221652223,0.25086130285587105,0.25241673818272703,0.0442705967452333,0.08186465221652223,0.004690499052834729,-0.25995927047429723,0.17488164934064726,-0.16292414465575478,-0.06043353003793511,0.44853540662460895,0.15346452799591534,-0.12440815128671925,0.336529950782569,0.2504122666080534,-0.34894311724076743,-0.178094618257775,DIFFICULT,1
100148,5,0.0,0.0,0.1190307248342234,0.0,0.0,0.0,0.0750208716950609,0.0,0.1190307248342234,0.0837497257408265,1.4577059616842108e-17,1,0.0,0.0093809983571484,0.0,1.0,0.37632023026895056,0.901497204185447,0.04093232480523673,0.45399176380638034,0.44102410415852833,0.27331081650572653,0.04093232480523673,0.0023452494556889273,-0.26162840514127106,0.3464778142028655,0.018739839212869147,0.21118247079765234,0.8768856495251776,0.5396231300107477,0.17499685435221304,0.6664060460529903,0.48214987942925414,-0.3308515860869568,-0.22069608033603433,DIFFICULT,1
100149,1,0.0,0.0,0.0,0.0830829906572143,0.0,0.0,1.353565199189979e-18,-0.0830829906572143,0.0830829906572143,0.0584569882352657,6.104839114316816e-17,1,0.0,0.0093809983571484,0.0,1.0,0.0,0.0,0.0,0.0,0.0,0.0,0.0,0.0,0.0,0.0,0.0,0.0,0.0,0.0,0.0,0.0,0.0,0.0,0.0,CORRECTABLE,0
100149,2,0.0,0.0,0.0879615993916632,0.0874318928759197,0.0,0.0,0.0554390966806664,-0.0654968307754966,0.1724574900039527,0.0872619218199199,5.34717235380454e-17,2,0.0,0.0093809983571484,0.0,1.0,0.05235135900386417,0.0830829906572143,5.551115123125783e-17,0.05845698823526576,0.04647600372185013,1.09923071745065e-18,-5.551115123125783e-17,-3.180554681463517e-18,0.0,0.07901661965783303,-0.04883495662466389,-0.04883495662466392,0.07901661965783302,3.052419557158408e-17,-0.07901661965783305,0.04883495662466398,0.04883495662466394,-0.07901661965783302,-5.551115123125783e-17,DIFFICULT,1
100149,3,0.0,0.0,0.0,0.0968030465716608,0.0,0.0,1.6316105747903745e-18,-0.0968030465716608,0.0968030465716608,0.0681103858902326,7.112972467901794e-17,1,0.0,0.0093809983571484,0.0,1.0,0.11463461837692429,0.2553765353576088,1.609823385706477e-15,0.13499645846813696,0.1245029919671741,0.055439096680666405,1.609823385706477e-15,9.223608576244199e-17,-8.604228440844963e-16,0.18935092017392055,-0.04852360294666712,-0.029063705076888657,0.24582574339468116,0.08796159939166326,-0.07851283882431102,0.17138856259740193,0.15192866472762365,-0.1349876620450706,7.494005416219807e-16,DIFFICULT,1
100149,4,-0.2230458406574705,0.0,0.0,0.0,0.0,0.0,-0.2230458406574705,-0.2230458406574705,-0.2230458406574705,0.2230458406574705,0.0,1,0.0,0.0093809983571484,0.0,1.0,0.17072238507363957,0.32426901488907967,3.2612801348363973e-15,0.19209601580269936,0.16770702156908668,0.02771954834033321,3.2612801348363973e-15,1.868575875359816e-16,-0.027719548340334924,0.2536965400727879,-0.1331425544388045,-0.1136826565690259,0.310171363293549,0.0602420510513301,-0.1982975554038453,0.20056841740887282,0.1811085195390947,-0.25477237862460433,-0.027719548340331662,CORRECTABLE,0
100149,5,0.0,0.0,0.0,0.0,-0.0164887817006615,-0.1813759274620049,-0.051418059075629,-0.1813759274620049,0.0031765440330041,0.0825590180102191,2.019326546254252e-18,1,0.0,0.0093809983571484,0.0,1.0,0.17010516843113135,0.31040924071891296,4.9960036108132044e-15,0.19059013423345614,0.16321333616836042,0.013859774170166613,4.9960036108132044e-15,2.862499213317165e-16,-0.04157932251050239,0.23983676590262065,-0.1470023286089716,-0.12754243073919286,0.29631158912338224,0.0463822768811635,-0.21215732957401168,0.1867086432387066,0.16724874536892861,-0.26863215279477015,-0.041579322510497396,CORRECTABLE,0
100150,1,0.0,-0.0424628885704933,0.0,0.0,0.0,0.0,-1.6488460761759752e-18,-0.3705586755749921,0.3705586755749921,0.2160709811495365,0.7411173511499842,1,0.0,0.0093809983571484,0.0,1.0,0.0,0.0,0.0,0.0,0.0,0.0,0.0,0.0,0.0,0.0,0.0,0.0,0.0,0.0,0.0,0.0,0.0,0.0,0.0,HIGHLY_CORRECTABLE,0
100150,2,-0.325112589547785,0.0,0.0,0.0,0.0,0.0,-0.325112589547785,-0.325112589547785,-0.325112589547785,0.325112589547785,0.0,1,0.0,0.0093809983571484,0.0,1.0,1.7688864354396666e-08,3.5030888245746183e-08,7.006177649149237e-08,2.0426342410941466e-08,3.8877092968584704e-08,5.839663186456579e-19,-7.006177649149237e-08,-4.0142440981514015e-09,3.5030888245746183e-08,2.80247105799436e-08,2.1018532941896595e-08,1.40123552899718e-08,7.006177651924794e-09,0.0,-7.006177651924794e-09,-1.4012355303849588e-08,-2.1018532941896595e-08,-2.80247105799436e-08,-3.5030888245746183e-08,HIGHLY_CORRECTABLE,0
100150,3,0.0,0.0530660458962372,0.0,0.1153866675842945,0.0,0.0,-1.0992307174506499e-18,-0.4630887433650535,0.4630887433650534,0.2613636520954295,0.9261774867301068,2,0.0,0.0093809983571484,0.0,1.0,8.84443171176e-09,1.7515443206939096e-08,3.503088641387819e-08,1.0213170669293246e-08,1.943854546670251e-08,0.0,-3.503088641387819e-08,-2.007121944117396e-09,1.7515443206939096e-08,1.4012354498937896e-08,1.0509265846447846e-08,7.006177249468948e-09,3.5030885969788983e-09,0.0,-3.5030885969788983e-09,-7.006177249468948e-09,-1.0509265901958997e-08,-1.4012354498937896e-08,-1.7515443206939096e-08,HIGHLY_CORRECTABLE,0
100150,4,0.0,-0.0574852427922117,0.0,0.0,0.0,0.417717270439486,0.1244002133162718,-0.5015825952745047,0.5017244994091029,0.3497259723887717,1.0033070946836076,1,0.0,0.0093809983571484,0.0,1.0,0.07270621927886847,0.11538662188641202,1.8279153024547412e-07,0.08118578961263001,0.06454648614830623,5.49615358725325e-19,-1.8279153024547412e-07,-1.0473183213803604e-08,9.139576506722591e-08,0.10973931521623803,-0.0678225266797633,-0.06782254495891632,0.10973926037877901,4.25297777760971e-17,-0.10973926037877904,0.0678225449589164,0.0678225266797633,-0.10973931521623803,-9.139576517824821e-08,CORRECTABLE,0
100150,5,0.0605986293360378,0.0,0.0080780657264481,0.052880188477779,0.0639815607912727,0.0,0.0556111065745739,-0.0036669187785498,0.1187328811194373,0.0673451936049722,4.8572257327350605e-17,4,0.0,0.0093809983571484,0.0,1.0,0.07270622319410684,0.11538661025585104,2.2931377419155297e-07,0.0811857930754224,0.06454649813666186,0.0,-2.2931377419155297e-07,-1.3138711445391966e-08,1.1465688698475418e-07,0.10973933382513551,-0.06782251272309012,-0.06782253565446755,0.1097392650310034,5.551115123125783e-17,-0.10973926503100344,0.06782253565446761,0.06782251272309006,-0.10973933382513551,-1.1465688720679879e-07,DIFFICULT,1
100151,1,0.0,0.0,0.0,0.1222510417409191,0.0,0.0,1.6869298338638953e-18,-0.1222510417409191,0.1222510417409191,0.0860155328096311,8.982860817626764e-17,1,0.0,0.0,0.1849304780119272,1.0,0.0,0.0,0.0,0.0,0.0,0.0,0.0,0.0,0.0,0.0,0.0,0.0,0.0,0.0,0.0,0.0,0.0,0.0,0.0,DIFFICULT,1
100151,2,0.2034924844025657,0.0,0.0,0.1003395981353543,-0.0498262898690755,0.0,0.211341485648587,0.1052712034006333,0.316288655005189,0.2228780976418487,8.326672684688674e-17,3,0.0,0.0,0.1849304780119272,1.0,0.07997053572715558,0.1716292595188935,8.977193988179977e-17,0.09194429904313742,0.08467436847812848,0.027124648570448034,-8.977193988179977e-17,-5.143553273929281e-18,0.0038724071822549325,0.131208565715716,-0.03386981438754358,-0.01821729441854271,0.14407169084890104,5.551115123125783e-17,-0.0884636088942428,0.125497424406865,0.10984490443786404,-0.1013267340274278,0.0038724071822548427,CORRECTABLE,0
100151,3,0.0,0.0,0.1515356446148837,0.0,0.0,0.0,0.0955075772890945,0.0,0.1515356446148837,0.1066201074901543,1.8557764213434826e-17,1,0.0,0.0,0.1849304780119272,1.0,0.14636922884789166,0.32024132361426705,1.1102230246251565e-16,0.1684399116208783,0.15682715690073545,0.048535974101693274,-1.1102230246251565e-16,-6.361109362927034e-18,-0.005817509920714142,0.23973064926829885,-0.054206444353683325,-0.027640166181961107,0.2566707520262211,-0.013562324285223915,-0.16672180501505418,0.2340308246532759,0.20746454648155355,-0.18366190777297642,-0.005817509920714253,CORRECTABLE,0
100151,4,0.1206568232220682,-0.0078423903005307,0.0,0.0610801110839316,-0.0106945104203182,0.0,0.1223415006450758,0.0043734062670585,0.2412680207147521,0.1388656631584577,0.136875532825512,4,0.0,0.0,0.1849304780119272,1.0,0.18675623779877856,0.45621580112026305,3.469446951953614e-17,0.23081774397923974,0.21597338607363645,0.14690021291038927,-3.469446951953614e-17,-1.987846675914698e-18,-0.026213089789305838,0.2772306675011579,0.04858353072189221,0.1243268235083568,0.40432576821467536,0.11370533327881321,-0.0190667888265999,0.3859978143435938,0.3102545215571291,-0.14616188954011733,-0.026213089789305873,CORRECTABLE,0
100151,5,0.0,0.0,0.1153265546262437,0.0,0.0,0.0,0.0726862637331541,0.0,0.1153265546262437,0.0811434806772289,1.412342959797218e-17,1,0.0,0.0,0.1849304780119272,1.0,0.20524576272916872,0.49632510057441637,8.326672684688674e-17,0.24593102205887393,0.23506436119696295,0.10225943244865036,-8.326672684688674e-17,-4.7708320221952755e-18,-0.09579078906224542,0.27932654475473284,-0.01972969406451411,0.0706490103085684,0.41739894794977006,0.040255226823618706,-0.12217488441631513,0.40412397815084755,0.3137452737777649,-0.2602472876113522,-0.0957907890622455,DIFFICULT,1
100152,1,0.0,0.0,0.1730516631542458,0.0,0.0280317715868829,0.0,0.1046525961556216,0.0,0.1730516631542458,0.1182689500540137,1.7759814602066716e-17,2,0.0,0.0,0.1849304780119272,1.0,0.0,0.0,0.0,0.0,0.0,0.0,0.0,0.0,0.0,0.0,0.0,0.0,0.0,0.0,0.0,0.0,0.0,0.0,0.0,DIFFICULT,1
100152,2,0.0,0.0,0.0,0.0,-0.126838980672934,0.0,0.0199806030102154,0.0,0.0367255491264273,0.0237240585855853,1.553329516882217e-17,1,0.0,0.0,0.1849304780119272,1.0,0.1317772447260697,0.19680189532094747,1.7780915628762273e-17,0.14625391565099324,0.11319913357920448,0.1317772447260697,1.7780915628762273e-17,1.0187714214062828e-18,0.0038724071822549325,0.0618261558898946,0.13170682080260995,0.1883098415845944,0.19073828668244847,0.1730516631542458,0.19073828668244847,0.1883098415845944,0.13170682080260998,0.06182615588989462,0.0038724071822549503,CORRECTABLE,0
100152,3,0.4402123127872096,0.0,0.0,0.0,0.0,0.0,0.4402123127872096,0.4402123127872096,0.4402123127872096,0.4402123127872097,0.0,1,0.0,0.0,0.1849304780119272,1.0,0.12100152631608657,0.20097620721411402,3.469446951953614e-17,0.1361646694678562,0.11020978700584581,0.11299387394369843,3.469446951953614e-17,1.987846675914698e-18,-0.05814380799852494,0.040700082273148155,0.13999505519150401,0.20018749203356656,0.16010911352227883,0.10716304079121097,0.16010911352227883,0.2001874920335665,0.13999505519150407,0.04070008227314818,-0.05814380799852491,CORRECTABLE,0
100152,4,-0.6628809462053334,0.0,0.0,0.060058831663756,0.0,-0.1476311511883191,-0.7068469203213454,-0.8475078354828924,-0.6032635687587222,0.7099823981492198,0.0,2,0.0,0.0,0.1849304780119272,1.0,0.10842547325592543,0.19762033169422533,0.0,0.12356782414452357,0.10417052389949759,0.0836215855422973,0.0,0.0,-0.11076833778811918,-0.0008559388545568702,0.12148566324481513,0.19733062005587854,0.13141621752775878,0.05066610381936176,0.13141621752775878,0.19733062005587843,0.12148566324481502,-0.0008559388545568147,-0.11076833778811918,CORRECTABLE,0
100152,5,0.1777288927838655,0.0,0.0,0.0,0.0,0.0,0.1777288927838655,0.1777288927838655,0.1777288927838655,0.1777288927838655,0.0,1,0.0,0.0,0.1849304780119272,1.0,0.11274809967791731,0.2539158168378,0.0,0.13400042853048041,0.12339921780776325,0.06893544134159674,0.0,0.0,-0.14870672337701274,0.02939352743332746,0.08236071997695482,0.17385819675701908,0.17452880894882822,0.008855311048213133,0.060290122519050526,0.24446158780076294,0.15296411102069868,-0.08484515899645029,-0.14870672337701274,CORRECTABLE,0
100153,1,0.0,0.0144123335178065,0.0,0.0,0.0,0.0,1.0992307174506499e-18,-0.1257713390433042,0.1257713390433042,0.0733366627711785,0.2515426780866085,1,0.0,0.0,0.1849304780119272,1.0,0.0,0.0,0.0,0.0,0.0,0.0,0.0,0.0,0.0,0.0,0.0,0.0,0.0,0.0,0.0,0.0,0.0,0.0,0.0,HIGHLY_CORRECTABLE,0
100153,2,0.0,0.0,0.0,0.0,-0.0063654507397503,0.2410711523728851,0.0727960358247002,4.09475447568877e-05,0.2410711523728851,0.110914722420023,7.792703114739563e-19,1,0.0,0.0,0.1849304780119272,1.0,0.027124648570448034,0.05364286694201692,1.3877787807814457e-17,0.03248202952417163,0.027478457606156654,0.027124648570448034,1.3877787807814457e-17,7.951386703658792e-19,0.0038724071822549416,0.014940915844144101,0.03798754502516021,0.053640064994161116,0.027804040977329122,0.0,0.027804040977329136,0.0536400649941611,0.03798754502516019,0.014940915844144101,0.0038724071822549555,CORRECTABLE,0
100153,3,-0.5540482112517008,-0.0048167111804379,0.2948012668432572,0.0,-0.1557297678666505,0.0,-0.3437136694757899,-0.5960819459588552,-0.2557813997278476,0.3557511638984197,0.0840674694143088,4,0.0,0.0,0.1849304780119272,1.0,0.043827708424903154,0.09501815796270818,8.673617379884035e-18,0.05513170133900098,0.0471669300501835,0.041689705166648224,8.673617379884035e-18,4.969616689786745e-19,-0.005817509920714123,0.017816114630671988,0.064228936786655,0.09492858638413729,0.04241990947633617,-0.013562324285224026,0.042419909476336226,0.09492858638413725,0.06422893678665498,0.017816114630671988,-0.0058175099207141145,DIFFICULT,1
100153,4,0.0,0.0017471012099871,0.0,0.0576174127939908,-0.1464883904166998,0.0,0.023075921605432,-0.0494185988884243,0.1025367693652065,0.0478453985095863,0.0304926684893029,3,0.0,0.0,0.1849304780119272,1.0,0.25946991349741866,0.39747574988460055,1.1102230246251565e-16,0.2863476560275596,0.22571846461736175,0.258304042929683,1.1102230246251565e-16,6.361109362927034e-18,-0.022789955321783406,0.13962504366730116,0.29908380938930856,0.39584459573657493,0.33890532980318205,0.26039408997470903,0.33890532980318216,0.395844595736575,0.2990838093893085,0.13962504366730116,-0.022789955321783295,DIFFICULT,1
100153,5,0.0,0.0,0.1654474089247119,0.0,0.0,0.0,0.1042756721384966,0.0,0.1654474089247119,0.1164083907014158,2.0261463976687168e-17,1,0.0,0.0,0.1849304780119272,1.0,0.20575696791378026,0.3916346447215638,1.1102230246251565e-16,0.23188862245793643,0.20240634603639687,0.1793525916407215,1.1102230246251565e-16,6.361109362927034e-18,-0.14806956960436998,0.11465284014399574,0.2158482889142891,0.31432972140381726,0.3009651367573622,0.13124206850986753,0.1913703049777769,0.3820630524349282,0.2835816199454,0.005058008364410338,-0.14806956960436987,DIFFICULT,1
100154,1,0.0,-0.0183189294684127,0.0,0.0,0.0,0.0,-2.4732691142639625e-18,-0.1598628227795067,0.1598628227795067,0.0932152429401483,0.3197256455590134,1,0.0,0.0,0.1849304780119272,1.0,0.0,0.0,0.0,0.0,0.0,0.0,0.0,0.0,0.0,0.0,0.0,0.0,0.0,0.0,0.0,0.0,0.0,0.0,0.0,HIGHLY_CORRECTABLE,0
100154,2,0.0,0.0,0.0,0.0,0.0267110171460769,0.0783176274941935,0.0191160267442546,-0.0065391990253465,0.0783176274941935,0.0350968506682807,3.2712412422961083e-18,1,0.0,0.0,0.1849304780119272,1.0,0.027124648570448034,0.05364286694201692,0.0,0.03248202952417163,0.02747845760615665,0.027124648570448034,0.0,0.0,0.0038724071822549555,0.014940915844144087,0.03798754502516022,0.0536400649941611,0.027804040977329136,0.0,0.027804040977329136,0.0536400649941611,0.03798754502516019,0.014940915844144101,0.0038724071822549555,CORRECTABLE,0
100154,3,0.0,0.0184251737135628,0.2640482034933402,0.1007219701373421,-0.0680712446314715,0.0,0.1771433584870425,-0.1607899788194176,0.3849048146202382,0.2197795121034263,0.3215799576388352,4,0.0,0.0,0.1849304780119272,1.0,0.03903813784202088,0.0886370683203686,3.469446951953614e-18,0.05015782290740212,0.04331834413945706,0.036479258265383604,-3.469446951953614e-18,-1.987846675914698e-19,-0.005817509920714111,0.01003937062218604,0.05479165969100202,0.0886370683203686,0.040475723474214714,-0.013562324285224026,0.040475723474214714,0.0886370683203686,0.05479165969100198,0.010039370622186053,-0.0058175099207141145,DIFFICULT,1
100154,4,0.0,0.0234910881779571,0.0,0.0,0.0,0.0,4.1221151904399375e-18,-0.2049984282774015,0.2049984282774015,0.1195335973804423,0.409996856554803,1,0.0,0.0,0.1849304780119272,1.0,0.2617815677794153,0.499493672238026,0.02902009203254019,0.2904849256927067,0.26613709218426507,-0.2617815677794153,0.02902009203254019,0.0016627287940790153,-0.499493672238026,-0.27651612500849454,-0.28640870940712193,-0.1955180728304325,-0.11300483672893358,-0.29802440831957283,-0.29878539038883567,-0.0655042587602711,-0.1505908769304527,-0.4448846234488725,-0.4704735802054858,CORRECTABLE,0
100154,5,0.0,0.0,0.0,0.0425806255413926,0.0,0.0,5.318189530484001e-19,-0.0425806255413926,0.0425806255413926,0.0299596235840038,3.1287736064975134e-17,1,0.0,0.0,0.1849304780119272,1.0,0.14127286621163948,0.36242369305544697,0.014510043493904168,0.17404083060672662,0.17286606388896986,-0.10376613531925971,0.014510043493904168,0.0008313642526936223,-0.3574754568967454,-0.12488040585918841,-0.1131773659306633,-0.008085214238836652,0.04714099299196675,-0.16713362442986524,-0.14154157037566253,0.11612458041587041,0.013934437422824327,-0.3048569431304751,-0.34296541340284126,CORRECTABLE,0
100155,1,0.2026294858430709,-0.0146562995613368,0.0,0.1018527809171524,0.0,0.0,0.2026294858430709,-0.0064586012919746,0.4117175729781164,0.2334205928340313,0.255800689083282,3,0.0,0.0,0.1849304780119272,1.0,0.0,0.0,0.0,0.0,0.0,0.0,0.0,0.0,0.0,0.0,0.0,0.0,0.0,0.0,0.0,0.0,0.0,0.0,0.0,CORRECTABLE,0
100155,2,0.0,0.0052608414683808,0.1827459015635899,0.0,-0.0292230594189013,0.0,0.1197817323627492,-0.0459095026533662,0.1856635730878379,0.1350245010412293,0.0918190053067326,3,0.0,0.0,0.1849304780119272,1.0,0.06776708739946788,0.15123099869512677,4.163336342344337e-17,0.07868113084594051,0.07356753891297245,0.02712464857044804,-4.163336342344337e-17,-2.3854160110976377e-18,0.0038724071822549,0.11180866683818458,-0.02188001750291818,-0.006227497533917381,0.12467179197136957,5.551115123125783e-17,-0.06906371001671135,0.11350762752223958,0.09785510755323865,-0.08192683514989633,0.0038724071822548584,CORRECTABLE,0
100155,3,0.0,0.0,0.0,0.0,-0.1051392499209025,0.0,0.0165623028686926,0.0,0.0304425080334139,0.0196653245834563,1.287584458803869e-17,1,0.0,0.0,0.1849304780119272,1.0,0.16771753637819056,0.3294505430616555,1.734723475976807e-15,0.19226364867433146,0.1683767886993875,0.16046870521842127,1.734723475976807e-15,9.93923337957349e-17,-0.005817509920715044,0.17652960097394327,0.11829838341891562,0.18725333940962025,0.3144328775070891,0.16918357727836594,0.12069737551900855,0.3069884644657779,0.23803350847507349,-0.017205901014136216,-0.00581750992071331,CORRECTABLE,0
100155,4,0.0,0.0,0.0,0.0,0.001635514391629,0.0,-0.0002576381771854,-0.0004735544531979,0.0,0.0003059078450388,2.0029274646679844e-19,1,0.0,0.0,0.1849304780119272,1.0,0.14776201568644673,0.3254897948027139,1.7486012637846216e-15,0.17134647493457184,0.1591101906402059,0.12392130404835132,1.7486012637846216e-15,1.0018747246610078e-16,-0.08217945534767071,0.1359558844251164,0.10604958646156293,0.18065772554570259,0.2681824959292676,0.08894922466915539,0.07444699394118703,0.30039285060186016,0.2257847115177208,-0.05777961756296307,-0.08217945534766896,CORRECTABLE,0
100155,5,0.0,0.0,0.0,0.0780578290931811,0.0,0.0,1.3214219804855004e-18,-0.0780578290931811,0.0780578290931811,0.0549212968969389,5.735596232841325e-17,1,0.0,0.0,0.1849304780119272,1.0,0.13328393951953382,0.3154382000459216,1.7763568394002505e-15,0.1585292195040518,0.15046956382004234,0.08882766241743832,1.7763568394002505e-15,1.0177774980683254e-16,-0.1402677001895914,0.08855161574936025,0.08160983947665157,0.1720260451917575,0.23392975175848996,0.02698857264497978,0.04019424977040939,0.29176117024791504,0.20134496453280942,-0.10518388623871922,-0.14026770018958962,CORRECTABLE,0
100156,1,0.0,-0.0126088945612226,0.1923848467551809,0.1309562805745764,0.090158515349615,0.0,0.1070509619359184,-0.1960099678568529,0.3311691939052775,0.1764614795146998,0.2200667286827055,4,0.0,0.0,0.1849304780119272,1.0,0.0,0.0,0.0,0.0,0.0,0.0,0.0,0.0,0.0,0.0,0.0,0.0,0.0,0.0,0.0,0.0,0.0,0.0,0.0,DIFFICULT,1
100156,2,0.0,0.0,0.0,0.0,0.0880802536621852,0.0,-0.0138750451330199,-0.0255031668165166,0.0,0.0164745970602143,1.0786720071548209e-17,1,0.0,0.0,0.1849304780119272,1.0,0.1496127595574025,0.3339294890184953,8.326672684688674e-17,0.17748617259824037,0.1628112918325934,0.13417561050636648,-8.326672684688674e-17,-4.7708320221952755e-18,0.0038724071822549277,0.177740388665507,0.04837059723876733,0.11515933635796152,0.33002034254140694,0.19238484675518097,0.08092669456095226,0.26910767719158424,0.20231893807238993,-0.07135325931494767,0.0038724071822548445,CORRECTABLE,0
100156,3,0.0,-0.0552336673931223,0.0,0.0,0.0,-0.0719718316106556,-0.0214339023993632,-0.4820170511881254,0.4819926013958786,0.2829886552812836,0.964009652584004,1,0.0,0.0,0.1849304780119272,1.0,0.12014674740266289,0.2862017909842993,3.469446951953614e-17,0.14764993515527672,0.13666955503161635,0.08033740869061144,-3.469446951953614e-17,-1.987846675914698e-18,-0.05934299088867337,0.10488458960814286,-0.005860452749961068,0.08495773625846917,0.2855593508534716,0.12529704150199777,0.03646570287301695,0.23890607709209188,0.14808788808366152,-0.1442090583723118,-0.059342990888673404,CORRECTABLE,0
100156,4,0.0,0.0,0.0,0.1837884448080911,0.0,0.0,2.6476266141972278e-18,-0.1837884448080911,0.1837884448080911,0.1293130985167717,1.3504555839269931e-16,1,0.0,0.0,0.1849304780119272,1.0,0.11815684837203341,0.274988682364704,5.551115123125783e-17,0.1481303536254072,0.13275669458356193,0.06729335291575377,-5.551115123125783e-17,-3.180554681463517e-18,-0.09563928805172411,0.0796568011069812,-0.008041612070106507,0.0984290969073246,0.2731946874854951,0.08512833715669207,0.02410103950504039,0.2523774377409473,0.145906728763516,-0.16943684687347343,-0.09563928805172417,CORRECTABLE,0
100156,5,0.0,0.0,0.1023800257718256,0.0,0.0,-0.0537270533184293,0.0485260905102711,-9.12589871810612e-06,0.0694302213179061,0.0523949283974018,1.2537781685258155e-17,1,0.0,0.0,0.1849304780119272,1.0,0.21597836997607575,0.469814464390095,1.942890293094024e-16,0.2537038882374627,0.23110823913359752,0.060771325028324996,-1.942890293094024e-16,-1.1131941385122308e-17,-0.125413557327346,0.23574423854773574,-0.11172888090278817,0.01039434804364378,0.4421452500594346,0.05148166069881535,-0.15653479402999454,0.38039896367719683,0.2582757347307646,-0.3629358055416933,-0.1254135573273462,DIFFICULT,1
100157,1,0.0,0.0,0.0,0.0543391879675715,0.0,0.0,1.2019950069127854e-18,-0.0543391879675715,0.0543391879675715,0.0382329192366211,3.992778756765174e-17,1,0.0,0.0,0.1849304780119272,1.0,0.0,0.0,0.0,0.0,0.0,0.0,0.0,0.0,0.0,0.0,0.0,0.0,0.0,0.0,0.0,0.0,0.0,0.0,0.0,CORRECTABLE,0
100157,2,0.0,0.0,0.2302902609366494,0.0,-0.0128314024155828,0.0,0.1471651332218972,0.0,0.2302902609366494,0.1636673882154266,2.9773816682769165e-17,2,0.0,0.0,0.1849304780119272,1.0,0.04121037938786222,0.10437626533474134,3.9898639947466563e-17,0.05016810097425605,0.048692803514206684,0.027124648570448034,-3.9898639947466563e-17,-2.2860236773019027e-18,0.0038724071822549325,0.06662055465089017,0.006047771716273076,0.021700291685273973,0.07948367978407522,2.7755575615628914e-17,-0.02387559782941695,0.08557983830304829,0.06992731833404735,-0.03673872296260196,0.0038724071822548926,DIFFICULT,1
100157,3,0.0,0.0,0.0,0.0,-0.3132635008906444,0.0,0.0493475555832962,0.0,0.0907037728499418,0.0585930414169678,3.836371436554217e-17,1,0.0,0.0,0.1849304780119272,1.0,0.18873899594372667,0.3188882065912796,1.1275702593849246e-17,0.2124326823755105,0.17353142899805293,0.18785210607756928,1.1275702593849246e-17,6.460501696722769e-19,-0.005817509920714145,0.1421795941207199,0.16949522824552082,0.2505274449071106,0.31349866068990295,0.2167279366514254,0.2101393830764108,0.31440699152488494,0.23337477486329514,0.03882031650722778,-0.005817509920714134,CORRECTABLE,0
100157,4,-0.0606121659042063,0.0081372470475728,0.0750919210652475,0.0431023037213781,0.0,-0.0772690107735852,-0.0362958272047409,-0.1316361675531784,0.0626667118497211,0.0595728769152208,0.1420217539832018,4,0.0,0.0,0.1849304780119272,1.0,0.1842252772530789,0.3470353899476811,4.163336342344337e-17,0.20695015471894954,0.18007321563212297,0.170398257192529,4.163336342344337e-17,2.3854160110976377e-18,-0.09587115577724381,0.13684712328809176,0.2029361083837404,0.2698277156303831,0.26578981521895056,0.12280188361264083,0.16243053760545845,0.3337072622481575,0.2668156550015148,0.03348784567459964,-0.09587115577724377,CORRECTABLE,0
100157,5,0.0,0.0,0.0,0.091122385620219,0.0,0.0,2.0164477180603837e-18,-0.091122385620219,0.091122385620219,0.0641134867923529,6.69556427282832e-17,1,0.0,0.0,0.1849304780119272,1.0,0.19912206988139453,0.4105213104480036,0.0,0.22587115807756258,0.2054801299065757,0.15965156907436848,0.0,0.0,-0.17719787719125327,0.13078631710694452,0.17452755011384213,0.2736843938430701,0.32080411527178976,0.11269467608162392,0.13545938401519864,0.3882337373953586,0.2890768936661306,-0.05455841414964656,-0.17719787719125327,CORRECTABLE,0
100158,1,0.2186250170133048,0.0,0.0,0.1419431543152543,0.0,0.0,0.2186250170133049,0.0766818626980505,0.3605681713285592,0.2403561642979648,1.1102230246251563e-16,2,0.0,0.0,0.1849304780119272,1.0,0.0,0.0,0.0,0.0,0.0,0.0,0.0,0.0,0.0,0.0,0.0,0.0,0.0,0.0,0.0,0.0,0.0,0.0,0.0,CORRECTABLE,0
100158,2,0.0,0.0,0.0836302866918095,0.0,0.0,0.0,0.0527092229041313,0.0,0.0836302866918095,0.0588420643814475,1.0241756290890005e-17,1,0.0,0.0,0.1849304780119272,1.0,0.09194550816379042,0.1913213720932287,1.1102230246251565e-16,0.10502033086013195,0.09548209716311895,0.027124648570448044,-1.1102230246251565e-16,-6.361109362927034e-18,0.0038724071822549555,0.1499368776991553,-0.045444547745221,-0.029792027776220115,0.1628000028323403,0.0,-0.10719192087768203,0.13707215776454246,0.12141963779554146,-0.12005504601086704,0.0038724071822548445,CORRECTABLE,0
100158,3,-0.6443146239935001,0.0,0.0,0.0,0.2437349697400589,0.0,-0.6827095373257088,-0.7148867821543936,-0.6443146239935001,0.683151844537562,0.0,2,0.0,0.0,0.1849304780119272,1.0,0.11779129274062441,0.28882962938594486,4.5102810375396984e-17,0.14613967443630982,0.1366002440816018,0.09339619575980336,-4.5102810375396984e-17,-2.5842006786891074e-18,-0.005817509920714139,0.17715864909029352,0.02813732215715229,0.07794403611083986,0.2565788486423227,0.0700679624065855,-0.013413075067699592,0.24480822165160246,0.19500150769791477,-0.09283327461972878,-0.005817509920714184,CORRECTABLE,0
100158,4,-0.2216946227006391,-0.0584644404343438,0.0,0.1824750680090725,0.1790980284153802,0.0,-0.2499074527525256,-0.8699979345914058,0.3633792147602955,0.432746052240345,1.020397335064731,4,0.0,0.0,0.1849304780119272,1.0,0.10275936214847717,0.23567676624601464,0.0,0.12445494100695001,0.11397633261904255,0.035427833118141065,0.0,0.0,-0.048643200618360805,0.08809593878207245,-0.050114950063674724,0.038524856981042355,0.22335840967163434,0.02336986452668388,-0.04663351403838806,0.20538904252180484,0.11674923547708776,-0.18189598492795,-0.048643200618360805,CORRECTABLE,0
100158,5,0.0,0.0,0.0,0.0,-0.1116329764209444,0.0,0.0175852421147026,0.0,0.0323227318441509,0.020879916084495,1.3671096725320153e-17,1,0.0,0.0,0.1849304780119272,1.0,0.21202583446187412,0.41950625864532354,2.7755575615628914e-17,0.24279908379920165,0.21373953631207948,0.01662573507763212,-2.7755575615628914e-17,-1.5902773407317584e-18,-0.062484709995176385,0.21675856863168827,-0.18819717957840248,-0.06687161786667835,0.3964655185996008,0.005655947967613428,-0.2206146100932811,0.31450487544768213,0.1931793137359578,-0.4003215600611937,-0.06248470999517641,CORRECTABLE,0
100159,1,0.5838777536550804,0.0179242134872878,0.0,0.0,0.0,0.0,0.5838777536550804,0.4274594779605932,0.7402960293495676,0.590958459947502,0.3128365513889743,2,0.0,0.0,0.1849304780119272,1.0,0.0,0.0,0.0,0.0,0.0,0.0,0.0,0.0,0.0,0.0,0.0,0.0,0.0,0.0,0.0,0.0,0.0,0.0,0.0,CORRECTABLE,0
100159,2,-0.0277286893079579,0.0123261125277485,0.0,0.1178004051228563,0.1898283326077643,0.0,-0.0576318352793622,-0.2486346255610924,0.096397445387806,0.1087986978976139,0.2151312508993947,4,0.0,0.0,0.1849304780119272,1.0,0.027124648570448044,0.05364286694201692,1.1102230246251565e-16,0.03248202952417164,0.02747845760615669,0.027124648570448044,1.1102230246251565e-16,6.361109362927034e-18,0.0038724071822549,0.014940915844144143,0.037987545025160274,0.053640064994161185,0.027804040977329025,0.0,0.027804040977329025,0.053640064994161074,0.03798754502516011,0.014940915844144032,0.003872407182255011,HIGHLY_CORRECTABLE,0
100159,3,0.0,-0.0290462412367664,0.2101195047426332,0.0,-0.1145243540916928,-0.0521324516688571,0.1349460885276957,-0.2534851492145878,0.3064832142677956,0.2066523352856509,0.5069525883392128,3,0.0,0.0,0.1849304780119272,1.0,0.07753026381567266,0.15868175941479937,0.0,0.08900864891818236,0.07976447186095985,0.010783826884267659,0.0,0.0,-0.005817509920714267,0.08372303256771993,-0.06098981689141464,-0.011631029683007076,0.14292277114632412,-0.013562324285224053,-0.08114691468227886,0.1268516520075802,0.07749286479917247,-0.14034665326088314,-0.005817509920714267,CORRECTABLE,0
100159,4,0.0,0.0,0.0,0.046397039368513,0.0,-0.0206213758528979,-0.0061412436988217,-0.0628177923547356,0.0462603763331918,0.0339887731438833,3.409180557756471e-17,1,0.0,0.0,0.1849304780119272,1.0,0.1943419711995189,0.38785021121538316,0.0,0.2239096876292941,0.19704862348740004,0.18298819513048048,0.0,0.0,-0.007337016180593181,0.1851288233302185,0.1277867007683493,0.22839119870213748,0.37190199550405306,0.19116526701527545,0.14783230967545008,0.3668738803927248,0.2662693824589364,-0.03894086249838449,-0.007337016180593181,CORRECTABLE,0
100159,5,0.0,-0.0086725084298584,0.0,0.0,0.0,0.0,-1.2366345571319812e-18,-0.0756819138319799,0.0756819138319799,0.0441297598864102,0.1513638276639598,1,0.0,0.0,0.1849304780119272,1.0,0.164718315543492,0.3917772492477949,1.3877787807814457e-17,0.20042635212521917,0.18699130464990799,0.11861874613568832,-1.3877787807814457e-17,-7.951386703658792e-19,-0.09495870656357845,0.15270184823734947,0.04700865273742408,0.1632656706402132,0.35233814554436915,0.09967116945003524,0.04001604645931195,0.35629134331249096,0.24003432540970163,-0.15962025084770762,-0.09495870656357847,CORRECTABLE,0
100160,1,0.4083675923463284,0.0051119049017612,0.0,0.0,0.0,-0.0776169212046422,0.3852525280717511,0.3300368408381324,0.4529641945046997,0.387079426439856,0.0892195718213041,2,0.0,0.0,0.1849304780119272,1.0,0.0,0.0,0.0,0.0,0.0,0.0,0.0,0.0,0.0,0.0,0.0,0.0,0.0,0.0,0.0,0.0,0.0,0.0,0.0,HIGHLY_CORRECTABLE,0
100160,2,0.0,-0.0043772564533042,0.0,0.0,0.0,0.0,-4.122115190439938e-19,-0.0381987687314807,0.0381987687314807,0.0222735182915585,0.0763975374629615,1,0.0,0.0,0.1849304780119272,1.0,0.02712464857044804,0.05364286694201692,0.0,0.03248202952417164,0.02747845760615665,0.02712464857044804,0.0,0.0,0.0038724071822549,0.014940915844144087,0.03798754502516022,0.053640064994161074,0.027804040977329136,0.0,0.027804040977329136,0.05364006499416113,0.03798754502516022,0.014940915844144087,0.0038724071822549,HIGHLY_CORRECTABLE,0
100160,3,-0.5765832954005952,-0.0348734065472711,0.1407038598583812,0.0,0.0,0.0,-0.4879026103746354,-0.8809112157994381,-0.2722553750017522,0.5210323769844093,0.6086558407976859,3,0.0,0.0,0.1849304780119272,1.0,0.04287481573509407,0.09372340959880983,3.469446951953614e-18,0.05415507813597533,0.046394975413768705,0.04068697285567208,3.469446951953614e-18,1.987846675914698e-19,-0.00581750992071417,0.01631950740306419,0.06241276576509642,0.09371780570309818,0.04204575766943425,-0.013562324285223998,0.042045757669434275,0.09371780570309823,0.06241276576509641,0.016319507403064194,-0.005817509920714167,CORRECTABLE,0
100160,4,-0.2603882964469034,0.0,0.0,0.0,0.0,0.2084875014996611,-0.1982987169735748,-0.2603528834527941,-0.0519007949472423,0.2112366610227297,0.0,1,0.0,0.0,0.1849304780119272,1.0,0.13813873060544624,0.24189080285713865,1.1102230246251565e-16,0.15845919912775921,0.12985477995155142,0.13614882002424378,1.1102230246251565e-16,6.361109362927034e-18,-0.02228858916629528,0.05439682068976309,0.16276047812780398,0.24084619806900462,0.18332363500512094,0.1067980491453212,0.18332363500512094,0.24084619806900476,0.16276047812780392,0.05439682068976304,-0.02228858916629517,CORRECTABLE,0
100160,5,0.0,0.0,0.0,0.0,0.0963804712114734,0.0,-0.0151825560485987,-0.0279064504581003,0.0,0.0180270760092542,1.1803203556944454e-17,1,0.0,0.0,0.1849304780119272,1.0,0.1698488266885288,0.27873765376044446,1.1102230246251565e-16,0.18662256202800004,0.15323820033749203,0.02004882334709469,1.1102230246251565e-16,6.361109362927034e-18,-0.27873765376044446,-0.18952963742277168,-0.04235469364188354,0.1321976087801779,0.2287475172356729,0.23982773221000608,0.2287475172356729,0.13219760878017794,-0.042354693641883615,-0.18952963742277174,-0.27873765376044435,CORRECTABLE,0
100161,1,-0.1844355501641921,0.0,0.0,0.0,0.0,0.0,-0.1844355501641921,-0.1844355501641921,-0.1844355501641921,0.1844355501641921,0.0,1,0.0,0.0,0.1366679303552948,1.0,0.0,0.0,0.0,0.0,0.0,0.0,0.0,0.0,0.0,0.0,0.0,0.0,0.0,0.0,0.0,0.0,0.0,0.0,0.0,CORRECTABLE,0
100161,2,0.0,0.0180286188286992,0.0,0.0,0.0,0.0,1.3740383968133126e-18,-0.1573293842663238,0.1573293842663238,0.0917380071302565,0.3146587685326476,1,0.0,0.0,0.1366679303552948,1.0,0.020045747037428566,0.03964332803388462,0.0,0.02400497633776627,0.020307220155170582,0.020045747037428566,0.0,0.0,0.0028617990975918495,0.011041684788702655,0.028073680518645394,0.039641257329160684,0.02054783384943344,0.0,0.02054783384943344,0.03964125732916067,0.028073680518645394,0.011041684788702655,0.0028617990975918495,HIGHLY_CORRECTABLE,0
100161,3,0.0,0.0448653438520617,0.0,0.0,0.0526332727538443,-0.0313477064909788,-0.0176268256378368,-0.3915293897690186,0.3915187405345338,0.2291064137062192,0.7830481303035524,2,0.0,0.0,0.1366679303552948,1.0,0.03168548739976773,0.06926378254905505,0.0,0.040021864035822606,0.034286967388229096,0.030068620556142935,0.0,0.0,-0.004299275323530499,0.012060496058691111,0.04612448751857659,0.06925964113960717,0.031072794180152685,-0.010022873518714198,0.031072794180152685,0.06925964113960714,0.046124487518576576,0.012060496058691111,-0.004299275323530499,HIGHLY_CORRECTABLE,0
100161,4,0.0,0.0,0.0,0.0323070718038984,0.0,0.0148249930863641,0.0044150252643746,-0.0322108916368385,0.0441142476397769,0.0237274024306211,2.3738945379749018e-17,1,0.0,0.0,0.1366679303552948,1.0,0.036374894256391004,0.08385514478539974,0.0,0.04580476863476994,0.04064948857601421,0.02678887961568311,0.0,0.0,-0.0164717865040101,-0.004306954032516408,0.044146692651205466,0.08385514478539974,0.033492611601055114,-0.02505718379678551,0.0334926116010551,0.08385514478539971,0.044146692651205466,-0.004306954032516408,-0.0164717865040101,HIGHLY_CORRECTABLE,0
100161,5,0.0,0.0,0.155442157361691,0.0,0.0,-0.1252165984549147,0.0606790094962047,-2.1268875263876483e-05,0.0966486769093918,0.0668221911612031,1.903452439069864e-17,1,0.0,0.0,0.1366679303552948,1.0,0.05327618021958986,0.13465079803112562,2.0816681711721685e-17,0.06452725410930765,0.0628308188861454,0.0334401868452703,-2.0816681711721685e-17,-1.1927080055488189e-18,-0.027004427214259663,0.024066142109857844,0.039836313010923996,0.09111234195563359,0.07137185680416024,-0.03845162360462681,0.009920154481134216,0.12909158265780452,0.07781555371309493,-0.03738556021316814,-0.027004427214259684,CORRECTABLE,0
100162,1,0.0,0.0,0.1582519794690162,0.0,0.0,0.0,0.0997406464908042,0.0,0.1582519794690162,0.1113457042031083,1.9380278011546332e-17,1,0.0,0.0,0.1366679303552948,1.0,0.0,0.0,0.0,0.0,0.0,0.0,0.0,0.0,0.0,0.0,0.0,0.0,0.0,0.0,0.0,0.0,0.0,0.0,0.0,DIFFICULT,1
100162,2,0.0,0.0120601485029925,0.0,0.0,0.0,0.0,2.8854806333079562e-18,-0.1052446513826571,0.1052446513826571,0.0613676499402037,0.2104893027653143,1,0.0,0.0,0.1366679303552948,1.0,0.11978639352823285,0.175008565795631,1.951563910473908e-17,0.13214053222988723,0.10165254102014788,0.11978639352823285,1.951563910473908e-17,1.1181637552020176e-18,0.002861799097591838,0.05994423583810392,0.12109186019662437,0.16766979811307006,0.17105441014004813,0.1582519794690162,0.17105441014004819,0.16766979811307003,0.12109186019662437,0.059944235838103946,0.0028617990975918577,CORRECTABLE,0
100162,3,0.0,0.0,0.2189821848546762,0.0,0.0,0.0,0.1380167550551903,0.0,0.2189821848546762,0.1540753276034251,2.6817583175257325e-17,1,0.0,0.0,0.1366679303552948,1.0,0.0903924267632156,0.1511021744142485,4.85722573273506e-17,0.10253808877873016,0.08270218923111225,0.07993894380154501,4.85722573273506e-17,2.782985346280577e-18,-0.05416959856893273,0.011092723862690175,0.08927234395115335,0.14741785867811436,0.13170904722536517,0.09835878270489981,0.1317090472253652,0.14741785867811433,0.08927234395115338,0.011092723862690196,-0.05416959856893268,CORRECTABLE,0
100162,4,0.0,0.0,0.2769655093379433,0.0,0.0,0.0,0.1745616013759242,0.0,0.2769655093379433,0.1948722523451516,3.391849244849286e-17,1,0.0,0.0,0.1366679303552948,1.0,0.2120633737994582,0.33834687231010585,5.551115123125783e-17,0.24124214859535215,0.18924728869240445,0.1980319739933915,5.551115123125783e-17,3.180554681463517e-18,-0.09127727137211328,0.04983415333607159,0.20609105134138916,0.3242499531192919,0.32055184303261586,0.2773714956588036,0.32055184303261586,0.32424995311929183,0.20609105134138922,0.049834153336071635,-0.09127727137211322,DIFFICULT,1
100162,5,0.0,0.0,0.0,0.044087659446463,0.0,0.0,8.30013725511291e-19,-0.044087659446463,0.044087659446463,0.0310199689394366,3.239508661380569e-17,1,0.0,0.0,0.1366679303552948,1.0,0.32768522642796655,0.5202451876648587,5.551115123125783e-17,0.3727490863632413,0.2916540328641717,0.2936233354100486,5.551115123125783e-17,3.180554681463517e-18,-0.18743145927121713,0.0474469003692162,0.29794498664585517,0.4889450273618661,0.5054935423302107,0.4553210180000512,0.5054935423302108,0.4889450273618662,0.2979449866458552,0.047446900369216255,-0.18743145927121707,CORRECTABLE,0
100163,1,0.0,0.0,0.0,0.0,0.0902605030155661,0.0,-0.0142184939415964,-0.0261344463672559,0.0,0.0168823925432462,1.1053723610744309e-17,1,0.0,0.0,0.1366679303552948,1.0,0.0,0.0,0.0,0.0,0.0,0.0,0.0,0.0,0.0,0.0,0.0,0.0,0.0,0.0,0.0,0.0,0.0,0.0,0.0,CORRECTABLE,0
100163,2,-0.0605675728376355,0.0,0.0,0.0,0.0,0.0,-0.0605675728376355,-0.0605675728376355,-0.0605675728376355,0.0605675728376355,0.0,1,0.0,0.0,0.1366679303552948,1.0,0.010508361295673497,0.023944320901176534,1.0842021724855044e-17,0.012920524506211065,0.011627857109676119,0.005827253095832114,-1.0842021724855044e-17,-6.212020862233432e-19,0.002861799097591838,-0.01017983222611737,0.0023208286515356428,0.022472689417754182,0.015242454595728441,0.0,0.015242454595728441,0.02247268941775417,0.002320828651535627,-0.010179832226117376,0.0028617990975918274,CORRECTABLE,0
100163,3,0.3239890653209578,0.0,0.2415609282942852,0.1879083112955858,0.2197504387254675,0.0,0.4416197120223045,0.152061764033674,0.7370291835209012,0.4688073470915059,5.551115123125783e-17,4,0.0,0.0,0.1366679303552948,1.0,0.024226685999086568,0.05968613990246957,6.938893903907228e-18,0.03254325132091283,0.02842817290255813,0.022959373585344573,-6.938893903907228e-18,-3.975693351829396e-19,0.0028099716472675673,-0.0020517739853308237,0.027480882622264932,0.05920032019899876,0.03287666189724578,-0.002913626547916104,0.03287666189724578,0.059200320198998735,0.027480882622264904,-0.0020517739853308237,0.0028099716472675604,CORRECTABLE,0
100163,4,-0.2094602081678866,0.0067600055296562,0.0,0.0317625720665046,0.0,0.0,-0.2094602081678866,-0.2713361099273414,-0.1475843064084318,0.212517584249204,0.117984354492985,3,0.0,0.0,0.1366679303552948,1.0,0.1841505934071599,0.44139260090469423,5.551115123125783e-17,0.22461566664305888,0.21012452495786216,0.14915608053144747,-5.551115123125783e-17,-3.180554681463517e-18,-0.005807916047812944,0.19920165312725457,0.012912567354397608,0.13054003539810843,0.43747772110751515,0.2271676149536968,0.08005487326014504,0.35143950372356564,0.23381203567985448,-0.1582211947201156,-0.005807916047813,CORRECTABLE,0
100163,5,-0.0606481454680294,0.0,0.0,0.0,0.0,0.0,-0.0606481454680294,-0.0606481454680294,-0.0606481454680294,0.0606481454680294,0.0,1,0.0,0.0,0.1366679303552948,1.0,0.1771983314678599,0.3749237909118562,0.11798435449298333,0.21002445992038782,0.22203438905384862,0.0004426411035504185,0.11798435449298333,0.006760005529656198,-0.27137528840415676,-0.015674263606598505,-0.2165340682938378,-0.04746690747166801,0.36355107010185467,0.154375337141105,-0.030690909123206003,0.2579654455221191,0.11249515559854562,-0.33912563013586916,-0.15339093391117342,CORRECTABLE,0
100164,1,0.0,0.0,0.1614342560716529,0.0,0.0,0.1387027731392207,0.143053340721273,2.355959207527934e-05,0.3001370292108736,0.1713917923236044,1.976974898891537e-17,1,0.0,0.0,0.1366679303552948,1.0,0.0,0.0,0.0,0.0,0.0,0.0,0.0,0.0,0.0,0.0,0.0,0.0,0.0,0.0,0.0,0.0,0.0,0.0,0.0,DIFFICULT,1
100164,2,-0.0223025106547885,0.0150948383065154,0.1215733115016389,0.0,0.0535850828410035,0.0,0.0458797500467933,-0.1540298279548766,0.1191467947718997,0.0980374407810776,0.2634546346001762,4,0.0,0.0,0.1366679303552948,1.0,0.1217920703401408,0.17786665230909668,1.9949319973733282e-17,0.13436881344499235,0.10333449813927047,0.1217920703401408,1.9949319973733282e-17,1.1430118386509514e-18,0.002861799097591838,0.06092761338912043,0.12296235545236958,0.17024431396540496,0.17408093503963937,0.1614342560716529,0.17408093503963937,0.17024431396540493,0.1229623554523696,0.06092761338912046,0.002861799097591858,CORRECTABLE,0
100164,3,0.0,0.001346870865993,0.0,0.0,0.0,0.0171065484901674,0.0050944943670703,-0.0117507599460738,0.0173407464882299,0.0104209366337732,0.0235073312150956,1,0.0,0.0,0.1366679303552948,1.0,0.15734472451847725,0.25298968623213347,4.163336342344337e-17,0.18084443714242976,0.14118476693942622,0.1491240429090808,4.163336342344337e-17,2.3854160110976377e-18,-0.055172436974886704,0.03604287374947343,0.14631026771032124,0.23715192274932995,0.2462061716865354,0.22211153240322143,0.2462061716865354,0.23715192274932995,0.14631026771032124,0.036042873749473486,-0.05517243697488666,CORRECTABLE,0
100164,4,0.4045280055811909,0.0,0.375914027833456,0.1039655379470447,-0.2071905954352398,0.0,0.6740915480865999,0.4023241518350384,0.8803775751265104,0.6873384485387835,0.0,4,0.0,0.0,0.1366679303552948,1.0,0.129997084882294,0.2129411470869287,5.551115123125783e-17,0.14521982208704975,0.1174034517994718,0.09460776849196906,5.551115123125783e-17,3.180554681463517e-18,-0.12687265933183517,-0.027477462916364215,0.09982192677442633,0.20223115862395033,0.19219198408142854,0.1475495109486811,0.19219198408142854,0.2022311586239503,0.09982192677442632,-0.02747746291636416,-0.1268726593318351,DIFFICULT,1
100164,5,0.0,-0.0027736899621271,0.0,0.0,0.0,0.0,-4.465624789643266e-19,-0.0242050111532261,0.0242050111532261,0.0141138255648655,0.0484100223064522,1,0.0,0.0,0.1366679303552948,1.0,0.36787429500522534,0.6340068793983645,5.551115123125783e-17,0.4138746976161234,0.34195182208268926,0.33691317378882213,5.551115123125783e-17,3.180554681463517e-18,-0.17131474448022777,0.2000146935497089,0.29955402455665586,0.47698995187715465,0.6340068793983645,0.47615965453615283,0.43625267472902873,0.5992087717810075,0.4217728444605087,0.0022604888803732237,-0.1713147444802277,DIFFICULT,1
100165,1,-0.4168492051275884,-0.015737146024956,0.192294457836996,0.0257816153298347,0.0,0.0,-0.2956527840425945,-0.5541817150823934,-0.1818918800918213,0.3138642330865209,0.27466501990961,4,0.0,0.0,0.1366679303552948,1.0,0.0,0.0,0.0,0.0,0.0,0.0,0.0,0.0,0.0,0.0,0.0,0.0,0.0,0.0,0.0,0.0,0.0,0.0,0.0,CORRECTABLE,0
100165,2,-0.1933989497739218,-0.0049022722257626,0.0,0.0224991447665774,-0.0273324505135344,0.0,-0.1890933424589631,-0.2469782185178653,-0.1294783159996043,0.1919332602558449,0.0855607913774161,4,0.0,0.0,0.1366679303552948,1.0,0.1412421681224224,0.22795050428280644,5.551115123125783e-17,0.15704477390265648,0.12646227911183433,0.1412421681224224,5.551115123125783e-17,3.180554681463517e-18,0.0028617990975918217,0.09498371344450549,0.12594747366165404,0.18005668837225283,0.22795050428280644,0.192294457836996,0.17891095776269783,0.21036479491456167,0.1562555802039628,0.045944166924396956,0.0028617990975918772,CORRECTABLE,0
100165,3,0.5294141344636447,0.0,0.0,0.0,0.0,0.0,0.5294141344636446,0.5294141344636447,0.5294141344636447,0.5294141344636446,0.0,1,0.0,0.0,0.1366679303552948,1.0,0.11091394900951003,0.2028152046831706,1.734723475976807e-15,0.12510586192333667,0.10662933230013838,0.09497243841359845,-1.734723475976807e-15,-9.93923337957349e-17,-0.06489748586602666,0.06322851694166681,0.07797381618626469,0.14105113719065743,0.20088177344443725,0.1216733737757848,0.10904631044168538,0.1978085746989407,0.13473125369454758,-0.028606946061085964,-0.06489748586602839,CORRECTABLE,0
100165,4,0.0,0.0,0.0,0.0,-0.0085568375569411,0.0,0.0013479355742301,0.0,0.0024775865936248,0.0016004773487708,1.0479103724931872e-18,1,0.0,0.0,0.1366679303552948,1.0,0.09936052675221313,0.19462870475996452,1.7208456881689926e-15,0.1126731691398526,0.09946408636763907,0.06753196624422786,-1.7208456881689926e-15,-9.859719512536902e-17,-0.10952190597523404,0.026783982523570393,0.0585612774981108,0.13320617531301893,0.17394338808707155,0.07418715456898561,0.08210792508431963,0.18996361282130214,0.11531871500639368,-0.06505148047918241,-0.10952190597523576,CORRECTABLE,0
100165,5,-0.0818807590484756,0.0,0.0,0.0,0.0,0.0,-0.0818807590484756,-0.0818807590484756,-0.0818807590484756,0.0818807590484755,0.0,1,0.0,0.0,0.1366679303552948,1.0,0.09882720509574186,0.20201160085796643,1.7208456881689926e-15,0.11422955562680813,0.10167459734879382,0.0551596657337727,-1.7208456881689926e-15,-9.859719512536902e-17,-0.1404260899997561,0.006071517359052078,0.05531038572986467,0.1407090567435473,0.16122819710661432,0.04042117144687171,0.0693927341038624,0.19746649425183052,0.11206782323814755,-0.08576394564370073,-0.1404260899997578,CORRECTABLE,0
100166,1,0.0,0.0,0.0,0.1571954849274448,0.0,0.0,1.673161203822867e-18,-0.1571954849274448,0.1571954849274448,0.1106023572376377,1.155053684740868e-16,1,0.0,0.0,0.1366679303552948,1.0,0.0,0.0,0.0,0.0,0.0,0.0,0.0,0.0,0.0,0.0,0.0,0.0,0.0,0.0,0.0,0.0,0.0,0.0,0.0,DIFFICULT,1
100166,2,-0.3264168721968463,-0.014064279083379,0.0,0.0,0.0,0.0,-0.3264168721968463,-0.4491508631241065,-0.203682881269586,0.3341700308444931,0.2454679818545204,2,0.0,0.0,0.1366679303552948,1.0,0.1002348166239734,0.19368713790372458,1.1535911115245767e-16,0.11317738429341244,0.09949432478765066,0.02004574703742857,-1.1535911115245767e-16,-6.609590197416371e-18,0.002861799097591838,0.16054347506112565,-0.06432350724867039,-0.05275593043815516,0.17004962412185642,5.551115123125783e-17,-0.12895395642298957,0.13203844509647664,0.12047086828596128,-0.1384601054837203,0.002861799097591723,CORRECTABLE,0
100166,3,0.0,0.0,0.0,0.0,0.1838737870782198,0.0734346868298069,-0.0070955877241372,-0.0514989596728003,0.0734346868298069,0.0420805052254825,2.251752386980832e-17,1,0.0,0.0,0.1366679303552948,1.0,0.10263859974886949,0.22015591736129006,1.6653345369377348e-16,0.11762070832733458,0.10860042596578137,0.03006862055614286,-1.6653345369377348e-16,-9.541664044390551e-18,-0.0042992753235305825,0.16156228633111402,-0.04627270024873925,-0.02313754662770881,0.18057458445257557,-0.010022873518714226,-0.11842899609227042,0.161656828906923,0.13852167528589235,-0.13744129421373197,-0.004299275323530749,CORRECTABLE,0
100166,4,0.0,0.0569876573655556,0.1550937510796088,0.2083333979173069,0.0080438116658082,-0.1798421649881101,0.0429242831744601,-0.4973418383984152,0.5501277206906708,0.2948803665109364,0.9946225820119292,4,0.0,0.0,0.1366679303552948,1.0,0.10193678187283638,0.19838092639056254,1.5959455978986625e-16,0.11586314884878707,0.10168162736389842,0.006114914863998387,-1.5959455978986625e-16,-9.144094709207611e-18,-0.01647178650401016,0.11433834071064769,-0.08569563902114784,-0.03350547225194125,0.1752802779911632,-0.02505718379678562,-0.12372330255368276,0.15128890328269057,0.09909873651348378,-0.1846652398341983,-0.01647178650401032,DIFFICULT,1
100166,5,0.0564748336147976,0.0200394468136568,0.099885724323629,0.0,0.0,0.03702930074346,0.1304569673324694,-0.1183960474303384,0.2313582940078531,0.1709486769388974,0.3497543414381915,3,0.0,0.0,0.1366679303552948,1.0,0.24966665636163127,0.548788355933287,4.440892098500626e-16,0.2956723921570854,0.26910374290418415,0.11958621090242778,-4.440892098500626e-16,-2.5444437451708135e-17,-0.016667444838417422,0.36649479497572207,-0.09426793103314546,0.0045664852340856765,0.5379376092737458,0.12697910985082414,-0.15733964257343197,0.4342714584802626,0.3354370422130311,-0.32878245687145574,-0.016667444838417866,DIFFICULT,1
100167,1,0.0,0.0216012413315419,0.0,0.0,0.0,0.1311267091211935,0.0390507928220801,-0.1884841280609736,0.1885286735550131,0.1253103765657925,0.3770128016159868,1,0.0,0.0,0.1366679303552948,1.0,0.0,0.0,0.0,0.0,0.0,0.0,0.0,0.0,0.0,0.0,0.0,0.0,0.0,0.0,0.0,0.0,0.0,0.0,0.0,CORRECTABLE,0
100167,2,0.0,0.0,0.0,0.0516371076076905,0.0,0.0,9.640207920475201e-19,-0.0516371076076905,0.0516371076076905,0.0363317421297449,3.7942331129391425e-17,1,0.0,0.0,0.1366679303552948,1.0,0.020045747037428566,0.03964332803388462,0.0,0.024004976337766274,0.020307220155170582,0.020045747037428566,0.0,0.0,0.0028617990975918495,0.011041684788702655,0.028073680518645394,0.03964125732916069,0.020547833849433428,0.0,0.020547833849433428,0.039641257329160656,0.028073680518645394,0.011041684788702655,0.0028617990975918495,HIGHLY_CORRECTABLE,0
100167,3,0.0,-0.0339400155572704,0.0,0.0,0.0,0.0,-6.045768945978575e-18,-0.2961825444693554,0.2961825444693554,0.172702616889369,0.5923650889387108,1,0.0,0.0,0.1366679303552948,1.0,0.044947343577354595,0.11607934459531859,3.8163916471489756e-17,0.05405316907531094,0.05371332335933306,0.030068620556142938,-3.8163916471489756e-17,-2.1866313435061677e-18,-0.004299275323530511,0.061170303731619205,0.01577295719573665,0.03890811081676722,0.08018260185308076,-0.01002287351871417,-0.018037013492775436,0.0996111714624471,0.07647601784141654,-0.03704931161423698,-0.0042992753235305495,CORRECTABLE,0
100167,4,0.0,-0.0072494417056937,0.0,0.0,0.0,0.0,-1.3740383968133126e-18,-0.0632633136854687,0.0632633136854687,0.0368885338808476,0.1265266273709374,1,0.0,0.0,0.1366679303552948,1.0,0.05401047277525019,0.13886720672102765,0.0,0.06418931484004432,0.06428223533288778,0.0350800573155001,0.0,0.0,-0.0164717865040101,0.05717767824225045,0.028812327436310625,0.0635150578678565,0.08569612542444283,-0.025057183796785565,-0.012523489921413403,0.12421811851353638,0.08951538808199054,-0.04104193710360568,-0.0164717865040101,CORRECTABLE,0
100167,5,0.0,0.0,0.0520314627304839,0.0,0.0,0.0,0.0327935975778219,0.0,0.0520314627304839,0.0366092094258942,6.372016428784202e-18,1,0.0,0.0,0.1366679303552948,1.0,0.08442831594150985,0.27802435381171303,0.09776280644368117,0.11974792779594344,0.15003943563866556,-0.0670250728069662,-0.09776280644368117,-0.005601396184732062,-0.03834115307517923,0.03310917238802644,0.005464860948738659,0.008460303554237825,-0.0728029758576963,-0.26171942856448993,-0.19057515249228874,0.030058241622445275,0.00751023772820987,-0.1433206881127746,-0.1361039595188604,CORRECTABLE,0
100168,1,-0.3955846937055076,-0.0012757500747229,0.2547253951445078,0.0,0.2085027325818867,0.0,-0.2678851265563944,-0.4067177133255866,-0.1408592985609997,0.2822545238937935,0.022266039240158,4,0.0,0.0,0.1366679303552948,1.0,0.0,0.0,0.0,0.0,0.0,0.0,0.0,0.0,0.0,0.0,0.0,0.0,0.0,0.0,0.0,0.0,0.0,0.0,0.0,CORRECTABLE,0
100168,2,0.0,0.0,0.0,0.1267885891686516,0.0,0.0,3.0966589053692483e-18,-0.1267885891686516,0.1267885891686516,0.089208140038881,9.316274393627883e-17,1,0.0,0.0,0.1366679303552948,1.0,0.07695481192455948,0.1307396656376874,0.03441161916150309,0.08650035929978835,0.08128186494710382,0.05113107123236053,-0.03441161916150309,-0.0019716405433873947,-0.05148815033463089,-0.01736805706204131,0.053391094432936825,0.12040659463968406,0.12295712194664728,0.09899328490978854,0.11607479811434661,0.10664194697508278,0.03274412293603485,-0.04489735239124387,-0.08589976949613398,DIFFICULT,1
100168,3,0.2796703629889289,0.0,0.0,0.0,0.0,0.0,0.2796703629889289,0.2796703629889289,0.2796703629889289,0.2796703629889289,0.0,1,0.0,0.0,0.1366679303552948,1.0,0.10291582172095147,0.23680195314304994,0.017205809585845194,0.12739854362342812,0.1198169296972968,0.04561128265360888,-0.017205809585845194,-0.000985820272277384,-0.08279479164104825,0.08180888220093319,-0.023786966409597973,0.056516691565230315,0.23680195314304994,0.0734277492936084,-0.00780543661554961,0.1986832934754976,0.1149384735835001,-0.17312199330917344,-0.10000060122689344,CORRECTABLE,0
100168,4,0.0,-0.0326125730302824,0.1176129452200808,0.1925260898394595,0.0690758792121125,0.0,0.0632459579508186,-0.4182224640397135,0.4464814311688257,0.2508634239154575,0.5691968383959425,4,0.0,0.0,0.1366679303552948,1.0,0.10573256268361897,0.24198829820137235,0.008602904793559102,0.13180635062775903,0.12007776476634104,0.04285138836423306,-0.008602904793559102,-0.0004929101362116411,-0.10704008626640388,0.06660376374591703,-0.021099798655442814,0.07163172660912931,0.2336838551864504,0.050622107966804,-0.009202953613692,0.21723949043631113,0.12278738421302682,-0.18144478793036078,-0.11564299105996298,DIFFICULT,1
100168,5,0.0898989941840986,0.0,0.0892469896383697,0.0319441897801191,0.0465352464794574,0.0,0.1388176550006234,0.0699071074318789,0.20655026954216,0.1437380564567668,1.3877787807814457e-17,4,0.0,0.0,0.1366679303552948,1.0,0.23166046854869532,0.526249878509726,0.004301450992721889,0.2801261814888567,0.2566761575642286,0.10471739917036386,-0.004301450992721889,-0.0002464549876638024,-0.12775470825134716,0.25770605072630076,-0.07948360958233802,0.05783486113967182,0.5232754214155491,0.14680935900476846,-0.08495748122171419,0.4314911990655289,0.2933124381449742,-0.3531077225065954,-0.13205615924406905,DIFFICULT,1
100169,1,-0.1956989254775538,0.0,0.0,0.0,0.0,0.0,-0.1956989254775539,-0.1956989254775538,-0.1956989254775538,0.1956989254775538,0.0,1,0.0,0.0,0.1366679303552948,1.0,0.0,0.0,0.0,0.0,0.0,0.0,0.0,0.0,0.0,0.0,0.0,0.0,0.0,0.0,0.0,0.0,0.0,0.0,0.0,CORRECTABLE,0
100169,2,0.0,0.0,0.0,0.0,0.0892119337179441,0.0,-0.0140533156442518,-0.0258308387298564,0.0,0.0166862673511652,1.0925310907342613e-17,1,0.0,0.0,0.1366679303552948,1.0,0.020045747037428566,0.03964332803388462,0.0,0.02400497633776627,0.020307220155170582,0.020045747037428566,0.0,0.0,0.0028617990975918495,0.011041684788702655,0.028073680518645394,0.039641257329160684,0.02054783384943344,0.0,0.02054783384943344,0.03964125732916067,0.028073680518645394,0.011041684788702655,0.0028617990975918495,CORRECTABLE,0
100169,3,0.0,0.0,0.0,0.0248107761849452,0.0,0.0,4.2064018886767823e-19,-0.0248107761849452,0.0248107761849452,0.0174568012065802,1.8230662583552745e-17,1,0.0,0.0,0.1366679303552948,1.0,0.021878305183729758,0.05276213059625462,1.1275702593849246e-17,0.028096156271000605,0.025201746361095376,0.01601530491189113,-1.1275702593849246e-17,-6.460501696722769e-19,-0.004299275323530511,-0.008914487528469357,0.02067081025045397,0.05229052296085876,0.025829048283362577,-0.010022873518714198,0.025829048283362577,0.05229052296085873,0.020670810250453954,-0.008914487528469368,-0.004299275323530523,CORRECTABLE,0
100169,4,0.0,-0.0059193915726891,0.0,0.0,0.0,0.0,-4.809134388846594e-19,-0.0516564365129009,0.0516564365129009,0.0301206196365855,0.1033128730258018,1,0.0,0.0,0.1366679303552948,1.0,0.03917479834301159,0.10153807913957145,2.2551405187698492e-17,0.04872208909193041,0.04708607215396796,0.028053399493374195,-2.2551405187698492e-17,-1.2921003393445537e-18,-0.009445128681884176,0.01771599516932054,0.026153429973713765,0.06934071949463383,0.06196568004188327,-0.018030525974659706,0.014772779311817766,0.09850753617351402,0.055320246652593955,-0.029476905560744955,-0.009445128681884199,DIFFICULT,1
100169,5,0.0,0.0,0.0,0.0630973761942801,0.0,0.0,8.806458539766135e-19,-0.0630973761942801,0.0630973761942801,0.0443951589692191,4.636319987455298e-17,1,0.0,0.0,0.1366679303552948,1.0,0.0835023836930635,0.2242773357341157,0.1273748755050661,0.09888213736027604,0.1404345922157012,-0.01538458704174114,-0.1273748755050661,-0.007298042742975889,0.0520047371727402,0.07388324742131082,0.07875494784414552,0.08047851451347506,-0.0484296349568788,-0.21925439602898933,-0.1210975107879575,0.05869538099032878,0.031496839219986056,-0.07520955371280756,-0.0753701383323259,DIFFICULT,1
100170,1,0.0,0.0,0.0,0.0,0.1137422120150833,0.0821046590424386,0.0065340513689149,-0.0311690892522098,0.0821046590424386,0.0386450428506472,1.3928609784649718e-17,1,0.0,0.0,0.1366679303552948,1.0,0.0,0.0,0.0,0.0,0.0,0.0,0.0,0.0,0.0,0.0,0.0,0.0,0.0,0.0,0.0,0.0,0.0,0.0,0.0,CORRECTABLE,0
100170,2,0.0,0.0,0.0,0.0771786825926073,0.0,0.0556480005469825,0.0165725087961655,-0.0769046585853627,0.1216957123938232,0.0600076352814545,5.671054988456992e-17,1,0.0,0.0,0.1366679303552948,1.0,0.010686789831704912,0.02051319146642655,1.3877787807814457e-17,0.01240551951576912,0.010600546341016355,0.0021282427203815468,-1.3877787807814457e-17,-7.951386703658792e-19,0.002861799097591838,-0.015700713125533228,-0.004378901055785572,0.01800620294620671,0.013862234370874471,0.0,0.013862234370874471,0.018006202946206674,-0.0043789010557855924,-0.01570071312553324,0.0028617990975918243,CORRECTABLE,0
100170,3,-0.2614601930344115,0.0,0.0,0.0,0.0,0.0,-0.2614601930344116,-0.2614601930344115,-0.2614601930344115,0.2614601930344115,0.0,1,0.0,0.0,0.1366679303552948,1.0,0.05308716536084825,0.12288299596707064,6.418476861114186e-17,0.06253317241351289,0.059044365639726974,0.02110986839761944,-6.418476861114186e-17,-3.677516350442191e-18,0.004659476834992973,0.06767813930175325,-0.02273383331662725,0.011218847495880306,0.10674723585889176,-0.0010641213601906008,-0.040055342138657246,0.1019478303344731,0.0679951495219655,-0.07912443869579577,0.004659476834992909,CORRECTABLE,0
100170,4,0.0,0.0,0.3615381588779808,0.0,0.0,0.0,0.2278647623781857,0.0,0.3615381588779808,0.2543773609128574,4.427565490395465e-17,1,0.0,0.0,0.1366679303552948,1.0,0.05869270114076405,0.15009886703129577,5.551115123125783e-17,0.0715304381643806,0.069790514268056,0.0306006812362383,-5.551115123125783e-17,-3.180554681463517e-18,-0.0030336582662249256,0.06816488989164618,-0.005215086996791574,0.04030517062623129,0.1167401355095155,-0.011619055559000335,-0.030062442488033525,0.13103415346482405,0.08551389584180119,-0.07863768810590283,-0.003033658266224981,DIFFICULT,1
100170,5,0.2418002965135028,0.0,0.1098114109318996,0.0,0.109033870322019,0.0,0.2938347475766701,0.2418002965135028,0.3516117074454025,0.2964480173484264,0.0,3,0.0,0.0,0.1366679303552948,1.0,0.2669633501561422,0.46731945278360915,1.5612511283791264e-17,0.30430818565010775,0.2507156594469362,0.26321085003373346,1.5612511283791264e-17,8.94531004161614e-19,-0.0154721997867522,0.17562766927055556,0.22006505083318487,0.3571366019845891,0.465830850631086,0.3346187627008613,0.319028272633537,0.4478655848231819,0.31079403367177766,0.028825091273006608,-0.015472199786752185,DIFFICULT,1
100171,1,-0.063111002981941,0.0,0.0,0.0,0.0,0.0,-0.063111002981941,-0.063111002981941,-0.063111002981941,0.063111002981941,0.0,1,0.0,0.0,0.2587991435028968,1.0,0.0,0.0,0.0,0.0,0.0,0.0,0.0,0.0,0.0,0.0,0.0,0.0,0.0,0.0,0.0,0.0,0.0,0.0,0.0,CORRECTABLE,0
100171,2,0.0308010083609645,-0.0113717478100921,0.0,0.0709125759247862,0.0,0.0,0.0308010083609645,-0.1233309041051135,0.1849329208270427,0.0908878487636622,0.1984744435986722,3,0.0,0.0,0.2587991435028968,1.0,0.03795932338095335,0.0750699839684536,0.0,0.04545665760702384,0.03845445796552446,0.03795932338095335,0.0,0.0,0.0054192022474381304,0.02090891812524255,0.053161297272238305,0.0750660628100106,0.03891009242072116,0.0,0.03891009242072116,0.0750660628100106,0.053161297272238284,0.02090891812524255,0.0054192022474381304,CORRECTABLE,0
100171,3,0.0,0.0,0.1379415205186369,0.0,0.0,0.0,0.0869396798739387,0.0,0.1379415205186369,0.097055315153276,1.6892964157266762e-17,1,0.0,0.0,0.2587991435028968,1.0,0.07577968276261154,0.19341856411560476,7.632783294297951e-17,0.09073610451912478,0.08983308451537739,0.05693898507143009,-7.632783294297951e-17,-4.373262687012335e-18,-0.008141257195600327,0.09028004198055123,0.0456615665233404,0.089471097598885,0.12628239057150847,-0.018979661690476546,-0.008601344269577038,0.1728338302602043,0.12902429918465963,-0.04460369286053423,-0.008141257195600403,CORRECTABLE,0
100171,4,0.0,0.0003187216533983,0.0,0.0,0.0,0.0099910437123168,0.0029754287337862,-0.0027796740791489,0.0100120401688066,0.0048632706328094,0.0055627422492586,1,0.0,0.0,0.2587991435028968,1.0,0.16243995337147896,0.34196802566977286,3.122502256758253e-17,0.1895227922053803,0.17027467293291357,0.1533684957906071,-3.122502256758253e-17,-1.789062008323228e-18,-0.031191547483877216,0.12534574164025808,0.15143336269951804,0.2476647022026783,0.2679131724134258,0.09049236629244534,0.13302943757234037,0.3310274348639977,0.2347960953608373,-0.009537993200827332,-0.031191547483877247,CORRECTABLE,0
100171,5,0.0,0.0,0.0,0.0834474521868741,0.0,0.0,1.2478608146029785e-18,-0.0834474521868741,0.0834474521868741,0.058713422472683,6.131619313059434e-17,1,0.0,0.0,0.2587991435028968,1.0,0.14469520498731314,0.33970309226951895,1.7069679003611782e-15,0.1752822098644188,0.162847710163492,0.11464357127625699,1.7069679003611782e-15,9.780205645500314e-17,-0.10245659313174345,0.06957041187019646,0.12791041207645235,0.24604651711738507,0.2301390169388433,0.013808118397141855,0.09525528209775824,0.3294092497787051,0.2112731447377726,-0.06531332297088757,-0.10245659313174174,CORRECTABLE,0
100172,1,0.0,-0.0080412993241658,0.225467708187623,0.0648070308049603,0.0590885939761246,0.0,0.1327962848221159,-0.0885320074525303,0.2920138547039064,0.1661880574915929,0.1403471502665773,4,0.0,0.0,0.2587991435028968,1.0,0.0,0.0,0.0,0.0,0.0,0.0,0.0,0.0,0.0,0.0,0.0,0.0,0.0,0.0,0.0,0.0,0.0,0.0,0.0,DIFFICULT,1
100172,2,-0.0283785734113904,0.0,0.0963101126070074,0.0880138229141342,-0.0224544460052034,0.0,0.0358594853832844,-0.0885068057008093,0.1536113285946519,0.0773916301874965,5.2041704279304207e-17,4,0.0,0.0,0.2587991435028968,1.0,0.17217016275632507,0.31150463404370604,2.7755575615628914e-17,0.19571099325817645,0.164673538365827,0.17075560820306926,-2.7755575615628914e-17,-1.5902773407317584e-18,0.0054192022474381235,0.13832485893964225,0.13073629635917278,0.208141334996607,0.31150463404370604,0.22546770818762302,0.18823433614610952,0.2843265689006465,0.20692153026321214,0.015054561042045764,0.005419202247438096,CORRECTABLE,0
100172,3,0.0,0.0,0.0690998666073856,0.0,0.0,0.0,0.0435512111189633,0.0,0.0690998666073856,0.0486184964861472,8.462293046224391e-18,1,0.0,0.0,0.2587991435028968,1.0,0.21805910965679617,0.44165924157046765,6.938893903907228e-17,0.2513891602360883,0.223054421391788,0.18757518627716274,-6.938893903907228e-17,-3.975693351829396e-18,-0.07453939960665835,0.19260291117971787,0.10980286041800731,0.2282839738661167,0.44165924157046765,0.2364000166930959,0.15097670405980107,0.4079356619837752,0.2894545485356656,-0.09807962633094866,-0.07453939960665842,CORRECTABLE,0
100172,4,0.0,0.0,0.0,0.2344486459606593,0.0,0.0,6.126374601399333e-18,-0.2344486459606593,0.2344486459606593,0.1649574916632613,1.7227007030409148e-16,1,0.0,0.0,0.2587991435028968,1.0,0.22953854164415421,0.467263790812257,2.7755575615628914e-17,0.2640685571751756,0.2354475554544409,0.17529812763849817,-2.7755575615628914e-17,-1.5902773407317584e-18,-0.16290779049780155,0.1410772692571032,0.10979244707886267,0.26546540993196294,0.4524996192646875,0.21171229016190019,0.16181708175402088,0.4451170980496214,0.28944413519652096,-0.1496052682535633,-0.16290779049780157,DIFFICULT,1
100172,5,0.0,0.0,0.0,0.0,0.0816544459271531,0.0,-0.0128628049471363,-0.0236426085212838,0.0,0.0152727091361958,9.999785584083869e-18,1,0.0,0.0,0.2587991435028968,1.0,0.2901610159426417,0.6752415693413435,1.942890293094024e-16,0.35218049593515094,0.3248388251787107,0.12560838720020248,-1.942890293094024e-16,-1.1131941385122308e-17,-0.2451376520696124,0.2973110360405572,-0.06250077598376286,0.11507695240710963,0.6267345603436201,0.12406322634265132,-0.10989580212196748,0.5703395535559981,0.39276182516512526,-0.43931932642503013,-0.2451376520696126,DIFFICULT,1
100173,1,0.3613127203856097,0.0,0.1352186187055767,0.0,0.0364340636491061,0.0,0.4407968912721279,0.3613127203856097,0.4965313390911864,0.4429486527189769,0.0,3,0.0,0.0,0.2587991435028968,1.0,0.0,0.0,0.0,0.0,0.0,0.0,0.0,0.0,0.0,0.0,0.0,0.0,0.0,0.0,0.0,0.0,0.0,0.0,0.0,CORRECTABLE,0
100173,2,0.0,0.0,0.0,0.0621361803177863,0.0,0.0,8.017612786520302e-19,-0.0621361803177863,0.0621361803177863,0.0437188639105131,4.565692460245187e-17,1,0.0,0.0,0.2587991435028968,1.0,0.11744349426747139,0.1817648669220318,0.0,0.13044159727901286,0.10280666808475225,0.11744349426747139,0.0,0.0,0.005419202247438082,0.05412760714355991,0.12224555108815699,0.17753005256900933,0.16536910033568664,0.13521861870557672,0.16536910033568664,0.17753005256900933,0.12224555108815699,0.05412760714355991,0.005419202247438082,CORRECTABLE,0
100173,3,0.0517735599975607,-0.0648264326442782,0.0,0.046657948625455,0.0,-0.2423951993503697,-0.0204140574172058,-0.5139851998280096,0.6174499749371791,0.3507111829483186,1.1314351747651887,3,0.0,0.0,0.2587991435028968,1.0,0.11254627784745609,0.23889441289794944,4.163336342344337e-17,0.13058263956409183,0.11849047118003087,0.09668107051468913,-4.163336342344337e-17,-2.3854160110976377e-18,-0.04788334263885939,0.0754097973239882,0.08016237080207907,0.15735163782070372,0.20465246481159355,0.07649687157184115,0.08646242643375085,0.23039709866986502,0.15320783165124033,-0.04278024105385446,-0.04788334263885943,CORRECTABLE,0
100173,4,0.0,-0.0042880749438204,0.0,0.0,0.0,0.0,-1.3053364769726471e-18,-0.0374205132408352,0.0374205132408352,0.0218197212587731,0.0748410264816704,1,0.0,0.0,0.2587991435028968,1.0,0.12524056810398612,0.30670485125076796,5.551115123125783e-17,0.15140153765094305,0.14472377957152055,0.086299858638298,5.551115123125783e-17,3.180554681463517e-18,-0.09080467564876582,0.09235252626908974,0.05755827871271052,0.1566523112691075,0.23959636805217377,0.028156336314496738,0.03265763751992408,0.2845474803267935,0.1854534477703965,-0.11458620426315991,-0.09080467564876576,CORRECTABLE,0
100173,5,0.0,0.0,0.1526004291954137,0.0,0.0,0.0,0.0961786734914412,0.0,0.1526004291954137,0.1073692873066818,1.8688162716267573e-17,1,0.0,0.0,0.2587991435028968,1.0,0.1365884592630609,0.3367208169905396,1.6930901125533637e-15,0.16470058341057903,0.15846284121713855,0.08110925270010247,-1.6930901125533637e-15,-9.700691778463726e-17,-0.12853540272047573,0.0701115150751841,0.06756964666580045,0.1885684447599696,0.23535653115374622,-0.01499359300465214,0.02841780062149618,0.31646361381765487,0.19546481572348537,-0.13682721545706694,-0.12853540272047742,DIFFICULT,1
100174,1,0.0,0.0,0.3960256631621524,0.0,0.0,0.0,0.2496010211264129,0.0,0.3960256631621524,0.278642684251076,4.849915607717378e-17,1,0.0,0.0,0.2587991435028968,1.0,0.0,0.0,0.0,0.0,0.0,0.0,0.0,0.0,0.0,0.0,0.0,0.0,0.0,0.0,0.0,0.0,0.0,0.0,0.0,DIFFICULT,1
100174,2,0.0,0.0132687049242446,0.0283238612433067,0.0,-0.092576146463656,0.0,0.0324348027390208,-0.1157912962718086,0.1231889280574169,0.0756518621438646,0.2315825925436172,3,0.0,0.0,0.2587991435028968,1.0,0.28756034450736623,0.4189233753683709,4.85722573273506e-17,0.31775969077776195,0.24372108504049736,0.28756034450736623,4.85722573273506e-17,2.782985346280577e-18,0.005419202247438124,0.1432875782509562,0.28593934160829804,0.3954575545168004,0.4155528799911957,0.3960256631621524,0.4155528799911957,0.39545755451680054,0.2859393416082981,0.14328757825095625,0.005419202247438173,CORRECTABLE,0
100174,3,0.0,0.0,0.2796421923005732,0.0964893076842385,0.1281307919988272,0.1534204082468152,0.2017545922086859,-0.0556648682627489,0.4945580457707862,0.2558651430461173,5.234324800852674e-17,3,0.0,0.0,0.2587991435028968,1.0,0.2361779098125017,0.37687492226500213,2.7755575615628914e-17,0.26593248886457294,0.21050909850970845,0.21417429837365737,2.7755575615628914e-17,1.5902773407317584e-18,-0.13294176775880684,0.05093483603517736,0.23838235875797364,0.3672669596348319,0.3430618823208608,0.2805693521517759,0.34306188232086093,0.367266959634832,0.23838235875797373,0.05093483603517743,-0.1329417677588068,DIFFICULT,1
100174,4,0.5587294865119576,0.0,0.0,0.1491638134169274,0.0,0.0,0.5587294865119576,0.4095656730950302,0.7078932999288851,0.568501022844883,1.1102230246251563e-16,2,0.0,0.0,0.2587991435028968,1.0,0.35567270029506104,0.6276604997497206,5.551115123125783e-17,0.40244707860414225,0.3352446678738487,0.3011109943302708,-5.551115123125783e-17,-3.180554681463517e-18,-0.2346097146981973,0.11281222360405259,0.2555531839351268,0.4803942421790298,0.6250758006090325,0.4531243952655205,0.4415422309572266,0.5938242263004424,0.3689831680565393,-0.0707213460477535,-0.23460971469819736,DIFFICULT,1
100174,5,0.0,0.0,0.0,0.0255445122230669,0.0,0.0,2.9507380445044503e-19,-0.0255445122230669,0.0255445122230669,0.0179730560814828,1.8769803077855657e-17,1,0.0,0.0,0.2587991435028968,1.0,0.32016780390126426,0.6552936126102215,1.6653345369377348e-16,0.37482906343199013,0.3301213312966448,0.18851482054608887,-1.6653345369377348e-16,-9.541664044390551e-18,-0.3797460096158945,0.1250288613097632,0.07048269434005372,0.3172285181217289,0.6552936126102215,0.30256889810038523,0.18803360946720915,0.6060110816474941,0.3592652578658183,-0.34223114183324943,-0.37974600961589466,DIFFICULT,1
100175,1,0.0,0.0,0.0,0.0896938752863145,0.0,0.0,1.6833307165281345e-18,-0.0896938752863145,0.0896938752863145,0.0631083904287959,6.590599036350421e-17,1,0.0,0.0,0.2587991435028968,1.0,0.0,0.0,0.0,0.0,0.0,0.0,0.0,0.0,0.0,0.0,0.0,0.0,0.0,0.0,0.0,0.0,0.0,0.0,0.0,DIFFICULT,1
100175,2,0.0,0.0346054407464416,0.1226265478868269,0.0,-0.0489582303496931,0.0,0.0849994504305316,-0.301989476785569,0.301989476785569,0.1990124195193182,0.603978953571138,3,0.0,0.0,0.2587991435028968,1.0,0.06457863863130683,0.1594760034416126,6.591949208711867e-17,0.07777516739496955,0.07499390936137279,0.03795932338095334,-6.591949208711867e-17,-3.776908684237926e-18,0.005419202247438124,0.1062128626880568,0.0004405601579823195,0.022345325695754592,0.12421403698353542,5.551115123125783e-17,-0.0463938521420931,0.1277867999242667,0.10588203438649432,-0.06439502643757168,0.0054192022474380585,CORRECTABLE,0
100175,3,0.0,0.0,0.0,0.0,0.0726697186173919,0.0,-0.0114474650525791,-0.0210411287360351,0.0,0.0135921989654154,8.899473829972789e-18,1,0.0,0.0,0.2587991435028968,1.0,0.1486200264214203,0.3139025170157146,5.551115123125783e-17,0.1723160074197769,0.15598836377311817,0.1419384355019617,-5.551115123125783e-17,-3.180554681463517e-18,-0.008141257195600382,0.15754657669254052,0.12066888532726405,0.1869510968173358,0.26364693773011516,0.10364688619635037,0.09303904860448664,0.2923925710458479,0.22611035955577605,-0.013061312433087974,-0.008141257195600438,CORRECTABLE,0
100175,4,0.0,0.0,0.0,0.072237914884801,0.0,0.0198094773892533,0.0058994525419412,-0.072052036805113,0.0879575593387678,0.0516329654701803,5.307974315616436e-17,1,0.0,0.0,0.2587991435028968,1.0,0.12487728876823438,0.29951695420209345,2.7755575615628914e-17,0.15037653669954765,0.14235592656105311,0.09748107607935512,-2.7755575615628914e-17,-1.5902773407317584e-18,-0.07369127269914308,0.09040060151018357,0.08212706201999981,0.17722533999068443,0.22731639351070082,0.03267766844536957,0.0567085043850723,0.2826668142191965,0.18756853624851177,-0.0802072876154449,-0.0736912726991431,CORRECTABLE,0
100175,5,0.0110204151308792,0.0,0.0,0.0,0.0299244119563407,0.0,0.0063065031107602,0.0023559615413641,0.0110204151308792,0.0069913067953188,3.469446951953614e-18,2,0.0,0.0,0.2587991435028968,1.0,0.15437618908925038,0.39110742587082176,5.551115123125783e-17,0.1861673780433872,0.18226182229236038,0.08669986142063095,-5.551115123125783e-17,-3.180554681463517e-18,-0.11701260849138247,0.1312713212705133,0.044087440226915665,0.16109048373537255,0.2861882875665092,-0.016062869594307916,-0.021824280908648686,0.35145272001517464,0.2344496765067175,-0.17674124720464446,-0.11701260849138252,CORRECTABLE,0
100176,1,0.2380278801637167,0.034046358519694,0.1668686842587984,0.0,0.0,0.0,0.3431993320652144,-0.0590826820476066,0.53513844237504,0.3879727723857148,0.5942211244226467,3,0.0,0.0,0.2587991435028968,1.0,0.0,0.0,0.0,0.0,0.0,0.0,0.0,0.0,0.0,0.0,0.0,0.0,0.0,0.0,0.0,0.0,0.0,0.0,0.0,CORRECTABLE,0
100176,2,0.0,0.0,0.2398075168237139,0.0,0.0,0.0,0.1511422279936448,0.0,0.2398075168237139,0.1687279800450333,2.936795078896364e-17,1,0.0,0.0,0.2587991435028968,1.0,0.14313077528245108,0.21443506877178492,4.85722573273506e-17,0.1575133350282415,0.12302108671909497,0.14313077528245108,-4.85722573273506e-17,-2.782985346280577e-18,0.0054192022474381304,0.07247417739019853,0.15124424894900912,0.21006566420436582,0.1976116419506499,0.16686868425879842,0.19761164195064995,0.2100656642043658,0.15124424894900917,0.07247417739019857,0.005419202247438082,CORRECTABLE,0
100176,3,0.0,0.0,0.0,0.1371497873444475,0.1003085617538745,0.0,-0.0158013375722241,-0.1622269277829161,0.1330132321145091,0.0983052271358437,1.130602847529664e-16,2,0.0,0.0,0.2587991435028968,1.0,0.26684169558564175,0.4206907771963525,6.938893903907228e-18,0.30228829154288706,0.23648857098888698,0.2606669390158238,6.938893903907228e-18,3.975693351829396e-19,-0.06072698314634925,0.0959223059515993,0.2737954803578801,0.4075746958623916,0.39302684826189827,0.33511081344128685,0.3930268482618984,0.4075746958623915,0.27379548035788015,0.09592230595159938,-0.060726983146349243,CORRECTABLE,0
100176,4,0.0,-0.0450930955969365,0.0,0.0,-0.1166691649110308,0.0,0.0183785793235888,-0.3935115752892571,0.3935115752892571,0.2304900370569788,0.7870231505785142,2,0.0,0.0,0.2587991435028968,1.0,0.2156848886954445,0.42883087952646803,1.1102230246251565e-16,0.24827867018724417,0.2181825974852982,0.15249145531664116,-1.1102230246251565e-16,-6.361109362927034e-18,-0.18564125040682292,0.09335099622032295,0.08738895237722635,0.2526128445491318,0.4261446808093794,0.2047773439333751,0.16527028288451673,0.4138420892613621,0.24861819708945668,-0.16752340170453975,-0.18564125040682303,DIFFICULT,1
100176,5,-0.2312634447521219,0.0,0.1265064694811147,0.0491774061749621,0.1067573633346583,0.0,-0.168348074538247,-0.2708450030188242,-0.063353108379857,0.1774620823650539,0.0,4,0.0,0.0,0.2587991435028968,1.0,0.24135251357694948,0.4484622413165749,0.32289036213672134,0.27409215116156427,0.3312207502252301,0.12209959343173937,-0.32289036213672134,-0.01850025435295059,-0.11357084100506909,0.1761527917223163,0.1770968942616637,0.32640611136050063,0.4285487039031446,0.13707262721565328,0.10309623355093767,0.3584792112180425,0.14459192169186127,-0.34303389591192346,-0.43646120314179043,DIFFICULT,1
100177,1,-0.239511839466262,0.0,0.2948148729940819,0.0,0.2340598419091427,0.0,-0.0905712296212592,-0.239511839466262,0.0553030335278198,0.1365928341501703,0.0,3,0.0,0.0,0.2587991435028968,1.0,0.0,0.0,0.0,0.0,0.0,0.0,0.0,0.0,0.0,0.0,0.0,0.0,0.0,0.0,0.0,0.0,0.0,0.0,0.0,NOT_IMPROVED,1
100177,2,0.0,-0.0029992540866395,0.1558451892542994,0.0,0.0,-0.0458454983327871,0.0845705018935947,-0.0261812166457663,0.1262343134310818,0.0934632457865888,0.0523468589635685,2,0.0,0.0,0.2587991435028968,1.0,0.17094562717410205,0.31410217703071663,0.0,0.19235623021689638,0.16474996428313524,0.02446096322462281,0.0,0.0,-0.23404867845641153,-0.181530387861651,-0.06847310825695346,0.0940757762824316,0.2489061357607727,0.31410217703071663,0.2489061357607727,0.09407577628243154,-0.06847310825695349,-0.18153038786165096,-0.23404867845641153,DIFFICULT,1
100177,3,0.9684485205247578,0.0,0.2974525151738406,0.0,0.0,0.0,1.1559223597986814,0.9684485205247578,1.2659010356985985,1.1596598859006475,0.0,2,0.0,0.0,0.2587991435028968,1.0,0.2458391030401792,0.4577168846727047,0.0,0.28584710294483506,0.23965150660834866,0.14841353641741997,0.0,0.0,-0.2408599578212848,-0.12469313937756138,0.06406121128738006,0.282992764078439,0.42380332934273546,0.4577168846727047,0.42380332934273546,0.28299276407843893,0.06406121128738002,-0.12469313937756132,-0.2408599578212848,DIFFICULT,1
100177,4,0.0,0.0,0.0,0.0,-0.0269144693450631,0.0,0.0042397638672373,0.0,0.0077929407891777,0.005034102640644,3.2960718734181157e-18,1,0.0,0.0,0.2587991435028968,1.0,0.39211218278904086,0.6817880710024289,0.0,0.4572291418906959,0.3678929903265105,0.29963993086358726,0.0,0.0,-0.30964752378255656,-0.08607310725274009,0.21785394202739505,0.5244961984749485,0.6714008063992107,0.6809626316378354,0.6714008063992107,0.5244961984749485,0.21785394202739505,-0.08607310725273976,-0.30964752378255656,DIFFICULT,1
100177,5,0.0,0.0042442860779272,0.0,0.0,-0.1492110157254657,0.0,0.0235048094374802,-0.0370383832959415,0.0681768549216063,0.0352889909080132,0.0740767665918832,2,0.0,0.0,0.2587991435028968,1.0,0.36272780546616024,0.5624032849237026,0.0,0.40348358018570635,0.31788768513552945,0.1920190526799842,0.0,0.0,-0.454048286966912,-0.20865618329756874,0.12887442830381432,0.4548617321438153,0.5620729262035689,0.5311426662060419,0.5620729262035689,0.4548617321438152,0.12887442830381426,-0.2086561832975684,-0.454048286966912,DIFFICULT,1
100178,1,0.0,0.0,0.0,0.1624035932220735,0.0,0.0,2.597098419299335e-18,-0.1624035932220735,0.1624035932220735,0.114266769446428,1.193322243656647e-16,1,0.0,0.0,0.2587991435028968,1.0,0.0,0.0,0.0,0.0,0.0,0.0,0.0,0.0,0.0,0.0,0.0,0.0,0.0,0.0,0.0,0.0,0.0,0.0,0.0,DIFFICULT,1
100178,2,0.0,-0.0116262242100156,0.0,0.0,0.0,0.0,-2.335865274582632e-18,-0.10145794741243,0.10145794741243,0.0591596410711624,0.2029158948248601,1,0.0,0.0,0.2587991435028968,1.0,0.10672143367367387,0.23150545574910975,1.196959198423997e-16,0.12297642993893312,0.11376570982072844,0.037959323380953335,-1.196959198423997e-16,-6.858071031905709e-18,0.005419202247438124,0.17536391372884302,-0.04229713974300233,-0.020392374205230088,0.1933650880243216,5.551115123125783e-17,-0.11554490318287933,0.17052449982525142,0.14861973428747902,-0.13354607747835787,0.005419202247438005,CORRECTABLE,0
100178,3,0.0,0.0,0.2286835198992439,0.0,0.0,0.0914512804387636,0.1713662339648786,1.5533610562613945e-05,0.3201348003380076,0.1981229650385061,2.8006297368016186e-17,1,0.0,0.0,0.2587991435028968,1.0,0.11507955570398526,0.28328902396292793,1.249000902703301e-16,0.13711503410544482,0.13322207731061847,0.05693898507143009,-1.249000902703301e-16,-7.156248033292912e-18,-0.008141257195600354,0.17729317016360896,-0.008115504161240641,0.0356940269143039,0.21329551875456618,-0.018979661690476546,-0.09561447245263477,0.22661090094478542,0.18280136986924067,-0.1316168210435919,-0.00814125719560048,DIFFICULT,1
100178,4,0.0,0.0,0.0,0.0,0.0192138378901165,0.0821543773644239,0.0214396581453202,-0.0044740145178786,0.0821543773644239,0.037016565329641,2.3530575274724463e-18,1,0.0,0.0,0.2587991435028968,1.0,0.23077262030515575,0.49458561287069597,7.632783294297951e-17,0.2685975568168248,0.24446722563443798,0.21055998061409967,-7.632783294297951e-17,-4.373262687012335e-18,-0.031191547483877237,0.24039968973548434,0.15099310101439056,0.26729945112056924,0.4412270704090607,0.18123436567305234,0.13231707920185976,0.4582163251510508,0.34190997504487186,-0.0685103014717165,-0.031191547483877313,CORRECTABLE,0
100178,5,0.0,-0.023911796420531,0.0,0.0,0.0,0.0029754127854713,0.0008861064921427,-0.2086692955235385,0.2086703063109928,0.1216820181243721,0.4173396018345314,1,0.0,0.0,0.2587991435028968,1.0,0.19154196588655775,0.45808718148349187,8.326672684688674e-17,0.23037976074024827,0.21792672028503973,0.14021260955376738,-8.326672684688674e-17,-4.7708320221952755e-18,-0.1310523355434888,0.1515111733329777,0.09339237426104896,0.23343083447784338,0.3737278114675574,0.07595437536600275,0.06481782026035643,0.42434770850832493,0.2843092482915302,-0.15739881787422316,-0.13105233554348888,CORRECTABLE,0
100179,1,0.0,0.0010713677141151,0.0,0.0,0.0,0.0,2.9198315932282894e-19,-0.0093494470565272,0.0093494470565272,0.0054516176030013,0.0186988941130544,1,0.0,0.0,0.2587991435028968,1.0,0.0,0.0,0.0,0.0,0.0,0.0,0.0,0.0,0.0,0.0,0.0,0.0,0.0,0.0,0.0,0.0,0.0,0.0,0.0,CORRECTABLE,0
100179,2,-0.206065793115976,0.0,0.2178389944928261,0.0815720638767038,0.0,0.0,-0.0687695506643914,-0.2390554460810056,0.0863404888289768,0.1125390906769814,2.775557561562892e-17,3,0.0,0.0,0.2587991435028968,1.0,0.03795932338095335,0.07506998396845359,8.673617379884035e-19,0.04545665760702383,0.03845445796552446,0.03795932338095335,-8.673617379884035e-19,-4.969616689786745e-20,0.005419202247438124,0.020908918125242554,0.0531612972722383,0.07506606281001059,0.03891009242072116,0.0,0.03891009242072116,0.07506606281001062,0.053161297272238284,0.020908918125242558,0.0054192022474381235,DIFFICULT,1
100179,3,0.0,-0.0143370705330683,0.0,0.0,0.0,0.0,-3.29769215235195e-18,-0.1251145455576831,0.1251145455576831,0.0729536896492281,0.2502290911153663,1,0.0,0.0,0.2587991435028968,1.0,0.16190062975011466,0.3480311898056612,5.551115123125783e-17,0.19136298352008596,0.17211584421874138,0.08422196556244385,-5.551115123125783e-17,-3.180554681463517e-18,-0.1951834298586874,-0.01835186581112724,-0.008276665590299534,0.13688706300262576,0.3393911989060103,0.2705723448797469,0.18423191311084303,0.23278077529419797,0.08761704670127263,-0.1735111516062945,-0.19518342985868745,CORRECTABLE,0
100179,4,0.0,-0.0019845096093098,0.0897815992585839,0.0,0.0,0.0,0.0565861784672509,-0.0173181133668871,0.0904590936013171,0.0639721419713495,0.0346362267337743,2,0.0,0.0,0.2587991435028968,1.0,0.17308589985381964,0.3364061214420315,5.551115123125783e-17,0.19867213457041322,0.17271481984579667,0.08007030616217531,-5.551115123125783e-17,-3.180554681463517e-18,-0.23187521039247116,-0.03955393046710658,0.002773648900716852,0.16984214303141448,0.3361903085455096,0.22846136209852502,0.18103102275034227,0.2657358553229866,0.09866736119228901,-0.19471321626227384,-0.23187521039247122,CORRECTABLE,0
100179,5,0.0,0.0098249943526946,0.1130185993798863,0.077957458432494,0.0,0.0,0.0712316408645119,-0.0857392510625693,0.2007433019855021,0.1021332054077381,0.1714785021251387,3,0.0,0.0,0.2587991435028968,1.0,0.22836351286191053,0.4215164561124038,1.1102230246251565e-16,0.25852626594615913,0.22081661728691027,0.13458065492929192,-1.1102230246251565e-16,-6.361109362927034e-18,-0.2664911612261206,-0.030936125469888016,0.06867209306329602,0.2775078923426931,0.42045262290341945,0.2782078082760213,0.2652933371082522,0.3734016046342652,0.16456580535486817,-0.18609541126505527,-0.2664911612261207,DIFFICULT,1
100180,1,0.0,0.0213177500339783,0.0,0.0,-0.1085995061402081,0.2096927361097886,0.0795558976221651,-0.1859968544780748,0.215013602743962,0.1495419344237836,0.3720649443786589,2,0.0,0.0,0.2587991435028968,1.0,0.0,0.0,0.0,0.0,0.0,0.0,0.0,0.0,0.0,0.0,0.0,0.0,0.0,0.0,0.0,0.0,0.0,0.0,0.0,CORRECTABLE,0
100180,2,0.0,0.0,0.0,0.0911875205039696,0.0,0.0,1.7411661739834745e-18,-0.0911875205039696,0.0911875205039696,0.0641593155366362,6.700350306442207e-17,1,0.0,0.0,0.2587991435028968,1.0,0.05506671109237148,0.09794682337627515,0.0,0.06372455338799453,0.05227651567939345,0.05506671109237148,0.0,0.0,0.005419202247438137,0.046442193371426646,0.08414657766656243,0.09572291640622671,0.04529341123226721,0.0,0.045293411232267156,0.09572291640622671,0.08414657766656244,0.04644219337142669,0.005419202247438137,CORRECTABLE,0
100180,3,-0.2108040118307577,0.0,0.0,0.0,0.0,0.0,-0.2108040118307576,-0.2108040118307577,-0.2108040118307577,0.2108040118307577,0.0,1,0.0,0.0,0.2587991435028968,1.0,0.09067278908203569,0.23079314018654729,6.591949208711867e-17,0.1076732070021188,0.10720709948078679,0.06549267892713913,-6.591949208711867e-17,-3.776908684237926e-18,-0.01669495105130944,0.12654224153058174,0.0561758396472642,0.08965694392470076,0.1433946336869009,-0.027533355546185634,-0.030054337473295584,0.19685430341540255,0.1633731991379659,-0.046906729629614646,-0.016694951051309505,CORRECTABLE,0
100180,4,-0.4540706747197093,0.0,0.0,0.0,0.3415437467500732,0.1504352856789728,-0.4630720689784592,-0.5494096576520835,-0.3036353890407365,0.4702313520474026,5.551115123125783e-17,2,0.0,0.0,0.2587991435028968,1.0,0.1064571010630763,0.26941765400239454,0.0,0.1253540943042765,0.12529783595006888,0.07070566284452288,0.0,0.0,-0.04402208826744092,0.11470482019225471,0.07659079745593292,0.13197666727114177,0.14955838664405247,-0.06027969500975522,-0.02389058451614401,0.23917402676184357,0.1837881569466346,-0.05874415096794164,-0.04402208826744092,DIFFICULT,1
100180,5,0.0,0.0,0.1274588197749714,0.0,0.0,0.013189182379406,0.0842606680954601,2.240270685528228e-06,0.1406480021543774,0.0949300224177389,1.560912315200225e-17,1,0.0,0.0,0.2587991435028968,1.0,0.13128763441808394,0.436237372403496,0.38548960572714447,0.18338808080709518,0.30424319184532683,-0.02398286706771998,-0.38548960572714447,-0.022086926360272003,0.016903437023631507,0.07299447000520443,0.019298812941250354,0.13082306575636352,0.2083055102123379,-0.001364348326016035,-0.04224138209328748,0.0838245829562074,-0.10479759100433464,-0.4088461857367075,-0.36858616870351296,DIFFICULT,1
100181,1,-0.4245061556421775,0.0,0.1875564337822648,0.0594845624558975,0.0,0.0,-0.3062959441698121,-0.4432898871883745,-0.1834749688594919,0.3146582325483658,5.551115123125783e-17,3,0.0,0.0,0.2076964102778779,1.0,0.0,0.0,0.0,0.0,0.0,0.0,0.0,0.0,0.0,0.0,0.0,0.0,0.0,0.0,0.0,0.0,0.0,0.0,0.0,DIFFICULT,1
100181,2,0.4617717204381968,0.0,0.0,0.0,-0.0686876165036496,0.0,0.4725918956697865,0.4617717204381968,0.4816598527844092,0.4726426545770703,0.0,2,0.0,0.0,0.2076964102778779,1.0,0.14955897995691322,0.2661768165946663,5.551115123125783e-17,0.1690526460501176,0.14162600357048563,0.14867404955192556,-5.551115123125783e-17,-3.180554681463517e-18,0.004349121245643184,0.13131152878858204,0.1179427724648433,0.17701563805585374,0.2661768165946663,0.18755643378226483,0.15303045510937155,0.24694393515714802,0.18787106956613742,0.018165167303287377,0.004349121245643128,CORRECTABLE,0
100181,3,0.0,0.0,0.0,0.2252356541698937,0.0,0.0,5.0254676724672164e-18,-0.2252356541698937,0.2252356541698937,0.1584752532596583,1.655004737598123e-16,1,0.0,0.0,0.2076964102778779,1.0,0.13098919723298655,0.2547690295052665,5.551115123125783e-17,0.14834333078195108,0.13056180109967103,0.11562103808711255,-5.551115123125783e-17,-3.180554681463517e-18,-0.0656387822846764,0.0899041538138613,0.10586750453395932,0.1759872186050957,0.2271040159486155,0.11321940900630201,0.11395765446332073,0.24591551570639003,0.17579580163525343,-0.02324220767143348,-0.06563878228467646,CORRECTABLE,0
100181,4,0.1911957549351821,0.0,0.0,0.0,0.0,0.0,0.1911957549351821,0.1911957549351821,0.1911957549351821,0.1911957549351821,0.0,1,0.0,0.0,0.2076964102778779,1.0,0.20208614638085728,0.4725384329606838,1.942890293094024e-16,0.24051366207453925,0.22643874000991632,0.08827435712311663,-1.942890293094024e-16,-1.1131941385122308e-17,-0.11910018008258944,0.2630856939734396,-0.0416691950554028,0.04602994802231736,0.4147322008356539,0.0554088899627459,-0.12683783385019906,0.3807386367466344,0.2930394936689138,-0.27848434071241324,-0.11910018008258963,CORRECTABLE,0
100181,5,0.5019646636104212,0.0,0.0,0.0,0.0,0.0,0.5019646636104212,0.5019646636104212,0.5019646636104212,0.5019646636104211,0.0,1,0.0,0.0,0.2076964102778779,1.0,0.20509971059921112,0.48567914884640023,5.551115123125783e-17,0.24384936573054974,0.23161859440673838,0.07460101664111866,-5.551115123125783e-17,-3.180554681463517e-18,-0.15888823739850455,0.2357287380147368,-0.043142358351255766,0.06213621373304823,0.4018218896044111,0.011271711401187656,-0.13974814508144173,0.39684490245736537,0.2915663303730609,-0.305841296671116,-0.1588882373985046,DIFFICULT,1
100182,1,-0.3061538675296238,0.0,0.2704733884559052,0.0,-0.003280793301018,0.0,-0.1351672066566494,-0.3061538675296238,-0.0356804790737186,0.159399301114995,5.551115123125783e-17,3,0.0,0.0,0.2076964102778779,1.0,0.0,0.0,0.0,0.0,0.0,0.0,0.0,0.0,0.0,0.0,0.0,0.0,0.0,0.0,0.0,0.0,0.0,0.0,0.0,NOT_IMPROVED,1
100182,2,0.0,0.0,0.0,0.1045565436703371,0.0,0.0,3.224048955496494e-18,-0.1045565436703371,0.1045565436703371,0.0735657274119347,7.682690192147334e-17,1,0.0,0.0,0.2076964102778779,1.0,0.13810860365711541,0.3017694676619971,5.551115123125783e-17,0.15935082747225215,0.147898504142959,-0.04284938366426053,5.551115123125783e-17,3.180554681463517e-18,-0.3017694676619971,-0.20421847286506417,-0.0944479740454999,0.02532074715708381,0.12926962920801865,0.17201593120415928,0.1292696292080187,0.025320747157083753,-0.0944479740454999,-0.20421847286506414,-0.301769467661997,DIFFICULT,1
100182,3,0.0,0.0239104501392465,0.2508482489843094,0.1005497340500942,-0.0267790829840044,0.0,0.162319249261522,-0.2086580523946829,0.3889500288990136,0.2186024063807098,0.4173161047893658,4,0.0,0.0,0.2076964102778779,1.0,0.1532452588284309,0.30848209793777515,5.551115123125783e-17,0.17599837935610602,0.15611804496547244,0.009039146247429936,-5.551115123125783e-17,-3.180554681463517e-18,-0.27599565458422365,-0.06657437625110563,-0.0918160613477625,0.045532088861405036,0.28136037054943724,0.19344062303628953,0.08248200619149151,0.1684456776616012,0.031097527452433674,-0.26545274060905144,-0.2759956545842237,DIFFICULT,1
100182,4,0.0,0.0,0.4105742609553705,0.1509924158365933,0.0,0.0,0.2587704896809239,-0.0596880778132684,0.5483697823490806,0.3077947218385864,6.066658180075761e-17,2,0.0,0.0,0.2076964102778779,1.0,0.2946375677794324,0.6534250294123376,1.6653345369377348e-16,0.34619570469177297,0.31903834962670835,0.1973026604647972,-1.6653345369377348e-16,-9.541664044390551e-18,-0.27616610646229545,0.12512726497263696,0.04231215772572332,0.2501884899253772,0.6438410413386725,0.43976929889688393,0.25370571742055326,0.49130538031872484,0.28342904811907094,-0.26500805894548235,-0.2761661064622956,DIFFICULT,1
100182,5,-0.0910573303818765,0.0044843720254343,0.0,0.0,0.0489526289568556,0.0,-0.098768706177425,-0.1339011771206408,-0.0519238019378916,0.1014904629894162,0.0782670568879697,3,0.0,0.0,0.2076964102778779,1.0,0.5155811768294907,1.1249968384340217,1.1102230246251565e-16,0.5993380513518787,0.5521072097142417,0.3878856579928827,-1.1102230246251565e-16,-6.361109362927034e-18,-0.3704683154490509,0.31373290242377727,0.13890322308271613,0.4551910432943349,1.110498225733801,0.7516922296198558,0.43315825983060247,0.8738101641612067,0.5575223439495879,-0.3636070634794211,-0.370468315449051,DIFFICULT,1
100183,1,0.0,0.0,0.267573925719913,0.0,0.0,0.0,0.1686424171434251,0.0,0.267573925719913,0.1882643571703763,3.276835516681832e-17,1,0.0,0.0,0.2076964102778779,1.0,0.0,0.0,0.0,0.0,0.0,0.0,0.0,0.0,0.0,0.0,0.0,0.0,0.0,0.0,0.0,0.0,0.0,0.0,0.0,DIFFICULT,1
100183,2,0.0,0.0,0.0425876528643659,0.0,0.0,0.0,0.0268414969813977,0.0,0.0425876528643659,0.0299645679911938,5.21548327635444e-18,1,0.0,0.0,0.2076964102778779,1.0,0.19910625522298528,0.2904298760162801,3.2959746043559335e-17,0.21978153197734865,0.16883899256951448,0.19910625522298528,3.2959746043559335e-17,1.888454342118963e-18,0.00434912124564318,0.09946511290192839,0.1999400227018718,0.2767152974313186,0.28570479297691415,0.267573925719913,0.28570479297691415,0.2767152974313186,0.1999400227018718,0.09946511290192843,0.004349121245643213,CORRECTABLE,0
100183,3,0.4044132566984195,-0.0286694161790862,0.0,0.0,-0.1523948232458729,-0.2496163494202519,0.3540814575294104,0.1483222007798199,0.6545587320500197,0.3956176741786076,0.5003757487102561,3,0.0,0.0,0.2076964102778779,1.0,0.17284164438842933,0.2812950196764115,0.0,0.19630152678733692,0.15587115189818593,0.15685846267245065,0.0,0.0,-0.09085488512020622,0.029852516378921196,0.16808330463951004,0.27185974900992804,0.25788179746610823,0.21060845097278635,0.25788179746610823,0.27185974900992804,0.16808330463951004,0.02985251637892125,-0.09085488512020622,CORRECTABLE,0
100183,4,0.0,0.0128606137198618,0.0,0.0,0.0,0.0,4.3969228698026e-18,-0.1122300285041757,0.1122300285041757,0.0654407897364965,0.2244600570083515,1,0.0,0.0,0.2076964102778779,1.0,0.1683664957915241,0.28451698316311025,8.326672684688674e-17,0.18787520162908755,0.1546525638492991,0.13289941547701262,-8.326672684688674e-17,-4.7708320221952755e-18,-0.16493499521078825,0.0040336794974081824,0.17579891547828075,0.28266117988551887,0.2196369764231626,0.13217921963656099,0.2196369764231626,0.28266117988551903,0.1757989154782807,0.004033679497408238,-0.16493499521078833,CORRECTABLE,0
100183,5,0.0,0.0,0.1866266475514829,0.1268517865782855,0.0,0.0,0.1176241999730614,-0.0821551626109597,0.3073649017902619,0.1587713988608834,7.035400798357988e-17,2,0.0,0.0,0.2076964102778779,1.0,0.15829358903996296,0.27775028614616004,1.6653345369377348e-15,0.17781968832488765,0.14859513138832617,0.0969135458180666,1.6653345369377348e-15,9.54166404439055e-17,-0.22703558170365223,-0.0456358056382434,0.1520132230054792,0.2764549164193013,0.1844141360149716,0.06572951189805465,0.18441413601497197,0.2764549164193022,0.15201322300548015,-0.04563580563824188,-0.22703558170365057,DIFFICULT,1
100184,1,0.0,0.0159157635522796,0.0,0.1184541003704763,0.0,0.0,6.5953843047039e-18,-0.188579398456726,0.188579398456726,0.100292690623289,0.2777824841010412,2,0.0,0.0,0.2076964102778779,1.0,0.0,0.0,0.0,0.0,0.0,0.0,0.0,0.0,0.0,0.0,0.0,0.0,0.0,0.0,0.0,0.0,0.0,0.0,0.0,CORRECTABLE,0
100184,2,-0.637221616946508,0.0,0.0,0.0,0.0,0.0,-0.637221616946508,-0.637221616946508,-0.637221616946508,0.637221616946508,0.0,1,0.0,0.0,0.2076964102778779,1.0,0.07854012465781784,0.17391104120930942,8.326672684688674e-17,0.0909783995661154,0.08483318971674975,0.03046383807956027,-8.326672684688674e-17,-4.7708320221952755e-18,0.004349121245643156,0.1294367666420771,-0.026961558005633088,-0.00938212899904925,0.1438834113695372,5.551115123125783e-17,-0.08142967670890616,0.1298690175436276,0.11228958853704364,-0.09587632143636618,0.004349121245643073,CORRECTABLE,0
100184,3,0.0,-0.0301790645458507,0.0,0.0,0.0,0.0,-6.045768945978575e-18,-0.2633620451040567,0.2633620451040567,0.1535651415929833,0.5267240902081134,1,0.0,0.0,0.2076964102778779,1.0,0.0859363943430274,0.21567982244522432,0.0,0.10317714449502068,0.10080257948597758,0.04569575711934037,0.0,0.0,-0.006533676548493794,0.13098507020515243,0.0004705382202920827,0.03562939623345973,0.15987835966007252,-0.01523191903978005,-0.06543472841837078,0.17488054277613646,0.13972168476296876,-0.09432801787329081,-0.006533676548493794,CORRECTABLE,0
100184,4,-0.1487805238809555,0.0,0.1605895908233366,0.1373042880244265,-0.3027931149958207,0.0,0.0001316205715326,-0.1938808142616941,0.1777760315515805,0.1086481853889941,5.551115123125783e-17,4,0.0,0.0,0.2076964102778779,1.0,0.09641580327028726,0.2501098383328288,2.7755575615628914e-17,0.11581690438962615,0.11553938291989743,0.05331171663923054,-2.7755575615628914e-17,-1.5902773407317584e-18,-0.025032433862520687,0.12491741424833774,0.02028667492632724,0.07302496194607877,0.1682573484307179,-0.038079797599450155,-0.05705573964772537,0.21227610848875544,0.1595378214690039,-0.1003956738301055,-0.025032433862520714,DIFFICULT,1
100184,5,0.2496368765434854,0.0058454122070654,0.0,0.0667230599986584,0.0,0.0,0.2496368765434854,0.1574083941689462,0.3418653589180246,0.2543506117407727,0.1020216895035227,3,0.0,0.0,0.2076964102778779,1.0,0.2470570797761749,0.605195848925888,8.326672684688674e-17,0.2988209223433441,0.28555797084495327,0.2060318408516637,-8.326672684688674e-17,-4.7708320221952755e-18,-0.047339170936492814,0.36644176005270235,0.1363735989846061,0.21342149343849165,0.47394000483304644,0.0958539349042712,-0.012541358927191729,0.5140835111357204,0.4370356166818347,-0.1200396037075357,-0.0473391709364929,DIFFICULT,1
100185,1,0.0,0.0240672145400688,0.1590902588107172,0.1176575210886706,0.1314366023982414,0.0676124389177435,0.0996997638486885,-0.2100145956824583,0.310025619392602,0.1806895490025057,0.4200521602132542,4,0.0,0.0,0.2076964102778779,1.0,0.0,0.0,0.0,0.0,0.0,0.0,0.0,0.0,0.0,0.0,0.0,0.0,0.0,0.0,0.0,0.0,0.0,0.0,0.0,CORRECTABLE,0
100185,2,0.0,0.0,0.1480692906852971,0.0,0.0,0.0,0.0933228565477619,0.0,0.1480692906852971,0.1041811893761309,1.8133258288976813e-17,1,0.0,0.0,0.2076964102778779,1.0,0.12622412255951876,0.28967863765386037,8.326672684688674e-17,0.15135151492918314,0.13990597955693207,0.1100279685239814,-8.326672684688674e-17,-4.7708320221952755e-18,0.004349121245643184,0.14693816973694407,0.02951647630366351,0.09479208413434828,0.2867039971237337,0.15909025881071726,0.06290609287870441,0.23310679556877084,0.16783118773808597,-0.07685973450808517,0.0043491212456431005,CORRECTABLE,0
100185,3,0.0,0.0,0.0,0.0932123021694356,0.0,0.0,1.7264356251582165e-18,-0.0932123021694356,0.0932123021694356,0.0655839469450729,6.84912884957731e-17,1,0.0,0.0,0.2076964102778779,1.0,0.19988650037361735,0.40373914396151167,2.0816681711721685e-17,0.2301852392859486,0.20410621722913355,0.1788006788893129,-2.0816681711721685e-17,-1.1927080055488189e-18,-0.04631574177070425,0.1544603352446098,0.10419945268960307,0.21981211665409622,0.40373914396151167,0.2521455652340237,0.17994123971648243,0.3581268280885188,0.24251416412402554,-0.0693375690004194,-0.04631574177070427,CORRECTABLE,0
100185,4,0.0,0.0,0.0,0.0412575434637866,0.0,0.0,9.193051056256222e-19,-0.0412575434637866,0.0412575434637866,0.0290287062827235,3.0315551126165464e-17,1,0.0,0.0,0.2076964102778779,1.0,0.18723325175228103,0.43421583922428536,5.551115123125783e-17,0.23178004327168225,0.20961273162013816,0.11986417752421677,-5.551115123125783e-17,-3.180554681463517e-18,-0.13136695996971748,0.17049038577992348,0.002674311963227996,0.13586640493430496,0.43421583922428536,0.16274522578936734,0.03311760022502691,0.38375874946357563,0.25056665649249843,-0.23060785321933497,-0.13136695996971753,CORRECTABLE,0
100185,5,0.0,0.0,0.0,0.0849141761852824,0.0,0.0,1.5119978869366313e-18,-0.0849141761852824,0.0849141761852824,0.0597454058767601,6.239392444052433e-17,1,0.0,0.0,0.2076964102778779,1.0,0.19999218175037822,0.46536136215721347,5.551115123125783e-17,0.2469155648918935,0.22429761966146688,0.09039592684166875,-5.551115123125783e-17,-3.180554681463517e-18,-0.1869499274861826,0.16657677517823538,-0.038844337127004525,0.11192718485065628,0.44474887335005736,0.10281313702725908,-0.03482587676433066,0.408320680567586,0.2575491585899249,-0.3129979749361526,-0.18694992748618267,DIFFICULT,1
100186,1,0.1006598682611789,0.0132040149598371,0.0,0.0734834640172035,0.0,0.0,0.100659868261179,-0.0314399218812779,0.2327596584036359,0.1246839598833572,0.2304535396114519,3,0.0,0.0,0.2076964102778779,1.0,0.0,0.0,0.0,0.0,0.0,0.0,0.0,0.0,0.0,0.0,0.0,0.0,0.0,0.0,0.0,0.0,0.0,0.0,0.0,CORRECTABLE,0
100186,2,0.0,0.0,0.1670172510961121,0.0,0.0,0.0,0.1052650883441538,0.0,0.1670172510961121,0.1175129277988271,2.0453714195724363e-17,1,0.0,0.0,0.2076964102778779,1.0,0.05264236311572247,0.12945976429075393,7.979727989493313e-17,0.0632773454696497,0.060958372768907906,0.030463838079560268,-7.979727989493313e-17,-4.5720473546038054e-18,0.00434912124564318,0.08666714989635727,-0.0005284811709715606,0.01705094783561227,0.10111379462381737,5.551115123125783e-17,-0.03866005996318633,0.10343594070896603,0.08585651170238212,-0.05310670469064638,0.0043491212456431005,CORRECTABLE,0
100186,3,0.0,0.0,0.0,0.086447291951061,0.0,-0.1669579979438081,-0.0497216946218561,-0.225559764416884,0.0859114888297894,0.0978249574970915,6.352069478049449e-17,1,0.0,0.0,0.2076964102778779,1.0,0.1553340462130218,0.29580973779712033,1.734723475976807e-17,0.17711110576216252,0.15305424577925889,0.15096084546349428,-1.734723475976807e-17,-9.93923337957349e-19,-0.0065336765484937595,0.13982662240191907,0.12507389212767717,0.1971822675586638,0.275951587903014,0.15178533205633207,0.13617773331601035,0.2835672604320176,0.21145888500103088,5.276781491544286e-05,-0.006533676548493777,CORRECTABLE,0
100186,4,0.0,-0.0529894141386123,0.4103379466976803,0.0,-0.2456014164650048,0.0,0.2973104787889655,-0.4624200045511626,0.5887168445176778,0.4196923024437728,0.9248400091023254,3,0.0,0.0,0.2076964102778779,1.0,0.14794649246100294,0.35996962044455394,8.326672684688674e-17,0.18052587811299592,0.17042742168296668,0.10594426081130748,-8.326672684688674e-17,-4.7708320221952755e-18,-0.07766497803459767,0.16334268259915355,0.04144504135217987,0.13113284578975035,0.31391429282770855,0.076304909324585,0.009707917588452616,0.31914272528201515,0.22945492084444455,-0.14086369264010234,-0.07766497803459775,DIFFICULT,1
100186,5,0.0,0.0,0.0,0.0,0.0385859719624551,0.0,-0.0060783442397187,-0.0111723620087439,0.0,0.0072171492908755,4.725418705581021e-18,1,0.0,0.0,0.2076964102778779,1.0,0.40476192302458186,0.7290127495834178,5.551115123125783e-17,0.4553136173632537,0.3856637635187253,0.38074644727417944,-5.551115123125783e-17,-3.180554681463517e-18,-0.1262879871946081,0.31169652997896846,0.34240176799921157,0.5170906974798031,0.6968596968963998,0.4336707256166116,0.39265332165714384,0.7051005769720678,0.5304116474914764,0.007490154739712651,-0.12628798719460815,DIFFICULT,1
100187,1,0.0712348303942046,0.0,0.0,0.0,0.0,0.0,0.0712348303942046,0.0712348303942046,0.0712348303942046,0.0712348303942046,0.0,1,0.0,0.0,0.2076964102778779,1.0,0.0,0.0,0.0,0.0,0.0,0.0,0.0,0.0,0.0,0.0,0.0,0.0,0.0,0.0,0.0,0.0,0.0,0.0,0.0,DIFFICULT,1
100187,2,0.266647155227999,0.0101808985806049,0.0,0.0,0.0,0.0,0.266647155227999,0.1778020537713529,0.3554922566846451,0.2716329860108135,0.1776902029132921,2,0.0,0.0,0.2076964102778779,1.0,0.050871093263775334,0.09881935431139682,0.07108901885266314,0.0590464934291629,0.07213848927126688,0.04308132652074788,-0.07108901885266314,-0.0040731007431222,0.0735360452006738,0.07859715903870454,0.0945414799242772,0.09050171038332452,0.022073367906456476,-0.03698442654061568,0.007855564135923837,0.06206610284225923,0.051888068612679306,0.021725943956574012,0.002447026348010667,CORRECTABLE,0
100187,3,0.2210498012477531,0.0,0.1101741327548389,0.0,0.0,0.0,0.2904886750261554,0.2210498012477531,0.3312239340025921,0.2925251990875913,0.0,2,0.0,0.0,0.2076964102778779,1.0,0.06408531715285101,0.1264713843170729,0.03554450857345759,0.07355990162658782,0.07518635317567322,0.05200450133993423,-0.03554450857345759,-0.002036550325268023,0.038572248046340296,0.05961891426950383,0.10500147884584693,0.12209558933939868,0.02820512094847749,-0.05852508980098958,0.021096219233786018,0.10787778591001546,0.08367477370177234,0.03118330741073766,0.0030277394728827067,CORRECTABLE,0
100187,4,-0.0227204476120288,0.0063186119015216,0.1856728479987761,0.0,0.0,0.0,0.0943026061110533,-0.07786073875419,0.1662804587207141,0.1153207607522525,0.1102805822843225,3,0.0,0.0,0.2076964102778779,1.0,0.12617659306249332,0.24236136875396663,0.017772254292342443,0.14840159931592709,0.13073322476423344,0.12590496252792968,-0.017772254292342443,-0.001018275163277275,0.008032991481458807,0.07733366385171281,0.181090297574658,0.2419150778246839,0.13643433906437125,0.02564679228388217,0.1328798882059028,0.23480617610774673,0.17042694499925248,0.06311586041783881,-0.009739262810883637,CORRECTABLE,0
100187,5,0.0,0.0101582898934189,0.1019648469239073,0.0,0.0,0.0,0.0642648501816534,-0.0886478034349562,0.1180193094549264,0.0884240509529404,0.1772956068699124,2,0.0,0.0,0.2076964102778779,1.0,0.21725865545227122,0.388100499448535,0.00888612704750856,0.24993070905403766,0.20926665548989817,0.21043937306660718,-0.00888612704750856,-0.0005091375760258866,-0.05501343215927974,0.08498301971828816,0.2672717552077709,0.3876413048090478,0.28040548439455415,0.1483671590186935,0.27862825898505245,0.3840868539900441,0.26194007897926574,0.07787411808028127,-0.0638995592067883,CORRECTABLE,0
100188,1,-0.592412453556057,0.0,0.3574006868190329,0.0811870890078888,0.0639977244362884,0.0,-0.3772367831941102,-0.6110837760431861,-0.1668901086509076,0.3982077460473276,1.1102230246251563e-16,4,0.0,0.0,0.2076964102778779,1.0,0.0,0.0,0.0,0.0,0.0,0.0,0.0,0.0,0.0,0.0,0.0,0.0,0.0,0.0,0.0,0.0,0.0,0.0,0.0,DIFFICULT,1
100188,2,0.0,0.0,0.0,0.0780606324201221,0.0,0.1531825556934557,0.0456192356723689,-0.0775715121132564,0.2058145028757995,0.0892076477032058,5.73576830562722e-17,1,0.0,0.0,0.2076964102778779,1.0,0.2464808654893722,0.4471842378486831,1.1102230246251565e-16,0.28025931129545306,0.23612546213096192,0.2456395084415071,-1.1102230246251565e-16,-6.361109362927034e-18,0.004349121245643239,0.18938985122963098,0.18675865868578234,0.2894930095441329,0.44458693763751467,0.357400686819033,0.2901599175575401,0.38493415673491965,0.2821998058765691,0.03496283114965659,0.004349121245643128,DIFFICULT,1
100188,3,-0.5875547741018541,0.0,0.0,0.1084238698822676,0.0025988311818983,0.0,-0.5879641609785112,-0.6966283517795964,-0.4794450136773418,0.5928925656034869,1.1102230246251563e-16,3,0.0,0.0,0.2076964102778779,1.0,0.19871936745414512,0.4283235477253059,1.249000902703301e-16,0.23182752129806616,0.21129562668364194,0.15328359230031394,-1.249000902703301e-16,-7.156248033292912e-18,-0.1141215117294671,0.15759039274101067,0.06072003120956265,0.18103381107449695,0.4272341238763544,0.2345809325982795,0.12432695753782419,0.36824073530762685,0.2479269554426924,-0.1453167735975193,-0.11412151172946723,CORRECTABLE,0
100188,4,0.0,0.0,0.0,0.0,-0.3661768500743335,0.0191030524042218,0.063371925368338,3.2447809935595875e-06,0.1065702386373363,0.0710735312226655,4.484361829353717e-17,1,0.0,0.0,0.2076964102778779,1.0,0.21206886729792906,0.48563930283376244,2.220446049250313e-16,0.2609770411575352,0.23541015515526104,0.10669624735306008,-2.220446049250313e-16,-1.2722218725854067e-17,-0.1864141866339808,0.20023502531041065,-0.03772919198725255,0.10041118041729508,0.4847836675657897,0.15793913644812266,-0.024357954719677444,0.4150780080769749,0.27693763567242713,-0.3089065969750562,-0.18641418663398102,DIFFICULT,1
100188,5,0.0,-0.0084937089748247,0.0,0.0,0.0,0.0,-4.122115190439938e-19,-0.0741215942014085,0.0741215942014085,0.0432199450157657,0.1482431884028171,1,0.0,0.0,0.2076964102778779,1.0,0.2368822770037248,0.57152357726058,5.551115123125783e-17,0.2870317768063347,0.2712249339599249,0.14149481472486772,-5.551115123125783e-17,-3.180554681463517e-18,-0.2354131890648677,0.24976046511857813,0.056063163415811176,0.1769574768889798,0.48418574644003565,0.10459101277159266,-0.024955875845431408,0.4916243045486598,0.37072999107549093,-0.2593811571668886,-0.23541318906486774,DIFFICULT,1
100189,1,0.4222189048501884,0.0,0.1404128983360326,0.0,0.0,0.0,0.5107162070809353,0.4222189048501884,0.5626318031862211,0.5126007801411312,0.0,2,0.0,0.0,0.2076964102778779,1.0,0.0,0.0,0.0,0.0,0.0,0.0,0.0,0.0,0.0,0.0,0.0,0.0,0.0,0.0,0.0,0.0,0.0,0.0,0.0,CORRECTABLE,0
100189,2,-0.2846787163548794,0.0,0.0,0.0,0.0,0.0,-0.2846787163548794,-0.2846787163548794,-0.2846787163548794,0.2846787163548794,0.0,1,0.0,0.0,0.2076964102778779,1.0,0.11896114031030708,0.17768239915137313,0.0,0.13092534129423233,0.1020855959679273,0.11896114031030708,0.0,0.0,0.004349121245643184,0.060170194418131207,0.12519664613926756,0.17383986525558126,0.1647674692646881,0.14041289833603254,0.1647674692646881,0.17383986525558126,0.12519664613926756,0.06017019441813126,0.004349121245643184,CORRECTABLE,0
100189,3,0.206730615878026,0.0100861578198141,0.0,0.2078003038431818,0.226364763518145,-0.0972619493018142,0.1421064421102243,-0.112773640321441,0.3908452996898845,0.2021756527843582,0.1760366646499236,4,0.0,0.0,0.2076964102778779,1.0,0.09911776017713818,0.17616413838583797,0.0,0.11378252606737817,0.09396282217563066,0.08994440823471377,0.0,0.0,-0.05078232766386723,0.017469846865833055,0.10838009124981923,0.1746027393727168,0.13651376643985003,0.08093232818087895,0.13651376643985003,0.17460273937271675,0.1083800912498192,0.01746984686583311,-0.05078232766386723,CORRECTABLE,0
100189,4,0.0,-0.0002818217881794,0.0890268512645011,0.0698501833550071,0.0,0.0,0.0561104874008892,-0.0503501542795219,0.156335756445622,0.0798565389564426,0.0049187181076297,3,0.0,0.0,0.2076964102778779,1.0,0.1460323304382593,0.3196367557565894,2.220446049250313e-16,0.1738700357981242,0.1570877294382671,0.03977741066770224,-2.220446049250313e-16,-1.2722218725854067e-17,-0.09140541053558093,0.1336861505556469,-0.08065575664381255,0.024674888826023117,0.3070928757475156,0.035960124063522114,-0.08816679036882619,0.2689587968678577,0.16362815139802184,-0.2615735155606948,-0.09140541053558116,CORRECTABLE,0
100189,5,0.0,0.0,0.0,0.0645491034724879,0.0,0.0,1.1620675093519651e-18,-0.0645491034724879,0.0645491034724879,0.0454165907177841,4.742991177324823e-17,1,0.0,0.0,0.2076964102778779,1.0,0.20847524489507543,0.4905366710106312,2.636779683484747e-16,0.255091909754599,0.23521276574717195,0.10646303081430065,-2.636779683484747e-16,-1.5107634736951704e-17,-0.10694499462378886,0.22451994986526363,-0.04660868412664747,0.09599695574713495,0.46953207680851405,0.10509826999417216,-0.05859053339620934,0.4223946790809663,0.2797890392071837,-0.30360266033945965,-0.10694499462378912,DIFFICULT,1
100190,1,0.0,0.0,0.1997202858147042,0.1470348240091334,-0.0152222577493023,0.0,0.1282745800679547,-0.0960608556026718,0.3407770604346899,0.1760668277282891,8.171656615396271e-17,3,0.0,0.0,0.2076964102778779,1.0,0.0,0.0,0.0,0.0,0.0,0.0,0.0,0.0,0.0,0.0,0.0,0.0,0.0,0.0,0.0,0.0,0.0,0.0,0.0,DIFFICULT,1
100190,2,0.0,0.0,0.0,0.0,-0.0678507891743667,0.0,0.0106883520762331,0.0,0.0196458334643633,0.0126908627687699,8.309325178201011e-18,1,0.0,0.0,0.2076964102778779,1.0,0.1721327888965926,0.36491358737596435,8.153200337090993e-17,0.20276626240669288,0.18139053912243638,0.15873841814751494,-8.153200337090993e-17,-4.6714396883995405e-18,0.00434912124564318,0.22191457998187208,0.07797492095279768,0.13829109397685835,0.36190531594808134,0.19972028581470422,0.08222846095568653,0.31114089622883423,0.25082472320477345,-0.05776227501052273,0.004349121245643099,CORRECTABLE,0
100190,3,0.0,0.0,0.0,0.1526820166967325,0.0,0.1615851901581266,0.0481216208831215,-0.1520272674453699,0.2841900376611006,0.1305331920353035,1.1218781979793755e-16,1,0.0,0.0,0.2076964102778779,1.0,0.15131250778621994,0.34510502457468833,5.551115123125783e-17,0.18082058912678547,0.16700731862095106,0.12052139922955096,-5.551115123125783e-17,-3.180554681463517e-18,-0.07067096658247105,0.1752782708042095,0.06062870769876055,0.13207131621140009,0.3177511435279493,0.1203510767409468,0.0380742885355545,0.304921118463376,0.23347850995073632,-0.10439858418818525,-0.0706709665824711,CORRECTABLE,0
100190,4,0.0,-0.0155704521029414,0.0,0.0,0.0,0.0,1.3740383968133126e-18,-0.135877830955112,0.135877830955112,0.079229709587518,0.2717556619102241,1,0.0,0.0,0.2076964102778779,1.0,0.21186288387290325,0.49209981782393264,1.6653345369377348e-16,0.2515823774201472,0.23634704825106553,0.09072453769433583,-1.6653345369377348e-16,-9.541664044390551e-18,-0.12658254495160326,0.2770070206928024,-0.04671221435492208,0.042309823164301236,0.4339265381440024,0.06009037712617149,-0.13616877064941824,0.39464810082550245,0.3056260633062788,-0.29308828810061804,-0.12658254495160343,DIFFICULT,1
100190,5,0.0,0.0065596761576402,0.1126246196376828,0.0488791981998085,0.0,0.0,0.0709833293152756,-0.0572439736578046,0.157590334964399,0.0893874378044811,0.1144879473156091,3,0.0,0.0,0.2076964102778779,1.0,0.25605681964970367,0.786944643064778,0.4512246097683119,0.3357061517795923,0.48183843692279726,-0.1496798133643555,-0.4512246097683119,-0.025853263997555616,-0.16491350827960335,0.2059527116973081,-0.13735196962656476,-0.07765064535696059,0.23586955258985542,-0.21685462751326978,-0.4244706781572275,0.0941977883969159,-0.05574845782635096,-0.7251222849107617,-0.6161381180479153,DIFFICULT,1
100191,1,0.0,0.0032673294788473,0.0,0.1184182806132806,-0.0746256554107588,0.0747206070815077,0.0340080926311606,-0.1054880450509666,0.1763302361622839,0.0900437266887349,0.0570256572151717,3,0.0,0.0,0.212332603101133,1.0,0.0,0.0,0.0,0.0,0.0,0.0,0.0,0.0,0.0,0.0,0.0,0.0,0.0,0.0,0.0,0.0,0.0,0.0,0.0,DIFFICULT,1
100191,2,0.0,0.0,0.1379923081582095,0.0676065034610387,0.1207997382241755,0.0,0.0679424321208644,-0.0575980073666213,0.1965511454979967,0.0960572536682948,4.7570970265180135e-17,3,0.0,0.0,0.212332603101133,1.0,0.08170178174958435,0.19376954341680547,7.28583859910259e-17,0.09705479120773493,0.09234687667069047,0.042899429435281515,-7.28583859910259e-17,-4.174478019420866e-18,0.004446202195090215,0.1473228115139027,-0.004696194097797646,0.006178320791279751,0.14893277588860915,5.551115123125783e-17,-0.07631217896284798,0.14538735868391592,0.1345128437948384,-0.0779221433375544,0.004446202195090142,CORRECTABLE,0
100191,3,-0.0538791431673631,0.0,0.0,0.0,0.0,0.0,-0.0538791431673631,-0.0538791431673631,-0.0538791431673631,0.0538791431673631,0.0,1,0.0,0.0,0.212332603101133,1.0,0.1535733903032806,0.36792510961529706,8.500145032286355e-17,0.19100444020451912,0.17554999399602522,0.12053599776606949,-8.500145032286355e-17,-4.8702243559910105e-18,-0.012557310327460287,0.221565739138073,0.02437597578500238,0.09523934369758447,0.34784263273666816,0.11654259344056891,-0.005997533435892349,0.313924592977138,0.24306122506455563,-0.13227442703448752,-0.012557310327460372,CORRECTABLE,0
100191,4,-0.1053323959084688,0.0,0.0322341468552652,0.0,-0.0605424111647351,0.0,-0.075479265976337,-0.1053323959084688,-0.0673332074282699,0.076135141075712,1.3877787807814457e-17,3,0.0,0.0,0.212332603101133,1.0,0.14759697644735784,0.3662135605614636,4.163336342344337e-17,0.1815971002262645,0.17230287112527287,0.09141184981059905,-4.163336342344337e-17,-2.3854160110976377e-18,-0.06837910701540478,0.17845253046597082,0.007724336992128367,0.09655954137990776,0.31949854634720365,0.0562745945575342,-0.03434161982535687,0.3152447906594613,0.22640958627168162,-0.1753876357065897,-0.06837910701540482,CORRECTABLE,0
100191,5,-0.2159093319929702,0.0,0.0,0.0736865927008766,-0.0163050127816027,0.0,-0.2133408472437451,-0.2888221210501477,-0.1381464860966929,0.2195563660436504,5.551115123125783e-17,3,0.0,0.0,0.212332603101133,1.0,0.1674736758693195,0.41706327396556414,0.0,0.20353489881917827,0.19571457483238291,0.10670290576499554,0.0,0.0,-0.10963882972561409,0.17409666951740194,0.04185530471387677,0.15003563657514196,0.3399316229914751,0.0428028165074999,-0.013908543181085434,0.36872088585469553,0.26054055399343,-0.17974349665515854,-0.10963882972561409,CORRECTABLE,0
100192,1,0.0,0.0,0.3744289468433663,0.0,0.0,0.0,0.2359893718128195,0.0,0.3744289468433663,0.2634472876749415,4.585432112598432e-17,1,0.0,0.0,0.212332603101133,1.0,0.0,0.0,0.0,0.0,0.0,0.0,0.0,0.0,0.0,0.0,0.0,0.0,0.0,0.0,0.0,0.0,0.0,0.0,0.0,DIFFICULT,1
100192,2,0.0064688434955695,0.0,0.0,0.0847653471990601,0.0014192706489053,0.0,0.0062452696127665,-0.0786513213657169,0.0910122265367616,0.059966955906481,6.245004513516506e-17,3,0.0,0.0,0.212332603101133,1.0,0.2671332227403837,0.3893716537351998,4.597017211338539e-17,0.29544791047915364,0.22649625399059037,0.2671332227403837,4.597017211338539e-17,2.6338968455869746e-18,0.004446202195090215,0.13285969797144653,0.2637001730760938,0.36450757774755516,0.38802700227848536,0.37442894684336636,0.38802700227848536,0.3645075777475552,0.2637001730760938,0.13285969797144656,0.004446202195090261,CORRECTABLE,0
100192,3,0.0,0.0,0.0,0.0,0.0608374988925441,0.0,-0.0095835673470193,-0.0176151727367505,0.0,0.0113790916662198,7.450444828688482e-18,1,0.0,0.0,0.212332603101133,1.0,0.19700718762337857,0.36691751657590727,1.3877787807814457e-17,0.22272121078209542,0.19144953233799528,0.16448688841495315,-1.3877787807814457e-17,-7.951386703658792e-19,-0.12467420698001137,0.09673082207929928,0.1235211588272957,0.2424353806338572,0.36691751657590727,0.2408623354731746,0.20568424495653265,0.3420830226119746,0.223168800805413,-0.06450244954007521,-0.12467420698001139,CORRECTABLE,0
100192,4,0.0,0.0,0.0,0.0,0.0705754200874974,0.0,-0.0111175558457352,-0.0204347357869828,0.0,0.013200479789218,8.642996230863353e-18,1,0.0,0.0,0.212332603101133,1.0,0.1699320159805124,0.31641625175100746,0.0,0.1932108069381417,0.16522556101327013,0.10380372778802158,0.0,0.0,-0.20247144899239766,0.01733841422859647,0.06753610478292393,0.21020815304036805,0.3130220463984612,0.15861889126569811,0.15178877477908664,0.3098557950184855,0.1671837467610412,-0.14389485739077804,-0.20247144899239766,CORRECTABLE,0
100192,5,0.0,0.0119524008640143,0.0822076979949057,0.0,-0.0238910296595066,0.0,0.0555761049314202,-0.1043043758106585,0.1177624220333638,0.0861094231206869,0.2086087516213171,3,0.0,0.0,0.212332603101133,1.0,0.165594878957495,0.3092835285788342,0.0,0.19080879362350303,0.16154440162324907,0.07192815897583994,0.0,0.0,-0.24992711069131815,-0.03400193589519248,0.03911423702972925,0.2064702430788189,0.288895775887843,0.10671702737168742,0.12766250426846848,0.3061178850569364,0.13876187900784648,-0.195235207514567,-0.24992711069131815,CORRECTABLE,0
100193,1,0.0,-0.0068171500686019,0.0,0.0,0.0,0.0,-6.870191984066563e-19,-0.0594908574305607,0.0594908574305607,0.0346888327860699,0.1189817148611215,1,0.0,0.0,0.212332603101133,1.0,0.0,0.0,0.0,0.0,0.0,0.0,0.0,0.0,0.0,0.0,0.0,0.0,0.0,0.0,0.0,0.0,0.0,0.0,0.0,CORRECTABLE,0
100193,2,0.0,0.0275350985020546,0.0,0.0,0.0,0.0,7.419807342791888e-18,-0.2402890828595889,0.2402890828595889,0.1401114083010759,0.4805781657191779,1,0.0,0.0,0.212332603101133,1.0,0.03114385092756424,0.06159141369261781,6.938893903907228e-18,0.03729506329632908,0.03155008571568753,0.03114385092756424,6.938893903907228e-18,3.975693351829396e-19,0.004446202195090211,0.017154790210932525,0.043616360090160705,0.06158819656535801,0.03192391249357018,0.0,0.03192391249357018,0.06158819656535801,0.04361636009016068,0.01715479021093252,0.004446202195090218,CORRECTABLE,0
100193,3,0.0,0.0,0.0,0.0,-0.1599200717874935,0.0,0.0251917781962505,0.0,0.0463040022994022,0.0299115708118197,1.9584560403396893e-17,1,0.0,0.0,0.212332603101133,1.0,0.04922780349881965,0.1076109019214535,2.7755575615628914e-17,0.06217952192291022,0.05326956381837297,0.046715776391346386,2.7755575615628914e-17,1.5902773407317584e-18,-0.006679521073601702,0.01873765495808294,0.0716607947165393,0.10760446766693393,0.04827589952335827,-0.01557192546378211,0.04827589952335826,0.10760446766693393,0.07166079471653924,0.01873765495808294,-0.006679521073601674,CORRECTABLE,0
100193,4,0.0,0.0,0.089886374212397,0.0310612110257889,0.0,0.0085220466508486,0.0591901617349679,-0.0112517377041892,0.1249957376451582,0.0701260904891321,1.1815474339487049e-17,2,0.0,0.0,0.212332603101133,1.0,0.08775259203406996,0.17880213421397265,3.469446951953614e-17,0.10689353497741787,0.09065577137215458,0.0796935173194881,3.469446951953614e-17,1.987846675914698e-18,-0.02559120707418458,0.05013402087023928,0.13754717451899223,0.17625338130859575,0.06624178979547957,-0.03892981365945522,0.06624178979547954,0.17625338130859572,0.13754717451899218,0.05013402087023928,-0.025591207074184545,CORRECTABLE,0
100193,5,0.0,-0.0119042546266288,0.0,0.0,-0.154425622145268,0.0,0.0243262523423018,-0.1038842206100355,0.1194191845888593,0.0671083857709606,0.2077684412200712,2,0.0,0.0,0.212332603101133,1.0,0.13683694082102735,0.29549743489559344,6.938893903907228e-18,0.16540110160074142,0.14624042287506037,0.12764282401609617,6.938893903907228e-18,3.975693351829396e-19,-0.06099176353883835,0.08475943676589989,0.17589333933419526,0.2524571017554819,0.173346932700246,0.011109801893197768,0.11426499840005513,0.28897174527408803,0.21240798285280138,0.025677502465709094,-0.060991763538838346,CORRECTABLE,0
100194,1,0.0,0.0,0.0,0.1395256313083947,0.0,0.0,3.8627692723654415e-18,-0.1395256313083947,0.1395256313083947,0.0981698916155305,1.0252177066850361e-16,1,0.0,0.0,0.212332603101133,1.0,0.0,0.0,0.0,0.0,0.0,0.0,0.0,0.0,0.0,0.0,0.0,0.0,0.0,0.0,0.0,0.0,0.0,0.0,0.0,DIFFICULT,1
100194,2,0.0,0.0,0.0,0.0,-0.2322408926496894,0.1223825624434069,0.0730309843208073,2.0787495325706425e-05,0.1223825624434069,0.078700616100367,2.843997823701039e-17,1,0.0,0.0,0.212332603101133,1.0,0.0913176587896634,0.19622048025922986,1.0234868508263162e-16,0.10501547203189722,0.09676298891785773,0.031143850927564252,-1.0234868508263162e-16,-5.8641476939483586e-18,0.004446202195090215,0.14985155105697642,-0.03839474830971066,-0.020422911834513384,0.16462067333961405,5.551115123125783e-17,-0.10077284835247372,0.14359930496522952,0.12562746849003212,-0.11554197063511136,0.004446202195090112,CORRECTABLE,0
100194,3,0.0,-0.0306685407505274,0.0,0.0,0.0,0.0,-5.49615358725325e-19,-0.2676335319993426,0.2676335319993426,0.1560558250535707,0.5352670639986852,1,0.0,0.0,0.212332603101133,1.0,0.11645278903319875,0.29540362690870525,2.2551405187698492e-17,0.14072037232298867,0.13762896201487004,0.08330005871648573,-2.2551405187698492e-17,-1.2921003393445537e-18,-0.006679521073601697,0.20603752447561757,0.055911950608075016,0.0697682021280006,0.19462343753727485,-0.015571925463782055,-0.07077008415481295,0.2337904189277435,0.21993416740781785,-0.059355997216470155,-0.006679521073601719,CORRECTABLE,0
100194,4,0.7803593986775155,0.0,0.2103014901138254,0.1076459651919996,0.0,0.0,0.9129050177106046,0.7219711781530587,1.0914874312311011,0.918399753241616,1.1102230246251563e-16,3,0.0,0.0,0.212332603101133,1.0,0.12198628133530966,0.31112947184130985,0.0,0.1440970849783097,0.14434443445081682,0.07279388028580717,0.0,0.0,-0.04388334823675427,0.1815422853283073,0.0578782813399929,0.08970636933511586,0.18489732067260223,-0.057221954822024856,-0.08049620101948557,0.2537285861348587,0.22190049813973572,-0.08385123636378047,-0.04388334823675427,DIFFICULT,1
100194,5,0.0,0.0,0.0,0.0088563303196792,0.0,0.0,2.661970392637768e-19,-0.0088563303196792,0.0088563303196792,0.0062312922682467,6.507525946912079e-18,1,0.0,0.0,0.212332603101133,1.0,0.20436648621447057,0.6309822426689142,0.22074310404313935,0.26490827871750344,0.3433183777497076,-0.09991317694998743,-0.22074310404313935,-0.012647648012859607,-0.3009870028390641,0.082878184146423,-0.13864059985262933,-0.03987221846527156,0.25368207961843314,-0.09950684433767809,-0.26061485617974744,0.16239817833450765,0.019481176138522294,-0.5638646140776409,-0.5217301068822034,DIFFICULT,1
100195,1,0.0,0.0,0.0,0.0,0.0909488994273403,0.0,-0.0143269351742864,-0.026333767870038,0.0,0.0170111507271766,1.1138027856966693e-17,1,0.0,0.0,0.212332603101133,1.0,0.0,0.0,0.0,0.0,0.0,0.0,0.0,0.0,0.0,0.0,0.0,0.0,0.0,0.0,0.0,0.0,0.0,0.0,0.0,CORRECTABLE,0
100195,2,0.0,0.0,0.0,0.0,0.1923943239495077,-0.0161456721607036,-0.0351156958480174,-0.0561679577069098,-2.7424502140672197e-06,0.0384167985989968,2.3561491977299245e-17,1,0.0,0.0,0.212332603101133,1.0,0.018251082322607606,0.04503918591313057,1.1275702593849246e-17,0.02435899274544558,0.021422979745266014,0.01681691575327778,-1.1275702593849246e-17,-6.460501696722769e-19,0.004446202195090215,-0.004228578507316275,0.017667097055087334,0.0442886878753091,0.026578070314007995,0.0,0.026578070314007995,0.044288687875309096,0.01766709705508731,-0.0042285785073162855,0.004446202195090203,CORRECTABLE,0
100195,3,0.0,-0.0224863588163658,0.1512609661550008,0.1432191593468385,-0.2062668131119029,0.0,0.1278271126658957,-0.2405179127114595,0.3905138622468128,0.217975331846585,0.3924610182801257,4,0.0,0.0,0.212332603101133,1.0,0.03137743428942131,0.06556433754908872,2.7755575615628914e-17,0.037062563324217083,0.03278878788397472,0.009244949127713792,-2.7755575615628914e-17,-1.5902773407317584e-18,0.0004839465135416249,-0.040716864669943044,-0.002018363378504782,0.06087285146595231,0.03878487030670927,-0.008408457876638797,0.03878487030670927,0.060872851465952275,-0.002018363378504827,-0.04071686466994305,0.0004839465135415971,CORRECTABLE,0
100195,4,0.1419756597961528,0.0,0.1224291143739585,0.068206374691264,0.0385453395081413,0.0,0.213066473153791,0.0955621204793757,0.3271446746875319,0.2219843418674819,2.775557561562892e-17,4,0.0,0.0,0.212332603101133,1.0,0.1795041174328328,0.39609320539400467,5.551115123125783e-17,0.21194526754832343,0.1938737236028836,0.16359343815731697,-5.551115123125783e-17,-3.180554681463517e-18,0.0003076741447750053,0.20326341117354402,0.10055379660307509,0.1952634353037275,0.35827760959281596,0.13823003371450523,0.08585858008256655,0.36362765472332237,0.26891801602266985,-0.06915561833670528,0.0003076741447749498,DIFFICULT,1
100195,5,0.0,0.0,0.1673034686320634,0.0,0.0,0.0,0.1054454811718997,0.0,0.1673034686320634,0.1177143097543812,2.0488765734650613e-17,1,0.0,0.0,0.212332603101133,1.0,0.229252702910687,0.5207822798132926,2.7755575615628914e-17,0.2740324533057201,0.2524137401477659,0.18403138336386093,-2.7755575615628914e-17,-1.5902773407317584e-18,-0.07704284273879322,0.23225972351364413,0.08324712544535107,0.2266796865069688,0.4874442889095718,0.1788624290098053,0.08528902519333154,0.4752253082382828,0.33179274717666496,-0.169895540202596,-0.07704284273879325,DIFFICULT,1
100196,1,0.0,0.0,0.1506742577233147,0.0,0.0,-0.0611431426664068,0.076755660609251,-1.0385571007836053e-05,0.1073682113213897,0.0831580006170023,1.845176572298768e-17,1,0.0,0.0,0.212332603101133,1.0,0.0,0.0,0.0,0.0,0.0,0.0,0.0,0.0,0.0,0.0,0.0,0.0,0.0,0.0,0.0,0.0,0.0,0.0,0.0,DIFFICULT,1
100196,2,0.4664272362173561,0.0,0.0,0.0,0.0,0.0,0.4664272362173562,0.4664272362173561,0.4664272362173561,0.4664272362173562,0.0,1,0.0,0.0,0.212332603101133,1.0,0.12610852641074094,0.18778318627111912,1.9081958235744878e-17,0.1388066683768031,0.10804818064223833,0.12610852641074094,1.9081958235744878e-17,1.0933156717530838e-18,0.004446202195090215,0.06371569646226743,0.13218046668004033,0.18348623167835026,0.17522364713926397,0.15067425772331472,0.17522364713926403,0.1834862316783503,0.13218046668004035,0.06371569646226745,0.004446202195090234,CORRECTABLE,0
100196,3,-0.1229578769732191,0.0,0.3156985934276468,0.1120973813554056,0.0,0.0,0.0760158225050615,-0.1652306026848534,0.2946986473923053,0.1474719752144414,4.163336342344337e-17,3,0.0,0.0,0.212332603101133,1.0,0.1040406802368401,0.1838680809247657,0.0,0.11925780554658996,0.09829840890314073,0.09419811413293468,0.0,0.0,-0.054161858815190034,0.017816223467829406,0.11274256356483048,0.18202016503833773,0.1440932964274637,0.08761999451794422,0.1440932964274637,0.18202016503833784,0.11274256356483048,0.017816223467829406,-0.054161858815190034,DIFFICULT,1
100196,4,0.0,0.0,0.0,0.0,0.2990202957010768,0.0,-0.0471038618309817,-0.0865797288917513,0.0,0.0559289815784932,3.661942480104188e-17,1,0.0,0.0,0.212332603101133,1.0,0.3110385916007632,0.6146507024095091,5.551115123125783e-17,0.3598741938697909,0.3136942075900608,0.26459247520964435,-5.551115123125783e-17,-3.180554681463517e-18,-0.17263746748303052,0.11700117305922948,0.1624040799752475,0.36311242781109776,0.6099619497245357,0.4926933140735049,0.3967400597291729,0.49489080297372334,0.2941824551378729,-0.0962207169361332,-0.17263746748303058,DIFFICULT,1
100196,5,0.1153576271799546,-0.0233546171280542,0.0,0.031553870775092,-0.0690333261447635,0.0,0.1262322611202097,-0.0884498663211855,0.3344406767635239,0.1787340409990964,0.4076149870022804,4,0.0,0.0,0.212332603101133,1.0,0.2500231695502075,0.4950401939438859,5.551115123125783e-17,0.2866819004779494,0.252187199096023,0.11633622670140474,-5.551115123125783e-17,-3.180554681463517e-18,-0.30048750289276244,-0.06844416231435103,-0.011591357758717696,0.23552734662543112,0.49201365261836094,0.3603970764686828,0.2787917626229983,0.36730572178805676,0.12018701740390764,-0.28166605230971375,-0.3004875028927625,DIFFICULT,1
100197,1,0.0,0.0,0.0,0.0,-0.0220348864212292,0.0,0.0034710963114174,0.0,0.0063800836262222,0.0041214217712135,2.698495312533388e-18,1,0.0,0.0,0.212332603101133,1.0,0.0,0.0,0.0,0.0,0.0,0.0,0.0,0.0,0.0,0.0,0.0,0.0,0.0,0.0,0.0,0.0,0.0,0.0,0.0,CORRECTABLE,0
100197,2,-0.3688824071355655,0.0,0.0,0.1127691842213403,-0.0200024297401636,0.0,-0.3657314782511046,-0.480658167610052,-0.2511126154791843,0.3742446692847628,5.551115123125783e-17,3,0.0,0.0,0.212332603101133,1.0,0.03461494723898167,0.06607336388106455,2.6020852139652106e-18,0.040880915540746014,0.034294584890088464,0.03461494723898167,2.6020852139652106e-18,1.4908850069360236e-19,0.004446202195090215,0.022335502720667796,0.04990328678518079,0.06577948102870473,0.033219090621004005,0.0,0.033219090621004005,0.06577948102870473,0.049903286785180766,0.0223355027206678,0.004446202195090217,CORRECTABLE,0
100197,3,0.0,0.0,0.0,0.0,0.0695049188974845,0.0,-0.0109489226764513,-0.0201247778873282,0.0,0.0130002524394469,8.51189764528008e-18,1,0.0,0.0,0.212332603101133,1.0,0.08608312489138545,0.2206462056035193,5.551115123125783e-17,0.10411544491085696,0.10243034363955712,0.05160225343151609,-5.551115123125783e-17,-3.180554681463517e-18,-0.008415069229310346,0.13413554008761766,0.015635142201329333,0.04758082880543868,0.15626111030720616,-0.017307473619490754,-0.05823862467478247,0.18014895560215266,0.1482032689980431,-0.08036419489437097,-0.008415069229310401,DIFFICULT,1
100197,4,0.0,0.0213785832185428,0.0,0.0,0.0,0.0,3.022884472989288e-18,-0.1865633419455908,0.1865633419455908,0.1087841872226314,0.3731266838911816,1,0.0,0.0,0.212332603101133,1.0,0.09110113980954741,0.23675326468089955,3.469446951953614e-17,0.10968761147142814,0.10932508249427692,0.04599605496687099,-3.469446951953614e-17,-1.987846675914698e-18,-0.029769993749978144,0.10914761706690186,0.013619443766126393,0.07014727744863494,0.15829849945604574,-0.04310860033524874,-0.05620123552594286,0.20271540424534892,0.14618757056284012,-0.10535211791508678,-0.02976999374997818,CORRECTABLE,0
100197,5,0.0,-0.0112350875535324,0.137251800595969,0.035511910653406,-0.0027024823839178,0.0,0.0869306884810078,-0.0984149637423925,0.1848122862002965,0.1183815253865293,0.1960892720722516,4,0.0,0.0,0.212332603101133,1.0,0.10562723804018488,0.2725925660269123,2.7755575615628914e-17,0.12544001838995836,0.126009943059125,0.05414187841099985,-2.7755575615628914e-17,-1.5902773407317584e-18,-0.04832181903832336,0.10330437979439897,0.0342377763728517,0.10873744653055756,0.16722438446618051,-0.06610662781868415,-0.04727535051580806,0.24130557332727157,0.16680590316956545,-0.11119535518758968,-0.04832181903832339,CORRECTABLE,0
100198,1,-0.6809045460681821,0.0,0.0305126450034029,0.0797153116361551,0.0,0.0,-0.6616735010664374,-0.7528743715030566,-0.5717925002385184,0.6641149735081073,1.1102230246251563e-16,3,0.0,0.0,0.212332603101133,1.0,0.0,0.0,0.0,0.0,0.0,0.0,0.0,0.0,0.0,0.0,0.0,0.0,0.0,0.0,0.0,0.0,0.0,0.0,0.0,CORRECTABLE,0
100198,2,0.55378484097622,0.0,0.1536798306327708,0.0868304390049855,0.0089118287709782,0.0,0.6492399667757461,0.5015749332536064,0.7889521716000873,0.6538988024933744,1.1102230246251563e-16,4,0.0,0.0,0.212332603101133,1.0,0.06431188593773249,0.15910254508438815,1.1102230246251565e-16,0.07963511657741236,0.07498784096437747,0.05037489592930884,-1.1102230246251565e-16,-6.361109362927034e-18,0.0044462021950901764,0.10239748264037807,0.014695758269965942,0.039417960354810155,0.1367569289335216,0.030512645003402894,-0.01487060422660691,0.1331289294780713,0.1084067273932271,-0.04923005051975027,0.004446202195090065,DIFFICULT,1
100198,3,1.049964788053579,0.0,0.0,0.0,0.0659100035423773,0.0,1.0395821627108388,1.0308808986989313,1.049964788053579,1.039603410041469,0.0,2,0.0,0.0,0.212332603101133,1.0,0.174318523980258,0.3876571369624062,2.220446049250313e-16,0.20864996224137144,0.18945769450693645,0.15178642469174464,-2.220446049250313e-16,-1.2722218725854067e-17,-0.01629504357447409,0.2223398624642915,0.0698750610715847,0.14741552156792814,0.37170842848507624,0.15900502767151925,0.05491958566802713,0.34320179368561265,0.2656613331892691,-0.0944489803527575,-0.01629504357447431,CORRECTABLE,0
100198,4,0.0,0.0,0.1402747184786633,0.0,0.0,0.0,0.0884102123355539,0.0,0.1402747184786633,0.0986969475093204,1.7178698498619118e-17,1,0.0,0.0,0.212332603101133,1.0,0.1461379471137095,0.35494874739094695,0.0,0.18079059567406797,0.16840506791880372,0.09665443793069649,0.0,0.0,-0.08774205372525623,0.14810506910505006,0.0187929673084688,0.12057367811581132,0.3238650358266988,0.08311181532564715,0.007076193009649678,0.3163599502334955,0.21457923942615298,-0.16868377371199894,-0.08774205372525623,CORRECTABLE,0
100198,5,0.2458958343990415,0.0105902372930792,0.117651772209538,0.0410419792603914,0.0,-0.0180042449460351,0.3146857638538384,0.1534755205395273,0.4142834111758792,0.3209110067098586,0.1848345114366073,4,0.0,0.0,0.212332603101133,1.0,0.2184043543213091,0.47187234526953864,2.7755575615628914e-17,0.2551045307072425,0.23259346294797856,0.1678812822284665,2.7755575615628914e-17,1.5902773407317584e-18,-0.13162307049551422,0.16027991224170282,0.09653351922451803,0.24731928684622118,0.4408709144355217,0.17505931483896225,0.12408207161847257,0.4431055589639054,0.2923197913422022,-0.1565089305753462,-0.1316230704955142,DIFFICULT,1
100199,1,0.256414708700164,0.0,0.0,0.0,0.0,0.0,0.2564147087001639,0.256414708700164,0.256414708700164,0.2564147087001641,0.0,1,0.0,0.0,0.212332603101133,1.0,0.0,0.0,0.0,0.0,0.0,0.0,0.0,0.0,0.0,0.0,0.0,0.0,0.0,0.0,0.0,0.0,0.0,0.0,0.0,CORRECTABLE,0
100199,2,0.0,0.0286784977242839,0.0,0.0,-0.0771119793692708,0.0,0.0121472424244899,-0.2502671258074105,0.2502671258074105,0.1466405843034017,0.500534251614821,2,0.0,0.0,0.212332603101133,1.0,0.03114385092756424,0.061591413692617836,0.0,0.03729506329632909,0.031550085715687536,0.03114385092756424,0.0,0.0,0.004446202195090232,0.017154790210932525,0.04361636009016068,0.06158819656535802,0.03192391249357018,0.0,0.03192391249357018,0.06158819656535802,0.04361636009016068,0.017154790210932525,0.004446202195090232,CORRECTABLE,0
100199,3,0.1288906107721073,0.0128471943705845,0.0,0.0,0.0144522907505736,0.0,0.1266139803344973,0.0167776881880076,0.2410035333562069,0.1425018898235624,0.2242258451681992,3,0.0,0.0,0.212332603101133,1.0,0.06101376718563401,0.12329566851651208,2.7755575615628914e-17,0.07442549384022515,0.06273538009466634,0.05886301881583635,2.7755575615628914e-17,1.5902773407317584e-18,-0.006679521073601674,0.036867768657418476,0.093662149855608,0.12227203775964643,0.05280842794819214,-0.01557192546378211,0.05280842794819213,0.1222720377596464,0.09366214985560797,0.03686776865741845,-0.006679521073601646,CORRECTABLE,0
100199,4,0.0,0.0,0.0,0.0369029941044734,0.0,0.0,6.6758959678552255e-19,-0.0369029941044734,0.0369029941044734,0.0259648560451039,2.7115880165398213e-17,1,0.0,0.0,0.212332603101133,1.0,0.07063216492160328,0.15251594125445628,4.163336342344337e-17,0.087347671020966,0.07567919895491447,0.05829872989787257,4.163336342344337e-17,2.3854160110976377e-18,-0.03166482828642954,0.021193112114420876,0.10372351694973306,0.1516797358583413,0.054451346697341196,-0.045003434871700165,0.05445134669734125,0.15167973585834132,0.10372351694973303,0.021193112114420848,-0.0316648282864295,CORRECTABLE,0
100199,5,-0.1434355169660363,0.0156668523485011,0.1240566070206959,0.0,0.0,0.0,-0.0652470088208827,-0.2801545988260358,0.0126452920392921,0.1100812354516272,0.2734381637199989,3,0.0,0.0,0.212332603101133,1.0,0.08987921961498209,0.21477666674116963,1.3877787807814457e-17,0.10780181183210114,0.10217694709005563,0.06029321587650061,1.3877787807814457e-17,7.951386703658792e-19,-0.056367991040275525,0.044295370390278255,0.096499476390912,0.16242753177471758,0.09232272725583626,-0.07415279982063636,0.022129061228114172,0.20580960317480868,0.13988154779100304,-0.02589829563744389,-0.05636799104027551,CORRECTABLE,0
100200,1,-0.255763793020974,-0.0428076386485438,0.0,0.1805433060578773,0.1260801049457188,0.3576074357655855,-0.1691259248992571,-0.7744756265521833,0.269307970456449,0.3528010456686744,0.7471343784402587,4,0.0,0.0,0.212332603101133,1.0,0.0,0.0,0.0,0.0,0.0,0.0,0.0,0.0,0.0,0.0,0.0,0.0,0.0,0.0,0.0,0.0,0.0,0.0,0.0,DIFFICULT,1
100200,2,0.5605314473729176,0.0,0.0,0.0900745625050211,0.0,0.1090268091200127,0.5930006778106544,0.4708731216180173,0.7397454603794712,0.597591277267695,1.1102230246251563e-16,2,0.0,0.0,0.212332603101133,1.0,0.247149153864099,0.5272456271779251,0.6781454240526954,0.29467167155290946,0.4652292286837068,0.1246319708246517,-0.6781454240526954,-0.03885486473812219,0.41527552986605487,0.5027497453583666,0.18283918670518462,0.1736924081567956,0.43451536604399754,0.21147417601804863,-0.04452749416617041,0.1146756239376109,-0.011806682324539408,-0.3831803692834186,-0.2628698941866405,DIFFICULT,1
100200,3,0.0,0.0,0.0,0.1060523055618366,0.0,0.0,2.5604988555485185e-18,-0.1060523055618366,0.1060523055618366,0.0746181418062949,7.792596992910019e-17,1,0.0,0.0,0.212332603101133,1.0,0.22214289478845878,0.46203114721238414,0.3390727510096332,0.2612081953199512,0.33309485743513795,0.0934598363398901,-0.3390727510096332,-0.01942743683621595,0.18786941012728808,0.40762548056258374,0.00947326002295279,0.05220558525406738,0.455882025443771,0.14915819060572266,-0.1266782994034552,0.2347068691464036,0.12415999371336217,-0.37837849489042247,-0.1512033408823451,DIFFICULT,1
100200,4,0.0,0.0,0.0739194741499654,0.0,0.0738832241948588,0.0,0.034950214611441,0.0,0.0739194741499654,0.0438401558905951,4.439339149047113e-21,2,0.0,0.0,0.212332603101133,1.0,0.26328086553559576,0.5323648140820862,0.169536380377731,0.3012345274147897,0.31967807074010285,0.07787376909750936,-0.169536380377731,-0.009713718976502738,0.060817508836482154,0.4110975406235198,-0.10683719042726476,-0.029179391657762663,0.5249841189769153,0.10242827243577768,-0.22539240428934926,0.3458084028490598,0.23424332800401118,-0.4410008108693835,-0.10871887154124883,DIFFICULT,1
100200,5,0.0,0.0,0.0974262342221673,0.0,0.0,0.0,0.0614043225183545,0.0,0.0974262342221673,0.0685488591910352,1.1931272589315752e-17,1,0.0,0.0,0.212332603101133,1.0,0.26512698357203385,0.5803260286761769,0.08476819079798088,0.3115964233166389,0.31022600324552135,0.10503095008776,-0.08476819079798088,-0.004856859558050782,-0.016057268307057282,0.360879556351974,-0.10521953154184421,0.022266968882389104,0.575453178577836,0.1374108620369885,-0.15796970677247857,0.4311620392211116,0.2867219006372818,-0.4234042434771292,-0.10082545910503816,DIFFICULT,1
100201,1,0.0,0.043924879737517,0.2112361928100813,0.0947644673779761,-0.0111634317045549,0.0,0.134893274537313,-0.3833169625763976,0.4399086379604969,0.263263151537791,0.7666339251527952,4,0.0,0.0,0.0,1.5,0.0,0.0,0.0,0.0,0.0,0.0,0.0,0.0,0.0,0.0,0.0,0.0,0.0,0.0,0.0,0.0,0.0,0.0,0.0,CORRECTABLE,0
100201,2,-0.8891472449305786,0.0,0.2619948416550442,0.1067513834484031,0.0,0.0,-0.7240211278885719,-0.936645846718866,-0.528842719022739,0.7325041385695042,1.1102230246251563e-16,3,0.0,0.0,0.0,1.5,0.14147166395889194,0.29960753266439494,5.551115123125783e-17,0.16419524804306093,0.14874328379129217,0.13489327453731295,-5.551115123125783e-17,-3.180554681463517e-18,0.0,0.15802661782680655,0.07164547885809949,0.11731592433765989,0.2916800919145621,0.21123619281008132,0.11142736348843477,0.2287182370699111,0.18304779159035056,-0.022226110599320836,-5.551115123125783e-17,DIFFICULT,1
100201,3,0.0,0.0153666129930366,0.0,0.0875156176802221,0.0270780023471135,0.0,-0.0042655247806071,-0.1627233432016648,0.1486705667523362,0.0864456405989152,0.2681979980387386,3,0.0,0.0,0.0,1.5,0.264654648651672,0.5924654213035778,2.220446049250313e-16,0.309828044016774,0.2881188253882524,0.23257275431066313,-2.220446049250313e-16,-1.2722218725854067e-17,-0.06744663726865652,0.27306743792025834,0.09544865683818948,0.19908067755371728,0.5749319548897787,0.40578439719646897,0.1916260287593985,0.43597676799154894,0.33234474727602104,-0.11023848821012161,-0.06744663726865674,DIFFICULT,1
100201,4,-0.1675348878972453,0.0,0.0,0.0,0.0,0.0,-0.1675348878972452,-0.1675348878972453,-0.1675348878972453,0.1675348878972453,0.0,1,0.0,0.0,0.0,1.5,0.22639411925480815,0.5624783755785732,1.4710455076283324e-15,0.27561789006434023,0.26422353745644883,0.11202085237472442,1.4710455076283324e-15,8.428469905878319e-17,-0.18373301442398887,0.233646939060827,-0.08000392290898685,0.026203368864588877,0.5402862711627001,0.28949802004113756,-0.00948425191242086,0.3659802381378232,0.25977294636424775,-0.31612358401429275,-0.1837330144239874,DIFFICULT,1
100201,5,0.0,0.0,0.2544298561301077,0.0,0.0,0.0,0.1603581732255537,0.0,0.2544298561301077,0.1790162220792252,3.115867089172581e-17,1,0.0,0.0,0.0,1.5,0.21438157343303102,0.506467949391211,1.5265566588595902e-15,0.2579800724832228,0.24205286409559537,0.05601042618736223,1.5265566588595902e-15,8.746525374024671e-17,-0.2397434406113511,0.17763651287346477,-0.13601434909634905,-0.029807057322773334,0.48427584497533793,0.23348759385377538,-0.06549467809978306,0.309969811950461,0.20376252017688556,-0.37213401020165493,-0.23974344061134958,DIFFICULT,1
100202,1,0.0,0.0,0.1858414290891899,0.0,0.0,0.0,0.1171293044442447,0.0,0.1858414290891899,0.1307575732163226,2.275901112830463e-17,1,0.0,0.0,0.0,1.5,0.0,0.0,0.0,0.0,0.0,0.0,0.0,0.0,0.0,0.0,0.0,0.0,0.0,0.0,0.0,0.0,0.0,0.0,0.0,NOT_IMPROVED,1
100202,2,0.0,0.0,0.0,0.0,-0.0932909142488323,0.0,0.0146958664613719,0.0,0.0270118857477219,0.0174492029453402,1.142484195243627e-17,1,0.0,0.0,0.0,1.5,0.11712930444424471,0.1858414290891899,2.2759011128304624e-17,0.13075757321632264,0.10396697738166266,0.11712930444424471,2.2759011128304624e-17,1.3039952835431287e-18,0.0,0.057428159847486386,0.10923485128358325,0.15034887439208136,0.17674570213287777,0.1858414290891899,0.17674570213287777,0.15034887439208136,0.10923485128358326,0.05742815984748641,2.2759011128304624e-17,DIFFICULT,1
100202,3,0.0,0.0,0.0,0.0,-0.1436690435671951,0.0,0.0226317974895711,0.0,0.0415986039108855,0.0268719662397165,1.7594383434112714e-17,1,0.0,0.0,0.0,1.5,0.08249851346459314,0.12727677686706762,2.0816681711721685e-17,0.09210448723807309,0.07214303582330553,0.07326051868349431,2.0816681711721685e-17,1.1927080055488189e-18,-0.058564652222122295,0.02079751705270224,0.07728767863370624,0.10952920855145594,0.12366455226759,0.12727677686706762,0.12366455226759,0.10952920855145594,0.07728767863370627,0.020797517052702254,-0.058564652222122274,DIFFICULT,1
100202,4,0.0,0.0,0.1711457881417854,0.0,0.0,0.0,0.1078671597708642,0.0,0.1711457881417854,0.1204177563274909,2.0959314163538857e-17,1,0.0,0.0,0.0,1.5,0.07572263068819783,0.10037168573736177,2.7755575615628914e-17,0.08105946458034853,0.06093424138570274,0.059262056831318397,2.7755575615628914e-17,1.5902773407317584e-18,-0.09519491156386939,0.01794587571885998,0.0816486333143011,0.10022642522460348,0.09547894742781912,0.09064651752532052,0.0954789474278191,0.10022642522460348,0.08164863331430114,0.017945875718859992,-0.09519491156386936,DIFFICULT,1
100202,5,0.0,0.0,0.0,0.0,0.0991196323052994,0.0,-0.0156140487183316,-0.0286995599169023,0.0,0.0185394107656557,1.2138654043534755e-17,1,0.0,0.0,0.0,1.5,0.1573710507719306,0.23216127725144683,4.163336342344337e-17,0.17387224734677792,0.13424692314169104,0.13749818818652357,4.163336342344337e-17,2.3854160110976377e-18,-0.12482593997952848,0.041201804354706925,0.1526145751603555,0.20905524793134314,0.22861723606087483,0.23216127725144683,0.22861723606087483,0.20905524793134314,0.15261457516035556,0.04120180435470695,-0.12482593997952844,DIFFICULT,1
100203,1,0.3981794817059252,0.0,0.0,0.0,0.0,0.0,0.3981794817059251,0.3981794817059252,0.3981794817059252,0.3981794817059252,0.0,1,0.0,0.0,0.0,1.5,0.0,0.0,0.0,0.0,0.0,0.0,0.0,0.0,0.0,0.0,0.0,0.0,0.0,0.0,0.0,0.0,0.0,0.0,0.0,HIGHLY_CORRECTABLE,0
100203,2,0.0,0.0,0.0,0.0659447618618844,0.0,0.0,1.3064932334730021e-18,-0.0659447618618844,0.0659447618618844,0.0463985725338456,4.845542492081473e-17,1,0.0,0.0,0.0,1.5,0.0,0.0,0.0,0.0,0.0,0.0,0.0,0.0,0.0,0.0,0.0,0.0,0.0,0.0,0.0,0.0,0.0,0.0,0.0,HIGHLY_CORRECTABLE,0
100203,3,-0.2397181903154076,0.0429434182362661,0.305249172330895,0.0,-0.0074878041935845,0.0,-0.0461508591307649,-0.6144702806304371,0.1668306356168108,0.2427915582553326,0.7495041806300589,4,0.0,0.0,0.0,1.5,0.041552402908790434,0.0659447618618844,4.845542492081471e-17,0.046398572533845654,0.036889006684587035,7.740533547078436e-19,-4.845542492081471e-17,-2.7762913424757138e-18,0.0,0.06271719548427729,-0.038761358488354776,-0.0387613584883548,0.06271719548427729,2.4227712460407355e-17,-0.0627171954842773,0.03876135848835485,0.03876135848835481,-0.06271719548427727,-4.845542492081471e-17,CORRECTABLE,0
100203,4,0.0,0.0046810092061955,0.0595301004283158,0.0840982544704234,-0.0051086891290978,0.0,0.0383244827359675,-0.0617735930714613,0.1478943202367893,0.0718224826774358,0.0816990231460522,4,0.0,0.0,0.0,1.5,0.19406217005544238,0.361993940387253,2.7755575615628914e-17,0.22065736849288303,0.18888256998209693,0.19356733118464264,-2.7755575615628914e-17,-1.5902773407317584e-18,0.0,0.1588048656042279,0.1427960007735442,0.20961467444043638,0.35346653201098155,0.305249172330895,0.22803214104242697,0.287137391417146,0.2203187177502538,0.03337047463567337,-2.7755575615628914e-17,CORRECTABLE,0
100203,5,0.3407367403757605,-0.0297418474270125,0.1796279817903007,0.0354972450744472,0.0,0.0,0.4539499279246138,0.0811901354498952,0.6388969044247628,0.4844423490807205,0.5190932098517307,4,0.0,0.0,0.0,1.5,0.1734149304222318,0.40676780879976093,1.6375789613221059e-15,0.2057271377760438,0.1946275355442027,0.13510814832828882,1.6375789613221059e-15,9.382636310317374e-17,-0.09678366559232215,0.1616003304956993,0.033029132185008234,0.11253188846740605,0.393581830482722,0.2679956071668895,0.10818305366787935,0.2889180328866253,0.20941527660422776,-0.12379844631914227,-0.09678366559232052,DIFFICULT,1
100204,1,0.0,0.0287816054603968,0.0,0.0,0.0,0.0,4.946538228527925e-18,-0.2511669107733736,0.2511669107733736,0.1464542174296443,0.5023338215467472,1,0.0,0.0,0.0,1.5,0.0,0.0,0.0,0.0,0.0,0.0,0.0,0.0,0.0,0.0,0.0,0.0,0.0,0.0,0.0,0.0,0.0,0.0,0.0,HIGHLY_CORRECTABLE,0
100204,2,0.0,0.0,0.0,0.0,0.0068525341157721,-0.219670488038475,-0.066499441467104,-0.219670488038475,-3.731249903683848e-05,0.1011171339541879,8.402566836762659e-19,1,0.0,0.0,0.0,1.5,0.0,0.0,0.0,0.0,0.0,0.0,0.0,0.0,0.0,0.0,0.0,0.0,0.0,0.0,0.0,0.0,0.0,0.0,0.0,CORRECTABLE,0
100204,3,0.0,0.0,0.2534619842425789,0.0652259593855212,0.0,0.0704540812825578,0.1807300594597014,-0.013056450533805,0.3701661967472512,0.2118061296234946,1.6886448836461732e-17,2,0.0,0.0,0.0,1.5,0.06649944146710406,0.219670488038475,8.402566836762659e-19,0.10111713395418791,0.09596269224709252,-0.06649944146710406,-8.402566836762659e-19,-4.814316168230909e-20,-3.731249903683848e-05,-0.0024603559613885126,-0.01160679181914996,-0.05607875084036833,-0.15563255391796066,-0.219670488038475,-0.15563255391796066,-0.056078750840368286,-0.011606791819149953,-0.0024603559613885135,-3.731249903683932e-05,CORRECTABLE,0
100204,4,0.0,0.0,0.0,0.1416932197183044,0.0,0.0,2.026398910203259e-18,-0.1416932197183044,0.1416932197183044,0.0996950014987288,1.0411448879334252e-16,1,0.0,0.0,0.0,1.5,0.11579154874685993,0.2270008554767015,1.7726705520137997e-17,0.13171838950226594,0.11600956021729501,0.11423061799259729,-1.7726705520137997e-17,-1.015665410975166e-18,-2.5345402939995723e-05,0.13816964815450475,0.10213110383479783,0.12820532563161685,0.19724394674061352,0.10424557748666169,0.07317679933020757,0.20488303961849136,0.17880881782167227,0.014102500744098844,-2.534540294001345e-05,CORRECTABLE,0
100204,5,0.0296833514107765,0.0,0.0,0.0,0.0,0.0,0.0296833514107765,0.0296833514107765,0.0296833514107765,0.0296833514107765,0.0,1,0.0,0.0,0.0,1.5,0.1400891364208005,0.31028061679193253,1.0408340855860843e-16,0.16325722765417608,0.15143664872923754,0.057115308996298714,-1.0408340855860843e-16,-5.9635400277440936e-18,-0.057140654399238607,0.2158125990861405,-0.03826939006175714,-0.012195168264938161,0.2748868976722493,0.04713026849036314,-0.11869676959402539,0.2310529155224493,0.20497869372563013,-0.17777106818013408,-0.05714065439923871,CORRECTABLE,0
100205,1,0.0,-0.0240521611219178,0.0,0.0,0.0,0.0,-3.847307511077276e-18,-0.2098947142282557,0.2098947142282557,0.122388598164726,0.4197894284565114,1,0.0,0.0,0.0,1.5,0.0,0.0,0.0,0.0,0.0,0.0,0.0,0.0,0.0,0.0,0.0,0.0,0.0,0.0,0.0,0.0,0.0,0.0,0.0,HIGHLY_CORRECTABLE,0
100205,2,0.0,0.0,0.0,0.1880967459080548,0.0,0.0,4.2651292419464694e-18,-0.1880967459080548,0.1880967459080548,0.1323444085926649,1.382112466837994e-16,1,0.0,0.0,0.0,1.5,0.0,0.0,0.0,0.0,0.0,0.0,0.0,0.0,0.0,0.0,0.0,0.0,0.0,0.0,0.0,0.0,0.0,0.0,0.0,CORRECTABLE,0
100205,3,0.0,0.0,0.0,0.0,-0.1094814671385541,0.0,0.0172463206521036,0.0,0.0316997738274026,0.0204774961660121,1.3407612829718649e-17,1,0.0,0.0,0.0,1.5,0.11852149512911336,0.1880967459080548,1.382112466837994e-16,0.13234440859266494,0.10521991317041698,4.265129241946469e-18,-1.382112466837994e-16,-7.918921116223202e-18,0.0,0.1788906358897693,-0.11056049324895918,-0.11056049324895925,0.17889063588976928,6.91056233418997e-17,-0.17889063588976933,0.11056049324895939,0.1105604932489593,-0.17889063588976925,-1.382112466837994e-16,CORRECTABLE,0
100205,4,0.095266877933683,0.0,0.1628713115282391,0.0728782455804984,0.0,0.0,0.1979189266545794,0.0598437102586485,0.325755724721168,0.2107035701169497,4.163336342344337e-17,3,0.0,0.0,0.0,1.5,0.11915916880684016,0.21546711269269334,1.2480363385408077e-16,0.13391926797504267,0.11377981124736436,0.017246320652103676,-1.2480363385408077e-16,-7.150721487734867e-18,0.0,0.20463127260312336,-0.07932357442825651,-0.08973588070182413,0.18532579506810778,6.91056233418997e-17,-0.17245547671143083,0.13138510579609453,0.14179741206966198,-0.1531499991764152,-1.2480363385408077e-16,DIFFICULT,1
100205,5,0.0503825398203154,0.0230565340523782,0.0,0.0,-0.1139679341206519,0.0,0.0683356015327157,-0.1508236876966084,0.2515887673372393,0.1362585158633942,0.4024124550338478,3,0.0,0.0,0.0,1.5,0.1831335885780668,0.41381071433125644,1.1102230246251565e-16,0.220124968168816,0.2010957876896786,0.1112752090469483,-1.1102230246251565e-16,-6.361109362927034e-18,-0.008623160326051815,0.3156494457909252,-0.03505013778164236,-0.00943014007056027,0.4009137872440172,0.15424815120218738,-0.0954901452465043,0.2973643623576906,0.27174436464660834,-0.18075448669959623,-0.008623160326051926,DIFFICULT,1
100206,1,0.0008302282581888,-2.504958703361227e-05,0.4127456843880467,0.0,-0.15847191822631,0.0,0.285932944082495,0.0006116293731882,0.4135759126462356,0.3120160085328983,0.0004371977700013,4,0.0,0.0,0.0,1.5,0.0,0.0,0.0,0.0,0.0,0.0,0.0,0.0,0.0,0.0,0.0,0.0,0.0,0.0,0.0,0.0,0.0,0.0,0.0,DIFFICULT,1
100206,2,0.0,0.0,0.3143532481790962,0.1175299477008731,0.0,-0.1462869825808131,0.1545601079723424,-0.0476164603126679,0.3248040348345515,0.1864207533451609,4.7860749651656986e-17,2,0.0,0.0,0.0,1.5,0.285102715824306,0.4127456843880467,6.993104012531504e-17,0.3112553347212748,0.24048005353583332,0.285102715824306,6.993104012531504e-17,4.006753456140563e-18,0.0,0.16480441340519436,0.287820551374335,0.3640614231206332,0.401859218353547,0.4127456843880467,0.40185921835354704,0.3640614231206332,0.28782055137433504,0.16480441340519442,6.993104012531504e-17,DIFFICULT,1
100206,3,0.1140316438304026,0.0099137170409714,0.1706277717533386,0.1625000527016343,0.0,0.0,0.2215723161244601,0.0262256398109446,0.4404405022982571,0.2541933263968243,0.1730270052027357,4,0.0,0.0,0.0,1.5,0.27405055218937946,0.47740940446075686,0.31505497774758023,0.2953646532637988,0.34949094564569483,0.191742713823513,-0.31505497774758023,-0.018051319942268596,-0.07920091552364117,0.26233614653304127,0.2532465577620073,0.329736193269146,0.47740940446075686,0.3064297955978736,0.1908431636697529,0.34187894209267167,0.20237831103601694,-0.21326308090651092,-0.3942558932712214,DIFFICULT,1
100206,4,0.0,-0.0269506668069366,0.0,0.0,0.0,0.0,-4.946538228527925e-18,-0.2351889530400996,0.2351889530400996,0.1371375471375851,0.4703779060801992,1,0.0,0.0,0.0,1.5,0.32421995307298374,0.6902850054587196,0.15752749236035585,0.37307952566143615,0.3889176878337614,0.20341202920581414,-0.15752749236035585,-0.009025660394870723,-0.25383601512900983,0.31072741067070153,0.11489430862745187,0.24488497186595487,0.682608687217408,0.38118621043945583,0.11845447546345855,0.5110689837939113,0.34957282208333695,-0.34794329649946143,-0.4113635074893657,DIFFICULT,1
100206,5,0.0,0.0,0.0,0.0,-0.0387438276287325,0.0,0.006103210817675,0.0,0.0112180682734584,0.007246674733724,4.7447504492244084e-18,1,0.0,0.0,0.0,1.5,0.2623477521614245,0.5814902519125232,0.0787637263238068,0.3228991163733329,0.3090704307566597,0.10170601460290708,-0.0787637263238068,-0.004512829087745476,-0.39492391275019134,0.17751588965317494,-0.0104408357864198,0.12742620405573807,0.5730262960108461,0.2794801958365488,0.024624837464206455,0.42511572239831413,0.27149593729139465,-0.41814380468774887,-0.47368763907399813,DIFFICULT,1
100207,1,0.0,0.0,0.0,0.1435031011198162,0.0,0.0,3.524674025122471e-18,-0.1435031011198162,0.1435031011198162,0.1009684296090854,1.0544436807246112e-16,1,0.0,0.0,0.0,1.5,0.0,0.0,0.0,0.0,0.0,0.0,0.0,0.0,0.0,0.0,0.0,0.0,0.0,0.0,0.0,0.0,0.0,0.0,0.0,NOT_IMPROVED,1
100207,2,0.0,0.0,0.0,0.0,-0.0416849828576122,0.0,0.0065665230794724,0.0,0.0120696640547679,0.0077967906254558,5.104938082908712e-18,1,0.0,0.0,0.0,1.5,0.09042262809107224,0.1435031011198162,1.0544436807246112e-16,0.10096842960908547,0.0802745617241751,3.524674025122471e-18,-1.0544436807246112e-16,-6.041517263976029e-18,0.0,0.13647955942856357,-0.08434900649646344,-0.08434900649646349,0.13647955942856355,5.272218403623056e-17,-0.13647955942856357,0.0843490064964636,0.08434900649646351,-0.13647955942856352,-1.0544436807246112e-16,NOT_IMPROVED,1
100207,3,0.0,0.0,0.0,0.0,-0.2599374050965672,0.0,0.0409472393359303,0.0,0.0752634867453416,0.0486188882501158,3.1833151113018e-17,1,0.0,0.0,0.0,1.5,0.0904829029282085,0.15392434683421927,1.0033942998955241e-16,0.10126901659333937,0.0834490765880623,0.006566523079472492,-1.0033942998955241e-16,-5.749025857149755e-18,0.0,0.14628028669487117,-0.07245557412294829,-0.07642005158078671,0.13892974124514046,5.272218403623056e-17,-0.13402937761198666,0.09227796141214037,0.09624243886997867,-0.12667883216225592,-1.0033942998955241e-16,DIFFICULT,1
100207,4,-0.181397273873891,0.0,0.0,0.0,0.0,0.0,-0.1813972738738911,-0.181397273873891,-0.181397273873891,0.181397273873891,0.0,1,0.0,0.0,0.0,1.5,0.09690552104714827,0.21594507844865357,1.8214596497756474e-17,0.11435091687241289,0.10529027153598183,0.0442305008756666,-1.8214596497756474e-17,-1.0436195048552165e-18,-0.0032832615397362253,0.20411197444910958,-0.0015742867789015126,-0.030260280531334255,0.1509252170288979,-0.0032832615397361473,-0.12203390182822921,0.13843773246159286,0.1671237262140255,-0.06884714440801745,-0.0032832615397362435,DIFFICULT,1
100207,5,0.0,0.0,0.0,0.089116107378528,0.0,-0.1205359502882107,-0.03589676316796,-0.1879941784855168,0.0886765857765777,0.0836130888682621,6.548242308633545e-17,1,0.0,0.0,0.0,1.5,0.09412533323539395,0.19382982801082027,0.0,0.10774450929758425,0.0971609993036227,0.022115250437833304,0.0,0.0,-0.025398511977569538,0.18199672401127628,-0.023689537216734807,-0.052375530969167555,0.1288099665910646,-0.025398511977569455,-0.14414915226606248,0.11632248202375955,0.1450084757761922,-0.09096239484585075,-0.025398511977569538,DIFFICULT,1
100208,1,0.0,0.0,0.1754587192263298,0.0,0.0,0.0,0.1105854482629647,0.0,0.1754587192263298,0.1234523240491673,2.148749588830191e-17,1,0.0,0.0,0.0,1.5,0.0,0.0,0.0,0.0,0.0,0.0,0.0,0.0,0.0,0.0,0.0,0.0,0.0,0.0,0.0,0.0,0.0,0.0,0.0,NOT_IMPROVED,1
100208,2,-0.2361874060627331,0.0,0.0,0.1416398602773843,-0.0992504340089094,0.0,-0.2205527525043198,-0.37372263153121,-0.0697349372831214,0.2422298508824445,1.1102230246251563e-16,3,0.0,0.0,0.0,1.5,0.1105854482629647,0.1754587192263298,2.1487495888301894e-17,0.12345232404916731,0.09815848265170508,0.1105854482629647,2.1487495888301894e-17,1.2311428267044083e-18,0.0,0.05421972605219823,0.10313204754736247,0.14194908566536313,0.16687115826100268,0.1754587192263298,0.1668711582610027,0.14194908566536313,0.1031320475473625,0.05421972605219825,2.1487495888301894e-17,DIFFICULT,1
100208,3,-0.5936170363457,0.0602940198906088,0.3018715910562961,0.1456338551003433,0.0,0.0,-0.4033580092536715,-1.1197818137471276,0.0296882510622549,0.5100858265865518,1.052329554802855,4,0.0,0.0,0.0,1.5,0.10907822999811212,0.2598391440512109,8.326672684688674e-17,0.13312254355683392,0.12398746657048032,0.0709273776898956,-8.326672684688674e-17,-4.7708320221952755e-18,-0.055292724131482424,0.15696969056228294,-0.007096665989144296,0.022281094927926792,0.2521197403528681,0.12016599509484743,-0.01729528381501469,0.18878873694355292,0.15941097602648174,-0.11244533360559983,-0.05529272413148251,DIFFICULT,1
100208,4,0.0,0.0,0.0,0.2267636285514908,0.1619506752914496,0.0,-0.0255116536972081,-0.2672512973743532,0.2200745357021754,0.162400357195306,1.864564487327162e-16,2,0.0,0.0,0.0,1.5,0.2782542853031953,0.6621096750806921,1.3877787807814457e-17,0.3365027337967036,0.3157594614948366,0.22572271593697607,-1.3877787807814457e-17,-7.951386703658792e-19,-0.09075641297643045,0.35329548035910074,0.04927388221238238,0.14543522110404616,0.6422590221527621,0.3865738973061957,0.09583194421214791,0.4831457276446338,0.38698438875297,-0.19313159758151344,-0.09075641297643046,DIFFICULT,1
100208,5,0.0,-0.0148766339415407,0.1074510151460983,0.0481903593969678,0.0225851791614011,0.0,0.0641648062567412,-0.1421592319044941,0.1792988653718633,0.1161522782481613,0.2596462497286139,4,0.0,0.0,0.0,1.5,0.34606191396669783,0.7693228528143795,2.220446049250313e-16,0.401710252188249,0.37478645525314813,0.08734970427127993,-2.220446049250313e-16,-1.2722218725854067e-17,-0.20361777094491842,0.4180222615691934,-0.24308306589130033,-0.1315193024942033,0.7355434689233911,0.2737125393377078,-0.2422136622024813,0.472767837284174,0.36120407388707665,-0.5597348695566788,-0.20361777094491865,DIFFICULT,1
100209,1,0.0,-0.0302674917577849,0.2060406648559941,0.0,0.0,0.0,0.1298601710075642,-0.2641337183170821,0.2795878951651386,0.2115109141924459,0.5282674366341642,2,0.0,0.0,0.0,1.5,0.0,0.0,0.0,0.0,0.0,0.0,0.0,0.0,0.0,0.0,0.0,0.0,0.0,0.0,0.0,0.0,0.0,0.0,0.0,CORRECTABLE,0
100209,2,-0.878673204709874,0.0,0.0,0.0,-0.0950247243490382,0.0,-0.8637042158130842,-0.878673204709874,-0.8511593035117504,0.8637573727315442,0.0,2,0.0,0.0,0.0,1.5,0.12986017100756425,0.2060406648559941,0.0,0.14496970590727437,0.11526722134979493,0.12986017100756425,0.0,0.0,0.0,0.06367006697281516,0.12110766417488941,0.1666903994008122,0.19595631693307902,0.2060406648559941,0.19595631693307905,0.1666903994008122,0.12110766417488941,0.06367006697281516,0.0,CORRECTABLE,0
100209,3,0.0,0.0,0.0,0.1412782103780556,0.0,0.0,3.3004036739495454e-18,-0.1412782103780556,0.1412782103780556,0.0994030019458895,1.0380954487725131e-16,1,0.0,0.0,0.0,1.5,0.09039999674472152,0.14111057935221194,0.0,0.10115464149292286,0.07956863697837233,0.07989907440057194,0.0,0.0,-0.0649300855037821,0.021081634099241908,0.08328974366149833,0.1198350905572908,0.13661164458684916,0.14111057935221194,0.13661164458684916,0.1198350905572908,0.08328974366149833,0.021081634099241908,-0.0649300855037821,CORRECTABLE,0
100209,4,-0.3867668439527875,0.0,0.0,0.0,0.0,0.0,-0.3867668439527873,-0.3867668439527875,-0.3867668439527875,0.3867668439527875,0.0,1,0.0,0.0,0.0,1.5,0.10345225828606311,0.2393496066918597,8.326672684688674e-17,0.1237954834550323,0.11522010783888009,0.03994953720028607,-8.326672684688674e-17,-4.7708320221952755e-18,-0.104879622704068,0.1154956594895234,-0.039701042069282065,-0.0031556951734896324,0.23102566997713062,0.10116104215192609,-0.037701455204004135,0.16292680188749956,0.126381454991707,-0.15323146569161133,-0.10487962270406809,CORRECTABLE,0
100209,5,0.0,0.0,0.0,0.0,-0.1156196545719811,-0.2429476826786827,-0.0541388994673793,-0.2429476826786827,0.0293722260243831,0.1084345766173673,1.4162390878091902e-17,1,0.0,0.0,0.0,1.5,0.1006926010444706,0.21937483809171662,5.551115123125783e-17,0.11886272578894276,0.10790650431975046,0.019974768600142977,5.551115123125783e-17,3.180554681463517e-18,-0.12485439130421117,0.09552089088938032,-0.05967581066942512,-0.023130463773632703,0.21105090137698754,0.08118627355178304,-0.05767622380414722,0.14295203328735648,0.10640668639156392,-0.17320623429175436,-0.12485439130421111,CORRECTABLE,0
100210,1,0.0,0.0,0.1852754253815109,0.0,0.0,0.0,0.1167725722510076,0.0,0.1852754253815109,0.1303593343972915,2.2689695665413167e-17,1,0.0,0.0,0.0,1.5,0.0,0.0,0.0,0.0,0.0,0.0,0.0,0.0,0.0,0.0,0.0,0.0,0.0,0.0,0.0,0.0,0.0,0.0,0.0,NOT_IMPROVED,1
100210,2,0.0,0.0,0.0,0.0,0.0430127666409034,0.0,-0.0067756852827367,-0.0124541167545911,0.0,0.0080451403054727,5.267544698925447e-18,1,0.0,0.0,0.0,1.5,0.11677257225100761,0.1852754253815109,2.268969566541316e-17,0.13035933439729147,0.1036503327294847,0.11677257225100761,2.268969566541316e-17,1.3000238000644522e-18,0.0,0.05725325508293434,0.10890216265146667,0.1498909677736898,0.17620740061844242,0.1852754253815109,0.17620740061844245,0.1498909677736898,0.10890216265146668,0.057253255082934364,2.268969566541316e-17,DIFFICULT,1
100210,3,0.0,0.0076635291343063,0.0,0.0,0.0,0.0,-2.748076793626625e-19,-0.0668769082568897,0.0668769082568897,0.0389956034921906,0.1337538165137795,1,0.0,0.0,0.0,1.5,0.06723041468844428,0.1268891392560071,6.938893903907228e-18,0.07874875150277931,0.06611074133361333,0.05161060084276704,6.938893903907228e-18,3.975693351829396e-19,-0.05838628612550379,-0.011245938999297718,0.038243604926648675,0.0833231672486432,0.11529288750375656,0.1268891392560071,0.11529288750375659,0.0833231672486432,0.03824360492664869,-0.011245938999297718,-0.058386286125503783,CORRECTABLE,0
100210,4,0.0,-0.0175471099577602,0.3540116142698987,0.0,-0.1453453740065665,0.0,0.2460169118259492,-0.1531274262735772,0.379002917478773,0.2827181051676276,0.3062548525471547,3,0.0,0.0,0.0,1.5,0.057138910460854044,0.10108383883462359,1.3877787807814457e-17,0.06483537054519636,0.05395036184316293,0.02580530042138355,1.3877787807814457e-17,7.951386703658792e-19,-0.0841915865468873,-0.03705123942068121,0.012438304505265174,0.057517866827259706,0.08948758708237306,0.10108383883462359,0.08948758708237309,0.0575178668272597,0.012438304505265174,-0.03705123942068122,-0.08419158654688728,DIFFICULT,1
100210,5,0.0,0.0,0.0,0.0908726974322878,0.0,0.0,2.670932470448497e-18,-0.0908726974322878,0.0908726974322878,0.0639378067963764,6.677217482420231e-17,1,0.0,0.0,0.0,1.5,0.270258330866339,0.44219280289383056,8.326672684688674e-17,0.3073719694000261,0.2444725370680535,0.25891956203664107,8.326672684688674e-17,4.7708320221952755e-18,-0.097094236757579,0.0936144623161318,0.24908795982136195,0.358662961779485,0.4218131762002343,0.44219280289383056,0.4218131762002343,0.3586629617794849,0.249087959821362,0.09361446231613188,-0.09709423675757892,DIFFICULT,1
100211,1,0.0,0.0,0.0533388111192263,0.0,0.0,-0.2167708859083904,-0.0309388776710907,-0.1634320747891641,0.0223881952985213,0.069924189009191,6.532318089225164e-18,1,0.0,0.0,0.0,1.5,0.0,0.0,0.0,0.0,0.0,0.0,0.0,0.0,0.0,0.0,0.0,0.0,0.0,0.0,0.0,0.0,0.0,0.0,0.0,NOT_IMPROVED,1
100211,2,0.0,0.0,0.0,0.0,0.329956244773006,0.0,-0.0519771185685484,-0.095537067648229,0.0,0.0617152648195706,4.040798590199425e-17,1,0.0,0.0,0.0,1.5,0.046696498690784224,0.16343207478916408,6.532318089225164e-18,0.06992418900919106,0.07003099094490359,-0.03093887767109076,6.532318089225164e-18,3.7427425694956423e-19,-3.681998225567192e-05,0.01564458016211173,0.021827518525050833,-0.010900294544658906,-0.10245254933047904,-0.16343207478916408,-0.10245254933047904,-0.010900294544658864,0.021827518525050844,0.015644580162111732,-3.681998225566539e-05,DIFFICULT,1
100211,3,0.0,0.0,0.0,0.0,-0.1099572640961632,0.0403331184572892,0.029332861548928,6.850849456512841e-06,0.0403331184572892,0.0307479453637534,1.3466129795448868e-17,1,0.0,0.0,0.0,1.5,0.06833264314514441,0.14796263595361878,3.8163916471489756e-17,0.07832252157641165,0.07272083588727013,-0.0674465574040939,-3.8163916471489756e-17,-2.1866313435061677e-18,0.01543261885328963,-0.04646334683409431,-0.05684515364449769,-0.058192263045842824,-0.10637745195287157,-0.14796263595361878,-0.10637745195287156,-0.058192263045842796,-0.05684515364449769,-0.04646334683409434,0.015432618853289592,DIFFICULT,1
100211,4,0.0,0.0110860951494365,0.1448412101522001,0.0996209678313672,0.1464348686488831,0.0,0.0682208206669346,-0.0967444319808247,0.2199355108421464,0.1158856989675089,0.1934888639616495,4,0.0,0.0,0.0,1.5,0.034375086396752234,0.11423935725157186,6.938893903907228e-18,0.048892418985919034,0.04947357499308913,-0.016402007036674233,-6.938893903907228e-18,-3.975693351829396e-19,0.049155897555336524,0.013112435155213941,0.00825079681734215,-0.0035538698372672983,-0.06619104742900933,-0.11423935725157186,-0.06619104742900932,-0.0035538698372672498,0.00825079681734217,0.013112435155213941,0.04915589755533652,DIFFICULT,1
100211,5,0.0,0.0163940746876057,0.0,0.0,0.0,0.007452968802842,0.0022195656596568,-0.1430640285260645,0.1430665603990872,0.0834907671110387,0.2861305889251518,1,0.0,0.0,0.0,1.5,0.0774856281540972,0.1826098103099446,7.632783294297951e-17,0.09477386846615586,0.08750601838582815,0.060019817148597436,-7.632783294297951e-17,-4.373262687012335e-18,0.05735690107367352,0.12638810222678604,0.0012512410645531546,0.035416831261383175,0.1659000778269851,0.038802856418965276,-0.0235902634043182,0.1525283026821444,0.11836271248531426,-0.06310223900451727,0.057356901073673444,CORRECTABLE,0
100212,1,0.0,0.0,0.21656599548026,0.0,0.0,0.0,0.1364939160293715,0.0,0.21656599548026,0.1523753026919825,2.6521685316906065e-17,1,0.0,0.0,0.0,1.5,0.0,0.0,0.0,0.0,0.0,0.0,0.0,0.0,0.0,0.0,0.0,0.0,0.0,0.0,0.0,0.0,0.0,0.0,0.0,NOT_IMPROVED,1
100212,2,0.0,0.0,0.0,0.0,-0.3596746973782057,0.0,0.0566585863667921,0.0,0.1041418868081054,0.0672738266034808,4.404744668785125e-17,1,0.0,0.0,0.0,1.5,0.13649391602937155,0.21656599548026,2.652168531690606e-17,0.15237530269198243,0.12115550372208772,0.13649391602937155,2.652168531690606e-17,1.5195806342328024e-18,0.0,0.0669225730071284,0.12729429829133523,0.1752055707472584,0.20596650120944804,0.21656599548026,0.20596650120944807,0.1752055707472584,0.12729429829133526,0.06692257300712841,2.652168531690606e-17,DIFFICULT,1
100212,3,0.3349582969999762,0.0,0.0,0.0,0.0,0.0,0.3349582969999762,0.3349582969999762,0.3349582969999762,0.3349582969999762,0.0,1,0.0,0.0,0.0,1.5,0.13155211297675534,0.17634686075952474,6.938893903907228e-17,0.14117096544626972,0.10648678866551103,0.12490554438147801,6.938893903907228e-17,3.975693351829396e-18,-0.0682469580146857,0.08324020808910973,0.1616686296830585,0.17537280567017868,0.1588606914689291,0.14831903746557432,0.15886069146892912,0.1753728056701787,0.16166862968305856,0.08324020808910979,-0.06824695801468562,CORRECTABLE,0
100212,4,0.0,0.0,0.0,0.1788596807632576,-0.2816142355743914,0.0,0.0443619320589345,-0.1676532466264944,0.2492632396568555,0.1364239829157848,9.693616410689383e-17,2,0.0,0.0,0.0,1.5,0.08543842344641807,0.13069973020542458,5.551115123125783e-17,0.09070939985528989,0.07391238608108179,0.062452772190739116,5.551115123125783e-17,3.180554681463517e-18,-0.13069973020542458,0.020787435898370843,0.09921585749231959,0.1129200334794398,0.09640791927819015,0.08586626527483543,0.0964079192781902,0.1129200334794398,0.09921585749231965,0.020787435898370843,-0.13069973020542452,CORRECTABLE,0
100212,5,0.0820845218823221,0.0,0.1124531365568965,0.0822738160732307,0.3164921712556808,0.0,0.1031036121240294,-0.0376969597931332,0.2620855487586904,0.1302180271990291,8.326672684688674e-17,4,0.0,0.0,0.0,1.5,0.13929324280436808,0.33039108167911985,5.551115123125783e-17,0.16586621665282503,0.15749191901032888,0.07558831815430428,-5.551115123125783e-17,-3.180554681463517e-18,-0.16192611630079395,0.22587819249786675,0.04320770496191866,0.030128775566588495,0.2518400675258124,0.0546398791794661,-0.08837126225892172,0.24039094073135384,0.2534698701266839,-0.11433313728686732,-0.161926116300794,CORRECTABLE,0
100213,1,0.0,0.0177971934055013,0.2783687176134207,0.0,0.2902686559209417,0.0207051620778985,0.1358869505622963,-0.1553062993550914,0.3052972513828403,0.1953034111502941,0.3106196325302193,3,0.0,0.0,0.0,1.5,0.0,0.0,0.0,0.0,0.0,0.0,0.0,0.0,0.0,0.0,0.0,0.0,0.0,0.0,0.0,0.0,0.0,0.0,0.0,DIFFICULT,1
100213,2,-0.381635412293031,0.007272159384664,0.2476306455184859,0.1225608917690417,0.0,0.0,-0.2255625419389214,-0.445096975129905,-0.029619343072804,0.2530865639458619,0.126923125673748,4,0.0,0.0,0.0,1.5,0.12972816148895627,0.2783687176134207,0.0,0.16400659001886292,0.13882972273259936,0.12972075452130286,0.0,0.0,0.0,0.017774410383672626,0.08080245790578248,0.1699926439136486,0.24768281930366043,0.2783687176134207,0.24768281930366048,0.1699926439136486,0.08080245790578251,0.01777441038367264,0.0,DIFFICULT,1
100213,3,0.5154400946948198,0.0142180857893681,0.0,0.1725297701375101,0.0,0.0,0.5154400946948198,0.2808722206950091,0.7500079686946304,0.5302492718926012,0.2481524154492017,3,0.0,0.0,0.0,1.5,0.18171106588297464,0.4450969751299044,0.1269231256737468,0.21764610890369812,0.24788396089635756,-0.09584178741761859,0.1269231256737468,0.007272159384664,-0.4450969751299044,-0.2215458396257144,-0.26539573532759797,-0.10872947765129493,0.20542816825787819,0.14436395083887565,-0.00231187612715672,0.08611874199751729,-0.04516289054403648,-0.3531320086065012,-0.3181738494561576,DIFFICULT,1
100213,4,-0.296516853247718,0.0,0.0,0.0,0.0,0.0,-0.296516853247718,-0.296516853247718,-0.296516853247718,0.296516853247718,0.0,1,0.0,0.0,0.0,1.5,0.22733919658436644,0.5306465532005714,0.06346155818511579,0.27348384037348467,0.2737825764283645,-0.04792089370880923,0.06346155818511579,0.00363607944044976,-0.36544529767677963,0.015845243222731342,-0.2998468258404381,-0.14952672491299818,0.4237807808597347,0.19228484454768513,-0.12482270131139445,0.2227577766768395,0.08512998738642241,-0.4946813040373282,-0.30198373949166385,DIFFICULT,1
100213,5,0.0,0.0,0.3038680695601174,0.1054646017857733,0.0,-0.0026740020008496,0.1907209936781767,-0.0384912455625574,0.3974368134482844,0.2253172114970832,4.028102238359268e-17,2,0.0,0.0,0.0,1.5,0.2240617335681674,0.5203303413422284,0.03173077912450717,0.2716525352742799,0.2600021097378989,-0.02396044685440461,0.03173077912450717,0.0018180397238859182,-0.3256194612920707,0.052498001701379415,-0.26636714526785094,-0.11922012224647183,0.4509143056202002,0.21624529140208976,-0.10403533236305068,0.2403720677191224,0.09957120052264445,-0.483413168807167,-0.29388868216756353,DIFFICULT,1
100214,1,0.6564615477234357,0.0434852371125087,0.0,0.0912231937728965,0.0,0.0,0.6564615477234358,0.2769811930486763,1.035941902398195,0.690486391588607,0.7589607093495188,3,0.0,0.0,0.0,1.5,0.0,0.0,0.0,0.0,0.0,0.0,0.0,0.0,0.0,0.0,0.0,0.0,0.0,0.0,0.0,0.0,0.0,0.0,0.0,CORRECTABLE,0
100214,2,0.0,0.0423520827119347,0.0,0.0,0.0,0.0,1.4289999326858448e-17,-0.3695917115140944,0.3695917115140944,0.2155071490572226,0.7391834230281888,1,0.0,0.0,0.0,1.5,0.0574805760951419,0.0912231937728965,0.0,0.06418441516106561,0.051029572476518084,1.648846076175975e-18,0.0,0.0,0.0,0.08675841287496872,-0.053619647966727135,-0.053619647966727135,0.08675841287496866,0.0,-0.08675841287496866,0.053619647966727246,0.053619647966727135,-0.08675841287496866,0.0,HIGHLY_CORRECTABLE,0
100214,3,0.2681610624810615,0.0500376105695074,0.4421302718671315,0.1001252489274841,0.0,0.0,0.5468201939317153,-0.1684995756654391,0.8992499438868966,0.6154397476814589,0.8733212762930013,4,0.0,0.0,0.0,1.5,0.0574805760951419,0.09122319377289653,0.0,0.06418441516106561,0.05102957247651809,8.244230380879875e-19,0.0,0.0,0.0,0.08675841287496872,-0.05361964796672716,-0.053619647966727135,0.08675841287496866,-8.244230380879876e-19,-0.08675841287496866,0.053619647966727246,0.053619647966727135,-0.08675841287496866,0.0,DIFFICULT,1
100214,4,0.0,-0.0111499994100242,0.0,0.1369170639774041,0.0,0.0,-1.2366345571319812e-18,-0.2183806550052937,0.2183806550052937,0.1236533686635411,0.1946042037569542,2,0.0,0.0,0.0,1.5,0.16775295245894234,0.5244175893621462,0.19680371379194483,0.2234659905117125,0.2890388757350813,-0.06386067029202117,-0.19680371379194483,-0.011276022047199189,-0.24914928146735993,0.04984177688503186,-0.14036431977209865,-0.05875907732940677,0.2865456853130078,0.11148037778852748,-0.11678142407163472,0.08746302249064564,-0.03350296271043529,-0.47156756077477746,-0.44595299525930476,DIFFICULT,1
100214,5,0.0,0.0,0.0,0.0496327051394714,0.0,0.0,1.219059799016034e-18,-0.0496327051394714,0.0496327051394714,0.0349214494744546,3.6469520089246833e-17,1,0.0,0.0,0.0,1.5,0.23589447588849388,0.5794136553096169,0.0984018522378956,0.2811904383480981,0.3022320388656117,-0.03193033514601067,-0.0984018522378956,-0.005638010811303895,-0.2664198770983741,0.17262723329713328,-0.21843237408540608,-0.12698694548730932,0.43885170019132397,0.14341071293453805,-0.2052267686579299,0.21955156094056932,0.10842576189489325,-0.5304923468948577,-0.3648217293362697,DIFFICULT,1
100215,1,0.4678238513086846,0.0,0.0,0.147154746605868,0.0,0.0,0.4678238513086847,0.3206691047028166,0.6149785979145527,0.4791442527947914,1.1102230246251563e-16,2,0.0,0.0,0.0,1.5,0.0,0.0,0.0,0.0,0.0,0.0,0.0,0.0,0.0,0.0,0.0,0.0,0.0,0.0,0.0,0.0,0.0,0.0,0.0,CORRECTABLE,0
100215,2,0.0,0.0,0.0,0.0877509878153805,0.0,0.0,1.972273153845546e-18,-0.0877509878153805,0.0877509878153805,0.0617413795745595,6.44783798100745e-17,1,0.0,0.0,0.0,1.5,0.09272356360486311,0.14715474660586797,1.1102230246251565e-16,0.10353771840729697,0.08231726490394906,1.09923071745065e-18,-1.1102230246251565e-16,-6.361109362927034e-18,0.0,0.13995248066327287,-0.08649538985976507,-0.08649538985976513,0.13995248066327287,5.551115123125783e-17,-0.13995248066327293,0.08649538985976518,0.08649538985976518,-0.13995248066327287,-1.1102230246251565e-16,CORRECTABLE,0
100215,3,0.0,0.0,0.0,0.0,0.1557408002197334,-0.0394211867660503,-0.0362734366733614,-0.046290718117957,-6.695951770187984e-06,0.0377468637230767,1.9072640873325078e-17,1,0.0,0.0,0.0,1.5,0.14801627068879855,0.23490573442124846,1.7550068227259013e-16,0.16527909798185642,0.1314045113311998,3.689821149862187e-18,-1.7550068227259013e-16,-1.0055448395885839e-17,0.0,0.22340862943642714,-0.1380741263717422,-0.13807412637174232,0.22340862943642711,8.775034113629506e-17,-0.2234086294364272,0.13807412637174243,0.13807412637174238,-0.2234086294364271,-1.7550068227259013e-16,CORRECTABLE,0
100215,4,0.112355927685707,0.0,0.0,0.0,0.0,0.0,0.1123559276857071,0.112355927685707,0.112355927685707,0.112355927685707,0.0,1,0.0,0.0,0.0,1.5,0.1499487508409552,0.2783413265390647,1.9457363237967984e-16,0.16953467477370116,0.14544049069137613,-0.036273436673361414,-1.9457363237967984e-16,-1.1148247939885671e-17,-6.6959517701879686e-06,0.1866393720568313,-0.18424166330863787,-0.1775275469448791,0.1863975011421515,-0.039421186766050206,-0.2604197577307028,0.09862070579860564,0.09190658943484672,-0.26017788681602294,-6.695951770382542e-06,CORRECTABLE,0
100215,5,0.0,0.0280277028344641,0.0,0.0,-0.1882529185886417,0.0,0.0296549752440316,-0.2445878676253508,0.2465564728731642,0.146900336122012,0.4891757352507017,2,0.0,0.0,0.0,1.5,0.14893880565190187,0.2602046082023839,8.326672684688674e-17,0.16659887242881433,0.13940291139916716,-0.0181367183366806,-8.326672684688674e-17,-4.7708320221952755e-18,0.018130022384910557,0.20477609039351208,-0.1661049449719571,-0.1593908286081983,0.20453421947883227,-0.021284468429369402,-0.24228303939402196,0.11675742413528646,0.11004330777152754,-0.2420411684793421,0.018130022384910474,CORRECTABLE,0
100216,1,-0.1968507760321284,0.0,0.2925682251192542,0.0,0.0,0.0,-0.0124553326767115,-0.1968507760321284,0.0957174490871257,0.0923460641218272,2.775557561562892e-17,2,0.0,0.0,0.0,1.5,0.0,0.0,0.0,0.0,0.0,0.0,0.0,0.0,0.0,0.0,0.0,0.0,0.0,0.0,0.0,0.0,0.0,0.0,0.0,NOT_IMPROVED,1
100216,2,-0.0380169034108529,0.0,0.1648796333589466,0.120415739336449,0.1620750316015447,0.0,0.0403696765828792,-0.1499848339970239,0.2356144400985774,0.1107910250571212,9.020562075079396e-17,4,0.0,0.0,0.0,1.5,0.07866233109039315,0.1968507760321284,2.7755575615628914e-17,0.09234606412182726,0.09188853854893919,-0.012455332676711487,2.7755575615628914e-17,1.5902773407317584e-18,-0.1968507760321284,-0.10644222245616347,-0.024883488017646505,0.03984189010346362,0.08139814092844574,0.09571744908712579,0.08139814092844574,0.03984189010346362,-0.02488348801764645,-0.10644222245616344,-0.19685077603212836,NOT_IMPROVED,1
100216,3,0.0,0.0,0.3053396465376588,0.1561669888018981,0.0,0.0,0.1924448202614896,-0.0846529354550826,0.4516056689837974,0.2413046512655186,7.735631970272228e-17,2,0.0,0.0,0.0,1.5,0.15403042275424705,0.3676100071147279,8.326672684688674e-17,0.18606587845867484,0.17509871680656,0.07215891365537633,-8.326672684688674e-17,-4.7708320221952755e-18,-0.19062310969377266,0.027152100840755908,-0.03876335499338886,0.07785288314297983,0.3494312992035894,0.26682474878442813,0.12038695208273245,0.2194100745946987,0.10279383645832997,-0.20189224628010102,-0.19062310969377275,NOT_IMPROVED,1
100216,4,0.0,0.0,0.4625291617292553,0.0,0.0,0.2254091250645248,0.3586448343775623,3.8287244850075566e-05,0.6879382867937802,0.41766928718977,5.664278724878957e-17,1,0.0,0.0,0.0,1.5,0.32189710093178736,0.781911102303567,1.3877787807814457e-16,0.3870074492846048,0.36984320589906683,0.2285242770891778,-1.3877787807814457e-16,-7.951386703658792e-18,-0.22670256652146079,0.23395141617988144,0.012838676441275891,0.19700573650801778,0.7522707352290381,0.5360849384943989,0.22617912344770624,0.5221482337850958,0.33798117371835384,-0.29214019560145044,-0.22670256652146092,DIFFICULT,1
100216,5,0.0,-0.0195438933226755,0.0,0.0,0.0,0.0,-2.748076793626625e-18,-0.1705526501843722,0.1705526501843722,0.0994484298763453,0.3411053003687445,1,0.0,0.0,0.0,1.5,0.4850480578204454,1.0651087260291536,0.1191895315246651,0.5719637714086542,0.5580002717531447,0.3898422941882593,0.1191895315246651,0.006829057086166596,-0.4009420072899322,0.21436716243335777,0.13201791691317702,0.41969610367090565,1.0286815072562923,0.8317233815277146,0.5264278017798936,0.7925144135578498,0.5286741331050542,-0.2163728241282419,-0.2817524757652671,DIFFICULT,1
100217,1,0.0,-0.0306489661803493,0.0,0.0,0.0,0.0,-5.4961535872532505e-18,-0.2674627116007964,0.2674627116007964,0.1559562205009126,0.5349254232015929,1,0.0,0.0,0.0,1.5,0.0,0.0,0.0,0.0,0.0,0.0,0.0,0.0,0.0,0.0,0.0,0.0,0.0,0.0,0.0,0.0,0.0,0.0,0.0,HIGHLY_CORRECTABLE,0
100217,2,0.0,0.0,0.0,0.0,-0.1903804141944721,0.0,0.0299901138968381,0.0,0.0551236316873101,0.0356088962236626,2.331487648636077e-17,1,0.0,0.0,0.0,1.5,0.0,0.0,0.0,0.0,0.0,0.0,0.0,0.0,0.0,0.0,0.0,0.0,0.0,0.0,0.0,0.0,0.0,0.0,0.0,HIGHLY_CORRECTABLE,0
100217,3,0.0,0.0486918852460822,0.0,0.0,0.0,0.0,3.847307511077276e-18,-0.4249169605678303,0.4249169605678303,0.2477670356374895,0.8498339211356606,1,0.0,0.0,0.0,1.5,0.02999011389683809,0.05512363168731014,2.331487648636076e-17,0.0356088962236626,0.029095013297610734,0.02999011389683809,2.331487648636076e-17,1.3358440225372738e-18,0.0,0.04476111991553733,0.054318760048386906,0.03621250669892461,0.01119027997888433,0.0,0.011190279978884327,0.03621250669892462,0.05431876004838693,0.04476111991553735,2.331487648636076e-17,HIGHLY_CORRECTABLE,0
100217,4,0.4338808665845166,0.0,0.0586472064995287,0.1199770476270334,0.0247284521890135,0.0,0.4669487278753053,0.3237220638890267,0.6094728217611323,0.4749095568180312,1.1102230246251563e-16,4,0.0,0.0,0.0,1.5,0.020645693305348923,0.04012857473889114,0.0,0.024360588901103836,0.0206683393033824,0.01499505694841909,0.0,0.0,-0.014995056948419017,0.029766062967118312,0.03932370309996791,0.02121744975050563,-0.0038047769695346706,-0.014995056948419,-0.0038047769695346706,0.02121744975050563,0.03932370309996791,0.029766062967118312,-0.014995056948419017,CORRECTABLE,0
100217,5,0.0,0.0,0.4056352892496347,0.1588775834646781,-0.0816500831602606,0.0,0.2685197475366789,-0.0545230056576947,0.5546024037768336,0.31637241378357,5.706610726846025e-17,3,0.0,0.0,0.0,1.5,0.08175719787995614,0.18036729011923402,1.1102230246251565e-16,0.09586732690633563,0.08822407909039064,0.04056538976499825,-1.1102230246251565e-16,-6.361109362927034e-18,-0.022492585422628553,0.14868246312193556,-0.011278048192105594,-0.014057862320181136,0.15712595346081204,0.036154621076900206,-0.07108395244227628,0.12698361609734288,0.12976343022541825,-0.07952744278115276,-0.022492585422628664,DIFFICULT,1
100218,1,0.0,0.0,0.0,0.183355262728859,0.0,0.0,3.062989588964664e-18,-0.183355262728859,0.183355262728859,0.1290083126694028,1.3472726136463154e-16,1,0.0,0.0,0.0,1.5,0.0,0.0,0.0,0.0,0.0,0.0,0.0,0.0,0.0,0.0,0.0,0.0,0.0,0.0,0.0,0.0,0.0,0.0,0.0,NOT_IMPROVED,1
100218,2,0.0,0.0,0.0,0.0,0.1335725407115688,0.0,-0.0210413225876168,-0.0386752154567828,0.0,0.0249835087325243,1.6357918443640236e-17,1,0.0,0.0,0.0,1.5,0.11553384282914994,0.183355262728859,1.347272613646315e-16,0.12900831266940277,0.102567562934343,3.406499188167993e-18,-1.347272613646315e-16,-7.719303461549341e-18,0.0,0.17438121741529125,-0.10777351936223506,-0.10777351936223512,0.17438121741529125,6.736363068231575e-17,-0.17438121741529128,0.10777351936223527,0.10777351936223516,-0.17438121741529122,-1.347272613646315e-16,NOT_IMPROVED,1
100218,3,-0.0053438964221451,0.0,0.0,0.0,0.0,0.0,-0.0053438964221451,-0.0053438964221451,-0.0053438964221451,0.0053438964221451,0.0,1,0.0,0.0,0.0,1.5,0.11654104424257218,0.21674839790675118,1.5108517980827173e-16,0.13140517663469162,0.11312735030826622,-0.02104132258761681,-1.5108517980827173e-16,-8.656543149989134e-18,0.0,0.1429764295986928,-0.14588402993478622,-0.13318052641060257,0.16653002046114165,6.736363068231575e-17,-0.18223241436944088,0.08236651231386782,0.06966300878968398,-0.20578600523188967,-1.5108517980827173e-16,DIFFICULT,1
100218,4,0.8850469574730807,0.0,0.0,0.0,0.218123726033438,0.0,0.8506865143832608,0.8218903980811635,0.8850469574730807,0.8509708482933825,0.0,2,0.0,0.0,0.0,1.5,0.11627082750811593,0.2062277366129428,7.28583859910259e-17,0.13013557355395716,0.10976312659171336,-0.010520661293808421,-7.28583859910259e-17,-4.174478019420866e-18,0.01052066129380836,0.15349709089250116,-0.13536336864097787,-0.12265986511679419,0.17705068175495003,0.010520661293808468,-0.17171175307563247,0.09288717360767623,0.0801836700834924,-0.19526534393808126,0.010520661293808287,CORRECTABLE,0
100218,5,0.0,0.0,0.0,0.0,-0.0029690215519804,0.0,0.0004677019686232,0.0,0.0008596643262677,0.0005553280298166,3.6360027402324264e-19,1,0.0,0.0,0.0,1.5,0.12086546523480739,0.25558713636184327,1.1102230246251565e-16,0.1395378269352143,0.12688956317251665,-0.03962077373672415,-1.1102230246251565e-16,-6.361109362927034e-18,0.015780991940712585,0.10747345780439,-0.19233743529487768,-0.15888913267042593,0.16949002146810033,0.015780991940712696,-0.17927241336248212,0.056657906054044416,0.02320960342959255,-0.24128897702619245,0.015780991940712474,CORRECTABLE,0
100219,1,0.0,0.0,0.0,0.0,0.023176702166967,0.0,-0.0036509634705932,-0.0067106902744382,0.0,0.0043349878492607,2.8383274123567682e-18,1,0.0,0.0,0.0,1.5,0.0,0.0,0.0,0.0,0.0,0.0,0.0,0.0,0.0,0.0,0.0,0.0,0.0,0.0,0.0,0.0,0.0,0.0,0.0,NOT_IMPROVED,1
100219,2,0.0,0.0,0.0,0.116991200166981,0.0,0.0,2.0000035418258377e-18,-0.116991200166981,0.116991200166981,0.0823147211925379,8.59637392877404e-17,1,0.0,0.0,0.0,1.5,0.0036509634705932724,0.00671069027443826,2.838327412356766e-18,0.0043349878492607435,0.003541994908435535,-0.0036509634705932724,-2.838327412356766e-18,-1.6262418160433075e-19,0.0,-0.005449169492207283,-0.006612706086637791,-0.004408470724425195,-0.0013622923730518205,0.0,-0.00136229237305182,-0.0044084707244251954,-0.006612706086637793,-0.005449169492207286,-2.838327412356766e-18,NOT_IMPROVED,1
100219,3,0.0,0.008072063755992,0.0,0.0,0.0,0.0,2.748076793626625e-19,-0.0704420454525328,0.0704420454525328,0.0410744178408225,0.1408840909050657,1,0.0,0.0,0.0,1.5,0.07371723468048677,0.12278537570872275,8.880206670009711e-17,0.08242879014433302,0.06719366213119618,-0.003650963470593271,-8.880206670009711e-17,-5.087983633954794e-18,0.0,0.10581607377579066,-0.07537840819278593,-0.07317417283057338,0.1099029508949461,4.298186964387017e-17,-0.11262753564104978,0.06435723138172307,0.06215299601951041,-0.11671441276020522,-8.880206670009711e-17,DIFFICULT,1
100219,4,-0.2271345453311795,0.0,0.0,0.0,0.0,0.0,-0.2271345453311795,-0.2271345453311795,-0.2271345453311795,0.2271345453311795,0.0,1,0.0,0.0,0.0,1.5,0.0737714569102479,0.12095989397342657,1.6375789613221059e-15,0.082368126687213,0.06665621793382413,-0.0018254817352966707,1.6375789613221059e-15,9.382636310317374e-17,0.0018254817352957448,0.10764155551108658,-0.07355292645748986,-0.07134869109527714,0.11172843263024253,0.001825481735296643,-0.11080205390575301,0.06618271311702001,0.06397847775480753,-0.11488893102490794,0.0018254817352973823,CORRECTABLE,0
100219,5,-0.0858970806115102,0.0,0.1841668616224007,0.0,0.0,0.0707836457014498,0.051256852192246,-0.0858850575366964,0.1690534267123404,0.0943084335045058,2.775557561562892e-17,2,0.0,0.0,0.0,1.5,0.07379856802512856,0.12004715310577824,1.6653345369377348e-15,0.08235295384068711,0.06638901172334125,-0.0009127408676483606,1.6653345369377348e-15,9.54166404439055e-17,0.0027382226029440404,0.10855429637873489,-0.07264018558984153,-0.07043595022762883,0.11264117349789084,0.0027382226029449563,-0.10988931303810473,0.06709545398466832,0.06489121862245584,-0.11397619015725963,0.0027382226029457057,DIFFICULT,1
100220,1,0.0,-0.0488040792127342,0.2452507485426401,0.1338234797832589,0.0994709135131872,-0.2643791769861646,0.0601688630415876,-0.4672720907408384,0.5315985350164072,0.2967543512104577,0.8517920766720859,4,0.0,0.0,0.0,1.5,0.0,0.0,0.0,0.0,0.0,0.0,0.0,0.0,0.0,0.0,0.0,0.0,0.0,0.0,0.0,0.0,0.0,0.0,0.0,CORRECTABLE,0
100220,2,0.0,0.0037861687695606,0.0659539243554679,0.0,0.0,0.1753522259843799,0.0937900108868444,-0.0330107708342676,0.2413266111048922,0.1241610378264884,0.066081111161202,2,0.0,0.0,0.0,1.5,0.15524706726668974,0.3672715167634676,5.551115123125783e-17,0.18611104579697835,0.17536667978874507,0.1389035200474052,-5.551115123125783e-17,-3.180554681463517e-18,0.0,0.17967332726596924,0.03711456713642958,0.10083206353140352,0.35467426140939196,0.24525074854264015,0.10012687644706972,0.2581509991855227,0.1944335027905487,-0.07487405769635308,-5.551115123125783e-17,CORRECTABLE,0
100220,3,0.0,0.0094448838983388,0.0,0.1549662738695903,0.0634793992936237,0.0,-0.0099997388017759,-0.212047204439934,0.1803075047931221,0.1079975375923204,0.1648443229877508,3,0.0,0.0,0.0,1.5,0.14679856153910745,0.3617016172808225,1.7069679003611782e-15,0.17717557183085603,0.17026761082906508,0.11102019459173856,1.7069679003611782e-15,9.780205645500314e-17,-0.06945176002370347,0.13060245071382526,0.006429551179683843,0.08473814915699385,0.3479484109191946,0.24175291287440548,0.09340102595687266,0.24205708481111374,0.16374848683380405,-0.12394493424849562,-0.06945176002370176,CORRECTABLE,0
100220,4,0.0,0.0,0.0,0.2725075038057308,0.0,0.0,5.437279962914719e-18,-0.2725075038057308,0.2725075038057308,0.1917356105982929,2.0023526536759406e-16,1,0.0,0.0,0.0,1.5,0.19792659945733218,0.4584054886045822,1.5959455978986625e-15,0.23265215586448465,0.22016484200502323,0.04551035849409341,1.5959455978986625e-15,9.144094709207611e-17,-0.12496185731957267,0.20754913609593842,-0.15827918540405778,-0.07393333779187758,0.4360887727200609,0.18624281557853634,-0.11322198138156754,0.2655593786287657,0.18121353101658566,-0.34176161800568894,-0.12496185731957107,DIFFICULT,1
100220,5,-0.3896389844594073,0.0111576957744067,0.1113603551544281,0.0,0.0,0.0,-0.3194524765002897,-0.4870082497898831,-0.2605346771412829,0.326322500862312,0.1947385306609517,3,0.0,0.0,0.0,1.5,0.36199017730444333,0.7076200818529239,1.4710455076283324e-15,0.408967441754447,0.3617798219226553,0.02275517924704682,1.4710455076283324e-15,8.428469905878319e-17,-0.1477170365666193,0.4439639940826584,-0.3412102565271479,-0.2568644089149678,0.6725036307067809,0.16348763633148986,-0.39514719786238084,0.40298009125776296,0.31863424364558274,-0.6236868344865021,-0.14771703656661783,DIFFICULT,1
100221,1,0.4705083813210929,0.0,0.3249511819807867,0.0965225549469943,-0.0393715593672389,0.0,0.6815157570478773,0.4487284747686235,0.8831001055802379,0.6922150048417789,0.0,4,0.0,0.0,0.0,1.5,0.0,0.0,0.0,0.0,0.0,0.0,0.0,0.0,0.0,0.0,0.0,0.0,0.0,0.0,0.0,0.0,0.0,0.0,0.0,CORRECTABLE,0
100221,2,0.0,0.0,0.1797781985383978,0.0,0.0079521197388912,0.0,0.1120551878671017,0.0,0.1797781985383978,0.1254884422298667,2.104262574118566e-17,2,0.0,0.0,0.0,1.5,0.21343789453591952,0.41259172425914475,0.0,0.2433557035178488,0.21214445599030415,0.2110073757267843,0.0,0.0,0.0,0.2014706512084135,0.1455003515997551,0.21364540987183228,0.40315954614801747,0.3249511819807867,0.21956273644442575,0.3271144784946987,0.25896942022262154,0.017873841504821686,0.0,DIFFICULT,1
100221,3,0.0,0.0442568989225678,0.0,0.0,0.0,0.0,5.4961535872532505e-18,-0.3862143782716539,0.3862143782716539,0.22519974607996,0.7724287565433078,1,0.0,0.0,0.0,1.5,0.24117765277863115,0.48149673849125524,2.7755575615628914e-17,0.2766805158104762,0.24447036896201355,0.2175588757304939,2.7755575615628914e-17,1.5902773407317584e-18,-0.1055036878633921,0.149651826428706,0.14339876293213194,0.252072756784911,0.4681676716216741,0.3992256926557924,0.28457086191808234,0.3655418254077774,0.2568678315549984,-0.03394498327488581,-0.10550368786339208,CORRECTABLE,0
100221,4,0.0,0.0,0.0,0.0522073259507198,0.0,0.0,8.7399497995794e-19,-0.0522073259507198,0.0522073259507198,0.0367329463558605,3.8361320770554986e-17,1,0.0,0.0,0.0,1.5,0.1742142517330293,0.37271730062600833,0.0,0.2026159162610722,0.1843410573338185,0.108779437865247,0.0,0.0,-0.214283125728639,0.040872388563459094,0.034619325066885046,0.14329331891966407,0.3593882337564272,0.2904462547905455,0.17579142405283543,0.2567623875425305,0.14808839368975152,-0.14272442114013273,-0.214283125728639,CORRECTABLE,0
100221,5,-0.3157790169466523,-0.0197029539830341,0.0,0.0,0.0,0.0,-0.3157790169466523,-0.4877197334106747,-0.1438383004826297,0.3313125638070023,0.3438814329280449,2,0.0,0.0,0.0,1.5,0.162283964275547,0.369846845126711,5.551115123125783e-17,0.19625770269108184,0.17926501308978562,0.0543897189326236,-5.551115123125783e-17,-3.180554681463517e-18,-0.2686728446612624,0.036134787174612853,-0.05045709012119756,0.058216903731581456,0.35465063236758093,0.23605653585792208,0.07174958757643488,0.23305936486536638,0.12438537101258737,-0.24676625761653326,-0.26867284466126246,DIFFICULT,1
100222,1,0.0943967895566771,0.0305376917915071,0.0,0.128873646069893,0.0792369231777227,0.0,0.0819148104571489,-0.1913307601364996,0.3608884486513988,0.1787386136101491,0.5329833181894436,4,0.0,0.0,0.0,1.5,0.0,0.0,0.0,0.0,0.0,0.0,0.0,0.0,0.0,0.0,0.0,0.0,0.0,0.0,0.0,0.0,0.0,0.0,0.0,CORRECTABLE,0
100222,2,0.0,-0.0181410704077505,0.1795584238053229,0.1792098269205053,0.0,0.0167161558873477,0.1181475793039619,-0.2705301531681222,0.3914884277748259,0.2191996933949985,0.3166214190316968,3,0.0,0.0,0.0,1.5,0.08170206451756976,0.14868287686432366,1.1102230246251565e-16,0.09187837974793146,0.07830332038936119,-0.012481979099528152,-1.1102230246251565e-16,-6.361109362927034e-18,0.0,0.10393640292112823,-0.09835766620484843,-0.0908217869929133,0.11790869138539732,4.163336342344337e-17,-0.12722355036157676,0.06067827014517274,0.05314239093323753,-0.14119583882584583,-1.1102230246251565e-16,DIFFICULT,1
100222,3,-0.0975684190523546,0.0,0.0,0.0,0.0,0.0,-0.0975684190523546,-0.0975684190523546,-0.0975684190523546,0.0975684190523546,0.0,1,0.0,0.0,0.0,1.5,0.21002758745869585,0.48457998160859433,2.220446049250313e-16,0.24885097899166497,0.2332673686193536,0.10692835805210354,-2.220446049250313e-16,-1.2722218725854067e-17,0.006240989549763987,0.3361026705867893,-0.09191177654719353,-0.044651874431223634,0.4653585636277737,0.185799413355087,-0.12065102547294682,0.31752196936638194,0.2702620672504118,-0.24990691851393115,0.006240989549763765,DIFFICULT,1
100222,4,0.0,0.0,0.0,0.1827348660794887,-0.2681748555479792,0.0,0.0422448627196312,-0.1720387428061355,0.2497785799664835,0.1380097705063648,1.0142945345625596e-16,2,0.0,0.0,0.0,1.5,0.19904657905769674,0.38701156255623975,2.220446049250313e-16,0.2249016328252649,0.19830760576670747,0.009359938999748959,-2.220446049250313e-16,-1.2722218725854067e-17,-0.09132742950259061,0.2385342515344347,-0.18948019559954812,-0.14222029348357823,0.36779014457541914,0.08823099430273242,-0.2182194445253014,0.21995355031402736,0.17269364819805721,-0.34747533756628574,-0.09132742950259083,DIFFICULT,1
100222,5,0.0,-0.0177179356703322,0.0,0.0,0.0,0.0,0.0,-0.1546181619804852,0.1546181619804852,0.0901571064577607,0.3092363239609704,1,0.0,0.0,0.0,1.5,0.3139863852779022,0.5750414113764106,2.3592239273284576e-16,0.3525496659572123,0.3019633055920152,0.046924832219505656,-2.3592239273284576e-16,-1.3517357396219948e-17,-0.09600739900246515,0.47069715722448674,-0.22505419129796106,-0.2032992335695329,0.5526642827274413,0.08355102480285799,-0.3809276766517192,0.37369232895040005,0.35193737122197155,-0.4628948021546735,-0.09600739900246538,DIFFICULT,1
100223,1,0.0,0.0147589274658816,0.0,0.1906499306092368,-0.3789263181133628,0.0,0.0596912423308469,-0.1603163220909056,0.3525733203715054,0.1533401088769397,0.2575918840400382,3,0.0,0.0,0.0,1.5,0.0,0.0,0.0,0.0,0.0,0.0,0.0,0.0,0.0,0.0,0.0,0.0,0.0,0.0,0.0,0.0,0.0,0.0,0.0,DIFFICULT,1
100223,2,0.1492677624372193,0.0,0.0,0.0,0.0,0.1840032002780136,0.2040656819519635,0.1492990166092952,0.333270962715233,0.2139390693687713,0.0,1,0.0,0.0,0.0,1.5,0.12845816047065162,0.28559943052109543,8.326672684688674e-17,0.15171347484898734,0.13938862478242287,0.05969124233084698,-8.326672684688674e-17,-4.7708320221952755e-18,0.0,0.2704097794341419,-0.0039471143514595575,-0.03998514875520397,0.2035915889863856,7.004364818348004e-17,-0.15904612868788148,0.18413728637018173,0.22017532077392604,-0.09222793824012507,-8.326672684688674e-17,CORRECTABLE,0
100223,3,0.0,-0.0198973848315549,0.3436318018427486,0.1354315418364119,0.3655575506593201,0.0,0.1589937200875872,-0.2724720983115001,0.4816935714127028,0.2549237963428873,0.3472748918074428,4,0.0,0.0,0.0,1.5,0.12474800050511224,0.25575380935567205,2.7755575615628914e-17,0.14263483144906927,0.12841402610314223,0.029845621165423556,-2.7755575615628914e-17,-1.5902773407317584e-18,-0.02984562116542344,0.24056415826871846,-0.03379273551688297,-0.0698307699206274,0.1737459678209622,-0.02984562116542333,-0.18889174985330487,0.1542916652047583,0.19032969960850266,-0.12207355940554845,-0.02984562116542347,DIFFICULT,1
100223,4,0.0,-0.0207958542896744,0.0,0.0587625797520307,0.0942850133305386,0.0,-0.0148524642123079,-0.2302497678551318,0.1977591383335375,0.124306217160517,0.3629561440580748,3,0.0,0.0,0.0,1.5,0.2499933549776506,0.6140208065181818,1.3877787807814457e-16,0.3071553622201718,0.28991978467076696,0.17391653067029908,-1.3877787807814457e-16,-7.951386703658792e-18,-0.044768431748135135,0.37468472978183687,-0.030638270935044135,0.044112545881366455,0.59295253824829,0.2988633700946136,-0.027291280176815487,0.4274443069801003,0.35269349016368956,-0.2455590886432685,-0.04476843174813527,DIFFICULT,1
100223,5,0.0,0.0,0.2849709750538879,0.0,0.0,-0.0357333912691118,0.1689654173675004,-6.06955508323987e-06,0.2492375837847761,0.1866060158874546,3.489860445982443e-17,1,0.0,0.0,0.0,1.5,0.2590271125055621,0.5820753942801797,1.6653345369377348e-16,0.30116081153057167,0.2824468331887797,0.07210580112284183,-1.6653345369377348e-16,-9.541664044390551e-18,-0.13172669708328455,0.32144526269501394,-0.17903742693019273,-0.09531957248208371,0.5563388732658341,0.21190510475946422,-0.17567801393423632,0.357091744146458,0.27337388969834886,-0.41057162450505624,-0.13172669708328472,DIFFICULT,1
100224,1,0.8875275646806209,0.0411064405787058,0.0,0.1717398003511452,0.2382997262863528,0.0,0.8499888506109432,0.4703047871040559,1.246248992165051,0.8766446205524484,0.7174428549688605,4,0.0,0.0,0.0,1.5,0.0,0.0,0.0,0.0,0.0,0.0,0.0,0.0,0.0,0.0,0.0,0.0,0.0,0.0,0.0,0.0,0.0,0.0,0.0,DIFFICULT,1
100224,2,0.6748763503892551,0.0,0.0,0.0,0.0,0.0,0.6748763503892549,0.6748763503892551,0.6748763503892551,0.6748763503892552,0.0,1,0.0,0.0,0.0,1.5,0.23770248307530886,0.50131660858622,0.3868997514287985,0.2753448212609779,0.36531013505319593,-0.23347660009735227,0.3868997514287985,0.022167721745424945,-0.35148084928878853,-0.2059549684257158,-0.4486120766960656,-0.41341980532708966,-0.13736953880787972,-0.2853677104610354,-0.38665810098449094,-0.05676766099945607,-0.014579982082672194,-0.2231036797450472,0.03541890214000998,CORRECTABLE,0
100224,3,0.0735972089567043,-0.0119685158100733,0.3367324056767447,0.0753155758972129,0.0,0.106010986135899,0.3173988685484392,-0.0332163433523722,0.5792170253943382,0.3574514924642922,0.2088900105010835,4,0.0,0.0,0.0,1.5,0.13503642213854763,0.3354876991380037,0.19344988295384657,0.16990668981462187,0.21618287025058155,-0.11673830004867615,0.19344988295384657,0.01108386170229192,-0.13801761500263643,-0.011836720987058902,-0.2738388161049039,-0.25799153158342314,-0.0012862519117083915,-0.16862941041235924,-0.28926478778331,0.021280665354229678,0.04412335742351836,-0.18374532708635183,0.055432267951210146,DIFFICULT,1
100224,4,0.2260928309890013,0.0,0.0,0.0,0.0,0.0,0.2260928309890012,0.2260928309890013,0.2260928309890013,0.2260928309890013,0.0,1,0.0,0.0,0.0,1.5,0.1912060556448858,0.4709165692292726,0.09672494011557241,0.24112438429205263,0.2517667079261245,0.15386142016690557,0.09672494011557241,0.0055419308249950215,-0.03128599355916126,0.2609078113190285,-0.03279522598362301,0.047875460977519047,0.4586363102986347,0.2264721452887235,0.00805404738824532,0.37699645034045465,0.3156707514024273,-0.1316394875220168,0.06543894655641115,CORRECTABLE,0
100224,5,0.0567072725187699,0.0299332908246448,0.0,0.0,0.0,0.0,0.0567072725187699,-0.2045099916701152,0.3179245367076552,0.1625282463266888,0.5224345283777705,2,0.0,0.0,0.0,1.5,0.1691136382290176,0.3978548567413934,0.048362470170902755,0.20258581671129133,0.20485787121352328,0.07693071008345287,0.048362470170902755,0.0027709654254597016,-0.08403546867027914,0.2033220892134437,-0.09521719508367482,-0.019382755116999717,0.3865418472096489,0.1495414352052708,-0.07371290968967431,0.290393246268068,0.22423130033557376,-0.22791518558333737,-0.035672998499376385,CORRECTABLE,0
100225,1,0.0,0.021127343163291,0.0,0.0,0.0,0.0,3.022884472989288e-18,-0.1843708585554005,0.1843708585554005,0.1075057607047867,0.368741717110801,1,0.0,0.0,0.0,1.5,0.0,0.0,0.0,0.0,0.0,0.0,0.0,0.0,0.0,0.0,0.0,0.0,0.0,0.0,0.0,0.0,0.0,0.0,0.0,HIGHLY_CORRECTABLE,0
100225,2,-0.5274684322604888,0.0,0.0,0.0872891769263763,-0.2196577490901658,0.0,-0.4928663386501239,-0.6061196897219888,-0.3847270674175306,0.4971718782197926,1.1102230246251563e-16,3,0.0,0.0,0.0,1.5,0.0,0.0,0.0,0.0,0.0,0.0,0.0,0.0,0.0,0.0,0.0,0.0,0.0,0.0,0.0,0.0,0.0,0.0,0.0,CORRECTABLE,0
100225,3,0.0,0.0,0.263130557208797,0.0,0.0,0.0,0.1658419185374511,0.0,0.263130557208797,0.1851380139956231,3.222419946436128e-17,1,0.0,0.0,0.0,1.5,0.061119526667520824,0.14274136484295807,1.1102230246251565e-16,0.07389149883740379,0.06854741733688408,0.03460209361036484,-1.1102230246251565e-16,-6.361109362927034e-18,0.0,0.13466157470465473,0.011364789206006032,-0.00952590415668686,0.09592809906456673,0.0,-0.07010578197117479,0.09308867760745815,0.11397937097015087,-0.031372306331086675,-1.1102230246251565e-16,CORRECTABLE,0
100225,4,0.0,0.0,0.2171785393299092,0.0766285503235684,0.0,0.0,0.1368799808342035,-0.0286403851245725,0.2868328175370944,0.1620390685535597,2.970904502284892e-17,2,0.0,0.0,0.0,1.5,0.18598825955649953,0.33314538597420823,2.42861286636753e-17,0.20834484746734,0.17657457840594631,0.18314296534263355,-2.42861286636753e-17,-1.3914926731402886e-18,-0.017301046805182428,0.19867234181633991,0.14872800335565542,0.18605014155939686,0.3288790833291854,0.24582951040361462,0.1628452022934439,0.28866472332354187,0.2513425851198003,0.03263846078059858,-0.017301046805182452,DIFFICULT,1
100225,5,-0.2505918594748705,0.0409111715194638,0.0,0.0,0.0,0.0,-0.2505918594748705,-0.6076092420808259,0.1064255231310848,0.3257808464892123,0.7140347652119108,2,0.0,0.0,0.0,1.5,0.2577527449884917,0.5284067208399859,5.551115123125783e-17,0.2939630203949787,0.2652441417880412,0.22845146350552037,-5.551115123125783e-17,-3.180554681463517e-18,-0.10887252947649914,0.2470908007309739,0.13976973143213506,0.22513865623475943,0.516734747806523,0.3714365670622071,0.2049447025318198,0.41783550156839483,0.33246657676577024,-0.06469924454372908,-0.1088725294764992,CORRECTABLE,0
100226,1,-0.8206558279431768,0.0,0.0,0.0,0.0,0.0,-0.8206558279431766,-0.8206558279431768,-0.8206558279431768,0.8206558279431766,0.0,1,0.0,0.0,0.0,1.5,0.0,0.0,0.0,0.0,0.0,0.0,0.0,0.0,0.0,0.0,0.0,0.0,0.0,0.0,0.0,0.0,0.0,0.0,0.0,CORRECTABLE,0
100226,2,0.0,0.0,0.0,0.0,-0.0423555476592544,0.1411842752651212,0.0487181879212746,2.398109177926487e-05,0.1411842752651212,0.0671041521177789,5.187229768985335e-18,1,0.0,0.0,0.0,1.5,0.0,0.0,0.0,0.0,0.0,0.0,0.0,0.0,0.0,0.0,0.0,0.0,0.0,0.0,0.0,0.0,0.0,0.0,0.0,HIGHLY_CORRECTABLE,0
100226,3,0.0,0.0,0.0,0.0,-0.3095991793770767,-0.0362529835396152,0.0379738383495117,-0.0362529835396152,0.0887039065136235,0.0563456580188262,3.7914888784996986e-17,1,0.0,0.0,0.0,1.5,0.006672155346644248,0.012263822510114299,5.187229768985335e-18,0.007922213571581665,0.006473014714185732,0.006672155346644248,5.187229768985335e-18,2.9720637312748073e-19,0.0,0.009958386506752287,0.01208475588077515,0.008056503920516767,0.002489596626688073,0.0,0.002489596626688073,0.008056503920516767,0.012084755880775153,0.009958386506752293,5.187229768985335e-18,HIGHLY_CORRECTABLE,0
100226,4,0.3891860166601923,-0.0503729403896765,0.0,0.0,0.0,0.0,0.3891860166601924,-0.0504009284541978,0.8287729617745825,0.4660109736378835,0.8791738902287802,2,0.0,0.0,0.0,1.5,0.05477513044668062,0.1009523347993614,4.310211855398233e-17,0.06397521832175877,0.0531157614059885,0.044645993696155996,4.310211855398233e-17,2.4695694812157063e-18,-6.157811299474565e-06,0.0826093680714496,0.09882580604520487,0.057906005797386945,-0.004930728582815385,-0.0362529835396152,-0.0049307285828153885,0.05790600579738697,0.0988258060452049,0.08260936807144963,-6.157811299431463e-06,HIGHLY_CORRECTABLE,0
100226,5,-0.0605971878327319,0.0014600549581729,0.1544594365554651,0.0,-0.0549873735818563,0.0,0.0454151653567039,-0.073338570975583,0.0942503434549043,0.0656534057040692,0.0254827662857022,4,0.0,0.0,0.0,1.5,0.04504951486784292,0.0786293379512834,4.85722573273506e-17,0.05096940253209564,0.042200596098947475,0.02232299684807801,4.85722573273506e-17,2.782985346280577e-18,-0.02232915465937746,0.06028637122337155,0.07650280919712682,0.03558300894930888,-0.027253725430893383,-0.05857598038769318,-0.027253725430893383,0.03558300894930899,0.07650280919712693,0.060286371223371646,-0.02232915465937741,HIGHLY_CORRECTABLE,0
100227,1,0.1210478153826011,0.0,0.1118302508809316,0.0,0.1458900964385334,0.0,0.1685488080944474,0.1182547872547464,0.2328780662635328,0.1737192999338151,0.0,3,0.0,0.0,0.0,1.5,0.0,0.0,0.0,0.0,0.0,0.0,0.0,0.0,0.0,0.0,0.0,0.0,0.0,0.0,0.0,0.0,0.0,0.0,0.0,CORRECTABLE,0
100227,2,0.0,-0.0122398388839197,0.0,0.0,0.0,0.0,-8.244230380879876e-19,-0.106812745843844,0.106812745843844,0.0622819982771792,0.2136254916876881,1,0.0,0.0,0.0,1.5,0.04821667940340205,0.11183025088093158,0.0,0.06345107381318948,0.05435918646661904,0.04750099271184621,0.0,0.0,0.0,0.0002566291505831514,0.02410725416374028,0.06272262807172847,0.09778168410502218,0.11183025088093158,0.09778168410502218,0.06272262807172847,0.02410725416374028,0.00025662915058316527,0.0,CORRECTABLE,0
100227,3,0.1905989795893625,0.0,0.0,0.0,0.0,-0.1297953246615357,0.1519446858409575,0.0608036549278268,0.1905769329868823,0.1585584506993585,0.0,1,0.0,0.0,0.0,1.5,0.03963575786400541,0.08807975452500849,0.0,0.04830921792565752,0.043145575509269916,0.023750496355923113,0.0,0.0,-0.023750496355923106,-0.023493867205339955,0.00035675780781718736,0.03897213171580538,0.07403118774909909,0.08807975452500849,0.07403118774909909,0.03897213171580537,0.0003567578078171804,-0.023493867205339934,-0.023750496355923106,HIGHLY_CORRECTABLE,0
100227,4,0.0,0.0,0.0,0.0,-0.0050648523731744,-0.0456421152071717,-0.0127948075300399,-0.0456421152071717,0.0010269598210132,0.0207417440088569,6.200281173901479e-19,1,0.0,0.0,0.0,1.5,0.03814884704131662,0.07620450634704701,0.0,0.04371173731075137,0.03867717974758422,0.01187524817796163,0.0,0.0,-0.03562574453388459,-0.03536911538330145,-0.011518490370144296,0.027096883537843897,0.0621559395711376,0.07620450634704701,0.0621559395711376,0.027096883537843897,-0.011518490370144296,-0.035369115383301425,-0.03562574453388459,HIGHLY_CORRECTABLE,0
100227,5,0.5347343652160491,-0.0271487737925421,0.2034431764415172,0.08432614807164,0.0,0.0,0.6629574308010995,0.2845429937799019,0.8694269789032547,0.6858211513705668,0.4738355260208709,4,0.0,0.0,0.0,1.5,0.037703928706459854,0.07026688225806631,0.0,0.04229465758287299,0.03662070904764514,0.006735476642169574,0.0,0.0,-0.04156336862286529,-0.04011592126028597,-0.01601102620305085,0.022122651619579298,0.05651602003515595,0.07026688225806631,0.05651602003515595,0.022122651619579294,-0.01601102620305085,-0.040115921260285944,-0.04156336862286529,CORRECTABLE,0
100228,1,0.5555426284888083,0.0,0.0,0.0,0.0,0.0,0.5555426284888084,0.5555426284888083,0.5555426284888083,0.5555426284888083,0.0,1,0.0,0.0,0.0,1.5,0.0,0.0,0.0,0.0,0.0,0.0,0.0,0.0,0.0,0.0,0.0,0.0,0.0,0.0,0.0,0.0,0.0,0.0,0.0,CORRECTABLE,0
100228,2,0.0,0.0,0.0,0.0,0.1032482299617855,0.0,-0.0162644155876134,-0.0298949733083699,0.0,0.0193116267844154,1.2644261434033053e-17,1,0.0,0.0,0.0,1.5,0.0,0.0,0.0,0.0,0.0,0.0,0.0,0.0,0.0,0.0,0.0,0.0,0.0,0.0,0.0,0.0,0.0,0.0,0.0,HIGHLY_CORRECTABLE,0
100228,3,-0.2291937077222841,0.0478864496456115,0.0,0.0672067042177573,0.0702614886132382,0.0,-0.2402618107883903,-0.6470819117268367,0.1886944962822684,0.3369021071312678,0.8357764080091051,4,0.0,0.0,0.0,1.5,0.016264415587613455,0.02989497330836997,1.2644261434033045e-17,0.019311626784415434,0.015778979347236575,-0.016264415587613455,-1.2644261434033045e-17,-7.244628152301275e-19,0.0,-0.02427511475873575,-0.02945847057032898,-0.019638980380219325,-0.006068778689683937,0.0,-0.0060687786896839345,-0.019638980380219325,-0.02945847057032899,-0.02427511475873576,-1.2644261434033045e-17,HIGHLY_CORRECTABLE,0
100228,4,0.0,0.0,0.0,0.1543262518207892,0.0,0.0,1.968842925601807e-18,-0.1543262518207892,0.1543262518207892,0.108583571868536,1.1339709019004276e-16,1,0.0,0.0,0.0,1.5,0.045821744888584384,0.10290758848557496,2.7755575615628914e-17,0.05395199935020462,0.05001399994726827,-0.019200310859912948,2.7755575615628914e-17,1.5902773407317584e-18,0.008132207793806634,0.031255000295699165,-0.08087616634796768,-0.06437441149883633,0.06185093640804418,0.008132207793806745,-0.06598381156199401,0.014631807689923962,-0.0018699471592075294,-0.09657974767433888,0.008132207793806662,CORRECTABLE,0
100228,5,0.0,0.00470904286323,0.1079652769917215,0.0,0.0,0.0,0.0680467098221757,-0.0410941513829816,0.1111484135020469,0.079653706892765,0.0821883027659633,2,0.0,0.0,0.0,1.5,0.14073945399337184,0.2567781778884958,8.500145032286355e-17,0.1580198670800137,0.13505727627256167,-0.019200310859912948,-8.500145032286355e-17,-4.8702243559910105e-18,0.008132207793806634,0.17802798772526757,-0.171586861209802,-0.1550851063606707,0.20862392383761255,0.008132207793806802,-0.21275679899156244,0.10534250255175845,0.08884074770262687,-0.24335273510390726,0.008132207793806549,CORRECTABLE,0
100229,1,0.0,0.0,0.0,0.1705919698397364,0.0,0.0,1.506998121402021e-18,-0.1705919698397364,0.1705919698397364,0.1200280911299425,1.2534894589468504e-16,1,0.0,0.0,0.0,1.5,0.0,0.0,0.0,0.0,0.0,0.0,0.0,0.0,0.0,0.0,0.0,0.0,0.0,0.0,0.0,0.0,0.0,0.0,0.0,NOT_IMPROVED,1
100229,2,0.0614381095639263,0.0389435733592171,0.1676307676256512,0.151927436169487,0.0,0.0,0.1670898757587734,-0.2784087315757477,0.5021460073844847,0.2656067017341979,0.6796936822793479,4,0.0,0.0,0.0,1.5,0.10749157421526848,0.1705919698397364,1.25348945894685e-16,0.12002809112994252,0.09542787232949576,3.980267235665984e-18,-1.25348945894685e-16,-7.181965566179157e-18,0.0,0.16224260454370762,-0.1002714440313194,-0.10027144403131946,0.1622426045437076,6.26744729473425e-17,-0.16224260454370765,0.1002714440313196,0.1002714440313195,-0.1622426045437076,-1.25348945894685e-16,CORRECTABLE,0
100229,3,0.0,0.0,0.2665123160264543,0.0,0.0,-0.0194046001997147,0.1621944457325441,-3.296000899926435e-06,0.2471077158267396,0.179924989857333,3.263829704007633e-17,1,0.0,0.0,0.0,1.5,0.21703206524978977,0.4842473264432868,1.5543122344752192e-15,0.2557447303129145,0.23595829053921488,0.10565176619484705,1.5543122344752192e-15,8.905553108097847e-17,-8.881784197001252e-16,0.35853493869315756,-0.09104125738952615,-0.05395601064108076,0.4661605165986483,0.16763076762565132,-0.1473078488347799,0.3251882902196202,0.288103043471175,-0.25493342674026953,6.661338147750939e-16,DIFFICULT,1
100229,4,0.0,0.0291473930118549,0.1072095436657559,0.0,0.0,0.0,0.0675703977358475,-0.2543590101570218,0.2543590101570218,0.1663957173603186,0.5087180203140436,2,0.0,0.0,0.0,1.5,0.28165255422530117,0.6895607848824791,1.6445178552260131e-15,0.34450410372011386,0.325814412104346,0.22079920505795264,1.6445178552260131e-15,9.422393243835668e-17,-0.05282588309742441,0.38806589045813505,0.0127848684277111,0.10883109913712392,0.6668029083310975,0.38131720055468216,0.05333454289766926,0.4879753999978249,0.39192916928841226,-0.22540247497529195,-0.05282588309742277,DIFFICULT,1
100229,5,0.3641429957771761,0.0,0.0,0.0,0.0,0.0,0.3641429957771762,0.3641429957771761,0.3641429957771761,0.3641429957771762,0.0,1,0.0,0.0,0.0,1.5,0.2753643846458649,0.6830025410604386,1.6653345369377348e-15,0.33441580241508895,0.3209516579534004,0.17797000026482385,1.6653345369377348e-15,9.54166404439055e-17,-0.1632254856264007,0.3107958588810603,-0.03459854542952796,0.08516583939292714,0.658365640914468,0.3781271416914618,0.04489727548103992,0.4643101402536281,0.3445457554311733,-0.30267250655236666,-0.16322548562639905,DIFFICULT,1
100230,1,1.1372821419832675,0.0,0.0,0.0,0.0,-0.0386274679985492,1.1257785111809515,1.0986546739847185,1.1372755808499295,1.1258592887158374,0.0,1,0.0,0.0,0.0,1.5,0.0,0.0,0.0,0.0,0.0,0.0,0.0,0.0,0.0,0.0,0.0,0.0,0.0,0.0,0.0,0.0,0.0,0.0,0.0,CORRECTABLE,0
100230,2,0.0,0.0,0.0852212813399734,0.0,0.0,0.1315764432683734,0.0928966987392227,2.2349137367336905e-05,0.2167977246083468,0.1160256749150203,1.043544591017298e-17,1,0.0,0.0,0.0,1.5,0.0,0.0,0.0,0.0,0.0,0.0,0.0,0.0,0.0,0.0,0.0,0.0,0.0,0.0,0.0,0.0,0.0,0.0,0.0,HIGHLY_CORRECTABLE,0
100230,3,-0.0386564982352858,0.0,0.0,0.1139435163219338,-0.1146195845710009,0.0,-0.0206007837825309,-0.1479577005763915,0.1039419142293983,0.0835780099550882,6.938893903907227e-17,3,0.0,0.0,0.0,1.5,0.053711970770563805,0.08522128133997339,1.043544591017298e-17,0.05996148430957472,0.04767612406411863,0.053711970770563805,1.043544591017298e-17,5.979070079899677e-19,0.0,0.02633482421646037,0.0500918123531041,0.06894546488644707,0.08105025494540428,0.08522128133997339,0.08105025494540428,0.06894546488644708,0.05009181235310411,0.02633482421646038,1.043544591017298e-17,CORRECTABLE,0
100230,4,1.3902447175218084,0.011124757781211,0.2980056996793918,0.2398658417402019,0.0,0.0,1.5780672094975656,1.2931628904173331,1.9027474491085743,1.5892741036490736,0.19416365420895,4,0.0,0.0,0.0,1.5,0.08001479456085699,0.17600297301630388,6.245004513516506e-17,0.0953456894581382,0.0863398992189621,0.04491169983803675,-6.245004513516506e-17,-3.578124016646456e-18,-0.0268559853852819,0.1347942430926265,-0.01103558068016902,-0.00308289842695547,0.1692981633911531,0.05836529595469153,-0.047435283983963544,0.13086573854980343,0.1229130562965898,-0.08193920428249013,-0.02685598538528196,DIFFICULT,1
100230,5,0.0,0.0074822153060238,0.0,0.0,0.0,0.0017284884639543,0.0005147604584421,-0.0652943529924781,0.06529494018309,0.0380812561045113,0.1305892931755681,1,0.0,0.0,0.0,1.5,0.3252939354866209,0.7940954547236618,0.4766318731396024,0.4104238396892875,0.5198487629738943,0.29377846711111594,0.4766318731396024,0.027308992644313957,-0.2247065282466021,0.30507723168403844,-0.07635993189430579,0.05938671800463524,0.7224926877104443,0.46596487965495736,0.14483367131596592,0.665967312844457,0.6255470375734367,0.013397339173321754,0.25192534489300034,DIFFICULT,1
100231,1,0.0,0.0,0.2467994418192072,0.0,0.0,0.0,0.155548991950757,0.0,0.2467994418192072,0.1736474813048007,3.022421464552455e-17,1,0.0,0.0,0.0,1.5,0.0,0.0,0.0,0.0,0.0,0.0,0.0,0.0,0.0,0.0,0.0,0.0,0.0,0.0,0.0,0.0,0.0,0.0,0.0,NOT_IMPROVED,1
100231,2,0.0,0.0,0.3706263753050364,0.0,0.1619598664922887,0.0,0.2080796433973417,0.0,0.3706263753050364,0.2412763499390479,2.5554277210678438e-17,2,0.0,0.0,0.0,1.5,0.155548991950757,0.2467994418192072,3.022421464552455e-17,0.1736474813048007,0.13806927826146934,0.155548991950757,3.022421464552455e-17,1.7317199382860485e-18,0.0,0.07626522172438611,0.14506507217534426,0.19966494263398973,0.23472021736016363,0.2467994418192072,0.23472021736016366,0.19966494263398973,0.14506507217534428,0.07626522172438614,3.022421464552455e-17,DIFFICULT,1
100231,3,0.0,0.0,0.2952868000312744,0.0,0.0,0.0,0.1861088653307272,0.0,0.2952868000312744,0.2077630674932693,3.616220344887648e-17,1,0.0,0.0,0.0,1.5,0.2956144922873629,0.5396513211488652,2.7755575615628914e-17,0.34826800632115795,0.2854065446629842,0.28585413937272025,2.7755575615628914e-17,1.5902773407317584e-18,-0.07777449597537849,0.07494152588688113,0.23892939779314615,0.39092688556281613,0.49991258863075066,0.5396513211488652,0.4999125886307508,0.39092688556281613,0.2389293977931462,0.07494152588688119,-0.07777449597537846,DIFFICULT,1
100231,4,0.0,0.0,0.0,0.0914810645795499,0.0,0.1603605977019839,0.0477569254933202,-0.090949760212284,0.224292272788583,0.0977668551411246,6.722053469410126e-17,1,0.0,0.0,0.0,1.5,0.3734121151071882,0.6920110514937794,8.326672684688674e-17,0.43932447806517244,0.3635593977868075,0.32903593501708733,8.326672684688674e-17,4.7708320221952755e-18,-0.2207015656617386,0.02326309562478157,0.26956755436180574,0.48689185531635376,0.637819954290078,0.6920110514937794,0.6378199542900782,0.48689185531635376,0.26956755436180585,0.023263095624781654,-0.2207015656617385,DIFFICULT,1
100231,5,0.0,0.0,0.0,0.1242379366559899,0.0,0.0,2.462546994221746e-18,-0.1242379366559899,0.1242379366559899,0.087413507193512,9.128855487505783e-17,1,0.0,0.0,0.0,1.5,0.2931538466472139,0.5905236920564447,5.551115123125783e-17,0.3405150144803108,0.29915476305912864,0.16451796750854378,-5.551115123125783e-17,-3.180554681463517e-18,-0.3852195331702822,-0.05425120929776335,0.05127836622938736,0.2686026671839354,0.560305649367533,0.5274930839852359,0.3862983241955359,0.376145108431685,0.15882080747713706,-0.22825853446976063,-0.38521953317028224,DIFFICULT,1
100232,1,0.0,0.0,0.0,0.0,0.099918808873104,0.0,-0.0157399408506371,-0.0289309572219412,0.0,0.0186888893535018,1.2236524946106305e-17,1,0.0,0.0,0.0,1.5,0.0,0.0,0.0,0.0,0.0,0.0,0.0,0.0,0.0,0.0,0.0,0.0,0.0,0.0,0.0,0.0,0.0,0.0,0.0,NOT_IMPROVED,1
100232,2,0.0,0.0,0.0,0.0,0.3184321399805774,0.0,-0.0501617573784472,-0.0922003246813033,0.0,0.0595597875696628,3.89966900972856e-17,1,0.0,0.0,0.0,1.5,0.01573994085063711,0.02893095722194121,1.2236524946106297e-17,0.018688889353501832,0.015270158357123682,-0.01573994085063711,-1.2236524946106297e-17,-7.011012353184379e-19,0.0,-0.02349232091289634,-0.02850853028376467,-0.019005686855843116,-0.005873080228224084,0.0,-0.005873080228224081,-0.01900568685584312,-0.028508530283764676,-0.023492320912896346,-1.2236524946106297e-17,DIFFICULT,1
100232,3,0.0,0.0,0.0,0.0,0.2969583245382879,0.0145968241365933,-0.0424319707065509,-0.0855657305677867,0.0145968241365933,0.0543517908029932,3.636693607388976e-17,1,0.0,0.0,0.0,1.5,0.05949177767754584,0.11326131147792601,4.5102810375396984e-17,0.07174610123650536,0.05900053687029211,-0.05803172780376588,-4.5102810375396984e-17,-2.5842006786891074e-18,0.007869970425318496,-0.09049023678218417,-0.11149264837634776,-0.07170510877579236,-0.016720081376557165,0.0078699704253185,-0.016720081376557155,-0.07170510877579236,-0.11149264837634779,-0.09049023678218421,0.007869970425318451,DIFFICULT,1
100232,4,0.0,-0.0338390969122656,0.0,0.1505968268574627,-0.1502684061622193,0.0,0.0236713773051142,-0.3723132471867048,0.4287580130536698,0.2257930662216998,0.5906037256905073,3,0.0,0.0,0.0,1.5,0.08682720515039649,0.17022814373515566,6.245004513516506e-17,0.10463371252299725,0.08757997591796537,-0.07579490896909376,-6.245004513516506e-17,-3.578124016646456e-18,0.03688583432720139,-0.13129346236393635,-0.16720402936053377,-0.09917407479795541,-0.005158989845583037,0.0368858343272014,-0.005158989845583009,-0.09917407479795541,-0.1672040293605338,-0.1312934623639364,0.03688583432720133,CORRECTABLE,0
100232,5,0.0,-0.0102422574747421,0.0,0.0,0.0346895954846877,0.0,-0.0054645585472795,-0.0893805588376928,0.0893805588376928,0.0525197066054495,0.1787611176753856,2,0.0,0.0,0.0,1.5,0.10433012857274016,0.2197667851294242,1.6653345369377348e-16,0.1211470292818835,0.1093437770388377,-0.014226077179432667,-1.6653345369377348e-16,-9.541664044390551e-18,0.07478328881174817,0.08516030684783249,-0.17495104468268693,-0.12121246480749516,0.1847971134578914,0.07478328881174826,-0.10165507357443435,0.055824722930224266,0.0020861430550323246,-0.20129188018449334,0.074783288811748,CORRECTABLE,0
100233,1,-0.3190259412801876,0.0,0.2220904036944427,0.1885569267927932,-0.0724948430395229,0.0571942978023637,-0.1505972570741185,-0.4398456227758089,0.1328635227989426,0.2174610832927642,1.1102230246251563e-16,4,0.0,0.0,0.0,1.5,0.0,0.0,0.0,0.0,0.0,0.0,0.0,0.0,0.0,0.0,0.0,0.0,0.0,0.0,0.0,0.0,0.0,0.0,0.0,NOT_IMPROVED,1
100233,2,0.2087354823743285,0.0,0.0,0.111879469768374,0.0,0.123544302872615,0.2455281618227831,0.0973470332483444,0.4213155591114496,0.2614214487940534,8.326672684688674e-17,2,0.0,0.0,0.0,1.5,0.17871539649731924,0.43984562277580896,1.1102230246251565e-16,0.21746108329276426,0.20731441411121493,-0.15059725707411856,-1.1102230246251565e-16,-6.361109362927034e-18,-0.3190162264468446,-0.05380226990204508,-0.2761185081719681,-0.22213114812959386,0.11620027028481819,-0.039741239783381115,-0.2424563175529303,-0.00046918655680293526,-0.05445654659917728,-0.41245885773979346,-0.3190162264468447,NOT_IMPROVED,1
100233,3,-0.2669353549288769,-0.0039619699521222,0.3191668584235702,0.163825918554979,0.0,0.0,-0.0657757302314899,-0.3857893175104382,0.2112388889088877,0.1707931492141342,0.069149420639832,4,0.0,0.0,0.0,1.5,0.2180804528715395,0.5521842505918764,1.942890293094024e-16,0.26216975944189136,0.25729638698321394,0.09493090474866447,-1.942890293094024e-16,-1.1131941385122308e-17,-0.11025975924782203,0.26181452364373453,-0.12771597032692716,-0.048350723316279404,0.518641820286071,0.29253854546356245,-0.05282216507739501,0.3048334429848153,0.2254681959741673,-0.3096494617197313,-0.11025975924782222,NOT_IMPROVED,1
100233,4,-0.1159344225666132,0.0,0.137917847355283,0.0,0.0665361879726711,0.0,-0.0394909295429315,-0.1159344225666132,0.0219834247886698,0.0604213055523019,0.0,3,0.0,0.0,0.0,1.5,0.3355668901072159,0.7634231395007639,0.06914942063983065,0.4000872653219817,0.3904505616065413,0.0291551745171746,-0.06914942063983065,-0.003961969952122214,-0.3426204038567837,0.2769746276446877,-0.28259938553184516,-0.1395392404811436,0.7179748352901182,0.3447700489582558,-0.17893444896081767,0.37857407530378806,0.22168404612512016,-0.6614243089901461,-0.41176982449661437,NOT_IMPROVED,1
100233,5,0.0,-0.0229043902567486,0.0,0.053630623374488,0.0,0.0,-1.0992307174506499e-18,-0.2244195384218935,0.2244195384218936,0.1313504618955459,0.3997570444364555,2,0.0,0.0,0.0,1.5,0.3505327204623453,0.8230284270887881,0.0691494206398307,0.4261004317613459,0.4154232136334238,-0.010335755025756996,-0.0691494206398307,-0.003961969952122216,-0.4585548264233969,0.18801556772482853,-0.33645163393735295,-0.15655171573789256,0.7292971811607376,0.36675347374692563,-0.16761210309019822,0.3615616000470391,0.16783179771961237,-0.7503833689100053,-0.5277042470632276,NOT_IMPROVED,1
100234,1,1.034750734109239,-0.0196789447690292,0.1060176804892012,0.1311635858948283,0.0,0.0,1.1015699424814085,0.7831461049168765,1.3362752287053208,1.1125728134060036,0.3434623930433496,4,0.0,0.0,0.0,1.5,0.0,0.0,0.0,0.0,0.0,0.0,0.0,0.0,0.0,0.0,0.0,0.0,0.0,0.0,0.0,0.0,0.0,0.0,0.0,DIFFICULT,1
100234,2,0.0,-0.0157302462521697,0.0,0.0,0.0,0.0,-1.0992307174506499e-18,-0.1372722980738844,0.1372722980738844,0.0800428166563685,0.2745445961477689,1,0.0,0.0,0.0,1.5,0.14578674400574995,0.38959631336270006,0.4086610996254838,0.18770050500643232,0.30198329759882336,0.0023721178829602557,-0.4086610996254838,-0.023414554956274924,0.09415019517774237,0.21135724480161167,0.004362529195632625,0.01851358565113781,0.26481113157794556,0.1494643096048991,-0.0664090544789826,0.009241188654498966,-0.08664208772610293,-0.3650596010306062,-0.31451090444774144,CORRECTABLE,0
100234,3,0.0,-0.0179187651549699,0.0,0.0,0.0,0.0,-3.29769215235195e-18,-0.1563707300209907,0.1563707300209907,0.0911790204514238,0.3127414600419814,1,0.0,0.0,0.0,1.5,0.115787765315267,0.302920228001569,0.20433053147987648,0.14755883870440586,0.2016674413094543,0.0011860589414801565,-0.20433053147987648,-0.011707276916531891,-0.009201147836541385,0.12843895860188864,-0.05812270018952967,-0.023538586919463755,0.24319201582190472,0.148278250663419,-0.04716205660590198,0.048921243342140326,-0.026528976223900852,-0.2845134327138434,-0.21353167931641787,CORRECTABLE,0
100234,4,0.0,0.0,0.0,0.0917391608847111,0.0,0.0,1.2562394798915548e-18,-0.0917391608847111,0.0917391608847111,0.0645474483540999,6.740884184035533e-17,1,0.0,0.0,0.0,1.5,0.10633673861518422,0.2595821879622463,0.10216525354949824,0.13306899269382794,0.15373215330746143,0.0005930294707401604,-0.10216525354949824,-0.005853637820903954,-0.06087681627247052,0.08697981795899731,-0.08936531303938315,-0.044564671976279405,0.23238245855812692,0.147685221192679,-0.037538558283604154,0.06876126945747599,0.0035275776844726353,-0.24424035101243205,-0.16304206982196875,CORRECTABLE,0
100234,5,0.0,0.0004868721385156,0.0,0.0,0.0,0.0,6.870191984066563e-20,-0.004248760926764,0.004248760926764,0.0024774320576659,0.008497521853528,1,0.0,0.0,0.0,1.5,0.15486544432982222,0.34027170237774623,0.051082626908047296,0.18141339883982244,0.18200727196866698,0.0002965147353701632,-0.051082626908047296,-0.002926818925726743,-0.08671464432856602,0.15349937932590088,-0.15890954159290813,-0.10900063786565932,0.31422680791746577,0.147388706457309,-0.11997593711368303,0.13260420587611596,0.07247877676725767,-0.3113529418500756,-0.1377972712366133,CORRECTABLE,0
100235,1,0.0,0.0423592993526321,0.0,0.0,0.0,0.0,1.2641153250682477e-17,-0.3696546886190621,0.3696546886190621,0.215543870704177,0.7393093772381243,1,0.0,0.0,0.0,1.5,0.0,0.0,0.0,0.0,0.0,0.0,0.0,0.0,0.0,0.0,0.0,0.0,0.0,0.0,0.0,0.0,0.0,0.0,0.0,HIGHLY_CORRECTABLE,0
100235,2,-0.0511409336168703,0.0038476867874595,0.0,0.0944477089960663,0.021014806143748,0.0,-0.0544513394295564,-0.1676310449307743,0.0548417746251596,0.0842879516263854,0.0671548031276027,4,0.0,0.0,0.0,1.5,0.0,0.0,0.0,0.0,0.0,0.0,0.0,0.0,0.0,0.0,0.0,0.0,0.0,0.0,0.0,0.0,0.0,0.0,0.0,CORRECTABLE,0
100235,3,0.0,0.0,0.2363930904419189,0.0,0.0,-0.0093271284665749,0.1462125269560964,-1.584275043193742e-06,0.227065961975344,0.1626631837906519,2.894989207125748e-17,1,0.0,0.0,0.0,1.5,0.06841420705152546,0.1676310449307742,0.0671548031276023,0.08428795162638544,0.09938881169560912,-0.054451339429556427,0.0671548031276023,0.003847686787459495,-0.08471833518067148,0.0068813769695138735,-0.1327982255123572,-0.1240841183674279,0.03073347584711868,-0.05114093361687026,-0.13548578170707534,0.013807743805011,0.018524597285602094,-0.11904499870811873,-0.017563532053069177,CORRECTABLE,0
100235,4,-0.1367961094063111,0.0,0.2177525220861501,0.0686731866774387,0.0,0.0,0.0004456325342881,-0.1582898851825343,0.1426529926100523,0.0835039312983184,2.775557561562892e-17,3,0.0,0.0,0.0,1.5,0.10792561379480987,0.2584358895283917,0.06715480312760233,0.1331572942013566,0.14337062135537681,0.09176118752653994,0.06715480312760233,0.003847686787459497,-0.08471991945571468,0.07989480133509838,0.005740341368910634,0.0648361690682084,0.2489656656507924,0.17592502835847373,0.08274640809659839,0.2027280312406473,0.15706316416686997,-0.0460315743425342,-0.01756511632811234,CORRECTABLE,0
100235,5,0.0,0.0,0.1952361160920418,0.0,0.0,0.0,0.123050444630846,0.0,0.1952361160920418,0.1373676519250388,2.390952846500801e-17,1,0.0,0.0,0.0,1.5,0.16689683884913378,0.401088882138444,0.0671548031276023,0.20130257163539156,0.2106724143980932,0.09220682006082823,0.0671548031276023,0.003847686787459495,-0.22151602886202576,0.07570000350574535,-0.04342913326259679,0.06384046424067237,0.3845765929985503,0.2568814410383128,0.08773317207569309,0.2824624991269642,0.1886238622492154,-0.18085053554055042,-0.15436122573442346,DIFFICULT,1
100236,1,-0.0129080736134875,0.0,0.0,0.0,0.0,0.0,-0.0129080736134875,-0.0129080736134875,-0.0129080736134875,0.0129080736134875,0.0,1,0.0,0.0,0.0,1.5,0.0,0.0,0.0,0.0,0.0,0.0,0.0,0.0,0.0,0.0,0.0,0.0,0.0,0.0,0.0,0.0,0.0,0.0,0.0,HIGHLY_CORRECTABLE,0
100236,2,0.0,0.0,0.0551429641525801,0.143506433216759,0.0,0.0,0.0347546672872703,-0.1295097585186914,0.1966338025846411,0.1081684670430344,9.869375100307895e-17,2,0.0,0.0,0.0,1.5,0.0,0.0,0.0,0.0,0.0,0.0,0.0,0.0,0.0,0.0,0.0,0.0,0.0,0.0,0.0,0.0,0.0,0.0,0.0,NOT_IMPROVED,1
100236,3,0.0,0.0208947861049939,0.0,0.0,0.0,0.0,3.022884472989288e-18,-0.1823414150994645,0.1823414150994645,0.1063224019882996,0.364682830198929,1,0.0,0.0,0.0,1.5,0.09379278981588943,0.19663380258464103,9.869375100307893e-17,0.1081684670430344,0.09794482442446259,0.03475466728727028,-9.869375100307893e-17,-5.654735396791457e-18,0.0,0.15352284148442968,-0.05193874395732652,-0.03973936993425984,0.18892680382621527,0.05514296415258015,-0.08403865305593256,0.1289625601735516,0.11676318615048481,-0.11944261539771812,-9.869375100307893e-17,CORRECTABLE,0
100236,4,0.0,0.0,0.3013476731176476,0.0,0.0,0.0,0.1899288200760765,0.0,0.3013476731176476,0.2120274829157634,3.690444633140301e-17,1,0.0,0.0,0.0,1.5,0.09206481479416075,0.1792564689410058,1.6653345369377348e-15,0.10389659324902502,0.09178604444545296,0.01737733364363518,1.6653345369377348e-15,9.54166404439055e-17,-0.017377333643636,0.13614550784079388,-0.06931607760096213,-0.05711670357789529,0.17154947018258,0.037765630508945054,-0.10141598669956747,0.11158522652991683,0.09938585250685025,-0.13681994904135247,-0.017377333643634335,DIFFICULT,1
100236,5,0.0,0.0,0.0,0.0281896050000278,0.0,0.0,4.389974715804244e-19,-0.0281896050000278,0.0281896050000278,0.0198341368649363,2.0713385719507406e-17,1,0.0,0.0,0.0,1.5,0.21447335038805024,0.46244808394623677,1.7312540290248535e-15,0.24914851905331228,0.22799128220561787,0.19861748689789416,1.7312540290248535e-15,9.919354912814343e-17,-0.026066000465453515,0.22057839322767597,0.09912297364842658,0.1779900183678106,0.4494594715496831,0.33042463680477513,0.1764940146675357,0.34669194847562274,0.26782490375623896,-0.05238706365447034,-0.026066000465451784,DIFFICULT,1
100237,1,0.0,-0.0134919258208479,0.0,0.0,0.0,0.0,-2.4732691142639625e-18,-0.117739266180537,0.117739266180537,0.0686531997233097,0.235478532361074,1,0.0,0.0,0.0,1.5,0.0,0.0,0.0,0.0,0.0,0.0,0.0,0.0,0.0,0.0,0.0,0.0,0.0,0.0,0.0,0.0,0.0,0.0,0.0,HIGHLY_CORRECTABLE,0
100237,2,0.3610105646913199,0.0,0.0,0.0904625930226328,0.0,0.1036744737470174,0.3918858182713597,0.2709532659223073,0.5360854676023428,0.3986676948015126,5.551115123125783e-17,2,0.0,0.0,0.0,1.5,0.0,0.0,0.0,0.0,0.0,0.0,0.0,0.0,0.0,0.0,0.0,0.0,0.0,0.0,0.0,0.0,0.0,0.0,0.0,HIGHLY_CORRECTABLE,0
100237,3,0.0,0.0,0.3544620786696354,0.0,0.0,0.0,0.2234049583557069,0.0,0.3544620786696354,0.249398648251951,4.340908500618863e-17,1,0.0,0.0,0.0,1.5,0.05700131454448412,0.09046259302263282,5.551115123125783e-17,0.06364925834066007,0.050604098104201106,3.29769215235195e-18,-5.551115123125783e-17,-3.180554681463517e-18,0.0,0.08603503857513145,-0.05317257806283954,-0.05317257806283954,0.0860350385751314,5.551115123125783e-17,-0.08603503857513145,0.05317257806283965,0.05317257806283959,-0.0860350385751314,-5.551115123125783e-17,CORRECTABLE,0
100237,4,0.4037524067884085,0.0,0.0,0.0,0.0,0.0,0.4037524067884083,0.4037524067884085,0.4037524067884085,0.4037524067884085,0.0,1,0.0,0.0,0.0,1.5,0.22528763776882135,0.43361008641757737,1.2102066225069197e-17,0.25739252871289114,0.22340857012720874,0.223404958355707,-1.2102066225069197e-17,-6.933973180842853e-19,0.0,0.19556984474551833,0.1551750042761066,0.23359326744236508,0.4231485082734135,0.35446207866963547,0.2510784311231507,0.33993842356804427,0.2615201604017857,0.02349976759525553,-1.2102066225069197e-17,CORRECTABLE,0
100237,5,0.0199712682664683,0.0,0.180293905185149,0.1780492169054413,0.0,0.0,0.1336041638666103,-0.1131543081991521,0.372298786330279,0.1916337316061727,1.1102230246251563e-16,3,0.0,0.0,0.0,1.5,0.14601187212230587,0.3219076072397239,0.0,0.1697603672055999,0.15735188052916893,0.1117024791778535,0.0,0.0,-0.11170247917785348,0.08386736556766483,0.043472525098253056,0.12189078826451161,0.3114460290955601,0.24275959949178194,0.13937595194529728,0.2282359443901908,0.14981768122393224,-0.08820271158259796,-0.11170247917785348,DIFFICULT,1
100238,1,0.0,0.0,0.1878354817383429,0.0,0.0,0.0,0.1183860855665444,0.0,0.1878354817383429,0.1321605837643296,2.3003212147716283e-17,1,0.0,0.0,0.0,1.5,0.0,0.0,0.0,0.0,0.0,0.0,0.0,0.0,0.0,0.0,0.0,0.0,0.0,0.0,0.0,0.0,0.0,0.0,0.0,NOT_IMPROVED,1
100238,2,0.0,0.0,0.0,0.1244398317796508,0.0,0.0,2.4954291409720506e-18,-0.1244398317796508,0.1244398317796508,0.0875555601068129,9.143690500523072e-17,1,0.0,0.0,0.0,1.5,0.11838608556654442,0.1878354817383429,2.3003212147716277e-17,0.13216058376432965,0.10508252856789918,0.11838608556654442,2.3003212147716277e-17,1.3179869713082087e-18,0.0,0.058044356003753045,0.11040692602305012,0.1519620968729245,0.17864215889869034,0.1878354817383429,0.17864215889869037,0.1519620968729245,0.11040692602305015,0.058044356003753066,2.3003212147716277e-17,DIFFICULT,1
100238,3,0.0,0.0,0.0,0.1980552495497452,0.0,0.0,4.9484009565754136e-18,-0.1980552495497452,0.1980552495497452,0.1393511873041459,1.4552863644925544e-16,1,0.0,0.0,0.0,1.5,0.0990436910579352,0.2469355200881806,8.326672684688674e-17,0.12091710823832676,0.11588547416766744,0.059193042783272226,-8.326672684688674e-17,-4.7708320221952755e-18,-0.05919304278327219,0.11720062612119048,-0.021930014678057025,0.019625156171817315,0.2377984290161278,0.12864243895507077,0.0010998032147085113,0.1659129520074874,0.12435778115761298,-0.11949799968022876,-0.059193042783272275,DIFFICULT,1
100238,4,0.0,0.0,0.3026176208928561,0.0,0.0,0.0,0.1907292234108964,0.0,0.3026176208928561,0.2129210150523358,3.7059970079202335e-17,1,0.0,0.0,0.0,1.5,0.2088967783629647,0.4150034314527216,1.8041124150158794e-16,0.2362494036908145,0.2107950033137874,0.02959652139163613,-1.8041124150158794e-16,-1.033680271475643e-17,-0.08878956417490831,0.27596584040030236,-0.16794049089413882,-0.12638532004426456,0.3965636432952397,0.09904591756343475,-0.21685845384767558,0.2527303854402972,0.2111752145904227,-0.33745625674261276,-0.08878956417490849,DIFFICULT,1
100238,5,0.0,0.0,0.1941482491009896,0.0,0.0,0.0,0.1223648003984793,0.0,0.1941482491009896,0.1366022313811414,2.3776303182158998e-17,1,0.0,0.0,0.0,1.5,0.2811903636985047,0.6933155026145318,4.163336342344337e-17,0.34242846602101257,0.3265946064960122,0.2055274841067146,-4.163336342344337e-17,-2.3854160110976377e-18,-0.10358782487072636,0.354681567357692,-0.004864576945301437,0.10363921735955317,0.6695718428953089,0.38686527776047286,0.05614974575239368,0.482754922844115,0.3742511285392602,-0.258740529785223,-0.1035878248707264,DIFFICULT,1
100239,1,0.7499763658357823,0.0,0.2682703985662211,0.1655505753124557,-0.0799790342493672,0.0,0.9316566271312284,0.6627912097003424,1.178124871072858,0.9424556784979878,1.1102230246251563e-16,4,0.0,0.0,0.0,1.5,0.0,0.0,0.0,0.0,0.0,0.0,0.0,0.0,0.0,0.0,0.0,0.0,0.0,0.0,0.0,0.0,0.0,0.0,0.0,CORRECTABLE,0
100239,2,0.0,0.0,0.0,0.1365865006027083,0.0,-0.0282269343040738,-0.0084062520206472,-0.1589193404109346,0.1362552321759034,0.0969709687820493,1.0036239282132027e-16,1,0.0,0.0,0.0,1.5,0.19540710181351947,0.4281485052370757,1.1102230246251565e-16,0.23075171158617117,0.21014185327379567,0.18168026129544596,-1.1102230246251565e-16,-6.361109362927034e-18,0.0,0.2591522644017745,0.08319657173360884,0.13494004118858838,0.41728931379526246,0.26827039856622115,0.10239340694061727,0.32955641454298035,0.2778129450880007,-0.05574364245287067,-1.1102230246251565e-16,CORRECTABLE,0
100239,3,0.0,-0.0144224612422929,0.0,0.0,0.0,0.0,-2.4732691142639625e-18,-0.1258597201179113,0.1258597201179113,0.0733881973506234,0.2517194402358227,1,0.0,0.0,0.0,1.5,0.20816898965033256,0.47362535293333996,1.5265566588595902e-16,0.24518204968722723,0.22905650774382455,0.0908401306477231,-1.5265566588595902e-16,-8.74652537402467e-18,-0.09084013064772292,0.2982136151902092,-0.08792708963062298,-0.0361836201756435,0.45635066458369716,0.1774302679184983,-0.1183482051432633,0.3189998146117665,0.26725634515678687,-0.27648525453675116,-0.09084013064772307,CORRECTABLE,0
100239,4,0.0,0.0,0.1226136880625082,0.0,-0.0004132331957605,0.0814986487671915,0.1016152626890434,1.3843089623840871e-05,0.2041123368296998,0.1199816338920602,1.5067022065759494e-17,2,0.0,0.0,0.0,1.5,0.20188898040118275,0.4282052876094785,1.6653345369377348e-16,0.23221819585630757,0.21225009998882916,0.04542006532386169,-1.6653345369377348e-16,-9.541664044390551e-18,-0.1362601959715843,0.25279354986634783,-0.13334715495448438,-0.08160368549950489,0.41093059925983577,0.13201020259463692,-0.1637682704671247,0.2735797492879051,0.22183627983292548,-0.32190531986061255,-0.13626019597158448,DIFFICULT,1
100239,5,-0.6436809733663336,0.0,0.2588812117776045,0.094951575902347,-0.3648314423503253,0.0,-0.4230463530105816,-0.6436809733663337,-0.2743082019053495,0.4352360669064377,1.1102230246251563e-16,4,0.0,0.0,0.0,1.5,0.2199004159115262,0.5242727346575974,1.1102230246251565e-16,0.2637761095753081,0.24962955612826787,0.10005421534281539,-1.1102230246251565e-16,-6.361109362927034e-18,-0.15897022863351504,0.26807038751001105,-0.08386876760700986,-0.005038559151162338,0.5048574028545574,0.2319138579952144,-0.06984146687240309,0.3501448756362477,0.2713146671804001,-0.30662848221694927,-0.15897022863351515,DIFFICULT,1
100240,1,-0.2364073914939468,-0.0162064465474556,0.25966298624492,0.1199075804332572,0.0,-0.040119509310083,-0.0846989357804797,-0.4207518989579864,0.1270806408943924,0.1719519365646924,0.2828558598450927,4,0.0,0.0,0.0,1.5,0.0,0.0,0.0,0.0,0.0,0.0,0.0,0.0,0.0,0.0,0.0,0.0,0.0,0.0,0.0,0.0,0.0,0.0,0.0,NOT_IMPROVED,1
100240,2,-0.0181288505633474,0.0,0.0,0.0705684027784932,0.2125572971355092,0.0,-0.0516124291009293,-0.1426031375215125,0.0441082808839078,0.0747569318050399,7.979727989493313e-17,3,0.0,0.0,0.0,1.5,0.12314654370608517,0.4207518989579857,0.28285585984509154,0.17195193656469218,0.26522148440921794,-0.08469893578047967,-0.28285585984509154,-0.016206446547455605,-0.09498627613791774,0.07085901490912519,-0.07116719529373496,-0.0502482465209126,0.12452087316122007,-0.016863914559109735,-0.16012807025626719,-0.022430775625464878,-0.09992089636730561,-0.38350344441541706,-0.3778421359830093,DIFFICULT,1
100240,3,0.0,0.0,0.0,0.1113163470670458,0.0,0.0,2.075639792941024e-18,-0.1113163470670458,0.1113163470670458,0.0783219084847184,8.179392487706012e-17,1,0.0,0.0,0.0,1.5,0.14767275420354803,0.4220780887663139,0.14142793275136734,0.1851419583133182,0.2318678285477006,-0.07583304642782175,-0.14142793275136734,-0.008103223597886861,-0.12335077179454008,0.07377663345954168,-0.17337137272068925,-0.11809423098581338,0.20734828319677429,0.02548555333113009,-0.18324415341602213,0.04925254360919111,-0.034310184675958366,-0.40167256280407515,-0.2647787045459074,DIFFICULT,1
100240,4,-0.4930309958043083,0.0,0.0,0.0,0.0,0.0,-0.4930309958043085,-0.4930309958043083,-0.4930309958043083,0.4930309958043082,0.0,1,0.0,0.0,0.0,1.5,0.2038842997920672,0.4655583895070391,0.07071396672928695,0.2350119306313574,0.24554818987165372,-0.03791652321391095,-0.07071396672928695,-0.00405161183946335,-0.12079123159166949,0.18927570751290712,-0.2220991464584826,-0.1597506081213987,0.34406154705676384,0.06340207654504093,-0.24412437084819016,0.16674196717259812,0.09025063548965662,-0.441338590429619,-0.19150519832095644,CORRECTABLE,0
100240,5,0.0,0.0,0.0,0.0998947985311917,0.0,0.0,2.055680157867589e-18,-0.0998947985311917,0.0998947985311917,0.0702857349778737,7.340150716361623e-17,1,0.0,0.0,0.0,1.5,0.2003873843319056,0.43175019490549804,0.03535698340884513,0.22959952050495336,0.22320832084436995,-0.01895826160695549,-0.03535698340884513,-0.002025805924796736,-0.11951146164493492,0.19409117579168583,-0.2137479798476597,-0.14786374317853168,0.35948411033167516,0.08236033815199639,-0.22163041090919056,0.19277162544364201,0.11981599209274463,-0.4082375354944868,-0.15486844505378006,DIFFICULT,1
100241,1,0.0,0.0,0.2504403296544093,0.0,0.0,-0.0609094741023843,0.1397042891306312,-1.034588084213431e-05,0.195970958619658,0.1528668210741933,3.0669368954183707e-17,1,0.0,0.0,0.0,1.5,0.0,0.0,0.0,0.0,0.0,0.0,0.0,0.0,0.0,0.0,0.0,0.0,0.0,0.0,0.0,0.0,0.0,0.0,0.0,NOT_IMPROVED,1
100241,2,0.0,-0.0111746890605376,0.2315100889041995,0.0784680741919036,0.0636711217814984,0.0,0.1358827112153127,-0.12388560879428,0.3156989149248941,0.178691026261564,0.1950351194659346,4,0.0,0.0,0.0,1.5,0.13970469886848635,0.19597095861965802,3.0669368954183707e-17,0.15286682107419336,0.11598937935386266,0.13970428913063124,3.0669368954183707e-17,1.757225401404282e-18,-1.034588084213431e-05,0.07715484677745947,0.14452895682945402,0.1874225708643882,0.19514133248126334,0.18953085555202503,0.19514133248126336,0.1874225708643882,0.14452895682945405,0.0771548467774595,-1.0345880842103641e-05,DIFFICULT,1
100241,3,0.0,-0.0160294819175831,0.0,0.0,0.0,0.0,-5.49615358725325e-19,-0.1398836220749102,0.1398836220749102,0.0815654671195521,0.2797672441498204,1,0.0,0.0,0.0,1.5,0.2204356076814432,0.42404375286729623,1.762479051592436e-15,0.2524618576553092,0.21858999393015327,0.20573485578062833,-1.762479051592436e-15,-1.0098261113646666e-16,-0.06986249044615686,0.13850084878210553,0.14646620091211932,0.24663267875200953,0.4163534451996903,0.3511887998909089,0.26709829863700707,0.338877432323594,0.23871095448370339,-0.01075429778057882,-0.06986249044615862,CORRECTABLE,0
100241,4,0.0,0.0,0.1618919085279543,0.0,0.0,0.0,0.102034765520072,0.0,0.1618919085279543,0.1139067493519696,1.982604075866154e-17,1,0.0,0.0,0.0,1.5,0.15528481010240497,0.3211763249769821,1.7486012637846216e-15,0.178862702675719,0.16082461079138854,0.10286742789031429,-1.7486012637846216e-15,-1.0018747246610078e-16,-0.17272991833647097,0.03563342089179139,0.04359877302180523,0.14376525086169545,0.3134860173093762,0.2483213720005948,0.16423087074669296,0.2360100044332799,0.13584352659338927,-0.11362172567089292,-0.17272991833647272,CORRECTABLE,0
100241,5,-0.4226479389670103,0.0002046373237357,0.1247945559326426,0.0,-0.1586360837223821,0.0,-0.3190048126105164,-0.424433736502847,-0.2907299238291738,0.3211604540451931,0.0035715950716733,4,0.0,0.0,0.0,1.5,0.216110703492519,0.42690835515353526,1.7208456881689926e-15,0.24744691014755207,0.217650408608572,0.15346847946522926,-1.7208456881689926e-15,-9.859719512536902e-17,-0.22416363228162797,0.03422705793356672,0.08732273537486185,0.22330484216744795,0.41602065790518905,0.3587795665833921,0.26676551134250587,0.3155495957390324,0.1795674889464459,-0.11502808862911754,-0.2241636322816297,DIFFICULT,1
100242,1,0.0,0.0291317209126833,0.2840208181790549,0.2470100788666591,0.1627186082397661,0.0,0.1533756898312517,-0.2542222452560251,0.5342745959672914,0.2676618086534485,0.5084444905120502,4,0.0,0.0,0.0,1.5,0.0,0.0,0.0,0.0,0.0,0.0,0.0,0.0,0.0,0.0,0.0,0.0,0.0,0.0,0.0,0.0,0.0,0.0,0.0,DIFFICULT,1
100242,2,0.2075333381893881,0.0,0.1426894517659117,0.0671448291299048,0.0,0.0,0.2974654718303256,0.1735162174088547,0.4127522725879203,0.3044817888111227,2.775557561562892e-17,3,0.0,0.0,0.0,1.5,0.20406775729547552,0.5153492198091723,1.1102230246251565e-16,0.2506463361965473,0.24088972675104908,0.15337568983125172,-1.1102230246251565e-16,-6.361109362927034e-18,0.0,0.2844303653915645,-0.024672011062404797,0.05363786859992791,0.495476035169698,0.284020818179055,0.02563494497626609,0.344015631650774,0.26570575198844104,-0.18541072480186732,-1.1102230246251565e-16,DIFFICULT,1
100242,3,-0.3384174755635693,0.021141418599749,0.1245421366207113,0.149401563907,0.0,0.0,-0.2599229552196523,-0.522911165490606,-0.0087044773450844,0.2931310793779516,0.3689873798540732,4,0.0,0.0,0.0,1.5,0.2537738547356344,0.6438803092920786,2.7755575615628914e-17,0.31000692444269157,0.3002969416525831,0.16661997855656333,-2.7755575615628914e-17,-1.5902773407317584e-18,-0.07668784491562594,0.3156945132691703,-0.05695584090258571,0.05292147475071285,0.6183524504421459,0.3500224250293408,0.020794305689672887,0.4222327184620712,0.3123554028087724,-0.28186363148330273,-0.07668784491562597,DIFFICULT,1
100242,4,-0.3371767335812995,0.0,0.3317991746766339,0.0529003758411105,-0.2027608961856871,0.0,-0.0961150271814581,-0.3371767335812995,0.0448088134563238,0.1430018551191673,0.0,4,0.0,0.0,0.0,1.5,0.33640607102818326,0.8303064904437698,1.609823385706477e-15,0.4054217670159846,0.3905559451431849,0.1618045096221987,1.609823385706477e-15,9.223608576244199e-17,-0.15999783419390845,0.4129594916208934,-0.15487783492018542,-0.017447845419613306,0.7955784026487521,0.39125457237177047,-0.086158403900599,0.527495470159678,0.39006548065910585,-0.46877731492845653,-0.15999783419390684,DIFFICULT,1
100242,5,0.0,-0.0091927712344462,0.0,0.0,0.0,0.0,-2.335865274582632e-18,-0.0802220634002227,0.0802220634002227,0.0467770992591928,0.1604441268004454,1,0.0,0.0,0.0,1.5,0.38252305012986154,0.8751153039000936,1.609823385706477e-15,0.4603634678349371,0.42332785299248077,0.06568948244074052,1.609823385706477e-15,9.223608576244199e-17,-0.49717456777520797,0.2762975347002271,-0.2702708461937062,-0.0787200544146195,0.8361906698551252,0.38587701346710485,-0.14616863101052763,0.5284113826849395,0.3368605909058527,-0.7060617661654245,-0.49717456777520636,DIFFICULT,1
100243,1,0.0,0.0,0.0,0.1007199269146991,-0.0449623979550914,0.0,0.0070828054527223,-0.0987883151133087,0.111960526403472,0.0713635500335377,6.850149599009579e-17,2,0.0,0.0,0.0,1.5,0.0,0.0,0.0,0.0,0.0,0.0,0.0,0.0,0.0,0.0,0.0,0.0,0.0,0.0,0.0,0.0,0.0,0.0,0.0,NOT_IMPROVED,1
100243,2,0.0,0.0,0.1527102022691129,0.0,0.0,0.0,0.0962478595918285,0.0,0.1527102022691129,0.107446523371814,1.87016060406014e-17,1,0.0,0.0,0.0,1.5,0.06360981825101104,0.11196052640347194,6.850149599009573e-17,0.07136355003353771,0.05980745839969869,0.007082805452722375,-6.850149599009573e-17,-3.9248466105648175e-18,0.0,0.10636163658327939,-0.04637315318340218,-0.05064933133974677,0.098433166255567,3.7003900831932474e-17,-0.09314751937042541,0.06775404396512508,0.07203022212146958,-0.08521904904271299,-6.850149599009573e-17,DIFFICULT,1
100243,3,-0.1558513839884956,0.0754828574589747,0.0,0.0,0.0,0.0,-0.1558513839884956,-0.8145639608136005,0.5028611928366092,0.4145074449344705,1.3174251536502095,2,0.0,0.0,0.0,1.5,0.10976778274007745,0.24662517090316377,1.6046192152785466e-17,0.13093022826629408,0.12001090891960177,0.09978926231818983,-1.6046192152785466e-17,-9.193790876105477e-19,-0.003541402726361117,0.1500102815725098,0.03984624885862183,0.06935441478404011,0.24012779650199664,0.1491687995427518,0.048547110876004274,0.187757790088912,0.1582496241634936,-0.04157040405348253,-0.003541402726361133,CORRECTABLE,0
100243,4,0.0,0.0,0.1850114668506603,0.0,0.0,0.0,0.1166062084898582,0.0,0.1850114668506603,0.1301736138230743,2.2657370068421786e-17,1,0.0,0.0,0.0,1.5,0.0805043100811432,0.19673053974406884,5.551115123125783e-17,0.09835802976044966,0.0930062579236086,0.049894631159094906,5.551115123125783e-17,3.180554681463517e-18,-0.05343603388545615,0.10011565041341486,-0.010048382300473002,0.01945978362494527,0.19023316534290177,0.09927416838365691,-0.0013475202830906252,0.1378631589298171,0.10835499300439871,-0.09146503521257748,-0.05343603388545609,CORRECTABLE,0
100243,5,-0.1587337214242022,0.0,0.0,0.0689119901102205,0.0,0.0,-0.1587337214242022,-0.2276457115344227,-0.0898217313139816,0.1659738421798571,5.551115123125783e-17,2,0.0,0.0,0.0,1.5,0.16470290692999537,0.35098221557177894,9.71445146547012e-17,0.1895504099631622,0.17366057774684854,0.14155352406940575,9.71445146547012e-17,5.565970692561154e-18,-0.07838334946500355,0.13234002224495872,0.07375131383979548,0.1441898888818193,0.34124221090099965,0.25933831965476983,0.14966152527500726,0.26259326418669116,0.19215468914466727,-0.05924066338103359,-0.07838334946500346,CORRECTABLE,0
100244,1,0.0,0.0,0.0,0.0527221109492351,0.0,0.0,9.046008123494761e-19,-0.0527221109492351,0.0527221109492351,0.0370951478168798,3.873957865096346e-17,1,0.0,0.0,0.0,1.5,0.0,0.0,0.0,0.0,0.0,0.0,0.0,0.0,0.0,0.0,0.0,0.0,0.0,0.0,0.0,0.0,0.0,0.0,0.0,NOT_IMPROVED,1
100244,2,0.0,0.0,0.0,0.0,0.0724665749712117,0.0,-0.0114154643811227,-0.0209823095787229,0.0,0.0135542028246573,8.874595908366613e-18,1,0.0,0.0,0.0,1.5,0.03322068856587676,0.0527221109492351,3.8739578650963435e-17,0.03709514781687986,0.029492354636221553,1.6259709706764653e-18,-3.8739578650963435e-17,-2.219614356815312e-18,0.0,0.050141707171106116,-0.03098927928568791,-0.030989279285687926,0.05014170717110611,1.9369789325481718e-17,-0.050141707171106116,0.030989279285687968,0.03098927928568794,-0.0501417071711061,-3.8739578650963435e-17,NOT_IMPROVED,1
100244,3,-0.5006382825840536,0.0,0.0,0.0,0.0,0.0,-0.5006382825840536,-0.5006382825840536,-0.5006382825840536,0.5006382825840537,0.0,1,0.0,0.0,0.0,1.5,0.03430199258141,0.07083875469203803,4.7614174559330045e-17,0.03949387807962286,0.03549161198999671,-0.011415464381122765,-4.7614174559330045e-17,-2.728091247248788e-18,0.0,0.03310379355021608,-0.05166522178767656,-0.04477324095368036,0.045882228765883604,1.9369789325481718e-17,-0.05440118557632862,0.01720531761769553,0.010313336783699285,-0.06717962079199614,-4.7614174559330045e-17,CORRECTABLE,0
100244,4,0.0,0.0108829836595027,0.0,0.0,0.0,0.0,2.335865274582632e-18,-0.0949719497916866,0.0949719497916866,0.0553776870594988,0.1899438995833733,1,0.0,0.0,0.0,1.5,0.033872715358223796,0.06513102250147662,0.0,0.038236524233912814,0.033524773781301406,-0.00570773219056134,0.0,0.0,0.005707732190561421,0.03881152574077751,-0.0459574895971151,-0.03906550876311898,0.051589960956445025,0.005707732190561421,-0.04869345338576725,0.022913049808256924,0.0160210689742607,-0.06147188860143471,0.005707732190561421,HIGHLY_CORRECTABLE,0
100244,5,0.0,0.0,0.0,0.0806888528556436,0.0,0.0,1.645790541099638e-18,-0.0806888528556436,0.0806888528556436,0.0567724787563346,5.928920722592149e-17,1,0.0,0.0,0.0,1.5,0.033766430722211575,0.062277156406196015,0.0,0.03791567130384513,0.03260464326890679,-0.0028538660952807425,0.0,0.0,0.00856159828584202,0.04166539183605811,-0.043103623501834505,-0.03621164266783839,0.054443827051725624,0.00856159828584202,-0.04583958729048665,0.025766915903537524,0.018874935069541292,-0.05861802250615411,0.00856159828584202,HIGHLY_CORRECTABLE,0
100245,1,0.0,0.0,0.0,0.0,0.2493450658491229,0.0,-0.039278656662608,-0.0721965315133464,0.0,0.046637689130322,3.053596367753144e-17,1,0.0,0.0,0.0,1.5,0.0,0.0,0.0,0.0,0.0,0.0,0.0,0.0,0.0,0.0,0.0,0.0,0.0,0.0,0.0,0.0,0.0,0.0,0.0,NOT_IMPROVED,1
100245,2,0.0,0.0,0.0,0.1354631608804423,0.0393609590437813,0.0,-0.0062004258673687,-0.1453034006413877,0.1336788723452198,0.0955954582316985,1.0435704307520367e-16,2,0.0,0.0,0.0,1.5,0.03927865666260808,0.07219653151334639,3.0535963677531433e-17,0.04663768913032203,0.03810632536581855,-0.03927865666260808,-3.0535963677531433e-17,-1.7495818420873315e-18,0.0,-0.05862454097520401,-0.07114237490455573,-0.0474282499363705,-0.014656135243801003,0.0,-0.014656135243800996,-0.04742824993637051,-0.07114237490455576,-0.05862454097520403,-3.0535963677531433e-17,DIFFICULT,1
100245,3,0.0,0.0015789442458859,0.0,0.0,0.0,0.0,8.587739980083204e-20,-0.013778887901552,0.013778887901552,0.0080344032518415,0.027557775803104,1,0.0,0.0,0.0,1.5,0.08941054238392869,0.18833985321532676,1.214306433183765e-16,0.10295442980343363,0.09362056166012003,-0.025839754198672838,-1.214306433183765e-16,-6.957463365701443e-18,0.019639328331303992,0.08059359273257428,-0.14235664374356283,-0.11489906911675618,0.13150273583658412,0.019639328331304048,-0.12616350790998268,0.04434742727213731,0.0168898526453305,-0.17707265101399247,0.01963932833130387,DIFFICULT,1
100245,4,0.0,0.0,0.0,0.0,0.0327654165992436,0.0,-0.0051614478298429,-0.0094870513037807,0.0,0.0061284682268614,4.012606256099327e-18,1,0.0,0.0,0.0,1.5,0.08848961643451463,0.17541997611599092,1.6237011735142914e-15,0.10049300942535383,0.08922217870768753,-0.012919877099336534,1.6237011735142914e-15,9.303122443280787e-17,0.03255920543063942,0.09351346983190989,-0.12943676664422704,-0.10197919201742023,0.14442261293592024,0.03255920543064035,-0.1132436308106462,0.057267304371473954,0.029809729744667324,-0.16415277391465546,0.032559205430641044,DIFFICULT,1
100245,5,0.0,0.016815724396351,0.0,0.0,0.0,0.0,2.748076793626625e-19,-0.1467448826254812,0.1467448826254812,0.0855662351403901,0.2934897652509625,1,0.0,0.0,0.0,1.5,0.08908568971735031,0.17746223556519727,1.6445178552260131e-15,0.1013424497543706,0.09009862256020183,-0.011621386379511406,1.6445178552260131e-15,9.422393243835668e-17,0.03901914398030751,0.09226979691667622,-0.13232535698430975,-0.10175160606091935,0.1489566486193629,0.03901914398030845,-0.10870959512720353,0.057494890327974855,0.026921139404584626,-0.1653964468298891,0.03901914398030915,CORRECTABLE,0
100246,1,-0.69251165781325,-0.017438891763807,0.0,0.0783899967257228,-0.1706882582832821,0.0503678042865209,-0.6506235805415218,-0.8696542936414738,-0.4517959373804368,0.6609644812105103,0.3043660885760492,4,0.0,0.0,0.0,1.5,0.0,0.0,0.0,0.0,0.0,0.0,0.0,0.0,0.0,0.0,0.0,0.0,0.0,0.0,0.0,0.0,0.0,0.0,0.0,CORRECTABLE,0
100246,2,0.0,0.0,0.0,0.0,-0.1294913376369506,0.0,0.0203984216591689,0.0,0.0374935249132557,0.0242201574320942,1.5858115215440068e-17,1,0.0,0.0,0.0,1.5,0.053507484745771196,0.1212928698071929,1.1102230246251565e-16,0.06372850887478171,0.05881295725336743,0.0268880616129954,-1.1102230246251565e-16,-6.361109362927034e-18,0.0,0.11468453358171515,0.0026237700859805813,-0.013609647943557901,0.08458612129419463,0.0,-0.06452051310251428,0.07854332006171239,0.09477673809125087,-0.03442210081499375,-1.1102230246251565e-16,HIGHLY_CORRECTABLE,0
100246,3,0.0,0.008870742752764,0.3715162681739318,0.0,-0.0730998891921824,0.0,0.2456688417433013,-0.0774118346851089,0.375839705668377,0.2745846118550249,0.154823669370218,3,0.0,0.0,0.0,1.5,0.058403098052519524,0.1414501511767129,3.9898639947466563e-17,0.07144038078406761,0.0671000128471765,0.0338424524656666,-3.9898639947466563e-17,-2.2860236773019027e-18,-0.013444030806497727,0.13168574220026735,0.026125813418502175,-0.0024229626573760623,0.07875340034395942,-0.0134440308064977,-0.07035323405274949,0.08973000534789426,0.1182787814237725,-0.017420892196441485,-0.013444030806497767,DIFFICULT,1
100246,4,0.0,-0.0513473740085476,0.0,0.0,0.0,0.0,-1.5938845403034424e-17,-0.4480904893108503,0.4480904893108503,0.261279408770926,0.8961809786217007,1,0.0,0.0,0.0,1.5,0.2645821480087651,0.4221725211144684,1.7416623698807143e-15,0.2900151924425471,0.23502791998122527,0.2625900679761346,1.7416623698807143e-15,9.978990313091783e-17,-0.030365257039331885,0.24675617124449017,0.24843300839204457,0.29512321094059724,0.41946184554873944,0.3411510111346008,0.27035521115203087,0.38727617894586835,0.340585976397316,0.0976495368477828,-0.030365257039330143,CORRECTABLE,0
100246,5,0.0,0.0,0.0541032310955908,0.1043727271022653,0.0,0.0,0.0340993601774955,-0.0907118449305941,0.1565702499688509,0.0827163403402292,7.006610081996722e-17,2,0.0,0.0,0.0,1.5,0.1637979649437566,0.29087748712640116,1.7763568394002505e-15,0.17998237135259765,0.15440087275630762,0.13129503398806736,1.7763568394002505e-15,1.0177774980683254e-16,-0.1616602910273992,0.11546113725642287,0.11713797440397727,0.16382817695252994,0.2881668115606721,0.20985597714653348,0.13906017716396357,0.25598114495780105,0.20929094240924873,-0.033645497140284475,-0.16166029102739743,CORRECTABLE,0
100247,1,-0.0527255149246803,0.0,0.0,0.1516556359977267,0.0,0.0,-0.0527255149246803,-0.204381150922407,0.0989301210730463,0.1190203231179444,1.1102230246251563e-16,2,0.0,0.0,0.0,1.5,0.0,0.0,0.0,0.0,0.0,0.0,0.0,0.0,0.0,0.0,0.0,0.0,0.0,0.0,0.0,0.0,0.0,0.0,0.0,DIFFICULT,1
100247,2,-0.355790964690993,0.0,0.2352736495168741,0.2057160499765815,-0.0321250931243517,0.0,-0.2024456941080248,-0.4978390844128629,0.0786393573631264,0.2592419822265761,1.1102230246251563e-16,4,0.0,0.0,0.0,1.5,0.09555961553951284,0.1516556359977267,1.1102230246251565e-16,0.10670453313251137,0.08483502877442303,4.946538228527925e-18,-1.1102230246251565e-16,-6.361109362927034e-18,0.0,0.14423308084852385,-0.08914094626649924,-0.0891409462664993,0.14423308084852382,5.551115123125783e-17,-0.14423308084852385,0.0891409462664994,0.08914094626649932,-0.14423308084852382,-1.1102230246251565e-16,DIFFICULT,1
100247,3,0.1973891480659709,0.0,0.0,0.0,0.0,0.0,0.1973891480659708,0.1973891480659709,0.1973891480659709,0.1973891480659709,0.0,1,0.0,0.0,0.0,1.5,0.2515084337594759,0.5857867002966393,1.1102230246251565e-16,0.3033346056881816,0.28152200078565276,0.15334527058296807,-1.1102230246251565e-16,-6.361109362927034e-18,-5.551115123125783e-17,0.42013728910138687,-0.06260159141779748,-0.013606869984328307,0.565527473767518,0.23527364951687424,-0.11423386760298432,0.40650874322086256,0.3575140217873931,-0.2596240522691153,-1.6653345369377348e-16,NOT_IMPROVED,1
100247,4,0.0,0.0,0.0,0.0501347303723472,0.0,0.0,1.0264772208728218e-18,-0.0501347303723472,0.0501347303723472,0.0352746731956986,3.683840224596636e-17,1,0.0,0.0,0.0,1.5,0.2364413108160894,0.5091140650051552,0.0,0.27271927691379255,0.25093854043775266,0.07667263529148409,0.0,0.0,-0.0766726352914841,0.3434646538099029,-0.13927422670928147,-0.0902795052758123,0.48885483847603395,0.15860101422539025,-0.1909065028944683,0.32983610792937856,0.28084138649590906,-0.3362966875605993,-0.0766726352914841,DIFFICULT,1
100247,5,0.3921096537106961,0.0027251908701036,0.0630273546540097,0.0,-0.2849786214116778,0.0,0.4767254892151338,0.3683278769784635,0.5247345017761857,0.4778186631962565,0.0475635534644653,4,0.0,0.0,0.0,1.5,0.26390919991495,0.5208135482935604,5.551115123125783e-17,0.29824558092175385,0.26524138255472857,0.03833631764574207,-5.551115123125783e-17,-3.180554681463517e-18,-0.1150089529372261,0.3528092981774822,-0.20707899949554867,-0.15808427806207953,0.4981994828436133,0.12026469657964828,-0.27692378255353167,0.3209682454241618,0.27197352399069225,-0.42231396721966263,-0.11500895293722616,DIFFICULT,1
100248,1,0.0,0.0,0.0,0.2015888080506403,0.0,0.0,5.266203460089309e-18,-0.2015888080506403,0.2015888080506403,0.1418373903895366,1.481250531138881e-16,1,0.0,0.0,0.0,1.5,0.0,0.0,0.0,0.0,0.0,0.0,0.0,0.0,0.0,0.0,0.0,0.0,0.0,0.0,0.0,0.0,0.0,0.0,0.0,NOT_IMPROVED,1
100248,2,0.0,0.0,0.121704474903577,0.0,0.0,0.0,0.0767060421514871,0.0,0.121704474903577,0.0856309697248462,1.4904499563257498e-17,1,0.0,0.0,0.0,1.5,0.12702296797381535,0.2015888080506403,1.4812505311388809e-16,0.1418373903895366,0.1127672718462904,3.4112516243913376e-18,-1.4812505311388809e-16,-8.48694038357694e-18,0.0,0.1917223495087344,-0.11849092839938453,-0.11849092839938459,0.19172234950873437,7.406252655694404e-17,-0.1917223495087344,0.11849092839938476,0.11849092839938465,-0.19172234950873435,-1.4812505311388809e-16,NOT_IMPROVED,1
100248,3,0.0186087328090114,-0.0117746502253293,0.0,0.1423242867210002,-0.0341072563723914,-0.0318252585898904,0.014503689506661,-0.2029158779539525,0.253796397330557,0.1307081775282988,0.2055064175957323,4,0.0,0.0,0.0,1.5,0.13896258631862657,0.3190719236121421,1.332205535506306e-16,0.165681949193421,0.15397854789857274,0.07670604215148714,-1.332205535506306e-16,-7.632975462847706e-18,0.0,0.229331100545419,-0.04695483291306256,-0.02002993991091151,0.30747018342806126,0.12170447490357707,-0.0759745155894075,0.21695191688785784,0.19002702388570664,-0.15411359847204975,-1.332205535506306e-16,DIFFICULT,1
100248,4,0.0,0.0,0.0,0.0958214563454841,0.0,0.0,9.173816124746421e-19,-0.0958214563454841,0.0958214563454841,0.0674197414171634,7.0408463881881e-17,1,0.0,0.0,0.0,1.5,0.22047425918209573,0.42407684847412,2.3592239273284576e-16,0.2486790208031174,0.21823323437717657,0.04372584531107602,-2.3592239273284576e-16,-1.3517357396219948e-17,-0.03835302107574351,0.33435561669948255,-0.15923259223868175,-0.13555149207912198,0.4064803768945698,0.08335145382783363,-0.24768120274903305,0.26874259827494634,0.24506149811538627,-0.3198059629441202,-0.038353021075743746,DIFFICULT,1
100248,5,0.0,0.0,0.0,0.0,0.0212936276402405,0.0823392890264141,0.021167102935611,-0.0050333778111708,0.0823392890264141,0.0370471185099676,2.6071674116487364e-18,1,0.0,0.0,0.0,1.5,0.2793178334883182,0.497846300408298,2.3592239273284576e-16,0.3123790783934518,0.26438714800833013,0.02186292265553812,-2.3592239273284576e-16,-1.3517357396219948e-17,-0.060215943731281446,0.4036243145022089,-0.23741795378728225,-0.2137368536277225,0.4757490746972961,0.06148853117229577,-0.36067574586283524,0.3032021145124711,0.27952101435291105,-0.4328005060579223,-0.06021594373128168,DIFFICULT,1
100249,1,0.0,0.0,0.1738886362676945,0.0,0.0,0.0,0.1095958802975975,0.0,0.1738886362676945,0.1223476175344486,2.1295216181333045e-17,1,0.0,0.0,0.0,1.5,0.0,0.0,0.0,0.0,0.0,0.0,0.0,0.0,0.0,0.0,0.0,0.0,0.0,0.0,0.0,0.0,0.0,0.0,0.0,NOT_IMPROVED,1
100249,2,-0.3410624797574954,0.0,0.0,0.0,0.0,-0.0600381402474222,-0.3589424143027767,-0.4011006200049176,-0.3410726776364647,0.3595539566371334,0.0,1,0.0,0.0,0.0,1.5,0.10959588029759755,0.1738886362676945,2.1295216181333042e-17,0.12234761753444863,0.09728011672303247,0.10959588029759755,2.1295216181333042e-17,1.2201260110090808e-18,0.0,0.05373454373540142,0.1022091759394009,0.1406788618692487,0.1653779206320686,0.1738886362676945,0.16537792063206863,0.1406788618692487,0.10220917593940092,0.053734543735401444,2.1295216181333042e-17,CORRECTABLE,0
100249,3,0.0,-0.0096353509299356,0.0,0.1677115394259457,0.0,0.0,6.870191984066563e-19,-0.2380114109700137,0.2380114109700137,0.1388607407781387,0.1681685998977813,2,0.0,0.0,0.0,1.5,0.06687825138068651,0.1190906961188957,0.0,0.07720425365678837,0.0635111096155535,0.05479794014879876,0.0,0.0,-0.054797940148798796,-0.0010633964133973661,0.04741123579060211,0.0858809217204499,0.11057998048326981,0.1190906961188957,0.11057998048326984,0.0858809217204499,0.047411235790602135,-0.0010633964133973661,-0.054797940148798796,CORRECTABLE,0
100249,4,0.2498037755517173,0.0,0.0,0.0,-0.059654442206776,0.0132004652511711,0.2631322044445749,0.2498060177388739,0.2674672988502882,0.263161626408335,0.0,2,0.0,0.0,0.0,1.5,0.11406614655232762,0.2536092937902578,1.249000902703301e-16,0.13278826363425858,0.12358145846620153,0.027398970074399454,-1.249000902703301e-16,-7.156248033292912e-18,-0.0821969102231981,0.13104078594114055,-0.07856610379763572,-0.04009641786778799,0.2426841628378077,0.09169172604449645,-0.07632214202006671,0.1570603211598893,0.11859063523004146,-0.18796551891673385,-0.08219691022319822,DIFFICULT,1
100249,5,0.0608585222954337,0.0,0.4739607616754597,0.0,-0.2570928937827496,0.0,0.400078441022564,0.0608585222954337,0.5348192839708935,0.4245512147895889,9.020562075079396e-17,3,0.0,0.0,0.0,1.5,0.1136633682519088,0.2422089084898264,0.0,0.13130830205215566,0.11989251322773611,0.023096688650834425,0.0,0.0,-0.09589639526039784,0.13136690144909147,-0.07524516503882334,-0.042448953707646286,0.23249107793689566,0.07799224100729674,-0.08651522692097874,0.154707785320031,0.12191157398885383,-0.18763940340878293,-0.09589639526039784,DIFFICULT,1
100250,1,0.5105944470827967,-0.0059622879976279,0.284121260716455,0.1748477057590923,0.0,0.0,0.6896660664124613,0.3584725668237875,0.968617124234238,0.7081639523792379,0.1040615568863683,4,0.0,0.0,0.0,1.5,0.0,0.0,0.0,0.0,0.0,0.0,0.0,0.0,0.0,0.0,0.0,0.0,0.0,0.0,0.0,0.0,0.0,0.0,0.0,CORRECTABLE,0
100250,2,0.6187718084128333,-0.0004204755858717,0.0,0.0,-0.0327593659578039,0.0,0.6239323031014264,0.6151024667139104,0.6306712409180716,0.6239447172498709,0.0073386833978457,3,0.0,0.0,0.0,1.5,0.1967823856693061,0.4496977526005318,5.551115123125783e-17,0.2347282091662167,0.21741686239757307,0.17907161932966467,-5.551115123125783e-17,-3.180554681463517e-18,0.0,0.25408834794606205,0.06422938406950884,0.1270860255404791,0.43650542634382117,0.28412126071645516,0.10392532650093644,0.3326318312252156,0.2697751897542453,-0.07849175189682256,-5.551115123125783e-17,CORRECTABLE,0
100250,3,0.0,0.0380975084680981,0.3742506735599863,0.0538577617595353,0.0,-0.1018774938056803,0.205536916741845,-0.3324808333570123,0.4730942012914513,0.2926389731264094,0.6649270575689961,3,0.0,0.0,0.0,1.5,0.14656626927053698,0.3614244985286127,1.1102230246251565e-16,0.17838370655457117,0.17023560099520205,0.0946963043534255,-1.1102230246251565e-16,-6.361109362927034e-18,-0.08953580966483232,0.17225472715500945,-0.015959623056163386,0.04378141756842013,0.3488951638974338,0.19458545105162284,0.016315064054549078,0.2493272232531566,0.18958618262857307,-0.16032537268787517,-0.08953580966483243,DIFFICULT,1
100250,4,0.8215441262443729,0.0,0.4439691367170479,0.0,-0.1250118722548616,0.0397747169096115,1.132900305499608,0.8215508822455984,1.3052879798710324,1.142311469532135,0.0,3,0.0,0.0,0.0,1.5,0.33120593931314574,0.7303207325724892,1.1102230246251565e-16,0.38481681725760675,0.3569396832914512,0.28322516462065733,-1.1102230246251565e-16,-6.361109362927034e-18,-0.136883961841545,0.2917781685390813,0.1250144532624721,0.2675516223742708,0.7087023288122744,0.5214879724348964,0.2736786784204337,0.53641102422648,0.39387385511468137,-0.1432454818527592,-0.1368839618415451,DIFFICULT,1
100250,5,-0.2291576560590714,-0.0191892703074203,0.0,0.0464616457938581,-0.006769322442086,0.0612735945498139,-0.2098434382294015,-0.4173902081704969,-0.0385846549487555,0.2381242380317195,0.3349159604420313,4,0.0,0.0,0.0,1.5,0.507353548577541,1.0235471744483173,2.220446049250313e-16,0.5797251477243943,0.517242731680197,0.44112346902368654,-2.220446049250313e-16,-1.2722218725854067e-17,-0.27849654415187364,0.3167516484014461,0.28002838870411806,0.508896287790457,0.996677500497916,0.8238445268416155,0.5616538501060753,0.7777556896426663,0.5488877905563273,-0.11827200199039423,-0.27849654415187386,DIFFICULT,1
100251,1,0.0,0.0140036540350639,0.0,0.0,0.0,0.0,2.6106729539452942e-18,-0.1222049375443795,0.1222049375443795,0.0712571112133851,0.2444098750887591,1,0.0798206212734722,0.0027345039249778,0.1710055021780645,1.5,0.0,0.0,0.0,0.0,0.0,0.0,0.0,0.0,0.0,0.0,0.0,0.0,0.0,0.0,0.0,0.0,0.0,0.0,0.0,HIGHLY_CORRECTABLE,0
100251,2,0.0292875178100165,0.0,0.0,0.0,0.0,0.0,0.0292875178100165,0.0292875178100165,0.0292875178100165,0.0292875178100165,0.0,1,0.0798206212734722,0.0027345039249778,0.1710055021780645,1.5,0.025082204945654364,0.04960364365379489,3.4076870769617074e-09,0.030036183490454414,0.02540937395118634,0.025082204945654364,-3.4076870769617074e-09,-1.9524608741117796e-10,0.0035808226802362952,0.01381588960602459,0.03512714330504218,0.0496010526541546,0.02571044050737556,0.0,0.02571043982583812,0.04960105129107975,0.0351271412604299,0.013815886879874922,0.0035808192725492183,HIGHLY_CORRECTABLE,0
100251,3,-0.4950862074792256,0.0,0.0,0.0,0.0,0.0,-0.4950862074792255,-0.4950862074792256,-0.4950862074792256,0.4950862074792257,0.0,1,0.0798206212734722,0.0027345039249778,0.1710055021780645,1.5,0.039646409150031404,0.08666618376134105,1.7038425392801315e-09,0.0500772854301361,0.042901506927578104,0.03762330741848161,-1.7038425392801315e-09,-9.762298645560472e-11,-0.00537945966812034,0.015090674694609424,0.05771318260379778,0.08666100181317574,0.03887977803077086,-0.012541102472827137,0.03887977769000228,0.08666100113163872,0.05771318158149219,0.015090673331535381,-0.005379461371962879,DIFFICULT,1
100251,4,0.0,0.0,0.1900317540795062,0.0,0.0,0.0,0.1197703186353029,0.0,0.1900317540795062,0.1337058755911312,2.327217793698243e-17,1,0.0798206212734722,0.0027345039249778,0.1710055021780645,1.5,0.12505368712229611,0.2138998797782663,0.10712716437691511,0.14068134999392565,0.14789235438263582,0.11773051059490154,-0.10712716437691511,-0.006137934366521341,0.05531398397146897,0.07594569311876698,0.1360969079324798,0.2043319149267363,0.20103543264073964,0.16392575136003884,0.17960999976535652,0.16148104917597025,0.07182060930633061,-0.009756038382765175,-0.051813180405446135,CORRECTABLE,0
100251,5,0.0,0.0,0.2403738469887621,0.1592321091378445,0.0,0.1189432335122017,0.1869216027630853,-0.1015999187573413,0.4891486910312613,0.2449419307623234,8.756287795536054e-17,2,0.0798206212734722,0.0027345039249778,0.1710055021780645,1.5,0.2123185531067169,0.35884324889202657,0.0535635823570568,0.246152366337728,0.21203285194051288,0.20371777887840808,-0.0535635823570568,-0.0030689672017257382,-0.02675224135951812,0.06819393473777091,0.2079875828270114,0.3380939137191324,0.34325519732822235,0.2950922501420943,0.33254248085681093,0.3166684807763096,0.1758494334127772,0.025343068852125367,-0.08031582371657492,DIFFICULT,1
100252,1,0.0,0.0,0.0,0.1004218718447247,0.0,0.0,1.1587206733270504e-18,-0.1004218718447247,0.1004218718447247,0.0706565824671683,7.378879435141669e-17,1,0.0798206212734722,0.0027345039249778,0.1710055021780645,1.5,0.0,0.0,0.0,0.0,0.0,0.0,0.0,0.0,0.0,0.0,0.0,0.0,0.0,0.0,0.0,0.0,0.0,0.0,0.0,CORRECTABLE,0
100252,2,0.0,0.0,0.0865476977428181,0.1076221232042771,0.0,0.0,0.0545479642916536,-0.0858862183420296,0.1912383981962132,0.0971704264477063,6.848041711830455e-17,2,0.0798206212734722,0.0027345039249778,0.1710055021780645,1.5,0.06639653978059952,0.1460819870326374,6.938893903907228e-17,0.07677580976200775,0.07142113902017186,0.025082204945654364,-6.938893903907228e-17,-3.975693351829396e-18,0.0035808209763927568,0.10932276383943199,-0.02389935299519786,-0.009425443305316764,0.12121731576308908,5.551115123125783e-17,-0.06979643542987543,0.10862754725055121,0.09415363756067,-0.08169098735353247,0.0035808209763926874,CORRECTABLE,0
100252,3,0.8134560019384023,0.0,0.2052576226996498,0.1114736293688459,-0.073631461767584,0.0,0.9544216149268728,0.7629795311468539,1.1263565187824731,0.9596576503204718,1.1102230246251563e-16,4,0.0798206212734722,0.0027345039249778,0.1710055021780645,1.5,0.1487339754306725,0.34922718911947215,1.609823385706477e-15,0.18004327461493147,0.167392676826537,0.09217127171013524,1.609823385706477e-15,9.223608576244199e-17,-0.00537946052004247,0.2396969806070586,-0.01370054967207203,0.034394367652561375,0.3190531269364667,0.0740065952699911,-0.07667006739839266,0.27896475188818554,0.23086983456355215,-0.15602621372779962,-0.00537946052004086,DIFFICULT,1
100252,4,0.0,0.0,0.0,0.1511206034771593,0.0,0.0,3.8127653082104474e-18,-0.1511206034771593,0.1511206034771593,0.1063280855646893,1.1104161800011174e-16,1,0.0798206212734722,0.0027345039249778,0.1710055021780645,1.5,0.26683451885546566,0.6270631113458417,3.3306690738754696e-15,0.3312223162239514,0.3012915206827883,0.21213345378919235,3.3306690738754696e-15,1.90833280887811e-16,-0.04788427539871831,0.3941848431731335,0.05147410939205754,0.15244966970028329,0.6042352011752434,0.23317858211457332,-0.0035234363722387307,0.5280651646609578,0.42708960435273213,-0.21357379437434654,-0.04788427539871498,DIFFICULT,1
100252,5,0.0,0.0128617806396164,0.1883446780752727,0.0,-0.135335461494158,0.0,0.1400260448260902,-0.1122402118006003,0.2237916345787562,0.1644116659699287,0.2244804236012006,3,0.0798206212734722,0.0027345039249778,0.1710055021780645,1.5,0.3233939034823107,0.7165996121867534,4.9960036108132044e-15,0.37971793423440237,0.349969848124161,0.13114893184025067,4.9960036108132044e-15,2.862499213317165e-16,-0.15037018131692254,0.445658239204895,-0.10829193726121587,0.00715753273689107,0.6676031491306624,0.12711185521997725,-0.22760395778363626,0.5604259517803922,0.44497648178228555,-0.4495488677094005,-0.15037018131691754,DIFFICULT,1
100253,1,-0.1465041212543989,-0.0105950692416307,0.0,0.0,0.0,0.0,-0.146504121254399,-0.2389635436798991,-0.0540446988288988,0.1561090348919979,0.1849188448510003,2,0.0798206212734722,0.0027345039249778,0.1710055021780645,1.5,0.0,0.0,0.0,0.0,0.0,0.0,0.0,0.0,0.0,0.0,0.0,0.0,0.0,0.0,0.0,0.0,0.0,0.0,0.0,NOT_IMPROVED,1
100253,2,-0.0196944200097489,0.0,0.0,0.1508183938030593,-0.0890950001293688,0.0,-0.0056595245987683,-0.1667814606713096,0.1533977238256526,0.1066454081885931,1.006139616066548e-16,3,0.0798206212734722,0.0027345039249778,0.1710055021780645,1.5,0.05883669674252698,0.13167000653585653,0.13719274791519254,0.07173613971478986,0.1054834493295518,0.009325785204492867,-0.13719274791519254,-0.007860565386025963,0.005522741379335998,0.002670581042930914,0.017114924074802168,0.052996701255900086,0.09358695859552266,0.1043220021971378,0.06614840901248412,-0.0018803979101769674,-0.0652007246743134,-0.10708361728922312,-0.13167000653585653,DIFFICULT,1
100253,3,0.0,0.0,0.3077050516315608,0.0,0.0,0.0,0.1939356517447356,0.0,0.3077050516315608,0.2165005188290739,3.768300065620621e-17,1,0.0798206212734722,0.0027345039249778,0.1710055021780645,1.5,0.11280563479705405,0.2614949075740889,0.06859637434870129,0.13467313353751437,0.1463363883697047,0.043779992958881374,-0.06859637434870129,-0.003930282733915446,-0.029857517029763317,0.1487693343122215,-0.03622825183382622,0.01251363434956651,0.256448557719706,0.09965910959489147,-0.04414434955717064,0.16237273991383974,0.09991157886070656,-0.1929813975738758,-0.09845389137846461,DIFFICULT,1
100253,4,0.1013868467861633,-0.0292589669754069,0.0,0.0546936974205124,0.0,-0.0435581136328341,0.0884148223786545,-0.172846683800863,0.3755155016322841,0.1860672559829175,0.5106653538434159,3,0.0798206212734722,0.0027345039249778,0.1710055021780645,1.5,0.27219861890178065,0.55383539317834,0.03429818719271778,0.31026579832292384,0.2891262396141439,0.24090785316983077,-0.03429818719271778,-0.0019651413703218067,-0.06531578611080291,0.22206204142251018,0.1475839292275996,0.28230366843649973,0.5494840771424064,0.3854741647470117,0.25575080729672656,0.4458820488631663,0.30430267221572244,-0.09225014073880033,-0.09961397330352069,DIFFICULT,1
100253,5,0.0,0.0,0.2948030122148499,0.1514525975275056,0.0,-0.1063094520411483,0.1541439755043738,-0.0825582685224377,0.3531092352413562,0.1984253518601797,7.51826443982917e-17,2,0.0798206212734722,0.0027345039249778,0.1710055021780645,1.5,0.22494501416697552,0.5079305709178104,0.017149101072773315,0.26773820535984466,0.25178122638325223,0.1455361315305698,-0.017149101072773315,-0.0009825711138168613,-0.19076343477929775,0.16058116596462063,0.024964270352312856,0.1758728278630885,0.505042479444157,0.2650202381620963,0.11070543215835871,0.41060714021198114,0.25626876248665054,-0.2440453419648419,-0.20791253585207106,DIFFICULT,1
100254,1,0.0,-0.0023663709561619,0.0,0.2031080351747437,0.0,0.0,3.228990232511285e-18,-0.2200536529664155,0.2200536529664155,0.146443967654847,0.0413009645320756,2,0.0798206212734722,0.0027345039249778,0.1710055021780645,1.5,0.0,0.0,0.0,0.0,0.0,0.0,0.0,0.0,0.0,0.0,0.0,0.0,0.0,0.0,0.0,0.0,0.0,0.0,0.0,DIFFICULT,1
100254,2,0.0,-0.0635467332743846,0.0,0.0,0.0,0.0,5.4961535872532505e-18,-0.5545500896467717,0.5545500896467717,0.3233554896012475,1.109100179293543,1,0.0798206212734722,0.0027345039249778,0.1710055021780645,1.5,0.12941452644347545,0.24876815036582256,1.2664660986594356e-11,0.1460287202792497,0.12805767507451377,0.02508220494565436,1.2664660986594356e-11,7.256316234958459e-13,0.00358082097006035,0.20698310860272912,-0.08425676541887861,-0.06978285572773109,0.21887766053018565,5.551115123125783e-17,-0.16745678019697202,0.16898495967296556,0.15451104998435078,-0.17935133211682958,0.003580820982725011,DIFFICULT,1
100254,3,0.027991324889934,0.0,0.107059099547972,0.1660148666536279,0.0,0.0,0.0954669029993929,-0.1110714339602858,0.2973742401944695,0.1545285998694314,1.0755285551056204e-16,3,0.0798206212734722,0.0027345039249778,0.1710055021780645,1.5,0.3492698806456652,0.6300110068032525,0.27160742181873054,0.39340592716329764,0.41460708549662423,0.34549121341394945,-0.27160742181873054,-0.015561958571971107,0.3959136011572758,0.5829164669460214,0.29153249760834726,0.32256702166574824,0.6252869332177582,0.39530610831056506,0.18463100812432146,0.45269186833388675,0.3673358599127394,-0.020703911238653727,0.12430617933854526,DIFFICULT,1
100254,4,0.0,0.0,0.1874476177765467,0.0,0.0,0.0,0.1181416285782032,0.0,0.1874476177765467,0.1318876836331205,2.2955712511784454e-17,1,0.0798206212734722,0.0027345039249778,0.1710055021780645,1.5,0.27164699797685,0.665532376396196,0.010250965717339688,0.326461664296235,0.3168752684567392,-0.17321314447825067,0.010250965717339688,0.0005873370715162876,-0.3553536808582908,0.06107568435481736,-0.40607944582435596,-0.3068667406846346,0.2749075120542336,-0.10262909682460641,-0.4251557769975969,0.13116364155854043,0.0340011295622864,-0.6328370252666091,-0.3451027151409511,DIFFICULT,1
100254,5,-0.2765325265167005,0.0,0.0,0.0490452548902095,-0.2049976830605044,-0.0860880024713893,-0.2698776272241525,-0.3923545146444669,-0.1820226806596946,0.2762164897499545,5.551115123125783e-17,3,0.0798206212734722,0.0027345039249778,0.1710055021780645,1.5,0.2622594651998313,0.5757079141055247,0.005125482845874996,0.31193963770415495,0.28412182241578476,0.0566172612847321,0.005125482845874996,0.00029366853503276784,-0.26260354620704035,0.22147283743353072,-0.17262914113464461,-0.01798571156227341,0.5660103510975002,0.17142509319106555,-0.13507803452862321,0.4179944775323158,0.2643761445291189,-0.4765402584850675,-0.25747806336116535,DIFFICULT,1
100255,1,0.0,0.0,0.0,0.0,-0.0306006995779272,0.0,0.0048204457877033,0.0,0.0088602690567981,0.0057235779229307,3.7475048789778334e-18,1,0.0798206212734722,0.0027345039249778,0.1710055021780645,1.5,0.0,0.0,0.0,0.0,0.0,0.0,0.0,0.0,0.0,0.0,0.0,0.0,0.0,0.0,0.0,0.0,0.0,0.0,0.0,NOT_IMPROVED,1
100255,2,0.0,0.0420281485398372,0.0,0.0,0.0,0.0,1.5938845403034424e-17,-0.3667648510498927,0.3667648510498927,0.2138588203192026,0.7335297020997854,1,0.0798206212734722,0.0027345039249778,0.1710055021780645,1.5,0.1606503522465951,0.25105890489905175,0.04772609693580716,0.1710113877581467,0.15493174500025086,0.1606503522465951,0.04772609693580716,0.0027345039249778006,0.05956744020823506,0.08240182032562518,0.11687429029493458,0.16833765248745464,0.2233978593569954,0.2508261234515367,0.23294307874415682,0.18742809126177748,0.14550994845641885,0.1205826978742709,0.10729353714404222,CORRECTABLE,0
100255,3,0.0,0.0050089535113521,0.0,0.0,-0.0474096532764437,0.0,0.0074683149923067,-0.0437113655375714,0.0463102524061623,0.0269863965721782,0.0874227310751428,2,0.0798206212734722,0.0027345039249778,0.1710055021780645,1.5,0.10557641672151202,0.17594203370597955,0.023863006120941305,0.122046267764072,0.10381906374093705,0.10540738106895196,0.023863006120941305,0.0013672495369652631,-0.005245369531236804,0.025437768771223807,0.07883518369883283,0.14238614649974746,0.17116943248179128,0.17050094732823917,0.17594203370597955,0.151931348948124,0.0931529873713976,0.044528173667976734,0.0186176365897045,CORRECTABLE,0
100255,4,0.0,0.0,0.0,0.0,-0.0850856055508172,0.0,0.0134033062815163,0.0,0.0246360824569063,0.0159144758194066,1.0419981449132257e-17,1,0.0798206212734722,0.0027345039249778,0.1710055021780645,1.5,0.0940001453090924,0.1642221257289204,0.011931502261110935,0.10918621783517439,0.09196475377325454,0.0852542104724372,0.011931502261110935,0.0006836247227800148,-0.048402487159404775,0.002469246028507052,0.07836486451019878,0.15068766064662592,0.14815600200112458,0.11779725679376324,0.1505423024533467,0.1554602615510703,0.0855237658668653,0.01201444783739572,-0.03647098489829384,CORRECTABLE,0
100255,5,-0.2896311242126619,0.0,0.0,0.0,0.0,0.0,-0.2896311242126619,-0.2896311242126619,-0.2896311242126619,0.2896311242126619,0.0,1,0.0798206212734722,0.0027345039249778,0.1710055021780645,1.5,0.09975008145723634,0.18012998449690645,0.005965751115482462,0.11362554892809885,0.09711630001369745,0.08111261646338941,0.005965751115482462,0.000341812360538553,-0.08446589584641628,-0.003950844856452307,0.09693099278101201,0.17503900153255508,0.13683711845859026,0.07517015155754475,0.13803026868168666,0.177425301978748,0.10051044345030141,0.0008217560359335685,-0.07850014473093382,CORRECTABLE,0
100256,1,-0.1969193081079903,0.0,0.0,0.0,0.0,0.0,-0.1969193081079903,-0.1969193081079903,-0.1969193081079903,0.1969193081079903,0.0,1,0.0798206212734722,0.0027345039249778,0.1710055021780645,1.5,0.0,0.0,0.0,0.0,0.0,0.0,0.0,0.0,0.0,0.0,0.0,0.0,0.0,0.0,0.0,0.0,0.0,0.0,0.0,NOT_IMPROVED,1
100256,2,0.0,0.0,0.1551784802415071,0.1223234996662216,0.0,0.0,0.0978035282255584,-0.0846293453121543,0.2723853851132318,0.1390266718848374,7.087796648361312e-17,2,0.0798206212734722,0.0027345039249778,0.1710055021780645,1.5,0.0627319820472167,0.13735186789975523,0.04772609693580715,0.07308348972564074,0.0816513330373978,-0.04108940164909852,0.04772609693580715,0.0027345039249778006,-0.13735186789975523,-0.12171214375106036,-0.08877591623408912,-0.034402254567891255,0.02467988725683129,0.05390681534354641,0.0342251066439927,-0.015311815793568412,-0.06014025807260487,-0.08353126620241465,-0.08962577096394808,DIFFICULT,1
100256,3,0.0,0.0,0.2258262964345954,0.0,0.0,0.0,0.1423303574248212,0.0,0.2258262964345954,0.1588908277069163,2.7655745109192858e-17,1,0.0798206212734722,0.0027345039249778,0.1710055021780645,1.5,0.14227483501746538,0.3468384983457303,0.02386304839996002,0.17273518604784882,0.1711664331337316,0.10234103234666356,0.02386304839996002,0.0013672519593745964,-0.10129482183088964,0.08648301374026829,-0.006633485519541148,0.09415818650049251,0.33724139937762426,0.22962999640960285,0.10934088615044008,0.24750330408569332,0.15148424174565156,-0.12709967044693982,-0.07743177343092962,DIFFICULT,1
100256,4,0.0,0.0,0.0,0.1137565301128824,0.0,0.0,1.1304112274301526e-18,-0.1137565301128824,0.1137565301128824,0.0800388152844615,8.358694229091057e-17,1,0.0798206212734722,0.0027345039249778,0.1710055021780645,1.5,0.2589986423556414,0.5333468728855286,0.011931524167708624,0.3003854453611199,0.2713216563587756,0.21858307854380749,0.011931524167708624,0.0006836259779356057,-0.1429187549117029,0.12368515887783146,0.11363996448362208,0.27767233873857056,0.5277480465690474,0.4042857766708665,0.29746122849541307,0.42624484663087076,0.264598777209464,-0.09944274469517773,-0.13098723074399427,DIFFICULT,1
100256,5,0.0,0.0,0.0,0.0,-0.1056971516582521,0.0,0.0166501876267815,0.0,0.0306040455004768,0.0197696749450853,1.2944167845727085e-17,1,0.0798206212734722,0.0027345039249778,0.1710055021780645,1.5,0.23887739340673192,0.5589441178262285,0.0059657620687810775,0.2892970551408232,0.27006588750460475,0.13437374421755827,0.0059657620687810775,0.0003418129881163354,-0.24564659215775,0.1387847019234313,-0.025599114628184122,0.1523105931067527,0.5529524129086261,0.29499423739896297,0.10509466394524081,0.4322256176641158,0.25550906234293513,-0.3054935897986852,-0.23968083008896893,DIFFICULT,1
100257,1,0.0,0.0,0.0,0.1134496345153927,0.0,0.0,3.1593505679444713e-18,-0.1134496345153927,0.1134496345153927,0.0798228842955793,8.336143906422769e-17,1,0.0798206212734722,0.0027345039249778,0.1710055021780645,1.5,0.0,0.0,0.0,0.0,0.0,0.0,0.0,0.0,0.0,0.0,0.0,0.0,0.0,0.0,0.0,0.0,0.0,0.0,0.0,CORRECTABLE,0
100257,2,0.0,0.0,0.0,0.1347138918086982,0.0,-0.1028290865701906,-0.0306234891628744,-0.2172228414077163,0.1342231270021121,0.1058810723501624,9.898765834792655e-17,1,0.0798206212734722,0.0027345039249778,0.1710055021780645,1.5,0.07419051937280269,0.15910974970330535,8.326672684688674e-17,0.0852869578302432,0.07851877650585676,0.025082204945654368,-8.326672684688674e-17,-4.7708320221952755e-18,0.0035808209763927568,0.12171290242011754,-0.03155687976338291,-0.01708297007350182,0.13360745434377463,5.551115123125783e-17,-0.082186574010561,0.11628507401873628,0.10181116432885504,-0.09408112593421801,0.0035808209763926735,DIFFICULT,1
100257,3,0.0,0.0,0.0,0.207259771369176,-0.1499332342628556,0.0529284346317322,0.0393811745366872,-0.1763980387537588,0.2550110397599224,0.1515384824783325,1.3393115555395546e-16,2,0.0798206212734722,0.0027345039249778,0.1710055021780645,1.5,0.1599503582075278,0.32694265422708957,1.5681900222830336e-15,0.1816464299262884,0.16423254672301452,0.037623307418481626,1.5681900222830336e-15,8.985066975134435e-17,-0.00537946052004247,0.2511082128303822,-0.08815367883755108,-0.05920585945778872,0.2748973166776969,-0.012541102472826998,-0.19713776095692384,0.23252786240260345,0.2035800430228411,-0.2209268648042374,-0.005379460520040902,DIFFICULT,1
100257,4,0.0,-0.0028906418811873,0.0,0.0,0.0,0.1011738984501904,0.0301305582505615,-0.0252084241206377,0.1013277215628662,0.0487028801964701,0.0504512183655664,1,0.0798206212734722,0.0027345039249778,0.1710055021780645,1.5,0.2934760688543325,0.5985341956406518,3.191891195797325e-15,0.33271209221497344,0.30087428856999354,0.06751243723342067,3.191891195797325e-15,1.8288189418415222e-16,-0.020610293252891293,0.4784796210618768,-0.1508839334318987,-0.12172170230774476,0.4877247136543832,-0.03135275618206762,-0.3785418762332343,0.4136604935612712,0.3844982624371174,-0.3877869688257385,-0.0206102932528881,DIFFICULT,1
100257,5,0.0,0.0,0.0,0.203931757397853,0.0,0.0,5.730071639061326e-18,-0.203931757397853,0.203931757397853,0.1434858837976629,1.4984662436506516e-16,1,0.0798206212734722,0.0027345039249778,0.1710055021780645,1.5,0.2948967484245816,0.610438092210214,6.558434351155995e-12,0.33432178056791106,0.3050326302491973,0.05883842356236483,-6.558434351155995e-12,-3.75770608534859e-13,-0.05078569088992792,0.45853929069074106,-0.14951300976390436,-0.10587686895052545,0.47967893520493604,-0.06510897479877781,-0.38658765468399386,0.42950532691586585,0.3858691861011747,-0.4077272992021236,-0.05078569089648635,DIFFICULT,1
100258,1,0.2509064801042167,-0.0310059526640247,0.0,0.1558861308925282,0.2332990642997444,0.0,0.214155506849016,-0.1791624974047994,0.5922765448111525,0.3036019203748081,0.5411560145305461,4,0.0798206212734722,0.0027345039249778,0.1710055021780645,1.5,0.0,0.0,0.0,0.0,0.0,0.0,0.0,0.0,0.0,0.0,0.0,0.0,0.0,0.0,0.0,0.0,0.0,0.0,0.0,CORRECTABLE,0
100258,2,0.0,0.0,0.0,0.0496528038688434,0.0,-0.0830842812331972,-0.0247432965789624,-0.1182488210130829,0.0493730792752542,0.0517125515114472,3.6485097170031727e-17,1,0.0798206212734722,0.0027345039249778,0.1710055021780645,1.5,0.09936083597123632,0.19363329026444548,1.2743946287141483e-08,0.11220849232602767,0.09911909092649118,-0.01166876830954643,-1.2743946287141483e-08,-7.301743365946225e-10,0.003580827348365734,0.10722051417829725,-0.12306460127399238,-0.08640263332372261,0.16025398708947736,0.0,-0.13625905663006838,0.09685249912982347,0.060190528630764156,-0.18929253718761624,0.0035808146044194467,CORRECTABLE,0
100258,3,-0.0136350695307071,-0.0162431245224556,0.2658835063570403,0.0,-0.0268311853104249,0.1274696630632612,0.1961302696070705,-0.1553614236189468,0.3832719804650328,0.2448563408189929,0.28349601132314,4,0.0798206212734722,0.0027345039249778,0.1710055021780645,1.5,0.13187093370593359,0.24617014055165934,6.371972588459229e-09,0.14874930571700581,0.12828725476057024,0.019247820790881245,-6.371972588459229e-09,-3.650871364917645e-10,0.01299602929354493,0.17409340669901957,-0.11128826259715192,-0.06015238431980369,0.2390214334454489,0.005834384154773331,-0.15193685434327964,0.18147312238068553,0.13033724282894243,-0.2168648849128924,0.012996022921572342,DIFFICULT,1
100258,4,-1.4035698339061131,0.0,0.0,0.0,0.0,0.0,-1.4035698339061131,-1.4035698339061131,-1.4035698339061131,1.403569833906113,0.0,1,0.0798206212734722,0.0027345039249778,0.1710055021780645,1.5,0.23308327543476173,0.510988435900045,6.375991491724964e-09,0.2765661320624734,0.25087812851948676,0.20650976508130656,-6.375991491724964e-09,-3.653174026871624e-10,0.006952939876506692,0.26675629654725885,0.07815276524465034,0.20003262715090214,0.5095553020159838,0.262093980116373,0.1185970142264513,0.4416581338497838,0.3197782706683333,-0.12420199506786815,0.0069529335005152,CORRECTABLE,0
100258,5,0.0,0.0201707861984807,0.2324804315739391,0.0698457549819666,-0.0971407576226037,-0.1463282009634514,0.1182486032268032,-0.1760481780334866,0.3304972719198921,0.1629349924397896,0.3520466464231676,4,0.0798206212734722,0.0027345039249778,0.1710055021780645,1.5,0.1857182229247872,0.43201085932313754,3.1879956452485203e-09,0.22998934676512156,0.20831766030728827,0.1283370874863075,-3.1879956452485203e-09,-1.8265869557882583e-10,-0.09272112328175197,0.17731730097435672,0.01002502403033434,0.1463787959452667,0.43201085932313754,0.15883909757571968,0.041052572171204504,0.3880043039193465,0.2516505313668147,-0.21364098809037335,-0.09272112646974762,DIFFICULT,1
100259,1,0.0,0.0,0.0,0.0,0.0192314119772006,0.0,-0.0030294725328421,-0.0055683525805088,0.0,0.0035970577972958,2.3551687120962822e-18,1,0.0798206212734722,0.0027345039249778,0.1710055021780645,1.5,0.0,0.0,0.0,0.0,0.0,0.0,0.0,0.0,0.0,0.0,0.0,0.0,0.0,0.0,0.0,0.0,0.0,0.0,0.0,NOT_IMPROVED,1
100259,2,0.0,0.0,0.0,0.0,0.0794152765632975,-0.2650297399765459,-0.0914384755379024,-0.2650297399765459,-4.5017070822350927e-05,0.1259611630743185,9.723938234479368e-18,1,0.0798206212734722,0.0027345039249778,0.1710055021780645,1.5,0.15280043392604964,0.25102761505731386,0.04772609693580716,0.1647623659034401,0.15194248036609517,0.15280043392604964,0.04772609693580716,0.0027345039249778006,0.05956744020823506,0.0706855882205462,0.10265634397035919,0.15885902160440438,0.22046880133072566,0.2508261234515367,0.23001402071788707,0.17794946037872722,0.13129200213184344,0.10886646576919191,0.10729353714404222,CORRECTABLE,0
100259,3,-0.6092898699608456,0.0,0.0,0.0,0.0,0.0,-0.6092898699608454,-0.6092898699608456,-0.6092898699608456,0.6092898699608456,0.0,1,0.0798206212734722,0.0027345039249778,0.1710055021780645,1.5,0.05525561873845231,0.13032847814270074,0.022755049864022492,0.07328510570175364,0.06983025459372802,-0.05465095746651946,-0.022755049864022492,-0.0013037683195931994,-0.1026331111569452,-0.1072356217611326,-0.06754676798029158,-0.009479340683871657,0.0024353105374980144,-0.014025834363459555,-0.0021156994353065395,-0.01858136062948068,-0.08119979789870516,-0.12543966165235057,-0.1253881610209677,CORRECTABLE,0
100259,4,0.0,0.0,0.0940741296761937,0.0,0.0,0.0,0.0592916091378206,0.0,0.0940741296761937,0.066190326662809,1.152075817905237e-17,1,0.0798206212734722,0.0027345039249778,0.1710055021780645,1.5,0.051693395405605386,0.0911210484867725,0.011377524913744774,0.05756878436608318,0.05201446907844511,-0.0022432737876053994,-0.011377524913744774,-0.0006518841588343932,-0.07741557392243159,-0.07064526476503408,-0.008507404449379141,0.0651716850319497,0.05433347694233681,0.013299644369800079,0.05205797195958778,0.060620675066451746,-0.015333919397626183,-0.07974728469602999,-0.08879309883617637,CORRECTABLE,0
100259,5,-0.306412953990976,0.0,0.2597580338296157,0.1698983437043456,0.0,0.0,-0.1426966181051513,-0.4143091693282646,0.1147473916769011,0.2031063729271257,5.551115123125783e-17,3,0.0798206212734722,0.0027345039249778,0.1710055021780645,1.5,0.11068326573376587,0.20092848183262435,0.005688762445641413,0.1266907726430528,0.10785923026791477,0.08325217718967233,-0.005688762445641413,-0.0003259420787842573,-0.07555749728628772,-0.028912739814546437,0.08133013203264505,0.19086419104382227,0.1700664917992754,0.10849541093979659,0.168928739310147,0.1885886860655656,0.07791687456525999,-0.033463749771059675,-0.08124625973192913,DIFFICULT,1
100260,1,-0.0536138712746269,0.0,0.0,0.2120667472462842,0.0,0.0,-0.0536138712746269,-0.2656806185209112,0.1584528759716572,0.1585495653168774,1.52655665885959e-16,2,0.0798206212734722,0.0027345039249778,0.1710055021780645,1.5,0.0,0.0,0.0,0.0,0.0,0.0,0.0,0.0,0.0,0.0,0.0,0.0,0.0,0.0,0.0,0.0,0.0,0.0,0.0,DIFFICULT,1
100260,2,-0.7859052921187742,0.0,0.125721163146766,0.0980526497808026,0.1511435580452351,0.0,-0.7304769105238776,-0.8830807405661694,-0.5720998423752617,0.7351998115942964,1.1102230246251563e-16,4,0.0798206212734722,0.0027345039249778,0.1710055021780645,1.5,0.13501143110703961,0.25772686243419685,1.4181364416110398e-16,0.15220279165570766,0.13304176722794175,0.025082204945654375,-1.4181364416110398e-16,-8.125323287801328e-18,0.003580820976392753,0.21550335010104568,-0.08952256425026522,-0.07504865456038418,0.2273979020247027,8.326672684688674e-17,-0.17597702169148913,0.1742507585056187,0.1597768488157374,-0.18787157361514606,0.003580820976392611,DIFFICULT,1
100260,3,-0.5082327954676086,0.0,0.0,0.0,-0.0223360772097563,0.0,-0.504714253382471,-0.5082327954676086,-0.5017655036578942,0.5047192794814364,0.0,2,0.0798206212734722,0.0027345039249778,0.1710055021780645,1.5,0.22238738501750782,0.5200030284902964,0.05996328780775895,0.26493626248964436,0.2671997366436334,0.11602360099724998,-0.05996328780775895,-0.003435643312995126,0.02192736989408095,0.3349747219457017,-0.07471174924291135,0.008127879054644294,0.5087014326632362,0.19665761682557775,-0.09317337164258499,0.34870977997625285,0.25387749411714505,-0.30287805504477483,-0.038035917913678,DIFFICULT,1
100260,4,0.0,-0.0049959290545848,0.0,0.0,0.0,-0.2213077341224103,-0.0659075678254891,-0.2214125911407252,0.0435601151135525,0.1046913506093705,0.0871954114195358,1,0.0798206212734722,0.0027345039249778,0.1710055021780645,1.5,0.21506254588468546,0.48218015322111485,0.02998164390543684,0.25361480600420677,0.2435287835037918,0.08661254752941683,-0.02998164390543684,-0.0017178216581309415,-0.047494431579312324,0.28403767884028197,-0.10021803909585375,-0.0020306238960658973,0.47471478961878194,0.13864581632695275,-0.12116368590657489,0.3505439345864716,0.24636019060559583,-0.329829783028337,-0.07747607548474916,CORRECTABLE,0
100260,5,0.0,0.0,0.1726436435462267,0.0,0.0,0.0,0.1088112052538338,0.0,0.1726436435462267,0.1214716437124168,2.1142748546202322e-17,1,0.0798206212734722,0.0027345039249778,0.1710055021780645,1.5,0.2134496601528156,0.4593548062878921,0.014990822088115308,0.2508697163545388,0.23142555819410077,0.06838847871036279,-0.014990822088115308,-0.0008589108370161595,-0.09471529527628872,0.2485509645915947,-0.11289441712302259,0.0012659899483785653,0.4556198738389482,0.09533954256224435,-0.13726043732294432,0.3598368771578446,0.24267830566881995,-0.353323839823167,-0.10970611736440403,DIFFICULT,1
100261,1,0.0,-0.001927322028303,0.144884025425517,0.1439667753367454,0.0,0.0,0.0913152960905648,-0.1223027129359595,0.2867059663476116,0.1457936949401913,0.0336381151527919,3,0.1684955589220039,0.0155630916814389,0.091083823545697,1.5,0.0,0.0,0.0,0.0,0.0,0.0,0.0,0.0,0.0,0.0,0.0,0.0,0.0,0.0,0.0,0.0,0.0,0.0,0.0,DIFFICULT,1
100261,2,0.0,0.0,0.0,0.2033308628906884,0.0,0.0,4.497808667284736e-18,-0.2033308628906884,0.2033308628906884,0.14306309589778,1.4940509424417054e-16,1,0.1684955589220039,0.0155630916814389,0.091083823545697,1.5,0.1643863861966368,0.37819081613601757,0.07336722196566625,0.192064572034184,0.20398978449291458,0.13993153353753054,-0.07336722196566625,-0.0042036321656898175,0.048123422673109824,0.2282498781192478,0.05457449658633813,0.1047534048730522,0.3663355626998016,0.240828501228535,0.07782103867864407,0.24464961081287123,0.17979725813302389,-0.10428497908130935,-0.025243799292556435,DIFFICULT,1
100261,3,0.2369597557218417,0.0,0.0,0.0,0.0,0.0294229293754566,0.2457221865565673,0.2369647534028401,0.2663826850972984,0.2459368234924884,0.0,1,0.1684955589220039,0.0155630916814389,0.091083823545697,1.5,0.2345875753007191,0.5178036346381953,0.03668360869115597,0.2720562292418052,0.2639280685132016,0.08332547216016324,-0.03668360869115597,-0.0021018159543698674,-0.03827687370493013,0.34434865866638664,-0.12720122803212217,-0.06564462147020947,0.49977490330912994,0.1708627344597699,-0.16816118228933694,0.3279547948655131,0.2590614665653691,-0.34559759214677327,-0.0749604823960861,DIFFICULT,1
100261,4,0.0950105724494976,-0.0183664813922233,0.0,0.0,0.0,0.0,0.0950105724494976,-0.0652672191906154,0.2552883640896107,0.1332713729381218,0.3205555832802261,2,0.1684955589220039,0.0155630916814389,0.091083823545697,1.5,0.23027106853741786,0.48425719256362165,0.018341803089845954,0.2644414896423912,0.24630516822150478,0.055022441471479576,-0.018341803089845954,-0.0010509079055903365,-0.08720323555768622,0.30270805085538366,-0.15565649711688911,-0.08455637304709779,0.4699723132583562,0.12919999837968843,-0.1942954112198486,0.3163797655291488,0.24161128084138805,-0.3725647554767282,-0.10554503864753217,DIFFICULT,1
100261,5,-0.2072113799973101,0.0,0.265834222475279,0.0,0.0,0.0,-0.0396654365087749,-0.2072113799973101,0.0586228424779689,0.0921182926019957,2.775557561562892e-17,2,0.1684955589220039,0.0155630916814389,0.091083823545697,1.5,0.2571679142354715,0.6028975209039195,0.06508791482673956,0.3100204874044646,0.3085480537302856,0.15826465139900892,-0.06508791482673956,-0.00372926281161289,0.018953400606141008,0.40975348752137214,-0.04072201539563555,0.03962844023277057,0.5905946955850623,0.2403298941209657,-0.08302225124052126,0.4218661341142598,0.3284980955205055,-0.30291620820025456,-0.046134514220598555,DIFFICULT,1
100262,1,0.0,-0.0050229341926877,0.217925005530899,0.0,0.0,0.0,0.137350452178196,-0.0438333699989954,0.2197132713711634,0.1554471370053357,0.0876667399979909,2,0.1684955589220039,0.0155630916814389,0.091083823545697,1.5,0.0,0.0,0.0,0.0,0.0,0.0,0.0,0.0,0.0,0.0,0.0,0.0,0.0,0.0,0.0,0.0,0.0,0.0,0.0,CORRECTABLE,0
100262,2,0.0,-0.0380626339138263,0.1173955995646755,0.0,0.0,0.0,0.0739903098529571,-0.3321591907514607,0.3321591907514607,0.2105581737870037,0.6643183815029214,2,0.1684955589220039,0.0155630916814389,0.091083823545697,1.5,0.15071015756959388,0.2209533236013167,4.380589696539872e-09,0.16698662351210364,0.12819770801666044,0.15071015756959388,4.380589696539872e-09,2.509893013902287e-10,0.0019072748376856297,0.07470137896566895,0.14680311171834876,0.20272437772108903,0.22095332272519874,0.217925005530899,0.2209533236013167,0.2027243794733249,0.14680311434670257,0.07470138247014071,0.0019072792182753262,CORRECTABLE,0
100262,3,0.0,0.0042178056492438,0.0,0.0,0.0,-0.0514598562054404,-0.0153252392041301,-0.0522223683348538,0.0367985571605969,0.0319106155985618,0.0736145959214967,1,0.1684955589220039,0.0155630916814389,0.091083823545697,1.5,0.1731624525052423,0.2717963287660294,6.866961621554424e-08,0.19788945311248213,0.1532766002935146,0.162705094029152,-6.866961621554424e-08,-3.934479189933805e-09,-0.07154049039402782,0.04298241524087798,0.15916146563247013,0.24876369428244716,0.27094242778522243,0.25996552631077763,0.2709424140512993,0.24876366681460071,0.15916142443070047,0.042982360305185,-0.07154055906364404,CORRECTABLE,0
100262,4,0.0,0.0010915255626326,0.0,0.0,0.0,0.0779831081238177,0.0232241182545843,-0.0095121115183901,0.0779831081238177,0.036214845771813,0.019050714939928,1,0.1684955589220039,0.0155630916814389,0.091083823545697,1.5,0.13569510886038158,0.2102730413252939,4.123816471635067e-08,0.15077977379970334,0.11886843480712239,0.09471225240597399,-4.123816471635067e-08,-2.3627727931121987e-09,-0.150985774096349,-0.03101129223667591,0.0965189190641664,0.19383048740503622,0.20328420461694033,0.17861297929620173,0.2032841963693074,0.1938304709097704,0.09651889432126765,-0.031011325227207676,-0.15098581533451372,CORRECTABLE,0
100262,5,0.0,0.0,0.0,0.0,-0.0427823162348445,0.0,0.0067393830509419,0.0,0.0123873910708619,0.0080020366877567,5.2393226637112175e-18,1,0.1684955589220039,0.0155630916814389,0.091083823545697,1.5,0.12545726229376772,0.1964346549520625,2.212324939909749e-08,0.1366832677934401,0.11023590859006789,0.06071583159438496,-2.212324939909749e-08,-1.2675688196836207e-09,-0.1964346328288131,-0.0710085755760263,0.06787279580241251,0.17289370300252144,0.16962240309190074,0.13125685309321483,0.16962239866725093,0.17289369415322176,0.06787278252846285,-0.07100859327462589,-0.1964346549520625,CORRECTABLE,0
100263,1,0.0,0.0,0.0,0.1012659273820966,0.0,0.0,2.767075176243217e-18,-0.1012659273820966,0.1012659273820966,0.0712504578708792,7.440899629870376e-17,1,0.1684955589220039,0.0155630916814389,0.091083823545697,1.5,0.0,0.0,0.0,0.0,0.0,0.0,0.0,0.0,0.0,0.0,0.0,0.0,0.0,0.0,0.0,0.0,0.0,0.0,0.0,CORRECTABLE,0
100263,2,0.0,0.0,0.2418289099565734,0.0,0.0,0.0,0.1524162408594551,0.0,0.2418289099565734,0.1701502272902479,2.961550005196112e-17,1,0.1684955589220039,0.0155630916814389,0.091083823545697,1.5,0.09874601543605806,0.2075849934262847,0.05225753506529186,0.12054598864740203,0.11963116204303059,0.09241640211684998,-0.05225753506529186,-0.0029941362042726185,0.09945348304117864,0.1960837867508597,0.047405420177863845,0.05516121732160903,0.20477970069298573,0.09707920184201646,0.0017089534490977998,0.1533034406453262,0.13509613648852262,-0.03834148153220332,0.047195947975886776,CORRECTABLE,0
100263,3,-0.1278873623037485,0.0,0.1684827070010618,0.0738599208746765,0.0,0.0,-0.0216986487395255,-0.1631473056813351,0.1090163258313732,0.077123994214237,2.775557561562892e-17,3,0.1684955589220039,0.0155630916814389,0.091083823545697,1.5,0.21443573675603136,0.4028794934219175,0.026128765808110826,0.24188227539811707,0.2172214263356296,0.21198414730927817,-0.026128765808110826,-0.0014970680043497931,0.04208817438214371,0.2215121714069152,0.1542120638684305,0.22579030592123997,0.3996459099410347,0.292699910740165,0.20180091654858295,0.33438403694782964,0.2575800417333979,0.007989918529597018,0.015959408574032885,DIFFICULT,1
100263,4,0.4958873700273136,0.0,0.1943201988128061,0.0528194505624922,0.0,-0.0484803233771787,0.603922638546638,0.4835110650513332,0.6982999153628134,0.6069545772033489,5.551115123125783e-17,3,0.1684955589220039,0.0155630916814389,0.091083823545697,1.5,0.25759346691405033,0.5424095332818721,0.013064381988736676,0.29644586831794695,0.2735648014871924,0.22554049261026002,-0.013064381988736676,-0.0007485339498587545,-0.06852881415420191,0.23996217349665772,0.11862856195960098,0.23649630212271144,0.5365232599112095,0.35519054408658784,0.20080122520082166,0.43714333112829856,0.31666271456744066,-0.10359849040697211,-0.08159319614293858,DIFFICULT,1
100263,5,0.0,-0.0318080870880434,0.2003533445612876,0.1113321524266292,0.0969974610731863,0.2225183574268571,0.1772640076923238,-0.3229057323683797,0.5270374203470022,0.2997114429210727,0.5551559054801045,4,0.1684955589220039,0.0155630916814389,0.091083823545697,1.5,0.3143618144293022,0.6796863181245376,0.006532190524281278,0.3638687884327024,0.33656097576670657,0.24860312593954328,-0.006532190524281278,-0.0003742669480113425,-0.18265787916357906,0.2422204275434119,0.10578071990072668,0.27500081226320006,0.67183789502235,0.43674049659426406,0.23695373331567726,0.5403537060042177,0.36982717553688815,-0.1965830484778296,-0.18919006968786034,DIFFICULT,1
100264,1,0.0057058193980638,-0.0213308486799491,0.0,0.0,0.1353500476928334,0.0437790208291881,-0.0025776963856136,-0.1811719008922648,0.1918600350120798,0.111908076455612,0.3722935589100695,3,0.1684955589220039,0.0155630916814389,0.091083823545697,1.5,0.0,0.0,0.0,0.0,0.0,0.0,0.0,0.0,0.0,0.0,0.0,0.0,0.0,0.0,0.0,0.0,0.0,0.0,0.0,HIGHLY_CORRECTABLE,0
100264,2,-0.2383405254999054,0.0,0.0,0.0,0.0,0.0,-0.2383405254999053,-0.2383405254999054,-0.2383405254999054,0.2383405254999054,0.0,1,0.1684955589220039,0.0155630916814389,0.091083823545697,1.5,0.011026760964351923,0.02627815379226278,1.017989041673939e-08,0.014246248088364246,0.01261610228978796,-0.007961623083621291,-1.017989041673939e-08,-5.832647567848398e-10,0.0019072821179256794,-0.024463850190813347,-0.01990765172206399,0.0006742386916074594,0.005738651414334883,0.0,0.005738649378356775,0.000674234619651326,-0.01990765782999826,-0.02446385833472564,0.0019072719380352626,HIGHLY_CORRECTABLE,0
100264,3,0.0,0.0,0.2855150326824883,0.0,0.0,0.0048203933844344,0.181385624115632,8.187759999986383e-07,0.2903354260669227,0.2027912477726967,3.496552006265752e-17,1,0.1684955589220039,0.0155630916814389,0.091083823545697,1.5,0.015133103709622293,0.03365619577028471,5.089944479785835e-09,0.018323019665646215,0.016469093337520065,0.009378893849587205,-5.089944479785835e-09,-2.9163233664763973e-10,0.007795368142743814,-0.01312419017537847,0.002783166968470474,0.031074394838884092,0.02341378903658979,0.003980811541810611,0.023413788018600848,0.031074392802906345,0.002783163914503728,-0.013124194247334006,0.007795363052799334,CORRECTABLE,0
100264,4,-0.5175247456451414,0.0,0.0,0.0,0.0,0.0,-0.5175247456451413,-0.5175247456451414,-0.5175247456451414,0.5175247456451414,0.0,1,0.1684955589220039,0.0155630916814389,0.091083823545697,1.5,0.19799921700508233,0.30706412514669723,2.54497149743127e-09,0.22412337507804672,0.17393134091682996,0.19799921700508233,-2.54497149743127e-09,-1.4581612578390097e-10,0.005013196973444253,0.07777420963984884,0.18462525347446268,0.28379080661820266,0.30395960077964196,0.2848063972995053,0.3039596002706476,0.28379080560021414,0.1846252519474797,0.07777420760387166,0.005013194428472756,CORRECTABLE,0
100264,5,0.0,0.0,0.1804629342467063,0.0,0.0,0.0,0.1137394286617316,0.0,0.1804629342467063,0.1269732774508067,2.2100335478996825e-17,1,0.1684955589220039,0.0155630916814389,0.091083823545697,1.5,0.1369385834985116,0.22891449551265208,1.2724850617651384e-09,0.15702667084796335,0.12545859116989097,0.11235931389393905,-1.2724850617651384e-09,-7.290802353258631e-11,-0.09207913513735971,-0.013866548862084327,0.1043356532658832,0.2112105434846194,0.21865431873929098,0.1858067887969641,0.21865431848479394,0.21121054297562544,0.10433565250239202,-0.013866549880072326,-0.09207913640984478,CORRECTABLE,0
100265,1,0.0,0.0283878039709563,0.0,0.0,0.0,-0.0752325350555107,-0.0224049711887247,-0.2477431223713802,0.2477175648746326,0.1485187778746527,0.4954606872460129,1,0.1684955589220039,0.0155630916814389,0.091083823545697,1.5,0.0,0.0,0.0,0.0,0.0,0.0,0.0,0.0,0.0,0.0,0.0,0.0,0.0,0.0,0.0,0.0,0.0,0.0,0.0,HIGHLY_CORRECTABLE,0
100265,2,0.0,0.0,0.0,0.0,0.1282372850771688,0.0,-0.0202008741369639,-0.0371304206952381,0.0,0.0239855984957182,1.570453807011014e-17,1,0.1684955589220039,0.0155630916814389,0.091083823545697,1.5,0.01335970539139788,0.026420747346446803,1.0323516047572312e-07,0.015998376673206832,0.01353400445922223,0.01335970539139788,-1.0323516047572312e-07,-5.914938992614702e-09,0.001907328645560702,0.007358891803666862,0.018710039646255748,0.02641936627048732,0.013694336912954935,0.0,0.013694316265922823,0.02641932497642313,0.018709977705159475,0.007358809215538387,0.0019072254104002262,HIGHLY_CORRECTABLE,0
100265,3,-0.1032098308032656,0.0067140321868913,0.2916295390367755,0.0,0.1915227242683219,0.0564768081731357,0.067243268527701,-0.1617912219815741,0.2456084164321616,0.1393913135174685,0.117181968282495,4,0.1684955589220039,0.0155630916814389,0.091083823545697,1.5,0.013652181593701917,0.024055142879397057,5.161757642146991e-08,0.015549369689320594,0.012867149796134679,-0.00016131604986704688,-5.161757642146991e-08,-2.957469277644217e-09,-0.0028652728309497416,-0.022112525014417198,-0.005848091540402944,0.021766667753798707,0.013171207148697961,-0.0066798526956988735,0.01317119682518264,0.021766647106768178,-0.005848122510948794,-0.022112566308478465,-0.002865324448526163,CORRECTABLE,0
100265,4,0.0,0.0185790353206609,0.0,0.0,0.0,0.0,2.1984614349013e-18,-0.1621326747775701,0.1621326747775701,0.0945387827210609,0.3242653495551402,1,0.1684955589220039,0.0155630916814389,0.091083823545697,1.5,0.16697219678734015,0.29304494058446096,3.818450550197028e-08,0.2017935580943137,0.15818450847632334,0.16691281103345834,-3.818450550197028e-08,-2.187811008056968e-09,-0.0008773444945711084,0.03041576864946749,0.1297134328287895,0.2477701348712594,0.29304494058446096,0.2850303443660103,0.29304493294755973,0.24777011959745732,0.12971340991808622,0.030415738101862988,-0.0008773826790766104,CORRECTABLE,0
100265,5,0.0,-0.0074879356025686,0.0,0.1949869093782492,0.0,0.0,1.2366345571319812e-18,-0.249491582351305,0.249491582351305,0.1514681293779783,0.1306891311861694,2,0.1684955589220039,0.0155630916814389,0.091083823545697,1.5,0.13089971376822804,0.22558417262756603,7.157804052249084e-08,0.15192969865535463,0.12213815725768583,0.0968161109081271,-7.157804052249084e-08,-4.1011196277551065e-09,-0.08242645628655224,-0.045681773000244966,0.06496704600582846,0.1907330816566925,0.22328286499652422,0.2015739388492812,0.22328285068091602,0.19073305302547638,0.06496700305900416,-0.04568183026267747,-0.08242652786459276,CORRECTABLE,0
100266,1,0.0,0.0,0.0,0.2653689546122851,0.0,0.0,6.038829191463663e-18,-0.2653689546122851,0.2653689546122851,0.186712944912848,1.9498994451540846e-16,1,0.1684955589220039,0.0155630916814389,0.091083823545697,1.5,0.0,0.0,0.0,0.0,0.0,0.0,0.0,0.0,0.0,0.0,0.0,0.0,0.0,0.0,0.0,0.0,0.0,0.0,0.0,CORRECTABLE,0
100266,2,0.0,-0.0088593779260649,0.0,0.1546123169576752,-0.1226684102299335,0.0,0.0193236242809192,-0.1944295553943725,0.2440701595469415,0.1299880271973383,0.1546253157206512,3,0.1684955589220039,0.0155630916814389,0.091083823545697,1.5,0.1674126942750245,0.289689212275816,2.636779683484747e-16,0.1873970967069798,0.15587028163595024,0.013359705391397886,-2.636779683484747e-16,-1.5107634736951704e-17,0.001907277027980478,0.2597397240160493,-0.13726994926166422,-0.1295606123139167,0.2660752000958854,1.1102230246251565e-16,-0.2386865469170078,0.18239930356082734,0.17468996661307956,-0.2450220229968439,0.0019072770279802143,DIFFICULT,1
100266,3,0.0,0.0,0.0,0.0610361197154299,0.1743630296611421,0.1294593194888459,0.0110872897313582,-0.0985435269462182,0.1656233420177665,0.0743083104832722,6.62007070256071e-17,2,0.1684955589220039,0.0155630916814389,0.091083823545697,1.5,0.26625296679272714,0.4926090379873396,4.9141318514411836e-09,0.29925978068297804,0.2575845809765574,0.039363182368016114,4.9141318514411836e-09,2.8155901505838904e-10,-0.0028653010968040515,0.436304844388516,-0.18111925721856253,-0.1773670419209287,0.42734499328583275,-0.006679852695698707,-0.3715068558284115,0.31635055538045026,0.31259834106564255,-0.3625470017772487,-0.0028652961826722,DIFFICULT,1
100266,4,0.2689575253360596,0.0,0.0,0.0,0.0,0.0,0.2689575253360596,0.2689575253360596,0.2689575253360596,0.2689575253360596,0.0,1,0.1684955589220039,0.0155630916814389,0.091083823545697,1.5,0.3039709746225743,0.5146930661527409,2.4570675910551287e-09,0.3393472731661448,0.27953394028632933,0.005574358124511277,2.4570675910551287e-09,1.4077960294583496e-10,-0.020639614024299466,0.44103569712972523,-0.26771569868368955,-0.23967123712799507,0.46915772658371535,-0.02636144387970668,-0.4457917217914032,0.3257986212423335,0.2977541601780522,-0.47391374977115225,-0.020639611567231875,DIFFICULT,1
100266,5,0.0,0.0,0.0,0.0,-0.0634427548125068,0.0,0.0099939662953601,0.0,0.0183695106679439,0.0118663806979332,7.769496661022688e-18,1,0.1684955589220039,0.0155630916814389,0.091083823545697,1.5,0.30445425584693603,0.5362261444468833,1.2285353845342684e-09,0.34041305702035823,0.28624542615874227,0.01614688445365355,1.2285353845342684e-09,7.038989251629525e-11,-0.021519515444308523,0.4456073690684851,-0.25179286870167783,-0.216039070321089,0.4800648742337518,-0.029148622941962188,-0.4348845743870731,0.3494307875578265,0.3136769894229444,-0.4693420788152181,-0.02151951421577314,DIFFICULT,1
100267,1,0.0,0.0,0.0,0.1626832490157123,0.0,0.0,2.766818686786885e-18,-0.1626832490157123,0.1626832490157123,0.1144635345762018,1.195377121091903e-16,1,0.1684955589220039,0.0155630916814389,0.091083823545697,1.5,0.0,0.0,0.0,0.0,0.0,0.0,0.0,0.0,0.0,0.0,0.0,0.0,0.0,0.0,0.0,0.0,0.0,0.0,0.0,CORRECTABLE,0
100267,2,0.8498773458029558,0.0,0.0,0.0,0.0,0.0,0.8498773458029554,0.8498773458029558,0.8498773458029558,0.8498773458029558,0.0,1,0.1684955589220039,0.0155630916814389,0.091083823545697,1.5,0.1029994844541136,0.18700350667924326,1.5265566588595902e-16,0.11557616018822503,0.09855851335882959,0.013359705391397886,-1.5265566588595902e-16,-8.74652537402467e-18,0.001907277027980478,0.16207981457806295,-0.07691280589075207,-0.0692034689430045,0.16841529065789917,5.551115123125783e-17,-0.14102663747902147,0.1220421601899151,0.11433282324216737,-0.14736211355885762,0.0019072770279803253,CORRECTABLE,0
100267,3,0.0,-0.0046284988023044,0.0,0.0,0.0,0.0,-1.6488460761759752e-18,-0.040391271850275,0.040391271850275,0.0235519563130572,0.08078254370055,1,0.1684955589220039,0.0155630916814389,0.091083823545697,1.5,0.10403771384035206,0.20464391164707552,1.6653345369377348e-15,0.11753020866199156,0.10435750851242794,0.020039558087096773,1.6653345369377348e-15,9.54166404439055e-17,-0.0028652986397389446,0.16275881239196588,-0.064882649910744,-0.049463976015248656,0.17542976455163894,-0.00667985269569904,-0.13401216358528134,0.14178165311767166,0.12636297922217654,-0.1466831157449533,-0.0028652986397372793,CORRECTABLE,0
100267,4,0.0909866179764775,0.0,0.0,0.0,0.0,0.0,0.0909866179764775,0.0909866179764775,0.0909866179764775,0.0909866179764775,0.0,1,0.1684955589220039,0.0155630916814389,0.091083823545697,1.5,0.10536625360251425,0.2189443913139715,4.1876554585096315e-09,0.11977352763049313,0.10927054749429167,0.023379484434946262,4.1876554585096315e-09,2.399349838275235e-10,-0.01097780274913375,0.16009788218295862,-0.056192421534880924,-0.033064410272872546,0.17910431167876406,-0.016699631739247434,-0.1303376156206255,0.15818122053510925,0.13505321011063187,-0.14934404260383757,-0.010977798561478291,CORRECTABLE,0
100267,5,-0.2282623443115546,0.0073301362434059,0.3300980818036551,0.1422496157331408,0.0,0.0,-0.0202131546904092,-0.2922298506941491,0.2231992168334372,0.1434204241206007,0.1279350127651888,4,0.1684955589220039,0.0155630916814389,0.091083823545697,1.5,0.10560376259213035,0.25869680344784335,0.04608807559694891,0.12458215486617022,0.1355748079776938,0.042691033010480085,0.04608807559694891,0.0026406522157153755,-0.029631501463715765,0.1515476391277998,-0.048315699622251185,-0.010475572782697035,0.19890640340503968,-0.0025642501324620315,-0.10131790961249121,0.1992052865890021,0.17058277486883772,-0.12102382853156166,0.01645657413323315,DIFFICULT,1
100268,1,-0.6123892117219741,0.0425691574672335,0.0,0.1130156522955521,0.0,0.0,-0.6123892117219741,-0.9838752588778944,-0.240903164566054,0.6476645297535206,0.7429720943118403,3,0.1684955589220039,0.0155630916814389,0.091083823545697,1.5,0.0,0.0,0.0,0.0,0.0,0.0,0.0,0.0,0.0,0.0,0.0,0.0,0.0,0.0,0.0,0.0,0.0,0.0,0.0,HIGHLY_CORRECTABLE,0
100268,2,0.6931501631696113,0.0,0.0,0.0,0.0,0.0,0.693150163169611,0.6931501631696113,0.6931501631696113,0.6931501631696114,0.0,1,0.1684955589220039,0.0155630916814389,0.091083823545697,1.5,0.07195026846488181,0.13733585876963955,2.0475777395834172e-07,0.08111096675177301,0.0708969962728659,0.013359705391397834,-2.0475777395834172e-07,-1.1731756270306696e-08,0.00190737940686736,0.11484320497174438,-0.04771886359449984,-0.040009547122529576,0.12117861962424842,-5.551115123125783e-17,-0.09378996644537074,0.09284823836944003,0.08513888094591487,-0.10012550395253912,0.0019071746490934016,CORRECTABLE,0
100268,3,0.0,0.0,0.0,0.1964685871959336,0.0,0.0,4.135521092583999e-18,-0.1964685871959336,0.1964685871959336,0.1382348155676881,1.4436277586550164e-16,1,0.1684955589220039,0.0155630916814389,0.091083823545697,1.5,0.07343005818768496,0.15497628933219565,1.0237887815289781e-07,0.08387185976105636,0.07690912094573325,0.020039558087096853,-1.0237887815289781e-07,-5.865877629445153e-09,-0.0028652474502989245,0.11552216183408992,-0.035688738328159775,-0.020270074670552307,0.12819308328009882,-0.006679852695698929,-0.08677548231374121,0.11258775177297542,0.09716906763959232,-0.09944646518707723,-0.0028653498291770774,CORRECTABLE,0
100268,4,0.0,0.0,0.3109547082869272,0.196608854481686,0.0,0.0,0.1959837958296748,-0.1225993577865239,0.4974063861387705,0.2588511100257993,1.063848737766763e-16,2,0.1684955589220039,0.0155630916814389,0.091083823545697,1.5,0.19664726825468848,0.3657453679454729,5.118943403881193e-08,0.220589857625102,0.19077679197938882,0.02337948443494634,-5.118943403881193e-08,-2.9329385260872395e-09,-0.010977775060588987,0.2997139429243617,-0.14247986214534142,-0.11935185642104196,0.3187203558070401,-0.016699631739247267,-0.26995365974890156,0.24446866668327888,0.22134065072109244,-0.28896010334524047,-0.010977826250023026,DIFFICULT,1
100268,5,0.0,-0.0052798410294489,0.0,0.0,0.0,0.0,6.870191984066563e-20,-0.046075305103305,0.046075305103305,0.0268662887597692,0.0921506102066101,1,0.1684955589220039,0.0155630916814389,0.091083823545697,1.5,0.3595333504832623,0.8188309301778429,2.559471284913073e-08,0.434635494501635,0.3969728413269089,0.22103324343854597,-2.559471284913073e-08,-1.4664690241044495e-09,-0.020760253047442334,0.5784594625363004,-0.06824879683801141,0.03138160021657227,0.8034465714246075,0.2825653343302068,-0.1591997034446562,0.6263297038276856,0.5266993016541591,-0.38418682768979073,-0.020760278642155183,DIFFICULT,1
100269,1,0.0,0.0,0.0,0.0705970008414445,0.1130126095753638,0.0,-0.0178025720097549,-0.0988501532352854,0.0661021545960144,0.0539824862395211,6.57138877239027e-17,2,0.1684955589220039,0.0155630916814389,0.091083823545697,1.5,0.0,0.0,0.0,0.0,0.0,0.0,0.0,0.0,0.0,0.0,0.0,0.0,0.0,0.0,0.0,0.0,0.0,0.0,0.0,CORRECTABLE,0
100269,2,0.0,0.0,0.0,0.1303180247692927,0.0,0.0,2.0061020467827614e-18,-0.1303180247692927,0.1303180247692927,0.0916914422617757,9.57561311429519e-17,1,0.1684955589220039,0.0155630916814389,0.091083823545697,1.5,0.04505523778730804,0.08832883417382997,9.71445146547012e-17,0.050898740996652106,0.04510509568800665,-0.004442866618357027,-9.71445146547012e-17,-5.565970692561154e-18,0.001907277027980478,0.047929730098158485,-0.055030280903023726,-0.03657280607925917,0.07419334974744052,0.0,-0.06009012561485999,0.04641894582210171,0.027961470998337068,-0.08635374526414197,0.0019072770279803808,CORRECTABLE,0
100269,3,0.0,-0.0384199329384562,0.2650994712855705,0.0,0.0349951471357927,0.1302447523692375,0.2003583020617919,-0.3352550913966608,0.4148047327098444,0.306499147516705,0.6705544286748757,3,0.1684955589220039,0.0155630916814389,0.091083823545697,1.5,0.12737766575023454,0.22352382185313702,1.4155343563970746e-15,0.1426183530321696,0.11953228158422885,0.011138272082219371,1.4155343563970746e-15,8.110414437731968e-17,0.006035987365138634,0.18144982056448802,-0.11069785198541357,-0.08453104021390127,0.21404891629360678,0.0022214333091785665,-0.1681141723637915,0.1516587378220114,0.1254919260504992,-0.20071326809290913,0.00603598736514005,CORRECTABLE,0
100269,4,0.0,0.0066815001685947,0.0,0.0,0.0,0.0,1.0305287976099844e-18,-0.058307088721571,0.058307088721571,0.0339985829463957,0.116614177443142,1,0.1684955589220039,0.0155630916814389,0.091083823545697,1.5,0.20730957568321387,0.4783013609361226,7.266091845564704e-08,0.24975826154974975,0.23065912893905144,0.18049900585993428,-7.266091845564704e-08,-4.163163963052807e-09,0.0023741646824695373,0.25693195336911406,0.04827989324298959,0.1441326888260276,0.4722417306017475,0.26175176855363946,0.09007862741216516,0.38032243779757224,0.2844696276823505,-0.125231193417019,0.0023740920215510816,CORRECTABLE,0
100269,5,-0.0073720707751391,0.0695716838724702,0.0,0.0,0.1722486129851893,0.0,-0.0345059308618256,-0.6144998440269063,0.5997557024766278,0.3561148496194756,1.214255546503534,3,0.1684955589220039,0.0155630916814389,0.091083823545697,1.5,0.16496132735413768,0.39967937088498146,4.8628223725533104e-08,0.20368046932260875,0.18976027099246373,0.10360920832136508,-4.8628223725533104e-08,-2.7861919846909834e-09,-0.08596807323586442,0.17404129133567176,-0.02325960822107831,0.08030252671297683,0.3956865518579498,0.17150226562367232,0.01352345347490641,0.31649228529759926,0.2129301406378995,-0.20812183622430558,-0.08596812186408814,CORRECTABLE,0
100270,1,0.0,0.0,0.0,0.0,-0.0750259459680447,0.0,0.0118186352011047,0.0,0.021723361775597,0.0140329095057499,9.18802845827683e-18,1,0.1684955589220039,0.0155630916814389,0.091083823545697,1.5,0.0,0.0,0.0,0.0,0.0,0.0,0.0,0.0,0.0,0.0,0.0,0.0,0.0,0.0,0.0,0.0,0.0,0.0,0.0,HIGHLY_CORRECTABLE,0
100270,2,0.0,0.0249135952965242,0.0,0.0,0.0,0.1762886672185826,0.0525004575083997,-0.2173822031119253,0.2174420907261837,0.1503853101601884,0.4348242938381091,1,0.1684955589220039,0.0155630916814389,0.091083823545697,1.5,0.025178340592502582,0.043089520124607206,4.163336342344337e-17,0.028939621146716853,0.023374320329804636,0.025178340592502582,-4.163336342344337e-17,-2.3854160110976377e-18,0.001907277027980478,0.02499850834132608,0.040116183116942705,0.04069012858427862,0.01810424104736974,0.0,0.01810424104736974,0.04069012858427862,0.040116183116942705,0.02499850834132611,0.0019072770279804363,CORRECTABLE,0
100270,3,0.0,0.0,0.0,0.1446951208774057,0.0240239573313994,0.0,-0.0037844292947355,-0.1507011102102556,0.1434837077319414,0.1019062473878476,1.0926233622572767e-16,2,0.1684955589220039,0.0155630916814389,0.091083823545697,1.5,0.02855415626147838,0.05603191903224083,8.343906959806802e-08,0.03432404504985792,0.028808252124822437,0.025948875687649177,-8.343906959806802e-08,-4.780706534467636e-09,-0.00877457452075553,0.019768221930305307,0.0462370465281199,0.054520320599296485,0.019209405684464276,-0.012589170296251284,0.019209388996650367,0.05452028722366864,0.046236996464678104,0.019768155179049618,-0.008774657959825127,CORRECTABLE,0
100270,4,0.0,0.0384641416064227,0.0,0.0,0.0,0.0,6.5953843047039e-18,-0.3356630079180754,0.3356630079180754,0.1957234852049375,0.6713260158361509,1,0.1684955589220039,0.0155630916814389,0.091083823545697,1.5,0.09477093677026571,0.20484277245720123,4.171953126019812e-08,0.10833850091513923,0.10071797537561337,0.022549713940486927,-4.171953126019812e-08,-2.3903530644734566e-09,-0.019841756196368868,0.14611748436639949,-0.03993149563644163,-0.02165406632884123,0.15613043506258634,-0.025563608140075855,-0.11909604845446314,0.14844523324417808,0.13016779559267128,-0.12910902418236858,-0.019841797915900128,CORRECTABLE,0
100270,5,0.2429637716104381,0.0221909277398111,0.1357929597372205,0.0,0.0,-0.2003107881971912,0.2688948135769884,0.0492773612368112,0.4390736273745586,0.2947377389051329,0.3873047724977286,3,0.1684955589220039,0.0155630916814389,0.091083823545697,1.5,0.09678757804951948,0.21798528165610204,1.9280767782348107e-07,0.11146599953522449,0.10557851570751225,0.024634562361641434,-1.9280767782348107e-07,-1.1047066197003584e-08,-0.029209260594558528,0.1422015383410173,-0.032496298604533444,-0.006509547458000125,0.15854991979059652,-0.03683846511031924,-0.11667659394408236,0.16358969167976062,0.1376029019716915,-0.13302509107826788,-0.02920945340223635,CORRECTABLE,0
100271,1,-0.0829172236029316,-0.0112138454677848,0.0,0.0,0.0,0.0,-0.0829172236029316,-0.1807764874638003,0.014942040257937,0.1006541308043119,0.1957185277217374,2,0.1475606706612916,0.0099327971553239,0.2653426526734798,1.5,0.0,0.0,0.0,0.0,0.0,0.0,0.0,0.0,0.0,0.0,0.0,0.0,0.0,0.0,0.0,0.0,0.0,0.0,0.0,DIFFICULT,1
100271,2,-0.0247391047798881,0.0,0.0,0.0,0.1218851625302208,0.0,-0.0439393461601912,-0.0600303023323878,-0.0247391047798881,0.0456261169238676,1.3877787807814457e-17,2,0.1475606706612916,0.0099327971553239,0.2653426526734798,1.5,0.10516591686941311,0.2503609460911176,0.14759392450282582,0.12296628026491377,0.16323286426549832,-0.10516591686941311,-0.14759392450282582,-0.00845650889437899,-0.10276702158829176,-0.10117273664384847,-0.07774362699727835,-0.043794521075878445,-0.037186476056713214,-0.054352534606438074,-0.06670526095727841,-0.10283209087700876,-0.16629998169897386,-0.2192478762461092,-0.2503609460911176,CORRECTABLE,0
100271,3,0.0,0.0,0.0,0.2143835542648008,0.0,0.0291968221645574,0.00869509393664,-0.2138966495025599,0.2373395048451956,0.1514336325057508,1.5752610533267123e-16,1,0.1475606706612916,0.0099327971553239,0.2653426526734798,1.5,0.05819177340332194,0.15761293884778443,0.07379696137955451,0.07493129821824247,0.0943736319110225,-0.032864108262916185,-0.07379696137955451,-0.004228254420262727,-0.081526322695911,-0.08532790209559253,-0.027570226909785667,0.04780915143682378,0.040746455917263225,-0.0017695761717314573,0.025987063641352226,0.018290366885001963,-0.07184840373751841,-0.14436547119923626,-0.1553232840754655,CORRECTABLE,0
100271,4,0.0,0.0127146514025885,0.0383377635314713,0.0,-0.1752815765344918,0.0,0.0517745761499552,-0.1109562669305961,0.1448323773230482,0.0847746842567643,0.2219125338611922,3,0.1475606706612916,0.0099327971553239,0.2653426526734798,1.5,0.14962755841484118,0.31638661999419027,0.03689847986710583,0.1754901037115198,0.16842280785399313,0.02248703742063547,-0.03689847986710583,-0.002114127165874143,-0.07798728730136738,0.14167321746721245,-0.09371377475396955,0.007814060050361088,0.2972734381199815,0.014662477959726916,-0.11788801039354874,0.2450776511653051,0.13617012038755313,-0.2956273189665812,-0.11488576716847321,CORRECTABLE,0
100271,5,0.0515254512358933,-0.0249164784905739,0.0,0.0,0.0,0.0,0.0515254512358933,-0.1659118563024894,0.2689627587742761,0.1368565900726247,0.4348746150767656,2,0.1475606706612916,0.0099327971553239,0.2653426526734798,1.5,0.17622163244528205,0.4325208943041687,0.018449252398290483,0.21558601097372923,0.20971613484169527,0.10193718641236646,-0.018449252398290483,-0.001057064297473724,-0.09289919772678279,0.1975457802674128,0.016558549978613724,0.13420117749495397,0.3708430690105762,0.041756722780880606,-0.04062853400919103,0.37884445959742413,0.25751198160142547,-0.22499537419132862,-0.11134845012507327,CORRECTABLE,0
100272,1,0.0,0.0494828608350087,0.369141063766744,0.0,0.0,-0.0455028127999119,0.2191054309445193,-0.4318272587557953,0.4742506954106636,0.349248587493217,0.863639059598478,2,0.1475606706612916,0.0099327971553239,0.2653426526734798,1.5,0.0,0.0,0.0,0.0,0.0,0.0,0.0,0.0,0.0,0.0,0.0,0.0,0.0,0.0,0.0,0.0,0.0,0.0,0.0,CORRECTABLE,0
100272,2,0.3429293208838395,0.0,0.0,0.0,0.0,0.0,0.3429293208838394,0.3429293208838395,0.3429293208838395,0.3429293208838395,0.0,1,0.1475606706612916,0.0099327971553239,0.2653426526734798,1.5,0.27157569698562506,0.3957423176017986,1.552600240040114e-07,0.2999181903654241,0.2301872699907767,0.27157569698562506,-1.552600240040114e-07,-8.895744102529705e-09,0.005556299649321861,0.13550850589585156,0.27148115388464034,0.37560546727640887,0.3909679296059395,0.369141063766744,0.39096789855393477,0.3756054051723992,0.27148106072862577,0.1355083816878323,0.005556144389297857,CORRECTABLE,0
100272,3,-0.4862642897480549,0.0,0.2671137798311112,0.0,-0.0064913410142403,0.0,-0.3168893228777794,-0.4862642897480549,-0.2191505099169437,0.3276634562605142,5.551115123125783e-17,3,0.1475606706612916,0.0099327971553239,0.2653426526734798,1.5,0.21369483269640394,0.3498647603574372,0.02019334603670092,0.24434889653422215,0.1995607713805848,0.17870039286539652,0.02019334603670092,0.001156993501992928,-0.16126157676969782,-0.013030126099295769,0.16213362104252294,0.31177362097125605,0.33891954112834655,0.3092619173105384,0.34295821033568674,0.3198509593859362,0.17424962866454352,0.00312455073006479,-0.1410682307329969,DIFFICULT,1
100272,4,0.0,0.0,0.0,0.0,0.335542344154686,0.0859001819740194,-0.027275182906256,-0.0950745149288573,0.0859001819740194,0.0657546503239277,4.109126233720062e-17,1,0.1475606706612916,0.0099327971553239,0.2653426526734798,1.5,0.34812341154310333,0.5632265119182394,0.01009667269826578,0.3967307652489297,0.31610705537277556,0.2976442548550671,0.01009667269826578,0.0005784967327159362,-0.24000721451386875,0.007164831775501923,0.2891754907404927,0.5187411152710213,0.5448947643341266,0.48702550070895134,0.5469140988737797,0.5227797843503272,0.29523349435945223,0.015242169934114341,-0.22991054181560297,DIFFICULT,1
100272,5,-0.0154432713478734,0.0333763810854741,0.0147487738627156,0.0,-0.1701835790342292,0.0,0.0206609219799794,-0.3067071754645082,0.2758206327687613,0.1718595436093559,0.5825278082332696,4,0.1475606706612916,0.0099327971553239,0.2653426526734798,1.5,0.28739647040182553,0.4392355178174968,0.005048336193123337,0.31421411829297113,0.2509255091530308,0.13488413722051365,0.005048336193123337,0.00028924835742665086,-0.3807489516695213,-0.19709111584921088,0.10063737840310794,0.38406875087972514,0.41674868636818085,0.3382033732814178,0.41775835360680535,0.38608808535697403,0.10366638011898194,-0.1930524468947124,-0.37570061547639794,DIFFICULT,1
100273,1,0.0,0.0235768908369489,0.2425953794246311,0.1116405510124466,0.0262532435049508,0.0,0.1487637168163224,-0.2057471978569151,0.3794916769403466,0.209223217753937,0.4114943957138301,4,0.1475606706612916,0.0099327971553239,0.2653426526734798,1.5,0.0,0.0,0.0,0.0,0.0,0.0,0.0,0.0,0.0,0.0,0.0,0.0,0.0,0.0,0.0,0.0,0.0,0.0,0.0,CORRECTABLE,0
100273,2,0.0,0.0,0.0,0.1400802628170747,0.0,0.0,2.5190468194220983e-18,-0.1400802628170747,0.1400802628170747,0.0985601289832678,1.0292930728959035e-16,1,0.1475606706612916,0.0099327971553239,0.2653426526734798,1.5,0.1940015575618561,0.37632992626702766,4.172157222481765e-08,0.22209890459092377,0.19330934812422917,0.1876828083684159,-4.172157222481765e-08,-2.3904700031322918e-09,0.005556242880095902,0.1964076592342977,0.12398826788985058,0.20261350226636637,0.37524916713696177,0.24259537942463116,0.1628962117463097,0.33385482446358095,0.2552295817427506,-0.015945321189297756,0.005556201158523677,CORRECTABLE,0
100273,3,0.0,0.0,0.0,0.0653685489344345,0.0934896521006403,0.0,-0.0147271730999069,-0.0887409619595946,0.061636440363939,0.0492051136304174,5.94812108503223e-17,2,0.1475606706612916,0.0099327971553239,0.2653426526734798,1.5,0.1989764807810986,0.4703276177517875,2.086078380869605e-08,0.2455231853263405,0.22534355435073505,0.1327604957363014,-2.086078380869605e-08,-1.1952348695731266e-09,-0.08272894971519641,0.25722807522856284,0.0023151788352615277,0.10339902360433251,0.45452590757564204,0.14875397524042333,-0.02427553715588554,0.399314579388123,0.2982307304468951,-0.22157338201943505,-0.08272897057598022,DIFFICULT,1
100273,4,0.0,0.0190284832450887,0.1230974848734746,0.0653081182250169,0.0,0.0,0.0775840072513987,-0.1660548482487955,0.2353786086504571,0.1292918642921194,0.332109696497591,3,0.1475606706612916,0.0099327971553239,0.2653426526734798,1.5,0.2643440385122194,0.6567984790993044,0.10762344193492535,0.324670285903112,0.34109681645424594,0.15392198726882347,0.10762344193492535,0.006166368975734551,-0.2119575975505656,0.1957994679006907,-0.11007516249092295,0.08691298562885003,0.644363333536568,0.3296056573481887,0.06274821251447721,0.5027232645857631,0.3272598048529751,-0.32124158796044494,-0.10433415561564024,DIFFICULT,1
100273,5,0.0,0.0,0.0,0.1069567924720158,0.0,0.0,1.6607936382173609e-18,-0.1069567924720158,0.1069567924720158,0.0752545365755377,7.859057612875316e-17,1,0.1475606706612916,0.0099327971553239,0.2653426526734798,1.5,0.35681544516641595,0.811747455427487,0.34837450818596893,0.41773097305884116,0.4968543199398457,0.10320203146292196,0.34837450818596893,0.019960388201505634,-0.5704054961190765,-0.02159224109148139,-0.32622068227490353,-0.002734673487036987,0.7770942750557577,0.4657356913149772,0.11940594447412234,0.5861503294655699,0.3323392223148971,-0.47025586676153547,-0.2220309879331076,DIFFICULT,1
100274,1,-0.0892828116983195,0.0,0.0,0.1525473635383028,-0.1163878452630567,0.0,-0.0709485479011984,-0.2370435360947093,0.0923615131557474,0.1291959749247113,9.714451465470121e-17,3,0.1475606706612916,0.0099327971553239,0.2653426526734798,1.5,0.0,0.0,0.0,0.0,0.0,0.0,0.0,0.0,0.0,0.0,0.0,0.0,0.0,0.0,0.0,0.0,0.0,0.0,0.0,CORRECTABLE,0
100274,2,0.0,0.0,0.2232612444042988,0.0,0.0,0.0,0.1407136955123273,0.0,0.2232612444042988,0.1570860633962942,2.7341616833337947e-17,1,0.1475606706612916,0.0099327971553239,0.2653426526734798,1.5,0.10580326393637174,0.2524933673177515,4.85722573273506e-17,0.12611262137652254,0.12010025151388923,0.05725335534921457,-4.85722573273506e-17,-2.782985346280577e-18,0.005556222019309824,0.19388316949970968,-0.0019522309584327178,0.009437235482545409,0.19181616998837137,1.1102230246251565e-16,-0.09834615828512588,0.18876741661037144,0.1773779501693932,-0.09627915877378751,0.0055562220193097756,DIFFICULT,1
100274,3,0.0,0.0399674582479204,0.0,0.0,0.0,0.0,1.0992307174506501e-17,-0.3487819266116567,0.3487819266116567,0.2033730635864034,0.6975638532233134,1,0.1475606706612916,0.0099327971553239,0.2653426526734798,1.5,0.2853935206804903,0.5451808817585762,0.11130929670351689,0.31773691692067557,0.31433880143484255,0.26309425004998227,-0.11130929670351689,-0.006377552895342182,0.0474819632738756,0.31011579044374393,0.20458018076556916,0.30808683588857577,0.5438727895289989,0.3567968000549461,0.2314486019147982,0.44289329833499497,0.317124783871285,-0.06909397519256671,-0.06382733342964128,DIFFICULT,1
100274,4,-0.746782846798552,0.0239635410302945,0.0,0.1405236290927961,-0.233971600557852,0.0,-0.7099259307179522,-0.9559042046999032,-0.4392925945329001,0.7232150684656165,0.4182427158027021,4,0.1475606706612916,0.0099327971553239,0.2653426526734798,1.5,0.22199826697238298,0.44665410621888757,0.05565471432781066,0.2520486917188677,0.2424969954276111,0.17046621657708458,-0.05565471432781066,-0.0031887802376974637,-0.10633623091965871,0.17774441423474227,0.1108421150368518,0.24237283670390541,0.44665410621888757,0.22524967502995497,0.1453608350798281,0.39944113210060705,0.2567794675679913,-0.15694168550100357,-0.16199094524746938,DIFFICULT,1
100274,5,-0.1331050968417681,0.0,0.1837873295086459,0.0809211151607398,0.0,0.0,-0.0172704189848645,-0.1718863995473937,0.125669651573746,0.0827282645252048,2.775557561562892e-17,3,0.1475606706612916,0.0099327971553239,0.2653426526734798,1.5,0.2572095092975515,0.6051679410784883,0.027827390799248286,0.31231027391741517,0.2982924797443279,0.16100911592123562,-0.027827390799248286,-0.001594392047246559,-0.19992677895317235,0.29147389394846207,0.05592459152092899,0.19044463231345976,0.5459305842984035,0.14001656674141272,-0.017089048419237418,0.5238392906803129,0.38375377172793207,-0.2882421732487278,-0.22775416975242063,DIFFICULT,1
100275,1,-0.4506876411164804,0.0,0.1825319336810258,0.0305727032520148,-0.240111485967694,0.0632248764522154,-0.2789911041414639,-0.4506769019490902,-0.1824498511069111,0.2881083954312088,5.551115123125783e-17,4,0.1475606706612916,0.0099327971553239,0.2653426526734798,1.5,0.0,0.0,0.0,0.0,0.0,0.0,0.0,0.0,0.0,0.0,0.0,0.0,0.0,0.0,0.0,0.0,0.0,0.0,0.0,NOT_IMPROVED,1
100275,2,0.0,0.0378600867897395,0.0,0.0,0.0,0.3492891514031699,0.1040216625419816,-0.3303323037782518,0.3583661519543519,0.2506119588044787,0.6607832657453362,1,0.1475606706612916,0.0099327971553239,0.2653426526734798,1.5,0.14296907889299393,0.38419494706227153,0.17336001602983175,0.16304269287641787,0.22646148188317092,-0.013489752612996363,0.17336001602983175,0.009932797155323907,-0.38419494706227153,-0.20782774495754464,-0.12836601893119748,-0.003532721282502649,0.16840055915458127,0.20797249235153226,0.14491982506337425,0.10175165331792685,0.011590358875198437,-0.1272924694308527,-0.21083493103243978,CORRECTABLE,0
100275,3,-0.2222190719897943,-0.0218613816798189,0.0,0.0,-0.0989695420083398,0.1236751459846063,-0.169797020808376,-0.4129746188724547,-0.0314215110085934,0.2061981591921936,0.3815531078638612,3,0.1475606706612916,0.0099327971553239,0.2653426526734798,1.5,0.1514196722532569,0.3285537639882547,0.08667984653341415,0.16845471342663149,0.18684145617514086,0.03217421524559527,0.08667984653341415,0.004966389362768161,-0.3285537639882547,-0.14497321908620764,-0.041111657766788476,0.09751223123874103,0.22370735236317174,0.2147173686580306,0.18289058437268113,0.1681245380406035,0.04683661834175695,-0.13378207915664975,-0.24187391745484055,CORRECTABLE,0
100275,4,0.1311171407865717,0.0160802615645738,0.0,0.1164769433285411,-0.0124576192285158,0.0,0.133079555991557,-0.0530340002642389,0.3217334610579556,0.1664307692925303,0.2806535162523974,4,0.1475606706612916,0.0099327971553239,0.2653426526734798,1.5,0.17027650605094768,0.31741468036977655,0.04333990808948224,0.18750646544571237,0.17805997489763317,0.07059660457298053,0.04333990808948224,0.00248319381645746,-0.31741468036977655,-0.09901763467770366,0.03854633850511256,0.18588227918854744,0.257665422259082,0.198630261035233,0.20818066657980497,0.23915861061283705,0.10049065154729876,-0.12249844550329143,-0.2740747722802943,CORRECTABLE,0
100275,5,0.0,-0.0303537020258979,0.2751304976015046,0.0,0.0,0.0,0.173405058136941,-0.2648860450414289,0.3286478806546469,0.2476481950250492,0.529772090082858,2,0.1475606706612916,0.0099327971553239,0.2653426526734798,1.5,0.1880199719383688,0.37593641444232956,0.02166992728530759,0.22657363442328288,0.1983452575421301,0.07617980904356896,0.02166992728530759,0.001241595375609165,-0.33632177023486975,0.009494755018976661,-0.0006545950683213009,0.1657881658466921,0.37593641444232956,0.16333195874874273,0.10056535070071715,0.34732336399055735,0.18521458853260547,-0.2528743523514514,-0.31465184294956217,DIFFICULT,1
100276,1,0.0,0.0,0.0,0.0,0.0570419146473219,0.0,-0.0089856591835095,-0.0165161815991534,0.0,0.0106691627270053,6.98561981900793e-18,1,0.1475606706612916,0.0099327971553239,0.2653426526734798,1.5,0.0,0.0,0.0,0.0,0.0,0.0,0.0,0.0,0.0,0.0,0.0,0.0,0.0,0.0,0.0,0.0,0.0,0.0,0.0,CORRECTABLE,0
100276,2,0.0,-0.0316866476427484,0.2555838675318991,0.0907555080298599,0.0,0.0,0.1610855059493441,-0.2845037680430513,0.3880904181637368,0.2601345026228842,0.553036386667171,3,0.1475606706612916,0.0099327971553239,0.2653426526734798,1.5,0.029933432368583916,0.06617117627251012,1.3877787807814457e-17,0.03786873504130659,0.032618256096458874,0.029933432368583916,1.3877787807814457e-17,7.951386703658792e-19,0.005556222019309817,0.008026223289383086,0.03823040862079935,0.06611402539000444,0.03654106033322824,0.0,0.03654106033322824,0.06611402539000444,0.03823040862079932,0.008026223289383072,0.005556222019309831,CORRECTABLE,0
100276,3,0.0,-0.0123011324010342,0.330864982264711,0.0,0.0025773733688981,0.0,0.2081265332740681,-0.1073476327102643,0.3378485332556373,0.240748878202468,0.2146952654205288,3,0.1475606706612916,0.0099327971553239,0.2653426526734798,1.5,0.21936282247272662,0.39886638326414164,3.640123964754327e-08,0.24978893126278975,0.21044766576771134,0.21497131368572964,-3.640123964754327e-08,-2.0856374008485097e-09,-0.0038542539450523994,0.1797904792887664,0.17465281624072548,0.2815383019385414,0.3908565677191162,0.24061715134760725,0.21822932583591742,0.38822778574657113,0.2813422927685073,0.007163215564823959,-0.003854290346292047,DIFFICULT,1
100276,4,0.0,-0.0125159270390001,0.3079998916696378,0.2209013617355762,-0.2006582935465307,0.0,0.2257306395815231,-0.2057779370953066,0.5442664403383225,0.3044017811863396,0.2184441392444987,4,0.1475606706612916,0.0099327971553239,0.2653426526734798,1.5,0.37288344146540603,0.6424388327488211,1.973910182528904e-08,0.42441948183747324,0.34703863636974597,0.3545312816690263,-1.973910182528904e-08,-1.1309672259680416e-09,-0.10578369709967622,0.19537932308832368,0.3154147771621879,0.5182018320269446,0.6377846123536328,0.46399647676945344,0.46515737380286165,0.6248913224998294,0.4221042636872524,0.02275207269409152,-0.10578371683877805,DIFFICULT,1
100276,5,0.0,-0.0493497453401632,0.0,0.0,0.0,0.0,-8.244230380879875e-18,-0.4306578770998853,0.4306578770998853,0.2511145364505631,0.8613157541997707,1,0.1475606706612916,0.0099327971553239,0.2653426526734798,1.5,0.46686516324038146,0.9633981366633833,0.03219737128811312,0.5350523677841532,0.49224343813597865,0.32177091929537666,-0.03219737128811312,-0.0018447734855871025,-0.4270850535617873,0.23974965393768993,0.15176704033344207,0.4542821445438432,0.9608598535354276,0.5820385810088728,0.3616137856006689,0.8077778196761168,0.498823241208093,-0.37881483676993644,-0.4592824248499004,DIFFICULT,1
100277,1,0.0,0.0,0.1446056512523431,0.0,0.0,0.0,0.0911398466580087,0.0,0.1446056512523431,0.1017441811752735,1.770908479448005e-17,1,0.1475606706612916,0.0099327971553239,0.2653426526734798,1.5,0.0,0.0,0.0,0.0,0.0,0.0,0.0,0.0,0.0,0.0,0.0,0.0,0.0,0.0,0.0,0.0,0.0,0.0,0.0,CORRECTABLE,0
100277,2,0.0,0.0,0.0,0.0,-0.1483546222679585,0.0,0.023369904082642,0.0,0.0429552881876565,0.0277483604129788,1.816820132991701e-17,1,0.1475606706612916,0.0099327971553239,0.2653426526734798,1.5,0.13005893821010212,0.1970625621349859,4.163336342344337e-17,0.14312366259889045,0.11244881636341546,0.13005893821010212,4.163336342344337e-17,2.3854160110976377e-18,0.005556222019309817,0.06612318548590272,0.13950250321326144,0.1939524716612644,0.17742204686909574,0.14460565125234304,0.17742204686909568,0.1939524716612644,0.1395025032132614,0.06612318548590274,0.005556222019309859,CORRECTABLE,0
100277,3,0.0,0.0299951111333708,0.3657956196947673,0.0655539199299429,0.1052411792446811,0.0,0.213969730394528,-0.2617567483023687,0.4317313372272968,0.2856415958857619,0.5235134966047374,4,0.1475606706612916,0.0099327971553239,0.2653426526734798,1.5,0.13365600974883285,0.23410577091776494,1.1102230246251565e-16,0.1523175130807002,0.12556028550804937,0.12731846473978656,1.1102230246251565e-16,6.361109362927034e-18,-0.05391702506643137,0.057411561778534154,0.17130655718633042,0.23410577091776494,0.1610065436243478,0.07957618214729206,0.1610065436243478,0.23410577091776485,0.17130655718633037,0.057411561778534126,-0.05391702506643126,DIFFICULT,1
100277,4,0.5452990679359032,0.0113382456716005,0.0,0.0,0.0651706394406381,0.0,0.5350329126287819,0.4463279764979626,0.6442439284121873,0.5381747283181649,0.197889720952568,3,0.1475606706612916,0.0099327971553239,0.2653426526734798,1.5,0.3338098201484753,0.5620677272249642,6.324567294879735e-08,0.37791629021387396,0.3065549122071211,0.3165480543165148,-6.324567294879735e-08,-3.6237101324308076e-09,-0.11202000379417817,0.16582879690728636,0.308603328253141,0.48479577708802013,0.5412930866830785,0.38171256947216625,0.4166021085978179,0.5618590065193152,0.3856665450353011,0.04113778087462194,-0.11202006703985112,DIFFICULT,1
100277,5,0.0,0.0346590789746526,0.0,0.0,0.0,0.1729909654053689,0.0515183702497483,-0.3024281751297357,0.3024869424706535,0.193404867225041,0.6049151176003892,1,0.1475606706612916,0.0099327971553239,0.2653426526734798,1.5,0.26030279021719216,0.4681528331916287,4.435898698362806e-08,0.29205535265747545,0.24774223559608985,0.18692696340322976,-4.435898698362806e-08,-2.541582737637642e-09,-0.26473781837646876,0.013669807662355593,0.1862404410445211,0.3910895962056593,0.4190823235140353,0.22343854231390892,0.2943913492061119,0.4681528331916287,0.26330366915869297,-0.11102119326096016,-0.26473786273545574,DIFFICULT,1
100278,1,0.0,0.0,0.2045595825614707,0.0,0.0,0.0,0.1289266970247584,0.0,0.2045595825614707,0.1439276200413042,2.505132380188239e-17,1,0.1475606706612916,0.0099327971553239,0.2653426526734798,1.5,0.0,0.0,0.0,0.0,0.0,0.0,0.0,0.0,0.0,0.0,0.0,0.0,0.0,0.0,0.0,0.0,0.0,0.0,0.0,CORRECTABLE,0
100278,2,0.0,-0.0375518241988794,0.2513153299035561,0.071010479718039,0.2315046583736102,0.0,0.121926891765912,-0.3452581786620219,0.3630405616236575,0.2581644609528887,0.655403066243994,4,0.1475606706612916,0.0099327971553239,0.2653426526734798,1.5,0.16784578857685178,0.24891631763978891,4.163336342344337e-17,0.1847919475535833,0.14350782662035055,0.16784578857685178,4.163336342344337e-17,2.3854160110976377e-18,0.005556222019309817,0.08464996914001137,0.17474253985372265,0.2424562209699369,0.2344416239181536,0.20455958256147067,0.2344416239181536,0.2424562209699369,0.17474253985372262,0.08464996914001144,0.005556222019309859,DIFFICULT,1
100278,3,0.0,0.0175896359090189,0.0,0.0,0.0,0.0,1.6488460761759752e-18,-0.1534985352419723,0.1534985352419723,0.0895042574925156,0.3069970704839447,1,0.1475606706612916,0.0099327971553239,0.2653426526734798,1.5,0.2623766777164631,0.48335519426701146,5.477005758647291e-08,0.30375889739096373,0.254095467765156,0.24476887760643148,-5.477005758647291e-08,-3.138093143393374e-09,-0.07281042286477746,0.11293035626250525,0.18525342369147874,0.3530420372736495,0.48335519426701146,0.3719520181766009,0.3482852243908283,0.43651984083858086,0.2687312163023984,-0.022139646475712323,-0.07281047763483504,DIFFICULT,1
100278,4,0.0,0.0,0.0,0.1364501140819573,0.0,0.0,4.4004084572718935e-18,-0.1364501140819573,0.1364501140819573,0.0960059652462334,1.0026191727225613e-16,1,0.1475606706612916,0.0099327971553239,0.2653426526734798,1.5,0.28301041863966653,0.5232369394671317,0.40189663684458227,0.3328319947203377,0.39572639795744796,0.21978522376353077,0.40189663684458227,0.023026979851917,-0.3734032582408845,-0.13107861578958463,0.0200618869867083,0.2790004592563444,0.4758836667451319,0.40547925657824085,0.4211930351918767,0.5232369394671317,0.34467769456641184,0.05536873476390958,0.028493378603697772,DIFFICULT,1
100278,5,-0.2186942155972235,0.0146579116801676,0.1288019732458712,0.0,-0.1582404534447667,0.0,-0.1125876778856853,-0.3466086285305506,-0.0210889831800908,0.1403719564189619,0.2558288258666542,4,0.1475606706612916,0.0099327971553239,0.2653426526734798,1.5,0.2589114981056652,0.5557515572974305,0.20094831349707315,0.31303395086493685,0.3359868057565444,0.14881170343385888,0.20094831349707315,0.01151349010868161,-0.37726548642958546,-0.009382546419211851,-0.0552441586128187,0.2060581896285429,0.5557515572974305,0.29558664469647566,0.20132772078094835,0.5303220699623268,0.3092093844203795,-0.24323739483745016,-0.1763171729325123,DIFFICULT,1
100279,1,0.0,-0.0188687415817182,0.0,0.1204556274943055,0.1684544565851413,0.0055302291952066,-0.0248892215020093,-0.2926054357706997,0.2274471194277859,0.146689434324348,0.3293216782142276,3,0.1475606706612916,0.0099327971553239,0.2653426526734798,1.5,0.0,0.0,0.0,0.0,0.0,0.0,0.0,0.0,0.0,0.0,0.0,0.0,0.0,0.0,0.0,0.0,0.0,0.0,0.0,CORRECTABLE,0
100279,2,-0.4514320274300689,0.0,0.3813441279750422,0.1882209362672526,-0.2076195334234208,0.0,-0.1783785146944672,-0.5166535253328081,0.1137827166097124,0.2498376630531207,5.551115123125783e-17,4,0.1475606706612916,0.0099327971553239,0.2653426526734798,1.5,0.0779409102749396,0.15114813563797921,8.904039797141827e-09,0.088498491611075,0.07757656560619507,0.012382914704312168,-8.904039797141827e-09,-5.101639009927484e-10,0.005556226471329667,0.09639167667529314,-0.06435951730686831,-0.02587993902737018,0.1445525057693664,0.0,-0.08456771491720336,0.1157241402045911,0.0772445601442849,-0.1327285493537005,0.00555621756728987,DIFFICULT,1
100279,3,0.0,-0.0540550060463264,0.1109695401459508,0.1468300977703749,-0.0420216730449009,0.0,0.0765597520079054,-0.5203685435923371,0.5797963458678823,0.3283719363511793,0.9434381126040636,4,0.1475606706612916,0.0099327971553239,0.2653426526734798,1.5,0.3480223941203033,0.7358880244021169,4.452018920186873e-09,0.41199916735878206,0.3663730436282099,0.31816406163985117,-4.452018920186873e-09,-2.5508189443909795e-10,0.0049209889124729456,0.4573026434317811,0.15670679502759688,0.2822646168063636,0.732147083709574,0.3751526706228862,0.1450093680331177,0.6451356788402787,0.5195778561711079,-0.12983507491588644,0.004920984460454025,DIFFICULT,1
100279,4,0.0,0.0,0.204620218764536,0.0,0.0626602401572836,0.0,0.1190942150177044,0.0,0.204620218764536,0.1363017457450401,1.7385083340839833e-17,2,0.1475606706612916,0.0099327971553239,0.2653426526734798,1.5,0.3764776283557206,0.8800186653187361,1.2817568523226797e-07,0.46527558702848776,0.4234764852578913,0.2745608743799245,-1.2817568523226797e-07,-7.343925800006268e-09,-0.14860475802630968,0.5034733267804149,0.043041424215628954,0.21161132801558757,0.860610962722563,0.32704017994891144,-0.005814220244165558,0.7470914726842128,0.5785215432491171,-0.3629519330917249,-0.1486048862019949,DIFFICULT,1
100279,5,0.0,0.001665064083851,0.0,0.0,0.0,0.0,1.2022835972116486e-19,-0.0145304252640427,0.0145304252640427,0.0084726210726278,0.0290608505280854,1,0.1475606706612916,0.0099327971553239,0.2653426526734798,1.5,0.4216063840511857,0.955007283891081,6.408784053446581e-08,0.5143769804366538,0.4644218176526975,0.29529374375976014,-6.408784053446581e-08,-3.671962780732333e-09,-0.2803290052408844,0.43612926468472546,0.06266111980469163,0.30491746875390674,0.9541467349910631,0.3943799615234852,0.08772156484190335,0.8403976390576698,0.5981412772908865,-0.4302959439171387,-0.2803290693287249,DIFFICULT,1
100280,1,0.3065249980589592,0.0,0.2192080785996935,0.1818269997237766,0.032256927624799,0.0,0.4396027790508284,0.1723234260233884,0.6990712659763544,0.4631104810507641,1.1102230246251563e-16,4,0.1475606706612916,0.0099327971553239,0.2653426526734798,1.5,0.0,0.0,0.0,0.0,0.0,0.0,0.0,0.0,0.0,0.0,0.0,0.0,0.0,0.0,0.0,0.0,0.0,0.0,0.0,CORRECTABLE,0
100280,2,0.0,-0.051027730429232,0.0,0.0,0.0,0.0361808768741293,0.0107750124776406,-0.445294925075015,0.4453072162020169,0.2601832181394417,0.890602141277032,1,0.1475606706612916,0.0099327971553239,0.2653426526734798,1.5,0.19189593742113972,0.42321472867063625,1.1102230246251565e-16,0.22953855497183337,0.20748705532471617,0.17199687254396248,-1.1102230246251565e-16,-6.361109362927034e-18,0.005556222019309831,0.2545202977467022,0.06727403252306341,0.14129624205802443,0.41940490982071177,0.2192080785996937,0.07354940396932219,0.35504669987047155,0.28102449033551036,-0.09133520810468743,0.00555622201930972,CORRECTABLE,0
100280,3,0.1250236070212141,0.0042629949497401,0.2987411051810044,0.0,0.019147774603246,0.0,0.3102933018092979,0.0878219580181383,0.4246152837820495,0.3249639901524417,0.0744032980061515,4,0.1475606706612916,0.0099327971553239,0.2653426526734798,1.5,0.16703042706604182,0.39102811207810106,1.107384384746446e-07,0.20471582685661985,0.1878891776504364,0.12491752782407474,-1.107384384746446e-07,-6.344845154466269e-09,-0.07488593686414236,0.18995948753636827,0.03578106348159926,0.1322618702491929,0.3733003845750248,0.1332096423277126,0.02744485657594764,0.3460122837662646,0.24953145485098321,-0.15589610690577216,-0.07488604760258083,DIFFICULT,1
100280,4,0.0,0.0,0.1780053978019932,0.0,-0.2150327063117978,0.0,0.1460640531125183,0.0,0.185317062024779,0.1553389025983954,4.813328561458984e-17,2,0.1475606706612916,0.0099327971553239,0.2653426526734798,1.5,0.3283597442182546,0.6337297122131038,5.85650046514008e-08,0.37436979886522076,0.32606383438543096,0.2866475502522146,-5.85650046514008e-08,-3.355527593689301e-09,-0.1317885048435867,0.23675245113010993,0.19796014906277598,0.3848116460659234,0.6337297122131038,0.3694919835966797,0.28787419464871333,0.5985620804523686,0.4117105717362202,-0.10910310157328351,-0.13178856340859135,DIFFICULT,1
100280,5,0.1621609961963253,0.0,0.0,0.0,-0.0569023003964239,0.0,0.1711246623229136,0.1621609961963253,0.1786367532351196,0.1712208434752764,0.0,2,0.1475606706612916,0.0099327971553239,0.2653426526734798,1.5,0.3958517511105724,0.738547153853186,2.92824995917762e-08,0.44546937797516695,0.3848666180713941,0.3283069197907191,-2.92824995917762e-08,-1.6777636402023322e-09,-0.26955607259163666,0.22043016048080658,0.2751232237836945,0.5033629506219459,0.7122323329795544,0.4041736062725656,0.3663768212716649,0.7171133967213931,0.48887366402664184,-0.12542536879658284,-0.26955610187413626,DIFFICULT,1
100281,1,0.0,0.0,0.2748608735091442,0.1269554544500495,-0.0488058102903692,0.0,0.1809233714184471,-0.0554636263223137,0.3948115408689627,0.2187580212049821,5.364761772535915e-17,3,0.1894775989575222,0.015290159380979,0.0959210114770438,1.5,0.0,0.0,0.0,0.0,0.0,0.0,0.0,0.0,0.0,0.0,0.0,0.0,0.0,0.0,0.0,0.0,0.0,0.0,0.0,CORRECTABLE,0
100281,2,-0.2380326665660673,0.0596235190076285,0.0,0.0,0.3554026026757815,0.0,-0.2940182813604113,-0.7589146752151047,0.2822808804047506,0.4240025465684681,1.040627093941636,3,0.1894775989575222,0.015290159380979,0.0959210114770438,1.5,0.2019632234585241,0.40490413753778404,4.163336342344337e-17,0.23210382880476146,0.20527059117936858,0.19499257058349181,-4.163336342344337e-17,-2.3854160110976377e-18,0.002008566774747131,0.2249030843711632,0.12056539019558642,0.18485038832834733,0.399440361699399,0.2748608735091443,0.1579567372315347,0.33409547597600336,0.26981047784324236,-0.016580540096701013,0.0020085667747470892,CORRECTABLE,0
100281,3,-0.663358659678724,0.0,0.0,0.0,0.0,-0.2659871584085673,-0.742572188989115,-0.9293458180872912,-0.6634038393734593,0.7483566257169982,0.0,1,0.1894775989575222,0.015290159380979,0.0959210114770438,1.5,0.12239100776978097,0.30380315719270967,3.6309749851248796e-07,0.14852552763502527,0.14271091118149928,0.05557986966244658,-3.6309749851248796e-07,-2.0803954216523248e-08,-0.09347897019350249,0.051596437854959765,-0.058629533556231406,0.04757498103207988,0.29547566295801536,0.17736458821739837,0.05399196587065136,0.19681992344073662,0.09061533623292534,-0.1898874770909033,-0.093479333291001,CORRECTABLE,0
100281,4,-0.3120168059651358,0.0098952539716725,0.0,0.1104682648195033,0.0,0.0,-0.3120168059651358,-0.4656612617455934,-0.1583723501846783,0.3223859224378042,0.1727047638438165,3,0.1894775989575222,0.015290159380979,0.0959210114770438,1.5,0.1203308766135557,0.2865649325502007,1.8154873471232236e-07,0.14646292247629417,0.13671508946137675,0.041859133996268026,-1.8154873471232236e-07,-1.0401976274956296e-08,-0.11926042902436051,0.0315560873324483,-0.0667158818864877,0.04760740750369463,0.2821073010604467,0.1495746533861751,0.04062364028283544,0.1968524225318568,0.0825290968319275,-0.20992768237440362,-0.11926061057309523,CORRECTABLE,0
100281,5,0.331124961089982,-0.0485370324305381,0.2095434201459422,0.0,0.140777786815074,0.0,0.44101644973325,-0.0924406527613693,0.7546905749413333,0.510477485107379,0.8471312277027025,4,0.1894775989575222,0.015290159380979,0.0959210114770438,1.5,0.17005110000390156,0.38747756615737905,1.1103345043395052e-07,0.20433142501357593,0.1876917756597769,0.034998766163178645,-1.1103345043395052e-07,-6.361748094640384e-09,-0.1381814645053897,0.12343771215682525,-0.13287344598085427,-0.010431392892149144,0.3806608811997224,0.12864508638804104,-0.07094589167564655,0.2686768841566139,0.14623480886121845,-0.3281691273386138,-0.13818157553884014,DIFFICULT,1
100282,1,0.0,-0.0174937834278537,0.0,0.0,0.0,0.0,-5.49615358725325e-19,-0.1526620644672963,0.1526620644672963,0.0890165154076577,0.3053241289345927,1,0.1894775989575222,0.015290159380979,0.0959210114770438,1.5,0.0,0.0,0.0,0.0,0.0,0.0,0.0,0.0,0.0,0.0,0.0,0.0,0.0,0.0,0.0,0.0,0.0,0.0,0.0,HIGHLY_CORRECTABLE,0
100282,2,0.1114607539179369,0.0,0.0,0.0,0.0,0.0,0.1114607539179369,0.1114607539179369,0.1114607539179369,0.1114607539179369,0.0,1,0.1894775989575222,0.015290159380979,0.0959210114770438,1.5,0.014069199165044715,0.027823851604253158,3.133757447981722e-09,0.016848002342722528,0.014252716405188848,0.014069199165044715,-3.133757447981722e-09,-1.795510757870403e-10,0.0020085683416258826,0.007749658181720381,0.019703641905723546,0.027822398239342183,0.014421591401906741,0.0,0.014421590775155257,0.027822396985839243,0.019703640025469038,0.007749655674714445,0.0020085652078684346,HIGHLY_CORRECTABLE,0
100282,3,-0.281941840218318,0.0,0.0,0.0,0.0,-0.1860188512481607,-0.337340039942673,-0.4679606914664788,-0.2819734367621688,0.3435350655259719,0.0,1,0.1894775989575222,0.015290159380979,0.0959210114770438,1.5,0.0222386041306661,0.04861310263885016,1.5668775166233218e-09,0.028089528168991535,0.024064465317817287,0.021103798747567126,-1.5668775166233218e-09,-8.977546871645583e-11,-0.003017465249589235,0.0084647149006635,0.03237268281873357,0.04861019595603461,0.02180858275122749,-0.007034599582522283,0.021808582437851942,0.04861019532928368,0.03237268187860698,0.00846471364716156,-0.0030174668164667517,HIGHLY_CORRECTABLE,0
100282,4,0.0,0.0,0.3680830089288921,0.0,0.0,0.0,0.2319897507508657,0.0,0.3680830089288921,0.2589823013393066,4.507716787052944e-17,1,0.1894775989575222,0.015290159380979,0.0959210114770438,1.5,0.029540008838664953,0.06588505404670827,7.834375162496521e-10,0.03714046113621754,0.032341565214264976,0.024621098538828264,-7.834375162496521e-10,-4.488766319331691e-11,-0.011560798240345643,0.005662472141721359,0.041524424175514274,0.06588069403815378,0.02567827438763093,-0.017586498956305874,0.025678274230943363,0.06588069372477884,0.04152442370545166,0.005662471514971377,-0.01156079902378316,CORRECTABLE,0
100282,5,0.0,0.0,0.2187494404036622,0.0,0.0,0.0,0.1378700644287022,0.0,0.2187494404036622,0.153911569179142,2.6789080200561965e-17,1,0.1894775989575222,0.015290159380979,0.0959210114770438,1.5,0.25959142347151104,0.39353362791778446,3.917173668765983e-10,0.29080970700625086,0.22501848623492895,0.2583694991853246,-3.917173668765983e-10,-2.2443751884006754e-11,-0.02186278093087264,0.1148454847435298,0.26527128002202194,0.3791779518671256,0.3778570603469259,0.33818596070317214,0.37785706026858223,0.3791779517104388,0.26527127978699144,0.11484548443015591,-0.021862781322590008,DIFFICULT,1
100283,1,-0.5314304441519017,0.0,0.0,0.0,0.0,0.0,-0.5314304441519015,-0.5314304441519017,-0.5314304441519017,0.5314304441519017,0.0,1,0.1894775989575222,0.015290159380979,0.0959210114770438,1.5,0.0,0.0,0.0,0.0,0.0,0.0,0.0,0.0,0.0,0.0,0.0,0.0,0.0,0.0,0.0,0.0,0.0,0.0,0.0,HIGHLY_CORRECTABLE,0
100283,2,0.0,0.0,0.0,0.0835735202020512,0.0,0.0,2.002664771714094e-18,-0.0835735202020512,0.0835735202020512,0.0588021236186306,6.140882640535119e-17,1,0.1894775989575222,0.015290159380979,0.0959210114770438,1.5,0.01406919916504466,0.027823850946164075,8.326672684688674e-17,0.01684800234272246,0.01425271526763489,0.014069199165044658,8.326672684688674e-17,4.7708320221952755e-18,0.0020085667747470337,0.0077496569282173855,0.019703640965596236,0.0278223976125907,0.014421591088530972,-5.551115123125783e-17,0.014421591088530916,0.0278223976125907,0.019703640965596236,0.007749656928217358,0.002008566774747117,CORRECTABLE,0
100283,3,0.0,0.010051028308629,0.0,0.0,-0.2665141939792541,-0.0494144183153831,0.0272671750115575,-0.0877201628669665,0.1365305071421682,0.0712791806958867,0.1754235389961945,2,0.1894775989575222,0.015290159380979,0.0959210114770438,1.5,0.05602217688591817,0.1279642227694801,4.163336342344337e-17,0.06516679626019133,0.061712599522638634,0.021103798747567067,4.163336342344337e-17,2.3854160110976377e-18,-0.003017466033028146,0.08794785525179795,-0.016750600308262545,-0.0005130870142736887,0.10129172357242511,-0.007034599582522338,-0.05767455838334584,0.097733478299592,0.08149596500560297,-0.0710184267039729,-0.0030174660330281045,CORRECTABLE,0
100283,4,0.0,0.0,0.1305748895828324,0.0,0.0,0.0,0.0822967519657911,0.0,0.1305748895828324,0.0918721717139098,1.599081205766348e-17,1,0.1894775989575222,0.015290159380979,0.0959210114770438,1.5,0.08424839148146698,0.20945106477677633,2.0705302517659563e-08,0.10080675716225176,0.09819051880528892,0.06660436171419494,-2.0705302517659563e-08,-1.1863264478034906e-09,-0.011560788279413214,0.1478068661874013,0.06844216575587707,0.0674514275394181,0.12082672863246502,-0.017586498956305735,-0.03813955746436648,0.1656979845711628,0.16668871864656098,-0.011159432332611574,-0.011560808984715731,CORRECTABLE,0
100283,5,0.0,0.0,0.0,0.1148865520668427,-0.0850435943349438,0.0,0.0133966883678285,-0.1113822445773012,0.1361474506505786,0.0823840957470642,7.400243239321328e-17,2,0.1894775989575222,0.015290159380979,0.0959210114770438,1.5,0.13832905661115258,0.2960379464311092,1.035264912685463e-08,0.15966703509866922,0.14627680752834019,0.12966813198793334,-1.035264912685463e-08,-5.931631017485671e-10,-0.04285440753809017,0.16260419803718748,0.13159361717508689,0.16760894693552442,0.22613023743090616,0.07968620976942925,0.06716395340460535,0.26585550810833053,0.22984017627736292,0.003637907799297291,-0.042854417890739294,CORRECTABLE,0
100284,1,0.858100153741919,0.0421809695953715,0.0,0.1334376238440391,0.0605194159574399,0.0,0.8485666931429744,0.4900016866791175,1.2261986208047204,0.8744693864915878,0.7361969341256029,4,0.1894775989575222,0.015290159380979,0.0959210114770438,1.5,0.0,0.0,0.0,0.0,0.0,0.0,0.0,0.0,0.0,0.0,0.0,0.0,0.0,0.0,0.0,0.0,0.0,0.0,0.0,DIFFICULT,1
100284,2,0.0,0.0237654337852971,0.0,0.0,0.0,0.0,4.3969228698026e-18,-0.2073925457527987,0.2073925457527987,0.1209295957634072,0.4147850915055975,1,0.1894775989575222,0.015290159380979,0.0959210114770438,1.5,0.1531026602275435,0.35929654395786315,0.5973094344362958,0.18222379701889546,0.35113497128840027,-0.04498456653770198,0.5973094344362958,0.03422330558649906,-0.35929654395786315,-0.1809837085033722,-0.3159087236277157,-0.23324158954976604,0.04655534366231606,-0.018543857132554464,-0.08779621280205463,0.1625475190177057,0.19934227182701503,0.043050395694034904,0.23801289047843266,CORRECTABLE,0
100284,3,0.0,0.0,0.0,0.0,-0.1594151525079754,0.0,0.0251122396220462,0.0,0.0461578056199079,0.0298171303290539,1.9522725625447928e-17,1,0.1894775989575222,0.015290159380979,0.0959210114770438,1.5,0.09508862489645337,0.21113156856879073,0.2986544688362362,0.11325562400181419,0.1927879610906255,-0.008423084103806277,0.2986544688362362,0.017111640088283035,-0.18546821111423523,-0.03127978206627999,-0.18411630971325055,-0.12319591554831245,0.11333471457970398,0.0039484261362965345,-0.08074783500467858,0.1531312067791355,0.1519417063814445,-0.04616965034892051,0.11318625772200097,DIFFICULT,1
100284,4,0.0543888729319165,0.0,0.0,0.0,0.0,0.0,0.0543888729319165,0.0543888729319165,0.0543888729319165,0.0543888729319165,0.0,1,0.1894775989575222,0.015290159380979,0.0959210114770438,1.5,0.11542708395175831,0.3278472034193888,0.4045851240167925,0.14425755320540185,0.26878357873692205,0.05162815665442274,0.4045851240167925,0.02318101879511239,-0.20589002153303462,0.001993292500374652,-0.12159430158897815,-0.06379374362522111,0.13412715823575072,0.00201625161071034,-0.03876926031252059,0.25490564077444944,0.27802210761405066,0.07184794836217917,0.19869510248375788,CORRECTABLE,0
100284,5,0.0,-0.0145999059797507,0.0,0.0514953600470804,0.0,-0.0374379170967338,-0.0111493711238,-0.1595095708446884,0.1593876407864006,0.0922035435096151,0.2548164353434567,2,0.1894775989575222,0.015290159380979,0.0959210114770438,1.5,0.08774146105789522,0.2770718137320342,0.202292544959495,0.11318174646068362,0.18144992057089568,0.03988327749225616,0.202292544959495,0.011590508895036194,-0.12854924355685005,0.06484590272429981,-0.06701696523340389,-0.021326908528382205,0.14296392890280019,-0.023797826716500936,-0.07039100545693061,0.2164554442483695,0.21122389653524648,-0.027133504659733743,0.07374330140264496,CORRECTABLE,0
100285,1,0.0,0.0,0.1599132903056105,0.0,0.0,0.0,0.1007877121731425,0.0,0.1599132903056105,0.1125145984287699,1.9583729911388745e-17,1,0.1894775989575222,0.015290159380979,0.0959210114770438,1.5,0.0,0.0,0.0,0.0,0.0,0.0,0.0,0.0,0.0,0.0,0.0,0.0,0.0,0.0,0.0,0.0,0.0,0.0,0.0,CORRECTABLE,0
100285,2,0.0,0.018454813109296,0.0,0.0,0.0,0.0,6.045768945978575e-18,-0.161048631368132,0.161048631368132,0.0939066822238251,0.322097262736264,1,0.1894775989575222,0.015290159380979,0.0959210114770438,1.5,0.11485691133818718,0.16732012379412659,1.3877787807814457e-17,0.12698693896526833,0.09735180443622096,0.11485691133818718,1.3877787807814457e-17,7.951386703658792e-19,0.002008566774747131,0.05716558125906561,0.11369831465279905,0.15719496709624414,0.1665081678758805,0.15991329030561047,0.16650816787588046,0.1571949670962442,0.11369831465279906,0.05716558125906562,0.0020085667747471447,HIGHLY_CORRECTABLE,0
100285,3,0.0,0.0330782657560036,0.2328198750703218,0.0,0.0,0.1970565472765734,0.205423495179076,-0.2886288848465117,0.4404845161191528,0.2979848203181111,0.5773247124334537,2,0.1894775989575222,0.015290159380979,0.0959210114770438,1.5,0.08214596588913983,0.13306818749427873,5.0624753347716656e-08,0.09300276081451142,0.07386453728390271,0.07149765483413827,-5.0624753347716656e-08,-2.9005847057149497e-09,-0.05341129680722266,0.007486802768090767,0.07597351513672772,0.12758891916469195,0.12350130835779322,0.10248483463651686,0.1235012982328425,0.12758889891479075,0.07597348476187571,0.007486762268288094,-0.05341134743197601,CORRECTABLE,0
100285,4,0.0,-0.0002060733787066,0.0,0.0,0.0,0.0,-4.0791764905395216e-20,-0.001798329479578,0.001798329479578,0.0010485972686502,0.0035966589591561,1,0.1894775989575222,0.015290159380979,0.0959210114770438,1.5,0.20947281587197913,0.32912803544754154,1.5537391670483736e-07,0.2388429592906363,0.18546459793709483,0.19655619019521853,-1.5537391670483736e-07,-8.90226967360438e-09,-0.08715150507496286,0.05143297220388608,0.19677644911691514,0.3080177458701887,0.32359894181282467,0.2995558822897695,0.32359891073804103,0.30801768372062216,0.1967763558925651,0.051432847904752665,-0.08715166044887956,CORRECTABLE,0
100285,5,0.9611804737763828,-0.0394035910885249,0.0,0.0,-0.2443515330948056,-0.0461509328400513,0.9859283218142124,0.6173113797190666,1.3059719732050867,1.006838597164043,0.6877225100264881,3,0.1894775989575222,0.015290159380979,0.0959210114770438,1.5,0.1626594038034789,0.2539387597326912,7.743426355677485e-08,0.18023701180045798,0.1430031734711759,0.11234729426265405,-7.743426355677485e-08,-4.4366564915068775e-09,-0.18342107236765148,-0.03909549714136695,0.1182019716030063,0.2375620327972396,0.23974243000978107,0.20127778719216033,0.23974241452292816,0.23756200182353437,0.1182019251424481,-0.039095559088777876,-0.18342114980191504,CORRECTABLE,0
100286,1,0.0,0.0,0.0,0.0835196980801561,0.0,0.289795353126719,0.0863038382614605,-0.0827209662731999,0.333269276692398,0.145391711598064,6.137261922625759e-17,1,0.1894775989575222,0.015290159380979,0.0959210114770438,1.5,0.0,0.0,0.0,0.0,0.0,0.0,0.0,0.0,0.0,0.0,0.0,0.0,0.0,0.0,0.0,0.0,0.0,0.0,0.0,CORRECTABLE,0
100286,2,0.0,0.0,0.3200745749995198,0.0,0.0,0.0,0.2017317264708966,0.0,0.3200745749995198,0.2252036851002538,3.9197830376161146e-17,1,0.1894775989575222,0.015290159380979,0.0959210114770438,1.5,0.05378171910696207,0.10913153148433713,4.163336342344337e-17,0.06113176580603866,0.05498715175799364,0.014069199165044706,-4.163336342344337e-17,-2.3854160110976377e-18,0.002008566774747131,0.08718161002635372,-0.029388005841839454,-0.021269249194845047,0.09385354418666725,0.0,-0.06501036200960536,0.07691404442002653,0.06879528777303207,-0.07168229616991884,0.0020085667747470892,CORRECTABLE,0
100286,3,-0.8710704010220236,0.0,0.0,0.0,0.0,-0.0169033103287876,-0.8761043691135032,-0.8879737113508113,-0.8710732721621389,0.8761242460479184,0.0,1,0.1894775989575222,0.015290159380979,0.0959210114770438,1.5,0.22472434920035203,0.4076821488410326,1.8041124150158794e-15,0.2546758643440608,0.21518953584682202,0.22283552521846375,1.8041124150158794e-15,1.033680271475643e-16,-0.0030174660330289094,0.18680515051423846,0.17141615035973284,0.2584643194771732,0.4056495459463709,0.31303997541699746,0.24678563975009865,0.35664761309204546,0.2695994439746054,0.027941244317967295,-0.0030174660330271053,CORRECTABLE,0
100286,4,-0.6824364097907761,0.0,0.0,0.2275388904357251,0.0212579014675535,0.0,-0.6857851097550932,-0.9152897755933896,-0.4561658011498652,0.7042275761122501,2.220446049250313e-16,3,0.1894775989575222,0.015290159380979,0.0959210114770438,1.5,0.15784818435429676,0.3086533744256702,1.887379141862766e-15,0.17909153786825563,0.1578596214208162,0.12548696177427665,1.887379141862766e-15,1.0813885916975958e-16,-0.1124266618675136,0.08313704483322426,0.07970202871609733,0.1748689544805322,0.3086533744256702,0.2016222128077657,0.14978946822939782,0.2730522480954044,0.17788532233096988,-0.07572686136304707,-0.11242666186751171,CORRECTABLE,0
100286,5,0.1919938641480284,0.0,0.1715883714406516,0.1056905765072963,0.0,-0.1046251213871646,0.2689816030035921,0.1268842202936337,0.4070715536749799,0.2808469814153124,5.551115123125783e-17,3,0.1894775989575222,0.015290159380979,0.0959210114770438,1.5,0.21912010362141554,0.48273046866882496,1.6653345369377348e-15,0.2598553169976347,0.23654070338683614,0.073463980087866,1.6653345369377348e-15,9.54166404439055e-17,-0.17316157597990478,0.23954753294284292,-0.10314705504060007,0.0021603739421771073,0.4754843209887968,0.1388787319206275,-0.11618427412640647,0.3678316757992738,0.2625242468164969,-0.352121062172359,-0.17316157597990312,DIFFICULT,1
100287,1,-0.331438949505569,0.0,0.2837736471430463,0.1430467216778855,-0.0504372705493015,0.0,-0.144641171375684,-0.3995280470296246,0.0881277455697161,0.1966321773461731,5.551115123125783e-17,4,0.1894775989575222,0.015290159380979,0.0959210114770438,1.5,0.0,0.0,0.0,0.0,0.0,0.0,0.0,0.0,0.0,0.0,0.0,0.0,0.0,0.0,0.0,0.0,0.0,0.0,0.0,NOT_IMPROVED,1
100287,2,0.0,0.0,0.3537646569402092,0.0,0.0,0.0,0.2229653980140095,0.0,0.3537646569402092,0.2489079440354852,4.332367547732887e-17,1,0.1894775989575222,0.015290159380979,0.0959210114770438,1.5,0.15084236913395652,0.3452887385858714,0.2668636306877856,0.18391871656126457,0.24729029317841053,0.08747182482794942,0.2668636306877856,0.015290159380978998,-0.2733683062929706,-0.004991413097596736,-0.10099450383952921,0.011497125674388042,0.32245121647645336,0.23773330807204335,0.10373290904118607,0.2864040847315968,0.22728518135523654,-0.06359154212019258,-0.006504675605184973,DIFFICULT,1
100287,3,0.0458016703836651,0.0,0.0,0.0,0.0,0.0890085669986449,0.0723092761380487,0.045816789083041,0.1348102373823101,0.0787043296716789,0.0,1,0.1894775989575222,0.015290159380979,0.0959210114770438,1.5,0.31953383056740525,0.6641591472337873,0.13343180346576122,0.3773686217590059,0.37287429655598675,0.28077050959302896,0.13343180346576122,0.007645079146036075,-0.24837973832118593,0.12171435330920359,0.12294042101046078,0.3084715957912614,0.6429302600911175,0.5477620525982778,0.39752558721144543,0.5300058239596604,0.3711610098720118,-0.04363123749101172,-0.1149479348554247,DIFFICULT,1
100287,4,-0.2765882048512801,0.0,0.0,0.0,0.0673652451384735,0.0034554986310567,-0.286170989817364,-0.2959947435855583,-0.2731327062202233,0.2862758108131121,0.0,2,0.1894775989575222,0.015290159380979,0.0959210114770438,1.5,0.253741475492671,0.5378827269659663,0.06671589609077039,0.29838828171306464,0.2873408577361288,0.1544544539615591,0.06671589609077039,0.0038225392667631036,-0.3533984726554579,0.015765118390902833,0.022273579392039833,0.20925192008233579,0.5236381871206331,0.4073767978017633,0.26489033276596274,0.40409978530073865,0.23046462382859617,-0.20295319830930514,-0.2866825765646875,DIFFICULT,1
100287,5,0.0,0.0,0.0314777319977149,0.0,0.0,0.0,0.0198393053284433,0.0,0.0314777319977149,0.0221476549472703,3.85491037354198e-18,1,0.1894775989575222,0.015290159380979,0.0959210114770438,1.5,0.23559014952401258,0.4708204563602977,0.0333579454099277,0.27339809515278074,0.24927037490354947,0.08068456051385059,0.0333579454099277,0.0019112694845077312,-0.411938157521069,-0.05620779043310703,-0.044463068027120356,0.15370504977816238,0.46020871653552264,0.3301495708209838,0.1947892720446837,0.33520973472422816,0.1437132060009303,-0.3016124676779892,-0.3785802121111413,DIFFICULT,1
100288,1,0.0,0.0,0.0,0.2001023130805002,0.0,0.0735652186239625,0.0219084283487983,-0.1995465336123142,0.2586138789806203,0.1447823102700521,1.4703306118208498e-16,1,0.1894775989575222,0.015290159380979,0.0959210114770438,1.5,0.0,0.0,0.0,0.0,0.0,0.0,0.0,0.0,0.0,0.0,0.0,0.0,0.0,0.0,0.0,0.0,0.0,0.0,0.0,CORRECTABLE,0
100288,2,0.0926623873722204,0.0,0.0,0.0,0.0,0.0,0.0926623873722204,0.0926623873722204,0.0926623873722204,0.0926623873722204,0.0,1,0.1894775989575222,0.015290159380979,0.0959210114770438,1.5,0.1264606782168411,0.22571414648468135,1.5265566588595902e-16,0.1417959822387871,0.11983204563433549,0.014069199165044746,-1.5265566588595902e-16,-8.74652537402467e-18,0.002008566774747131,0.19805826570916013,-0.09791354761273294,-0.08979479096573856,0.20473019986947372,1.1102230246251565e-16,-0.17588701769241166,0.14543958619092018,0.1373208295439256,-0.1825589518527252,0.002008566774746978,CORRECTABLE,0
100288,3,0.0,0.0,0.0,0.0,-0.1357367390965962,0.2438918021789355,0.0940155630352147,4.142665095868702e-05,0.2438918021789355,0.1204731455482602,1.662217455691839e-17,1,0.1894775989575222,0.015290159380979,0.0959210114770438,1.5,0.12746122799999615,0.24429138030634062,1.5543122344752192e-15,0.14356624599423978,0.12588240709132548,0.021103798747567147,1.5543122344752192e-15,8.905553108097847e-17,-0.0030174660330288816,0.1987733230548545,-0.08524450622965946,-0.06900699293567053,0.2121171913754823,-0.007034599582522227,-0.16850002618640283,0.16622738422098904,0.1499898709270001,-0.1818438945070294,-0.0030174660330273273,CORRECTABLE,0
100288,4,1.2457159949968146,0.0,0.0,0.0,0.0,0.0,1.2457159949968146,1.2457159949968146,1.2457159949968146,1.2457159949968148,0.0,1,0.1894775989575222,0.015290159380979,0.0959210114770438,1.5,0.13217237465400908,0.2932854991108872,1.5959455978986625e-15,0.15261924928939224,0.14289928705840857,0.04600334146920705,1.5959455978986625e-15,9.144094709207611e-17,-0.011560798632065258,0.22788470198338856,-0.03736477157230479,-0.025917832653168715,0.2239652884337549,-0.017586498956305707,-0.15665192912813025,0.2093165445034909,0.19786960558435474,-0.15273251557849532,-0.011560798632063662,DIFFICULT,1
100288,5,-0.2886732642518621,0.0,0.0,0.0,0.0,0.0,-0.2886732642518622,-0.2886732642518621,-0.2886732642518621,0.2886732642518621,0.0,1,0.1894775989575222,0.015290159380979,0.0959210114770438,1.5,0.25198420780671044,0.5661127347900106,0.3543715395419693,0.2984901450621881,0.38158955914782583,0.24996580463169668,0.3543715395419693,0.020303992745388598,-0.047525524238952066,0.2337275699165433,0.02269235030913319,0.11267240953282753,0.4624582416529277,0.2918726583090758,0.1527153319994361,0.48965540250627404,0.4705496511909737,0.13660758398823392,0.30684601530301725,DIFFICULT,1
100289,1,0.0,0.0,0.3533666268303778,0.1392494691226919,0.0603087236107596,0.0,0.2132142628597468,-0.0695508772745095,0.478915340622233,0.2602721650635146,6.642960767216972e-17,3,0.1894775989575222,0.015290159380979,0.0959210114770438,1.5,0.0,0.0,0.0,0.0,0.0,0.0,0.0,0.0,0.0,0.0,0.0,0.0,0.0,0.0,0.0,0.0,0.0,0.0,0.0,DIFFICULT,1
100289,2,-0.116112027456818,0.0,0.0,0.0,-0.0956584634469534,0.0,-0.1010432073467819,-0.116112027456818,-0.0884146304890947,0.1015026363670654,1.3877787807814457e-17,2,0.1894775989575222,0.015290159380979,0.0959210114770438,1.5,0.23666439321166466,0.48900793729105424,4.163336342344337e-17,0.27337134127263435,0.2450388332780791,0.22728346202479158,-4.163336342344337e-17,-2.3854160110976377e-18,0.002008566774747131,0.2352006335343364,0.12835144715511881,0.2203818187075509,0.47938248134427786,0.35336662683037784,0.2145142513447239,0.3840793873872999,0.2920490158348677,-0.029667596465217383,0.0020085667747470892,CORRECTABLE,0
100289,3,0.0,0.0,0.4364999434187607,0.0,0.0,0.0,0.2751105338199617,0.0,0.4364999434187607,0.3071202884643513,5.345582585357861e-17,1,0.1894775989575222,0.015290159380979,0.0959210114770438,1.5,0.18086318371867016,0.3900402101217304,1.7486012637846216e-15,0.20952754338567894,0.1922237724906886,0.14277975028747653,1.7486012637846216e-15,1.0018747246610078e-16,-0.1096245974629024,0.15179921307858846,0.06170633860832081,0.15275780630774682,0.38578500482752065,0.239724895817982,0.12091677482796709,0.3164553749874966,0.22540390728807075,-0.11306901692096394,-0.10962459746290065,DIFFICULT,1
100289,4,0.0,0.0029686727031602,0.1801500837662829,0.0508845950348444,-0.0314359577853041,0.0,0.1184942717910358,-0.0259065565652959,0.222407464993128,0.1354428652764872,0.0518131131305918,4,0.1894775989575222,0.015290159380979,0.0959210114770438,1.5,0.39865918428104724,0.750634724799534,1.8041124150158794e-15,0.4539723538054381,0.3901854081047187,0.36056960812874483,1.8041124150158794e-15,1.033680271475643e-16,-0.17900590583189344,0.22304489542316772,0.26658833379822544,0.4623262010460798,0.7439528363231918,0.6048349640930046,0.47908460632363803,0.6260237697258295,0.43028590247797543,-0.041823334576384597,-0.17900590583189163,DIFFICULT,1
100289,5,-0.1094137152093926,0.0,0.0238330706274036,0.0818169877298014,-0.3195424764737618,0.0,-0.0440559048795316,-0.1558773588569366,0.0701860306751339,0.078706415409482,1.3877787807814457e-17,4,0.1894775989575222,0.015290159380979,0.0959210114770438,1.5,0.4100432146826329,0.8070200288497704,4.406352949182235e-09,0.4653801723798143,0.4116569916196083,0.312848275020453,-4.406352949182235e-09,-2.524654270331654e-10,-0.3572821409183412,0.16196435010949142,0.19095673167738214,0.43167853474974455,0.7996644197897449,0.6047002437949152,0.4380079375350625,0.6551945307276652,0.4144727267740321,-0.19969213478900216,-0.35728214532469416,DIFFICULT,1
100290,1,0.0,-0.0190225405245893,0.5094322755605297,0.0807898123868495,-0.0646533115589538,0.0,0.3312618749636863,-0.1660029882234573,0.6031101517368137,0.3871771004363217,0.3320059764469146,4,0.1894775989575222,0.015290159380979,0.0959210114770438,1.5,0.0,0.0,0.0,0.0,0.0,0.0,0.0,0.0,0.0,0.0,0.0,0.0,0.0,0.0,0.0,0.0,0.0,0.0,0.0,DIFFICULT,1
100290,2,0.5464408775524997,0.0,0.0,0.0,0.0,-0.0285669047465151,0.537933379070301,0.5178739728059846,0.5464360252729998,0.5380258333902713,0.0,1,0.1894775989575222,0.015290159380979,0.0959210114770438,1.5,0.34533107412873093,0.5866422707516122,5.771632144435657e-09,0.38535431895729283,0.31812743709132185,0.34533107412873093,-5.771632144435657e-09,-3.3069016277820387e-10,0.002008569660563231,0.2572094726074407,0.2901000470343559,0.4047724975736617,0.5795563807740028,0.5094322755605296,0.42588502457812405,0.4997466157779408,0.3850741640843084,0.10353811294858278,0.0020085638889310864,CORRECTABLE,0
100290,3,0.0,0.0,0.0,0.0,0.1691788554813086,0.0,-0.0266502894548722,-0.0489848336463127,0.0,0.0316433406953206,2.0718434384859725e-17,1,0.1894775989575222,0.015290159380979,0.0959210114770438,1.5,0.22648003558258936,0.42429972397728566,2.8858154754729526e-09,0.25600320089872447,0.2208342488235796,0.18673473622941003,-2.8858154754729526e-09,-1.6534504719813914e-10,-0.16864840207196363,0.0922935913169658,0.13713815006984142,0.25992935754472324,0.42131243450958633,0.3367667384961641,0.2676410788908711,0.35490347690332913,0.232112268851284,-0.061377766033238745,-0.1686484049577791,CORRECTABLE,0
100290,4,0.0,0.0,0.0,0.1015518786204113,-0.0558264232577757,0.0,0.008794186098595,-0.0991999224239627,0.1155084844348552,0.0722105959464272,6.77823448048843e-17,2,0.1894775989575222,0.015290159380979,0.0959210114770438,1.5,0.17439325598683378,0.33501882237630776,1.442906238935393e-09,0.20027635911087374,0.17285125985290173,0.08078627782487745,-1.442906238935393e-09,-8.267243772409315e-11,-0.2600072041333762,-0.03310045494733871,0.015204826610403482,0.1622046561690561,0.332422573713958,0.2433993703814591,0.17875121838382457,0.2571787761048258,0.11017894625759156,-0.18677181114321584,-0.26000720557628243,CORRECTABLE,0
100290,5,0.1273553986210761,0.0,0.0,0.0,0.0,0.0,0.127355398621076,0.1273553986210761,0.1273553986210761,0.1273553986210761,0.0,1,0.1894775989575222,0.015290159380979,0.0959210114770438,1.5,0.1863858534021264,0.4103140089303514,7.214516761777645e-10,0.22797194419934955,0.20180715333611382,0.06325652417607844,-7.214516761777645e-10,-4.1336136167624864e-11,-0.29839177663179506,0.0439632179954781,-0.049247143062320684,0.10056203485339588,0.4063139965497773,0.20300623146902042,0.05947948955602145,0.31491754826909374,0.16510837020908625,-0.30287128943114866,-0.29839177735324673,CORRECTABLE,0
100291,1,0.0,0.0,0.2597089268551522,0.179138090713741,0.0,0.0,0.1636853854901541,-0.1168563910582623,0.4303342959586096,0.221983834743736,9.982336304045505e-17,2,0.1038869276916673,0.0104726728498658,0.1544788237635677,1.5,0.0,0.0,0.0,0.0,0.0,0.0,0.0,0.0,0.0,0.0,0.0,0.0,0.0,0.0,0.0,0.0,0.0,0.0,0.0,DIFFICULT,1
100291,2,0.0,-0.0151689285133679,0.0,0.0,0.0,0.0,-2.4732691142639625e-18,-0.1323738763717152,0.1323738763717152,0.077186570525767,0.2647477527434305,1,0.1038869276916673,0.0104726728498658,0.1544788237635677,1.5,0.2039160811356781,0.44684272557628535,1.2663481374630692e-16,0.2415292575352871,0.21938056776711776,0.18634354249709545,-1.2663481374630692e-16,-7.255640367088647e-18,0.0032347556394125166,0.2631055841877862,0.07909065933763726,0.14962160890387244,0.44059399269553456,0.25970892685515223,0.09985309571558315,0.36021106459460905,0.2896801150283737,-0.07763531279216522,0.00323475563941239,CORRECTABLE,0
100291,3,0.0,0.0,0.0,0.0914682526780596,0.0,0.0,1.4986670916198558e-18,-0.0914682526780596,0.0914682526780596,0.0643568380050527,6.720978171947224e-17,1,0.1038869276916673,0.0104726728498658,0.1544788237635677,1.5,0.16053699524276802,0.3733913043255521,3.96639812660915e-09,0.1964770782897004,0.17982619888938553,0.11582992825548905,-3.96639812660915e-09,-2.2725787252330065e-10,-0.08670225798652367,0.18241447823448595,0.01765119936785134,0.10125723978114676,0.3706478988235717,0.16653715560660454,0.02990700105034061,0.31184669388532416,0.228240652678749,-0.15832642191858382,-0.0867022619529218,CORRECTABLE,0
100291,4,0.1471171138903914,0.0486369638756084,0.0,0.0,0.0,0.0,0.1471171138903915,-0.2773205669594473,0.5715547947402302,0.2879123868019625,0.8488753616996775,2,0.1038869276916673,0.0104726728498658,0.1544788237635677,1.5,0.19434144547450338,0.4318512082790894,1.9831979392037624e-09,0.2325157511349249,0.2111093718345297,0.08057312113468584,-1.9831979392037624e-09,-1.1362887185541803e-10,-0.14138246746645577,0.22397165476574982,-0.062295145243135806,0.03438598661217965,0.4229500892210524,0.10862219147886004,-0.09177376364273909,0.3525028214638871,0.25582168921193194,-0.29075219928796014,-0.1413824694496537,CORRECTABLE,0
100291,5,0.0,-0.0130686606329395,0.280814918173052,0.0912639845415814,0.0,0.0,0.1769877481268805,-0.1325460053405326,0.3813237899175822,0.223078414827717,0.2280911608260856,3,0.1038869276916673,0.0104726728498658,0.1544788237635677,1.5,0.1945847364030081,0.43416631723670973,1.6106333100562864e-07,0.23237706712673104,0.21186307112358774,0.06294471757428421,-1.6106333100562864e-07,-9.228249100941093e-09,-0.1784341928543196,0.19616582153914847,-0.07084934799759646,0.03890685919340578,0.4058892215416678,0.06833563091151718,-0.10883466313815032,0.35702363041305996,0.24726739100939144,-0.31855815977866814,-0.1784343539176506,DIFFICULT,1
100292,1,-0.2389304067395884,0.0,0.0445976262608681,0.1327379895875301,-0.2090987773781728,0.0,-0.1778833271147868,-0.3201512300630232,-0.022382438853632,0.2020285091240095,8.326672684688674e-17,4,0.1038869276916673,0.0104726728498658,0.1544788237635677,1.5,0.0,0.0,0.0,0.0,0.0,0.0,0.0,0.0,0.0,0.0,0.0,0.0,0.0,0.0,0.0,0.0,0.0,0.0,0.0,NOT_IMPROVED,1
100292,2,-0.5667125439878689,0.012294271736409,0.0591753454589574,0.0,0.1095481020661541,0.0,-0.5466732263210025,-0.6740003061020821,-0.4594247818736556,0.5507820932399695,0.2145755242284264,4,0.1038869276916673,0.0104726728498658,0.1544788237635677,1.5,0.09506569434211316,0.22317379652387195,0.18278262474993381,0.11099159038543854,0.16140579372331954,-0.005332965668066093,0.18278262474993381,0.010472672849865795,-0.22317379652387195,-0.005893837016656522,-0.143506809820791,-0.09044121094030638,0.16001284102040222,0.06403297097651475,-0.05591329394388855,0.13871470435667146,0.12220563042617352,-0.11215039713098685,-0.04039117177393814,CORRECTABLE,0
100292,3,0.0,0.0,0.0436348011292555,0.0,0.0,0.0,0.0275014776354296,0.0,0.0436348011292555,0.0307013389393387,5.343721953437412e-18,1,0.1038869276916673,0.0104726728498658,0.1544788237635677,1.5,0.10694414868440005,0.2533420406274057,0.09139127980466574,0.13031553226079248,0.14853479396102068,0.040030991839774585,0.09139127980466574,0.005236334602527947,-0.17157688557779238,0.03833973137455193,-0.07816414894958235,0.002347515076071227,0.24488415735055377,0.12587479926950518,0.01067975339720939,0.19494689239494165,0.13271348433022126,-0.14102990469599286,-0.08018560577312664,CORRECTABLE,0
100292,4,0.0,-0.0239805604485926,0.0,0.2001366175120584,0.0,0.0,-2.4732691142639625e-18,-0.3755283931253858,0.3755283931253858,0.2085489176293169,0.4185397607407759,2,0.1038869276916673,0.0104726728498658,0.1544788237635677,1.5,0.1281336942697123,0.297309520321644,0.04569563808941601,0.15613800559189037,0.1569554563634207,0.07017513056225824,0.04569563808941601,0.002618167202858462,-0.1655098050006423,0.06256705094456388,-0.027090749675561035,0.07157984449151514,0.294163064533358,0.1494941044788734,0.05081953223696367,0.2459009651242857,0.15636949857509272,-0.15335909849818063,-0.11981416691122629,DIFFICULT,1
100292,5,-0.4202442690651197,0.0,0.1997396529580353,0.0,0.0,-0.0019583001164091,-0.2949386044090998,-0.4202446016954692,-0.2224629162234935,0.301366117208025,0.0,2,0.1038869276916673,0.0104726728498658,0.1544788237635677,1.5,0.24755953308399387,0.6527972291478343,0.33705493574692924,0.3180685644182027,0.4030303658354475,0.17778764212024187,0.33705493574692924,0.019311824551038973,-0.2417779225174475,0.21525518377607558,-0.13146561591197317,0.022375295244581817,0.5893413286757989,0.27874844216511785,0.02358718744267936,0.548514839374933,0.4620849153677635,-0.148265996008886,0.09527701322948176,DIFFICULT,1
100293,1,0.0,0.0527777898830063,0.0,0.0,0.0,0.0,1.1541922533231825e-17,-0.460573232959163,0.460573232959163,0.2685580365438257,0.921146465918326,1,0.1038869276916673,0.0104726728498658,0.1544788237635677,1.5,0.0,0.0,0.0,0.0,0.0,0.0,0.0,0.0,0.0,0.0,0.0,0.0,0.0,0.0,0.0,0.0,0.0,0.0,0.0,HIGHLY_CORRECTABLE,0
100293,2,-0.0385440304247079,0.0,0.0,0.0,0.0,0.0,-0.0385440304247079,-0.0385440304247079,-0.0385440304247079,0.0385440304247079,0.0,1,0.1038869276916673,0.0104726728498658,0.1544788237635677,1.5,0.022658157006941286,0.04480978092878686,1.85868096469477e-07,0.02713336259280038,0.022953773400427424,0.022658157006941286,-1.85868096469477e-07,-1.0649457473831468e-08,0.0032348485734607912,0.012480738055926865,0.03173236584927128,0.0448074385061617,0.023225695566754634,0.0,0.023225658393135284,0.04480736415892306,0.03173225432841342,0.012480589361449579,0.0032346627053643218,HIGHLY_CORRECTABLE,0
100293,3,-0.642047645116649,0.0,0.0,0.079165205228424,-0.0750643762192263,0.0,-0.6302229561015797,-0.7181636327731046,-0.5441163458334184,0.6327249125255883,1.1102230246251563e-16,3,0.1038869276916673,0.0104726728498658,0.1544788237635677,1.5,0.03581481633011228,0.07829042480565183,9.293404405925909e-08,0.04523760962068954,0.0387553611830114,0.03398723551041199,-9.293404405925909e-08,-5.324728497678387e-09,-0.00485952075762351,0.013632286087523569,0.052135569554427295,0.07828574274842304,0.03512228474982376,-0.011329078503470591,0.03512226616301492,0.07828570557480533,0.05213551379400086,0.013632211740288225,-0.004859613691667569,CORRECTABLE,0
100293,4,0.0,-0.0292697355878133,0.0,0.0,0.0,0.0,-2.748076793626625e-18,-0.2554266508174045,0.2554266508174045,0.1489380513577734,0.5108533016348091,1,0.1038869276916673,0.0104726728498658,0.1544788237635677,1.5,0.07625712155601268,0.1952252884157255,4.64670197319883e-08,0.09036355741328302,0.09048109267295566,0.05147646377721657,-4.64670197319883e-08,-2.662364117194047e-09,-0.01861840610692911,0.1020585910762099,0.04175924706345979,0.07384546973336514,0.12105709695561584,-0.02832269625867645,-0.029524080930459884,0.16690973140250664,0.13482349943919714,-0.04852261469007757,-0.01861845257394884,CORRECTABLE,0
100293,5,-1.0725288784587852,0.0,0.0,0.0,-0.1767248328841683,0.0,-1.0446898915072076,-1.0725288784587852,-1.021359147375223,1.044841890649435,0.0,2,0.1038869276916673,0.0104726728498658,0.1544788237635677,1.5,0.08333536203686763,0.212088762455284,5.386713860383585e-08,0.09764511051291334,0.09839176455907842,0.04839638889554964,-5.386713860383585e-08,-3.086359696446024e-09,-0.04112187865606537,0.08880102585633748,0.04775332748372954,0.09291464065732308,0.11854454278696452,-0.05406092814728469,-0.032036636579135025,0.18597889936641704,0.14081757541939563,-0.061780185830045034,-0.04112193252320397,CORRECTABLE,0
100294,1,0.0,0.0,0.0,0.0,0.0697314804714066,0.0,-0.0109846123109934,-0.0201903775804911,0.0,0.0130426286870678,8.539643435911435e-18,1,0.1038869276916673,0.0104726728498658,0.1544788237635677,1.5,0.0,0.0,0.0,0.0,0.0,0.0,0.0,0.0,0.0,0.0,0.0,0.0,0.0,0.0,0.0,0.0,0.0,0.0,0.0,HIGHLY_CORRECTABLE,0
100294,2,0.0,0.0,0.0,0.0,-0.0267347688082686,-0.0545299986669566,-0.012028100977562,-0.0545299986669566,0.0068100440609336,0.0243323806867654,3.274629374085125e-18,1,0.1038869276916673,0.0104726728498658,0.1544788237635677,1.5,0.013022446654523226,0.032187124210464185,1.5612511283791264e-17,0.01732128399790273,0.015294999659286502,0.011673544695947871,-1.5612511283791264e-17,-8.94531004161614e-19,0.0032347556394125166,-0.0039141906279570975,0.011836736420870513,0.0315436855538945,0.01912696339578368,0.0,0.019126963395783625,0.0315436855538945,0.011836736420870492,-0.003914190627957087,0.003234755639412501,HIGHLY_CORRECTABLE,0
100294,3,0.0,0.0,0.0701426266888586,0.0,0.0,0.0,0.0442084260556099,0.0,0.0701426266888586,0.0493521799192143,8.589994325829846e-18,1,0.1038869276916673,0.0104726728498658,0.1544788237635677,1.5,0.03320564633661447,0.07559956975581264,4.5102810375396984e-17,0.042964971330328075,0.03693806196076096,0.03270638548057848,-4.5102810375396984e-17,-2.5842006786891074e-18,0.0006327389308511296,0.00901542186433691,0.045360156987763446,0.07559956975581264,0.038087298310649664,-0.00583677234797389,0.03808729831064961,0.07559956975581264,0.04536015698776341,0.009015421864336931,0.0006327389308510845,HIGHLY_CORRECTABLE,0
100294,4,0.0,0.0,0.0,0.2077748175087194,0.1477585247276193,0.0,-0.0232760024425807,-0.2447144486906242,0.201670164394618,0.148779262749714,1.7076565955872854e-16,2,0.1038869276916673,0.0104726728498658,0.1544788237635677,1.5,0.08460524997329245,0.16139964514432234,1.6757428777935957e-15,0.10012561833318931,0.08381403036860387,0.08321977580284046,1.6757428777935957e-15,9.60129944466799e-17,-0.012485698170026437,0.026818156509690327,0.10196807586108358,0.16080035536944987,0.11166938473280258,0.04795266160059547,0.11166938473280286,0.16080035536945053,0.10196807586108458,0.026818156509691743,-0.012485698170024762,CORRECTABLE,0
100294,5,0.0,-0.0075868428835172,0.0,0.0,0.0,0.0,-1.0992307174506499e-18,-0.0662076944613968,0.0662076944613968,0.038605388147302,0.1324153889227937,1,0.1038869276916673,0.0104726728498658,0.1544788237635677,1.5,0.14166438102986406,0.31614238850815213,3.226585665316861e-15,0.16592158157621323,0.15393418901902714,0.04099204246578078,3.226585665316861e-15,1.8486974086006692e-16,-0.050860830432034994,0.16055441373650672,-0.07219448781498822,0.013765553715114287,0.28220573975149243,0.0063427736991753525,-0.11300544847591493,0.2580195007738863,0.1720594592437843,-0.23465677449089836,-0.05086083043203177,CORRECTABLE,0
100295,1,0.0,0.0,0.2507021953751642,0.0,0.0,0.0,0.1580087599996088,0.0,0.2507021953751642,0.1763934491244594,3.070216411054093e-17,1,0.1038869276916673,0.0104726728498658,0.1544788237635677,1.5,0.0,0.0,0.0,0.0,0.0,0.0,0.0,0.0,0.0,0.0,0.0,0.0,0.0,0.0,0.0,0.0,0.0,0.0,0.0,CORRECTABLE,0
100295,2,0.0,0.0259079484842317,0.2259461657911922,0.1321666673118522,-0.1912558940212508,0.0,0.1725339327325886,-0.2260895171526547,0.4527934654075443,0.232437288230474,0.4521790343053095,4,0.1038869276916673,0.0104726728498658,0.1544788237635677,1.5,0.18066691700655005,0.2631928864172282,1.214306433183765e-17,0.19971368003004727,0.1531293090301382,0.18066691700655005,1.214306433183765e-17,6.957463365701443e-19,0.0032347556394125166,0.08995190260672234,0.17909136324771013,0.24762973791815862,0.26165763354099564,0.25070219537516414,0.26165763354099564,0.2476297379181586,0.17909136324771013,0.08995190260672237,0.0032347556394125287,DIFFICULT,1
100295,3,0.0,-0.0090527046940175,0.0,0.0,0.0,0.0,-4.122115190439938e-19,-0.0789997522180552,0.0789997522180552,0.0460643754888178,0.1579995044361104,1,0.1038869276916673,0.0104726728498658,0.1544788237635677,1.5,0.3022850328703447,0.5471773536260176,5.247988432710571e-08,0.3401983978306842,0.28885857147594246,0.28552554824280496,-5.247988432710571e-08,-3.0068758812779135e-09,-0.08386392098450779,0.2525852615992592,0.23018098603741302,0.34359139414953754,0.5463771401491935,0.38631490266308144,0.2949811892853152,0.49896260893868877,0.3855521903305873,0.0011892792474504366,-0.08386397346439212,CORRECTABLE,0
100295,4,0.0,0.0,0.1212180034914084,0.0,0.0,0.0,0.0763994363617094,0.0,0.1212180034914084,0.0852886896336629,1.4844923997478604e-17,1,0.1038869276916673,0.0104726728498658,0.1544788237635677,1.5,0.22611199743294244,0.4268400403121692,2.5524215435668296e-08,0.2542602269998633,0.22131164168078446,0.16542093112834386,-2.5524215435668296e-08,-1.4624298198464632e-09,-0.22339195294433215,0.1223031404042775,0.11915051391815229,0.24563601596954376,0.4268400403121692,0.24355212854167907,0.17544409483942464,0.4010072415409625,0.27452173438472793,-0.12909282038299613,-0.22339197846854758,DIFFICULT,1
100295,5,0.0,0.0,0.0,0.0939555526852766,0.0,0.0,2.1675908603689432e-18,-0.0939555526852766,0.0939555526852766,0.0661068961831382,6.903742011488675e-17,1,0.1038869276916673,0.0104726728498658,0.1544788237635677,1.5,0.26472391292268066,0.4826653219567667,1.2762105705554916e-08,0.2963210685421508,0.253848881146681,0.18176805893282277,-1.2762105705554916e-08,-7.312147946281244e-10,-0.3028676692501463,0.08953175654699697,0.13942250937877726,0.30580037403424354,0.48264042256452405,0.28205966646891567,0.23124447964420147,0.4611716047105062,0.2947937375026187,-0.16186419403058883,-0.302867682012252,DIFFICULT,1
100296,1,0.014307508805633,0.0,0.0,0.0,0.0,0.0,0.014307508805633,0.014307508805633,0.014307508805633,0.014307508805633,0.0,1,0.1038869276916673,0.0104726728498658,0.1544788237635677,1.5,0.0,0.0,0.0,0.0,0.0,0.0,0.0,0.0,0.0,0.0,0.0,0.0,0.0,0.0,0.0,0.0,0.0,0.0,0.0,HIGHLY_CORRECTABLE,0
100296,2,0.2784578379151916,0.0393846274771477,0.2345989872298698,0.0,0.0388023533445269,0.0,0.4202048830175866,-0.0652379282915195,0.6221536041219027,0.4715062296516695,0.6873915324134223,4,0.1038869276916673,0.0104726728498658,0.1544788237635677,1.5,0.022658157006941286,0.04480974189648658,3.8163916471489756e-17,0.027133362592746266,0.022953705930302996,0.022658157006941286,-3.8163916471489756e-17,-2.1866313435061677e-18,0.0032347556394125114,0.012480663708688264,0.031732310088842364,0.04480740133254241,0.023225676979944987,-5.551115123125783e-17,0.02322567697994493,0.04480740133254241,0.031732310088842336,0.012480663708688305,0.0032347556394124732,CORRECTABLE,0
100296,3,-0.4642277198827942,0.0,0.0,0.1137962199659308,0.0,0.0,-0.4642277198827941,-0.578023939848725,-0.3504314999168633,0.4710817964183647,1.1102230246251563e-16,2,0.1038869276916673,0.0104726728498658,0.1544788237635677,1.5,0.11980359774116765,0.21450457508017196,0.17174026459649996,0.13228480693898362,0.16504301191925022,0.09243302126359279,0.17174026459649996,0.00983999223709688,-0.16082624436383633,-0.061952283221089116,0.055398057375692256,0.14520013355929745,0.13734511201095267,0.10881614383818039,0.17169316493025255,0.21389623939789748,0.15844221613359222,0.07543992845611092,0.010914020232663635,CORRECTABLE,0
100296,4,-0.7950231020491633,0.0,0.0,0.2862683953306417,0.2967954755153258,0.0,-0.8417764939483877,-1.1554903662586369,-0.5207581768678138,0.8660557537454725,2.220446049250313e-16,3,0.1038869276916673,0.0104726728498658,0.1544788237635677,1.5,0.10812173178130727,0.28899280744519606,0.08587012871477345,0.13844355092548413,0.15873975547493147,0.06887466763873765,0.08587012871477345,0.004919995949508835,-0.16087293141535708,0.04688656073684844,-0.00021284226534840078,0.09407731157378424,0.23116792847562898,0.06259963320638401,0.03188868116187327,0.2622008427849027,0.18508471468872462,-0.10087060934804287,-0.07500280270058363,DIFFICULT,1
100296,5,-0.2547758540649618,0.0437296454314021,0.0,0.0,-0.2474140689709703,0.0663312657546711,-0.1960472944030638,-0.6363778081088387,0.1268486335956214,0.297040309023624,0.7632264417044602,3,0.1038869276916673,0.0104726728498658,0.1544788237635677,1.5,0.260116840238545,0.513709762473616,0.042935062665152235,0.2974937499828497,0.2747778746114789,0.010342098927085543,0.042935062665152235,0.0024599978823313324,-0.17060797657050297,0.244580538452564,-0.24298246845250215,-0.11168380287505464,0.4790620006842271,0.02816229938701531,-0.2733191054165809,0.375794383861781,0.25308273081736365,-0.482039530049152,-0.12767291390535074,DIFFICULT,1
100297,1,0.0,0.0,0.0,0.0,0.1537921823266278,0.0,-0.0242264682737137,-0.0445297046486141,0.0,0.028765405746441,1.8834110382019093e-17,1,0.1038869276916673,0.0104726728498658,0.1544788237635677,1.5,0.0,0.0,0.0,0.0,0.0,0.0,0.0,0.0,0.0,0.0,0.0,0.0,0.0,0.0,0.0,0.0,0.0,0.0,0.0,HIGHLY_CORRECTABLE,0
100297,2,0.1027843300495666,-0.0172163475055321,0.2430376085883759,0.1226587219699202,0.0,0.0,0.2559623710669284,-0.0948719548189616,0.4849067085062358,0.3004622786518857,0.3004819581824935,4,0.1038869276916673,0.0104726728498658,0.1544788237635677,1.5,0.012990236004641834,0.02439460476384528,4.336808689942018e-17,0.015049007890599967,0.012720353019606142,-0.0015683112667724396,-4.336808689942018e-17,-2.4848083448933728e-18,0.0032347556394125166,-0.02367804696709852,-0.012147207058255158,0.015554389901144064,0.014185999310998315,0.0,0.014185999310998287,0.01555438990114405,-0.0121472070582552,-0.02367804696709852,0.0032347556394124732,CORRECTABLE,0
100297,3,0.0,0.0,0.3270086582096178,0.1052293890962743,0.1213108093474686,0.0,0.1869922697184594,-0.0535883801803649,0.4174410310479483,0.2277274028401284,5.213057949973752e-17,3,0.1038869276916673,0.0104726728498658,0.1544788237635677,1.5,0.18696152631296306,0.38788732022370176,6.464386220761398e-09,0.21673323215064122,0.19412797911537943,0.1750520423909168,-6.464386220761398e-09,-3.7038204759215256e-10,0.007253670144404256,0.18134490309671336,0.09112619484500525,0.18567051594123074,0.38599371073346217,0.24382176422176216,0.1526829558207286,0.32986448903340015,0.23532016664429728,-0.051965855694651744,0.007253663680018035,DIFFICULT,1
100297,4,0.0,0.0,0.0,0.0,0.0107829885191252,0.0,-0.0016986151396147,-0.0031221567099312,0.0,0.0020168583033244,1.3205352375189397e-18,1,0.1038869276916673,0.0104726728498658,0.1544788237635677,1.5,0.33972400841366274,0.7326554795561189,3.232191722601918e-09,0.39551882456470944,0.36126572981706295,0.2971764479208593,-3.232191722601918e-09,-1.8519094428220925e-10,-0.07703759702773881,0.27890799134611355,0.1310790356996731,0.32258048706727915,0.7256457072078804,0.4833044012359218,0.29217676053004593,0.5904790274893994,0.3989775754753548,-0.15456095727103558,-0.07703760025993053,DIFFICULT,1
100297,5,0.0,0.0,0.0466449462846217,0.0,0.0,-0.0226928322970826,0.0226405227470027,-3.8545290757479e-06,0.032100059523644,0.0244604570116289,5.712390196283002e-18,1,0.1038869276916673,0.0104726728498658,0.1544788237635677,1.5,0.23710785344706384,0.5077461438373828,0.23222884116037237,0.281576329036413,0.321282484437087,0.09771995648261582,0.23222884116037237,0.013305732240509563,-0.4085143276524476,-0.02265776721670354,-0.12879841529400637,0.0987711781382592,0.5021001176991524,0.2585970635467408,0.11507693989983081,0.4595612563174051,0.27843743111721375,-0.2703436403198014,-0.17628548649207523,DIFFICULT,1
100298,1,0.0,0.0,0.30818070911406,0.0,0.0,0.0,0.1942354418956825,0.0,0.30818070911406,0.2168351902658929,3.774125189754952e-17,1,0.1038869276916673,0.0104726728498658,0.1544788237635677,1.5,0.0,0.0,0.0,0.0,0.0,0.0,0.0,0.0,0.0,0.0,0.0,0.0,0.0,0.0,0.0,0.0,0.0,0.0,0.0,DIFFICULT,1
100298,2,0.3092565637388803,0.0142435658014069,0.0,0.0,0.0548840798387269,0.0,0.3006108224610762,0.1849580009487998,0.4335551265289608,0.3092742222946198,0.2485971255801609,3,0.1038869276916673,0.0104726728498658,0.1544788237635677,1.5,0.21689359890262375,0.3166418775513228,1.214306433183765e-17,0.24006357057755642,0.18406699999393958,0.21689359890262375,1.214306433183765e-17,6.957463365701443e-19,0.0032347556394125166,0.10771374016345506,0.21287638594712338,0.2941308323443392,0.31632294857933296,0.3081807091140599,0.3163229485793329,0.29413083234433923,0.21287638594712338,0.10771374016345509,0.0032347556394125287,CORRECTABLE,0
100298,3,0.0,-0.0051392256972019,0.0,0.2737402552302779,0.0952257989907097,0.0,-0.0150006636435383,-0.3301402424075994,0.291604924439841,0.2016650097444266,0.0896964096598238,3,0.1038869276916673,0.0104726728498658,0.1544788237635677,1.5,0.1457061245338231,0.2363637499638016,1.9601566786375813e-08,0.16591889681308464,0.1312128579110659,0.1224592151804492,-1.9601566786375813e-08,-1.1230870487031462e-09,-0.10197727837170348,-0.001156408824480426,0.12050254393367837,0.22005186579158603,0.2278758227966381,0.19973390966274807,0.2278758188763247,0.22005185795095938,0.12050253217273843,-0.001156424505733833,-0.10197729797327026,CORRECTABLE,0
100298,4,0.4933482625469264,0.0380731561662566,0.2935753686319085,0.0,0.0,0.0,0.6783784729706493,0.1610972477801132,0.8670849591945903,0.7114496517981953,0.6645020295336266,3,0.1038869276916673,0.0104726728498658,0.1544788237635677,1.5,0.19815448852536893,0.4497714026167997,8.27463889074842e-09,0.23838015788553138,0.21821578561359542,0.06888710095362748,-8.27463889074842e-09,-4.741018854346975e-10,-0.15997213598597965,0.18804816815846365,-0.09706477694377527,0.024616148955477868,0.4446171125342693,0.13850430207252357,-0.07606779613876707,0.3464171156118926,0.22473618805771153,-0.33263674547935584,-0.15997214426061854,DIFFICULT,1
100298,5,0.0,0.0,0.0,0.1152607774245289,0.0,0.0,1.8064868318447267e-18,-0.1152607774245289,0.1152607774245289,0.0810971999996032,8.469224528411092e-17,1,0.1038869276916673,0.0104726728498658,0.1544788237635677,1.5,0.32254265872990556,0.716966783437933,1.0704803493633008e-07,0.37976980688625456,0.34982984545338747,0.2421319179074778,-1.0704803493633008e-07,-6.133400607020702e-09,-0.19118088143668305,0.25680509893684617,0.07278328441843407,0.2724874819189894,0.7126060162758685,0.3976361202276181,0.19192108784815276,0.5942884090660459,0.3945841901558833,-0.26387989371969023,-0.19118098848471798,DIFFICULT,1
100299,1,0.0,-0.0334406618188771,0.0,0.0,0.0,-0.0439014432515426,-0.0130742712640014,-0.2918323164823417,0.2918174025758478,0.1713501375318253,0.5836497190581895,1,0.1038869276916673,0.0104726728498658,0.1544788237635677,1.5,0.0,0.0,0.0,0.0,0.0,0.0,0.0,0.0,0.0,0.0,0.0,0.0,0.0,0.0,0.0,0.0,0.0,0.0,0.0,HIGHLY_CORRECTABLE,0
100299,2,0.3098486064717482,0.0,0.0,0.0,0.0,0.2623348871077974,0.3879744543261472,0.3098931658038185,0.5721834935795457,0.3986391214898838,0.0,1,0.1038869276916673,0.0104726728498658,0.1544788237635677,1.5,0.02265815700694132,0.0448097508771175,4.276490901677921e-08,0.02713336259274916,0.02295372145396527,0.02265815700694132,-4.276490901677921e-08,-2.4502487979224076e-09,0.00323477702186703,0.012480680814651868,0.0317323229183151,0.04480740988552423,0.02322568125643598,1.1102230246251565e-16,0.02322567270345416,0.04480739277956063,0.03173229725936964,0.012480646602724667,0.0032347342569580134,CORRECTABLE,0
100299,3,0.0,0.0,0.0,0.1240654313908463,0.0,0.0,2.7042587118074083e-18,-0.1240654313908463,0.1240654313908463,0.087292132912504,9.116180006258133e-17,1,0.1038869276916673,0.0104726728498658,0.1544788237635677,1.5,0.0358148163301123,0.07829040977981794,2.1382453752050168e-08,0.045237609620681886,0.03875533520978339,0.033987235510412016,-2.1382453752050168e-08,-1.2251243556261462e-09,-0.004859556533418685,0.013632257466887399,0.05213554808895027,0.078285728438105,0.0351222775946648,-0.011329078503470535,0.03512227331817408,0.07828571988512356,0.052135535259478005,0.013632240360924364,-0.004859577915872437,CORRECTABLE,0
100299,4,-0.0198344993820202,-0.0078147057282169,0.1827786589612754,0.0441590823878652,0.0,0.0129321158283404,0.0992157572152917,-0.0903934967064375,0.2225403929403129,0.1293578337256603,0.1363923458776096,4,0.1038869276916673,0.0104726728498658,0.1544788237635677,1.5,0.08891033275985498,0.22135031579939807,1.0691226237646845e-08,0.10581883305384197,0.10366008108052799,0.0396517747621474,-1.0691226237646845e-08,-6.125621412366943e-10,-0.018618423994825883,0.12711253611511242,-0.006049593675624673,0.03317567898635282,0.15934757272151479,-0.028322696258676394,-0.07663890335919776,0.1790233364915488,0.1397980616913259,-0.10887394638033585,-0.01861843468605212,CORRECTABLE,0
100299,5,0.0,-0.0291776562435381,0.0,0.0,0.0,0.0,-6.045768945978575e-18,-0.2546231067430222,0.2546231067430222,0.1484695086734622,0.5092462134860444,1,0.1038869276916673,0.0104726728498658,0.1544788237635677,1.5,0.18385812332729504,0.4207429494614358,4.1890959867618704e-09,0.2196733257477557,0.20334765566812363,0.15768299274043776,-4.1890959867618704e-09,-2.4001752001664616e-10,-0.03520955898755211,0.21824680472856564,0.0873353698703827,0.18007217556377472,0.37857797937357746,0.13463007532152538,0.05859593847610345,0.37783195043453377,0.2850951439033224,-0.10173523868236592,-0.0352095631766481,CORRECTABLE,0
100300,1,0.6642794266224045,0.0,0.0,0.0,0.0,0.0,0.6642794266224044,0.6642794266224045,0.6642794266224045,0.6642794266224045,0.0,1,0.1038869276916673,0.0104726728498658,0.1544788237635677,1.5,0.0,0.0,0.0,0.0,0.0,0.0,0.0,0.0,0.0,0.0,0.0,0.0,0.0,0.0,0.0,0.0,0.0,0.0,0.0,CORRECTABLE,0
100300,2,0.0,0.0246054579369499,0.2147246766083295,0.1067220543507442,0.0932477515389457,0.0,0.1206443304691926,-0.2147231406804135,0.3426049617240529,0.1899273738801145,0.4294462813608271,4,0.1038869276916673,0.0104726728498658,0.1544788237635677,1.5,0.022658157006941286,0.04480974189648668,0.0,0.027133362592746266,0.022953705930303013,0.022658157006941286,0.0,0.0,0.0032347556394125565,0.012480663708688278,0.031732310088842364,0.04480740133254235,0.023225676979945042,0.0,0.02322567697994493,0.04480740133254235,0.031732310088842364,0.012480663708688278,0.0032347556394125565,CORRECTABLE,0
100300,3,0.0394832959587815,0.0,0.0,0.0,0.0,0.0776632300793993,0.0626121514608372,0.0394964875769338,0.1171465260381809,0.068231362499062,0.0,1,0.1038869276916673,0.0104726728498658,0.1544788237635677,1.5,0.16578348506454266,0.33569407733905476,4.805710698829735e-08,0.19144563544830215,0.16958784668304153,0.1546315659796046,-4.805710698829735e-08,-2.7534694060380928e-09,-0.004859543196092081,0.15956068627745804,0.0890127401439739,0.17153522027291845,0.3353553230661298,0.2033955981048589,0.13235790300934663,0.2969945003335222,0.21447201059315624,-0.04343676261358903,-0.004859591253199069,CORRECTABLE,0
100300,4,-1.290701997974356,-0.0093224316505161,0.0,0.0676584606527661,-0.3814997039527886,0.0,-1.2306053771031198,-1.372055561989082,-1.0715761669813055,1.2335068485094844,0.1627071280294516,4,0.1038869276916673,0.0104726728498658,0.1544788237635677,1.5,0.13327976634727526,0.2813918175320553,2.4028551010024657e-08,0.15637505668314128,0.14003898804067857,0.09997393999674364,-2.4028551010024657e-08,-1.3767345606892244e-09,-0.07894058256075978,0.09472555738492167,0.04342926003444722,0.13902683380994746,0.281265214653417,0.12607981511505673,0.07826779940234502,0.26448612348197365,0.16888854490076316,-0.10827187228328058,-0.07894060658931079,CORRECTABLE,0
100300,5,0.0,0.0,0.2320304558993384,0.0,0.0,0.0,0.1462406205256166,0.0,0.2320304558993384,0.1632560590734247,2.841553551218259e-17,1,0.1038869276916673,0.0104726728498658,0.1544788237635677,1.5,0.1782125941390245,0.4286382627564893,1.1417227607779523e-08,0.21244346895694707,0.20329960738951713,0.13274174787654971,-1.1417227607779523e-08,-6.54158955666012e-10,-0.12569280322538057,0.21126222583197884,0.0942542847997061,0.16664417313914115,0.34127493023391,0.07609284511668502,0.009583477732477252,0.37164075858471024,0.29925086796182887,-0.12042923351978918,-0.12569281464260817,DIFFICULT,1
