assembly_id,batch_condition,component_index,severity,scenario_type,zero_quality,random_predicted_quality,random_actual_quality,bo_predicted_quality,bo_actual_quality,bo_prediction_error,bo_prediction_absolute_error,bo_z_adj,bo_theta_adj,bo_locator_offset,bo_correction_utilization,bo_mean_gap,bo_max_gap,bo_parallelism,bo_rms
6,normal,1,high,tilt,0.3356233199896484,1.900703141713137,1.9340969228335279,0.6291791573565478,0.504468580659985,-0.12471057669656282,0.12471057669656282,0.44176017058123174,-0.005964882717319986,-1.0,1.0,0.3539122694590983,0.6919561864139145,0.5007317450184884,0.4048852039253466
6,normal,2,medium,tilt,0.052380979234138335,2.1247762009132294,1.5269106350623418,0.8020066013732453,1.0302088316311855,0.22820223025794018,0.22820223025794018,-0.12402551804988526,-0.050095401830027475,-1.0,1.0,0.6009812369991545,1.6841733370422998,0.8840391632908016,0.7945071043150881
6,normal,3,high,twist,0.07512241067932615,1.9558930312591425,2.1986544517084923,1.0817404374274526,1.0651872922906005,-0.016553145136852132,0.016553145136852132,0.6961738234813062,0.03740267537903996,-1.0,1.0,0.9736751990234708,1.9860915239873473,0.23123923614222108,1.0788550454468862
6,normal,4,extreme,mixed,0.48747959925262985,1.1982141699732671,0.7439450267014198,1.335958084216893,1.6033932325214773,0.26743514830458426,0.26743514830458426,0.16427265064704955,0.014705199133674629,-1.0,1.0,1.228115260384945,2.831354402635478,0.8111180822668456,1.4221690893529664
6,normal,5,low,mixed,0.8338090067665561,0.9252872384705422,1.1999074540915615,1.433139504319083,1.7556384243234247,0.32249892000434155,0.32249892000434155,-0.17607290482376348,-0.05705711782635037,-1.0,1.0,1.5073512611804407,3.625563950828755,0.1327542355117317,1.7593759006714638
10,normal,1,high,mixed,0.2442546683540196,1.200283171474946,1.2168025579934694,1.7410732709610834,1.512484310310447,-0.22858896065063639,0.22858896065063639,2.5,0.011997347171232908,-1.0,1.0,1.9238718920262763,2.259573953562748,0.20939321270316058,1.9463259282279148
10,normal,2,medium,mixed,0.19483818957820942,0.9933748716237956,0.8386939880490668,0.8919111128770785,0.5964268475906994,-0.29548426528637906,0.29548426528637906,-1.506553598131357,-0.0022390688756208643,0.17679910916717656,0.6026214392525427,0.6155562498778366,0.9835359520644524,0.17031408862475583,0.6560496042058599
10,normal,3,high,tilt,0.3273784736434066,1.9206074416710919,1.658721200293481,0.7113743786970286,0.44534680925706405,-0.26602756943996453,0.26602756943996453,-1.1624665063188364,-0.03870775726998099,0.37477145749208973,0.46498660252753454,0.4352997185098897,0.7037378366510849,0.19157638599025684,0.46162626911694643
10,normal,4,extreme,mixed,0.5249023962694012,0.9828907782521533,0.9459872822250917,1.4079948929625146,1.557117890614384,0.14912299765186954,0.14912299765186954,1.847600166567756,-0.017958752263056654,-1.0,1.0,1.103921262109454,2.155006429975564,1.508220017929758,1.2697357760995134
10,normal,5,low,mixed,0.4002493869413218,1.183541710084372,1.1387756390065387,0.9071868225859161,0.9103975120773005,0.0032106894913843664,0.0032106894913843664,-1.1998221203044368,0.0842234541144733,-1.0,1.0,0.5879293388033429,1.9375757697633011,0.23094324827592877,0.834630050245286
35,normal,1,medium,waviness,0.04928207981701342,0.616012296316907,0.5459034331546453,0.49068175530531305,0.6523812297978239,0.16169947449251082,0.16169947449251082,-0.1082612742013378,-0.023388799763325974,-1.0,1.0,0.4442836552733516,1.1369468124083915,0.4082115866340503,0.555486135030858
35,normal,2,medium,offset,0.4415353645380469,1.304672422104297,1.3255108203044412,0.9771857479058953,0.712135634855801,-0.2650501130500943,0.2650501130500943,0.14000043744179447,0.011365277906387306,-1.0,1.0,0.5877123431072332,1.350135021483549,0.209850064161761,0.6782640623003806
35,normal,3,high,mixed,0.4627667904293375,0.8230041391230042,0.6148010484561676,1.0880507056180013,0.5548845958218044,-0.5331661097961969,0.5331661097961969,-0.154140078262182,-0.051273601425074755,1.0,1.0,0.3161747392328527,0.7470197996101351,0.6539034823647836,0.39755189459473006
35,normal,4,low,bend,0.49475862313124813,1.1437690859064074,0.7041887802332241,1.975251230122188,2.015735483289512,0.040484253167323736,0.040484253167323736,2.5,0.0009571364009652861,-1.0,1.0,2.2001204308291937,3.1113587340468785,0.6371983007756965,2.3113224359398092
35,normal,5,medium,bend,0.5269224395906424,0.9402512570718121,0.899659063718175,1.0019756313803283,1.3010139817702082,0.2990383503898799,0.2990383503898799,-1.6093403475772916,-0.032690338607248126,-1.0,1.0,0.9925176230042062,1.7610765420902796,1.207752404975185,1.1261001074930697
41,normal,1,medium,twist,0.0253324021898197,0.5535587802795295,0.521570525936951,0.543681471274304,0.8156187459832048,0.27193727470890083,0.27193727470890083,-0.45009274574561964,-0.012175946345423183,-1.0,1.0,0.7740140929959576,1.4500927457456196,0.21251035647284067,0.846335874188795
41,normal,2,medium,waviness,0.04419839645205938,0.6322182375165649,0.6476232190961025,0.9713586543815265,1.0202256891999564,0.04886703481842991,0.04886703481842991,0.3194256970549487,0.002257908921783791,-1.0,1.0,0.752397996165076,2.135140815941214,0.17310241155715844,1.0203332210092186
41,normal,3,high,bend,0.16624722703003114,0.9282839024198726,0.699943901378775,1.4167321041525194,1.9013627294913786,0.48463062533885926,0.48463062533885926,2.5,-0.052394533989822856,-1.0,1.0,1.6886631120367932,2.9203668228169044,1.0875597946271223,1.9238581064713267
41,normal,4,low,twist,0.16660452180145105,0.9855226765052516,0.6616754900024571,1.0169759500320807,1.6446701076677155,0.6276941576356347,0.6276941576356347,-1.7123082368631954,0.01044965444341206,-1.0,1.0,1.0584438232469133,3.055264636619493,0.9051789168717612,1.3900389464626535
41,normal,5,medium,bend,0.21557130840006647,1.406538183825358,1.8590264104074128,1.387113124146556,1.9662954205119685,0.5791822963654125,0.5791822963654125,-0.4014043409998247,0.06744863560028458,-1.0,1.0,1.2773786397745288,4.362052311407199,0.2720223941202884,1.9285941692136366
53,normal,1,medium,bend,0.0798131608887753,1.589584761522167,1.6230304273536627,0.48717108341487153,0.3484656025705898,-0.13870548084428175,0.13870548084428175,0.20574762262649315,0.007645533367008905,-1.0,1.0,0.27121431580415484,0.6515860014410315,0.13343973111740987,0.3159358806181087
53,normal,2,medium,tilt,0.2129077799031167,1.4156141272098302,1.0130784395629175,0.7416815311766969,0.34299824563205855,-0.39868328554463833,0.39868328554463833,-0.2216344879570591,0.006567929698436448,1.0,1.0,0.17326785745747014,0.31246318992819566,0.5931526491952595,0.19333136657780983
53,normal,3,high,tilt,0.13944627916656335,1.2382511818200583,1.1150023241517848,0.6419535189360657,0.43562334072038217,-0.2063301782156835,0.2063301782156835,-0.07194797165414624,-0.027778851261429427,-1.0,1.0,0.29662787772088184,0.9481939856412614,0.06300148175594153,0.4327633718495677
53,normal,4,low,mixed,0.29158072806261764,0.8836773711513973,1.0137003744260507,0.8184058629246016,0.3815572775131877,-0.4368485854114139,0.4368485854114139,-0.05211652240514164,0.012681289850981381,1.0,1.0,0.3247652946736484,0.554049379706085,0.28053402327797533,0.3375266821587511
53,normal,5,medium,twist,0.2879315056204411,1.5618114112124046,0.7506911947317736,0.6046746331564102,0.4556556755047792,-0.14901895765163103,0.14901895765163103,0.32806541225536545,-0.02813975012695691,-1.0,1.0,0.30027797002823864,0.8730933864293101,0.21059730661450266,0.40465076583163817
63,normal,1,medium,mixed,0.23644182311999454,1.161749911557723,1.0795564192363754,0.5288608556822253,0.3297715342461459,-0.19908932143607938,0.19908932143607938,0.028099099157224305,-0.007531500635726607,-1.0,1.0,0.2480016828354242,0.6210495236135773,0.13144948446657917,0.29621326971471656
63,normal,2,medium,mixed,0.377305690139598,1.3325307159844424,1.6683772850930878,0.7120320429164166,0.4595660539039897,-0.25246598901242695,0.25246598901242695,-0.5422479235236024,-0.026236377912659314,1.0,1.0,0.18770134105402478,0.6640541190017484,0.5893606948453468,0.2723120743365374
63,normal,3,high,mixed,0.9890554225253785,1.383217068749888,1.3560539058841201,0.9602473609564786,0.5064614421875292,-0.45378591876894936,0.45378591876894936,-0.09616589054878855,0.010268768057287492,-1.0,1.0,0.38622658276330396,0.7428899513942504,0.4101368802030985,0.4468541787933331
63,normal,4,low,waviness,0.9915105938907393,1.5456674656198377,1.7813132968280412,0.8376451884960086,0.7834594979318913,-0.05418569056411726,0.05418569056411726,-1.0377192061712293,-0.028579109027488725,1.0,1.0,0.38437830660891886,1.1458250046590814,0.9089364713864897,0.5171756313554434
63,normal,5,medium,tilt,1.064822423418031,1.3740635674122648,0.8487147855401167,0.8103242994173155,0.44436493734109245,-0.3659593620762231,0.3659593620762231,0.287344618178758,0.06740521071500183,-1.0,1.0,0.3915365778292502,0.8986224058754491,0.04003361024656271,0.45307159155713816
65,normal,1,medium,twist,0.007071643361087817,1.7558314413905818,1.8659368504038296,0.7602807564758468,0.5925535398963468,-0.16772721657949996,0.16772721657949996,0.4389417067109589,0.041027051982023055,-0.8707354581070925,0.8707354581070925,0.32748211478800604,0.796822437408074,0.7160572618563867,0.40444995680606827
65,normal,2,medium,tilt,0.06964163417382252,1.6177829900582514,2.37547826378733,0.7633619943126416,0.7717552023463667,0.00839320803372512,0.00839320803372512,-0.031348970663334974,-0.053910390965082655,-1.0,1.0,0.5340267078003365,1.4631427220594686,0.35000460403514433,0.6760299217788205
65,normal,3,high,mixed,0.20306867144486934,0.9818266843029452,1.4436197600559921,1.1560841277655276,1.2043949131924199,0.048310785426892267,0.048310785426892267,0.04911117114019081,0.03023851450158621,-1.0,1.0,0.765947613251412,2.337105395103499,0.5656322029911391,1.0378934978860497
65,normal,4,low,bend,0.2365683282661094,1.4688094870093444,1.7335659350598598,1.6891853345446843,1.9353106423614055,0.24612530781672115,0.24612530781672115,2.5,-0.0004168825414163635,-1.0,1.0,2.022138216848033,3.113265657713602,0.5583562300492138,2.271826109781509
65,normal,5,medium,twist,0.23763267736305135,1.5759051933517152,2.2524550698551264,1.2482466277772808,2.0068961718919827,0.7586495441147019,0.7586495441147019,-1.4254803204744781,-0.11793323740136374,-1.0,1.0,1.4586168976812917,3.166212764482449,1.4999699669748021,1.6945628315042005
76,normal,1,high,twist,0.033073386257410645,0.5533340383623798,0.4797195277345428,0.5135252802162877,0.36931240546777566,-0.14421287474851208,0.14421287474851208,-0.26437396895423637,0.003089684209120591,1.0,1.0,0.3194020847088362,0.7356260310457636,0.05392516234830144,0.36626422036905304
76,normal,2,medium,mixed,0.06696749600832567,0.6079392736525847,0.7203790810297629,1.4110499199250137,1.303538054920973,-0.10751186500404075,0.10751186500404075,0.2230239734119337,0.11780414677724371,0.0668851700128743,0.09817012231436976,0.7683564797602142,1.1942075808343666,2.1099982934128736,0.8176934871873679
76,normal,3,high,twist,0.07076584198248717,1.157947344122539,1.1799708048533113,0.9487125187285219,0.33047572628710464,-0.6182367924414173,0.6182367924414173,-0.46919074567458985,-0.1197643909317585,-1.0,1.0,0.42264796208615013,0.5163516804180485,0.019712300656946735,0.4286214333876104
76,normal,4,extreme,twist,0.07085756948924854,1.4421655401089526,1.4537636097745137,0.643653273701546,0.431697576509163,-0.211955697192383,0.211955697192383,0.4656753828225799,-0.012595857638350028,-1.0,1.0,0.2730343838724563,0.8379630765840225,0.20012689078629414,0.3836027113633118
76,normal,5,low,waviness,0.08600946086518439,1.2461763868931501,1.440652812393179,0.6354517220329183,0.6466431640964372,0.011191442063518853,0.011191442063518853,0.42953631042636564,0.012948991307384583,-1.0,1.0,0.5159297879880635,1.4007216704094843,0.025875646187546564,0.6388503272090895
92,normal,1,high,bend,0.13482902395611496,1.4021877541204335,1.5251009845347885,1.8832105405781856,1.7566477810293974,-0.12656275954878815,0.12656275954878815,2.5,0.004774424967663116,-1.0,1.0,2.3540889178688666,2.627387318184633,0.08332943576801899,2.3720607948294195
92,normal,2,medium,twist,0.13264028612905623,1.4197340782300918,1.3145295952298175,0.9221170509705646,0.6446258145013055,-0.2774912364692591,0.2774912364692591,-1.585278399137477,-0.011832072381411596,-1.0,1.0,0.7336339939503472,1.029298238775765,0.1231791875574757,0.7879238841622921
92,normal,3,high,twist,0.12673802690312316,1.6176858871410251,1.207576678966729,0.6418577557019051,1.145573465738957,0.5037157100370518,0.5037157100370518,-0.7141238239677361,-0.0001579276804604124,-1.0,1.0,0.7586296276095384,2.5583947501003816,0.12593554556155429,1.126854887575147
92,normal,4,extreme,mixed,0.4328217172666745,1.390223866704876,1.4541693934217492,0.8527623683105816,1.555831813837346,0.7030694455267643,0.7030694455267643,0.9312423930685299,0.018771748097478724,-1.0,1.0,1.0906761738388853,3.3946818867918958,0.20169327681706006,1.4971641260299369
92,normal,5,low,mixed,0.49757052138602603,1.5185597205115198,0.8005927076500544,0.8858705468925386,1.6303075806886964,0.7444370337961578,0.7444370337961578,1.2578800840284532,-0.012451060395891611,-1.0,1.0,1.6005977371690827,3.1476624166297285,0.09973094126645043,1.7591025216911795
93,normal,1,medium,mixed,0.12881317363913047,3.676782193367696,3.8072470736405397,0.483189317121986,0.5084358367002354,0.025246519578249416,0.025246519578249416,-0.10706511270589125,0.00472147708339965,-1.0,1.0,0.32892384561630295,0.9747011795682281,0.2392036583292782,0.45587231646092596
93,normal,2,medium,waviness,0.15703381677169015,1.3909733217069138,2.9025608149832522,0.7411938993630705,0.859296933716993,0.11810303435392255,0.11810303435392255,0.302894340543415,-0.03646409385137517,-1.0,1.0,0.5278901330020488,1.6888196617621334,0.3972149240559959,0.751195180709396
93,normal,3,high,mixed,0.5664155292031153,1.1174131316901523,2.6278349021535945,0.8535605045397725,1.0052200500889221,0.15165954554914962,0.15165954554914962,0.7890489703468351,0.010325241903654803,-0.9650734234415896,0.9650734234415896,0.9369268377896577,1.6928217863673658,0.3786524491965022,1.0269972808286447
93,normal,4,low,mixed,0.7853794399517717,1.91425729269773,3.57314055451082,1.082194572917501,1.3625524540426879,0.2803578811251868,0.2803578811251868,-0.07180453392900787,-0.06352573165604203,-1.0,1.0,1.105483121970802,2.592462360350264,0.41499332002315215,1.2867081333942243
93,normal,5,medium,mixed,0.9507610471593506,2.305544266898871,3.137045245919857,1.504846690124602,1.6906171931734166,0.1857705030488146,0.1857705030488146,0.02789558751811194,-0.0028609853962904275,-1.0,1.0,1.3409363209139549,3.580748290197154,0.1656465152046266,1.6441785527869606
96,normal,1,high,twist,0.017921217255140964,1.374869812725679,1.425632734487693,0.46924946891796293,0.5296719882349332,0.06042251931697029,0.06042251931697029,-0.20330976203721152,0.002805067479274781,-0.8522150820069232,0.8522150820069232,0.47558015380826435,1.0555248440441347,0.048957663293077464,0.5565318989129024
96,normal,2,medium,waviness,0.07735479675497582,1.3336863410099102,0.9597806996929263,0.6162015931053276,0.713556124409472,0.0973545313041444,0.0973545313041444,0.7182200525650018,0.012363618456163517,-1.0,1.0,0.5463677031623293,1.3514615490336455,0.26474351616271946,0.6478429390186364
96,normal,3,high,offset,0.3776212507474081,1.0371387797870013,1.053859306634655,1.037008051360013,0.7523897547072907,-0.2846182966527223,0.2846182966527223,-0.1300555969669266,-0.04252679233066292,1.0,1.0,0.6132830939619606,1.1838535373799401,0.47748916662015295,0.7000201531867464
96,normal,4,extreme,bend,0.5864703289909485,1.1626885091746253,1.3497581743694855,0.8726178954865729,0.34519618740106495,-0.5274217080855079,0.5274217080855079,-1.0577887350729203,0.0051251345232372625,1.0,1.0,0.2130892399405469,0.4659543021304511,0.3880386943434567,0.2507151647672859
96,normal,5,low,bend,0.6623483941876896,1.0452138569274474,1.1065031621826693,0.4972995239238825,0.3635100104010257,-0.13378951352285678,0.13378951352285678,-0.11298304311047325,-0.003735939281967804,-0.35495006980153077,0.35495006980153077,0.14745289544669177,0.5383930569524087,0.4532431355607959,0.2178328401305683
99,normal,1,medium,mixed,0.1632386576663921,0.4908964725991729,0.40293190990878713,0.4770742940193005,0.42169630828430643,-0.055377985734994084,0.055377985734994084,0.2930076269098656,-0.0031064120260955175,-1.0,1.0,0.28178168681912996,0.931275457594473,0.05421711783203845,0.41514029610614
99,normal,2,medium,waviness,0.21244375656333914,0.8558149750716968,0.5457757863418071,0.6588778126431591,0.6969976298064825,0.038119817163323355,0.038119817163323355,0.5636849098819576,0.005925049553206607,-1.0,1.0,0.6282196266085677,1.4064261767065027,0.0491945055838624,0.7184553713680274
99,normal,3,high,mixed,0.16271458008774792,0.8446668632520787,0.37772888302066104,1.0537210343802705,1.1434634365382992,0.08974240215802864,0.08974240215802864,-0.21307761222292587,-0.008495868940970652,-1.0,1.0,0.8425103108658619,2.4982283438421167,0.09908638134076075,1.115159257236774
99,normal,4,low,mixed,0.2808235033185276,3.7504739104730516,3.5909233018228033,0.9407938938219668,1.4755185605782177,0.534724666756251,0.534724666756251,0.9439025356575339,-0.024023693176714378,-1.0,1.0,1.2306221539914557,2.7012663554246537,0.5183789503347396,1.404383226529629
99,normal,5,medium,mixed,0.17216581217887875,1.3217143895338304,2.700278439422864,1.5783649935516395,1.3786181982018484,-0.19974679534979112,0.19974679534979112,-0.7274987812211635,-0.04110732640164172,1.0,1.0,0.8742874680488695,2.121081740739816,1.2358372658383794,1.0925625581372909
124,normal,1,high,twist,0.011990954800128253,0.721773751760828,0.6925261122533486,0.4909584088976936,0.41000187821380313,-0.08095653068389047,0.08095653068389047,0.14258714467012146,-0.00557871870603277,-1.0,1.0,0.2839366598415697,0.8574128553298785,0.09736700977056009,0.38386920731200597
124,normal,2,medium,bend,0.06317791865325592,1.068810944184315,1.3625789233272356,0.7059853100470923,0.6806866304527165,-0.025298679594375817,0.025298679594375817,0.7952470444374145,0.01692609624466579,-1.0,1.0,0.744311024930804,1.060031121963621,0.19804910780202734,0.7996925404378076
124,normal,3,high,waviness,0.06803316301367113,1.2856760744946312,0.8825119406642399,0.6431026324218635,1.140617680147735,0.4975150477258715,0.4975150477258715,-0.6442449924402673,-0.010870923773668384,-1.0,1.0,0.8077959177624651,2.6020097873396884,0.00831569294146417,1.1518126073464965
124,normal,4,extreme,mixed,0.24707292772790967,1.2321559531112414,1.6474737755739872,0.8718238425086607,1.3053018520730502,0.4334780095643894,0.4334780095643894,0.8918869400517719,0.01607175319227716,-1.0,1.0,1.2114782867339586,2.4076221349036184,0.2888207100716078,1.3292551256029466
124,normal,5,low,mixed,0.2684713828830063,1.1095897287536183,1.7720644404601904,1.3547655221505284,1.9955658530031348,0.6408003308526065,0.6408003308526065,-0.48434869869485375,-0.06651860809917931,-1.0,1.0,1.3188796636585105,3.8800331144611615,0.8721485367063913,1.7424745855531587
131,normal,1,medium,mixed,0.4514837311515509,0.7733709312827869,0.5199683580054785,0.713636240883547,0.39732758205542584,-0.3163086588281212,0.3163086588281212,-0.6999631027839517,0.0010470292560069705,1.0,1.0,0.2711886730427413,0.8194702517267443,0.11166985145752395,0.36628949187322984
131,normal,2,medium,waviness,0.47597412215224744,1.287713735324978,1.2756675123920775,0.6449267455399534,0.4989960715053042,-0.14593067403464927,0.14593067403464927,-0.25064720345502156,-0.02068354348987156,-0.3519332036588795,0.3519332036588795,0.30142039012104127,0.7664862193919233,0.4726658020166524,0.36824348046419075
131,normal,3,high,waviness,0.4970638779236217,1.4663359412078645,1.8282726918636576,0.7522403646802999,0.6856321851634869,-0.06660817951681297,0.06660817951681297,-0.01024664920529661,0.03045555278532408,-1.0,1.0,0.6354797258766522,1.351034199590354,0.05888391966443163,0.7201283162405558
131,normal,4,low,bend,0.5117021552470927,1.1081116663765065,1.355602122474533,0.7632933603808716,0.8023373443241654,0.03904398394329378,0.03904398394329378,0.8824507529275367,-0.03602267668161985,-1.0,1.0,0.5192629732804712,1.3626664369469645,0.5698304766509845,0.6680937826063931
131,normal,5,medium,bend,0.5685620224430427,1.1921613146957737,0.9070567457669925,1.065133189394215,1.3106417045298044,0.24550851513558936,0.24550851513558936,0.09717823438372131,-0.03490922590087009,-1.0,1.0,0.7912287200617211,2.061799593298685,1.1791114833367455,1.0099976552065892
152,normal,1,high,mixed,0.36235294577527266,1.7005539418589977,2.015866830953901,0.580387836540494,0.6195374684821242,0.039149631941630236,0.039149631941630236,0.23209217871266485,0.002994002721637967,-1.0,1.0,0.46554677061345806,1.2065023588233126,0.1954577353259962,0.5928540905329412
152,normal,2,medium,mixed,0.3297663539220747,1.2921455924120941,1.0157225634735567,0.9288747552096692,1.1474362811340815,0.21856152592441225,0.21856152592441225,0.2863631671688571,-0.04999886251911678,-1.0,1.0,0.6798062544858496,1.8329061737986136,1.0234908135190883,0.8657530859301601
152,normal,3,high,offset,0.18260450979379353,1.2512733118797863,1.6925330122489313,1.884327568578961,2.6703961844351984,0.7860686158562373,0.7860686158562373,2.5,-0.06024240944027981,-1.0,1.0,2.061596234761948,3.9675250671660844,2.0749195950386046,2.391839153452073
152,normal,4,extreme,mixed,0.5098688386499133,1.531858929742666,1.5760429874701212,1.2412383829206055,1.9878474760072442,0.7466090930866387,0.7466090930866387,-1.5248938275145905,0.020123617522887827,-1.0,1.0,1.4778621889356314,2.868307823540344,1.7236961974101301,1.6688761304141264
152,normal,5,low,waviness,0.5240816846091182,1.5655947522467266,1.5738031893709379,1.5098075555516357,2.433736598055311,0.9239290425036755,0.9239290425036755,-2.5,-0.03358535521176931,1.0,1.0,1.5900564210591606,3.585274944949292,2.309871293444159,1.8817580021952784
154,normal,1,high,mixed,0.5659136912043365,2.28520579729424,1.8097191862628228,0.5993852390317936,0.44799740942294475,-0.1513878296088489,0.1513878296088489,0.6217484156759445,-0.0141356336252767,-1.0,1.0,0.27472921221445784,0.8664007957369282,0.22179969952077078,0.39118497181297684
154,normal,2,medium,mixed,0.3849697994992007,1.1178496938547666,0.8793733160766857,0.7681456833318744,0.8522587988014577,0.08411311546958333,0.08411311546958333,0.3472793626206676,0.02573559417249016,-1.0,1.0,0.6518183438331968,1.2712554436741748,0.67244087467771,0.7360440014593325
154,normal,3,high,bend,0.3488366715383142,1.054615355753577,0.6903746303290498,0.992621218947212,0.9979943300663591,0.005373111119147067,0.005373111119147067,0.09414357443152532,-0.029943610061375026,-1.0,1.0,0.8824829020713973,1.9619607249381383,0.14982624159353108,0.9971336948543904
154,normal,4,extreme,twist,0.3459965089917798,1.086194234835872,1.3082247308494424,1.2003466049845464,1.5728614913213532,0.37251488633680685,0.37251488633680685,0.06668118337840578,-0.05120626054445099,-1.0,1.0,1.1385255439524558,2.900678531905628,0.7438918404881689,1.3793271641747757
154,normal,5,low,tilt,0.4530757385582391,2.1433134178370365,2.2042175813867675,1.167223588966823,1.5516394906923319,0.3844159017255089,0.3844159017255089,1.0173818201433455,-0.007844873822566267,-0.3941504535374801,0.40695272805733823,1.561739052348972,2.3757154245846905,0.6730580459026301,1.6848573384144416
172,offset_drift,1,high,waviness,0.1923056291381288,1.5279193070162516,1.7053157457871884,0.4791912573744096,0.4707757386932513,-0.008415518681158307,0.008415518681158307,-0.23233340030683935,0.0003123013240891037,-1.0,1.0,0.34099865228435944,1.062286176396532,0.005450686363746626,0.4815508417985993
172,offset_drift,2,medium,waviness,0.361260622033013,1.1996413101151122,1.0958891050385178,0.7125070745269506,0.7978690208024202,0.08536194627546956,0.08536194627546956,0.30639897323151244,-0.01600171545552964,-1.0,1.0,0.587197924183819,1.555982895590449,0.2738319415637451,0.7276519240101633
172,offset_drift,3,high,waviness,0.5358202855933046,1.698085033758321,1.4565305918620306,1.0275038359953321,0.9770214900313097,-0.05048234596402246,0.05048234596402246,0.575347219135983,0.012258244126159834,-1.0,1.0,1.040130597233472,1.7773588898262092,0.05988521778465916,1.1380907857800753
172,offset_drift,4,extreme,mixed,0.903899518893872,2.3593460403757103,3.0024678689322406,0.9700660407346564,1.5034474277025625,0.533381386967906,0.533381386967906,-0.6538042508872488,-0.035896392995249826,-1.0,1.0,1.0858802012308992,2.7977960773172144,0.6863955471131861,1.3242588000417246
172,offset_drift,5,low,bend,1.0765361157430922,2.676690651036601,5.008662337790644,1.1727271024766877,1.6522409937676463,0.47951389129095867,0.47951389129095867,0.7313472230219835,0.01065240804242018,-1.0,1.0,1.612908717713349,2.809733525085483,0.5004759513648589,1.7530553551853905
195,offset_drift,1,medium,mixed,0.1311180957460387,1.2514159163139038,1.10983273563575,1.7404641814825272,1.6515810156046826,-0.08888316587784462,0.08888316587784462,2.5,0.017488047005429497,-1.0,1.0,2.0782601904365805,2.4217735876059416,0.3052240094666745,2.1000367935192386
195,offset_drift,2,medium,mixed,0.4077372204753561,1.5782675853570642,1.778956069732487,1.0140228505583708,0.6951098334875832,-0.3189130170707877,0.3189130170707877,-1.5933389178025803,-0.01744326671966534,-1.0,1.0,0.5388770913604056,1.2866206167332908,0.2830478464988908,0.6254616710980696
195,offset_drift,3,high,mixed,0.5610522056270917,1.4758375119028844,1.0468063360379118,1.5314952960263075,0.6665119876386714,-0.8649833083876362,0.8649833083876362,-1.8878390047421694,-0.017684187619410263,1.0,1.0,0.676524046945463,1.2760071812585805,0.02559946280114156,0.7307278033711583
195,offset_drift,4,low,mixed,0.8199877446039626,1.9461152137659585,1.6231598807506065,0.8257555286794748,0.6392696409396192,-0.18648588773985553,0.18648588773985553,0.9729022488853611,-0.026045560028070458,-1.0,1.0,0.613881354670307,1.0249190658223815,0.2713798562349159,0.6621555792133794
195,offset_drift,5,medium,mixed,1.3347711654583159,1.5566123320206426,1.1604535797619817,1.661642568602803,1.2567792392358468,-0.4048633293669561,0.4048633293669561,-2.448334304378945,-0.01607571758689441,0.753387119106153,0.9793337217515781,1.241521272751207,1.9639530648201353,0.5519540651094244,1.2955071843161665
196,offset_drift,1,high,mixed,0.49698564374702625,1.0042314635978251,1.4099477699177785,0.6310045294923327,0.3589314746168634,-0.27207305487546923,0.27207305487546923,-0.34670124987782813,0.009036360150178169,-1.0,1.0,0.3037497699893297,0.622403914097245,0.15771423832426812,0.33771097893610547
196,offset_drift,2,medium,mixed,0.7285774352730148,1.2862964081935397,0.7459673783766763,1.8012733922670465,1.528396568464244,-0.27287682380280254,0.27287682380280254,-2.5,0.010513902443799239,0.7418795488875967,1.0,1.9317228025274125,2.1767830784083055,0.34121645526173694,1.9347986760500748
196,offset_drift,3,high,bend,0.9760368621049812,1.371813986302042,1.2994478559849023,0.8629523559614252,0.7523143013904755,-0.11063805457094966,0.11063805457094966,1.0519033452486148,-0.015583216770279407,-0.8066018778793873,0.8066018778793873,0.7952304106531188,1.3641340217418503,0.06923800786207657,0.8373356931336182
196,offset_drift,4,extreme,mixed,1.507242651711383,1.5652458258981743,2.113078708143268,1.4659183421636677,1.735061601376591,0.26914325921292326,0.26914325921292326,2.5,-0.03367439999566302,-1.0,1.0,1.939985112620582,2.657102628158603,0.5184912133680402,2.0038791513242318
196,offset_drift,5,low,twist,1.69820693695669,1.0793422979984006,0.3749394673513981,0.922764722674814,0.5663279533356294,-0.35643676933918467,0.35643676933918467,-1.7956863080633005,0.016548231411330327,-0.1019151817780033,0.7182745232253203,0.5231174819949731,0.9411513560007461,0.22967008182745197,0.5814627738867801
222,offset_drift,1,high,mixed,0.4398506485983661,0.8867674151239957,0.7987038422091648,0.6795441772987291,0.524690072031181,-0.15485410526754806,0.15485410526754806,0.35653752684490714,0.009680296046501002,-1.0,1.0,0.36491148962653497,1.0963541825289969,0.12198620703641494,0.4971450827359706
222,offset_drift,2,medium,tilt,0.5106402416146117,2.1740670841298573,2.475125831274243,1.7531946329145756,1.9983485110633767,0.24515387814880119,0.24515387814880119,2.5,-0.006848688545545434,-1.0,1.0,2.1124869674767943,3.125693769437249,0.6786475982378541,2.2330001051780757
222,offset_drift,3,high,waviness,0.4868846740626726,1.7638894017506814,2.706634008627102,1.3268219162731851,0.9235100899017299,-0.40331182637145524,0.40331182637145524,-2.5,-0.03506982499341116,1.0,1.0,0.4478591335060778,1.1528720906544572,1.2907315889094986,0.5607124598071984
222,offset_drift,4,extreme,mixed,0.8309137465653239,1.666772260555681,1.584483244622308,1.4700571027393394,0.812859683254723,-0.6571974194846164,0.6571974194846164,1.0094298458646178,0.09487334363244138,0.15235348427236106,0.4037719383458471,0.9065424750592289,1.4537278447235062,0.02404870747206278,0.9756397507828368
222,offset_drift,5,low,offset,0.8082687145241162,1.1439722494513076,0.3101651154124551,0.6817454960703488,0.8818459979217074,0.20010050185135853,0.20010050185135853,-0.9246437338838387,-0.024121766301623326,-1.0,1.0,0.5575741635627426,1.6919782612730982,0.44505297570557945,0.7346437775928132
237,offset_drift,1,medium,mixed,0.06574779985507831,1.8964000443988245,1.866815885510731,0.5265888138142403,0.7556458551944542,0.22905704138021388,0.22905704138021388,-0.34313164592647194,-0.010880393361826002,-1.0,1.0,0.7068095351821586,1.38317477431859,0.1679845187481792,0.7825520671977583
237,offset_drift,2,medium,mixed,0.34669556185527883,1.4661617463686865,1.6270161571106367,1.0480296655234829,0.8301021070994736,-0.21792755842400924,0.21792755842400924,0.45342075917002056,0.0239856525438622,-1.0,1.0,0.5116492513664269,1.5101136511716258,0.5195759354168883,0.6770045571299137
237,offset_drift,3,high,tilt,0.9072884023188215,1.091754259381233,1.3583117660422377,0.9444001384343994,1.412210846967738,0.4678107085333385,0.4678107085333385,0.9116925672309777,-0.010843427920518955,-1.0,1.0,1.0885345280143832,2.0151883884474926,1.1977759985201568,1.2176117247312832
237,offset_drift,4,low,mixed,1.0463238998711124,3.850692980996008,4.216457427359673,0.8523766686599614,1.530491772538368,0.6781151038784066,0.6781151038784066,-1.2241357984335222,0.07929092587045394,-1.0,1.0,1.0270742170098415,3.3925252615974353,0.18611260832334975,1.4877814645918006
237,offset_drift,5,medium,mixed,0.9877914427892935,1.3533353833039197,4.529635572430664,0.9294636529307382,1.6215788086396365,0.6921151557088984,0.6921151557088984,1.2871911659044115,-0.059662165046283855,-1.0,1.0,1.6180610536394238,2.861141223341515,0.341763072542004,1.7528920378275359
255,offset_drift,1,medium,waviness,0.1701109815585788,1.2369372132031118,1.3593424142941877,0.4556884528519986,0.364910429562078,-0.09077802328992063,0.09077802328992063,0.008658282659928407,0.0009858364105570505,-1.0,1.0,0.2892927362985303,0.789699862983784,0.017206091251961014,0.3605082240179542
255,offset_drift,2,medium,mixed,0.5669715825469309,1.229842856804381,0.9628504956307518,1.2710297031169595,1.2875297879684482,0.016500084851488683,0.016500084851488683,0.3452269982352565,-0.11986388256205949,0.21817505160017325,0.21817505160017325,0.6506345657644889,1.6851215828599304,1.669192305689159,0.8604525167437483
255,offset_drift,3,high,mixed,1.0938441330549158,1.6376674348719222,2.154168128933314,0.8810217606500214,1.041452922186981,0.1604311615369597,0.1604311615369597,-0.7930709162539995,0.069007262142329,-0.011206037826100634,0.3172283665015998,0.5769303567145847,1.3276687182442926,1.3270144368635055,0.719688686402664
255,offset_drift,4,low,waviness,1.2650896547601385,1.4569779730996535,2.0351570935237966,0.7335502958111462,0.7864603677144237,0.05291007190327757,0.05291007190327757,-0.9646290518716294,0.08483893829010736,-1.0,1.0,0.5350145904203688,1.6838372945123083,0.15370545236867858,0.74693166524017
255,offset_drift,5,medium,bend,1.5064969790523655,2.291187011121449,3.3202493768941888,0.9420937586041629,0.852150284390192,-0.08994347421397086,0.08994347421397086,0.6466779025857905,-0.01685689131617707,-1.0,1.0,0.7726243368430754,1.6381522235567605,0.14050281123819341,0.867664728987833
266,offset_drift,1,high,mixed,0.32270082429147506,0.9993486359362902,0.688023331351451,1.9215421087338107,1.9832261410097538,0.0616840322759431,0.0616840322759431,2.5,-0.007404628542484248,-1.0,1.0,2.554615300807272,2.9110521653721,0.28738168827208943,2.5731139467431516
266,offset_drift,2,medium,mixed,0.5324371529688772,1.1408655110354387,1.168751597309544,1.038202274918102,1.1566570618072394,0.11845478688913746,0.11845478688913746,-1.573572010931176,-0.013478957796113411,-1.0,1.0,1.060319270041235,1.8329890507368016,0.5659627586179408,1.1887573798844617
266,offset_drift,3,high,mixed,0.8906444664372911,1.1574133799858854,1.0089874035207134,0.9737067935785348,1.2797638810416356,0.3060570874631008,0.3060570874631008,-1.0367961846773321,0.019357032132828245,-1.0,1.0,0.8893487509322641,2.4273107294677514,0.5755669085854188,1.1209596434600526
266,offset_drift,4,extreme,mixed,1.0452201100782936,1.0446320926078718,1.1272888453978547,1.109307498475853,1.6949495220994222,0.5856420236235691,0.5856420236235691,0.3305659478031364,0.09458837340167703,-1.0,1.0,1.264715816441101,2.824816793941738,1.0753131411494354,1.4549579663973997
266,offset_drift,5,low,waviness,1.2078479332137217,1.535955585454605,1.3415560667591062,1.9074038360485377,1.9995341453129394,0.09213030926440169,0.09213030926440169,-0.6110474090303901,0.017945399399481365,-0.25075782363614685,0.25075782363614685,1.2630092764810374,3.478434307011406,1.3885194564974563,1.605452333159696
274,offset_drift,1,high,tilt,0.2852318714380662,0.8223102595359094,0.8667229783689153,0.6713849377846343,0.6779049252713518,0.00651998748671756,0.00651998748671756,0.15190638080631746,0.036218552476301014,-1.0,1.0,0.34934089421532527,0.8301044422861357,0.9311427469494151,0.4472850023608914
274,offset_drift,2,medium,bend,0.4640878765446513,0.7357343160604638,0.938537388842038,0.7690920603167133,0.7424296334588226,-0.026662426857890664,0.026662426857890664,-0.14944743373551894,-0.06658344138287231,-1.0,1.0,0.5589026331868011,1.4583723529850574,0.2309580556205585,0.6795972092109758
274,offset_drift,3,high,twist,0.6070113815196149,0.8783346665016691,0.7305400713186347,1.0351888788943264,1.3108481820523,0.2756593031579735,0.2756593031579735,0.19356550946762852,-0.04827916107610064,-1.0,1.0,0.8897511883297192,2.0524404519066164,1.073588575929032,1.0611411720268964
274,offset_drift,4,extreme,bend,1.0513290815294767,1.8627018724436972,2.5771178499864873,0.9956418562715792,1.3779942702939294,0.3823524140223502,0.3823524140223502,-0.21588535381653884,0.09646791797181309,-1.0,1.0,1.0719660562922118,2.499164798768185,0.6100958061858326,1.2362627192006073
274,offset_drift,5,low,mixed,1.3215053332640718,1.5393429045854705,2.7175067941454873,1.3542556036215436,1.8246733458244107,0.47041774220286703,0.47041774220286703,-0.182873366039507,-0.0864069068301403,-1.0,1.0,1.347259778625598,3.3051408748957813,0.8979903577546561,1.5955604244160038
281,offset_drift,1,medium,mixed,0.6036123350359814,1.2186172841144658,0.9645761031096827,0.6021017907334015,0.4544110800461019,-0.1476907106872996,0.1476907106872996,-0.8449354587910225,-0.0009181269017286553,1.0,1.0,0.28006751960602316,0.8967643916814979,0.20318432043926204,0.4040621052806699
281,offset_drift,2,medium,mixed,0.8821381668214509,1.1608888282925491,0.8520834998894065,0.7551985721522607,0.14994480101154,-0.6052537711407207,0.6052537711407207,-0.19584742328981486,-0.018937662148676093,-1.0,1.0,0.09903667005266822,0.23975330157846136,0.12067951047816017,0.12103956378753072
281,offset_drift,3,high,mixed,1.0464022278717362,1.1444313769736034,0.9099438343859061,1.906926478149181,1.8679662418018272,-0.038960236347353794,0.038960236347353794,2.5,0.005336686874977792,-1.0,1.0,2.3821719492187903,3.015973548211032,0.021171555379253526,2.4217112595910457
281,offset_drift,4,low,mixed,1.2666459732341437,1.598008789702561,2.007099881111053,0.9799907107752162,1.3196925327866043,0.3397018220113881,0.3397018220113881,-1.611331732576847,-0.032851417616047485,1.0,1.0,1.3687858253874452,1.9466927689231968,0.612864753998597,1.4118952829383253
281,offset_drift,5,medium,waviness,1.4482616749993777,1.2008188346164366,1.3307206718303108,1.1288548766576303,1.4892203648853528,0.3603654882277225,0.3603654882277225,-2.412783047232393,-0.06890994554532592,0.9584762367983166,0.9651132188929571,0.7268266796461454,2.106868802566417,1.8155707710394882,0.944404889097376
288,offset_drift,1,high,bend,0.23078271107983725,1.504865574735283,1.5010575124901007,0.4969363397579899,0.4457863676098174,-0.05114997214817252,0.05114997214817252,-0.31254984474707914,-0.004789323203234774,-1.0,1.0,0.30454958405809823,0.9521751338143906,0.0835894590332937,0.43692114538082644
288,offset_drift,2,medium,mixed,0.370151482469384,2.5915339376356368,2.447345421371148,0.715521965403636,0.7458306092942381,0.03030864389060206,0.03030864389060206,0.09518392819235899,-8.614597367873067e-05,-1.0,1.0,0.5038150722017682,1.6441946660540865,0.09691429303014903,0.7235339990843691
288,offset_drift,3,high,waviness,0.561368849423865,1.245909348073119,1.2984251686060504,0.947647078889397,1.0947060724438027,0.14705899355440566,0.14705899355440566,0.6019147681555657,-0.024682131990026557,-1.0,1.0,0.922156706707909,1.8548795432358147,0.5276987893155812,1.0328556066601133
288,offset_drift,4,extreme,tilt,0.7686398114833448,1.5972787347017305,1.8367405214752144,1.3123317871484448,1.3334271313805386,0.021095344232093804,0.021095344232093804,0.02787906660304973,0.006232476935366771,-1.0,1.0,1.2057359659628533,2.6051696260842183,0.18196731427878166,1.3556525948278269
288,offset_drift,5,low,mixed,0.9378331507302309,1.2105425368680827,0.9226943732431302,1.43184164837801,1.8911277821222372,0.4592861337442271,0.4592861337442271,0.6963102554232039,-0.05599458339768737,-1.0,1.0,1.7332296643322052,2.8105294213197864,1.129402503377426,1.8917930541341212
290,offset_drift,1,high,waviness,0.19475790428302334,0.40743302160702694,0.5175097556208568,0.5359268072611001,0.5042047455671683,-0.03172206169393177,0.03172206169393177,-0.23505747343616257,-0.009112901679742214,1.0,1.0,0.3384603858491662,1.0294080171977007,0.15905014006318455,0.46129182634152893
290,offset_drift,2,medium,mixed,0.6024761516488969,0.6520098180324914,0.49336358883990206,0.7239646849350988,0.24931880594504113,-0.47464587899005767,0.47464587899005767,-0.5977049464727191,-0.003482692993709735,-1.0,1.0,0.22202112458199516,0.4697942353991809,0.04806619111465288,0.27354340616292466
290,offset_drift,3,high,mixed,0.7518354271100328,1.3228586445931783,1.490299991621517,0.5405226652318323,0.40163174100588295,-0.1388909242259494,0.1388909242259494,-0.19887196857047407,0.00324920415130614,-0.027366924791923708,0.07954878742818963,0.34053887334297117,0.7567594774005963,0.10477550168520433,0.41009585277251376
290,offset_drift,4,extreme,tilt,0.8956529095095537,1.9468312281108422,2.0147769961640445,0.794010626612891,0.4939241081048693,-0.3000865185080217,0.3000865185080217,-0.2590604567106731,0.03135898547233573,1.0,1.0,0.41770759454256146,0.939431207381968,0.12485223780421778,0.49326796186245164
290,offset_drift,5,low,mixed,0.9709859576043598,1.2791188784911292,0.749132622499653,2.0693375028096215,1.6819165737915664,-0.387420929018055,0.387420929018055,-2.3164938145218255,-0.014033533558802658,0.9247864000677049,0.9265975258087302,1.8771210796894573,2.8682849937305686,0.18344503654877053,2.0326124080092756
295,offset_drift,1,medium,mixed,0.2694183421779243,1.534366700170849,1.3859588117166919,0.3644315894272881,0.20394471067544573,-0.16048687875184237,0.16048687875184237,-0.3902076747673049,-0.01974205119434802,-0.017043799230448298,0.15608306990692195,0.0870251759962477,0.21333572171024007,0.3445638080746738,0.10467298941097264
295,offset_drift,2,medium,mixed,0.543385750134175,1.0580419134190817,0.9441855583883357,0.47811582065908603,0.3885346622174883,-0.08958115844159775,0.08958115844159775,-0.275569129512367,-0.025217786923620755,0.40800829684903595,0.40800829684903595,0.204665820870413,0.46978540614932673,0.5342341177151979,0.25929058797007
295,offset_drift,3,high,tilt,0.9363705066492657,0.8966690597476529,0.49658113637374335,1.80222205503059,1.6825665822199407,-0.11965547281064937,0.11965547281064937,-2.5,-0.012669283833267375,0.40539268975858356,1.0,2.188732868272195,2.5763110435359344,0.10890805738508647,2.203809914619762
295,offset_drift,4,low,waviness,1.0845215297056927,2.6272186251638763,2.8104632439164208,0.8076752294012077,0.754712970439281,-0.052962258961926745,0.052962258961926745,1.3829951575641424,-0.015420977519731371,-0.5083947519507437,0.553198063025657,0.7443460089745725,1.1367241427496984,0.37805489547942805,0.7697545627817136
295,offset_drift,5,medium,mixed,1.344227195552917,1.4522815560836135,1.9522502830986717,0.9621296867216115,0.5983793473306244,-0.3637503393909871,0.3637503393909871,0.5367477204441502,-0.01406407902171769,-1.0,1.0,0.39248484003940726,1.060765281102248,0.3804356548505719,0.4827361453295622
313,offset_drift,1,medium,tilt,0.62692266129703,0.6516798418494314,0.5156308412807104,0.7582971652481866,0.5397753517115439,-0.21852181353664268,0.21852181353664268,-0.25895314523262947,-0.034142263155456876,-1.0,1.0,0.3491071787303412,0.9389733421392512,0.3601157253852647,0.45316477835086755
313,offset_drift,2,medium,bend,0.7701255410302036,1.6456857584042606,1.774980928720057,0.7191786340765438,0.628932877826136,-0.09024575625040776,0.09024575625040776,0.3653571395098738,-0.018127791370452284,-1.0,1.0,0.5619749241542182,1.277404070810968,0.04372606929913503,0.6400135854683967
313,offset_drift,3,high,mixed,1.059291623919599,2.699405669312312,1.5650090157918308,0.971936582354747,0.746436841935619,-0.22549974041912801,0.22549974041912801,-0.07195954519376446,-0.02799449770425655,-0.17911892059579293,0.17911892059579293,0.7008041041851948,1.195571114992608,0.3377943061271913,0.7618598434412085
313,offset_drift,4,low,waviness,1.2189296061783212,1.0996740022215667,0.9404798191811113,0.9578898004826307,1.220270422628077,0.2623806221454462,0.2623806221454462,-0.039555767899009275,-0.028328795745845792,-1.0,1.0,0.9405511426909569,1.93733846963686,0.8322251053069741,1.0723600733763976
313,offset_drift,5,medium,waviness,1.3828036206660148,0.8361298642222255,0.7745773400171702,1.1825146684714019,1.6012940773008575,0.41877940882945563,0.41877940882945563,0.2829046109324085,0.11112660011150166,-1.0,1.0,1.3091386850440248,2.436463461765147,1.1073023851971016,1.454227176989757
323,offset_drift,1,medium,bend,0.22151471086540145,1.316690820028298,1.5299338490440184,0.4752891828366076,0.3872312028079122,-0.08805798002869542,0.08805798002869542,-0.2007097226512542,0.0036037023400918855,-1.0,1.0,0.24353247208162462,0.8587562294835231,0.06289647117936667,0.3767565098455789
323,offset_drift,2,medium,waviness,0.4090691399909819,1.4715161136778976,1.635834763286121,0.7338477124198705,0.22156792380005944,-0.512279788619811,0.512279788619811,-0.08175107974545437,-0.0017008691287205835,1.0,1.0,0.22696564056940463,0.39598817273746867,0.033210704728944995,0.24718568389313944
323,offset_drift,3,high,mixed,0.2546256412998074,2.0703665905572013,1.9433867565004221,0.7406116040049677,0.6484409827880612,-0.09217062121690656,0.09217062121690656,-0.026858355560621217,0.0010262220364047892,-1.0,1.0,0.49764886979000134,1.261276335904809,0.1976748754150073,0.6146095845511592
323,offset_drift,4,low,twist,0.38341789505597407,2.3900119418350982,3.4502936365112533,0.7358115374995856,0.6988087435384784,-0.03700279396110717,0.03700279396110717,0.7623878963635642,0.0006401003005043204,-1.0,1.0,0.6508820894722614,1.251791651722693,0.1865030176277369,0.7205571589167111
323,offset_drift,5,medium,mixed,0.6746473674095301,1.184934421925572,2.1931801580360495,1.0210564612190058,0.5045856141745773,-0.5164708470444286,0.5164708470444286,-0.7293910958535874,-0.013009080241777937,1.0,1.0,0.32345482004875925,0.670179598170124,0.5623073050836187,0.37803097183826706
327,offset_drift,1,medium,mixed,0.46205203109825893,1.4890123832422155,1.458970683527928,0.6674228527723717,0.5333366050775057,-0.134086247694866,0.134086247694866,-0.25344923661754937,-0.03306524235204389,1.0,1.0,0.388639520320431,1.1812935675312985,0.02374577661392588,0.5523294573780906
327,offset_drift,2,medium,mixed,0.33234085365991933,1.628389439253181,1.4200725525684736,0.7531542613417755,0.7461612185086652,-0.006993042833110308,0.006993042833110308,-0.5880190195693236,-0.016975293412796466,-1.0,1.0,0.6247001085011249,1.1015381969722142,0.5393028469288339,0.6649887278801335
327,offset_drift,3,high,waviness,0.5106677264001265,1.8541301850603888,1.8052077672111053,0.7594328937841026,0.3864363817283403,-0.37299651205576234,0.37299651205576234,0.8862121684130306,0.039836276373720114,-1.0,1.0,0.3285867211500196,0.6760227051571924,0.15597144956031256,0.38262118968082903
327,offset_drift,4,low,mixed,0.607079188049952,1.7839139811026685,3.181466167982894,1.7555951315985057,1.492712140970328,-0.26288299062817777,0.26288299062817777,-2.5,-0.0014867066620487535,1.0,1.0,1.9163123590644806,2.2562459294592103,0.16041153420239862,1.9282119415250099
327,offset_drift,5,medium,bend,0.7710998642429199,1.3343861301481241,2.5762253926477072,1.3558262867764401,0.5468000774383907,-0.8090262093380495,0.8090262093380495,2.5,-0.007584458456724841,-1.0,1.0,0.5601637481222532,1.0250402341131242,0.028037761378635118,0.6282755435418695
329,offset_drift,1,medium,mixed,0.27597717257423143,1.1677757991961615,1.3588024323216696,0.5163478423824859,0.4691752852790069,-0.04717255710347895,0.04717255710347895,-0.3179788131285224,0.01967683295990974,-0.9604354105527082,0.9604354105527082,0.32489644372228865,0.9505014102602406,0.13974486925595148,0.44632468307462775
329,offset_drift,2,medium,tilt,0.5326062545469219,2.259064242968106,1.9630390292585465,0.8281618972529233,0.889117371745898,0.06095547449297467,0.06095547449297467,-0.06714603412510556,-0.02694589179644491,-1.0,1.0,0.5561670361324225,1.804850904817401,0.331455052009885,0.8137547385798546
329,offset_drift,3,high,mixed,0.8732513484386321,1.6792964401132946,3.0324832734570606,0.9399346095339947,1.108332668461235,0.16839805892724025,0.16839805892724025,0.6853843705521587,-0.0634916902290108,-1.0,1.0,0.948378491463455,1.62057123947914,0.7766844437308447,1.0464241605920297
329,offset_drift,4,low,twist,1.0272295863306213,1.387027549437216,2.4307715295757073,2.076529424461204,2.1111155929151475,0.03458616845394369,0.03458616845394369,-2.5,0.15417655390059082,1.0,1.0,1.6278145177622856,2.8885292262899624,1.9142105460328116,1.8194930588962963
329,offset_drift,5,medium,twist,1.153111939497019,1.3926310841156564,2.132548298185839,1.3788373891703298,1.0538424600187954,-0.3249949291515344,0.3249949291515344,0.5610832206094969,-0.0889749209816526,0.2865287028488841,0.2865287028488841,0.81463894070485,2.0043443683023137,0.36130397491518834,0.997562748420897
335,angular_drift,1,medium,waviness,0.2685360647665036,1.1733104436596478,1.3125740351361865,0.4783055448582531,0.6137349576474641,0.135429412789211,0.135429412789211,-0.08410190897686665,-0.005938879116813567,-1.0,1.0,0.40111473211141324,1.0841019089768666,0.38432749771292785,0.5287171600710185
335,angular_drift,2,medium,bend,0.542728844190104,1.1915258567576184,0.6229562161525976,0.7494192602989987,0.7508497621261864,0.0014305018271876246,0.0014305018271876246,0.3652517949889793,-0.05464260485204697,-1.0,1.0,0.5389924892067209,1.639555063645299,0.08138566540906009,0.7286979664786246
335,angular_drift,3,high,mixed,0.6214414571838726,1.5944151546685055,1.8045202753034666,0.969228330874481,1.0094887395056837,0.040260408631202727,0.040260408631202727,0.8401717595347584,0.03389966447658166,-0.3868803723261499,0.3868803723261499,0.9239308145732651,1.4686801150752353,0.6378306833645655,1.0035625560176402
335,angular_drift,4,low,mixed,1.0779660305327792,1.330142011047324,0.574570206711684,1.0322908354839018,0.8672493134781873,-0.16504152200571442,0.16504152200571442,-1.0785159884968114,-0.03275099616107102,1.0,1.0,0.5000442884528105,1.2963366696839769,0.8902173040787464,0.6126983481352721
335,angular_drift,5,medium,offset,1.5674361781452575,1.6165538904193326,1.5645408254143922,1.0196539953328747,1.0671937666465592,0.047539771313684476,0.047539771313684476,0.4891520621400369,-0.08288297267637867,-1.0,1.0,0.69284058050588,2.433252381111931,0.06838397945126654,1.0885068432583607
337,angular_drift,1,medium,mixed,0.5651933809167117,1.1354417680768814,0.8345100951730469,1.561649880747286,1.7213052026206426,0.15965532187335651,0.15965532187335651,1.310298144698832,0.0008499941890540708,0.9160195951864782,0.9160195951864782,1.7272066083185165,2.431068392559277,0.9838960364868294,1.7865389141125576
337,angular_drift,2,medium,mixed,0.9120535974783058,0.9772497362878937,0.8741283301114661,1.069064376600155,0.5097910488626469,-0.5592733277375082,0.5592733277375082,-1.4452122232319526,-0.12723849881668814,-1.0,1.0,0.3138355122561578,0.521031173024789,0.7488578612345806,0.34673684907988755
337,angular_drift,3,high,mixed,0.672466306869653,1.577310659889893,1.9579411361183274,0.7362691329711026,0.4660587903728707,-0.27021034259823196,0.27021034259823196,-0.15924184682373932,0.06688458048300872,-1.0,1.0,0.3189080932132658,0.9548696413247355,0.14015753094214783,0.4187821072882596
337,angular_drift,4,low,mixed,1.168442025190518,2.1809933620438238,1.6561363448847084,1.8680095304006652,1.7926417558403764,-0.07536777456028876,0.07536777456028876,-2.430117651784629,-0.00033129443945312254,0.9388233619182023,0.9720470607138516,2.103179914649093,2.6051361743910677,0.5626213479282689,2.1136052474984774
337,angular_drift,5,medium,twist,1.3845979478671082,0.8604161420192286,0.709899831846585,0.8668962602200274,1.0568601965899938,0.18996393636996634,0.18996393636996634,1.4068226872721992,-0.03492250901211835,-1.0,1.0,0.9884429714937369,1.7424242970521542,0.4410889996806937,1.0527331612201825
343,angular_drift,1,medium,waviness,0.2710207392216149,1.3314162648182977,1.3528027960046316,0.4650645007674899,0.5762113958575779,0.11114689509008796,0.11114689509008796,0.018216859648816808,-0.004052986260774771,-1.0,1.0,0.350318556063042,0.9983174444803753,0.41724253764387054,0.4644783440139151
343,angular_drift,2,medium,offset,0.8117625171604789,1.1525281223471997,0.2834894462436722,0.8271248210470412,0.567901589859467,-0.2592232311875742,0.2592232311875742,0.274133393931451,-0.04189267068391089,-0.549515372440997,0.549515372440997,0.6003101480234442,0.9016593004955207,0.17405786401219192,0.6509339610012
343,angular_drift,3,high,mixed,0.7609039697131926,0.7062551030106279,0.32716458643625906,0.7447109876142529,1.150565264676442,0.405854277062189,0.405854277062189,-0.5557973820178843,-0.02668409092544244,-1.0,1.0,0.7335672933703711,2.3049775567338586,0.4551820132221632,1.0244720567852412
343,angular_drift,4,low,twist,0.959358542270307,2.5986716939461894,2.303460471144985,0.9414968333206574,1.2097100919545434,0.268213258633886,0.268213258633886,0.9085079866421362,-0.003115098719555398,-1.0,1.0,1.113350065417825,2.4750098819934774,0.021570249906163408,1.2673103275930357
343,angular_drift,5,medium,mixed,1.0428387355588424,1.5585661702837568,2.041893510061966,2.179499620413543,2.2428219243012935,0.0633223038877504,0.0633223038877504,2.5,-0.0028821567452819163,-1.0,1.0,2.4840198535856715,3.972911369001257,0.08842736267709661,2.792143487220862
358,angular_drift,1,high,bend,0.29080721556625067,0.6335529355755982,0.5561107947092233,1.7270600888545846,1.6313292024121486,-0.09573088644243599,0.09573088644243599,-2.5,-0.02282832597229878,1.0,1.0,2.093446268178998,2.5446056535895836,0.0895510205322898,2.1304831972188745
358,angular_drift,2,medium,tilt,0.7438802093706136,2.09180804473903,2.1852946103813893,0.827969271527556,0.8885787933760483,0.06060952184849233,0.06060952184849233,1.4073741842123382,-0.03193404095640173,-1.0,1.0,0.9838816841907263,1.2776277972198586,0.37000396286439363,0.9912476009355471
358,angular_drift,3,high,bend,1.0341523960910788,2.7258439853732233,2.5767624767088266,1.376799565029019,1.0304166911954749,-0.34638287383354416,0.34638287383354416,2.5,-0.05083499429987781,-1.0,1.0,1.3503277050663884,1.5967492056126857,0.029253803159314806,1.375174770439583
358,angular_drift,4,extreme,bend,1.3196958214808627,1.1768111206409357,0.8469450812795852,0.8811802554525034,0.7001150033302879,-0.18106525212221558,0.18106525212221558,-1.5410254844100586,-0.02211079731630483,-1.0,1.0,0.435387416444841,1.5956353230671056,0.07282045682366167,0.6896204442960544
358,angular_drift,5,low,bend,1.595506542569506,1.7486386636301516,2.0318824727459175,0.8435327318697242,0.9656877153602258,0.12215498349050158,0.12215498349050158,0.8211571405375082,-0.009854820177060963,-1.0,1.0,0.8344857194458875,1.6888268196907794,0.3888018883963273,0.9205338710032749
371,angular_drift,1,medium,offset,0.36045763377787066,1.4357595215240466,1.4911854878608226,1.8201684605164052,1.8590690523491276,0.03890059183272232,0.03890059183272232,-2.4962249983012836,-0.01653495836995411,0.9632045721870326,0.9984899993205134,2.4013195237844984,2.787702995285512,0.19939101930296088,2.42544990837236
371,angular_drift,2,medium,mixed,0.8961303040944735,1.3521266439512099,1.751280108458276,0.9656996192352644,1.2650215565687644,0.2993219373335,0.2993219373335,1.5529011684020864,-0.05498660660658383,-1.0,1.0,1.6040185780784828,1.8043303448918435,0.2723261125635772,1.6081904590859315
371,angular_drift,3,high,waviness,1.1230838785253694,2.507751673656826,3.8582588138499827,0.7905705161014462,0.7209384604069982,-0.06963205569444808,0.06963205569444808,1.3826670716174396,-0.03357331351860737,-1.0,1.0,0.5304297861441087,1.285867237230251,0.37031054878175595,0.6495618876016347
371,angular_drift,4,low,waviness,1.3678087067894475,1.5835123092017358,3.6500898312956442,0.9160995827749943,0.9778548128033736,0.06175523002837935,0.06175523002837935,0.547002286821745,-0.040532466282076074,-1.0,1.0,0.5941532371628908,1.802418617580154,0.5897551648174267,0.8195670693523225
371,angular_drift,5,medium,mixed,1.177167461040801,1.3080582800584462,2.4821225886313787,1.0326002213936583,1.5041179057715421,0.4715176843778839,0.4715176843778839,0.7724244602727932,-0.04004403277770652,-1.0,1.0,1.0485767816394924,2.0809686102808964,1.479119376493516,1.2151847524737092
373,angular_drift,1,medium,bend,0.2906948001328358,1.181596564703321,1.1050167900456285,1.7369325902541441,1.6209318723617703,-0.11600071789237387,0.11600071789237387,-2.5,-0.02410841176370826,1.0,1.0,2.0922632154136003,2.5334295848092214,0.06720930501494449,2.1306124079044038
373,angular_drift,2,medium,mixed,0.5140542866789488,2.736152565957913,2.757639152305459,0.8930192312581595,1.0656027531914423,0.17258352193328275,0.17258352193328275,1.4576570170173437,0.02973095552172844,-1.0,1.0,0.8224849031275088,1.5076782214627014,0.9306808990034692,0.8734954611333852
373,angular_drift,3,high,mixed,0.32974468123570433,2.2274483456717995,2.203591576315358,0.9580698333717242,0.6416044076865637,-0.31646542568516056,0.31646542568516056,0.7344761891346856,-0.059253522036494255,-1.0,1.0,0.3724851870186402,0.7465974435552236,0.877132008104762,0.427400160829759
373,angular_drift,4,low,twist,0.4880878169750396,1.2712422983950487,0.7932787259786531,0.8707105431695066,0.6547092570296561,-0.21600128613985048,0.21600128613985048,0.22551893419949653,0.01967777076867483,-1.0,1.0,0.4057258437717498,1.514048889293663,0.04570961268496154,0.6506395330454376
373,angular_drift,5,medium,mixed,0.8512727382291406,1.873622945095187,1.9462833265366442,1.7764342520929635,1.8492888751673735,0.07285462307441004,0.07285462307441004,2.5,-0.0013525719715430373,-1.0,1.0,1.8561511584928394,2.8532711605151926,0.7643584925738978,2.0715463169279476
381,angular_drift,1,medium,twist,0.2710261750040353,1.1657082836728228,1.3007868301925276,0.5110484909015485,0.46930924392377477,-0.0417392469777737,0.0417392469777737,-0.325530116865715,-0.00119645569310034,1.0,1.0,0.29989510213947035,0.6757640673420489,0.4670984013486045,0.36481972674737667
381,angular_drift,2,medium,mixed,0.5672719389307205,1.3873032173494,1.3202972685280223,1.9886912022347267,1.4710581596592676,-0.5176330425754592,0.5176330425754592,2.5,-0.054263241951964636,-1.0,1.0,2.094887658075632,2.1023364583176813,0.008006375873382598,2.0948901197925873
381,angular_drift,3,high,bend,0.8353488164119776,2.9294905284598762,2.5722170454970104,0.9828855778134747,0.8251228592847223,-0.15776271852875245,0.15776271852875245,-1.6750322298571354,-0.016957659999000896,1.0,1.0,0.76896784551221,1.4965259483984616,0.20001985936566213,0.8546876330182214
381,angular_drift,4,low,waviness,1.1038391014029356,2.059967125141572,2.906694755769142,1.3965245452852797,1.725418086863185,0.3288935415779053,0.3288935415779053,-2.457401508358821,0.029153519700159336,0.9822605500899233,0.9829606033435285,1.389089385483702,2.632172302000024,1.1968253031410108,1.5999198967576407
381,angular_drift,5,medium,waviness,1.3694164646670275,1.6758742469309513,2.7378247301180973,1.1817830309158883,1.2028299237952826,0.02104689287939432,0.02104689287939432,1.0898777261857449,-0.12770367159304952,1.0,1.0,0.93626136687958,2.165432411654361,0.5440474313042607,1.0910756084382227
403,angular_drift,1,medium,offset,0.563669456884655,0.9511486456824623,0.6964075958252378,0.624951744089104,0.45906773122764155,-0.16588401286146248,0.16588401286146248,-0.012016244159407385,-0.0051581876184314535,-0.5947355397182351,0.5947355397182351,0.32636947906217334,0.6779689768785594,0.39795313493001594,0.3838025396641695
403,angular_drift,2,medium,bend,0.8178503268314166,0.8886960749663495,0.7888662277004277,1.8306504578945293,1.86997014495327,0.03931968705874067,0.03931968705874067,-2.5,0.007403031835504281,0.39088504442784333,1.0,2.0116461199147357,2.528508268144708,1.0151409083590144,2.033815560277325
403,angular_drift,3,high,waviness,1.0496759836918117,1.2728335431659077,1.5932615299191484,1.0152558176957311,1.315348400134754,0.3000925824390228,0.3000925824390228,1.115680790358946,-0.042555116942700755,-1.0,1.0,1.1937749297798568,2.005471341215893,0.7603943601146758,1.2745621080162646
403,angular_drift,4,low,mixed,1.320470673532462,1.1711922304448343,1.6156968319481242,0.9127259266070157,0.9323203580247679,0.01959443141775219,0.01959443141775219,1.0348074082507668,-0.049098978575064844,-1.0,1.0,0.5789406364025469,1.8645793129011667,0.39143580740137157,0.8183363101324221
403,angular_drift,5,medium,waviness,1.5777069061933384,1.4411380454970706,1.9547590210521268,1.1451174183734052,1.2835321291125164,0.13841471073911116,0.13841471073911116,0.8559834782278086,-0.09996847288869182,-1.0,1.0,0.9766827903490427,2.059588642860008,0.8653644706653489,1.1304135795019656
422,angular_drift,1,high,tilt,0.20929132774432938,1.2391911884273115,1.0263514374329175,0.49011080572134325,0.5823027001277377,0.09219189440639441,0.09219189440639441,-0.13040347701786592,-0.010309955551857097,-1.0,1.0,0.42821307724193297,1.130403477017866,0.1972285901244843,0.5554915681245277
422,angular_drift,2,medium,twist,0.48007244785071107,3.4739878247324723,2.9500319533160626,1.667912022022656,1.785680753771469,0.11776873174881297,0.11776873174881297,2.5,0.0052546823224119965,-1.0,1.0,1.7766830500128787,2.757717104931269,0.7769205906045156,1.9228453010687037
422,angular_drift,3,high,twist,0.7545903397374144,1.6265293651138601,1.3759844301517146,1.02595010905483,1.1969721557659696,0.17102204671113963,0.17102204671113963,-1.1720592359318656,-0.12686229970346408,-1.0,1.0,0.9979236566012614,1.6737337669052836,0.949267361662836,1.1069472021515538
422,angular_drift,4,extreme,tilt,1.575443455335432,1.5163876825071145,0.9505801879863386,1.3880673443337694,0.8328340346164078,-0.5552333097173616,0.5552333097173616,-0.8698602066206031,-0.004242931303955588,1.0,1.0,0.5375034600779011,1.5435939735258868,0.45917714962350353,0.7075165964822052
422,angular_drift,5,low,mixed,1.8965852668088505,3.4636347078674925,3.394937300828711,1.038707594009057,1.069420896674893,0.03071330266583594,0.03071330266583594,1.4749830044188572,-0.043308760144774805,-1.0,1.0,1.1956659681467494,1.7444239861130497,0.1912770387323648,1.3001079877724384
433,angular_drift,1,medium,mixed,0.12653521082299007,1.2616558090318206,1.1880319785886273,0.6230862857121093,0.486881195995845,-0.13620508971626433,0.13620508971626433,-0.1342702706456067,-0.00920770801036963,1.0,1.0,0.29913495753754077,0.8946535921818575,0.2939596705671366,0.4055672990988457
433,angular_drift,2,medium,mixed,0.33331728302737307,1.3209060707879199,1.259217561781736,0.8055685843422069,0.29099421450928703,-0.5145743698329199,0.5145743698329199,-0.1577231975315625,-0.03602068087868604,-1.0,1.0,0.13590971782487596,0.3440171182955586,0.4346587409858972,0.16618541377387527
433,angular_drift,3,high,mixed,0.6727068337302712,2.571052157781752,2.1135257982315916,0.6176727176416867,0.33745062401907905,-0.2802220936226077,0.2802220936226077,0.22598063448574024,0.000294592319102005,-1.0,1.0,0.2544453142877339,0.7028094434866969,0.05846335748403522,0.32735189441539253
433,angular_drift,4,low,mixed,0.9161686941917271,1.0980768509130416,2.9698833523389254,0.698041749259612,0.7818293218588115,0.08378757259919944,0.08378757259919944,0.07472900127622095,-0.010808074044987848,-1.0,1.0,0.5142373634188142,1.5142025687985794,0.3578073699126644,0.6595513121979407
433,angular_drift,5,medium,mixed,1.5562563369493014,2.1142248523117977,0.5735410701042263,1.0930293214417965,1.1764190856236967,0.08338976418190014,0.08338976418190014,-0.3953377637189508,-0.04717938835728486,-1.0,1.0,0.7649474741964623,2.4596216917356792,0.34541482972293536,1.0542388692717364
463,angular_drift,1,medium,mixed,0.4666244671340083,2.5965861685928813,2.4762390954502402,1.7698571696674814,1.991391488821539,0.22153431915405752,0.22153431915405752,-0.7214414542596812,0.13409974194351593,0.22135633790107834,0.28857658170387246,0.8317426625384707,2.2975133771547678,3.1522190434939565,1.0694896386538044
463,angular_drift,2,medium,mixed,0.7368651953252019,1.0072719704281365,1.2858345642302278,0.8498340546234314,1.0910893786011233,0.2412553239776919,0.2412553239776919,-0.14672318402216478,-0.15402028714632343,-1.0,1.0,0.9429019699074771,1.4076548553558075,0.9520319353827855,1.0031275040730228
463,angular_drift,3,high,bend,1.03670238538854,1.362108862351695,0.7055461199248902,0.9614027451702706,0.7254862408704442,-0.23591650429982636,0.23591650429982636,1.1696663133352398,-0.03823623296621803,-1.0,1.0,0.4646063252583575,0.9962145456081253,0.7726641700445096,0.5544072859714658
463,angular_drift,4,low,offset,1.3190823435207555,1.4739146060624486,1.2981645677117666,2.155012857162539,2.121140266878519,-0.03387259028402001,0.03387259028402001,-2.5,-0.10586766629428923,0.14119031188535192,1.0,2.333162178032343,3.354234042572379,0.5870967884598983,2.3879236415913283
463,angular_drift,5,medium,offset,1.6833994954649896,1.4064294432871685,0.8019946370997748,0.9613874326626827,1.5083295448521454,0.5469421121894628,0.5469421121894628,1.057829673049897,0.01039576870941139,-1.0,1.0,1.3567746279401842,3.0611402964848233,0.08232409833664645,1.5825783802364917
467,angular_drift,1,medium,mixed,0.3053830337925357,1.595748909838076,1.4866312550668277,0.49514930256366585,0.5364869538747036,0.041337651311037726,0.041337651311037726,-0.054892830610108856,-0.016475932760505296,-1.0,1.0,0.3561149629511886,1.0248806699698467,0.24548018628962714,0.485442081115048
467,angular_drift,2,medium,tilt,0.3974534418810125,1.678044875645283,1.975963123667029,0.7945510362912404,0.728692252361802,-0.06585878392943834,0.06585878392943834,0.4695696336280215,-0.027573660863440708,-1.0,1.0,0.5669752857360367,1.5553110363418252,0.06960169375344627,0.7112584761240955
467,angular_drift,3,high,bend,0.6857116547531842,2.3078113901907056,0.6720317324744411,0.9381870033228894,1.117901006513907,0.1797140031910176,0.1797140031910176,0.860426796013336,0.013917348889114,-1.0,1.0,1.0504016165450043,1.6352473720608847,0.6612823648381163,1.1382160048070544
467,angular_drift,4,low,tilt,0.9896925538084771,1.8737223200114104,1.700128591230941,0.9750869738525216,1.4880980807374604,0.5130111068849388,0.5130111068849388,-0.6154738633825383,-0.06426354631026521,-1.0,1.0,1.1166984073238413,3.2453565726359015,0.11451178442411236,1.4512805142230396
467,angular_drift,5,medium,waviness,1.2559125566576352,1.263363984288765,0.7767038612276216,0.9675917999414403,1.6400491075214845,0.6724573075800442,0.6724573075800442,1.060483229534582,-0.038972188961166276,-1.0,1.0,1.6138286594421025,3.1848733431013194,0.07770084200711747,1.771282541563227
468,angular_drift,1,high,mixed,0.391403815019544,0.5125218308652976,0.5671655318761213,0.5400332220222218,0.415963533552527,-0.1240696884696948,0.1240696884696948,0.25289011117851246,-0.007508591328644121,-1.0,1.0,0.2976701571538113,0.6187872560536314,0.35693085092871996,0.3394705431167823
468,angular_drift,2,medium,waviness,0.6247308855413476,1.6474376360876555,2.0392701781409217,0.7478210979219474,0.6370240669625071,-0.11079703095944027,0.11079703095944027,0.0761994489688087,-0.01845404182453847,1.0,1.0,0.5335773275849239,0.8768649038049271,0.5228275422028136,0.5704313488470784
468,angular_drift,3,high,mixed,0.7936297524646936,1.7338543656268308,2.8245625087286816,0.6895013609673772,0.5287320085081179,-0.16076935245925938,0.16076935245925938,-0.6878183194381755,-0.0517504818761112,-1.0,1.0,0.4572181875164193,1.1120157195887637,0.010882159013603787,0.5469718867248179
468,angular_drift,4,extreme,tilt,0.693102138771031,1.4550641736839693,1.8188421614074142,0.7234974541024769,0.952509685099397,0.22901223099692014,0.22901223099692014,0.7691428989539002,-0.044332906207623646,-1.0,1.0,0.5758393493915599,1.3702781673748197,0.9899505989616271,0.7168925038099522
468,angular_drift,5,low,mixed,1.1040780371259786,1.434872270768539,1.1337859177948582,1.0578994740527279,1.0701116434061146,0.01221216935338676,0.01221216935338676,0.733473920652906,-0.013344369929652933,-1.0,1.0,0.9290086854927014,1.8167126309968644,0.47731116336277224,1.0320189945041323
476,angular_drift,1,high,mixed,0.15436562495135248,1.0786839184587724,1.1512069182365654,0.5984394321697084,0.3395249630867622,-0.2589144690829462,0.2589144690829462,0.15803024904362628,-0.003566000717935891,-1.0,1.0,0.2572434091034592,0.7128016694905025,0.053540855758675426,0.32449182780971053
476,angular_drift,2,medium,bend,0.35646903218950204,1.4276537294115899,1.838160618763041,1.2977755433299092,1.0876322777789684,-0.21014326555094076,0.21014326555094076,1.0675749128432477,-0.04051698313586538,0.9248883602418712,0.9248883602418712,1.3455267556243629,1.5557527969551093,0.2727152397792161,1.3543384007136203
476,angular_drift,3,high,bend,0.7417845114298518,1.053333617558742,0.8303810159499372,0.9604306848835135,0.5474841033351338,-0.4129465815483797,0.4129465815483797,-1.7568208776576788,-0.005357352627654022,1.0,1.0,0.44478094682428226,1.0807640778411522,0.12176180995582597,0.5329205294875559
476,angular_drift,4,extreme,waviness,1.0013529930281642,1.1616071477131216,1.2502876963587222,0.9483479547180059,0.7759978754096811,-0.1723500793083248,0.1723500793083248,0.3986339790524287,-0.08319118588347996,-0.6836719541598988,0.6836719541598988,0.5166012789776114,1.0389240232529184,0.8422188201349379,0.5667463870004082
476,angular_drift,5,low,mixed,1.2328993788040827,1.0533037411975192,1.3776937304061432,0.8420956129582179,0.743145566102106,-0.09895004685611186,0.09895004685611186,-0.5725887190505645,-0.009345440398341953,-1.0,1.0,0.5546159335181567,1.186740959745749,0.5173470340308964,0.6553438791366545
483,angular_drift,1,medium,mixed,0.2966101187756584,2.0343087632693893,2.129307296924724,1.7612315332319348,1.651230129765325,-0.11000140346660991,0.11000140346660991,-2.5,-0.019320136278457634,1.0,1.0,2.1299156936421433,2.503799030547821,0.15078048977707104,2.1588156557521447
483,angular_drift,2,medium,waviness,0.5630712410989405,1.3080738518591302,1.0031072622152253,0.8406323604870397,0.9746094560575715,0.13397709557053183,0.13397709557053183,1.3989493792510044,-0.004387180190638995,-1.0,1.0,1.0287759146152056,1.310724384571329,0.562190242972973,1.0410229340971933
483,angular_drift,3,high,mixed,1.4607355171612344,1.1840642826130148,1.4029050662554987,0.7809028881461597,0.9945248126221844,0.21362192447602468,0.21362192447602468,0.8545046844300015,-0.037672244523727416,-1.0,1.0,0.5975310060438699,1.0530059181286457,1.4499921164102618,0.6436610044735127
483,angular_drift,4,low,mixed,1.6078401139643137,1.1939752915985007,1.4249288081392566,0.9781678159224345,0.9215974295929357,-0.056570386329498845,0.056570386329498845,0.40377451120328,-0.08725619930392137,-1.0,1.0,0.5867553263988032,1.904918547619581,0.2956904238612497,0.8538814022904557
483,angular_drift,5,medium,tilt,1.991058413357631,1.5943642093783605,1.664790285909405,0.8620558587627315,1.0581195056416137,0.19606364687888223,0.19606364687888223,0.7440259192152561,-0.0620368863364269,-1.0,1.0,0.9168707477390832,2.1605225524910123,0.09545641441542774,1.0626459124795702
488,angular_drift,1,high,offset,0.30616398339232026,1.7269439265253448,1.5232482233529132,1.8791183758062004,1.947969284025462,0.06885090821926165,0.06885090821926165,2.5,0.0038293066265928655,-1.0,1.0,2.2940086590698403,2.8690556532935787,0.5548145013524652,2.3260563991069674
488,angular_drift,2,medium,mixed,0.4854878182521311,1.927397696134523,2.079043932484746,1.3853048124515277,0.4871980956805602,-0.8981067167709675,0.8981067167709675,-2.4691997637170946,-0.0031903586042139054,0.8894761857328235,0.9876799054868378,0.2310955110112874,0.45273749067173763,0.8553945692461407,0.25429824401810536
488,angular_drift,3,high,offset,0.7417227023034706,1.5338025213610602,2.364064957893497,0.5992363332587347,0.44460097551737293,-0.15463535774136178,0.15463535774136178,0.2507320483654274,-0.06667497088720742,-1.0,1.0,0.32451671147886113,0.8456208573827818,0.1796767658529284,0.39656675103001565
488,angular_drift,4,extreme,waviness,1.0066170564492567,1.25673080328543,1.2110477807371676,0.7597218423990512,0.3128442163228153,-0.4468776260762359,0.4468776260762359,-0.01421247272458892,-0.02532225848547931,1.0,1.0,0.2226306050586769,0.5060458591752203,0.22570044501552342,0.2653114354798907
488,angular_drift,5,low,offset,1.3416947851538519,1.278185744807404,1.495605403217594,0.6813258327988219,0.5897780802851912,-0.09154775251363068,0.09154775251363068,-0.22628372250527784,-0.0383341916273614,1.0,1.0,0.500143627058067,1.2190263112469264,0.04462297774607624,0.6064020546987026
501,angular_drift,1,medium,twist,0.27098064853058607,0.8892453762004847,0.8056675430400879,0.515011731122826,0.6772744141212366,0.1622626829984105,0.1622626829984105,-0.011314500899374025,0.010009378748109476,-1.0,1.0,0.413946382665788,1.0143943884790605,0.6626771095613133,0.4996904990938794
501,angular_drift,2,medium,waviness,0.5370774565489251,1.3968578061018295,1.294537557939243,0.7404525293771969,0.8107171018888589,0.07026457251166207,0.07026457251166207,0.3173028167569347,-0.05625436246454285,-1.0,1.0,0.5739714128012203,1.705648641387817,0.16883344300953051,0.7618105272928856
501,angular_drift,3,high,mixed,0.859037020244496,1.5349563935012291,1.970945322421131,0.9036877620151017,1.1306426955782114,0.2269549335631097,0.2269549335631097,0.7008614491873311,-0.019737910362058075,-1.0,1.0,0.9226497264810949,2.1770056442714454,0.3123223986511391,1.070493647571075
501,angular_drift,4,low,mixed,1.0400744118980154,2.765054161589187,4.135804378627689,2.1281513057991606,2.382000565379804,0.2538492595806434,0.2538492595806434,2.5,-0.08336650238697985,-1.0,1.0,2.309733045448563,3.9469927099357873,0.8116959720619761,2.614740471459061
501,angular_drift,5,medium,mixed,1.0930517943132616,2.1808551646986856,5.7487382519083745,1.3911348268641333,1.0490826697858704,-0.34205215707826286,0.34205215707826286,-2.5,0.058634223199907964,1.0,1.0,0.9510366509200742,1.8206403964683662,0.3761666769523251,1.047295524836409
504,fixture_drift,1,high,mixed,0.8651175284069309,1.074686171809841,0.7289961214539318,0.8153870856685862,1.0042620277062655,0.1888749420376793,0.1888749420376793,-1.2701284498502945,-0.009965312769705914,1.0,1.0,0.5432228387698923,1.4255549390791795,1.149189328072585,0.6887189592976858
504,fixture_drift,2,medium,mixed,0.6963493124890227,1.955737444931355,1.8787637159091872,1.0967208173102763,0.41339540167703304,-0.6833254156332432,0.6833254156332432,0.37496329115429994,0.04617191588015457,-1.0,1.0,0.4117780690689569,0.7993317149542627,0.009866888904436322,0.4710239979873626
504,fixture_drift,3,high,mixed,0.5966467010157258,1.1973552009753812,2.4483674631616332,0.7037119845546816,0.6182894296819919,-0.0854225548726898,0.0854225548726898,0.319798434858356,-0.011487145272878418,-1.0,1.0,0.6428499481020743,0.9848415326933911,0.21035539825732197,0.668753659661556
504,fixture_drift,4,extreme,tilt,0.636508070891267,1.1351061751647622,1.5249601262926653,0.7342936404112171,0.583928199476224,-0.15036544093499316,0.15036544093499316,0.7323275640691698,0.03243741295564351,-1.0,1.0,0.31208848428246555,0.9441896175888269,0.5519301543258834,0.41465722617071205
504,fixture_drift,5,low,bend,0.7828474051137029,1.0420770734248253,0.6761055002306178,0.7655805302050627,0.7532869106919103,-0.012293619513152332,0.012293619513152332,0.22886667946220918,-0.052852173157603266,-1.0,1.0,0.5143449843351872,1.412594879830917,0.3705145457456921,0.640505877183716
510,fixture_drift,1,high,mixed,0.4063917713808116,0.6339160820358356,0.18691045405375645,0.5672372053090764,0.6341419197302472,0.06690471442117085,0.06690471442117085,0.004878793328486175,0.007390908929097995,-1.0,1.0,0.39603192137180715,1.0645119939956125,0.4884122246582822,0.4945507772253665
510,fixture_drift,2,medium,mixed,0.4464972605959246,0.8982137526566111,0.8195285132988386,0.7178940142426501,0.8125378598775169,0.09464384563486683,0.09464384563486683,0.8518382708751524,-0.008316388187529222,-1.0,1.0,0.6366776845882407,1.2014426762323362,0.6335605814239615,0.710335772041554
510,fixture_drift,3,high,offset,0.9220018059567369,1.2213526415369818,1.5507295932570657,0.8869405607445604,1.015768593345177,0.1288280326006166,0.1288280326006166,-0.5178475411710373,-0.00790528747288688,-1.0,1.0,0.8090792416620699,1.502588389052514,0.7715338770180151,0.9080814102539744
510,fixture_drift,4,extreme,mixed,1.0168534813095114,1.3856080523128587,1.0670276682645927,2.1314500487771517,1.7124700018819117,-0.41898004689524004,0.41898004689524004,-2.5,-0.0378366995322148,1.0,1.0,1.671627223921648,2.5200446561908816,0.9377421990708275,1.7364577812690467
510,fixture_drift,5,low,mixed,1.0825623653607004,1.3920900493429342,1.8384855210558009,0.8389789380191581,0.9877369590553552,0.14875802103619706,0.14875802103619706,1.281262172942505,0.008621874627636306,-0.6220531335966157,0.6220531335966157,0.5804444003260094,1.6651713516565,0.7878855038769705,0.776865822975112
526,fixture_drift,1,high,twist,0.12908975144600882,0.5232203102890963,0.4163718672752452,0.4806903960442193,0.4242608418546087,-0.0564295541896106,0.0564295541896106,-0.11008756529721131,-0.00827541990924896,-1.0,1.0,0.2793130090642659,0.8588712580566785,0.14443332540582518,0.3947556409657781
526,fixture_drift,2,medium,mixed,0.47648521017585543,2.1088155884907698,2.0427719147251167,0.7316656792467711,0.5090519680927944,-0.22261371115397666,0.22261371115397666,0.378466508792493,-0.00507401736852886,-1.0,1.0,0.4584019933484798,1.000259341146287,0.0661277186881929,0.5161525213790648
526,fixture_drift,3,high,mixed,0.9615903948433752,1.506959904543383,1.5985538485698754,0.891276401452718,0.8379457079051406,-0.05333069354757747,0.05333069354757747,-0.15756844896295474,-0.02381678179717084,-1.0,1.0,0.6878965072967481,1.413377200988415,0.43278370801157356,0.7772848301611969
526,fixture_drift,4,extreme,bend,1.308819569417724,1.5402523236942074,2.765440302745788,0.9530287000637964,0.9856960866865592,0.032667386622762806,0.032667386622762806,-0.5117677326800851,0.02775507875090044,-1.0,1.0,0.6800001255562415,2.239844899082115,0.05163383823314746,0.9425242782510795
526,fixture_drift,5,low,mixed,1.3874174607332332,1.0544646643076496,2.0167888794669295,1.2565937776061769,0.9861920704805396,-0.27040170712563727,0.27040170712563727,-0.14978472013318234,-0.06456119952545447,1.0,1.0,0.6040211120191151,1.2102946932422034,1.2476715583703157,0.6759586139104934
538,fixture_drift,1,high,mixed,0.32511839744208476,0.8520409948397278,0.7599245530852085,0.6289979233572034,0.6138309855014711,-0.01516693785573231,0.01516693785573231,-0.0405795382430183,-0.02266364080508687,1.0,1.0,0.4885169773736074,0.9740849066769226,0.3955551731681367,0.5638386833587118
538,fixture_drift,2,medium,waviness,0.32748612149346745,1.06391413244444,1.0845300583544757,0.8249325763802068,0.7566213645904103,-0.06831121178979649,0.06831121178979649,0.2209137472711582,-0.02366470885532368,-0.42813678160465174,0.42813678160465174,0.4750082089747441,1.0439138394447907,0.8085822827056809,0.5837006525284559
538,fixture_drift,3,high,offset,0.37321999524613003,1.1240784261486865,1.0388000728413522,0.8447663261099488,0.9148375927741459,0.07007126666419705,0.07007126666419705,-0.49559944139947865,-0.019769837348324826,-1.0,1.0,0.34168406030046206,1.3789106459463376,1.1536310507113736,0.5256986568669393
538,fixture_drift,4,extreme,bend,0.7042953128272064,2.3945704559113135,2.224476156463785,0.9575004119782173,0.6812346907088445,-0.2762657212693729,0.2762657212693729,0.7086630548779156,0.031183130058829,-1.0,1.0,0.541285310138146,0.92298982675044,0.6093827063706151,0.5913733773108415
538,fixture_drift,5,low,bend,0.8792614880686362,1.368788852471924,1.4347173666544466,0.7334947618831674,0.5054407102262762,-0.2280540516568912,0.2280540516568912,-0.70133159827549,0.04507720027872564,-1.0,1.0,0.37484079812813503,0.9726158287485362,0.17736301839768776,0.4799481664396853
539,fixture_drift,1,medium,mixed,0.4148769555399534,0.7110766796799957,0.9573515204579113,0.6035865790186922,0.4710060928822168,-0.13258048613647538,0.13258048613647538,-0.08844927386321855,0.014257785909049137,-1.0,1.0,0.2792888542076348,0.7635128581195558,0.4084139645226337,0.3564138982726954
539,fixture_drift,2,medium,offset,0.8498418993715365,1.8672609495873753,2.101064311963238,0.8088173511579283,0.6109702573357875,-0.19784709382214083,0.19784709382214083,-0.05919922821810797,0.003507768306249437,-1.0,1.0,0.45861454350337993,1.054813134222206,0.3471918581049864,0.5278439658661578
539,fixture_drift,3,high,mixed,0.9632503208435448,1.8019454350371404,2.268003249200822,0.91855058792898,0.9205812390128973,0.002030651083917312,0.002030651083917312,-0.12746727853822648,0.034650637816342034,-1.0,1.0,0.5967974034033041,1.9310641055198996,0.26438941556801,0.829059616655332
539,fixture_drift,4,low,twist,1.081387328622372,1.229355071711391,1.0775111615118451,0.904396576902718,0.9893098155967609,0.08491323869404288,0.08491323869404288,0.850335102292183,-0.019218324227312955,-1.0,1.0,1.0298820890674323,1.828601108206524,0.07103363149372366,1.1045476696645695
539,fixture_drift,5,medium,tilt,1.4073166062957396,2.465886768619118,1.8478802716698068,1.0197936376446968,1.6212527481845567,0.6014591105398599,0.6014591105398599,-0.5860499952192835,-0.01506780766226612,-1.0,1.0,1.0049288455101117,3.080046975735901,0.8679904422750534,1.3536286912823703
545,fixture_drift,1,medium,offset,0.35539756642537007,1.7594542282281513,1.750145906482398,1.4784476651814231,1.4337020411842871,-0.044745623997136,0.044745623997136,-1.3080823135496553,-0.09789792561476607,-0.08507158094188372,0.5232329254198621,0.8934423360108597,1.8352474807485333,1.7086427956187968,1.0250225747083062
545,fixture_drift,2,medium,mixed,0.5586299654819664,1.1730692557378686,1.3078170079044964,0.8950723690290341,1.3040478593046663,0.4089754902756322,0.4089754902756322,1.140306650350245,-0.030790038547450882,-1.0,1.0,0.5920896119695146,1.274655506556503,2.246030396817682,0.7021520470155619
545,fixture_drift,3,high,waviness,0.7154182682791566,0.9968484781241378,1.1797267771258038,1.0988401652966926,0.5695002682258219,-0.5293398970708707,0.5293398970708707,-0.23119078339625876,0.0791885327856321,-0.23120104122102092,0.23120104122102092,0.31862902588340014,0.5929490014659613,0.8639288898537264,0.3684819306489561
545,fixture_drift,4,low,waviness,0.8397973872018425,1.1240731922358977,0.8712862270293299,0.8141391370021799,0.8225472267761912,0.008408089774011307,0.008408089774011307,0.30010810871123894,-0.009823898873089876,-1.0,1.0,0.5003574664154694,1.0115707088831134,1.0353882722523113,0.5835229251092303
545,fixture_drift,5,medium,twist,0.9617314712778319,0.9650735698861272,0.40919554586424717,0.9905043889898838,1.3842335096659966,0.39372912067611276,0.39372912067611276,0.1556418559894226,-0.049899332632378224,-1.0,1.0,0.7907669125634589,1.6032810224292866,1.9062961414239437,0.9413028674098983
547,fixture_drift,1,medium,mixed,0.4779045597117112,1.332618711575247,1.209693964460228,0.6603418679662207,0.6988967362619263,0.038554868295705536,0.038554868295705536,-0.17787270562842838,-0.024879417375137436,-1.0,1.0,0.6320091847856918,1.1946450174234113,0.27275333933178714,0.6907447379965929
547,fixture_drift,2,medium,offset,0.4594144472659725,1.971772753200045,1.9421950837119697,0.9014278454258343,0.6367456373916067,-0.2646822080342276,0.2646822080342276,0.9374198308618102,0.011066811080294503,-1.0,1.0,0.5642586596162614,0.8874201496983263,0.4659056327811464,0.6147030476288657
547,fixture_drift,3,high,mixed,0.7971893949833482,1.802133003587022,3.4345888738359225,0.8881503010007815,0.9510992164444624,0.06294891544368086,0.06294891544368086,-0.6071801644287937,-0.029552875895455744,-1.0,1.0,0.7114005333290733,1.4386537115982547,0.7519291451531638,0.8050419942031495
547,fixture_drift,4,low,waviness,0.8795161708569852,1.442330529626321,3.217012628584591,0.9098765412393044,1.328414275886586,0.4185377346472816,0.4185377346472816,-0.16696963249437458,0.08620831064841994,-1.0,1.0,0.8518263117945302,2.457758507096907,0.7526908536693564,1.0973157411834806
547,fixture_drift,5,medium,tilt,1.1484128706056236,1.4569407026806853,2.6658156663079757,1.116649878754569,1.5285254824675885,0.41187560371301957,0.41187560371301957,0.9722138868312187,-0.07314253694243877,-1.0,1.0,1.35797391932448,2.237599083351434,1.0074026462029788,1.476327878039207
549,fixture_drift,1,medium,mixed,0.09230360290099725,0.9897963060847674,0.7623395894689748,0.4935260911004522,0.4488346734963616,-0.04469141760409062,0.04469141760409062,-0.041610718455556306,0.005918607824354272,-1.0,1.0,0.33746516170398067,0.9109257456204716,0.10329919403670591,0.4332764308801414
549,fixture_drift,2,medium,mixed,0.2584855282529677,1.4021927364869897,1.273272778511571,0.602473205003957,0.4977417689266775,-0.10473143607727947,0.10473143607727947,0.639552950677869,-0.008335181779379308,-1.0,1.0,0.4892688027939259,0.974579102792057,0.01558016397850781,0.5391334805733028
549,fixture_drift,3,high,mixed,0.5913842324020281,1.4032661115739316,1.7188744838131136,0.900132612348963,0.8379001957574951,-0.06223241659146794,0.06223241659146794,-0.15896053444041547,-0.013367345270705489,-1.0,1.0,0.7305095756500575,1.5420089899282696,0.2488843554361927,0.8147931945313915
549,fixture_drift,4,low,twist,0.7163461117806645,1.766973802625723,2.542933231512062,1.0754602799851987,1.3273974434233895,0.25193716343819084,0.25193716343819084,-0.2523247925906289,-0.02369407555986336,-1.0,1.0,0.8432894599750539,2.544120210383605,0.6624240107459591,1.1244733909200433
549,fixture_drift,5,medium,mixed,0.8800325190669672,1.2866272223077024,3.409087421486002,1.082467077748489,1.3934330111261133,0.31096593337762424,0.31096593337762424,0.8258916363302564,0.010250006566829839,-1.0,1.0,1.2765061759081697,2.420024409569156,0.4835276458952773,1.394155417143323
554,fixture_drift,1,high,bend,0.2134753697205993,0.9233705231384886,0.8875132582964449,1.8797460854795212,1.7947270522653767,-0.0850190332141445,0.0850190332141445,2.5,0.005109616156871777,-1.0,1.0,2.4238004673265086,2.657587236043677,0.08917962568692683,2.4355685354824312
554,fixture_drift,2,medium,mixed,0.7642792871309092,2.224260527630181,2.8163107999126527,1.1108757118189558,0.9958413605059344,-0.11503435131302142,0.11503435131302142,-2.5,-0.045504573793866854,1.0,1.0,0.8092781918264705,1.2777879414826379,0.9349324971309287,0.8924177137392336
554,fixture_drift,3,high,mixed,1.1415766365901605,1.668657421693622,2.922474103163098,0.9446314010343462,0.9718586481512757,0.027227247116929476,0.027227247116929476,-0.7330062442423202,0.07596891025960284,1.0,1.0,0.7629623963798249,2.010806165739208,0.12518757895219995,1.021718058299059
554,fixture_drift,4,extreme,twist,1.2059757427594882,1.7735055857426074,3.5054057680766877,0.7849958721422298,0.5746759832061569,-0.2103198889360729,0.2103198889360729,-0.7301715294664528,-0.017088695369972928,-1.0,1.0,0.4480098155727926,1.112940468960223,0.17306642896791136,0.5447096915587881
554,fixture_drift,5,low,tilt,1.2766550580017495,1.8614438032272889,4.261712455885964,1.8327290901844115,1.5630108178550466,-0.26971827232936496,0.26971827232936496,2.5,0.005832952807116598,-1.0,1.0,2.0427374717473774,2.3987590130743337,0.08132145417990877,2.061654361545607
556,fixture_drift,1,high,mixed,0.547117003083592,1.3101796552427887,1.1808223223818506,0.6804908502803583,0.8179406555622174,0.13744980528185913,0.13744980528185913,-0.31330703072867383,-0.048498774915892495,1.0,1.0,0.5734151597426099,1.4006911941415652,0.5118456684442909,0.7215504886367762
556,fixture_drift,2,medium,waviness,0.6742086939409742,2.207101445668291,1.4356687638061125,0.7301629918689142,0.5788055942553187,-0.15135739761359546,0.15135739761359546,-0.6149878643261419,-0.011809558621092453,-1.0,1.0,0.2673382333568825,0.8197645657962578,0.7179613525084863,0.3728634875683082
556,fixture_drift,3,high,waviness,0.8282873151738954,2.4684283943745755,1.6965585532871172,0.731683197182936,0.48012130990438584,-0.2515618872785501,0.2515618872785501,0.25500672112783507,0.006162388046149436,-1.0,1.0,0.2535290611608564,0.6266167349125731,0.6104073909029156,0.32955353811482374
556,fixture_drift,4,extreme,mixed,1.0093696663100795,1.4418162692329137,1.4602333215007686,0.7445356411536642,0.908242987387261,0.16370734623359673,0.16370734623359673,-0.13908404315338307,0.003752849548245951,-1.0,1.0,0.5905450708515816,1.6061046012880988,0.5843314558103773,0.7394864900224358
556,fixture_drift,5,low,twist,1.1233166361833504,1.1243744519240684,1.5144956771095053,0.7733061216871251,1.0800148734195978,0.3067087517324727,0.3067087517324727,0.8006878272156124,-0.03118262003619421,-1.0,1.0,0.6854989135878546,1.5106451773538567,1.1285708985742626,0.8260037656480561
571,fixture_drift,1,medium,mixed,0.32014160324299956,1.2427439696462828,1.1524745887194774,0.4897044959694241,0.3611696362696138,-0.12853485969981032,0.12853485969981032,0.3093805735586832,-0.004287567710827167,-1.0,1.0,0.3852771169445383,0.6016424822187555,0.07483217359581329,0.42644104441881664
571,fixture_drift,2,medium,twist,0.4361302426213774,1.2406624825502552,0.6920797196355397,0.5966676640697571,0.5968454658488279,0.00017780177907078532,0.00017780177907078532,-0.26413463093993217,-0.011019578756459314,-1.0,1.0,0.3879512423340445,1.1643689779469892,0.26716010745025615,0.5100136752944096
571,fixture_drift,3,high,mixed,0.8886881007645893,1.6312328369060958,1.5808837312340858,1.0514438102423078,0.9474143629350246,-0.10402944730728325,0.10402944730728325,-0.008745060122615556,-0.002828823375217837,-1.0,1.0,0.5860287852812448,1.6196206555264405,0.7072179598155857,0.7355414274804342
571,fixture_drift,4,low,mixed,1.0712502066468563,1.483016153065052,1.6881597149319447,0.9851734785294644,1.0447705296681387,0.059597051138674306,0.059597051138674306,0.7790378941604033,0.011546442629162268,-1.0,1.0,1.0399853671954793,1.5644828917901594,0.5056945163160038,1.1172169707764583
571,fixture_drift,5,medium,mixed,1.3111035243575158,1.4587782248412315,1.6275997333212044,1.0871125248919056,0.6322091297142841,-0.45490339517762146,0.45490339517762146,-0.9000693272348939,0.030240304990933886,1.0,1.0,0.49352277653807464,1.1196919378033285,0.30292413439906685,0.5736747509214304
598,fixture_drift,1,high,offset,0.5649969804865873,0.9546924190540423,0.976302441876795,0.5924414344698153,0.31625481389515364,-0.2761866205746617,0.2761866205746617,0.8172412934732503,0.002617430390507769,-1.0,1.0,0.22192398384523043,0.6830375701088619,0.04568277828790013,0.3106151422255591
598,fixture_drift,2,medium,mixed,0.4959079128573226,0.7629980023309596,0.36408582803729195,1.858905123204977,1.6790533511971801,-0.17985177200779678,0.17985177200779678,2.5,-0.00383022517161824,-1.0,1.0,2.1800495685224384,2.6505166472913553,0.021167262149186072,2.2353330780828644
598,fixture_drift,3,high,bend,0.4375093528853485,0.9031579740905249,0.8924018365784891,0.966838839984012,0.8478254401212137,-0.11901339986279824,0.11901339986279824,-1.7606088651164953,-0.03184968799084742,-1.0,1.0,0.748624618918847,1.2278143423663233,0.5770492405790888,0.8177897956193606
598,fixture_drift,4,extreme,mixed,1.4428946156377402,1.4484337344652987,0.5885577663053255,2.0502337076336965,2.1147690763658384,0.06453536873214194,0.06453536873214194,-2.5,-0.008609705625986175,1.0,1.0,2.3085701959337457,3.1833097045152368,0.7737034421972346,2.3509407357197327
598,fixture_drift,5,low,mixed,1.4434556720951248,1.5957517275206992,1.8248975347947674,0.9516658221687856,1.308280104400026,0.3566142822312405,0.3566142822312405,1.1812442501773917,-0.04692090229044199,-1.0,1.0,1.240444997966924,2.6501719249369735,0.006107381813284185,1.3926281298487138
606,fixture_drift,1,high,mixed,0.6711736228992957,1.52069250991443,1.8893282666396978,0.7085448621510689,0.6087761396420079,-0.09976872250906099,0.09976872250906099,-0.6994545323807635,-0.003365615015997081,1.0,1.0,0.4496489990631742,1.341558737449338,0.02847667528264053,0.6287081610346215
606,fixture_drift,2,medium,mixed,0.8739369958734389,1.5821252722111372,1.7801892191817643,0.8235254110052717,0.39985805994134677,-0.4236673510639249,0.4236673510639249,-0.3476213837248432,0.00042268841778536625,-1.0,1.0,0.24961627231484412,0.6737081103611988,0.31002950433151943,0.2985189383907809
606,fixture_drift,3,high,mixed,1.0047630674087882,1.085688965328044,0.8207003004405864,0.7315915656796912,0.7083910528043772,-0.023200512875313994,0.023200512875313994,-0.14431534282981673,-0.026291594230170023,1.0,1.0,0.584070808018182,1.3963752426942886,0.14884541279113495,0.6960361375329553
606,fixture_drift,4,extreme,mixed,1.4552954089564936,1.6634647108256326,2.3095499106637734,2.1689626223823684,2.232628359246125,0.06366573686375654,0.06366573686375654,2.5,0.0022659359650012423,-1.0,1.0,2.7108960844436,3.685109095956962,0.12173505871509072,2.773062875114291
606,fixture_drift,5,low,twist,1.5743256336547593,1.770053390915903,1.0884150566328166,1.3051425587015821,1.3903182628959359,0.08517570419435372,0.08517570419435372,-2.0739061813831667,0.008942828483457177,1.0,1.0,1.100601441917354,2.776198411825125,0.2778168614600134,1.439332483351884
613,fixture_drift,1,medium,twist,0.12926157441500316,0.7480794121409063,0.800559514794452,1.746922752401011,1.725681380032663,-0.021241372368348,0.021241372368348,-2.5,-0.018278316535758954,1.0,1.0,2.0731378937683553,2.6540354614285384,0.3190168160930149,2.118243286456905
613,fixture_drift,2,medium,tilt,0.2684158427700852,1.0743459348751654,0.6940641246342123,0.7842985948421654,1.1496849172184576,0.3653863223762922,0.3653863223762922,1.00872103254234,0.04724093536050966,-1.0,1.0,1.2505647213477624,1.7067528095719413,0.4521600439941931,1.2684164474428852
613,fixture_drift,3,high,mixed,0.522101143863624,1.0735534484911409,1.1912288361187486,0.7479331847633072,0.9027643193982455,0.15483113463493836,0.15483113463493836,0.8770528985496027,-0.032450271024716315,-1.0,1.0,0.78273100362162,1.2036299343962513,0.7461559375634661,0.8300925672384434
613,fixture_drift,4,low,offset,0.6191441096892849,1.1068039277220134,0.7695411671953011,0.6878278992400334,0.586918902382619,-0.10090899685741439,0.10090899685741439,0.8934192414854363,0.01506619402238707,-1.0,1.0,0.34062600768323503,0.9877915922924231,0.48320124006784093,0.43433250369569354
613,fixture_drift,5,medium,bend,0.7799646255546323,2.0132384673928754,1.6045942782303906,0.8689712268528303,0.8037597494078611,-0.06521147744496925,0.06521147744496925,0.09686317148165591,0.0036048941050246253,-1.0,1.0,0.499718412912861,1.5382304848903066,0.42028396866640594,0.6628988946698912
640,fixture_drift,1,high,offset,0.09106933389977148,0.9829616284111038,0.9079273391524377,0.4508762996361086,0.40642988293667687,-0.04444641669943172,0.04444641669943172,-0.05514417075718292,0.0030434216071950626,-1.0,1.0,0.30222778658487354,0.864863619222593,0.05311772762184848,0.4036714290788234
640,fixture_drift,2,medium,offset,0.6811640047861895,2.2644892381672754,2.5318152952629154,1.7313709566976858,1.2607657811534678,-0.470605175544218,0.470605175544218,-2.5,-0.003447050542087826,1.0,1.0,1.7041520916378743,1.9203917189061106,0.007044653892825492,1.712892418224248
640,fixture_drift,3,high,bend,0.9208289368610697,1.8210705112226437,2.9834377984273566,0.8712446957259654,0.7674990590148747,-0.10374563671109072,0.10374563671109072,0.8134226749263322,-0.007204697658405923,-1.0,1.0,0.943614449319258,1.1647086589212683,0.13279035030549746,0.9516502145106753
640,fixture_drift,4,extreme,offset,0.8441013935366537,1.28227282081731,1.8338805401118583,0.6622645841001997,0.7419194412919721,0.07965485719177234,0.07965485719177234,0.7876566478891718,-0.00432758956109347,-1.0,1.0,0.6289195443637505,1.396905464837079,0.20832103696514603,0.716756274421795
640,fixture_drift,5,low,bend,1.0342050193219994,1.6024724493894922,1.4098872856767546,0.7562018695722247,0.6668683162800212,-0.0893335532922035,0.0893335532922035,0.7604267791571213,-0.0040613939578013625,-1.0,1.0,0.4856245705702923,1.2645049925258496,0.27920573386810693,0.5806772719074661
653,fixture_drift,1,medium,mixed,0.5891355440300982,0.7377773010848917,0.7192387816629516,0.5914260164272659,0.5734086897603972,-0.018017326666868727,0.018017326666868727,-0.4474622573632634,0.034750673538526344,1.0,1.0,0.4221908761651486,1.2463354507217166,0.04515241096867961,0.5930506840373377
653,fixture_drift,2,medium,mixed,0.7917082604926754,1.3978203037119101,1.2295189587618076,1.4279030303369802,1.2635750911450816,-0.1643279391918986,0.1643279391918986,-1.777692921312982,0.005131875286541243,-1.0,1.0,1.5339135457951893,2.024486361750863,0.13472053176007037,1.556389593532447
653,fixture_drift,3,high,twist,0.912390014997969,0.9090538665309289,0.39256379847826856,0.787990804511587,0.7958562275100227,0.007865422998435734,0.007865422998435734,0.8328246298682802,0.005831945483991241,-1.0,1.0,0.880799963815553,1.237421824039728,0.2365071826040528,0.8943753637222264
653,fixture_drift,4,low,bend,1.0778217516303914,1.3770028944591834,1.396907454616802,0.8390550311158947,0.5687475395197972,-0.27030749159609757,0.27030749159609757,0.6000168415287228,-0.022128876159272393,-1.0,1.0,0.41460350515884736,1.1537326304818132,0.14971458534520588,0.5333232322403728
653,fixture_drift,5,medium,offset,1.0794384977435327,1.3170561651835424,1.0197262286551165,0.7922983899687943,0.6596206396528361,-0.1326777503159582,0.1326777503159582,0.6287999914997249,0.002288277933972349,-1.0,1.0,0.4362138157569303,1.4519206449546527,0.10977660117542076,0.6024732108673503
655,fixture_drift,1,medium,mixed,0.13052940257684897,1.4671484543036823,1.6158517295715105,0.5235649514940038,0.48665693251664555,-0.03690801897735829,0.03690801897735829,-0.26827855123015354,0.005229936304179006,1.0,1.0,0.3739671122735612,1.0012454989240998,0.0912796084310202,0.46709266628041207
655,fixture_drift,2,medium,mixed,0.38016926937380624,1.7958552519722644,2.959060711192934,0.8249000201268873,0.3419679547187753,-0.48293206540811207,0.48293206540811207,-0.20907253850035046,-0.022716419297816426,-1.0,1.0,0.2558055522237444,0.5613378285822446,0.22326825519443327,0.2984446391864856
655,fixture_drift,3,high,offset,0.4576268377510711,1.5103562383088842,2.551135427634794,0.925632782897598,0.6437650214387137,-0.28186776145888426,0.28186776145888426,0.5040197756405513,0.03084228821798396,-1.0,1.0,0.6834019200853099,0.9156159038114058,0.31503127505213513,0.6955029175405844
655,fixture_drift,4,low,mixed,0.41176579094162646,1.6500126975702671,2.315494240414581,0.6900130543494843,0.416355264440315,-0.27365778990916934,0.27365778990916934,0.6983417219769219,-0.02478064988647799,-1.0,1.0,0.2802641421427421,0.6848127149314436,0.3126237583596003,0.33045079810179245
655,fixture_drift,5,medium,mixed,0.588284258358563,1.0927384574344141,2.44431518394115,0.7484804704825386,0.21100424541742632,-0.5374762250651123,0.5374762250651123,-0.15562788074734346,-0.012957076332396955,1.0,1.0,0.193654475870161,0.36889175100515204,0.06730946657970086,0.22047537380922164
673,high_variation,1,high,tilt,0.028148946640762965,1.0425975447162477,1.0246787380171367,0.434039546896149,0.3587488290550675,-0.07529071784108149,0.07529071784108149,0.3495460132175836,-0.00329664885603953,-1.0,1.0,0.31898986605276397,0.6504539867824164,0.10826558357978411,0.3543599813057819
673,high_variation,2,high,mixed,0.7733071606452362,1.8178249881341975,1.0633868935570514,0.872424075293319,0.4527742589915379,-0.4196498163017811,0.4196498163017811,-1.669842744095554,0.015256780665334313,1.0,1.0,0.4935855375424597,0.732569834232748,0.11155561741337316,0.5146096223496357
673,high_variation,3,extreme,twist,0.8092948874705362,1.2709054458975515,1.6830610575636737,0.48815063539236503,0.39843269418710114,-0.08971794120526388,0.08971794120526388,0.8016854904647088,0.012394787068621627,-1.0,1.0,0.3391635150183289,0.7529304004166537,0.10477423039233535,0.39372250438905776
673,high_variation,4,medium,waviness,0.8263463999994974,1.3555741982885992,0.8605252097963729,1.3754680204029317,0.9833881153829638,-0.3920799050199679,0.3920799050199679,-1.5289955321061182,-0.018003748145309917,1.0,1.0,1.1749804646844326,1.4963388211150974,0.20945046278502888,1.1915719080759608
673,high_variation,5,high,twist,0.8069841868156475,1.020569696289989,1.3674372167533546,0.6868645430887195,0.5944273350730384,-0.09243720801568112,0.09243720801568112,1.108716699240345,0.022063146876469153,-1.0,1.0,0.4124767336567382,1.2091932473122842,0.17562411259372335,0.5523910700421464
710,high_variation,1,extreme,offset,0.44291147808552556,0.9311101181175455,0.8649863412270322,0.7294321682057555,0.851981225646039,0.12254905744028344,0.12254905744028344,-0.12042245850112465,0.01275783156048238,1.0,1.0,0.8101178247022645,1.5123082244781973,0.2226661698252096,0.8845355994433755
710,high_variation,2,high,mixed,0.8584541998759979,1.3150755269814014,1.7836524507151796,1.3860009168175134,1.5130320056194668,0.12703108880195346,0.12703108880195346,-2.432115961984372,-0.034511127162212274,0.7289834378915145,0.9728463847937489,1.2147025156798192,2.3992962730047847,0.9596204431406337,1.4094623607189567
710,high_variation,3,high,twist,0.858988192208176,3.061269603864338,1.7523517573509333,1.4052370930465483,1.5511711964239094,0.14593410337736112,0.14593410337736112,2.5,-0.05225423589704992,-1.0,1.0,1.0847220117775696,1.8022147817609127,1.8716291605152682,1.2360141020778455
710,high_variation,4,extreme,mixed,1.6174808654269355,1.8529048379173505,2.112793710217505,1.0300275940113088,1.3301021757941667,0.30007458178285784,0.30007458178285784,-1.2105380319128678,0.0989244865043617,1.0,1.0,0.9486586938566302,2.379642352708245,0.7025920484336459,1.2083424729461036
710,high_variation,5,medium,tilt,1.601127378536881,2.380415800842987,2.470044722820355,1.006326664170085,0.6635912212419837,-0.3427354429281013,0.3427354429281013,-1.2425565678391264,0.048257675682754186,-1.0,1.0,0.6367974371625523,1.15515257824031,0.17556162074505344,0.7333773039760894
721,high_variation,1,high,twist,0.051865119736465744,0.5375095873892899,0.7331459479363311,0.7133951305406901,0.6479618802784929,-0.06543325026219726,0.06543325026219726,0.7186701219547738,0.023557910107932845,-0.543237069645586,0.543237069645586,0.6097027702200563,0.9246225579429664,0.4111631194420209,0.6431534599697974
721,high_variation,2,high,mixed,0.6482805537800835,1.4668846718915227,2.598036656662153,1.0350785406047975,1.2359510763900234,0.2008725357852259,0.2008725357852259,-0.6496093575352748,-0.01210704455545386,-1.0,1.0,1.2431206645036075,2.2323141468612624,0.1998553261186643,1.3336403514496293
721,high_variation,3,extreme,mixed,0.6307738402800668,1.0013768699488035,2.621122746766797,0.7718123069791103,0.941528036131094,0.16971572915198374,0.16971572915198374,0.8679999951234487,-0.005978881858262897,-1.0,1.0,0.5755880413120174,2.0705578956457913,0.1889687735296488,0.9099362298485683
721,high_variation,4,medium,bend,0.5547757543171861,0.9786140950587802,1.7554373346523287,0.8294687741360987,0.95622038304685,0.12675160891075132,0.12675160891075132,0.692888933550051,-0.005382934008989926,-1.0,1.0,0.8403172397133619,1.9338808570161543,0.09501885137877752,0.9545529861436185
721,high_variation,5,high,mixed,0.4916768124952523,1.1320978462044742,1.2672686776828648,1.1372048124731777,1.4703919955119225,0.3331871830387447,0.3331871830387447,-0.10199038579685693,-0.030438901220130044,-1.0,1.0,1.0715586543289783,2.9482789261761817,0.43624024558199037,1.3356864768577725
730,high_variation,1,high,tilt,0.045209651703055395,2.0624944568680768,2.0228861170220753,1.560995036691491,1.470632146340077,-0.09036289035141398,0.09036289035141398,-2.1105964088728713,-0.01851284004062803,0.9983282676803038,0.9983282676803038,1.8132846665826146,2.2312448964314746,0.24163612056053752,1.8478244126768897
730,high_variation,2,high,mixed,0.14728795517043616,1.2390123959715744,1.1054755082712715,0.7943976131661247,1.1110822487466243,0.31668463558049964,0.31668463558049964,0.9109074031969193,-0.021406782202529007,-1.0,1.0,1.1302516123218305,1.5732092588786322,0.6152549696366063,1.1546749649550352
730,high_variation,3,extreme,mixed,0.8721237570591269,1.2565710805199255,1.184304939694937,0.8547120398847102,0.5378830706623886,-0.3168289692223216,0.3168289692223216,1.1481919470872914,0.007949560105367848,-1.0,1.0,0.30233173514857203,0.7874179461573594,0.5777746683768151,0.37625765757564755
730,high_variation,4,extreme,offset,0.783635601580429,2.6610258988872517,2.8425922000114308,0.7583624305935927,0.7871097535128979,0.028747322919305263,0.028747322919305263,0.0711898092791241,-0.04442756439832962,-1.0,1.0,0.5288678364416651,1.6595199495016408,0.19763276442209565,0.7130358840327747
730,high_variation,5,medium,mixed,0.6512748887322064,1.1426139573072533,1.7940502969671677,0.9273675074998334,1.2671919347490554,0.339824427249222,0.339824427249222,0.6780590450467541,-0.02920792756044932,-1.0,1.0,0.8762985723433135,1.9725203188068818,1.0234489187115803,1.0551159179052276
732,high_variation,1,high,bend,0.13788904757028128,2.0607562223759497,2.091321019741506,0.5583243130886149,0.47163012733585546,-0.08669418575275939,0.08669418575275939,-0.3045853065902788,-0.007943225106355811,1.0,1.0,0.3440902682732774,0.9418919720761691,0.13863543222116664,0.442448255646715
732,high_variation,2,high,mixed,0.4841956405840602,1.200977924263562,1.3637374492786885,1.7808709792890236,1.5162340722418883,-0.2646369070471353,0.2646369070471353,-2.5,0.003706865223337852,1.0,1.0,1.6771171255103547,2.672531967058318,0.0739384290559788,1.8915781575449295
732,high_variation,3,high,mixed,0.5889720393498172,1.0870304319272948,0.4396517817874216,0.779509280465138,0.7805011932970041,0.0009919128318660597,0.0009919128318660597,1.2654412356150213,-0.0134181767231345,-1.0,1.0,0.7961429967855338,1.4926097251359498,0.003818326929975857,0.9272987864156619
732,high_variation,4,extreme,bend,0.835128527154006,1.005095379373404,1.2188916923411428,0.8095074743742197,0.7174710365571388,-0.09203643781708082,0.09203643781708082,0.7187317392443395,-0.04276818226522505,-1.0,1.0,0.355714995707358,1.1370915508724295,0.742627407326387,0.46840850385286453
732,high_variation,5,medium,mixed,1.1138424525638102,1.5823943126076025,1.6789291599759848,1.0228022640886671,0.8082515817385153,-0.21455068235015184,0.21455068235015184,-0.1824731628604872,0.0245236347497364,-1.0,1.0,0.33456678217964286,1.1835850502692895,1.0249945889886287,0.4530765530724701
735,high_variation,1,high,waviness,0.06542066529249314,1.1230976007391114,1.0379685396058551,0.37814962234023547,0.20278420777122277,-0.1753654145690127,0.1753654145690127,0.27064684784494997,-7.905153669640619e-05,-0.5613601423208135,0.5613601423208135,0.2090351939673558,0.38671706365742925,0.0013797095941143755,0.23644617605552967
735,high_variation,2,high,mixed,0.40279786978315807,1.330968988263722,1.2017917588402824,0.6205212122115056,0.6228871156349841,0.0023659034234785326,0.0023659034234785326,0.23725521244813486,-0.0011238552081205277,-1.0,1.0,0.4108460627555041,1.3888306519677345,0.07159944040458899,0.6150426909663588
735,high_variation,3,high,tilt,0.5697673225669266,0.8491692948846201,0.6007420892407141,0.7911440088854977,0.881787457105802,0.09064344822030423,0.09064344822030423,0.7651234511035869,-0.04337919033773674,-1.0,1.0,0.7266493125386625,1.619239536760187,0.31754132606651814,0.8275840449619182
735,high_variation,4,medium,offset,0.6517349317210654,2.7266929228672034,2.9256176544667,1.0886752240494855,1.282801607613353,0.19412638356386758,0.19412638356386758,0.4115032257736222,-0.012160523435629234,-1.0,1.0,1.0287621957073736,2.3243952294312984,0.5297825019710755,1.1791962948042896
735,high_variation,5,high,mixed,0.589255046240713,1.7703722780201947,3.5100557919013515,1.587405212263389,1.986135183756005,0.398729971492616,0.398729971492616,-1.0451812576316475,-0.03745287579336676,-0.5004340761366038,0.5004340761366038,1.2268921985753949,3.6326268824008325,1.2111301208790242,1.6494042319942954
742,high_variation,1,high,mixed,0.8714807404591839,2.0788751379069352,2.2635061735315407,1.4293014115604081,0.9020531593847324,-0.5272482521756757,0.5272482521756757,-2.5,-0.011480107937653639,1.0,1.0,0.9810517796750534,1.4731641493006207,0.20036568467771243,1.056786752887164
742,high_variation,2,high,mixed,1.0000217498328199,1.197161628537369,1.383361722714057,0.689721265393003,0.39618768935497567,-0.2935335760380274,0.2935335760380274,0.9069630609608432,0.03221968780382456,-1.0,1.0,0.22112511129596854,0.647175108047053,0.3619740107391408,0.27105420330327
742,high_variation,3,extreme,waviness,1.0327689997042144,0.7580652044371156,0.4894146627085046,0.6395093407850844,0.33454242275301116,-0.3049669180320732,0.3049669180320732,0.538196705838645,-0.008735996049065387,-1.0,1.0,0.23184087875116047,0.5800069122524633,0.2095021150601944,0.2813745093386571
742,high_variation,4,extreme,twist,1.0033576380343732,1.535610812733028,1.6219209158073247,1.564413495535694,1.5294807460361048,-0.034932749499589244,0.034932749499589244,1.3323266608881914,-0.09222477945664131,-0.5210365938069511,0.5329306643552766,1.1323679747595208,2.138671724529134,1.4001253285098494,1.2813123769655368
742,high_variation,5,medium,bend,1.0813110430222965,1.5019940326354766,2.190230568564009,0.965210479547088,0.8026253417523119,-0.16258513779477612,0.16258513779477612,-1.1837709093721354,0.0768995202619025,-1.0,1.0,0.562407923180649,1.7969549407877612,0.057974700833895,0.7742407231162041
752,high_variation,1,extreme,waviness,0.06937831777892173,0.9045770664844658,0.7555418193528511,1.8688484690542135,1.6826715730854038,-0.1861768959688097,0.1861768959688097,2.5,0.004870273467295849,-1.0,1.0,2.2304469022241062,2.5423474133525255,0.08500230768155781,2.2533258610794684
752,high_variation,2,high,offset,0.5448597624295042,1.1252167224331122,0.5412789275610078,1.0060043573145054,0.43540620969373073,-0.5705981476207747,0.5705981476207747,-1.6228736546635094,-0.04313725591597595,1.0,1.0,0.22025548634344982,0.4766007995963244,0.6678849805829365,0.2598382973691754
752,high_variation,3,high,waviness,0.5822835036106825,2.6517513733091094,2.6465127736957736,0.6420565387481654,0.6196149268569471,-0.022441611891218294,0.022441611891218294,-0.2915715420075622,0.00804848559150484,1.0,1.0,0.36649610963414414,1.0144263565978946,0.5274124062878933,0.4711446510096752
752,high_variation,4,extreme,twist,0.6230065465673145,1.4990517872694804,2.2998605178874056,0.8780762094446865,0.7659000215496033,-0.1121761878950831,0.1121761878950831,-0.005244393261337965,-0.03456943151339953,-1.0,1.0,0.3587593547081758,0.9159382538948089,1.1307628799523037,0.44261874983016836
752,high_variation,5,medium,tilt,0.8059744854303739,1.4155705410635293,2.465386822057849,2.1153868013011214,2.6665940221010986,0.5512072207999772,0.5512072207999772,-2.5,-0.019454918054712556,1.0,1.0,2.4053112329046606,3.745152039691721,1.9004576497568,2.5131774539514393
753,high_variation,1,high,twist,0.0015057513418577678,0.8632728247217738,0.7327490151422581,0.6602634082671479,0.61336283074844,-0.04690057751870791,0.04690057751870791,0.0787612655919796,0.03458591272071354,-1.0,1.0,0.3676420653296969,0.9238151012152361,0.6036381251015079,0.44834243254507644
753,high_variation,2,high,mixed,0.4668208484225823,3.017582562445233,2.8057989892121866,0.8837782964319151,0.9679090801127064,0.0841307836807913,0.0841307836807913,-0.07195284361587273,-0.044837906603219846,-1.0,1.0,0.5810156681187201,1.799028500237552,0.5761067310093232,0.8106381030302793
753,high_variation,3,high,mixed,0.55885225021116,1.4886419996693163,3.256625073888144,0.8941091532515738,1.0542698096239553,0.16016065637238153,0.16016065637238153,0.8300432761416756,-0.056039592661301096,-1.0,1.0,0.8798391904227,1.8974119307224018,0.40196898429286376,1.0050377799256578
753,high_variation,4,medium,mixed,0.5809990836857558,1.5587034139720946,2.9977924756135095,1.3353700283202024,1.4093485065386102,0.07397847821840786,0.07397847821840786,-0.3305552706681638,0.030412159399697103,-1.0,1.0,1.0333185687835715,3.1045097184405206,0.10481172182133436,1.365565038249824
753,high_variation,5,high,tilt,0.8029299149316965,1.48909831332068,1.896959353724612,0.9434858833261602,1.6012248296291023,0.657738946302942,0.657738946302942,0.8414441080946538,-0.0390335170251459,-1.0,1.0,1.4543922393142903,3.252965682736555,0.07983606051727699,1.6506663485866562
757,high_variation,1,high,mixed,0.056855999822901834,1.4001174133376622,1.4707870787150354,1.7394962737254829,1.776879342181664,0.03738306845618111,0.03738306845618111,-2.5,-0.019463316319296986,1.0,1.0,2.1722594549418726,2.6738273097534506,0.3396989661954404,2.211436229144352
757,high_variation,2,high,tilt,0.07237439274187596,1.2666135433497,1.7856426064833475,0.7702920595059413,1.0279290193375974,0.25763695983165613,0.25763695983165613,1.2337680419394745,-0.002636101578050276,-1.0,1.0,1.236301013226465,1.4394657959748764,0.33686431936111916,1.2413968076885937
757,high_variation,3,extreme,twist,0.0725069541832494,1.4599658570068264,1.5582115582350686,0.6221807459262416,0.6104280687269291,-0.0117526771993125,0.0117526771993125,0.9651189643328726,0.015433673393353775,-1.0,1.0,0.5717717514182964,1.1809267027381138,0.06749589645458431,0.643697635436308
757,high_variation,4,medium,mixed,0.16512960940197152,1.517498658280841,0.9454242562621917,0.8174974737667872,0.8660784918189354,0.048581018052148206,0.048581018052148206,0.6986243810027832,-0.040383640124172615,-1.0,1.0,0.554918278914859,1.3331254653294158,0.7723234972770627,0.6796831936253412
757,high_variation,5,high,bend,0.3240739967080693,1.62974600999389,1.8171039873701489,1.0160900195921654,1.2274236363565754,0.21133361676440998,0.21133361676440998,-0.04039883512082332,0.09717259576424864,-1.0,1.0,0.7551696511071858,2.0876399956670326,0.9236598676017617,0.9748278204378148
761,high_variation,1,high,mixed,0.1881341977182842,1.026937262890553,1.1055049844476021,1.8875321259219149,1.7955829922509194,-0.09194913367099544,0.09194913367099544,2.5,0.0038883461483740778,-1.0,1.0,2.2015880494351046,2.6797391105670134,0.3598179344871495,2.232394639041392
761,high_variation,2,high,offset,0.2705913495256388,1.3300523547768146,0.7690951477011796,0.9948749924542647,0.48941472158953975,-0.5054602708647249,0.5054602708647249,-1.7353920746923266,-0.016204051632703997,1.0,1.0,0.5993818479211408,0.7528837861242201,0.07700387379312179,0.6063386923799492
761,high_variation,3,high,mixed,0.25473773375671904,2.3098940265199235,2.2096840086619967,1.5930630860964354,1.221209021118927,-0.3718540649775084,0.3718540649775084,-2.5,-0.01708768417935902,1.0,1.0,1.3429186751429512,2.0329327368619277,0.22123248551984176,1.4208385186151105
761,high_variation,4,medium,bend,0.3395679133573006,1.5926999927945233,2.2630247818062807,1.2914586816268128,1.1969452202992263,-0.09451346132758642,0.09451346132758642,2.5,-0.05933700547088372,-1.0,1.0,0.9643747245983348,1.4157593549068883,1.256858969504549,1.0584730559629485
761,high_variation,5,high,mixed,0.29847832197305163,1.280712719760189,1.4774595569435323,1.1282658288626426,1.0814441375215882,-0.046821691341054406,0.046821691341054406,-0.9236350895432097,0.012934454714857324,1.0,1.0,0.5576060861674375,1.4145514533063808,1.3931901224532597,0.7183983894346493
780,high_variation,1,high,mixed,0.5037873568798733,1.4946956646291938,1.5597021103311346,0.721094714772668,0.534440068782488,-0.18665464599018,0.18665464599018,0.00816632116303273,-0.03249430395889852,-1.0,1.0,0.3414225658276504,0.9505744600912526,0.33946921220520754,0.450001973452548
780,high_variation,2,high,mixed,0.5103112429860085,1.1844471321003989,1.3491594029700198,0.8881067384523078,0.9002182745121046,0.012111536059796757,0.012111536059796757,0.5017443641626533,-0.019276090744820396,-0.2689328031237064,0.2689328031237064,0.6991702014440317,1.4182758808264397,0.6144605894411346,0.8064627299862281
780,high_variation,3,high,offset,0.7062252099044012,1.9683352468015358,1.40310375062098,0.7397309137043824,0.9236413196891713,0.18391040598478892,0.18391040598478892,-0.9957052920977696,0.022577770975504396,-1.0,1.0,0.6159366830224028,1.9537870683183274,0.22040412776094542,0.8660295595866855
780,high_variation,4,extreme,tilt,1.0525718354774904,1.2295816177138303,0.8174927547796836,1.091848890831553,1.321067096238513,0.22921820540696003,0.22921820540696003,0.39568395513710364,-0.001110342825173305,-1.0,1.0,0.9292284491372589,2.540977104373962,0.5448450671715781,1.1655191003367322
780,high_variation,5,medium,bend,1.0828035918016359,1.1095749333390932,1.1347036754566877,1.049945849489683,1.3404620978912702,0.2905162484015873,0.2905162484015873,0.955254677289386,-0.025721777453342032,-1.0,1.0,1.4011831627848579,2.465553924855434,0.09591533098673466,1.5166637230316233
781,high_variation,1,high,tilt,0.1453798060468744,1.5187230817189126,1.502452428591714,0.9913073723037212,0.7791539671460043,-0.21215340515771697,0.21215340515771697,1.0843087815139723,0.027460548095795678,-0.679635483420489,0.679635483420489,0.8819068098984258,1.1928348179451111,0.21728295411125176,0.9154659255956769
781,high_variation,2,high,tilt,0.38112456269343753,2.7520441822874697,3.6736813781979025,0.6512874763530844,0.4331386928342538,-0.21814878351883055,0.21814878351883055,-1.120659653780605,-0.005210685281651362,-0.029247236561288248,0.448263861512242,0.2793133710989243,0.745761508007734,0.2985045773212516,0.36064855905880855
781,high_variation,3,extreme,twist,0.38114599429894624,1.523349025272985,3.1304258404677787,0.6556682672891163,0.8330275082088503,0.17735924091973398,0.17735924091973398,0.3297040793347321,-0.020200750084811148,-1.0,1.0,0.4890774536020012,1.416148033665844,0.6510741922824899,0.6613760434374967
781,high_variation,4,medium,waviness,0.39711733607850125,2.2460978558524953,2.9509533491865065,0.9151036909780054,0.9213914962918319,0.0062878053138265555,0.0062878053138265555,0.7828797030006389,0.02559266784214409,-1.0,1.0,0.9008786286743835,1.63883234086699,0.2043978443608876,0.9815885212115362
781,high_variation,5,high,waviness,0.4277345474735871,1.1024892667196653,1.1979889554858256,0.8897723634694067,1.5558421607736264,0.6660697973042197,0.6660697973042197,-0.5893201333361993,-0.01330868025163845,-1.0,1.0,1.0254584647021159,3.2418083269316798,0.4366781380246201,1.4465868187610182
786,high_variation,1,high,bend,0.20625241750370502,0.8455553773682831,0.7862526152900474,0.5532052229184763,0.3526115435281057,-0.2005936793903706,0.2005936793903706,-0.1339239998093662,-0.0048160396503684755,-1.0,1.0,0.21581257725009845,0.7652468968742823,0.084055749003488,0.33076976589745044
786,high_variation,2,high,waviness,0.2157472469576874,0.953778120594977,0.7767655539222192,0.7283590319669169,0.86321125723408,0.13485222526716312,0.13485222526716312,0.010834900117218993,-0.005564019319241442,-1.0,1.0,0.5571474238716151,1.863966228541977,0.18116620607408956,0.8252729968777551
786,high_variation,3,high,mixed,0.6008063286703789,1.5073664358321062,0.7982900987596965,0.7517235681593871,1.5058175441504562,0.7540939759910691,0.7540939759910691,0.8423642203703285,-0.03892433767267067,-1.0,1.0,0.9347401676505972,2.8050150312712367,0.8605241621342968,1.2573373583361693
786,high_variation,4,extreme,bend,0.5022997464590755,1.5548181596795894,1.6118971795217907,0.8720125375163219,1.480742146869217,0.6087296093528951,0.6087296093528951,0.9354364514508537,-0.012823567133874114,-1.0,1.0,1.043642440808256,2.3932806987852797,1.084337634208056,1.2436391472873953
786,high_variation,5,medium,offset,0.6475508743188872,1.743711594841352,2.6603473459952784,1.3310463535098327,2.009902025754922,0.6788556722450894,0.6788556722450894,-0.621212178388876,0.03324661145812513,-1.0,1.0,1.26343078438379,4.308714155807528,0.5040747340066994,1.8703612349551688
801,high_variation,1,high,bend,0.13511768649315295,0.9600676053762597,0.821970969709097,0.5801466460246408,0.5112960974690501,-0.0688505485555907,0.0688505485555907,-0.22409222356324943,0.010423164115457517,1.0,1.0,0.34693013250572663,1.0174312349954446,0.1819185342972815,0.4741212692951429
801,high_variation,2,high,mixed,0.5223538843513642,2.4580805873192855,2.3609780011035544,0.8540620440622831,0.8755343204464759,0.0214722763841928,0.0214722763841928,-0.8760244575382494,-0.02412031793121061,1.0,1.0,0.6841609671165431,1.718096561440032,0.239060455099265,0.8313892534972389
801,high_variation,3,high,bend,0.6424162238738111,1.3820616725190589,1.1308039732746133,1.0357973686565916,0.76718087060293,-0.2686164980536615,0.2686164980536615,-0.09156815364184867,-0.026827356527472812,-1.0,1.0,0.48715602358847265,1.1679149818131604,0.7072861903272629,0.5847371188426133
801,high_variation,4,medium,mixed,0.7776169476059744,2.9134188549261832,3.4293115379337933,0.9503125264530842,0.34910401085291304,-0.6012085156001712,0.6012085156001712,0.6176774140130599,0.0077158948361297774,-1.0,1.0,0.31090251502421046,0.5678827414045932,0.1693057581342623,0.346767064839933
801,high_variation,5,high,waviness,0.8160125292989422,1.3607545045177287,3.2211044383489607,0.588239628185456,0.268854752633557,-0.31938487555189904,0.31938487555189904,0.1014540949609275,0.01382262346381169,-1.0,1.0,0.21805694679722554,0.5187328356356784,0.07194453725306751,0.26234456727765576
815,high_variation,1,high,waviness,0.05451365958304184,0.6008567308249675,0.5907478783263154,0.45351905898839845,0.40926238347116345,-0.044256675517235,0.044256675517235,0.26917873983790574,0.011059897989670553,-1.0,1.0,0.30259067670854806,0.7490420466256859,0.19303163725198388,0.3586307529529811
815,high_variation,2,high,mixed,0.30241729787906624,1.9978670240377716,1.58291331475063,0.777400135412272,0.8325221461936911,0.055122010781419095,0.055122010781419095,-0.037663702667336985,0.02372085150351655,-1.0,1.0,0.5364115214568077,1.6189419172398205,0.38470064291857353,0.7050592170913064
815,high_variation,3,high,mixed,0.3887760060954199,2.018816049408993,1.5786341696345871,0.9989650265714314,1.1953104649928146,0.1963454384213832,0.1963454384213832,0.2310812190706808,-0.04177078713599647,-1.0,1.0,0.8125158661191083,2.465875597622608,0.34433725291451955,1.0849184999594397
815,high_variation,4,medium,offset,0.3910439009274357,1.025482317793356,0.7193329276950129,0.9720158637477898,1.3272300572531948,0.35521419350540495,0.35521419350540495,0.9176738084205822,0.015144901677703437,-1.0,1.0,1.193135950904172,2.6938480697385323,0.08000884759161675,1.3713219678289876
815,high_variation,5,high,mixed,0.46223711265909734,1.0204043455846974,1.0244691655385867,1.439385352268694,1.9655704727652714,0.5261851204965775,0.5261851204965775,-0.3348450506538394,-0.03635754952158066,-1.0,1.0,1.3561203570342346,3.896406338860876,0.7145678798716737,1.75442100035236
833,high_variation,1,high,tilt,0.22165669833790164,1.8490022725960633,2.0005400796787227,0.7017153021952012,0.9635063212753834,0.2617910190801822,0.2617910190801822,-0.4358828027802928,-0.058807952106360695,-1.0,1.0,0.7600163825265297,1.5268515576265387,0.6349362605851397,0.8696506105392094
833,high_variation,2,high,offset,0.2616584427983269,0.9919709836968247,1.1025982930550284,0.8653254009943907,0.9163930460080261,0.051067645013635365,0.051067645013635365,0.9328578913060142,-0.0034462978805642752,-1.0,1.0,0.6389240867750018,1.4683741867011162,0.6950855056780273,0.756779122617825
833,high_variation,3,high,bend,0.3539835620276126,1.4424403470670757,0.8391741381539268,2.2305529818993315,1.881744648267241,-0.3488083336320904,0.3488083336320904,-2.5,-0.009610782714448263,1.0,1.0,2.0275343669953987,2.6931978747786287,0.8628253093121192,2.0667738294139713
833,high_variation,4,medium,tilt,0.4379272626005408,1.1957523403452621,0.6468570937667188,1.3933416773143157,1.0561324204286193,-0.33720925688569636,0.33720925688569636,2.5,-0.038447947621385925,-1.0,1.0,0.6401198141678515,1.2860208530911048,1.3327155789579763,0.784755465635397
833,high_variation,5,high,tilt,0.48732644902757494,1.7374019656144704,1.636754759724642,2.3196192269554428,2.546623734621353,0.22700450766591018,0.22700450766591018,-2.5,0.16286668351765,-0.016991015003501753,1.0,2.33040405460506,3.714246234380531,1.6210692994851923,2.4690785808011824
836,disturbed,1,extreme,mixed,0.4523570420551484,0.4791629431467301,0.15659254052728078,0.5870604664491329,0.5107555714084926,-0.07630489504064031,0.07630489504064031,-0.5091985384078437,-0.015460693944440385,1.0,1.0,0.40928987342089224,1.1172364758914202,0.0009221630101919343,0.525210177117413
836,disturbed,2,high,bend,0.8101025174025568,2.517400643864822,2.6427570692626463,0.7153431489984574,0.5399216463548757,-0.1754215026435817,0.1754215026435817,-0.6758556359952406,-0.026794272409894848,-1.0,1.0,0.420885897879325,0.9913114371643346,0.21975291655229534,0.5033657087608936
836,disturbed,3,high,mixed,1.0076321379220665,1.4307102829852472,0.4543065845328982,0.6447983363255968,0.2638011936874781,-0.3809971426381187,0.3809971426381187,0.6829217582892282,0.0013779584429147729,-1.0,1.0,0.22799295784112955,0.4978435581831561,0.06485495477409109,0.26593752447965135
836,disturbed,4,extreme,bend,1.2912295805953504,1.7506881778069359,1.7737498541250525,0.568289515371939,0.5142531661889856,-0.0540363491829533,0.0540363491829533,-0.35057080451679656,-0.019413591880276693,1.0,1.0,0.4547232492539814,0.9279834554839408,0.15486851091242332,0.5298060149388197
836,disturbed,5,medium,tilt,1.5647982543632875,1.4452567295768808,1.4840860101222113,1.5570563660146866,1.3228851456013215,-0.23417122041336502,0.23417122041336502,-2.1143613374718244,0.0025370233246679863,0.8810385651792629,0.8810385651792629,1.2698414283888484,2.3587361335416395,0.30173842901801873,1.4379034831676973
839,disturbed,1,high,twist,0.23694357319471646,1.7945493764900728,1.7391633150758283,0.4950787910857935,0.4113490848082289,-0.0837297062775646,0.0837297062775646,-0.09703586156626454,-0.022601022906622692,-1.0,1.0,0.2516662910199413,0.8481091945098349,0.14564472972112597,0.3772302023295827
839,disturbed,2,high,mixed,0.47715434550676916,1.0333744093673354,0.6648068740653917,0.8129808859285811,0.42577458501009463,-0.38720630091848646,0.38720630091848646,-0.05833988813907531,0.012631344557517243,1.0,1.0,0.35056305459822085,0.534292408743752,0.4054494254934756,0.3868311835946016
839,disturbed,3,high,twist,0.6202104631711721,0.8546735328737033,1.0562517456483438,0.5789637426924418,0.2850132543396463,-0.29395048835279547,0.29395048835279547,-0.09516479163870084,-0.0038104728965115964,-1.0,1.0,0.23271915905758314,0.4077451799388427,0.22313716891605237,0.25932801965902846
839,disturbed,4,medium,mixed,1.0124540419246033,1.2486807848166859,0.9806684034715893,0.6398941411449984,0.43315258073409335,-0.20674156041090508,0.20674156041090508,-0.47163835042448055,-0.0016184555627636321,1.0,1.0,0.42804841133756766,0.8435473598058232,0.002566992513402755,0.5090375163705526
839,disturbed,5,high,twist,1.2400377650806644,1.9162087292077945,2.132861563374105,0.6392523928948701,0.26111709763696467,-0.37813529525790546,0.37813529525790546,-0.5429075927539202,-0.009529325859634952,-1.0,1.0,0.22509882666578787,0.47779691650837164,0.07993244898458596,0.2626863998934103
845,disturbed,1,high,mixed,0.31610811341133627,2.276403405188637,2.301449942178342,0.6778880431469608,0.6600048019550395,-0.017883241191921306,0.017883241191921306,-0.34612240452366283,-0.034190467813257186,1.0,1.0,0.40872649379895687,1.1361176333616063,0.4807726518113153,0.52319768263476
845,disturbed,2,high,waviness,0.4990503638706796,1.435651669347442,1.9600421776422228,0.7440521529242835,0.7004759684379905,-0.04357618448629297,0.04357618448629297,-0.6851843100715604,-0.0012918445282774638,-1.0,1.0,0.6990848583530295,1.1317931209975018,0.254502037479845,0.7486196338887758
845,disturbed,3,high,waviness,0.7373483993085505,0.8779107517455348,1.1311811309481608,0.7288601630573984,0.6362554191397832,-0.0926047439176152,0.0926047439176152,0.8287026721831872,-0.0316597869970463,-1.0,1.0,0.40223518200056047,0.9914387531017709,0.558252062519433,0.5067761985325391
845,disturbed,4,medium,mixed,0.9757800996452999,1.7297137747467848,2.424984559321838,0.8657516221905712,0.5629236946212973,-0.3028279275692739,0.3028279275692739,-0.09403406681700544,0.03949443006550135,-0.11845072319914562,0.11845072319914562,0.39067951683000535,0.9439391394962913,0.3798734422736252,0.4857606504132083
845,disturbed,5,high,mixed,1.6751329111465605,2.286255378403927,1.1814913161059473,0.9027894893310389,0.9001960493226168,-0.0025934400084220988,0.0025934400084220988,-0.19427641583602462,-0.03565611747711617,1.0,1.0,1.0056151122272554,1.6290550468140899,0.006374268261129412,1.078827211318745
858,disturbed,1,high,mixed,0.29922705532294513,0.8612949090848968,0.9089356876612916,0.5446414250470973,0.6496587879312131,0.10501736288411578,0.10501736288411578,-0.42680712280229205,-0.011701655517173837,-0.706088550407121,0.706088550407121,0.7065498359167209,1.0540426041350404,0.1630514328143765,0.7256562607137171
858,disturbed,2,high,tilt,0.7040562245351485,0.9500679734249624,0.9894180346639743,0.7480973617334604,0.4938645928649881,-0.25423276886847235,0.25423276886847235,0.7586099529172579,-0.05789511647774326,-1.0,1.0,0.3881765157772002,1.0465059841613529,0.053969285993985816,0.4726905708522647
858,disturbed,3,high,bend,0.9427495609183153,1.1413736244371446,1.3809266713032122,0.9669303353296954,0.9741726909431323,0.0072423556134368905,0.0072423556134368905,0.45340463852303836,-0.05889951803588933,0.0413159456141734,0.18136185540921534,0.7649162859510453,1.3558280660019146,0.8331426108952154,0.880066020886798
858,disturbed,4,extreme,mixed,1.0180269108538065,2.8732674968248024,2.814659664096267,1.3990495619087062,1.3478420120830588,-0.05120754982564746,0.05120754982564746,-2.45147364548967,0.0030381797531906507,0.9852253942223468,0.9852253942223468,1.2058514916347287,1.946450296479826,0.9230675871991423,1.252311994889497
858,disturbed,5,medium,mixed,1.133310984817886,1.4674354332091606,2.729332901820458,0.8383822636618093,0.7308752190041027,-0.10750704465770666,0.10750704465770666,1.3373820218868264,-0.003891471771910515,-1.0,1.0,0.4244451356919256,0.7778596048906716,1.0727411536688596,0.48361450728665667
876,disturbed,1,high,mixed,0.3307262799047688,1.0641275547999847,1.3818178800408796,1.7299262932171,1.5099623994094502,-0.2199638938076498,0.2199638938076498,2.5,-0.023581704141538484,-1.0,1.0,1.9649684864267862,2.2441755207618304,0.16276084896344045,1.9839094256383294
876,disturbed,2,high,mixed,0.37471686517008396,1.4044015484736043,1.7253508348427742,0.9641298149627769,0.6476234632883923,-0.3165063516743847,0.3165063516743847,-1.8722669354123427,-0.0030319970144498942,-1.0,1.0,0.5168741936716812,1.3973084719543103,0.03313837495198024,0.6342715111500077
876,disturbed,3,high,offset,0.9441171848912283,1.779391093044162,2.762204236713122,0.8901454024925075,1.3227979768183669,0.43265257432585935,0.43265257432585935,0.7801589476775384,-0.07550937297531068,-1.0,1.0,0.7794692995984721,2.2490427606175887,1.0359320077870449,1.034647564174354
876,disturbed,4,extreme,mixed,0.7982074069453756,1.6994491705348356,3.2856950304384465,1.1952133951312547,1.3371936527196164,0.14198025758836175,0.14198025758836175,0.6398207669365332,0.0783229247648034,-1.0,1.0,1.021269476402758,2.438833465309815,0.5991735397553204,1.1941070827924833
876,disturbed,5,medium,mixed,0.5761889600003801,1.2511462671716267,2.437342990171325,1.401784914078846,1.466533882979227,0.06474896890038084,0.06474896890038084,0.17307361545449984,0.035143885063123825,-1.0,1.0,1.3009908011848033,2.839567524996678,0.2630205982399616,1.454602056527941
885,disturbed,1,high,waviness,0.24546251165691446,1.1241243554359976,0.9428847141192942,0.46995064846532075,0.4082611527777896,-0.061689495687531126,0.061689495687531126,-0.07720740638686241,-0.005770243146411502,-1.0,1.0,0.2560919181062226,0.8339531855736959,0.14810781289160654,0.3681527780633207
885,disturbed,2,high,mixed,0.7079443703742735,1.779557781240383,1.7193384012664326,0.7510235132798098,0.6193727335312941,-0.1316507797485157,0.1316507797485157,-0.0603033332348053,-0.011596627783959423,-1.0,1.0,0.42205659237144155,1.2650470429385257,0.19452602794707052,0.5488383455418278
885,disturbed,3,high,mixed,0.9554557640613253,1.6091007933098025,2.47833345003519,0.9245367801150776,0.8226092265113734,-0.1019275536037042,0.1019275536037042,0.6410645555903711,-0.024503780437665768,-1.0,1.0,0.8751811389467794,1.3881756252269102,0.1658758279118251,0.9383944888571887
885,disturbed,4,medium,mixed,1.4973174054039573,2.7552199932952193,4.083783099343004,1.6139998306446344,1.0729419941902496,-0.5410578364543848,0.5410578364543848,-2.5,-0.012857919271540563,1.0,1.0,1.0715674037728253,2.0642902035813453,0.0533673085946158,1.1617451940561372
885,disturbed,5,high,waviness,1.7499574695439915,1.5154950357885353,3.006388653402887,0.7759445416259174,0.9814840136665202,0.20553947204060274,0.20553947204060274,1.0290056680267323,-0.04249665880258524,-1.0,1.0,0.6228188587354901,1.8334500525326591,0.5462565070301507,0.807263881770303
888,disturbed,1,high,mixed,0.3887715175503371,0.884022349254571,0.7092432204945796,0.5919872926584696,0.6005589249868897,0.008571632328420065,0.008571632328420065,-0.19713226174277487,-0.014245207594018483,1.0,1.0,0.4662961953509616,1.3240677111854755,0.00019177450896780412,0.633922206732682
888,disturbed,2,high,tilt,0.46221775266627235,0.8649395874526493,0.8889775172943735,0.7024595947849881,0.5142795141236445,-0.18818008066134362,0.18818008066134362,-0.7595703740536388,-0.010298051498343286,-1.0,1.0,0.4728362915834875,0.832120475484177,0.24302570788674194,0.4988477163732262
888,disturbed,3,high,mixed,0.6570192504789001,1.0380646366357345,1.8700796608789663,0.6956010679642634,0.24742043064559505,-0.4481806373186683,0.4481806373186683,0.6135742153836521,0.011387701350749513,-1.0,1.0,0.20579327425106111,0.49084956389422607,0.046324257520240275,0.245303019459368
888,disturbed,4,extreme,mixed,0.27768346770630586,1.5442752082917723,1.629193726738786,1.6957060786720808,1.3628190436745653,-0.3328870349975155,0.3328870349975155,2.5,0.011813128128054462,-1.0,1.0,1.6524117419677398,2.3021576883727572,0.005892507793865853,1.7468046223425644
888,disturbed,5,medium,waviness,0.4951190835053708,1.2711491251365772,0.5802532353290488,0.8575829884598507,1.071964348295011,0.21438135983516027,0.21438135983516027,-1.678419378753597,-0.044049155889620994,-1.0,1.0,0.7037606162186502,2.037415336215776,0.5258779074833855,0.9184819031966742
901,disturbed,1,high,twist,0.22628414704719885,0.9356605497590519,0.8105285476825224,1.7496634927343235,1.5769612614199826,-0.17270223131434093,0.17270223131434093,-2.5,-0.020771983337000144,1.0,1.0,2.035022145914547,2.4172251361743147,0.11372196250589273,2.0717048804155627
901,disturbed,2,high,bend,0.5753454649052003,1.681685144168394,1.9289813776553404,0.8466454987369078,0.8853061554273651,0.03866065669045737,0.03866065669045737,1.2451641443673118,-0.0456435686309129,-1.0,1.0,0.7462977424927868,1.281987056482469,0.6615351312170519,0.7836017636967286
901,disturbed,3,extreme,waviness,0.8368923841896139,1.6883831987007472,1.8412804234172535,1.03488084107021,0.754651275939236,-0.28022956513097397,0.28022956513097397,0.25594907905518616,0.057773915317068436,-1.0,1.0,0.5943450659689663,1.10695339888312,0.5956278093601313,0.6557339367557081
901,disturbed,4,medium,twist,1.0660641752997813,1.30078361181895,0.6662319761178944,0.890494633117115,0.6060651315044918,-0.28442950161262315,0.28442950161262315,0.9789393305242915,-0.029715216200075556,-1.0,1.0,0.5486536184910474,0.9457215003512083,0.325816957005036,0.6000750875030441
901,disturbed,5,high,twist,1.2915393373289914,1.0668392122964816,1.5151204114013959,0.7147756461162741,0.6335938549676724,-0.08118179114860169,0.08118179114860169,-0.2558620445716868,-0.0033437630381598638,-0.029570792146852765,0.10234481782867473,0.49527815753712884,0.9146192662040477,0.5162748372940085,0.5574217665711699
905,disturbed,1,high,twist,0.23380224798333438,0.5302468229952605,0.38917032042544913,0.4442711341265944,0.349505460656256,-0.09476567347033843,0.09476567347033843,-0.45691210628585477,-0.03588606423912255,0.3587357082303233,0.3587357082303233,0.20868286873353203,0.49379782671230527,0.37751250367812605,0.2550750091906697
905,disturbed,2,high,mixed,0.7263214375598405,1.6870816909844686,1.3897562471670812,0.6591718795711529,0.37497720854585564,-0.2841946710252972,0.2841946710252972,0.2274930656098939,-0.015117553350804336,-1.0,1.0,0.2667202817786045,0.4891344610960574,0.3925460358408323,0.30456974931207437
905,disturbed,3,high,twist,0.9440410762379938,1.0242232121063253,0.8262783335761872,0.5872390673406073,0.5939082156186912,0.006669148278083958,0.006669148278083958,-0.30729351820166073,-0.019538494442226773,-1.0,1.0,0.3391433725426352,1.0083228896033813,0.48473955318125683,0.44246471020509237
905,disturbed,4,medium,mixed,1.029774630561198,0.9002608000799104,0.43323679294845796,0.7413324189659396,0.778223614285289,0.03689119531934937,0.03689119531934937,0.7760444832556472,-0.03091785467793473,-1.0,1.0,0.5996697974792164,1.3675196238713787,0.3964398737680331,0.6913482574970055
905,disturbed,5,high,waviness,1.2929129866809819,1.1055747916335068,1.3070209769568764,1.0593817770305471,1.2141482612351953,0.1547664842046481,0.1547664842046481,0.0941114497817308,-0.034874479390957225,-1.0,1.0,0.8700028980342505,2.074657945936714,0.756296884449731,1.0386094270898665
908,disturbed,1,extreme,mixed,0.8916653563077876,0.9027033124118764,0.73981621765804,0.8180904863524927,0.941712651330111,0.12362216497761824,0.12362216497761824,-0.5758438108139212,0.011307297804223237,1.0,1.0,0.7892631714776671,1.6060739607829455,0.44616713352687487,0.892613715938647
908,disturbed,2,high,bend,1.2332847675249095,1.8659137735261238,2.0138343226390423,0.8376157053572945,0.899818232411938,0.062202527054643575,0.062202527054643575,-1.1170325390097755,-0.04282308508511834,1.0,1.0,0.6902503345373112,1.9580986204575257,0.05241928146224584,0.8958776147481315
908,disturbed,3,high,offset,1.4489572586926995,1.2059367017952034,0.38076067056347523,2.060824709216903,2.0117222118363087,-0.04910249738059447,0.04910249738059447,-2.5,-0.03618995191896213,-1.0,1.0,2.3045760237643007,3.1758801618522745,0.43523562780812775,2.3701466780889797
908,disturbed,4,extreme,mixed,1.8159799272248436,1.0815042842301335,0.8867660475379482,1.1700242082226027,1.097860095124666,-0.07216411309793669,0.07216411309793669,0.9111490867670495,0.02460954010105154,1.0,1.0,0.9226255793094218,1.8326188751722035,0.5564700889860248,1.0434573208437083
908,disturbed,5,medium,mixed,2.2031518139153357,1.4468096712655798,1.2941509061056553,1.0463124014585616,0.8936647180542092,-0.15264768340435242,0.15264768340435242,0.8041344459510418,0.00281577624730045,-1.0,1.0,0.645735027002026,1.797689568539926,0.2626077549994599,0.8185501289178561
916,disturbed,1,high,bend,0.3747261711760574,1.269034513967331,1.2302377867143532,0.521282397002119,0.30363521348877187,-0.2176471835133471,0.2176471835133471,-0.04412143026609705,-0.004656255034400036,-1.0,1.0,0.2228817634948227,0.5347998900098283,0.1675505734358589,0.2606554540661885
916,disturbed,2,high,tilt,0.8600196758900958,1.7014091651335714,1.5779073152176324,1.7773080186121737,1.8823223274615764,0.10501430884940266,0.10501430884940266,-2.5,-0.011666005128795787,1.0,1.0,2.0111659389970096,2.6889640697317203,0.8969022376626241,2.0321265354417024
916,disturbed,3,extreme,twist,1.1082701806818613,1.2031086921893284,1.2929532021332182,0.9351261898314849,0.6646656015660571,-0.27046058826542774,0.27046058826542774,1.5194753591777879,-0.03442514279454101,-1.0,1.0,0.581325718535875,0.8838630593689207,0.5448876329063101,0.6164267832272545
916,disturbed,4,extreme,waviness,1.3317187019275696,1.1392844831162456,2.069779725985142,0.6943892994696435,0.6223828516805501,-0.07200644778909338,0.07200644778909338,0.702081254999567,-0.011398856834783366,-1.0,1.0,0.382665461153595,0.9407004365591033,0.5947576023286955,0.46945801668131953
916,disturbed,5,medium,waviness,1.5757480785268259,2.2347700744916574,1.0856450799683217,1.71970196963133,1.4363485985780833,-0.28335337105324676,0.28335337105324676,-1.8122056584838453,-0.10748294251172985,1.0,1.0,1.3038237266347503,1.999224532897553,1.032358279999396,1.3572663671857332
919,disturbed,1,high,bend,0.4026700165506163,0.8677466248403468,0.8353710637838396,0.6369624608510668,0.5466048169704321,-0.09035764388063472,0.09035764388063472,-0.566602865959561,-0.025937507643180036,1.0,1.0,0.4141760526146845,1.036449027444216,0.2038773842810765,0.5025407766843893
919,disturbed,2,high,tilt,0.8371387836919408,1.232647171672602,0.5550832071488282,0.9480325907748733,0.46716328805278773,-0.4808693027220856,0.4808693027220856,-0.05718512390924513,-0.007331263085714967,-0.5953603862431565,0.5953603862431565,0.28506241706432706,0.6355971865928274,0.5180513733516982,0.3554999495013198
919,disturbed,3,extreme,bend,1.106631260963766,1.9005405533202502,2.0731844029093396,0.6441307317155215,0.10026387199637674,-0.5438668597191447,0.5438668597191447,0.07552089426633124,-0.041653144678456266,-1.0,1.0,0.08954312155553826,0.17067308491790334,0.03988428160864815,0.10233725571749812
919,disturbed,4,medium,offset,1.4720189823128171,1.5130832732755595,1.161752181365762,0.6028889241451213,0.5498550492026677,-0.053033874942453596,0.053033874942453596,-0.44977864980317817,-0.0033604409176231087,1.0,1.0,0.39045652376359885,1.0389579349103057,0.23005107798774,0.5201538820417444
919,disturbed,5,high,mixed,1.846542656348494,1.3541117056889158,1.063187908387545,0.8104309352812252,0.25469839122068316,-0.5557325440605421,0.5557325440605421,-0.330827281306866,-0.02732082425112181,-1.0,1.0,0.15749832158713775,0.45337377424004044,0.1761337963542336,0.18596623566259654
936,disturbed,1,high,bend,0.4059071653596538,1.3043461100107097,1.2861359877322263,0.5879117769498783,0.6431874150913292,0.05527563814145087,0.05527563814145087,-0.17557732561354555,-0.013978676519134536,1.0,1.0,0.5171339234606809,1.3899116379307423,0.004843619606778482,0.696206607918687
936,disturbed,2,high,mixed,0.9119317952612801,1.4573657130313515,1.0526899124214026,0.8301816492678855,1.1115860719905135,0.281404422722628,0.281404422722628,-0.5826507280507922,0.003497942619584027,-1.0,1.0,0.5858811929437837,1.6090573685155956,1.266221233503956,0.7323813350151283
936,disturbed,3,high,mixed,1.3942670136643027,2.235845890597688,2.6710461477005114,1.328398847685756,0.6287937132102769,-0.6996051344754791,0.6996051344754791,0.4859116841136748,-0.05177586232874298,-1.0,1.0,0.4013700726047713,0.9274855078943525,0.6113792716095406,0.4672325757767755
936,disturbed,4,extreme,twist,1.627580039981735,1.5697743575916145,2.1249768161611167,0.6874965871653419,0.5329631023567616,-0.1545334848085803,0.1545334848085803,-0.5289434763775991,-0.05162664655732341,-1.0,1.0,0.3507137842769013,1.2184225932445747,0.04085838165714467,0.4996467460317544
936,disturbed,5,medium,twist,1.8423608864937704,1.1852809261576738,1.1459822953475336,0.8850775896459812,0.8295805802970116,-0.055497009348969506,0.055497009348969506,0.34456845498981536,0.00529442651508738,-1.0,1.0,0.6192632228111699,1.599265784639765,0.30036434807663226,0.739125736387415
950,disturbed,1,extreme,tilt,0.2692349124420927,1.0504692261371606,0.970651276300678,0.5085763169950569,0.6199222428939781,0.11134592589892123,0.11134592589892123,-0.2823830970933585,0.014405411111902744,1.0,1.0,0.3715847513772543,0.9686319531297827,0.5707570114512919,0.46630128106479424
950,disturbed,2,high,mixed,0.5418099744147864,1.6824670117147817,1.3940298560624218,1.807692638553317,1.8670016260518925,0.059308987498575494,0.059308987498575494,-2.3957215396484615,0.010362861267655621,0.8875822210541688,0.9582886158593846,1.7197356227878244,2.8743851314086566,1.0004406172490765,1.8863321461822522
950,disturbed,3,high,twist,0.7623123217708324,1.1570185946407872,0.6728188757074092,0.9420192906097041,1.156642156208379,0.21462286559867494,0.21462286559867494,1.5708660096562292,0.023117428099611814,-1.0,1.0,0.5002980927605851,1.4780257864730926,1.6527334288521813,0.6732496378262137
950,disturbed,4,extreme,twist,1.0140762543472985,1.8122903491432303,2.0421102028441886,1.068662551580109,0.6006868468226416,-0.4679757047574673,0.4679757047574673,-0.24818354288290845,-0.11842226129596933,-1.0,1.0,0.601010160969519,1.021622369139355,0.16531032678679225,0.643039897539418
950,disturbed,5,medium,twist,1.2105268202186867,2.10564157101998,2.4921597692974182,0.805574140553206,0.5937036320357734,-0.2118705085174326,0.2118705085174326,0.6912283945986619,-0.05807709677732231,-0.9063469883342408,0.9063469883342408,0.3012853154509337,0.6290361212195409,0.9301296779296846,0.35568297655725617
959,disturbed,1,high,mixed,0.6257619924552549,1.0291544163772934,0.952305544502938,1.9446840816291233,1.7626734008445604,-0.18201068078456295,0.18201068078456295,-2.0635283754120577,-0.022093191344185525,0.9769040157517843,0.9769040157517843,2.02762367483072,2.626396639569328,0.532007808168931,2.0686496407386668
959,disturbed,2,high,bend,0.7485571315157578,1.2272264553912446,0.7016823634409245,1.317144187248544,0.8404936911292992,-0.4766504961192449,0.4766504961192449,2.5,0.0005873358425663167,-1.0,1.0,0.6773698847163179,1.0836426319829118,0.7910763072146532,0.7486704395513428
959,disturbed,3,high,mixed,1.0513773890626357,1.8792449909250146,1.9480825822851549,0.8468057693626698,0.7439943790041997,-0.10281139035847009,0.10281139035847009,-0.6809936811168278,-0.04303881192278869,-1.0,1.0,0.7970315325004602,1.1845296148739093,0.21979661582911914,0.8358705004315312
959,disturbed,4,medium,offset,1.1887795790490503,1.2113067925941707,1.1622722525958464,0.9683555533497864,0.6666219776806098,-0.3017335756691766,0.3017335756691766,0.8000942027267928,-0.03453478146157285,-1.0,1.0,0.6449064545650223,1.2028413264827353,0.13413154534739308,0.7205817976206461
959,disturbed,5,high,mixed,1.9577828595753222,1.5627811803363798,1.4638445487343514,0.7335506244170813,0.8772767429112536,0.14372611849417227,0.14372611849417227,-0.5890081723896967,-0.025973267370974717,-1.0,1.0,0.5582151294354248,1.5229773065644625,0.60269753205218,0.7210975249563341
976,disturbed,1,high,offset,0.3274856110781817,0.926415381080108,0.8709337653470781,1.7233676891748344,1.4237495985474853,-0.2996180906273491,0.2996180906273491,2.5,-0.01479539031587418,-1.0,1.0,1.9171857197356725,2.1719849711294983,0.009410726091794608,1.9417517346039572
976,disturbed,2,high,mixed,0.6101411184582162,2.1675958943912588,2.682378344646752,0.9853301938751629,0.6189045206443862,-0.3664256732307767,0.3664256732307767,-1.6388072907559614,-0.04367992905924134,1.0,1.0,0.3074850174045711,0.6080093263326176,1.0314224388251798,0.3482948587567566
976,disturbed,3,extreme,waviness,0.6590669215867067,1.532222616123402,2.6374882643330726,0.8639904401830313,0.35632736454678493,-0.5076630756362464,0.5076630756362464,0.11604254939978231,0.05118748528561845,-0.75658523770934,0.75658523770934,0.2633416863171274,0.7018918090337789,0.11078550768794332,0.3352166363513005
976,disturbed,4,extreme,mixed,0.9057169872137217,1.0257692027669065,2.6879000113306595,0.7744759321621674,0.5395738154971569,-0.23490211666501049,0.23490211666501049,0.5475095941956787,-0.019532630721016186,-0.41178043292233213,0.41178043292233213,0.48935419047932127,1.1085910125777316,0.008943026787378627,0.5750734654382746
976,disturbed,5,medium,tilt,0.9276205163565349,0.9848857207356635,1.1904497405468426,0.6592590107907421,0.6064730307637388,-0.0527859800270033,0.0527859800270033,-0.6738291547847706,-0.019181036963912712,-0.31924908052322365,0.31924908052322365,0.44613469791761096,1.3675950107834947,0.018218965205144988,0.5688842859186368
982,disturbed,1,high,mixed,0.325767655937067,0.7120006125789359,0.7612248598360165,0.477417673729324,0.4701119873980908,-0.0073056863312331854,0.0073056863312331854,-0.21452670035356025,-0.01744502095643341,-1.0,1.0,0.31177839023665066,0.9742834928886923,0.130694032307878,0.4508521276812449
982,disturbed,2,high,waviness,0.5902562735612378,2.2041646122693357,2.224660991472394,0.7169307540095698,0.6523766959063656,-0.06455405810320425,0.06455405810320425,0.6373652335461366,-0.03221654455870526,-1.0,1.0,0.6319548523006774,1.1284671930737793,0.18277324833749398,0.6941810779278038
982,disturbed,3,extreme,mixed,0.7228696336312941,1.296671758396075,0.8489088563506295,0.7767919522097304,1.1072736053519732,0.33048165314224276,0.33048165314224276,-0.5541042127866787,-0.00790236891362417,-1.0,1.0,0.7399767119923372,2.514032971469192,0.07187805068442354,1.0950728510818737
982,disturbed,4,extreme,twist,0.9331289934302877,1.5216586743138596,1.7705916543179605,0.9711868791249608,1.222730500616363,0.2515436214914021,0.2515436214914021,0.8078956475609389,-0.023004575005763472,-1.0,1.0,1.0110815622301694,2.4472491280329653,0.2245660943545188,1.1786146523106689
982,disturbed,5,medium,mixed,1.2342010745948173,1.144271988448079,0.988484754543475,1.6331744930626786,1.411127038148805,-0.22204745491387357,0.22204745491387357,0.02985934338269214,-0.09428570763432642,1.0,1.0,0.9176016601355519,1.9454780984239486,1.480431207779699,1.0807374824704528
