assembly_id,batch_condition,component_index,severity,scenario_type,predicted_quality,actual_quality,prediction_absolute_error,true_best_of_20_quality,absolute_regret,exact_best_hit,top3_hit,selected_true_rank,selected_beats_zero,selected_source,z_adj,theta_adj,locator_offset,correction_utilization,mean_gap,max_gap,parallelism,rms
6,normal,1,high,tilt,0.0010756362906502064,0.0,0.0010756362906502064,0.0,0.0,True,True,1,True,informed,-0.0,-0.0346546941707446,-0.0,0.028878911808953835,0.0,0.0,0.0,0.0
6,normal,2,medium,tilt,0.001723214417790804,0.0,0.001723214417790804,0.0,0.0,True,True,1,True,informed,-0.0,0.02924611150338,-0.0,0.02437175958615,0.0,0.0,0.0,0.0
6,normal,3,high,twist,0.03581911783954268,0.035471845972487814,0.00034727186705486857,0.035471845972487814,0.0,True,True,1,False,zero,0.0,0.0,0.0,0.0,0.03656312818847778,0.06720522698015007,2.842486095923803e-17,0.04341339421899454
6,normal,4,extreme,mixed,0.10179236920860843,0.09891157169136139,0.0028807975172470413,0.09891157169136139,0.0,True,True,1,True,informed,-0.01828156409423889,-0.0450174663693205,-0.0,0.03751455530776708,0.106670432894405,0.18339557925705374,5.551115123125783e-17,0.11891768045923751
6,normal,5,low,mixed,0.10504903338691449,0.09770495000662678,0.007344083380287705,0.09770495000662678,0.0,True,True,1,True,informed,-0.3821156335632433,-0.0181897506828527,-0.0,0.1528462534252973,0.10665613020284975,0.1793740617359132,5.551115123125783e-17,0.1189589242499789
10,normal,1,high,mixed,0.15293476950881957,0.15296367629273605,2.8906783916482492e-05,0.15296367629273605,0.0,True,True,1,True,informed,0.436347442297402,-0.0,-0.0,0.1745389769189608,0.15818395687346887,0.2917939982434711,0.0,0.1797028975765408
10,normal,2,medium,mixed,0.21203522299410424,0.2076161825781179,0.004419040415986342,0.2076161825781179,0.0,True,True,1,True,informed,-0.13655467079224332,-0.0,-0.0,0.054621868316897325,0.19390619240014373,0.42325411673877095,4.163336342344337e-17,0.2246808983644351
10,normal,3,high,tilt,0.1663138669839326,0.16215562953322427,0.004158237450708341,0.16215562953322427,0.0,True,True,1,True,informed,-0.0835298738586856,-0.017972965727853,-0.0,0.03341194954347424,0.14349435099831584,0.33972424288008535,5.551115123125783e-17,0.17190051369703885
10,normal,4,extreme,mixed,0.17817922469218356,0.1423036756129845,0.03587554907919907,0.1423036756129845,0.0,True,True,1,True,informed,-0.041764936929342814,0.057479351098977,-0.0,0.0478994592491475,0.12729036807234798,0.29537337371433414,1.1102230246251565e-16,0.15504553076979852
10,normal,5,low,mixed,0.18237449592439525,0.18732961171281393,0.004955115788418674,0.18732961171281393,0.0,True,True,1,True,informed,-0.015597675602498688,-0.015423199886499997,-0.0,0.01285266657208333,0.16420958715071543,0.3937223840829573,2.7755575615628914e-17,0.19950020342712127
35,normal,1,medium,waviness,0.04928207981701331,0.04928207981701342,1.1102230246251565e-16,0.04928207981701342,0.0,True,True,1,False,zero,0.0,0.0,0.0,0.0,0.055512170719286894,0.088099282406246,6.473430252359273e-17,0.06198643879353527
35,normal,2,medium,offset,0.05023255584213834,0.049282079817013415,0.0009504760251249286,0.049282079817013415,0.0,True,True,1,True,informed,-0.5522520483471854,1.854501162162469e-18,-0.077817756851428,0.22090081933887418,0.05551217071928688,0.08809928240624598,1.1102230246251565e-16,0.06198643879353526
35,normal,3,high,mixed,0.089540101314,0.05987990556851286,0.029660195745487145,0.05987990556851286,0.0,True,True,1,True,informed,0.2169546660002164,-0.025831226620775697,-0.0,0.08678186640008656,0.05749954488950057,0.11996265026559312,1.214306433183765e-17,0.06641247021984742
35,normal,4,low,bend,0.08726433467379494,0.08300310463186417,0.004261230041930769,0.08300310463186417,0.0,True,True,1,False,zero,0.0,0.0,0.0,0.0,0.07170392485719121,0.1752675298363261,1.5856456772600502e-18,0.08911668223808973
35,normal,5,medium,bend,0.10097151340775087,0.09469179335386926,0.00627972005388161,0.09469179335386926,0.0,True,True,1,True,informed,-0.0298341444469134,4.542540255508197e-20,-0.0,0.01193365777876536,0.08593862953837007,0.19515072361674107,6.938893903907228e-18,0.10364987407335925
41,normal,1,medium,twist,0.02533240218981978,0.0253324021898197,7.979727989493313e-17,0.0253324021898197,0.0,True,True,1,False,zero,0.0,0.0,0.0,0.0,0.026111747026271035,0.04799496029723769,2.0299761409868907e-17,0.031003899927670747
41,normal,2,medium,waviness,0.03853759358629653,0.03882512844243221,0.0002875348561356822,0.03882512844243221,0.0,True,True,1,True,informed,0.013055873513135518,5.81545326954013e-19,-0.0,0.005222349405254207,0.03537691763636787,0.08012998944051856,4.683753385137379e-17,0.041730563193662626
41,normal,3,high,bend,0.17534551666990048,0.17459922674548017,0.0007462899244203014,0.17459922674548017,0.0,True,True,1,False,zero,0.0,0.0,0.0,0.0,0.1718103116599686,0.34325273842942144,1.0408340855860843e-17,0.20080311718663135
41,normal,4,low,twist,0.12721785618243875,0.1245604968666774,0.0026573593157613457,0.1245604968666774,0.0,True,True,1,True,informed,-0.08571555455889251,2.981770013872047e-19,-0.0,0.034286221823557006,0.11228625812470379,0.25771523529740636,1.3877787807814457e-17,0.1356004884004436
41,normal,5,medium,bend,0.14509126289773377,0.1484281750297853,0.003336912132051534,0.1484281750297853,0.0,True,True,1,True,informed,-0.04332830881481603,3.975693351829396e-19,-0.0,0.017331323525926413,0.1376862517310982,0.3022547446764407,0.0,0.16445876107523658
53,normal,1,medium,bend,0.0798131608887754,0.0798131608887753,9.71445146547012e-17,0.0798131608887753,0.0,True,True,1,False,zero,0.0,0.0,0.0,0.0,0.0899175897562229,0.1426663759324753,1.7471592063165886e-17,0.10037971182165843
53,normal,2,medium,tilt,0.05344522526399213,0.05210748692256301,0.001337738341429126,0.05210748692256301,0.0,True,True,1,True,informed,-0.04495879487811145,-0.0197716794814897,-0.0,0.01798351795124458,0.05487004762344101,0.09770758105436386,2.7755575615628914e-17,0.06334198319221536
53,normal,3,high,tilt,0.058284198747854926,0.04086341760691878,0.017420781140936148,0.04086341760691878,0.0,True,True,1,True,informed,-0.022479397439055727,0.0098160088795231,0.0030255245890246,0.00899175897562229,0.0443290901080871,0.07522818361530814,4.163336342344337e-17,0.04996235489900187
53,normal,4,low,mixed,0.06180277920683795,0.05444790922285042,0.00735486998398753,0.05444790922285042,0.0,True,True,1,True,informed,0.2625907960521642,-0.0070018444584287005,-0.0,0.10503631842086567,0.048640831919959125,0.11301832002208062,0.0,0.059501636402384976
53,normal,5,medium,twist,0.06826159280426357,0.057620271972235786,0.010641320832027783,0.057620271972235786,0.0,True,True,1,True,informed,-0.005619849359763938,-0.0,-0.0847632076141395,0.0847632076141395,0.05070973166047393,0.12081329076931055,0.0,0.06163365243300444
63,normal,1,medium,mixed,0.12176490708258575,0.12146743898785216,0.00029746809473359115,0.12146743898785216,0.0,True,True,1,True,informed,-0.1711060193020257,-0.0,-0.0,0.06844240772081028,0.1073578367192571,0.2545237172174615,5.551115123125783e-17,0.1290297280683658
63,normal,2,medium,mixed,0.2287506153916513,0.2328507912418061,0.004100175850154791,0.2328507912418061,0.0,True,True,1,True,informed,-0.048767088321880626,1.5902773407317584e-18,-0.0,0.01950683532875225,0.21407801657786057,0.47806287837895084,3.469446951953614e-17,0.2520852275476268
63,normal,3,high,mixed,0.24453755492299828,0.23116667642170882,0.013370878501289457,0.23116667642170882,0.0,True,True,1,True,informed,-0.8981433175730067,9.93923337957349e-19,-0.0,0.35925732702920266,0.20391939612602447,0.48451619820563163,1.1102230246251565e-16,0.24635998122211944
63,normal,4,low,waviness,0.19833721029174933,0.19957637581044047,0.0012391655186911321,0.19957637581044047,0.0,True,True,1,True,informed,-0.07447295005277084,3.180554681463517e-18,-0.0,0.029789180021108336,0.17637494757080197,0.4180914372709941,5.551115123125783e-17,0.21236460357901596
63,normal,5,medium,tilt,0.19042297774409045,0.1863635895446471,0.004059388199443348,0.1863635895446471,0.0,True,True,1,True,informed,-0.037236475026385434,0.013033261025132302,-0.0,0.014894590010554173,0.1729123262869222,0.3808549622446087,5.551115123125783e-17,0.20233402985187818
65,normal,1,medium,twist,0.007071643361087788,0.007071643361087817,2.862293735361732e-17,0.007071643361087817,0.0,True,True,1,False,zero,0.0,0.0,0.0,0.0,0.0072892006498673214,0.013397988860607534,5.6667611673817275e-18,0.00865486507945358
65,normal,2,medium,tilt,0.007165055417716238,0.0050235111743866055,0.002141544243329633,0.0050235111743866055,0.0,True,True,1,True,informed,0.0036446003249336607,0.007170438703609,-0.0,0.005975365586340834,0.005018006986434858,0.009753388535673875,0.0,0.005920925177539857
65,normal,3,high,mixed,0.17461985906575767,0.17500309739973588,0.00038323833397821416,0.17500309739973588,0.0,True,True,1,True,informed,0.12378119440052412,-0.0222236061858936,-0.0,0.04951247776020965,0.15277380579820427,0.36848701015055474,9.71445146547012e-17,0.18624852615108148
65,normal,4,low,bend,0.1997773263252168,0.19377934096460667,0.005997985360610136,0.19377934096460667,0.0,True,True,1,True,informed,-0.06625742452376929,2.782985346280577e-18,-0.0,0.026502969809507716,0.16919702261126315,0.4088981194497844,2.7755575615628914e-17,0.20350798346292417
65,normal,5,medium,twist,0.16240386506391397,0.16111676767378577,0.0012870973901281946,0.16111676767378577,0.0,True,True,1,True,informed,-0.06783374379301738,7.951386703658792e-19,-0.0,0.02713349751720695,0.1386807173583237,0.34244490304663405,2.7755575615628914e-17,0.16779081552298458
76,normal,1,high,twist,0.03307338625741063,0.033073386257410645,1.3877787807814457e-17,0.033073386257410645,0.0,True,True,1,False,zero,0.0,0.0,0.0,0.0,0.03409088047728498,0.0626610871099125,2.6502889264551492e-17,0.04047795981251389
76,normal,2,medium,mixed,0.06719676582578264,0.06696749600832567,0.0002292698174569674,0.06696749600832567,0.0,True,True,1,False,zero,0.0,0.0,0.0,0.0,0.05743760037992726,0.1400171117974158,1.0408340855860843e-17,0.07731082355122747
76,normal,3,high,twist,0.05576755986816833,0.05512748169474398,0.0006400781734243535,0.05512748169474398,0.0,True,True,1,True,informed,-0.027824214006322175,2.981770013872047e-19,-0.0,0.01112968560252887,0.05049701303820809,0.11219289779109362,3.469446951953614e-18,0.06320508445953472
76,normal,4,extreme,twist,0.052944711640578665,0.046497665442507496,0.0064470461980711685,0.046497665442507496,0.0,True,True,1,True,informed,-0.02007475969098368,-9.93923337957349e-20,-0.0,0.008029903876393473,0.045276033298844394,0.09211813810010994,6.938893903907228e-18,0.05279414022821201
76,normal,5,low,waviness,0.05505988741237957,0.054773655885831114,0.0002862315265484555,0.054773655885831114,0.0,True,True,1,True,informed,-0.01016467510280245,-1.987846675914698e-19,-0.0086503984176214,0.0086503984176214,0.04885536016196399,0.11452296177702413,2.0816681711721685e-17,0.0576015930413467
92,normal,1,high,bend,0.13482902395611512,0.13482902395611496,1.6653345369377348e-16,0.13482902395611496,0.0,True,True,1,False,zero,0.0,0.0,0.0,0.0,0.15189851809293403,0.2410074730048318,2.951490303859594e-17,0.16957226626785174
92,normal,2,medium,twist,0.08668915033237093,0.08665018984196364,3.896049040728877e-05,0.08665018984196364,0.0,True,True,1,True,informed,-0.07594925904646702,-8.455396884246981e-19,-0.0,0.030379703618586808,0.08913703227536776,0.16505821395836479,0.0,0.10391615971843875
92,normal,3,high,twist,0.0724352071077971,0.06942423201952902,0.0030109750882680864,0.06942423201952902,0.0,True,True,1,True,informed,-0.035088022291651665,-0.0,-0.0,0.014035208916660666,0.07373136814512794,0.12997019166671311,2.7755575615628914e-17,0.08313764075976694
92,normal,4,extreme,mixed,0.13323289544851122,0.12570113410713052,0.007531761341380699,0.12570113410713052,0.0,True,True,1,True,informed,0.6052324493871896,7.951386703658792e-19,0.1399420255229022,0.24209297975487581,0.11255026438240884,0.2612551020699117,2.220446049250313e-16,0.13559524171434295
92,normal,5,low,mixed,0.15191896472327063,0.15436214740460877,0.0024431826813381408,0.15436214740460877,0.0,True,True,1,True,informed,-0.003078134152212658,0.004819274935960806,-0.0,0.004016062446634006,0.14196841994604956,0.3165846903784733,1.6653345369377348e-16,0.1679621430725183
93,normal,1,medium,mixed,0.07520964355790265,0.07433762324456941,0.0008720203133332355,0.07433762324456941,0.0,True,True,1,True,informed,-0.0,-0.008983882898645,-0.0,0.007486569082204167,0.08418084022126002,0.1323639331376631,1.3877787807814457e-17,0.09374191236892476
93,normal,2,medium,waviness,0.0919365093952462,0.08712711833701302,0.004809391058233178,0.08712711833701302,0.0,True,True,1,True,informed,-0.04209042011063001,-3.975693351829396e-19,-0.0,0.016836168044252003,0.07503095487456524,0.18499853730556076,5.551115123125783e-17,0.0911827068297522
93,normal,3,high,mixed,0.2596604234206088,0.2603484003662207,0.0006879769456119011,0.2603484003662207,0.0,True,True,1,True,informed,-0.021045210055315015,-0.0341286798974627,-0.0,0.02844056658121892,0.22427913358639717,0.5515379164607909,1.6653345369377348e-16,0.2760328535206423
93,normal,4,low,mixed,0.32021773730588354,0.30240832220368785,0.01780941510219569,0.30240832220368785,0.0,True,True,1,True,informed,-0.09500945755857465,-0.018053204084411897,-0.0525414996566263,0.0525414996566263,0.2597056336066923,0.6425312724124497,1.3877787807814457e-16,0.3173725039794521
93,normal,5,medium,mixed,0.30737177203159255,0.31911220241462607,0.011740430383033518,0.31911220241462607,0.0,True,True,1,True,informed,-0.08000651654322367,-0.017147504437881798,-0.0,0.03200260661728947,0.2923546776745262,0.6573088398189039,1.3877787807814457e-16,0.3421314716659701
96,normal,1,high,twist,0.01792121725514087,0.017921217255140964,9.367506770274758e-17,0.017921217255140964,0.0,True,True,1,False,zero,0.0,0.0,0.0,0.0,0.018472558893650463,0.03395367340979294,1.4360913415467e-17,0.0219334756410794
96,normal,2,medium,waviness,0.07451940812331019,0.07432935442439477,0.00019005369891542112,0.07432935442439477,0.0,True,True,1,True,informed,0.009236279446825231,4.1140986432953164e-19,-0.0,0.0036945117787300927,0.0773268117158109,0.14152022139931691,9.71445146547012e-17,0.08675244489856387
96,normal,3,high,offset,0.0738442893264043,0.07288963006969292,0.0009546592567113849,0.07288963006969292,0.0,True,True,1,True,informed,-0.49429294871970475,2.782985346280577e-18,-0.0,0.1977171794878819,0.07726905258441037,0.13690208167590429,1.1102230246251565e-16,0.08638289791598494
96,normal,4,extreme,bend,0.2441035107050525,0.251378047235117,0.007274536530064463,0.22357295867572075,0.02780508855939623,False,True,2,False,zero,0.0,0.0,0.0,0.0,0.24231859460634647,0.5020053456253755,6.418476861114186e-17,0.2808086516560037
96,normal,5,low,bend,0.22176764657178782,0.20633445954277588,0.015433187029011947,0.20633445954277588,0.0,True,True,1,True,informed,-0.11846576489388724,1.8387581752210954e-18,-0.132806025917909,0.132806025917909,0.18582972872144898,0.4286948740582054,2.7755575615628914e-17,0.2197707870887957
99,normal,1,medium,mixed,0.03315712248775331,0.033157122487753224,8.326672684688674e-17,0.033157122487753224,0.0,True,True,1,True,informed,0.2178304506891952,-0.0,-0.0,0.08713218027567808,0.032480040614928304,0.06564896574755089,2.7755575615628914e-17,0.03718420579009464
99,normal,2,medium,waviness,0.11155401313482523,0.11569930336045879,0.004145290225633563,0.11569930336045879,0.0,True,True,1,True,informed,-0.004852462604545173,7.951386703658792e-19,-0.0,0.001940985041818069,0.12683586424437848,0.21160197800730632,1.249000902703301e-16,0.14167950684953312
99,normal,3,high,mixed,0.12565020369445204,0.12143675123864126,0.004213452455810784,0.12143675123864126,0.0,True,True,1,True,informed,-0.11324111252423019,3.578124016646456e-18,-0.0,0.04529644500969208,0.12755078217984456,0.22950185610341128,8.326672684688674e-17,0.1432095975366449
99,normal,4,low,mixed,0.16432700769607195,0.15900095363150593,0.005326054064566016,0.15900095363150593,0.0,True,True,1,True,informed,0.21028928430381244,2.3854160110976377e-18,-0.0,0.08411571372152497,0.15872743122748834,0.31144242134133165,5.551115123125783e-17,0.17949997860859906
99,normal,5,medium,mixed,0.2213694736594159,0.22384958420197354,0.0024801105425576453,0.22384958420197354,0.0,True,True,1,True,informed,-0.18701073839523064,1.5902773407317584e-18,-0.0,0.07480429535809226,0.19788311031764816,0.4663631084390578,0.0,0.24575718574961739
124,normal,1,high,twist,0.011990954800128227,0.011990954800128253,2.6020852139652106e-17,0.011990954800128253,0.0,True,True,1,False,zero,0.0,0.0,0.0,0.0,0.01235985343980629,0.022718153424447243,9.608781658177927e-18,0.014675527408521917
124,normal,2,medium,bend,0.05965322513659215,0.05897811274238624,0.0006751123942059095,0.05897811274238624,0.0,True,True,1,True,informed,-0.006179926719903145,-2.7527131763815603e-19,-0.0,0.0024719706879612583,0.0722442274614259,0.09822108927313997,1.734723475976807e-17,0.07838517722016476
124,normal,3,high,waviness,0.04360662362176029,0.04163952016555141,0.001967103456208881,0.04163952016555141,0.0,True,True,1,True,informed,-0.035990104212476136,-4.969616689786745e-19,-0.0,0.014396041684990455,0.04434916683621752,0.0781583347340079,1.3877787807814457e-17,0.04887269694483777
124,normal,4,extreme,mixed,0.20858817215261555,0.20822533397816056,0.00036283817445498245,0.20822533397816056,0.0,True,True,1,True,informed,-0.017995052106238068,3.975693351829396e-19,-0.0,0.0071980208424952275,0.21703594344243024,0.3948710249711471,0.0,0.24653243454087378
124,normal,5,low,mixed,0.18369674405587072,0.17584589254373412,0.007850851512136603,0.17584589254373412,0.0,True,True,1,True,informed,-0.10432529610178994,-0.0,0.0163772602071108,0.041730118440715974,0.17067359555238615,0.3504946933345534,2.7755575615628914e-17,0.19495405877652236
131,normal,1,medium,mixed,0.05711066950475155,0.05600026852531448,0.0011104009794370706,0.05600026852531448,0.0,True,True,1,True,informed,-0.5034903408849344,0.0074452404015871,-0.0,0.20139613635397374,0.0505978522353803,0.11588246986592199,5.551115123125783e-17,0.060561718949237835
131,normal,2,medium,waviness,0.09707704920467015,0.09467521244583557,0.002401836758834583,0.09467521244583557,0.0,True,True,1,True,informed,-0.01324036553881502,1.5902773407317584e-18,-0.0,0.005296146215526008,0.09751187417176715,0.18153656746138586,8.673617379884035e-17,0.10960679955889649
131,normal,3,high,waviness,0.198903220453692,0.18910507507688118,0.009798145376810813,0.18910507507688118,0.0,True,True,1,True,informed,-0.006620182769407511,2.4848083448933728e-18,0.3350622533076315,0.3350622533076315,0.20593919271973266,0.34779881109227123,1.700029006457271e-16,0.22983673933279966
131,normal,4,low,bend,0.19505521437061893,0.19998170994708622,0.0049264955764672935,0.19998170994708622,0.0,True,True,1,True,informed,-0.003310091384703757,4.8702243559910105e-18,-0.0,0.0013240365538815027,0.20737392621023587,0.38162990525062385,7.632783294297951e-17,0.23280560508828294
131,normal,5,medium,bend,0.2508155741399468,0.24948430830843465,0.0013312658315121628,0.24948430830843465,0.0,True,True,1,True,informed,-0.018207553151889308,2.1866313435061677e-18,-0.0,0.007283021260755723,0.2278017029766753,0.513056253761121,1.3877787807814457e-17,0.2722692128709579
152,normal,1,high,mixed,0.06823677413232675,0.06782657075546426,0.00041020337686248354,0.06782657075546426,0.0,True,True,1,True,informed,0.4181847801548422,-0.0082049005269157,-0.0,0.16727391206193687,0.06711205631790813,0.1334536079858968,5.551115123125783e-17,0.07656871464322776
152,normal,2,medium,mixed,0.08245945341647995,0.06475801313726491,0.01770144027921504,0.06475801313726491,0.0,True,True,1,True,informed,-0.10699682110305285,0.0198417312885919,-0.0,0.04279872844122114,0.06661733630007599,0.12427589245950367,2.7755575615628914e-17,0.07490044509391015
152,normal,3,high,offset,0.06268436912888052,0.0633157496938349,0.0006313805649543758,0.0633157496938349,0.0,True,True,1,True,informed,-0.23365538741297767,7.951386703658792e-19,-0.0,0.09346215496519107,0.06653961792059059,0.11968703469630712,2.7755575615628914e-17,0.07447753908765582
152,normal,4,extreme,mixed,0.23444953092315823,0.2321541610582206,0.002295369864937641,0.2321541610582206,0.0,True,True,1,True,informed,-0.40066285668131973,7.951386703658792e-19,-0.0,0.1602651426725279,0.2065404520090113,0.4816792230671356,5.551115123125783e-17,0.2568825853537649
152,normal,5,low,waviness,0.21293452894476517,0.2157706605348268,0.00283613159006163,0.2157706605348268,0.0,True,True,1,True,informed,-0.0860875180542566,1.5902773407317584e-18,-0.0,0.03443500722170264,0.20133875535580784,0.4393338905329309,5.551115123125783e-17,0.23568866768205174
154,normal,1,high,mixed,0.001930349199363258,0.0,0.001930349199363258,0.0,0.0,True,True,1,True,informed,0.5080329121365809,-0.0268438186277741,-0.0198837007237082,0.20321316485463234,0.0,0.0,0.0,0.0
154,normal,2,medium,mixed,0.07567742304506188,0.07049698180450267,0.005180441240559205,0.07049698180450267,0.0,True,True,1,True,informed,-0.25594785496698,-8.424150806100846e-05,-0.0,0.10237914198679202,0.07348384030698889,0.13395574179004788,1.1102230246251565e-16,0.08265107175391609
154,normal,3,high,bend,0.16269594019476072,0.16008584021297265,0.002610099981788072,0.16008584021297265,0.0,True,True,1,True,informed,-0.005692509636338024,3.180554681463517e-18,-0.0,0.0022770038545352096,0.1517050578302261,0.32295181266433787,2.862293735361732e-17,0.1768877906460348
154,normal,4,extreme,twist,0.12586605962468667,0.12506996058045794,0.0007960990442287263,0.12506996058045794,0.0,True,True,1,True,informed,-0.07123570923399866,8.19986753814813e-19,-0.0,0.028494283693599465,0.11510453792448917,0.25613475516634987,1.3877787807814457e-17,0.13698172653206242
154,normal,5,low,tilt,0.10925335954191769,0.102685540317329,0.0065678192245886835,0.102685540317329,0.0,True,True,1,True,informed,-0.04464812185529665,-0.0119033511769821,-0.0,0.01785924874211866,0.09311026382270564,0.21148663331105322,0.0,0.11306471177201347
172,offset_drift,1,high,waviness,0.07691706122781618,0.07692003960886107,2.9783810448907877e-06,0.07692003960886107,0.0,True,True,1,True,informed,-0.2127965395679451,-0.0,-0.0,0.08511861582717803,0.0866440374748002,0.13750637792403453,1.1102230246251565e-16,0.09674914989210628
172,offset_drift,2,medium,waviness,0.11335856099689641,0.11375219978551117,0.00039363878861475854,0.11375219978551117,0.0,True,True,1,True,informed,-0.2127965395679451,3.180554681463517e-18,-0.0,0.08511861582717803,0.12813240751271532,0.20334951792711875,1.1102230246251565e-16,0.14307622153560917
172,offset_drift,3,high,waviness,0.15553050076568425,0.16007534485117694,0.004544844085492689,0.16007534485117694,0.0,True,True,1,True,informed,-0.2127965395679451,3.180554681463517e-18,-0.0,0.08511861582717803,0.1803115839331834,0.28615925027280426,1.1102230246251565e-16,0.20134094589380613
172,offset_drift,4,extreme,mixed,0.32440803717056815,0.3266362986244863,0.0022282614539181345,0.3266362986244863,0.0,True,True,1,True,informed,-0.2127965395679451,3.180554681463517e-18,-0.0,0.08511861582717803,0.2848465394642882,0.6884585276976891,2.7755575615628914e-17,0.346447784758931
172,offset_drift,5,low,bend,0.3133853381226003,0.3010130251550235,0.012372312967576793,0.3010130251550235,0.0,True,True,1,True,informed,-0.33639864597849045,7.951386703658792e-19,0.0548566127151047,0.1345594583913962,0.2566779578282368,0.6429888029854705,2.7755575615628914e-17,0.3111299691091129
195,offset_drift,1,medium,mixed,0.1288065049346782,0.12863001469343416,0.00017649024124405388,0.058666227383382515,0.06996378731005165,False,True,2,True,informed,0.2648561195507733,-0.0,-0.0,0.10594244782030933,0.1409259102114208,0.234638029184241,5.551115123125783e-17,0.15960832874735603
195,offset_drift,2,medium,mixed,0.233816181454304,0.178653078050986,0.05516310340331801,0.178653078050986,0.0,True,True,1,True,informed,0.19118236025948468,-0.0161726662852129,0.0718017543459846,0.07647294410379388,0.1878778589979137,0.334558535225532,2.7755575615628914e-17,0.21922159783952264
195,offset_drift,3,high,mixed,0.17148120897875382,0.14525747263139677,0.026223736347357057,0.14525747263139677,0.0,True,True,1,True,informed,-0.9978008619385226,-7.951386703658792e-19,-0.0,0.39912034477540903,0.1352665207245429,0.2955635005002839,0.0,0.16008466263948715
195,offset_drift,4,low,mixed,0.15964206674911577,0.15768307895336664,0.0019589877957491286,0.15768307895336664,0.0,True,True,1,True,informed,-0.2538387122940719,-0.0119633824174423,-0.0,0.10153548491762876,0.15040039245332174,0.3163860590873563,0.0,0.17647143491163222
195,offset_drift,5,medium,mixed,0.18916112784012742,0.200560756477623,0.011399628637495579,0.200560756477623,0.0,True,True,1,True,informed,-0.6862064068029359,-0.0,-0.0,0.27448256272117433,0.19794148823513014,0.39450093440024925,0.0,0.22828029687009205
196,offset_drift,1,high,mixed,0.05804256938383344,0.05804256938383355,1.1102230246251565e-16,0.05804256938383355,0.0,True,True,1,True,informed,-0.6277737030144244,-0.0,-0.0,0.25110948120576976,0.07131969493475816,0.09652363276615872,0.0,0.07689571073558485
196,offset_drift,2,medium,mixed,0.11544891149271014,0.11929483703935091,0.0038459255466407744,0.11929483703935091,0.0,True,True,1,True,informed,-0.24845638703532416,-0.0,-0.0,0.09938255481412966,0.12091011195437812,0.22864650634696856,0.0,0.1442785154894692
196,offset_drift,3,high,bend,0.18348222571958012,0.18284741149213063,0.0006348142274494872,0.18284741149213063,0.0,True,True,1,True,informed,-0.270606092395999,-0.0,-0.0,0.1082424369583996,0.18722018330322612,0.34855002943340607,2.7755575615628914e-17,0.2211634767114098
196,offset_drift,4,extreme,mixed,0.37007515306188005,0.3703558025213056,0.00028064945942557484,0.3703558025213056,0.0,True,True,1,True,informed,-0.340055535282179,-7.951386703658792e-19,-0.3375386807638177,0.3375386807638177,0.33143044521951753,0.7724783969372261,1.3877787807814457e-16,0.39183149874282536
196,offset_drift,5,low,twist,0.33710026528100606,0.30196034954973006,0.035139915731276006,0.30196034954973006,0.0,True,True,1,True,informed,-0.3439281252250386,3.975693351829396e-18,-0.1222095596142532,0.13757125009001542,0.26251205409457806,0.6384599037210155,5.551115123125783e-17,0.31668762205052003
222,offset_drift,1,high,mixed,0.2098046039291825,0.09313781154068652,0.11666679238849596,0.09313781154068652,0.0,True,True,1,True,informed,0.398046641962026,0.016669590490269,-0.0,0.1592186567848104,0.09718774806666204,0.17684114488536756,1.1102230246251565e-16,0.10929143655077615
222,offset_drift,2,medium,tilt,0.11823685799443441,0.0907891080926955,0.027447749901738913,0.0907891080926955,0.0,True,True,1,True,informed,-0.22021250728485883,0.025045658160302305,-0.0738284058799045,0.08808500291394353,0.09702718434476608,0.16942517716845384,4.9439619065339e-17,0.1085339963872952
222,offset_drift,3,high,waviness,0.11554428085184482,0.11825639322404848,0.0027121123722036594,0.11825639322404848,0.0,True,True,1,True,informed,-0.21650452342640195,1.4163407565892223e-18,-0.0,0.08660180937056078,0.12923170305866222,0.21688186104432847,8.326672684688674e-17,0.1442232399315125
222,offset_drift,4,extreme,mixed,0.275311088111833,0.3116722774878206,0.03636118937598759,0.3116722774878206,0.0,True,True,1,True,local_informed,0.42315041623595323,0.019422522105626762,0.18020770470603614,0.18020770470603614,0.26475988630778663,0.6152093893944629,0.050183877921421594,0.32626331400719305
222,offset_drift,5,low,offset,0.263654774972233,0.2554840373863245,0.008170737585908472,0.2554840373863245,0.0,True,True,1,True,informed,-0.15836852518389144,0.001437662201041726,-0.0,0.06334741007355657,0.22807739282179548,0.5086154461428094,0.0250919389765088,0.2694860400399042
237,offset_drift,1,medium,mixed,0.030979804671818413,0.030394364092853423,0.0005854405789649901,0.030394364092853423,0.0,True,True,1,True,informed,0.09745978089767499,-0.0012555895446059,-0.0,0.03898391235906999,0.031591491866055185,0.05741665250555689,2.7755575615628914e-17,0.03691920781369794
237,offset_drift,2,medium,mixed,0.1732990491906283,0.17259525558609223,0.0007037936045360682,0.17259525558609223,0.0,True,True,1,True,informed,-0.2285922855009727,-0.0154086578672594,-0.0,0.09143691420038907,0.16207771635181664,0.3503879426708847,8.326672684688674e-17,0.18855557879281798
237,offset_drift,3,high,tilt,0.15433998145949124,0.13000537964728168,0.02433460181220956,0.13000537964728168,0.0,True,True,1,True,informed,-0.2882588338554293,0.0875535215549887,-0.0,0.11530353354217171,0.11312473078250544,0.2749256483834005,1.1102230246251565e-16,0.13590265897509873
237,offset_drift,4,low,mixed,0.16720046047284995,0.17105447050958975,0.0038540100367397967,0.17105447050958975,0.0,True,True,1,True,informed,-0.20312498553518876,3.180554681463517e-18,-0.0,0.0812499942140755,0.14602298818853626,0.3651369448684175,1.1102230246251565e-16,0.177064905925036
237,offset_drift,5,medium,mixed,0.17215946796878562,0.1570679463943664,0.015091521574419231,0.1570679463943664,0.0,True,True,1,True,informed,-0.281099424937727,-0.029417135404326597,-0.0,0.1124397699750908,0.1367272467956779,0.3312704465826495,5.551115123125783e-17,0.1666863838086817
255,offset_drift,1,medium,waviness,0.037244668344366974,0.03843259659909643,0.0011879282547294576,0.03843259659909643,0.0,True,True,1,True,informed,-0.2127965395679451,-0.0,-0.0,0.08511861582717803,0.043291128773708845,0.06870416577305721,5.551115123125783e-17,0.048340082350665996
255,offset_drift,2,medium,mixed,0.15654272206045955,0.14109156837174186,0.01545115368871769,0.14109156837174186,0.0,True,True,1,True,informed,-0.2127965395679451,-0.0232405454286489,-0.0,0.08511861582717803,0.12231656717417971,0.2976256038403112,5.551115123125783e-17,0.15108917067394562
255,offset_drift,3,high,mixed,0.26469270705094855,0.28843813238129545,0.023745425330346903,0.28843813238129545,0.0,True,True,1,True,informed,-0.5235727163698954,0.0494019355405418,-0.0,0.20942908654795817,0.28474368623432267,0.5683794091453536,5.551115123125783e-17,0.3250120376739255
255,offset_drift,4,low,waviness,0.24777133582013144,0.24091494200840968,0.0068563938117217615,0.24091494200840968,0.0,True,True,1,True,informed,-0.34810820274707066,1.5902773407317584e-18,-0.0,0.13924328109882828,0.21110827232982193,0.5068878769004721,1.1102230246251565e-16,0.25516097239321434
255,offset_drift,5,medium,bend,0.29876867823067327,0.2901805556934448,0.00858812253722846,0.2901805556934448,0.0,True,True,1,True,informed,-0.28045237115750793,3.180554681463517e-18,-0.0,0.11218094846300317,0.25972700022846346,0.6046321979716118,2.7755575615628914e-17,0.30872796233422234
266,offset_drift,1,high,mixed,0.14226988877692673,0.14936897672847704,0.007099087951550315,0.08605261354949126,0.06331636317898579,False,True,2,True,local_informed,-0.18673274353037791,0.00022423557550819984,-0.20177084933057837,0.20177084933057837,0.10851116185832349,0.194968321943214,0.154232890506365,0.12055264436106292
266,offset_drift,2,medium,mixed,0.2511846502003311,0.19501232287224007,0.05617232732809102,0.19501232287224007,0.0,True,True,1,True,informed,-0.2655979703304204,0.006901008345753409,0.2747184883317183,0.2747184883317183,0.17927744657648254,0.3267502731280837,0.07711644530933767,0.20069073368068888
266,offset_drift,3,high,mixed,0.21471459806367793,0.22088164077815384,0.006167042714475907,0.22088164077815384,0.0,True,True,1,True,informed,-0.29683496395031017,0.022116532746424063,-0.0,0.11873398558012407,0.1892811780786805,0.43353265405237507,0.03855821754067518,0.22470025876634597
266,offset_drift,4,extreme,mixed,0.19324808545969505,0.1893058999909788,0.003942185468716247,0.1893058999909788,0.0,True,True,1,True,informed,-0.28636838253517033,0.0011046115647665722,-0.0,0.11454735301406813,0.17482472674490737,0.37023936040406585,0.019279108777503356,0.20002941213035816
266,offset_drift,5,low,waviness,0.1890607224191804,0.20461499212359488,0.01555426970441448,0.20461499212359488,0.0,True,True,1,True,informed,-0.23461379518426845,0.0005523057827938534,-0.0,0.09384551807370738,0.20034090443011326,0.3967813996532433,0.00963955438964742,0.22586434581693687
274,offset_drift,1,high,tilt,5.234789921297332e-05,3.7333095177472255e-17,5.234789921293599e-05,3.7333095177472255e-17,0.0,True,True,1,True,informed,-0.2127965395679451,-0.0171319917133296,-3.010612855282417e-05,0.08511861582717803,7.419807342791888e-18,5.551115123125783e-17,5.551115123125783e-17,1.8004622358799977e-17
274,offset_drift,2,medium,bend,0.06513354933074098,0.06352181004176544,0.0016117392889755389,0.06352181004176544,0.0,True,True,1,True,informed,-0.2127965395679451,-1.5902773407317584e-18,-0.0,0.08511861582717803,0.07156373701159184,0.1135455146797012,8.326672684688674e-17,0.07989034534377508
274,offset_drift,3,high,twist,0.04462579550866174,0.03966443533897035,0.004961360169691391,0.03966443533897035,0.0,True,True,1,True,informed,-0.24857840807374101,-2.3854160110976377e-18,-0.0,0.0994313632294964,0.03904544993830118,0.07776364617390527,2.7755575615628914e-17,0.046217065053084
274,offset_drift,4,extreme,bend,0.29920335835469203,0.3228487532413189,0.02364539488662687,0.3228487532413189,0.0,True,True,1,True,informed,-0.2260797221170194,-7.951386703658792e-19,-0.0277726049581893,0.09043188884680776,0.349811033508262,0.5926421780965345,8.326672684688674e-17,0.40112789759879974
274,offset_drift,5,low,mixed,0.24793460626709674,0.23457648429291378,0.013358121974182957,0.23457648429291378,0.0,True,True,1,True,informed,-0.5529331763943702,-2.3854160110976377e-18,-0.0,0.2211732705577481,0.23273313222479913,0.4593168133308535,0.0,0.2696150062621799
281,offset_drift,1,medium,mixed,0.028212392837212222,3.8537871639819013e-17,0.028212392837212184,3.8537871639819013e-17,0.0,True,True,1,True,informed,-0.7416998504725204,0.0107234769973858,-0.0,0.2966799401890082,7.694615022154551e-18,1.1102230246251565e-16,0.0,2.922796394417954e-17
281,offset_drift,2,medium,mixed,0.10503051223168873,0.06897138176430849,0.03605913046738024,0.06897138176430849,0.0,True,True,1,True,informed,-0.2127965395679451,-0.0374936881349066,-0.0,0.08511861582717803,0.07769053443892243,0.12329693191854943,0.0,0.08675141857066931
281,offset_drift,3,high,mixed,0.17259257944034148,0.20182007374225996,0.029227494301918483,0.20182007374225996,0.0,True,True,1,True,informed,-0.2127965395679451,0.0134641540356332,-0.0,0.08511861582717803,0.20020656052699315,0.3964471185913435,9.71445146547012e-17,0.22823970006758934
281,offset_drift,4,low,mixed,0.2567863019102067,0.25388658646416684,0.002899715446039841,0.25388658646416684,0.0,True,True,1,True,informed,-0.23953229052558692,0.001050101831374103,0.0033602369891178,0.09581291621023477,0.23917745913976943,0.5138243179570937,5.551115123125783e-17,0.279860533351079
281,offset_drift,5,medium,waviness,0.286036435184464,0.2910405036283382,0.005004068443874243,0.2910405036283382,0.0,True,True,1,True,informed,-0.27033450494070477,1.5902773407317584e-18,-0.0,0.1081338019762819,0.29682455146184356,0.5621075726360619,1.3877787807814457e-16,0.33360866398966543
288,offset_drift,1,high,bend,0.08256299699940721,0.08256101171575589,1.9852836513206684e-06,0.08256101171575589,0.0,True,True,1,True,informed,-0.2127965395679451,-0.0,-0.0,0.08511861582717803,0.0930133213451028,0.1475781713647435,2.7755575615628914e-17,0.10383563902801979
288,offset_drift,2,medium,mixed,0.05627322084255548,0.05144324680466466,0.004829974037890823,0.05144324680466466,0.0,True,True,1,True,informed,-0.25930320024049647,0.0006773107770218993,-0.0,0.10372128009619859,0.05102533415540957,0.10107151069219211,5.551115123125783e-17,0.0581419335038414
288,offset_drift,3,high,waviness,0.11200290267499922,0.11217372274515859,0.0001708200701593665,0.11217372274515859,0.0,True,True,1,True,informed,-0.21965296777086044,1.5902773407317584e-18,-0.0,0.08786118710834417,0.10206464356227704,0.23177214369808055,1.1102230246251565e-16,0.12022686567051283
288,offset_drift,4,extreme,tilt,0.11417384282079424,0.11111660390656794,0.0030572389142262957,0.11111660390656794,0.0,True,True,1,True,informed,-0.21622475366940277,-0.013576477150398296,-0.0,0.08648990146776112,0.1020180350225969,0.22834392959662286,1.3877787807814457e-17,0.12008014520802028
288,offset_drift,5,low,mixed,0.1125617807197339,0.11060379238490194,0.0019579883348319616,0.11060379238490194,0.0,True,True,1,True,informed,-0.23127875228144962,-0.0017105635263782995,-0.0,0.09251150091257984,0.10203500637953482,0.22662982254589403,0.0,0.1200434370727328
290,offset_drift,1,high,waviness,0.08497224379363899,0.081079893883259,0.003892349910379997,0.081079893883259,0.0,True,True,1,True,informed,-0.2127965395679451,-0.0,-0.0,0.08511861582717803,0.09132976789659165,0.1449427559715879,1.1102230246251565e-16,0.10198136722805108
290,offset_drift,2,medium,mixed,0.11001774200482724,0.13385939048012307,0.023841648475295837,0.13385939048012307,0.0,True,True,1,True,informed,-0.4037906989484984,-0.015349584275505396,-0.0,0.16151627957939935,0.14908912724585524,0.24160250622807955,1.1102230246251565e-16,0.1665190043794262
290,offset_drift,3,high,mixed,0.25164468583103916,0.28667920772279315,0.03503452189175399,0.28667920772279315,0.0,True,True,1,False,zero,0.0,0.0,0.0,0.0,0.2630191082981816,0.5889127980897497,1.6653345369377348e-16,0.31099635806413717
290,offset_drift,4,extreme,tilt,0.27456721512744403,0.26379880681517265,0.010768408312271383,0.26379880681517265,0.0,True,True,1,True,informed,-0.27373382845028005,0.030208673558416402,-0.0,0.10949353138011202,0.25384106978852167,0.5279755092074148,1.6653345369377348e-16,0.292538331163917
290,offset_drift,5,low,mixed,0.27586942778355744,0.25373080373865786,0.02213862404489958,0.25373080373865786,0.0,True,True,1,True,informed,-0.24326518400911257,-0.017390653383306198,-0.0,0.09730607360364503,0.25209529193345526,0.4977375647046311,8.326672684688674e-17,0.28780946747231934
295,offset_drift,1,medium,mixed,0.0647483618016144,0.02454813422195557,0.04020022757965883,0.02454813422195557,0.0,True,True,1,True,informed,-0.34915612448319056,-0.0,-0.0036949639961914,0.13966244979327622,0.021156910087746998,0.05123471580153505,0.0,0.02830646455170958
295,offset_drift,2,medium,mixed,0.09491398786619613,0.08885663081018544,0.006057357056010695,0.08885663081018544,0.0,True,True,1,True,informed,-0.22283328187972215,-0.0143504800105772,-0.0,0.08913331275188886,0.08840387046726315,0.17452780725061745,1.3877787807814457e-16,0.0997712749482121
295,offset_drift,3,high,tilt,0.2460146375551969,0.08725484800986306,0.15875978954533382,0.08725484800986306,0.0,True,True,1,True,informed,-0.21781491072383363,-0.03703866705419019,0.1881805138313168,0.1881805138313168,0.08820941493002583,0.1695094360947289,4.163336342344337e-17,0.09939192702436637
295,offset_drift,4,low,waviness,0.09809775240591177,0.10989299016570353,0.011795237759791757,0.10989299016570353,0.0,True,True,1,True,informed,-0.21530572514588936,1.1927080055488189e-18,-0.0,0.08612229005835574,0.11443598154064907,0.20905126585858902,8.326672684688674e-17,0.12846815945932089
295,offset_drift,5,medium,mixed,0.14848752460900988,0.16286165882170994,0.014374134212700063,0.16286165882170994,0.0,True,True,1,True,informed,-0.21405113235691722,-0.013927671565854399,-0.0,0.08562045294276689,0.1745738789189312,0.3032366728952426,1.249000902703301e-16,0.19518493277457766
313,offset_drift,1,medium,tilt,0.18091125973414074,4.00346857624826e-17,0.1809112597341407,4.00346857624826e-17,0.0,True,True,1,True,informed,-0.2127965395679451,-0.0547753617100979,-0.1076915001383169,0.1076915001383169,1.2675504210602809e-17,1.1102230246251565e-16,0.0,2.925343760547062e-17
313,offset_drift,2,medium,bend,0.04894958925381986,0.046381623358099665,0.002567965895720198,0.046381623358099665,0.0,True,True,1,True,informed,-0.2127965395679451,-0.0,-0.0,0.08511861582717803,0.05225358493385746,0.0829073556375805,0.0,0.05833341186668276
313,offset_drift,3,high,mixed,0.08998224053846039,0.05524099105515301,0.03474124948330738,0.05524099105515301,0.0,True,True,1,True,informed,-0.3651559061584848,-0.0061349925983086,-0.0,0.14606236246339394,0.05163778042560114,0.11187908304460681,5.551115123125783e-17,0.06185932014090613
313,offset_drift,4,low,waviness,0.10914402607385108,0.07581715693486109,0.033326869138989995,0.07581715693486109,0.0,True,True,1,True,informed,-0.234148537780373,1.5902773407317584e-18,-0.0978800173605878,0.0978800173605878,0.07465192372191179,0.14960856218828097,5.551115123125783e-17,0.0853901116180325
313,offset_drift,5,medium,waviness,0.1183920587173626,0.12444159460045609,0.006049535883093496,0.12444159460045609,0.0,True,True,1,True,informed,-0.22347253867415903,1.5902773407317584e-18,-0.0,0.08938901546966362,0.13221514123271294,0.23332627892517113,5.551115123125783e-17,0.1477916855309088
323,offset_drift,1,medium,bend,0.07594634747873684,0.07634502793340099,0.00039868045466415203,0.07634502793340099,0.0,True,True,1,True,informed,-0.2127965395679451,-0.0,0.0073101194296913,0.08511861582717803,0.08601038757516953,0.1364670730294772,2.7755575615628914e-17,0.09601789752006959
323,offset_drift,2,medium,waviness,0.10397988362260041,0.10394068912266675,3.919449993365631e-05,0.10394068912266675,0.0,True,True,1,True,informed,-0.25580173335552986,-7.951386703658792e-19,-0.0,0.10232069334221194,0.09164521425250648,0.21836104463616057,5.551115123125783e-17,0.1093881145606662
323,offset_drift,3,high,mixed,0.20146448613351137,0.1774696543408546,0.023994831792656768,0.1774696543408546,0.0,True,True,1,True,informed,0.42599117496256583,0.014254991035065901,0.1073480890569764,0.17039646998502633,0.15179107964150776,0.3778488999134805,5.551115123125783e-17,0.18577660474358096
323,offset_drift,4,low,twist,0.15891110242722306,0.15703114242432992,0.001879960002893144,0.15703114242432992,0.0,True,True,1,True,informed,-0.2634289344976866,-1.5902773407317584e-18,-0.0,0.10537157379907465,0.13834485568732544,0.3296728740222345,5.551115123125783e-17,0.16625823511461926
323,offset_drift,5,medium,mixed,0.22872640115507778,0.23206222553851955,0.0033358243834417656,0.23206222553851955,0.0,True,True,1,True,informed,-0.24313274543780533,0.008522919065952499,-0.0,0.09725309817512214,0.19857783899490214,0.4950426905839787,5.551115123125783e-17,0.23976066664855264
327,offset_drift,1,medium,mixed,0.13421937575943577,0.13397885229488027,0.00024052346455549767,0.13397885229488027,0.0,True,True,1,True,informed,-0.2127965395679451,-0.0317047100055306,-0.0,0.08511861582717803,0.11620438159053254,0.28352673644185267,5.551115123125783e-17,0.1405951688516469
327,offset_drift,2,medium,mixed,0.15214225464406453,0.1402264959689881,0.011915758675076438,0.1402264959689881,0.0,True,True,1,True,informed,0.047228925865564396,0.012563950116309201,-0.0,0.01889157034622576,0.11897860195998612,0.30055471322150207,1.1796119636642288e-16,0.1436650141454159
327,offset_drift,3,high,waviness,0.18466975717269396,0.18608189931210012,0.0014121421394061584,0.18608189931210012,0.0,True,True,1,True,informed,-0.23839680655962875,3.379339349054987e-18,-0.0,0.0953587226238515,0.17519183197024668,0.37790696826065057,1.3877787807814457e-16,0.2015225924283092
327,offset_drift,4,low,mixed,0.19713846867098883,0.19845426840574126,0.001315799734752432,0.19845426840574126,0.0,True,True,1,True,informed,-0.12518154172438312,-0.0017411047725188961,-0.0,0.05007261668975325,0.19337538071066054,0.3946225702946802,9.71445146547012e-17,0.2205488310413902
327,offset_drift,5,medium,bend,0.22516398322796216,0.21561808319241715,0.009545900035545007,0.21561808319241715,0.0,True,True,1,True,informed,-0.21769542292942992,2.782985346280577e-18,0.0629707777625192,0.08707816917177197,0.19817625724324672,0.4439110082347528,4.163336342344337e-17,0.22991903549017317
329,offset_drift,1,medium,mixed,0.07433440283161916,0.06204565806906499,0.012288744762554163,0.06204565806906499,0.0,True,True,1,True,informed,-0.2127965395679451,0.0116700423551249,-0.0,0.08511861582717803,0.06631271549602834,0.1151162738530449,1.3877787807814457e-17,0.0761696126434302
329,offset_drift,2,medium,tilt,0.09296579020491647,0.04226588445445141,0.050699905750465055,0.04226588445445141,0.0,True,True,1,True,informed,-0.24595289731595926,-0.0379300726035761,-0.0,0.0983811589263837,0.04224711112023036,0.08195991610503073,1.1102230246251565e-16,0.050037762868730476
329,offset_drift,3,high,mixed,0.18209321017875332,0.20216343608237114,0.020070225903617817,0.20216343608237114,0.0,True,True,1,True,informed,-0.30033619261802436,-3.180554681463517e-18,-0.0,0.12013447704720974,0.19395482236922604,0.40554767408045456,5.551115123125783e-17,0.22312687147466945
329,offset_drift,4,low,twist,0.15811956974083832,0.15385592104843993,0.004263648692398397,0.15385592104843993,0.0,True,True,1,True,informed,-0.3016222501698107,-1.5902773407317584e-18,-0.0,0.12064890006792428,0.1398008039600465,0.3182459017094774,5.551115123125783e-17,0.16441909347582703
329,offset_drift,5,medium,twist,0.20256871698301937,0.1312421820595486,0.07132653492347077,0.1312421820595486,0.0,True,True,1,True,informed,-0.2603238221425706,-1.5902773407317584e-18,0.1645054689279078,0.1645054689279078,0.1183641400724238,0.27144185868927884,5.551115123125783e-17,0.14300382431037806
335,angular_drift,1,medium,waviness,0.017097392855057403,0.017087797908250307,9.594946807096189e-06,0.017087797908250307,0.0,True,True,1,True,informed,-0.0,-0.0279592204885945,-0.0,0.023299350407162085,0.01924798543855266,0.030547061715120505,2.7755575615628914e-17,0.021492837621483483
335,angular_drift,2,medium,bend,0.053362309394726706,0.05369528103403355,0.0003329716393068449,0.05369528103403355,0.0,True,True,1,True,informed,3.4350959920332815e-19,-0.0279592204885945,-0.0,0.023299350407162085,0.05176412830793936,0.10729063458931642,2.7755575615628914e-17,0.05978852164856806
335,angular_drift,3,high,mixed,0.13086087187367082,0.1121772202389938,0.018683651634677015,0.10099116978847139,0.011186050450522414,False,True,2,False,zero,0.0,0.0,0.0,0.0,0.06240934238146045,0.1587136703459554,0.12755551929649941,0.0757366063181923
335,angular_drift,4,low,mixed,0.16616320770837634,0.12878223882767934,0.037380968880697,0.12878223882767934,0.0,True,True,1,True,informed,-0.017991081278377972,-0.050865881391568446,-0.0,0.04238823449297371,0.10402300370360618,0.221702398937413,0.06377757814069118,0.11931344593166242
335,angular_drift,5,medium,offset,0.1744986995297936,0.08504942798780338,0.08944927154199023,0.08504942798780338,0.0,True,True,1,True,informed,0.5743579246600257,-0.02978631351363093,-0.0,0.22974316986401028,0.06332848447244442,0.16233923871880962,0.03188878101303144,0.07782476726517738
337,angular_drift,1,medium,mixed,0.11644763800611546,0.11431002155090536,0.0021376164552101007,0.11431002155090536,0.0,True,True,1,True,informed,-0.0429185829313944,-0.0555230918355209,-0.0,0.04626924319626742,0.10723991596863593,0.2320618347544164,2.2749466788152262e-07,0.12519428085589301
337,angular_drift,2,medium,mixed,0.2760021854506933,0.2794887360535946,0.0034865506029012616,0.2794887360535946,0.0,True,True,1,True,informed,-0.050595225624196716,-0.027959213971352335,-0.0,0.023299344976126946,0.2665569507760988,0.562417894923375,1.1374730682356393e-07,0.30796248219560374
337,angular_drift,3,high,mixed,0.29705133212801543,0.22960850454024992,0.06744282758776551,0.2275312605359278,0.002077244004322132,False,True,2,True,informed,-0.12348022881913202,0.0320086345313646,-0.0,0.04939209152765281,0.19940298483174376,0.48600418691977254,3.4220071776225325e-07,0.23986250354579708
337,angular_drift,4,low,mixed,0.24814278899364206,0.2007717784663115,0.04737101052733056,0.2007717784663115,0.0,True,True,1,True,informed,-0.4193097012439917,-0.04059754590210027,0.0908834359135341,0.16772388049759668,0.17531570449498576,0.42263584975498103,2.47369094152905e-07,0.2138623798059322
337,angular_drift,5,medium,twist,0.19233023546203504,0.1906152997740733,0.001714935687961744,0.1906152997740733,0.0,True,True,1,True,informed,-0.02754252225222169,-0.027959213401991964,-0.0,0.02329934450165997,0.16940882056710438,0.39649370400063483,1.236845175722756e-07,0.2084450529839627
343,angular_drift,1,medium,waviness,0.05877641761307839,0.05876502614982469,1.1391463253698775e-05,0.05876502614982469,0.0,True,True,1,True,informed,-0.0,-0.0279592204885945,-0.0,0.023299350407162085,0.0661939223357664,0.1050515045957243,8.326672684688674e-17,0.07391398070377458
343,angular_drift,2,medium,offset,0.07113363981845985,0.05876502614982469,0.012368613668635162,0.05876502614982469,0.0,True,True,1,True,informed,-0.5225433104406008,-0.027959220488594498,-0.0,0.2090173241762403,0.0661939223357664,0.10505150459572432,5.551115123125783e-17,0.07391398070377458
343,angular_drift,3,high,mixed,0.21832634383600288,0.15164445453888095,0.06668188929712193,0.15164445453888095,0.0,True,True,1,True,informed,-1.648846076175975e-18,0.009368693350193297,-0.0651148845995329,0.0651148845995329,0.16724259537886757,0.2759343988339335,5.198403726924816e-08,0.18691340679829452
343,angular_drift,4,low,twist,0.20069909194782504,0.15208120661184035,0.048617885335984684,0.15208120661184035,0.0,True,True,1,True,informed,0.003313113941874,-0.027959218999361532,0.1094931384357919,0.1094931384357919,0.1673410022590794,0.27727884394143754,2.5992012459008507e-08,0.18695244954081525
343,angular_drift,5,medium,mixed,0.23520106152398237,0.22186412559436108,0.01333693592962129,0.22186412559436108,0.0,True,True,1,True,informed,0.0031239403894168876,-0.009184553413340393,-0.0,0.0076537945111169944,0.24057830367315508,0.4092989022059041,1.2636290763756719e-08,0.26900960039756117
358,angular_drift,1,high,bend,0.09655096179129592,0.0965240827115888,2.6879079707123332e-05,0.0965240827115888,0.0,True,True,1,True,informed,-0.0,-0.0279592204885945,-0.0,0.023299350407162085,0.1087441315969355,0.1725372221488542,2.7755575615628914e-17,0.12139676587851875
358,angular_drift,2,medium,tilt,0.07460481519802918,0.06301756184172154,0.011587253356307642,0.06301756184172154,0.0,True,True,1,True,informed,-0.05437206579846775,-0.0480028111738612,-0.0,0.04000234264488434,0.06635849221125997,0.11816515635038645,1.430209018993267e-07,0.07660424366957037
358,angular_drift,3,high,bend,0.15956290829400363,0.16159892747661758,0.0020360191826139518,0.16159892747661758,0.0,True,True,1,True,informed,-0.027186032899233874,-0.02795921639134747,-0.0,0.02329934699278956,0.17186860404423435,0.3004450447976968,7.151043387998435e-08,0.1990481137090808
358,angular_drift,4,extreme,bend,0.20256490116479395,0.2011033436311983,0.0014615575335956421,0.2011033436311983,0.0,True,True,1,True,informed,-0.07960251119020795,-0.027959218439971477,-0.0,0.03184100447608318,0.21185734892799,0.37685536724270546,3.575520840515267e-08,0.2448951805342715
358,angular_drift,5,low,bend,0.19497991513124543,0.19986637840271923,0.0048864632714737954,0.19986637840271923,0.0,True,True,1,True,informed,-0.08896595148026792,-0.027959219464283234,-0.0,0.03558638059210717,0.2120710139861176,0.3735407786012556,1.7877599900462116e-08,0.24182835263227292
371,angular_drift,1,medium,offset,0.009110363760945773,0.0,0.009110363760945773,0.0,0.0,True,True,1,True,informed,0.1919460940602284,-0.0279592204885945,-0.0,0.07677843762409135,0.0,0.0,0.0,0.0
371,angular_drift,2,medium,mixed,0.06205625842301694,0.05823093585314477,0.0038253225698721693,0.05823093585314477,0.0,True,True,1,True,informed,0.4462598900496278,-0.0279592204885945,-0.0,0.1785039560198511,0.05963769122765224,0.11201688806945709,5.551115123125783e-17,0.06734562064011954
371,angular_drift,3,high,waviness,0.06464281461171874,0.07759274298351053,0.012949928371791791,0.07759274298351053,0.0,True,True,1,True,informed,0.0057653662111879075,-0.0279592204885945,-0.0,0.023299350407162085,0.08331984993699822,0.14426915439337476,8.326672684688674e-17,0.09316041684398621
371,angular_drift,4,low,waviness,0.1277356620276933,0.08293985383149065,0.044795808196202644,0.08293985383149065,0.0,True,True,1,True,informed,0.0028826831055939572,-0.027959220488594498,0.0783679140144964,0.0783679140144964,0.09034483406228833,0.15251196443765755,2.7755575615628914e-17,0.10082814281506872
371,angular_drift,5,medium,mixed,0.29185475476272243,0.17622429367550196,0.11563046108722047,0.17622429367550196,0.0,True,True,1,True,informed,-0.11370216364519163,0.010912772736497395,-0.0,0.045480865458076655,0.1507353737950081,0.3746947987327946,6.305640244674837e-08,0.18595223000240446
373,angular_drift,1,medium,bend,0.09201499710962055,0.08946441570557108,0.0025505814040494706,0.08946441570557108,0.0,True,True,1,True,informed,-0.0,-0.0279592204885945,-0.0306789335280749,0.0306789335280749,0.10079070343303581,0.1599180363426163,2.7755575615628914e-17,0.11251793772875444
373,angular_drift,2,medium,mixed,0.15861075109974765,0.15416983195394326,0.004440919145804384,0.15416983195394326,0.0,True,True,1,True,informed,-0.050395351716517905,-0.019742317711861003,-0.0,0.02015814068660716,0.16615254324057696,0.28394286765692933,2.4113680441306684e-08,0.19141201450587256
373,angular_drift,3,high,mixed,0.226332041950858,0.21646372901635305,0.009868312934504936,0.21646372901635305,0.0,True,True,1,True,informed,-0.08016312360466632,0.04432646974229624,-0.0,0.03693872478524687,0.2264943730115121,0.4070615615055518,4.6423485355884253e-07,0.26396809390777837
373,angular_drift,4,low,twist,0.16487101742443297,0.16122223874660588,0.0036487786778270914,0.16122223874660588,0.0,True,True,1,True,informed,-0.10123141973775611,-0.027959207189245595,-0.0,0.040492567895102444,0.1677637432600542,0.30583014176779566,2.3211737151807021e-07,0.1914400360303946
373,angular_drift,5,medium,mixed,0.1763707901015679,0.16374136823398694,0.012629421867580953,0.16374136823398694,0.0,True,True,1,True,informed,-0.03852921929251816,-0.047766045863347935,-0.0,0.039805038219456614,0.1616192290937492,0.3219423581938098,2.5669304398734383e-07,0.18672815039806062
381,angular_drift,1,medium,twist,0.021739588246653483,0.021759338111791662,1.9749865138179307e-05,0.021759338111791662,0.0,True,True,1,True,informed,-0.0,-0.0279592204885945,-0.0,0.023299350407162085,0.022428758551075494,0.041225406139702714,2.7755575615628914e-17,0.02663088704558194
381,angular_drift,2,medium,mixed,0.024129892120611486,0.011144784343365542,0.012985107777245944,0.011144784343365542,0.0,True,True,1,True,informed,0.06492223347775736,-0.0279592204885945,-0.0,0.02596889339110294,0.014659991580895856,0.017547621767085922,2.7755575615628914e-17,0.014825003389710009
381,angular_drift,3,high,bend,0.05035849950072912,0.0457290220481263,0.004629477452602816,0.0457290220481263,0.0,True,True,1,True,informed,0.007329995790447928,-0.0279592204885945,0.0154960378163929,0.023299350407162085,0.04881164862078925,0.0848365622059101,8.326672684688674e-17,0.05634558800116468
381,angular_drift,4,low,waviness,0.05469518935704581,0.041984247288142616,0.012710942068903192,0.041984247288142616,0.0,True,True,1,True,informed,-0.024293845053177856,-0.027959220488594505,-0.0397353931036667,0.0397353931036667,0.036336671821690085,0.08901799540713448,2.7755575615628914e-17,0.04377847119495238
381,angular_drift,5,medium,waviness,0.07005111873129785,0.07319264615659483,0.0031415274252969833,0.07319264615659483,0.0,True,True,1,True,informed,-0.012146922526588935,-0.0279592204885945,-0.0,0.023299350407162085,0.06902237992373525,0.14847937889284382,2.7755575615628914e-17,0.07942118511621099
403,angular_drift,1,medium,offset,0.003018858203315265,4.352107243477749e-17,0.0030188582033152216,4.352107243477749e-17,0.0,True,True,1,True,informed,-0.4911121523869691,-0.0279592204885945,0.0145947268660628,0.19644486095478764,1.97861529141117e-17,1.1102230246251565e-16,0.0,4.278535821789286e-17
403,angular_drift,2,medium,bend,0.06425382359099166,0.060698568737292374,0.0035552548536992856,0.060698568737292374,0.0,True,True,1,True,informed,1.09923071745065e-18,-0.0279592204885945,-0.0199120031787409,0.023299350407162085,0.06838307043265256,0.1084989584375127,2.7755575615628914e-17,0.0763396007624279
403,angular_drift,3,high,waviness,0.09272433166962483,0.08816230318813904,0.004562028481485791,0.08816230318813904,0.0,True,True,1,True,informed,-0.03419153521632628,-0.0279592204885945,-0.0,0.023299350407162085,0.07875320308574885,0.18405726463421684,5.551115123125783e-17,0.09319162872149314
403,angular_drift,4,low,mixed,0.1487735224512474,0.15829510788380866,0.009521585432561264,0.15829510788380866,0.0,True,True,1,True,informed,-0.017095767608163136,-0.0279592204885945,-0.0,0.023299350407162085,0.13546230703573534,0.33687117057968463,5.551115123125783e-17,0.16595064599182632
403,angular_drift,5,medium,waviness,0.19604640951860702,0.19451145371957534,0.0015349557990316787,0.19451145371957534,0.0,True,True,1,True,informed,-0.046295777144957875,-0.0279592204885945,-0.0,0.023299350407162085,0.18221753563224236,0.39610114707372834,1.6653345369377348e-16,0.21015848907784082
422,angular_drift,1,high,tilt,1.0125544920830232e-08,1.1316955525914576e-08,1.1914106050843441e-09,1.1316955525914576e-08,0.0,True,True,1,True,informed,-0.0,-0.021610319283305,-0.0,0.018008599402754167,5.149152778304943e-09,1.019734177654108e-08,2.039468355308216e-08,5.94602093536122e-09
422,angular_drift,2,medium,twist,0.002493981330959816,0.002624974992136626,0.00013099366117680974,0.002624974992136626,0.0,True,True,1,True,informed,2.0610575952199687e-19,-0.02795922107285915,-0.0,0.023299350894049293,0.002705727579842273,0.004973292978052213,1.019733930629485e-08,0.003212657655664881
422,angular_drift,3,high,twist,0.033084644967335715,0.014472910154134823,0.018611734813200893,0.014472910154134823,0.0,True,True,1,True,informed,-0.001352863739439259,-0.027959220780726754,-0.1287289460444477,0.1287289460444477,0.014670108312673095,0.027693260935507003,5.098668487413249e-09,0.01763897850080248
422,angular_drift,4,extreme,tilt,0.05153220968311275,0.010565174023591313,0.040967035659521436,0.010565174023591313,0.0,True,True,1,True,informed,-0.0072248666448051614,-0.08494083662743149,-0.0,0.07078403052285957,0.010604137756733455,0.020468622071761644,7.16914480447528e-07,0.012431310006986497
422,angular_drift,5,low,mixed,0.05815856190636119,0.043634518529575735,0.014524043376785457,0.043634518529575735,0.0,True,True,1,True,informed,0.16898949628820162,-0.0279591999505075,-0.0,0.06759579851528065,0.054549540108576454,0.07132315373913445,3.584571548476134e-07,0.058726028381160186
433,angular_drift,1,medium,mixed,0.10522340254310232,0.06555427028316758,0.039669132259934736,0.06555427028316758,0.0,True,True,1,True,informed,-0.0,0.007634938021189298,-0.0,0.006362448350991081,0.06293055240367207,0.13135169622034581,4.039629189489524e-08,0.07269583577074655
433,angular_drift,2,medium,mixed,0.07695163407471524,0.06651261305205067,0.010439021022664571,0.06651261305205067,0.0,True,True,1,True,informed,-0.22549672216160532,-0.027959219331325984,-0.0,0.09019868886464213,0.06274846921109498,0.13503271123290267,2.0198141131855252e-08,0.07178252859409037
433,angular_drift,3,high,mixed,0.2088156535945917,0.23581306356694973,0.026997409972358027,0.23581306356694973,0.0,True,True,1,True,informed,-0.009041689004050366,-0.027959219909960382,-0.0,0.023299349924966985,0.19965065334606144,0.5045171920984561,1.0099068276092638e-08,0.24562706903874001
433,angular_drift,4,low,mixed,0.2692724251695869,0.24225349660938442,0.027018928560202465,0.24225349660938442,0.0,True,True,1,True,informed,-0.06930559877087462,-0.027959220199277508,-0.0275936458344187,0.02772223950834985,0.20948944379841228,0.5143296521375875,5.0495329306787795e-09,0.2510776631372464
433,angular_drift,5,medium,mixed,0.29816945672095496,0.33012680155009905,0.031957344829144085,0.33012680155009905,0.0,True,True,1,True,informed,-0.40771600260279234,-0.04646935576235374,-0.0,0.16308640104111694,0.2882604104741653,0.6975567363174946,1.3038442789325977e-07,0.3438161839727271
463,angular_drift,1,medium,mixed,0.1142096366316804,0.11089583148513028,0.0033138051465501223,0.11089583148513028,0.0,True,True,1,True,informed,-0.0,-0.0465088576218608,-0.0,0.03875738135155067,0.12493531615408326,0.1982267168065589,1.28241443186905e-07,0.13947183124504672
463,angular_drift,2,medium,mixed,0.12409563796994275,0.1364833335445873,0.012387695574644558,0.1364833335445873,0.0,True,True,1,True,informed,-0.062467657442183,-0.027959216814747775,-0.0,0.0249870629768732,0.12088161452323641,0.2860598402807751,6.412070638339706e-08,0.14400877867171938
463,angular_drift,3,high,bend,0.24795031816048285,0.23477628377402956,0.013174034386453287,0.23477628377402956,0.0,True,True,1,True,informed,-0.04734128432943469,-0.027959218651671575,-0.0,0.02329934887639298,0.22605564847477105,0.4696867944188197,3.206034554503745e-08,0.2605354128784865
463,angular_drift,4,low,offset,0.23330078411677435,0.18090101322500224,0.05239977089177211,0.18090101322500224,0.0,True,True,1,True,informed,-0.1539572559670157,-0.027959219570133257,0.0317725563329761,0.06158290238680628,0.16645361661896546,0.37100534420879505,1.6030168914493714e-08,0.19663320167623408
463,angular_drift,5,medium,offset,0.1602799104484361,0.1585929153682933,0.001686995080142778,0.1585929153682933,0.0,True,True,1,True,informed,-0.2657082018102849,-0.02795922002936399,-0.0,0.10628328072411397,0.1479482109257959,0.3216646191037829,8.015082597623291e-09,0.17709063954894902
467,angular_drift,1,medium,mixed,0.014915006795779269,0.013378241406686524,0.0015367653890927448,0.013378241406686524,0.0,True,True,1,True,informed,-0.0300121606402621,-0.030540909622109803,-0.0,0.025450758018424835,0.013789814858012703,0.02534651198612578,1.1720419440530705e-08,0.016373398373191468
467,angular_drift,2,medium,tilt,0.02588553916097031,0.00950355878294437,0.01638198037802594,0.00950355878294437,0.0,True,True,1,True,informed,0.006894907370984474,-0.009520799146118118,-0.0,0.007933999288431765,0.009493137868018779,0.01845160733968349,2.0234613706815452e-08,0.011201291502495775
467,angular_drift,3,high,bend,0.1338091729502954,0.1267179795685728,0.007091193381722594,0.1267179795685728,0.0,True,True,1,True,informed,0.0034474536854922364,-0.027959221068273483,-0.0,0.023299350890227905,0.1371576069227796,0.2334312415428437,1.0117304494183799e-08,0.15541321993694493
467,angular_drift,4,low,tilt,0.11336395595871623,0.08466872059430018,0.028695235364416052,0.08466872059430018,0.0,True,True,1,True,informed,-0.0685788034613898,-0.03293592469676133,0.1580873494112412,0.1580873494112412,0.0839698386952319,0.1648524380814539,1.9306489185133557e-08,0.10022031769347695
467,angular_drift,5,medium,waviness,0.09631057619172594,0.08843232851909942,0.007878247672626515,0.08843232851909942,0.0,True,True,1,True,informed,-0.03428940173069491,-0.027959219935504327,-0.0,0.023299349946253607,0.07713760016563272,0.18658414745207824,9.653242344365154e-09,0.09315801337813427
468,angular_drift,1,high,mixed,0.22588545297300652,0.22709737093742854,0.0012119179644220213,0.22709737093742854,0.0,True,True,1,True,informed,-0.0,-0.0279592204885945,-0.0,0.023299350407162085,0.21502101893648046,0.45865346242804217,5.551115123125783e-17,0.24995026528071745
468,angular_drift,2,medium,waviness,0.1902366506816772,0.18765142142921384,0.0025852292524633502,0.18765142142921384,0.0,True,True,1,True,informed,-0.10224388371880141,-0.0279592204885945,-0.0,0.04089755348752057,0.16108076293945134,0.3992896240339575,5.551115123125783e-17,0.19540305337191172
468,angular_drift,3,high,mixed,0.16737053312435018,0.16432155683864477,0.0030489762857054126,0.16432155683864477,0.0,True,True,1,True,informed,-0.051121941859400714,-0.0211711803963988,-0.0,0.020448776743760284,0.14303608976038024,0.34690338761823314,2.1362235064215085e-08,0.17339707216390252
468,angular_drift,4,extreme,tilt,0.19302733868535799,0.15600904030751078,0.0370182983778472,0.15600904030751078,0.0,True,True,1,True,informed,-0.0229771732101499,0.011763569651474242,0.0359075382895612,0.0359075382895612,0.13984779854863233,0.32392622081939054,5.877910616569615e-08,0.16876816863372043
468,angular_drift,5,low,mixed,0.1827107634155079,0.1529611737262949,0.029749589689213013,0.1529611737262949,0.0,True,True,1,True,informed,0.20034575096305715,-0.04271644201323665,-0.0,0.08013830038522286,0.13908750402401146,0.31500411770615677,1.230932976381549e-07,0.16733650279255147
476,angular_drift,1,high,mixed,0.15265264312309948,0.1521880804436189,0.0004645626794805846,0.1521880804436189,0.0,True,True,1,True,informed,-0.0,-0.0004983355394859029,-0.0,0.00041527961623825244,0.13283090456521532,0.3201198081405964,2.0341997756384567e-09,0.16302866021615456
476,angular_drift,2,medium,bend,0.14670166086558012,0.14506247960063556,0.0016391812649445558,0.14506247960063556,0.0,True,True,1,True,informed,-0.0565306403690264,-0.027959220546870032,-0.0,0.023299350455725027,0.1244937539169739,0.3085083675808432,1.017099710010072e-09,0.151618428461605
476,angular_drift,3,high,bend,0.3376720529404438,0.338475580909105,0.0008035279686612329,0.29105792577016953,0.04741765513893548,False,True,2,True,informed,-0.04287996038850257,-0.027959220517732263,-0.0,0.023299350431443554,0.3307613734527955,0.6706155505380139,5.085497578605214e-10,0.38062503559297267
476,angular_drift,4,extreme,waviness,0.3044427149326911,0.31062012201998507,0.0061774070872939735,0.31062012201998507,0.0,True,True,1,True,informed,-0.15307374372218083,-0.02795922050316338,-0.0,0.06122949748887233,0.26885562753725145,0.6584929113134435,2.542747679079582e-10,0.32415560288494166
476,angular_drift,5,low,mixed,0.35885801277949925,0.3362597037942213,0.022598308985277926,0.3362597037942213,0.0,True,True,1,True,informed,0.001505973711357786,-0.02795922049587894,-0.0,0.023299350413232448,0.29094408234629276,0.7121424186853769,1.2713730068725226e-10,0.35333753446579264
483,angular_drift,1,medium,mixed,0.028062512909708244,0.027597865984046004,0.0004646469256622404,0.027597865984046004,0.0,True,True,1,True,informed,-0.0714213576641533,-0.0279592204885945,-0.0,0.028568543065661322,0.0306273666752205,0.049960727133550514,5.551115123125783e-17,0.03421437841414683
483,angular_drift,2,medium,waviness,0.04083604864716802,0.04573129582385954,0.004895247176691521,0.04573129582385954,0.0,True,True,1,True,informed,-0.00042667423481838375,-0.0279592204885945,-0.0,0.023299350407162085,0.051206961347076176,0.08217430050142073,8.326672684688674e-17,0.05716917269310443
483,angular_drift,3,high,mixed,0.1305225903947046,0.04566927938583779,0.08485331100886681,0.04566927938583779,0.0,True,True,1,True,informed,-0.12233199764360418,-0.0885395255499419,-0.0,0.07378293795828493,0.05121335729920859,0.08196076405690667,7.973084195089797e-07,0.0571680378647736
483,angular_drift,4,low,mixed,0.09809666025116967,0.08625866386004685,0.011837996391122818,0.08625866386004685,0.0,True,True,1,True,informed,0.23916415135608018,-0.0211196264644147,-0.0,0.09566566054243207,0.08714935305971955,0.16745957791427812,3.77182141020338e-07,0.09875871413205235
483,angular_drift,5,medium,tilt,0.08864132632786305,0.08313020502679473,0.005511121301068317,0.08313020502679473,0.0,True,True,1,True,informed,-0.009628553769964764,-0.039625834390162706,-0.0,0.03302152865846893,0.08682256979377395,0.15783105411218712,2.5731064595690967e-07,0.09734040661812629
488,angular_drift,1,high,offset,0.001033188046926422,0.0,0.001033188046926422,0.0,0.0,True,True,1,True,informed,-0.0918182592939075,-0.0279592204885945,-0.0,0.036727303717563,0.0,0.0,0.0,0.0
488,angular_drift,2,medium,mixed,0.04976422898766355,0.018021098071372678,0.03174313091629087,0.018021098071372678,0.0,True,True,1,True,informed,0.1476399284177079,-0.0204123257279573,-0.0,0.05905597136708316,0.02029926011822317,0.03221547048597796,2.2899078189198008e-08,0.02266672020388883
488,angular_drift,3,high,offset,0.02743669586250546,0.018021094084072153,0.009415601778433307,0.018021094084072153,0.0,True,True,1,True,informed,-0.0395828510498353,-0.02795922114460477,-0.0,0.023299350953837308,0.020299260855074865,0.03221546762359251,1.1449536430063745e-08,0.022666721056110107
488,angular_drift,4,extreme,waviness,0.11902746501565278,0.11779835090940166,0.0012291141062511224,0.11779835090940166,0.0,True,True,1,True,informed,-3.7786055912366095e-19,-0.02795922081659956,-0.0,0.023299350680499632,0.13269005816282758,0.21058263200709712,5.724766743986365e-09,0.1481654214099424
488,angular_drift,5,low,offset,0.1205743518238729,0.11779834991257705,0.0027760019112958445,0.11779834991257705,0.0,True,True,1,True,informed,-0.2104518084316459,-0.027959220652596987,-0.0,0.08418072337265836,0.13269005834704037,0.21058263129150112,2.8623827197371554e-09,0.1481654216229978
501,angular_drift,1,medium,twist,0.019696232939897276,0.01963728707784316,5.894586205411681e-05,0.01963728707784316,0.0,True,True,1,True,informed,-0.0,-0.0279592204885945,-0.0,0.023299350407162085,0.020241423162978417,0.03720495224196696,2.7755575615628914e-17,0.02403374456359539
501,angular_drift,2,medium,waviness,0.06902430907042076,0.06779452684943751,0.0012297822209832443,0.06779452684943751,0.0,True,True,1,True,informed,-0.010120711581489208,-0.0279592204885945,-0.0,0.023299350407162085,0.06939928468109158,0.13054300655027845,5.551115123125783e-17,0.07811839480026489
501,angular_drift,3,high,mixed,0.14091450154756513,0.1370534091781586,0.0038610923694065435,0.1370534091781586,0.0,True,True,1,True,informed,0.140050620211926,-0.0279592204885945,-0.0,0.056020248084770394,0.14898110450245386,0.2524379665638745,1.3877787807814457e-16,0.1662768785826004
501,angular_drift,4,low,mixed,0.1381991370789224,0.13616899724036904,0.002030139838553352,0.13616899724036904,0.0,True,True,1,True,informed,-0.0025301778953723086,-0.018965050335882697,-0.0,0.01580420861323558,0.1489138740987199,0.24965979413528425,2.53555078322254e-08,0.16596889163515458
501,angular_drift,5,medium,mixed,0.21268043009653842,0.20427752696567833,0.00840290313086009,0.20427752696567833,0.0,True,True,1,True,informed,-0.14119910604290511,-0.009425271914858894,-0.0,0.056479642417162045,0.179173121511099,0.4281741445841427,3.8644589958614084e-08,0.22073335543728842
504,fixture_drift,1,high,mixed,0.11879175312326953,0.11777803838090209,0.0010137147423674442,0.11777803838090209,0.0,True,True,1,True,informed,-0.4717792560482419,0.0558783677738783,-0.2512163072405328,0.2512163072405328,0.10654122850802311,0.24395770367381142,9.367506770274758e-17,0.12628358726351702
504,fixture_drift,2,medium,mixed,0.20068891250723686,0.14907586180659338,0.05161305070064348,0.14907586180659338,0.0,True,True,1,True,informed,0.2306342755522794,-0.019106440685860298,-0.2512163072405328,0.2512163072405328,0.12775520174184749,0.31640872436238143,1.3877787807814457e-16,0.1582668397532465
504,fixture_drift,3,high,mixed,0.19077307619681072,0.17270985013739681,0.018063226059413906,0.17270985013739681,0.0,True,True,1,True,informed,0.34016338838924454,3.975693351829396e-18,-0.2512163072405328,0.2512163072405328,0.14677628575169216,0.37005118157303685,5.551115123125783e-17,0.17661609939978087
504,fixture_drift,4,extreme,tilt,0.19354675316795217,0.17998547038254453,0.013561282785407636,0.17998547038254453,0.0,True,True,1,True,informed,-0.05245044988285248,-0.011238328381497199,-0.2512163072405328,0.2512163072405328,0.15252842844937228,0.3868804130785437,0.0,0.1816281792416973
504,fixture_drift,5,low,bend,0.21112788309310934,0.21383287453589905,0.0027049914427897115,0.18536878733638246,0.028464087199516597,False,True,2,True,informed,-0.04464878097805116,-0.0,-0.2512163072405328,0.2512163072405328,0.18324015905538044,0.4566069639752082,0.0,0.2187873762672246
510,fixture_drift,1,high,mixed,0.112600492066384,0.10624480636862353,0.006355685697760474,0.10624480636862353,0.0,True,True,1,True,informed,0.076856298417223,0.03537486361073,-0.07158914482040749,0.07158914482040749,0.09875154514105981,0.21733104646549184,5.551115123125783e-17,0.11420028886658018
510,fixture_drift,2,medium,mixed,0.16944427931220826,0.13840021081347875,0.03104406849872951,0.13840021081347875,0.0,True,True,1,True,informed,0.014002473280812004,1.5902773407317584e-18,-0.3390076642067197,0.3390076642067197,0.11693292129603092,0.2966124169547439,2.0816681711721685e-17,0.14336609338246314
510,fixture_drift,3,high,offset,0.16372144063684843,0.15079320069376462,0.012928239943083814,0.15079320069376462,0.0,True,True,1,True,informed,-0.6391236068659925,5.963540027744094e-19,-0.2512163072405328,0.255649442746397,0.12640049727814398,0.32549807720762114,0.0,0.15223628348035095
510,fixture_drift,4,extreme,mixed,0.2704799609825371,0.26577260712823286,0.004707353854304264,0.26577260712823286,0.0,True,True,1,True,informed,-0.038620566604366,-0.028313667354032,-0.2512163072405328,0.2512163072405328,0.2550705683772115,0.5325615444515213,2.7755575615628914e-17,0.2948297327961301
510,fixture_drift,5,low,mixed,0.292625357575287,0.2852312905343828,0.007394067040904229,0.2852312905343828,0.0,True,True,1,True,informed,0.03806988990661349,3.5718526328556394e-05,-0.2512163072405328,0.2512163072405328,0.2708220312506666,0.5757232085326656,0.0,0.31267718599383176
526,fixture_drift,1,high,twist,0.05102086398979146,0.05101206802811285,8.795961678603748e-06,0.05101206802811285,0.0,True,True,1,True,informed,-0.0,-0.0,-0.2512163072405328,0.2512163072405328,0.053769528427942914,0.0955351161179275,1.3010426069826053e-17,0.06220674664351718
526,fixture_drift,2,medium,mixed,0.23992881702351343,0.24798705341173832,0.008058236388224893,0.24798705341173832,0.0,True,True,1,True,informed,-0.026884764213971457,-0.0095605980701912,-0.2512163072405328,0.2512163072405328,0.250929551958791,0.48103157014450604,4.163336342344337e-17,0.2839871678074919
526,fixture_drift,3,high,mixed,0.33713828135271506,0.3309681231979758,0.006170158154739258,0.3309681231979758,0.0,True,True,1,True,informed,-0.44107720713101245,-0.0028089424452714985,-0.2512163072405328,0.2512163072405328,0.32472303276356135,0.6551401399796362,5.551115123125783e-17,0.37009171375016575
526,fixture_drift,4,extreme,bend,0.47264080634635386,0.5015809264827675,0.028940120136413672,0.47515382835057646,0.026427098132191074,False,True,2,True,moderate_random,-0.783650743968566,-0.012081451736347781,-0.3304988406673662,0.3304988406673662,0.30492806883902884,1.0181247914041498,0.21086111434518573,0.4140673410625824
526,fixture_drift,5,low,mixed,0.4854071317605548,0.41724371896479184,0.06816341279576293,0.33584554053967924,0.0813981784251126,False,True,2,True,informed,0.11170798134810134,0.015924214444374193,-0.2512163072405328,0.2512163072405328,0.29450675574491986,0.8643080560995822,0.10543055328988504,0.37970109424475734
538,fixture_drift,1,high,mixed,0.286794884153042,0.28746206126710755,0.0006671771140655536,0.28746206126710755,0.0,True,True,1,True,informed,0.6949430491806858,-0.0,-0.2512163072405328,0.27797721967227434,0.3455887644475663,0.48679350195771437,1.1102230246251565e-16,0.3774738134552334
538,fixture_drift,2,medium,waviness,0.22481620078984418,0.21597797933321466,0.00883822145662952,0.21597797933321466,0.0,True,True,1,True,informed,-0.17279438222378316,-3.180554681463517e-18,-0.2594781918373069,0.2594781918373069,0.2401158588432479,0.39017191234068876,2.7755575615628914e-17,0.2689164797803368
538,fixture_drift,3,high,offset,0.21154263820468916,0.19354876395,0.01799387425468915,0.19354876395,0.0,True,True,1,True,informed,-0.2970937206316229,-7.951386703658792e-19,-0.26438157496718107,0.26438157496718107,0.21081515208562174,0.3566720894074491,0.0,0.2330259150207878
538,fixture_drift,4,extreme,bend,0.4133154388904257,0.39778404029321424,0.015531398597211477,0.39778404029321424,0.0,True,True,1,True,informed,-0.07083392961088318,-0.0,-0.2512163072405328,0.2512163072405328,0.44311047471027154,0.7169084125716163,5.551115123125783e-17,0.49778374108647894
538,fixture_drift,5,low,bend,0.37418350366995623,0.3803915017478337,0.006207998077877475,0.3803915017478337,0.0,True,True,1,True,informed,-0.1883110689013131,-1.5902773407317584e-18,-0.2512163072405328,0.2512163072405328,0.4278189563654686,0.6828979042912922,1.1102230246251565e-16,0.4717644355080541
539,fixture_drift,1,medium,mixed,0.11947582501316825,0.11820170405845803,0.0012741209547102172,0.11820170405845803,0.0,True,True,1,True,informed,0.053077652220478,0.0376581772420531,-0.2512163072405328,0.2512163072405328,0.14008536549774442,0.20365608068526475,0.0,0.15079270203555287
539,fixture_drift,2,medium,offset,0.11307411531617984,0.10962508675374591,0.0034490285624339256,0.10962508675374591,0.0,True,True,1,True,informed,-0.5857474643796938,-0.0,-0.2512163072405328,0.2512163072405328,0.11497070505258022,0.2064800189111473,0.0,0.1318986956462766
539,fixture_drift,3,high,mixed,0.11384398446513387,0.10734540525276133,0.0064985792123725405,0.10734540525276133,0.0,True,True,1,True,informed,-0.05344489741106102,-0.0003903837699285,-0.2512163072405328,0.2512163072405328,0.10451467385564521,0.21163309601819458,0.0,0.125010742906094
539,fixture_drift,4,low,twist,0.11930165965088149,0.11783028945406562,0.0014713701968158688,0.11783028945406562,0.0,True,True,1,True,informed,-0.03923757183600076,-0.0,-0.25212789502119237,0.25212789502119237,0.11367803378498013,0.23383518218840157,0.0,0.135763246620511
539,fixture_drift,5,medium,tilt,0.13664218075546022,0.1378257910634218,0.0011836103079615745,0.1378257910634218,0.0,True,True,1,True,informed,-0.033310607642901266,0.0305944507945673,-0.3346041276899066,0.3346041276899066,0.13335878922392355,0.27339119552025515,5.551115123125783e-17,0.15800795640168178
545,fixture_drift,1,medium,offset,0.03899105996688511,0.03732773917363145,0.00166332079325366,0.03732773917363145,0.0,True,True,1,True,informed,-0.321863912175281,-0.0,-0.2728726231117289,0.2728726231117289,0.03684711207324988,0.0728704272429318,0.0,0.044124773787769446
545,fixture_drift,2,medium,mixed,0.1422091902468263,0.14778797551411268,0.00557878526728639,0.14778797551411268,0.0,True,True,1,True,informed,-0.0055500635083307395,-0.0,-0.2512163072405328,0.2512163072405328,0.1555346171427237,0.27835837956322745,3.469446951953614e-18,0.1762007650232734
545,fixture_drift,3,high,waviness,0.19061996699626904,0.19275489113949748,0.0021349241432284394,0.19275489113949748,0.0,True,True,1,True,informed,-0.07738389097737951,9.93923337957349e-20,-0.2512163072405328,0.2512163072405328,0.1650383122679399,0.4104442680926796,1.1102230246251565e-16,0.20110117031311595
545,fixture_drift,4,low,waviness,0.20667126193896992,0.20702047577190205,0.00034921383293212704,0.20702047577190205,0.0,True,True,1,True,informed,-0.057115501525314694,3.180554681463517e-18,-0.2512163072405328,0.2512163072405328,0.17532292794188112,0.4436936898759043,8.326672684688674e-17,0.21315490426566416
545,fixture_drift,5,medium,twist,0.23076005932075003,0.22269779500222942,0.008062264318520612,0.22269779500222942,0.0,True,True,1,True,informed,-0.04698130679928228,2.3854160110976377e-18,-0.2512163072405328,0.2512163072405328,0.18928570055238475,0.4773358722807625,5.551115123125783e-17,0.227113231522852
547,fixture_drift,1,medium,mixed,0.040026102760622476,0.03732773917363146,0.0026983635869910136,0.03732773917363146,0.0,True,True,1,True,informed,0.2679886190355158,-0.04050702738188,-0.2512163072405328,0.2512163072405328,0.03684711207324988,0.07287042724293182,1.3877787807814457e-17,0.044124773787769446
547,fixture_drift,2,medium,offset,0.07218387957810984,0.06302462700177834,0.009159252576331503,0.06302462700177834,0.0,True,True,1,True,informed,-0.17106591661681975,-3.975693351829396e-19,-0.2512163072405328,0.2512163072405328,0.0582427136855935,0.1273172984492387,0.0,0.07356623361328679
547,fixture_drift,3,high,mixed,0.24054292300961128,0.2152143655456487,0.025328557463962564,0.2152143655456487,0.0,True,True,1,True,informed,-0.5557238086555286,0.0402239077953905,-0.2512163072405328,0.2512163072405328,0.2372865075711097,0.39127357105042204,1.1102230246251565e-16,0.26646341959189146
547,fixture_drift,4,low,waviness,0.1971819613780551,0.19047088267157228,0.006711078706482826,0.19047088267157228,0.0,True,True,1,True,informed,-0.11766199079662,-3.180554681463517e-18,-0.1478648369957224,0.1478648369957224,0.1858536777405637,0.3772435010031533,2.7755575615628914e-17,0.215417290484572
547,fixture_drift,5,medium,tilt,0.1892095702168871,0.18442569911053192,0.0047838711063551975,0.18442569911053192,0.0,True,True,1,True,informed,-0.07725455143493494,0.0277033502574558,-0.2512163072405328,0.2512163072405328,0.17315961661970672,0.37285937681115017,5.551115123125783e-17,0.20620001081274814
549,fixture_drift,1,medium,mixed,0.07812092002858173,0.06345530001122598,0.014665620017355746,0.06345530001122598,0.0,True,True,1,True,informed,0.1097065831266767,-0.0,-0.2512163072405328,0.2512163072405328,0.053417280851201156,0.13635594472559714,5.551115123125783e-17,0.06523332338186488
549,fixture_drift,2,medium,mixed,0.11149252971426651,0.12917199859917378,0.017679468884907262,0.10416197782492549,0.025010020774248284,False,True,2,True,informed,-0.01842355603662494,-0.0015238963523236985,-0.2512163072405328,0.2512163072405328,0.1098567239625656,0.2753510334882647,8.326672684688674e-17,0.1360967136392467
549,fixture_drift,3,high,mixed,0.15026598195388907,0.15765655066934867,0.0073905687154595945,0.15765655066934867,0.0,True,True,1,True,informed,-0.37178395693067556,2.3854160110976377e-18,-0.2512163072405328,0.2512163072405328,0.1335638748467603,0.3384546201310276,5.551115123125783e-17,0.16051002176012258
549,fixture_drift,4,low,twist,0.17027922871704926,0.17665208179953404,0.006372853082484781,0.17665208179953404,0.0,True,True,1,True,informed,-0.04881604134618728,1.5902773407317584e-18,-0.2512163072405328,0.2512163072405328,0.15018657913424655,0.379456907380579,0.0,0.17759035845086357
549,fixture_drift,5,medium,mixed,0.2078047592263402,0.23012833005108452,0.022323570824744315,0.23012833005108452,0.0,True,True,1,True,informed,-0.04958531570813279,-0.0,-0.2512163072405328,0.2512163072405328,0.1952291275176617,0.4945577122566114,2.7755575615628914e-17,0.2319227811880259
554,fixture_drift,1,high,bend,0.13587766881865235,0.13595243856444778,7.476974579542772e-05,0.13595243856444778,0.0,True,True,1,True,informed,-0.0,-0.0,-0.2101938359805125,0.2101938359805125,0.1590123252876561,0.2358067595283313,2.42861286636753e-17,0.1750671311965157
554,fixture_drift,2,medium,mixed,0.20887149498653537,0.18735118942426682,0.021520305562268555,0.18735118942426682,0.0,True,True,1,True,informed,-0.49509698153800424,0.0131727187921819,-0.2512163072405328,0.2512163072405328,0.19191698459578102,0.35992054799044504,5.551115123125783e-17,0.21799929648398955
554,fixture_drift,3,high,mixed,0.3390689346624279,0.365436864627291,0.026367929964863146,0.3262580164505202,0.03917884817677081,False,True,2,True,local_informed,-0.24596113091860655,-0.008224031891296328,-0.5055687995008967,0.5055687995008967,0.21102100353559097,0.5143916141948767,0.409324749373033,0.25015654496240824
554,fixture_drift,4,extreme,twist,0.38076716462152427,0.2836306200263922,0.09713654459513205,0.2836306200263922,0.0,True,True,1,True,informed,-0.041212010452726135,0.011726289639761944,-0.0999623960728189,0.0999623960728189,0.21049349564381228,0.4480120224162971,0.20466238325914474,0.24680249630616008
554,fixture_drift,5,low,tilt,0.27704894351083764,0.2528963223837403,0.024152621127097318,0.2528963223837403,0.0,True,True,1,True,informed,-0.046023804549781396,-0.0028792538574670306,-0.2512163072405328,0.2512163072405328,0.21784772792368112,0.43760981212039746,0.10233119191650586,0.25559702795565004
556,fixture_drift,1,high,mixed,0.04071107694535393,0.037327739173631476,0.003383337771722457,0.037327739173631476,0.0,True,True,1,True,informed,-0.4615170424797871,-0.0191721892195474,-0.2512163072405328,0.2512163072405328,0.036847112073249866,0.07287042724293186,5.551115123125783e-17,0.04412477378776944
556,fixture_drift,2,medium,waviness,0.08250163926357455,0.08349865145444116,0.0009970121908666058,0.08349865145444116,0.0,True,True,1,True,informed,-0.018423556036624933,1.5902773407317584e-18,-0.2591948899686656,0.2591948899686656,0.07061475077482714,0.17943748057676207,7.112366251504909e-17,0.08482982048964367
556,fixture_drift,3,high,waviness,0.16186599961355838,0.1679294098396428,0.00606341022608442,0.1679294098396428,0.0,True,True,1,True,informed,-0.027635334054937403,2.0375428428125655e-18,-0.2512163072405328,0.2512163072405328,0.14391673237946803,0.35872937634033875,1.3877787807814457e-16,0.17135577223700701
556,fixture_drift,4,extreme,mixed,0.3073038783178883,0.31640233173733706,0.00909845341944876,0.31640233173733706,0.0,True,True,1,True,informed,-0.03224122306409364,0.002258808524783004,-0.2512163072405328,0.2512163072405328,0.29747054602860445,0.6437804630280195,2.5673907444456745e-16,0.34027029020349814
556,fixture_drift,5,low,twist,0.3433485783155764,0.3260507613088548,0.017297817006721616,0.3260507613088548,0.0,True,True,1,True,informed,-0.03454416756867176,7.355032700884382e-18,-0.2512163072405328,0.2512163072405328,0.3014562582127332,0.6698223130204324,1.3877787807814457e-16,0.3466718993890511
571,fixture_drift,1,medium,mixed,0.16418972890323677,0.14487931272336638,0.019310416179870393,0.14487931272336638,0.0,True,True,1,True,informed,-0.1208399392798894,-0.0,-0.2512163072405328,0.2512163072405328,0.15084314152463815,0.2750092887265404,2.7755575615628914e-17,0.1712358364801282
571,fixture_drift,2,medium,twist,0.14357121353976932,0.12900396397424205,0.014567249565527268,0.12900396397424205,0.0,True,True,1,True,informed,-0.07428688920829228,7.951386703658792e-19,-0.2512163072405328,0.2512163072405328,0.12485825436290993,0.25721895954550833,0.0,0.14380799801716587
571,fixture_drift,3,high,mixed,0.29179432692213125,0.307734742228647,0.015940415306515743,0.307734742228647,0.0,True,True,1,True,local_informed,-0.0670336813345252,0.021410173344236724,-0.28094076427997944,0.28094076427997944,0.30962474640804144,0.5821727400405655,0.017007534797749413,0.3509323585474013
571,fixture_drift,4,low,mixed,0.2943790511445714,0.30295234440191454,0.008573293257343129,0.30295234440191454,0.0,True,True,1,True,informed,-0.16327284347202078,0.0004872299818694846,-0.2512163072405328,0.2512163072405328,0.3034416976076312,0.5831982430081527,0.008503767399489659,0.3440923199733246
571,fixture_drift,5,medium,mixed,0.2967496233919102,0.29245119935827585,0.0042984240336343404,0.29245119935827585,0.0,True,True,1,True,informed,-0.11338751587115832,0.018866035040019376,-0.2512163072405328,0.2512163072405328,0.2850315872046456,0.5767469689480667,0.0042518832447782096,0.3264206753902875
598,fixture_drift,1,high,offset,0.04252137968495932,0.03732773917363144,0.005193640511327882,0.03732773917363144,0.0,True,True,1,True,informed,0.896074541897048,-0.0,-0.3957956783149359,0.3957956783149359,0.03684711207324986,0.0728704272429318,0.0,0.04412477378776944
598,fixture_drift,2,medium,mixed,0.17015323667750165,0.17867202080586098,0.008518784128359325,0.17867202080586098,0.0,True,True,1,True,informed,-0.01842355603662493,-0.0,-0.1681194637239823,0.1681194637239823,0.17332364498854005,0.3557740413577911,3.8163916471489756e-17,0.19942714901961617
598,fixture_drift,3,high,bend,0.24296678213135406,0.24015727008327167,0.0028095120480823854,0.24015727008327167,0.0,True,True,1,True,informed,-0.08406955917341859,1.0933156717530838e-18,-0.2512163072405328,0.2512163072405328,0.24279145576035252,0.46597305176626824,1.3877787807814457e-17,0.2752791782528546
598,fixture_drift,4,extreme,mixed,0.3650261374182135,0.34009534048551626,0.02493079693269723,0.34009534048551626,0.0,True,True,1,True,informed,0.4576688797128549,-0.0860020689905475,-0.2512163072405328,0.2512163072405328,0.29418286637614427,0.7204502641046749,5.551115123125783e-17,0.3570540134127051
598,fixture_drift,5,low,mixed,0.40038046831220997,0.39540157512380747,0.0049788931884025,0.39540157512380747,0.0,True,True,1,True,informed,-0.08204914174422284,-0.0029408981459555015,-0.2512163072405328,0.2512163072405328,0.3420602417342529,0.8367428569365533,0.0,0.4176064552256566
606,fixture_drift,1,high,mixed,0.20089469655868142,0.19957167796167943,0.0013230185970019848,0.19957167796167943,0.0,True,True,1,True,informed,-0.5177763780273525,-0.0049972083154568,-0.2512163072405328,0.2512163072405328,0.19390500884297343,0.39630158380157676,1.6653345369377348e-16,0.22509700168314328
606,fixture_drift,2,medium,mixed,0.1970206899815826,0.18902518130980714,0.007995508671775453,0.16452326030541592,0.02450192100439122,False,True,2,True,informed,-0.09136543903270734,-0.015709100003046796,-0.2512163072405328,0.2512163072405328,0.17619226957392717,0.3853924084027336,8.326672684688674e-17,0.20549777916808898
606,fixture_drift,3,high,mixed,0.2510302678672858,0.23797557674552078,0.013054691121764994,0.23797557674552078,0.0,True,True,1,True,informed,-0.04216098722573186,2.3854160110976377e-18,-0.2512163072405328,0.2512163072405328,0.20606164471845673,0.5037062875587204,1.3877787807814457e-16,0.25045197062367613
606,fixture_drift,4,extreme,mixed,0.4474149510234054,0.4513607029651921,0.0039457519417867015,0.4513607029651921,0.0,True,True,1,True,informed,-0.05523095461174451,-0.013237182834268096,-0.2512163072405328,0.2512163072405328,0.4555093203092151,0.8764820190988765,0.0,0.5176330114276467
606,fixture_drift,5,low,twist,0.3799181714822675,0.37476147908175045,0.005156692400517027,0.37476147908175045,0.0,True,True,1,True,informed,-0.19824753618260518,-0.0,-0.2512163072405328,0.2512163072405328,0.36143183126911665,0.748201749043553,0.0,0.41871404987949545
613,fixture_drift,1,medium,twist,0.051401289332387794,0.0514078863036467,6.596971258904238e-06,0.0514078863036467,0.0,True,True,1,True,informed,-0.0,-0.0,-0.2512163072405328,0.2512163072405328,0.054237877978508854,0.09621354445753266,1.3877787807814457e-17,0.06272459572834234
613,fixture_drift,2,medium,tilt,0.07963602605472776,0.0715414780394311,0.00809454801529666,0.0715414780394311,0.0,True,True,1,True,informed,-0.027118938989254427,0.0030557667215234995,-0.2512163072405328,0.2512163072405328,0.06910595403490691,0.1412161573810136,0.0,0.08444844614654964
613,fixture_drift,3,high,mixed,0.15710397670688533,0.12385553772644466,0.03324843898044068,0.12385553772644466,0.0,True,True,1,True,informed,0.1910882951704604,0.0362081689518725,-0.2512163072405328,0.2512163072405328,0.10512617429530716,0.2665168560155666,1.5265566588595902e-16,0.1236262863318249
613,fixture_drift,4,low,offset,0.14718367367958293,0.1410671598304207,0.006116513849162231,0.1410671598304207,0.0,True,True,1,True,informed,-0.0013254474543412248,4.373262687012335e-18,-0.25783329957797557,0.25783329957797557,0.1208330524813431,0.3022167033784677,6.938893903907228e-17,0.14152233072477452
613,fixture_drift,5,medium,bend,0.18773126987017652,0.19251843000317792,0.0047871601330014,0.17696680755932734,0.015551622443850582,False,True,2,True,informed,-0.03563109043775044,1.987846675914698e-18,-0.2512163072405328,0.2512163072405328,0.1674795459544309,0.4068724431334234,2.7755575615628914e-17,0.20212833276821646
640,fixture_drift,1,high,offset,0.037327739173631296,0.037327739173631455,1.5959455978986625e-16,0.037327739173631455,0.0,True,True,1,True,informed,0.0609357557059429,-0.0,-0.2512163072405328,0.2512163072405328,0.03684711207324988,0.07287042724293183,0.0,0.044124773787769446
640,fixture_drift,2,medium,offset,0.0706303334037266,0.06302462700177837,0.0076057064019482284,0.06302462700177837,0.0,True,True,1,True,informed,-0.7070279106572379,-0.0,-0.2512163072405328,0.28281116426289515,0.0582427136855935,0.12731729844923878,0.0,0.07356623361328679
640,fixture_drift,3,high,bend,0.18295496204534858,0.18659063023176348,0.003635668186414892,0.18659063023176348,0.0,True,True,1,True,informed,-0.027635334054937413,-0.0,-0.2512163072405328,0.2512163072405328,0.20029703103531077,0.34538483082762833,2.7755575615628914e-17,0.22886071672881747
640,fixture_drift,4,extreme,offset,0.1734439604924525,0.16415934295768525,0.009284617534767253,0.16161626889503983,0.002543074062645423,False,True,2,False,informed,0.18794124599080736,-7.951386703658792e-19,-0.2512163072405328,0.2512163072405328,0.16436328837421654,0.3187009503668561,5.551115123125783e-17,0.19240071335363423
640,fixture_drift,5,low,bend,0.22248634562240344,0.2205943040682454,0.001892041554158036,0.2205943040682454,0.0,True,True,1,True,informed,-0.06785987444717971,-1.5902773407317584e-18,-0.2512163072405328,0.2512163072405328,0.22571542750263662,0.4229059203693085,2.7755575615628914e-17,0.26007899706661863
653,fixture_drift,1,medium,mixed,0.19916629551269543,0.144771106901505,0.05439518861119044,0.144771106901505,0.0,True,True,1,True,informed,-0.2574229029226024,0.0321636318377577,-0.2512163072405328,0.2512163072405328,0.17300589903839175,0.2472666612808478,5.551115123125783e-17,0.1868933880573308
653,fixture_drift,2,medium,mixed,0.1900086809591173,0.20106023314448407,0.01105155218536677,0.14495325775366077,0.056106975390823294,False,True,2,True,informed,-0.08650294951919588,-1.5902773407317584e-18,-0.2512163072405328,0.2512163072405328,0.21131754718126713,0.3796469949733232,0.0,0.23770870498106955
653,fixture_drift,3,high,twist,0.18574458814331057,0.18410597279978727,0.001638615343523303,0.18410597279978727,0.0,True,True,1,True,informed,-0.09884326219055946,-0.0,-0.2512163072405328,0.2512163072405328,0.18286680375064063,0.3618728699101321,0.0,0.20684070701555451
653,fixture_drift,4,low,bend,0.20927900195186389,0.21885814995625527,0.009579148004391386,0.21885814995625527,0.0,True,True,1,True,informed,-0.0710635932484565,-0.0,-0.2512163072405328,0.2512163072405328,0.21969312448108094,0.42701964960695143,0.0,0.24844317729845541
653,fixture_drift,5,medium,offset,0.23622948579189512,0.21211748389403626,0.024112001897858865,0.21211748389403626,0.0,True,True,1,True,informed,0.10156342229381457,-0.0,-0.2512163072405328,0.2512163072405328,0.2076312195228631,0.4194004486283626,0.0,0.24007983448668552
655,fixture_drift,1,medium,mixed,0.03350317778963812,0.032827867654171554,0.0006753101354665669,0.032827867654171554,0.0,True,True,1,True,informed,-0.0161358841337105,-0.0,-0.2512163072405328,0.2512163072405328,0.029046556412112918,0.06863492557760675,5.551115123125783e-17,0.03523423057255637
655,fixture_drift,2,medium,mixed,0.14146857340109859,0.1325863993367061,0.008882174064392484,0.1325863993367061,0.0,True,True,1,True,informed,-0.029967605119317824,-0.004694155437009498,-0.2512163072405328,0.2512163072405328,0.13258698607193836,0.2569369058532507,1.3877787807814457e-17,0.15729231759149398
655,fixture_drift,3,high,offset,0.15137156732779403,0.1270273442239628,0.02434422310383122,0.1270273442239628,0.0,True,True,1,True,informed,0.7819802503720066,3.975693351829396e-19,-0.24611781525157528,0.31279210014880265,0.12388645705097998,0.25049976092974424,0.0,0.14711478829745547
655,fixture_drift,4,low,mixed,0.20588236534161247,0.17363982108011733,0.03224254426149514,0.17363982108011733,0.0,True,True,1,True,informed,-0.21892069218970045,0.0111813328310607,-0.2512163072405328,0.2512163072405328,0.16648825380963547,0.3469477426193959,2.7755575615628914e-17,0.19609022151407912
655,fixture_drift,5,medium,mixed,0.22770170298453843,0.17113207322040142,0.056569629764137014,0.17113207322040142,0.0,True,True,1,True,informed,0.09838281728130226,-0.0270125481251222,-0.16282148095539628,0.16282148095539628,0.16108660895826266,0.34568198011238244,8.326672684688674e-17,0.19101496499207865
673,high_variation,1,high,tilt,0.000312766106096967,0.0,0.000312766106096967,0.0,0.0,True,True,1,True,informed,-0.0,0.0029065121434719,-0.0,0.0024220934528932504,0.0,0.0,0.0,0.0
673,high_variation,2,high,mixed,0.11363189598108184,0.11044056447861311,0.003191331502468725,0.11044056447861311,0.0,True,True,1,True,informed,-0.8352109750231802,0.0154452857049223,-0.0,0.3340843900092721,0.1198489816573313,0.20357761637136806,1.1102230246251565e-16,0.13412585070003283
673,high_variation,3,extreme,twist,0.12854274643554378,0.12741656774734997,0.001126178688193813,0.12583351197653966,0.0015830557708103044,False,True,2,False,informed,0.004249890843834678,3.180554681463517e-18,-0.0,0.001699956337533871,0.12363191353898495,0.25371725123721167,1.9949319973733282e-17,0.14211818314491
673,high_variation,4,medium,waviness,0.14450116848876007,0.15042001704869043,0.005918848559930356,0.15042001704869043,0.0,True,True,1,True,informed,-0.02083261182780091,5.715059193254757e-19,-0.0,0.008333044731120363,0.15577439468334697,0.2873109895266598,5.204170427930421e-17,0.17494401785688365
673,high_variation,5,high,twist,0.14467993667919568,0.14412133026272833,0.0005586064164673499,0.14084875304516584,0.0032725772175624945,False,True,2,False,informed,-0.010416305913900456,1.4908850069360234e-18,-0.0,0.004166522365560183,0.1548728494437128,0.2679234840168391,4.5102810375396984e-17,0.17282430224562764
710,high_variation,1,extreme,offset,3.7721646511424795e-10,0.0,3.7721646511424795e-10,0.0,0.0,True,True,1,True,informed,-0.6327306829793221,-0.0,-0.0,0.25309227319172883,0.0,0.0,0.0,0.0
710,high_variation,2,high,mixed,0.20383750485368685,0.16827701705168552,0.03556048780200133,0.09906068299685752,0.069216334054828,False,True,2,True,informed,-0.0,0.0332288980364737,-0.1648842523221764,0.1648842523221764,0.18958106177176065,0.3007959076943119,5.551115123125783e-17,0.21163926211863734
710,high_variation,3,high,twist,0.11290573015418784,0.11018754958276747,0.00271818057142037,0.11018754958276747,0.0,True,True,1,True,informed,-0.09479053088588033,-1.5902773407317584e-18,-0.0,0.03791621235435213,0.11652269797305798,0.2060053768084316,2.7755575615628914e-17,0.13429127148320585
710,high_variation,4,extreme,mixed,0.15220713568293964,0.0936184179990789,0.058588717683860744,0.0936184179990789,0.0,True,True,1,True,informed,-0.853425573025251,0.0319436888763871,0.0079153566493359,0.3413702292101004,0.09903363148073402,0.17552727580798355,0.0,0.11250145812463627
710,high_variation,5,medium,tilt,0.09161647033796999,0.08837167221515829,0.0032447981228116984,0.08837167221515829,0.0,True,True,1,True,informed,-0.023975236231232246,-0.0020568119129902,-0.0,0.009590094492492898,0.09290869001080049,0.16681125567094918,0.0,0.10455688510633394
721,high_variation,1,high,twist,0.022234940205222684,0.022209198875851887,2.574132937079726e-05,0.022209198875851887,0.0,True,True,1,True,informed,-0.0,-0.0,-0.1004715886089741,0.1004715886089741,0.022892459165812538,0.04207771573705438,1.779785628770736e-17,0.02718146404991806
721,high_variation,2,high,mixed,0.12213054825712574,0.11247534693104905,0.009655201326076696,0.11247534693104905,0.0,True,True,1,True,informed,0.9880744306731712,-5.098710248330034e-19,-0.0,0.3952297722692685,0.11115920071490636,0.22099446879816698,1.1102230246251565e-16,0.12829246077127027
721,high_variation,3,extreme,mixed,0.22384572762518518,0.21879798196158023,0.005047745663604941,0.1985504677997226,0.020247514161857633,False,True,2,True,informed,-0.05278120643733092,-0.005355128347573296,-0.0,0.021112482574932367,0.2074802532480495,0.4404494979256467,5.551115123125783e-17,0.24419056609471318
721,high_variation,4,medium,bend,0.2991830367685807,0.2866161914899103,0.012566845278670413,0.2866161914899103,0.0,True,True,1,True,informed,-0.09450971954554155,1.5902773407317584e-18,-0.2136954363124104,0.2136954363124104,0.27768991233533613,0.5690462163334005,0.0,0.3259535288928933
721,high_variation,5,high,mixed,0.22929801791429658,0.22868286420927603,0.0006151537050205491,0.22868286420927603,0.0,True,True,1,True,informed,-0.20859998553455975,-0.0,-0.0,0.08343999421382389,0.2230047723232818,0.453224888385948,5.551115123125783e-17,0.25813965996507066
730,high_variation,1,high,tilt,3.231071256197905e-11,0.0,3.231071256197905e-11,0.0,0.0,True,True,1,True,informed,-0.0,-0.0046681107885133,-0.0,0.003890092323761084,0.0,0.0,0.0,0.0
730,high_variation,2,high,mixed,0.11274857367621323,0.11210418727698934,0.0006443863992238869,0.11210418727698934,0.0,True,True,1,True,informed,-0.0,-0.0,-0.095762498971054,0.095762498971054,0.10601633257855805,0.22654054776946142,8.596367975094443e-17,0.12337123172583485
730,high_variation,3,extreme,mixed,0.27740421564939016,0.276693734757471,0.000710480891919163,0.276693734757471,0.0,True,True,1,True,informed,-0.2311115118489333,-0.0604059805551198,-0.0,0.09244460473957332,0.2469035961686052,0.573034157702295,2.220446049250313e-16,0.3071240859620089
730,high_variation,4,extreme,offset,0.24093766056033045,0.20874191353481256,0.03219574702551789,0.20874191353481256,0.0,True,True,1,False,zero,0.0,0.0,0.0,0.0,0.2046286050585488,0.41301329374240875,2.220446049250313e-16,0.23449343894525232
730,high_variation,5,medium,mixed,0.20262544215216483,0.2023097231533251,0.00031571899883972576,0.2023097231533251,0.0,True,True,1,True,informed,-0.021452443805393996,0.018107849601089306,-0.0,0.015089874667574422,0.20380327648345176,0.3931561973062519,8.326672684688674e-17,0.23221881016413973
732,high_variation,1,high,bend,0.13788904757028078,0.13788904757028128,4.996003610813204e-16,0.13788904757028128,0.0,True,True,1,False,zero,0.0,0.0,0.0,0.0,0.15534594386731732,0.246477278666448,3.018476103814158e-17,0.17342080810151675
732,high_variation,2,high,mixed,0.27340191340766345,0.2682901465813416,0.005111766826321862,0.2682901465813416,0.0,True,True,1,True,informed,-0.28047071661972295,-8.647297065482188e-19,-0.0802667115721209,0.11218828664788918,0.25294187237708265,0.5430942489229013,2.7755575615628914e-17,0.29479310191346414
732,high_variation,3,high,mixed,0.37102864916189243,0.382724444176776,0.011695795014883548,0.34480288087083233,0.03792156330594365,False,True,2,False,zero,0.0,0.0,0.0,0.0,0.2751021902650814,0.5763546620850373,0.3119481237005704,0.3370295136156923
732,high_variation,4,extreme,bend,0.5156131902072273,0.514792318882441,0.0008208713247862542,0.45040250922545244,0.0643898096569886,False,True,2,True,informed,-0.11000512644523741,-0.008936655167653648,0.0010030578892117,0.04400205057809496,0.4657986085371854,0.912383188078134,0.15597406564480765,0.5454556020440293
732,high_variation,5,medium,mixed,0.4876327882690379,0.427348576709501,0.06028421155953689,0.427348576709501,0.0,True,True,1,True,local_informed,-0.5692348922275028,0.04380042696169474,-0.09731218958746267,0.2276939568910011,0.3496737671828895,0.732798382427392,0.21005050008404202,0.3959178180120394
735,high_variation,1,high,waviness,0.06542066529249284,0.06542066529249314,3.0531133177191805e-16,0.06542066529249314,0.0,True,True,1,False,zero,0.0,0.0,0.0,0.0,0.07369094717127729,0.1169494811949503,8.593308468440367e-17,0.08228536782624847
735,high_variation,2,high,mixed,0.19936523275863777,0.19854549572018837,0.0008197370384493974,0.19854549572018837,0.0,True,True,1,True,informed,0.6140001562283278,-0.005305252480480698,-0.0,0.24560006249133112,0.18577075068033075,0.40370662429403065,1.1102230246251565e-16,0.21702283227879915
735,high_variation,3,high,tilt,0.15275168659957847,0.148574355588415,0.004177331011163465,0.148574355588415,0.0,True,True,1,True,informed,-0.08803278215323593,-0.021083074119435698,-0.0,0.035213112861294374,0.12809629346638518,0.3156738421407947,2.7755575615628914e-17,0.15443314906261058
735,high_variation,4,medium,offset,0.14262720566713208,0.12824517327933602,0.014382032387796062,0.12569639154891682,0.0025487817304191973,False,True,2,False,informed,0.07398631663870103,7.951386703658792e-19,-0.0,0.029594526655480412,0.11105882587495561,0.2716574510641767,0.0,0.1343029019759632
735,high_variation,5,high,mixed,0.2659389382283111,0.2815857082470591,0.01564677001874798,0.2815857082470591,0.0,True,True,1,True,informed,-0.022008195538308985,0.0015854618164992,-0.0,0.008803278215323593,0.23934921169170326,0.6024743253090034,5.551115123125783e-17,0.29038647146847146
742,high_variation,1,high,mixed,0.17737716676946183,0.0836940325040706,0.09368313426539122,0.0836940325040706,0.0,True,True,1,True,informed,-1.1268488363616742,-0.0,-0.0,0.4507395345446697,0.09428978373920513,0.14960345100440442,0.0,0.1052606208098775
742,high_variation,2,high,mixed,0.1899584674303736,0.1821703994066126,0.007788068023761002,0.1821703994066126,0.0,True,True,1,True,informed,-0.047144891869602565,-0.0,-0.0,0.018857956747841027,0.2022126690731402,0.32856685283467324,3.469446951953614e-17,0.2293654283426855
742,high_variation,3,extreme,waviness,0.16841426372944507,0.1628856475867408,0.005528616142704279,0.1628856475867408,0.0,True,True,1,True,informed,-0.09895904975595575,-9.93923337957349e-19,-0.0,0.0395836199023823,0.14713456777972933,0.3379269047840246,1.1102230246251565e-16,0.17367205817614598
742,high_variation,4,extreme,twist,0.15490021663606657,0.14416001191932235,0.010740204716744223,0.14416001191932235,0.0,True,True,1,True,informed,-0.04947952487797788,3.180554681463517e-18,-0.0,0.019791809951191154,0.13483709620951587,0.2930777198305651,1.1102230246251565e-16,0.1578556710729803
742,high_variation,5,medium,bend,0.19906692321333988,0.20018968362461015,0.0011227604112702683,0.1974618048651608,0.0027278787594493537,False,True,2,False,informed,0.007285727932772191,3.180554681463517e-18,-0.0,0.0029142911731088765,0.17532505438055176,0.4212987536492742,2.7755575615628914e-17,0.2120254121566233
752,high_variation,1,extreme,waviness,0.041752929154881296,0.041862112005602026,0.00010918285072072931,0.041862112005602026,0.0,True,True,1,True,informed,-0.0,-0.0,-0.0948810999608918,0.0948810999608918,0.04715419310535339,0.0748349509882137,5.498937893574918e-17,0.05265368777531888
752,high_variation,2,high,offset,0.04519718616225025,0.04186211200560201,0.0033350741566482364,0.04186211200560201,0.0,True,True,1,True,informed,0.7622218488812713,1.5753296655320092e-18,-0.0,0.3048887395525085,0.0471541931053534,0.07483495098821369,0.0,0.05265368777531888
752,high_variation,3,high,waviness,0.11004787276929194,0.10973289017374754,0.0003149825955443969,0.10973289017374754,0.0,True,True,1,False,zero,0.0,0.0,0.0,0.0,0.1236049889830926,0.19616438503744188,8.915142183044832e-17,0.1380207796758717
752,high_variation,4,extreme,twist,0.1374959653417664,0.1361220546374828,0.0013739107042835819,0.1361220546374828,0.0,True,True,1,False,zero,0.0,0.0,0.0,0.0,0.12907281570151108,0.2746680708410126,1.2760713684669327e-16,0.14999788674725667
752,high_variation,5,medium,tilt,0.12822259485027798,0.12740171675120418,0.0008208780990738018,0.12740171675120418,0.0,True,True,1,True,informed,0.024732948381609703,0.024645341500707702,-0.0,0.020537784583923087,0.12682042923714648,0.24993512245940291,2.7755575615628914e-17,0.1437505124223936
753,high_variation,1,high,twist,0.0015057513418577034,0.0015057513418577678,6.440160904563896e-17,0.0015057513418577678,0.0,True,True,1,False,zero,0.0,0.0,0.0,0.0,0.0015520753945260978,0.002852807851717212,1.2066124938828864e-18,0.0018428636798477442
753,high_variation,2,high,mixed,0.16271819214970554,0.1626329179396984,8.527421000714686e-05,0.1626329179396984,0.0,True,True,1,True,informed,0.0007760376972630489,-0.043260474850081,-0.0142971198283442,0.03605039570840084,0.14248028550412428,0.34160882685807326,1.1102230246251565e-16,0.17406184231039087
753,high_variation,3,high,mixed,0.25106013210879985,0.2543451401599877,0.0032850080511878654,0.2543451401599877,0.0,True,True,1,True,informed,-0.061656947883011015,3.180554681463517e-18,-0.0,0.024662779153204407,0.218235279090945,0.5404254966741578,1.3877787807814457e-16,0.26746907430456823
753,high_variation,4,medium,mixed,0.2543243589477981,0.2439311083296517,0.010393250618146388,0.2439311083296517,0.0,True,True,1,True,informed,-0.07165200470543606,0.0013757666565419038,-0.0529571740945657,0.0529571740945657,0.21237327329097141,0.5151303374599183,2.7755575615628914e-17,0.256800251043848
753,high_variation,5,high,tilt,0.23222999011543477,0.2221506610786744,0.01007932903676037,0.2221506610786744,0.0,True,True,1,True,informed,-0.05556381938609388,-0.0284539821002623,-0.0,0.023711651750218585,0.2015740975127011,0.4595665180738244,2.7755575615628914e-17,0.23808476402716744
757,high_variation,1,high,mixed,0.056855999822901813,0.056855999822901834,2.0816681711721685e-17,0.056855999822901834,0.0,True,True,1,False,zero,0.0,0.0,0.0,0.0,0.04858091243093634,0.1201862909895391,2.090138224840086e-17,0.06225838796759194
757,high_variation,2,high,tilt,0.05169887725360029,0.05168926051536785,9.616738232437472e-06,0.05168926051536785,0.0,True,True,1,True,informed,-0.014965472417030203,-0.0027985148777015995,-0.0,0.005986188966812081,0.048208133600973646,0.1052208185725089,1.734723475976807e-17,0.056605748633230896
757,high_variation,3,extreme,twist,0.049850484519286566,0.04993021243003272,7.972791074615376e-05,0.04993021243003272,0.0,True,True,1,True,informed,-0.0074827362085150995,4.969616689786745e-19,-0.0,0.00299309448340604,0.04997927320006094,0.0977380823639938,1.0408340855860843e-17,0.05615005760816302
757,high_variation,4,medium,mixed,0.05449950096379,0.05080876813037937,0.0036907328334106274,0.05080876813037937,0.0,True,True,1,True,informed,-0.15259929193446148,2.981770013872047e-19,-0.0,0.06103971677378459,0.05412051139893189,0.0953867654100547,0.0,0.05956585087683398
757,high_variation,5,high,bend,0.1856389249557266,0.1905032305316226,0.004864305575896011,0.10907261234651712,0.08143061818510548,False,True,2,False,zero,0.0,0.0,0.0,0.0,0.17966812609959099,0.3801999516186535,3.469446951953614e-17,0.22542807216149272
761,high_variation,1,high,mixed,0.07577381364859241,0.07558384116186978,0.000189972486722631,0.07558384116186978,0.0,True,True,1,True,informed,-0.0,-0.0167277024096128,-0.0,0.013939752008010666,0.08481557858364244,0.1355605112422501,1.1102230246251565e-16,0.09471014214101993
761,high_variation,2,high,offset,0.08565950129074713,0.07549602868971189,0.010163472601035242,0.07549602868971189,0.0,True,True,1,True,informed,0.16492490221611847,3.180554681463517e-18,-0.0,0.06596996088644738,0.08482452438078346,0.13525933607183593,5.551115123125783e-17,0.09470870553926061
761,high_variation,3,high,mixed,0.2603900051886512,0.26255119675766375,0.002161191569012566,0.26255119675766375,0.0,True,True,1,False,zero,0.0,0.0,0.0,0.0,0.2635132599155804,0.5115788409864997,5.041540102057596e-18,0.300235664870397
761,high_variation,4,medium,bend,0.2706944287538661,0.25363194668031097,0.017062482073555152,0.18480768663994768,0.0688242600403633,False,True,2,True,informed,-0.1297943507707134,-1.4442948504692728e-19,-0.0747383428957753,0.0747383428957753,0.2450706678619113,0.506987723496612,2.7755575615628914e-17,0.2801442927275401
761,high_variation,5,high,mixed,0.3136679682306929,0.2731786783202119,0.04048928991048095,0.2731786783202119,0.0,True,True,1,True,informed,0.2888555072133694,0.0207456537080969,-0.0,0.11554220288534775,0.2545609711504421,0.5568519166147919,8.326672684688674e-17,0.2975481199064167
780,high_variation,1,high,mixed,0.02796976311762673,0.024689929890444252,0.003279833227182477,0.024689929890444252,0.0,True,True,1,True,informed,-0.0,-0.051944446345194,-0.0,0.043287038620995,0.0275853370905855,0.044470083041772024,0.0,0.030733038507369928
780,high_variation,2,high,mixed,0.18115565074479617,0.09674077775238066,0.08441487299241551,0.09674077775238066,0.0,True,True,1,True,informed,-0.5338906721565383,0.0353800556171486,0.0309906196399199,0.2135562688626153,0.09673602805235643,0.1888909254339164,0.0,0.11052691706498825
780,high_variation,3,high,offset,0.0963484310085949,0.09664803560866524,0.0002996046000703356,0.09664803560866524,0.0,True,True,1,True,informed,-0.2755192921260507,-0.0,-0.0,0.11020771685042027,0.09661438012567701,0.18881818195717748,0.0,0.11018266983808898
780,high_variation,4,extreme,tilt,0.09946549021344676,0.09738681603175393,0.00207867418169283,0.09738681603175393,0.0,True,True,1,True,informed,0.0025162581882871506,-0.0449558827451606,-0.0,0.03746323562096717,0.0965894666782682,0.19133444014546463,0.0,0.11009643984634086
780,high_variation,5,medium,bend,0.1432102822629345,0.1423944204272274,0.0008158618357071157,0.1423944204272274,0.0,True,True,1,False,zero,0.0,0.0,0.0,0.0,0.11799553411811743,0.30877653236529085,1.5612511283791264e-17,0.143628004822049
781,high_variation,1,high,tilt,2.037198172401818e-11,0.0,2.037198172401818e-11,0.0,0.0,True,True,1,True,informed,-0.0,0.0150111536242482,-0.0,0.0125092946868735,0.0,0.0,0.0,0.0
781,high_variation,2,high,tilt,0.0029216852378007633,0.0,0.0029216852378007633,0.0,0.0,True,True,1,True,informed,-0.0,0.0243417619160364,-0.0,0.020284801596697,0.0,0.0,0.0,0.0
781,high_variation,3,extreme,twist,0.00764138800240127,0.007571822986273153,6.95650161281168e-05,0.007571822986273153,0.0,True,True,1,False,zero,0.0,0.0,0.0,0.0,0.007804768172547157,0.014345632951853836,6.067573020014495e-18,0.00926702648952854
781,high_variation,4,medium,waviness,0.043309849892087394,0.0429549558037818,0.00035489408830559344,0.0429549558037818,0.0,True,True,1,True,informed,0.0039023840862735786,1.738231629671388e-19,-0.0,0.0015609536345094314,0.04564482432724814,0.08051344829373261,5.637851296924623e-17,0.05107474017487558
781,high_variation,5,high,waviness,0.08718567907813825,0.08649871809777819,0.0006869609803600574,0.08649871809777819,0.0,True,True,1,True,informed,0.0019511920431367884,1.6151254241806922e-18,-0.0,0.0007804768172547154,0.09532590033078221,0.15754158700298912,8.586881206085195e-17,0.10638471897646759
786,high_variation,1,high,bend,0.20625241750370532,0.20625241750370502,3.0531133177191805e-16,0.20625241750370502,0.0,True,True,1,False,zero,0.0,0.0,0.0,0.0,0.23236418726946537,0.368677102935084,4.514992340283699e-17,0.2594003044234022
786,high_variation,2,high,waviness,0.1828624688168054,0.17892339112692915,0.0039390776898762525,0.17892339112692915,0.0,True,True,1,True,informed,-0.11618209363473268,-1.2934500281607518e-18,0.0846656052736934,0.0846656052736934,0.15891018397343012,0.3745466932175079,8.326672684688674e-17,0.1888632796964772
786,high_variation,3,high,mixed,0.3755158268384163,0.38544276097653496,0.009926934138118682,0.38544276097653496,0.0,True,True,1,True,informed,0.9460694332577888,2.3854160110976377e-18,-0.0,0.3784277733031155,0.33634886331334246,0.8135466081310655,2.220446049250313e-16,0.404741195432125
786,high_variation,4,extreme,bend,0.5470563400463797,0.5500071351571639,0.002950795110784221,0.5500071351571639,0.0,True,True,1,True,informed,-0.12684338738661732,6.361109362927034e-18,-0.0,0.05073735495464693,0.5093533951352618,1.1266933073749825,5.551115123125783e-17,0.5919312440409068
786,high_variation,5,medium,offset,0.4430596963169203,0.39681522104623457,0.04624447527068576,0.39681522104623457,0.0,True,True,1,False,zero,0.0,0.0,0.0,0.0,0.3576486851989402,0.8212026965875734,0.0,0.4315980651028048
801,high_variation,1,high,bend,0.13401205641968383,0.13511768649315295,0.001105630073469116,0.13315617180308595,0.001961514690067001,False,True,2,False,zero,0.0,0.0,0.0,0.0,0.15222372560626066,0.241523458558694,2.95780930442903e-17,0.1699353124366655
801,high_variation,2,high,mixed,0.22098879763776028,0.21284683605633464,0.008141961581425633,0.21284683605633464,0.0,True,True,1,True,informed,-0.4533549542203874,-8.473499487415455e-19,-0.0,0.18134198168815496,0.21173861835914695,0.41651615965363975,0.0,0.24370402652498635
801,high_variation,3,high,bend,0.2701755841987866,0.27302207948647367,0.0028464952876870453,0.27302207948647367,0.0,True,True,1,True,informed,-0.09807477579908203,-0.0,-0.0,0.03922991031963281,0.2735050651882438,0.531407404328158,2.7755575615628914e-17,0.3154833863155312
801,high_variation,4,medium,mixed,0.39843680772487616,0.41986152814324434,0.02142472041836818,0.30437483848211927,0.11548668966112507,False,True,3,False,zero,0.0,0.0,0.0,0.0,0.3187498504771136,0.5536434950416781,0.4033126617508226,0.3714972596236004
801,high_variation,5,high,waviness,0.3313949057589043,0.3410981130721529,0.009703207313248585,0.3410981130721529,0.0,True,True,1,True,informed,-0.12493042051028456,-0.011554056044789601,-0.0,0.04997216820411383,0.2626985836599982,0.5683098846564835,0.2016563390758208,0.31298670854462135
815,high_variation,1,high,waviness,0.05451365958304186,0.05451365958304184,1.3877787807814457e-17,0.05451365958304184,0.0,True,True,1,False,zero,0.0,0.0,0.0,0.0,0.06140511091543256,0.0974515342785184,7.160622571571167e-17,0.0685666602485654
815,high_variation,2,high,mixed,0.22134952597255816,0.22162914450505491,0.0002796185324967504,0.22162914450505491,0.0,True,True,1,True,informed,-8.477973312922838e-19,0.012739027560702802,-0.0,0.010615856300585669,0.19055535315966865,0.47105066758871594,1.5265566588595902e-16,0.23147338280539465
815,high_variation,3,high,mixed,0.282866056042488,0.2870724698618766,0.0042064138193886325,0.2870724698618766,0.0,True,True,1,True,informed,-0.058008925944477804,4.373262687012335e-18,-0.0,0.02320357037779112,0.27620223367367025,0.5757218397709505,1.8735013540549517e-16,0.3149524782849039
815,high_variation,4,medium,offset,0.28793825397411843,0.277097612223843,0.010840641750275437,0.277097612223843,0.0,True,True,1,True,informed,0.15405078804845607,5.367186024969684e-18,-0.0,0.061620315219382424,0.27471181457615934,0.5454297295995572,5.551115123125783e-17,0.3105514897112802
815,high_variation,5,high,mixed,0.438093482438331,0.4198876147710264,0.018205867667304643,0.4198876147710264,0.0,True,True,1,False,zero,0.0,0.0,0.0,0.0,0.3807776712151984,0.866990612173324,9.71445146547012e-17,0.45557129754469633
833,high_variation,1,high,tilt,0.0013202081010179098,0.0,0.0013202081010179098,0.0,0.0,True,True,1,True,informed,-0.0,-0.0224288036203993,0.0883919776339113,0.0883919776339113,0.0,0.0,0.0,0.0
833,high_variation,2,high,offset,0.005821703310911664,0.0,0.005821703310911664,0.0,0.0,True,True,1,True,informed,-0.1230427024070738,-0.0,-0.0,0.04921708096282952,0.0,0.0,0.0,0.0
833,high_variation,3,high,bend,0.15820762113288034,0.15673820292271293,0.0014694182101674114,0.15673820292271293,0.0,True,True,1,False,zero,0.0,0.0,0.0,0.0,0.17658142181804246,0.2801702267162957,3.431095713644998e-17,0.19712708362411488
833,high_variation,4,medium,tilt,0.10748288750864896,0.1023294124441813,0.005153475064467658,0.1023294124441813,0.0,True,True,1,True,informed,-0.08829071090902123,-0.011525223951993502,-0.0,0.035316284363608494,0.10775456783082162,0.19187951580727447,1.3877787807814457e-17,0.12439187352752473
833,high_variation,5,high,tilt,0.08362530120501034,0.0802481516790742,0.003377149525936138,0.0802481516790742,0.0,True,True,1,True,informed,-0.0441453554545106,-0.0063722849167882,-0.0,0.01765814218180424,0.08705408786432038,0.14773416035276388,2.7755575615628914e-17,0.09811677213948919
836,disturbed,1,extreme,mixed,0.2373418508392161,0.2379160399716412,0.0005741891324251014,0.21689345792747494,0.021022582044166266,False,True,2,True,informed,-0.1497152794487587,-0.015407857976826799,-0.099211387607671,0.099211387607671,0.23968576814201414,0.46219223344992755,1.3449411480348505e-09,0.2735263909057639
836,disturbed,2,high,bend,0.32546410094395584,0.30725762383864935,0.018206477105306484,0.30725762383864935,0.0,True,True,1,True,informed,-0.267708727958674,-0.014256195424791073,-0.099211387607671,0.1070834911834696,0.31204558291701634,0.5933370208320903,6.724703710547786e-10,0.35642842512176254
836,disturbed,3,high,mixed,0.2593211241160569,0.24220902321936505,0.01711210089669185,0.24220902321936505,0.0,True,True,1,True,informed,-0.2936497204992789,-0.007497040739778642,-0.099211387607671,0.11745988819971157,0.2474216755565192,0.46734506576734275,3.504532386511272e-09,0.27778999770846746
836,disturbed,4,extreme,bend,0.2677235667272334,0.25919249367162783,0.008531073055605576,0.25919249367162783,0.0,True,True,1,True,informed,-0.23947736486942112,-0.014256195563718257,-0.099211387607671,0.099211387607671,0.26950689130973354,0.4938229144500573,1.752266054477758e-09,0.30193551418010783
836,disturbed,5,medium,tilt,0.24479426395635098,0.22745286046201196,0.01734140349433902,0.22745286046201196,0.0,True,True,1,True,informed,-0.23586162026991397,-0.023624626900579326,-0.099211387607671,0.099211387607671,0.23995182436603676,0.42744899079121573,1.5899063732227603e-08,0.2723261114511709
839,disturbed,1,high,twist,0.015395400922903072,0.015386111713211428,9.289209691643388e-06,0.015386111713211428,0.0,True,True,1,True,informed,-0.1497152794487587,-0.0142561954633208,-0.099211387607671,0.099211387607671,0.015367705936156372,0.029831787373746504,3.8163916471489756e-17,0.018262637202405545
839,disturbed,2,high,mixed,0.1297900850021622,0.11730857831902493,0.012481506683137258,0.11730857831902493,0.0,True,True,1,True,informed,-0.1573991324168369,0.027517050220145806,-0.099211387607671,0.099211387607671,0.1365810680632166,0.2038961112585878,8.712362953300357e-08,0.1516539838539475
839,disturbed,3,high,twist,0.10260196897123565,0.08808628879166912,0.014515680179566531,0.08808628879166912,0.0,True,True,1,True,informed,-0.2179359338806868,-0.014256192967412665,-0.23261847134463037,0.23261847134463037,0.09644530644970803,0.16086288965393286,4.356181204645537e-08,0.10893816892033237
839,disturbed,4,medium,mixed,0.20944032380414188,0.1920520503854678,0.017388273418674077,0.16652066043774738,0.025531389947720418,False,True,2,True,informed,-0.2587153246972715,-0.014256194215366811,-0.099211387607671,0.1034861298789086,0.21975975996221528,0.3388370288025852,2.178090460769333e-08,0.24473007221756285
839,disturbed,5,high,twist,0.1548864120893311,0.1457749922685715,0.009111419820759609,0.1457749922685715,0.0,True,True,1,True,informed,-0.25235669135344585,-0.014256194839343846,-0.099211387607671,0.10094267654137834,0.16463030456773037,0.2610813765195079,1.0890451623835062e-08,0.1806148467526453
845,disturbed,1,high,mixed,0.1697434133148311,0.1696787179802772,6.46953345538881e-05,0.1696787179802772,0.0,True,True,1,True,informed,-0.1497152794487587,-0.0066442277680814,-0.099211387607671,0.099211387607671,0.15619749690919962,0.3473863874348979,3.833338674263942e-09,0.1860355152704635
845,disturbed,2,high,waviness,0.24601488986970058,0.21315936745356046,0.03285552241614012,0.21315936745356046,0.0,True,True,1,True,informed,-0.19283750767326088,-0.014256195573137863,0.3275618961741829,0.3275618961741829,0.21223563892444988,0.41765740640113214,1.916669128965154e-09,0.24191453280885108
845,disturbed,3,high,waviness,0.23696902351906207,0.23667886262519225,0.000290160893869823,0.23667886262519225,0.0,True,True,1,True,informed,-0.17855230084242343,-0.014256195518229325,-0.099211387607671,0.099211387607671,0.2392427643389933,0.4595603657685197,9.583345228492135e-10,0.27037923305438005
845,disturbed,4,medium,mixed,0.2724683918845842,0.2639444557914126,0.008523936093171591,0.2639444557914126,0.0,True,True,1,True,informed,-0.17140969742700474,-0.01425619549077506,-0.099211387607671,0.099211387607671,0.2710669032371724,0.5070078645839501,4.791672336690311e-10,0.30522025301325695
845,disturbed,5,high,mixed,0.3907027307966879,0.3863304297113311,0.0043723010853568,0.3863304297113311,0.0,True,True,1,True,informed,-0.6596162309528655,-0.01425619547704793,-0.099211387607671,0.2638464923811462,0.3612177751768549,0.7849171495524675,2.395834641788497e-10,0.4248995222065931
858,disturbed,1,high,mixed,0.1507378231063759,0.1476710430907504,0.003066780015625492,0.1476710430907504,0.0,True,True,1,True,informed,0.27243698139225614,-0.0210438142977397,-0.099211387607671,0.10897479255690246,0.17342811351624765,0.25473460714204366,1.0826240681716115e-08,0.1922222364539082
858,disturbed,2,high,tilt,0.14669986598241871,0.10513781494678316,0.04156205103563555,0.10513781494678316,0.0,True,True,1,True,informed,-0.23642933620688253,-0.04546076123777485,-0.099211387607671,0.099211387607671,0.1182409710113767,0.1875377381790446,1.1293348470275966e-07,0.13404168309611372
858,disturbed,3,high,bend,0.207057396194986,0.21220593731527923,0.005148541120293226,0.21220593731527923,0.0,True,True,1,True,informed,-0.20034821510923426,-0.01425619222801478,-0.099211387607671,0.099211387607671,0.23903367509289897,0.37739780106917914,5.6466738757032786e-08,0.27276477526634163
858,disturbed,4,extreme,mixed,0.23019577192842713,0.21269040769588748,0.01750536423253965,0.21269040769588748,0.0,True,True,1,True,informed,-0.25771442428397834,0.008190502134527608,-0.099211387607671,0.10308576971359133,0.2026719970687687,0.4275030731298337,4.216810176038699e-08,0.23637873985876234
858,disturbed,5,medium,mixed,0.22751568626588362,0.19057024711700915,0.036945439148874465,0.19057024711700915,0.0,True,True,1,True,informed,-0.23075863992280918,0.004684192697797531,-0.099211387607671,0.099211387607671,0.18241111849412583,0.37938849115535134,2.7808539304619018e-08,0.22030355879604216
876,disturbed,1,high,mixed,0.1186066760994833,0.11780605774459174,0.0008006183548915635,0.11780605774459174,0.0,True,True,1,True,informed,0.4055896057457987,-0.0142561954633208,-0.099211387607671,0.1622358422983195,0.1388215887155367,0.20264930764314038,0.0,0.15364788836988627
876,disturbed,2,high,mixed,0.16276129452524915,0.14921933389922706,0.013541960626022087,0.14921933389922706,0.0,True,True,1,True,informed,-0.21912607380652704,-0.0142561954633208,0.02848996536982211,0.08765042952261082,0.13025461959149343,0.3144509479321901,1.5265566588595902e-16,0.15807663642121966
876,disturbed,3,high,offset,0.17679783612992628,0.1425777635733528,0.03422007255657347,0.1425777635733528,0.0,True,True,1,True,informed,0.6912761358803193,-0.014256195463320794,-0.099211387607671,0.27651045435212773,0.1282523753997693,0.29548657187643734,1.1102230246251565e-16,0.15456079390490798
876,disturbed,4,extreme,mixed,0.25522909956022305,0.2328629283999432,0.022366171160279863,0.2328629283999432,0.0,True,True,1,True,informed,0.12202403578058972,0.053298525656708506,-0.05494026950898309,0.05494026950898309,0.1997985596900957,0.4951465844491881,2.729021646163954e-07,0.2437930328750867
876,disturbed,5,medium,mixed,0.28909545533523434,0.28819059852795714,0.000904856807277199,0.28819059852795714,0.0,True,True,1,True,informed,-0.20656345133164994,-0.014256187645249673,-0.099211387607671,0.099211387607671,0.2529856896138761,0.6045426758920274,1.364510737733582e-07,0.30932047940863944
885,disturbed,1,high,waviness,0.038132352818580045,0.0401286119534455,0.0019962591348654524,0.0401286119534455,0.0,True,True,1,True,informed,-0.1497152794487587,-0.0142561954633208,-0.099211387607671,0.099211387607671,0.03708315895256912,0.08234836355619307,1.734723475976807e-17,0.042991552008168364
885,disturbed,2,high,mixed,0.261906070674855,0.28721651050124486,0.025310439826389863,0.28211765044990383,0.005098860051341025,False,True,2,True,informed,-0.15699118673017237,-0.0142561954633208,-0.099211387607671,0.099211387607671,0.2744320372166216,0.5768579485306394,6.591949208711867e-17,0.31829514777066553
885,disturbed,3,high,mixed,0.2671980931869582,0.221220586649814,0.04597750653714419,0.221220586649814,0.0,True,True,1,True,informed,-0.25342062243635205,-0.022862246028457194,-0.099211387607671,0.10136824897454082,0.19947179306147053,0.458855830330785,1.4912778373288305e-08,0.2372229515830385
885,disturbed,4,medium,mixed,0.32629529364432897,0.27493523641636763,0.05136005722796133,0.27493523641636763,0.0,True,True,1,True,informed,-0.6524978647652201,-0.0002962126331778687,-0.099211387607671,0.260999145906088,0.25945461155608984,0.5566810324935416,7.1429704928682725e-09,0.30094541058587065
885,disturbed,5,high,waviness,0.2816941373755013,0.2825639106538825,0.0008697732783811696,0.2825639106538825,0.0,True,True,1,True,informed,-0.24455958574957903,-0.014256195258689769,-0.099211387607671,0.099211387607671,0.2505154930809948,0.5887501000593318,3.571485107656258e-09,0.30784231640338955
888,disturbed,1,high,mixed,0.18300560901050744,0.1834131314143234,0.0004075224038159464,0.1834131314143234,0.0,True,True,1,True,informed,-0.1497152794487587,-0.0142561954633208,-0.099211387607671,0.099211387607671,0.17325819371579068,0.3706016263157278,1.734723475976807e-17,0.20255185404867837
888,disturbed,2,high,tilt,0.17759093799509343,0.14545397016957823,0.0321369678255152,0.14545397016957823,0.0,True,True,1,True,informed,-0.23058022125453037,0.003637283348312702,0.0718311851732865,0.09223208850181215,0.13048231942851246,0.30189858998483093,4.932960984138646e-09,0.1573969586568691
888,disturbed,3,high,mixed,0.14843244096954303,0.1259679719994851,0.022464468970057938,0.1259679719994851,0.0,True,True,1,True,informed,-0.19742365763305822,-0.005190829959505076,-0.18508439729088288,0.18508439729088288,0.11169474997980938,0.2621201449253664,1.1001480976213784e-09,0.1382350319788794
888,disturbed,4,extreme,mixed,0.25030464225821264,0.19073835722468505,0.059566285033527594,0.19073835722468505,0.0,True,True,1,True,informed,0.6173280546621984,0.014804926338321879,-0.099211387607671,0.24693122186487937,0.18247553646310138,0.38217541495441043,3.206019849599784e-08,0.21343062181371977
888,disturbed,5,medium,waviness,0.23103988153507485,0.23615624667661658,0.005116365141541734,0.23615624667661658,0.0,True,True,1,True,informed,-0.16868935843247013,-0.014256194544863767,-0.099211387607671,0.099211387607671,0.23499007743688863,0.4620652754421265,1.6030098276553773e-08,0.27039636003882594
901,disturbed,1,high,twist,0.012969451686850994,0.012528166860958619,0.00044128482589237544,0.012528166860958619,0.0,True,True,1,True,informed,-0.1497152794487587,-0.0142561954633208,-0.08254583045097369,0.08254583045097369,0.011089530800267228,0.02598263316460686,1.734723475976807e-17,0.01406517671496388
901,disturbed,2,high,bend,0.1442165064626978,0.14012757256153685,0.0040889339011609405,0.14012757256153685,0.0,True,True,1,True,informed,-0.1461502962716881,-0.0142561954633208,-0.099211387607671,0.099211387607671,0.15854349297157103,0.24847154759983553,7.632783294297951e-17,0.18023060390114867
901,disturbed,3,extreme,waviness,0.19245021515923427,0.18228495875055434,0.010165256408679935,0.18228495875055434,0.0,True,True,1,True,informed,-0.22898702593454423,-0.014256195463320801,-0.099211387607671,0.099211387607671,0.15850962036896263,0.3842329438428154,1.1102230246251565e-16,0.19462189487020914
901,disturbed,4,medium,twist,0.1739589155694271,0.16906550742963913,0.004893408139787975,0.16906550742963913,0.0,True,True,1,True,informed,-0.19662705997306512,-0.014256195463320796,-0.099211387607671,0.099211387607671,0.1518490080415196,0.35026214377629716,1.3877787807814457e-17,0.18432161884294113
901,disturbed,5,high,twist,0.1752320725875158,0.16259569646166333,0.012636376125852472,0.16259569646166333,0.0,True,True,1,True,informed,-0.18089773394398426,-0.0142561954633208,-0.099211387607671,0.099211387607671,0.15068559602211914,0.33062214688965297,2.7755575615628914e-17,0.18203373588131705
905,disturbed,1,high,twist,0.009683212848387442,0.009677617581364293,5.595267023148984e-06,0.009677617581364293,0.0,True,True,1,True,informed,-0.1497152794487587,-0.0142561954633208,-0.099211387607671,0.099211387607671,0.008247786789402361,0.020369704662827226,3.8163916471489756e-17,0.010923701456954068
905,disturbed,2,high,mixed,0.27872533702143354,0.27864359654669757,8.174047473596957e-05,0.27864359654669757,0.0,True,True,1,True,informed,-0.1533178347384583,-0.014256195463320801,-0.1634926153068996,0.1634926153068996,0.2820193178948555,0.5395548013338537,6.245004513516506e-17,0.32171360778084757
905,disturbed,3,high,twist,0.21808855657894097,0.20170156377771098,0.016386992801229988,0.20170156377771098,0.0,True,True,1,True,informed,-0.2881163467617006,-0.014256195463320798,-0.099211387607671,0.11524653870468024,0.18911540611020186,0.4099040640505444,5.551115123125783e-17,0.2199572272948707
905,disturbed,4,medium,mixed,0.24288805678212458,0.17343577989367545,0.06945227688844913,0.17343577989367545,0.0,True,True,1,True,informed,0.18329437605355467,-0.0359770553068852,-0.099211387607671,0.099211387607671,0.161215077016426,0.35248650770679574,5.922955337300806e-08,0.1932528670784292
905,disturbed,5,high,waviness,0.22889809810525194,0.23201759578485026,0.003119497679598321,0.23201759578485026,0.0,True,True,1,True,informed,-0.1920324965325455,-0.014256193766519085,-0.099211387607671,0.099211387607671,0.21311940302739987,0.4741929022609976,2.961477496565834e-08,0.25823895313898537
908,disturbed,1,extreme,mixed,0.1054360949556125,0.10420985047574302,0.0012262444798694788,0.10420985047574302,0.0,True,True,1,True,informed,-1.0322886027681895,-0.0142561954633208,-0.099211387607671,0.4129154411072758,0.11338538336488856,0.19171762987897822,2.220446049250313e-16,0.12678946502582927
908,disturbed,2,high,bend,0.21029202400560873,0.20446096705280548,0.005831056952803254,0.20446096705280548,0.0,True,True,1,True,informed,-0.1524466172578669,-0.014256195463320792,-0.099211387607671,0.099211387607671,0.18558552764309633,0.4215853480660165,4.5102810375396984e-17,0.22309704340071662
908,disturbed,3,high,offset,0.18045481425041723,0.16810807238404432,0.012346741866372912,0.16810807238404432,0.0,True,True,1,True,informed,-0.2205684142893281,-0.014256195463320798,-0.099211387607671,0.099211387607671,0.14744088416494142,0.35225344008258386,5.551115123125783e-17,0.1819977510978672
908,disturbed,4,extreme,mixed,0.2533968200678733,0.23264400646654446,0.02075281360132883,0.23264400646654446,0.0,True,True,1,True,informed,-0.6699833011706333,0.031555755102955,-0.099211387607671,0.2679933204682533,0.22277002573552843,0.4664318721017061,1.0957040069703439e-07,0.25883404244253894
908,disturbed,5,medium,mixed,0.30509160384807255,0.2823182474621173,0.022773356385955235,0.2823182474621173,0.0,True,True,1,True,informed,-0.3800007363399188,-0.01402129181256604,-0.099211387607671,0.15200029453596753,0.28263235696842776,0.5509325779391803,5.453556067847032e-08,0.3224875062916671
916,disturbed,1,high,bend,0.15371945674035029,0.15222370181014547,0.0014957549302048179,0.15222370181014547,0.0,True,True,1,True,informed,-0.1497152794487587,-0.0142561954633208,-0.099211387607671,0.099211387607671,0.17866952786402449,0.26272061044679146,9.367506770274758e-17,0.1980666031690064
916,disturbed,2,high,tilt,0.13221025199314598,0.107932948199052,0.024277303794093985,0.107932948199052,0.0,True,True,1,True,informed,-0.23905004338077096,-0.0534547710211687,-0.036122026474327995,0.09562001735230838,0.12143740398629689,0.19244176951905595,1.5881543377616048e-07,0.13769148502816023
916,disturbed,3,extreme,twist,0.09632339866628804,0.08043394379145545,0.015889454874832593,0.08043394379145545,0.0,True,True,1,True,informed,-0.2016585686961785,-0.014256190913593762,-0.29913337528433537,0.29913337528433537,0.09783938445777453,0.1350749090344781,7.940771196146557e-08,0.10559631921466067
916,disturbed,4,extreme,waviness,0.12686145354775474,0.12431308641863004,0.0025483671291247068,0.12431308641863004,0.0,True,True,1,True,informed,-0.16037411964824422,-0.014256193188457422,-0.099211387607671,0.099211387607671,0.11352719386890552,0.2543687642641865,3.970385353824213e-08,0.13944287067546382
916,disturbed,5,medium,waviness,0.16349677469261195,0.1655233490605026,0.002026574367890638,0.1655233490605026,0.0,True,True,1,True,informed,-0.16232060682991512,-0.01425619432588918,-0.099211387607671,0.099211387607671,0.15212531295840018,0.33796238189580086,1.985192552012016e-08,0.1849703464866466
919,disturbed,1,high,bend,0.10786905907024039,0.10626503461111607,0.0016040244591243175,0.10626503461111607,0.0,True,True,1,True,informed,-0.1497152794487587,-0.0142561954633208,-0.2775768579788716,0.2775768579788716,0.12532699568186736,0.1826848087481311,3.8163916471489756e-17,0.1386149328211653
919,disturbed,2,high,tilt,0.08691323172954706,0.07978276016383083,0.007130471565716223,0.07978276016383083,0.0,True,True,1,True,informed,-0.2123787772896924,-0.0486947296056851,-0.099211387607671,0.099211387607671,0.08893134493243601,0.1434471409343428,1.2710496807843974e-07,0.10069176272306755
919,disturbed,3,extreme,bend,0.11211186198304737,0.11062162350065446,0.0014902384823929082,0.11062162350065446,0.0,True,True,1,True,informed,-0.18832293565063918,-0.014256191822031687,-0.099211387607671,0.099211387607671,0.12325548366608356,0.19918718961876306,6.355248004241698e-08,0.1388880244945647
919,disturbed,4,medium,offset,0.11540948019886331,0.09708319861196926,0.018326281586894047,0.09708319861196926,0.0,True,True,1,True,informed,-0.40544642627497723,-0.014256193642676357,-0.099211387607671,0.1621785705099909,0.10914164523513864,0.17453140961069752,3.177623802974594e-08,0.11981272625347003
919,disturbed,5,high,mixed,0.18409158410292323,0.16778398639865058,0.016307597704272647,0.16778398639865058,0.0,True,True,1,True,informed,-0.182562264526829,-0.024231592336077933,-0.099211387607671,0.099211387607671,0.18696756914874432,0.30239295978572595,3.420906552475955e-08,0.20975817455589854
936,disturbed,1,high,bend,0.18374454047498798,0.18315117444950452,0.0005933660254834605,0.1702053675572771,0.012945806892227407,False,True,2,True,informed,-0.1497152794487587,-0.0142561954633208,-0.099211387607671,0.099211387607671,0.21406987564650856,0.31725131716738464,9.367506770274758e-17,0.23754816605336534
936,disturbed,2,high,mixed,0.2776538245121641,0.2295502775767216,0.04810354693544247,0.2295502775767216,0.0,True,True,1,True,informed,0.264587676342164,-0.0687736542776356,-0.099211387607671,0.10583507053686561,0.24673331370999063,0.42185692300030253,2.8418018821474433e-07,0.2897312130957723
936,disturbed,3,high,mixed,0.28243502748657306,0.24236800788955193,0.040067019597021136,0.24236800788955193,0.0,True,True,1,True,informed,-0.9016423502922905,-0.014256187322158097,-0.099211387607671,0.3606569401169162,0.21190090965533187,0.5105078467047746,1.4209008569743276e-07,0.25645338354494285
936,disturbed,4,extreme,twist,0.23613699838571817,0.22907878992448988,0.007058208461228288,0.22907878992448988,0.0,True,True,1,True,informed,-0.19769757023267914,-0.01425619139273969,-0.099211387607671,0.099211387607671,0.20572055778556747,0.47473016724765543,7.104503840782428e-08,0.24943551101011513
936,disturbed,5,medium,twist,0.22761802947398296,0.22103822391183736,0.006579805562145602,0.22103822391183736,0.0,True,True,1,True,informed,-0.18445809723538156,-0.014256193428030372,-0.099211387607671,0.099211387607671,0.2062803475287399,0.4478183185152996,3.552251698346609e-08,0.24808613441870467
950,disturbed,1,extreme,tilt,0.014881955835116773,0.01474162784774512,0.0001403279873716523,0.01474162784774512,0.0,True,True,1,True,informed,-0.1497152794487587,-0.0182965561673217,-0.099211387607671,0.099211387607671,0.014551814562827317,0.028778293007088784,5.603059797382182e-09,0.01742593895852352
950,disturbed,2,high,mixed,0.11271732612910951,0.11145264637619742,0.0012646797529120846,0.11145264637619742,0.0,True,True,1,True,informed,-0.15699118673017237,-0.01425619530280496,-0.099211387607671,0.099211387607671,0.10677900971188149,0.22408679665526823,2.8015298102201935e-09,0.12192903625593571
950,disturbed,3,high,twist,0.10954333296546818,0.11048442544245611,0.0009410924769879259,0.11048442544245611,0.0,True,True,1,True,informed,-0.16493039633407616,-0.014256195383062883,-0.099211387607671,0.099211387607671,0.10670941241970898,0.2211738254493551,1.400764785414177e-09,0.12119453661507443
950,disturbed,4,extreme,twist,0.11549923164749237,0.11343199496820001,0.0020672366792923585,0.11343199496820001,0.0,True,True,1,True,informed,-0.16012867149902463,-0.014256195423191844,-0.29193094119383217,0.29193094119383217,0.10706521478074556,0.23026084408197703,7.003823597473424e-10,0.12234177099268531
950,disturbed,5,medium,twist,0.12945537440284344,0.11076304875410677,0.01869232564873667,0.11076304875410677,0.0,True,True,1,True,informed,-0.13998898987854208,-0.014256195443256323,0.017257349681318604,0.05599559595141683,0.10804811327809347,0.21994368679001497,3.501911798736712e-10,0.12365508628616893
959,disturbed,1,high,mixed,0.10286154101156347,0.0997291027763459,0.003132438235217569,0.0997291027763459,0.0,True,True,1,True,informed,0.29912461205092955,-0.052574988507993296,-0.099211387607671,0.11964984482037182,0.10363623360322598,0.19000665635026934,1.5269574940579567e-07,0.1163618998157248
959,disturbed,2,high,bend,0.2871341728360808,0.33308216362365994,0.04594799078757916,0.24365069311386894,0.089431470509791,False,True,3,True,local_informed,-0.14732448708578566,-0.005195550631299232,-0.28579748791042137,0.28579748791042137,0.2837862056323833,0.5588206014716146,0.15813793686306954,0.3285874043353972
959,disturbed,3,high,mixed,0.45472734888254246,0.39283312695236816,0.0618942219301743,0.39283312695236816,0.0,True,True,1,True,informed,0.5459247601486553,-0.014837222635684943,-0.1614028187347777,0.21836990405946213,0.3395217879827936,0.7557994715426409,0.07906896832772592,0.40516058596420035
959,disturbed,4,medium,offset,0.37058828839963737,0.31460773700785666,0.05598055139178071,0.31460773700785666,0.0,True,True,1,True,informed,-0.9641477307384803,-0.016521354546416418,-0.099211387607671,0.3856590922953921,0.2703184403356661,0.6284343498080329,0.03953448138917148,0.3312155554799551
959,disturbed,5,high,mixed,0.45327501123830694,0.445551068630689,0.00772394260761794,0.445551068630689,0.0,True,True,1,True,informed,-0.22878532847488015,-0.06932302874683334,-0.099211387607671,0.099211387607671,0.3936136497926165,0.9119300769064116,0.019766933481836224,0.4795787057642977
976,disturbed,1,high,offset,0.016667050070110347,0.014741625813834387,0.0019254242562759608,0.014741625813834387,0.0,True,True,1,True,informed,0.33643929078028034,-0.0142561954633208,-0.123846901340464,0.13457571631211213,0.014551814562827288,0.028778291830446168,2.7755575615628914e-17,0.017425938958523415
976,disturbed,2,high,mixed,0.16210126257664131,0.11284370552184934,0.04925755705479197,0.11284370552184934,0.0,True,True,1,True,informed,0.61396843922624,0.0148770180146737,-0.099211387607671,0.245587375690496,0.11421671352507037,0.21836843532113115,3.2850356102009926e-08,0.1306815101288207
976,disturbed,3,extreme,waviness,0.20529868096033882,0.1746135190849428,0.030685161875396022,0.1746135190849428,0.0,True,True,1,True,informed,-0.20445283084271826,-0.014256194522227419,0.3747623404143809,0.3747623404143809,0.1626957365326899,0.3555927494960712,1.642517715588765e-08,0.1912696834876131
976,disturbed,4,extreme,mixed,0.37775234624788745,0.41327393614201835,0.0355215898941309,0.3950290688861081,0.018244867255910235,False,True,2,False,informed,0.336012448465556,-0.013697486382228036,-0.099211387607671,0.1344049793862224,0.36219154699676925,0.8661519130601367,7.632542903257544e-09,0.44770895835183655
976,disturbed,5,medium,tilt,0.3776836286593469,0.36101671301983285,0.016666915639514057,0.36101671301983285,0.0,True,True,1,True,informed,-0.282425955868587,-0.01762476965938965,-0.099211387607671,0.1129703823474348,0.3266483511733814,0.7461062946321753,8.316196981050794e-09,0.3919031678330672
982,disturbed,1,high,mixed,0.02927847643457651,0.02905801647023291,0.00022045996434360074,0.02905801647023291,0.0,True,True,1,True,informed,-0.141031819857197,-0.0249332375365027,-0.099211387607671,0.099211387607671,0.03146987327384536,0.05333980695518321,2.0177409632005094e-08,0.03615106348301454
982,disturbed,2,high,waviness,0.11839820224442149,0.11734123509434088,0.0010569671500806066,0.11734123509434088,0.0,True,True,1,True,informed,-0.1654502160856814,-0.014256194885280593,-0.099211387607671,0.099211387607671,0.11208031900388525,0.23646640910024408,1.0088704226196565e-08,0.12777213636490808
982,disturbed,3,extreme,mixed,0.32010928119735776,0.3141051554123887,0.006004125784969061,0.3141051554123887,0.0,True,True,1,False,zero,0.0,0.0,0.0,0.0,0.21041427830381343,0.5061748041335348,0.24881754468890166,0.24483167274513745
982,disturbed,4,extreme,twist,0.30396931624055734,0.25570249377194465,0.04826682246861269,0.25570249377194465,0.0,True,True,1,True,informed,-0.14683298961897825,-0.021384292905961135,-0.099211387607671,0.099211387607671,0.20634436377432608,0.4390106567255594,0.12440876271673951,0.2477335880695715
982,disturbed,5,medium,mixed,0.3163376776600003,0.2588500578539265,0.05748761980607381,0.2588500578539265,0.0,True,True,1,True,informed,-0.15030061147965196,-0.025894070258600074,-0.099211387607671,0.099211387607671,0.22291108019873196,0.48683345272190676,0.06220435697789639,0.2726539088436598
