case_id,dev_offset,dev_tilt,dev_bend,dev_waviness,dev_noise,z_adj,theta_adj,locator_offset,mean_gap,max_gap,parallelism_error,rms_deviation,quality_score,tolerance_pass
0,1.0958241942238534,-0.12224312049589536,1.0757937597341476,0.5578944232474912,0.01412660218314743,2.3781117581837794,0.626735284776847,0.5721286105539076,3.275148739929136,7.47285745070518,8.814449772248434,4.0227327425020585,6.27101006311503,0
1,-1.4875454692978165,-0.09922812420886573,-0.3876059273022563,0.7414119910788814,0.09657976801209968,1.6138080663541494,-0.1358059228144053,-0.5455225564304462,1.0223445636767432,2.1901409914493306,4.24437640392688,1.1956525119311407,2.356623838909,0
2,0.2183391480633392,-0.8723654877916494,0.9828935159777461,0.5053315192976519,0.11371316101280607,-0.7273701593506581,1.1296752585477676,0.7862422426443954,1.278042027766258,3.001790858097566,4.373185952294266,1.5880722554338713,2.754712876990814,0
3,1.1135339882950475,-0.6107225842960649,-0.09983698881889747,0.03504301262978302,0.023143423810132173,0.9152447662122731,0.5874291741787612,0.93501946486842,2.5084306488097456,3.0954579092226426,0.3547843835598179,2.535843279736219,2.0411862104512837,0
4,-0.6966985674473922,-0.25908058793026223,-0.09133256617257635,0.15157708726742858,0.019488225800320745,-0.12147536887033139,-0.6554175622778781,0.3396279893650207,4.066182081381681,8.84662223209412,15.959896636236966,4.7223349739969365,9.134043782313524,0
5,-0.25139232451067706,0.6653563921156749,0.6007953060067472,0.24989331310563287,0.12483897020928016,1.5238217874840094,-0.27005189032758126,-0.4233437921395118,1.7629730950461766,4.388252365203273,6.975135531896187,2.127633110187673,4.150671608662458,0
6,0.729982015899902,-0.7204950327813804,-0.900275392574675,0.00588981580080441,0.11803865662532076,0.8242542829601609,0.4923969087032043,0.5614580620439358,2.433221115982042,3.7651415781440916,4.132708881681428,2.7140628407438636,3.3707277568166547,0
7,-0.16433689784664018,0.13748239190578748,-1.0806090056170277,0.09162405882877876,0.10026044426857074,-0.14451896928433738,0.15656665555485327,0.5299977148320512,1.5646111254902784,2.8986100045469403,5.071656100029704,1.723674567263288,3.032830625746405,0
8,0.5388732800023632,0.10715880131599165,0.17762148223624052,0.24316007845008977,0.004622675185190911,-0.31641305383818796,-0.6849967852331299,-0.1829427125507277,2.5359875172717055,5.47056352822468,10.07521336214015,2.927835053615836,5.7173128276525444,0
9,1.4136122930726644,-0.5321210282693185,-1.325091774932802,0.22510711361759725,0.04403906366500254,0.8095825736344753,0.13687716561906793,0.567796418212827,3.5155837245882147,5.797944684864798,6.914861744832604,3.9667016266682498,5.2651872089525105,0
10,0.6572541613095502,-0.18722627711985895,0.9420611539981039,0.13357833592616314,0.0034068109700790715,-2.0497606961217913,0.5336624414314808,-0.07624553949722523,2.3185176293398713,4.456399878693877,6.048499983388941,2.7074558600585945,4.117770833432666,0
11,-1.3549128838655928,0.0020895502067270755,-1.0430636918604947,0.5570563000621889,0.0669234413361046,-0.5948938695175876,-0.4763709860450963,0.2605651862377769,2.228789534251973,5.729807287825474,8.418116538463687,2.7819779696718125,5.191211805129522,0
12,-0.5527495577864383,-0.824700161367798,-1.145982293638454,0.7695181316396117,0.13628710360614105,0.9985356690537479,-0.561912092497153,0.9383527546954478,6.306989934065189,13.478806974686002,24.64273524295728,7.297293069135377,14.058288952426079,0
13,1.1150036158631784,0.4337803783179912,-0.15191549356863399,0.21779324947612722,0.014458644323024893,2.013011982719208,-0.10613690439933343,-0.5952732704095394,2.9634059459010924,5.833661291409829,5.785572348413449,3.3944489949131667,4.714236775208628,0
14,-0.77617350339739,0.15843913788379194,-0.9696816511823049,0.6852914272739005,0.11377792947528151,1.0973147797546838,-0.162976704539751,0.2546176814048864,1.114372231196257,2.3783151696725042,0.08763267992565327,1.2598805119411152,1.200084075432436,0
15,0.3363918756509423,0.29969320310964,-1.2466670365803327,0.3326459217364877,0.006242126079283872,-0.030045903777405236,-0.40833309040131527,-0.7109516222679062,0.9059982665773972,1.844550021822883,1.8997464114616296,1.0237555251084007,1.4974639624694128,0
16,-1.5863881291097934,0.1752891443554241,-0.9882210943893417,0.7400960947014378,0.08715917095505925,-0.7656509773258147,0.2181971795554003,-0.954392257940605,2.5251455735444033,6.110223349883161,6.690075807693915,3.0441078782261606,4.902044207159059,0
17,1.8342368529657813,-0.035393126114199536,0.8482056817508585,0.06618399993795086,0.07299874962572404,-0.04646502822739551,1.0507834919399588,0.14345610475215076,4.545900106763964,10.632903803407107,17.734101324487913,5.33335968537553,10.40720753893525,0
18,-0.10604239577218477,-0.46604867381621284,-0.5052930079723434,0.4165379219772303,0.065836719045757,-2.3919396005983478,0.7831006180664588,0.7923215436795334,1.914301572806313,5.076491813135061,5.608997184616451,2.505200412113664,4.030457212378714,0
19,-1.439003644005557,0.1080722870780988,-1.1742727765936694,0.5377920744318494,0.04218506757585125,0.7971131734595089,0.5447870742885184,0.537294983835314,3.016970166280513,6.02806925108459,11.34497302955226,3.4873216186068245,6.465735895935891,0
20,-1.5690362161764138,0.8320236902752158,-0.8093580273153576,0.029930044940943826,0.0832278704087225,-0.6453885806878064,0.7914953835177916,0.6165029441286036,7.186954654672071,16.240660563466296,28.44301019248406,8.4034518914901,16.401532812335738,0
21,-0.7314444287091386,0.9057987901394899,-0.6272464855796441,0.41204570338537166,0.038394763585140414,2.1802178502448166,-0.8049412378031564,-0.910178761215342,1.4551630137329754,2.6566456591492966,1.629924351655844,1.578014811654555,1.8803213885268903,0
22,-0.25961175998784825,0.9847511281116741,1.175031798764742,0.5988864155655594,0.1336188736317787,1.9672331984893159,0.045260064927477694,-0.368141896338414,4.612097005216611,11.13479118118434,18.139345628760964,5.414508650931175,10.707321009641692,0
23,1.088049728443952,0.32332252633552216,-0.3790268133788697,0.07557333444921221,0.1120184417023539,-1.1876974203856765,1.04835156128107,-0.5180588499886305,6.038215910687355,12.128306321867038,23.830711582067785,6.977843044166553,13.296954448803309,0
24,-1.508968270354056,0.6622253442498123,-1.0401470501265178,0.14341464652619126,0.08990741872812652,1.8728102041873225,-0.7285568022850242,-0.37935265419981046,0.8651802955364338,1.584875117038623,1.2790603181965619,0.9518743610979907,1.2139221553412847,0
25,1.1096193529647103,0.9436528521219347,0.002223558607026943,0.11511800204100063,0.0020904431562302314,-1.3517198500057237,-0.8836266773123496,0.35531734722571495,0.26057182317599537,0.6610948390929108,1.04751452795049,0.3387450671719105,0.6246288637830099,0
26,-1.5126699814858755,0.012659863241266,0.5827873069286595,0.4648932873767219,0.02996634774900864,1.5206226309113138,0.516977111077924,0.4779680078310835,2.433643325685847,4.674617439661144,9.312563930898062,2.802498156448858,5.206497224518402,0
27,-1.475768993770747,-0.7524923926993108,1.282687653019523,0.3180625550599525,0.045142303767140964,-0.057079773242333154,0.3908741106325979,0.9112465140939399,2.2409488150262775,4.93161888644816,6.308049960080594,2.6994841791130697,4.314133716377816,0
28,-0.85421509247178,0.8496168586240542,-1.425421525841231,0.44415843386145976,0.09509626675216276,-1.9705129812462334,-0.8631849670466096,-0.16177136136739234,1.9495008816052035,3.289977151882004,0.2364566923177307,2.0212946952051465,1.8449098872619962,0
29,1.8649276485727269,0.19208510646874566,1.2990696648006335,0.6434887324903766,0.07010724023329372,1.423817246260937,-1.1571917184552294,-0.7817120064685301,4.414086109644531,11.898283596718722,16.81749354480009,5.492116508230854,10.488170626172089,0
30,1.3177144595309453,0.5936341766503235,-0.8020777741006989,0.4246156724792428,0.09090237310500164,1.838694768880056,0.2474571776129415,-0.17485686145263934,4.6938306036326,10.846801793015157,14.543696586509247,5.600229992859409,9.585321694233041,0
31,-0.5032638263712692,-0.14823582725298023,0.45579307673992253,0.69399250540186,0.06808453231144496,-1.2608021852432094,-0.6320103288058052,0.4920285604868928,3.6559985341924075,9.047346753710649,13.590851628714704,4.500820232383528,8.338341098223681,0
32,1.2662750536956415,-0.7894438402917501,-1.3003234291344654,0.47554693100516143,0.021925986628904742,1.6233209522817065,-0.4551967825822213,-0.7122561340577147,6.058351000777288,14.154999504860275,21.76379865074337,7.255790929385114,13.318723839852792,0
33,1.683881889949801,-0.6689365545294437,-0.6458397529861933,0.12289071615364691,0.017323509549803245,-2.3942599183178,-1.0670510180057757,-0.6507170581282946,7.646454052010679,15.844844009312176,30.304283535337213,8.832944802025736,17.021968959200592,0
34,-1.7864722694912984,0.18228763222194244,0.5421435803985193,0.3149043654656226,0.04769866454280741,0.022631185111150476,0.9000118613630603,0.702263253644412,4.878125567007396,11.246535717203189,18.868259247754025,5.743122499698014,11.072188409559185,0
35,-1.8260997519488322,-0.6370031808069518,-0.789765386686812,0.19951006066576948,0.0856848977614159,-0.4186878714840385,-1.0817901121737743,-0.2527717230808568,7.686135395963597,17.05121746335682,30.03764298311227,8.92782461975189,17.325281214704994,0
36,0.0950117948705489,-0.7966561941925681,1.0003756613656791,0.04156949317208341,0.1387262803527093,-2.0044342921006226,0.8245798838346066,0.8053062878552342,2.2030536876728566,2.6968896877037247,0.5866462229363218,2.2159013111848345,1.8675670106123543,0
37,1.9182827223463708,0.6040517605471871,0.8384326223139866,0.5139866207964382,0.11684945318671934,-1.8272389579342647,0.08656328627432952,0.02844574038082892,3.0770886553989967,6.5120693858208485,12.08820724514069,3.5952121094357223,6.862730796851732,0
38,1.4302885764902302,-0.07440126881296827,-0.34473151169893956,0.5116506169896881,0.03996949762512691,-1.8011579452302158,-0.05309454234301003,-0.16622126281022997,0.5883011723018255,1.409746565299306,2.1992017018733723,0.700145259278122,1.3291893577701634,0
39,-1.0697202378845052,-0.264976379769744,-0.40082265052125776,0.26199645153003637,0.05691961195903934,0.9287167272797268,-0.4874964610289153,0.8977158534306808,3.3906897407717564,6.737996216813101,13.196581499687547,3.844010758793193,7.38198131306104,0
40,1.6653920781527116,-0.03817914339984285,-0.5149163849859336,0.42834783186400255,0.1272840733160437,0.7629367028005101,0.7305403870729859,0.06544455213148037,3.7328200820754267,8.244164349369033,12.239498931277723,4.529704461920239,7.7179154550086775,0
41,0.531670517070483,-0.42368877163507657,0.7046794869308721,0.16192367450057468,0.10421971932277473,1.80359534162947,-0.8829531904762946,0.2287594810838396,5.9367123852382715,13.725209558908883,22.93728378683373,6.977634588454358,13.477525178139702,0
42,-1.6196170070802616,0.45143125654285376,-1.2465203435294394,0.7487518581605008,0.020611189505670324,2.294401229545402,0.722122022604232,0.18736400893270821,5.445813679342557,10.324581304779402,20.49684001443267,6.197282848159919,11.49989878438238,0
43,1.1304964185181876,0.5902296779661718,1.3380811884519908,0.20270668307134976,0.08851138430374637,-2.024754012177994,0.2787976800578911,-0.6574173918144224,4.328535627110013,8.631281577894216,15.084339547220551,4.94694704885722,8.907941730553157,0
44,0.2598024458897674,0.1448610280676994,-0.102044541056318,0.41810542041049825,0.11458850850098819,1.496223582560333,-0.018832282618970186,0.19918688304522458,1.9258731936940001,3.1662560126755737,2.2030247175205044,2.0394988174326305,2.3924960589102864,0
45,1.7249449427604073,-0.7605328229977544,-1.1486893022996685,0.07016720952861473,0.09867949275607917,-0.4069584960481025,0.6583713987404238,0.3424628266171852,2.2175565615146944,3.0032047822340644,1.5395329028886124,2.3217742360769686,2.2602656975989084,0
46,-0.6654489666870473,0.7967330947230715,0.7875964412119569,0.21642795272814058,0.0546288026658081,-0.9278000989786857,-0.8217320433000008,-0.7044332549156167,2.4298189430128043,3.235223035059223,0.4657147895089828,2.4838136982366312,2.087608400097966,0
47,1.7445098535029762,-0.12419192560249348,-0.3500405316677706,0.5837485669419024,0.08294895978793498,2.180699934192311,0.6727235853825413,-0.041260871750919303,4.2910832653243025,8.110315393461955,9.547977321798895,5.012912315095068,7.086104025685052,0
48,-0.49456210607669515,0.9732630898486441,0.6532807080109304,0.760955728003073,0.017771786582556202,1.752668395953913,0.32897732157889825,-0.7561566433297748,5.870720643023123,13.093898959518956,22.69933604026134,6.7867012448410975,13.177856817325136,0
49,0.3530319998768827,0.3721927302108976,-1.4630919423341915,0.36345436947339727,0.12380992667944817,-1.0232048732795507,-0.09948460368347734,-0.11537174586421362,1.2764428955186788,2.8613355074682807,4.594359397413677,1.5173732367167945,2.7713786637918703,0
50,-0.7922904342300336,0.8368837910311084,0.8438821062945476,0.0884707287968884,0.14955519867563596,1.8960001215387265,-0.5186197491263065,0.6737931593218764,1.5689382490434227,3.96141418384049,5.778687221926868,1.8539833111005501,3.578110227553289,0
51,-1.5743218725144685,0.9982094609484773,0.4970542083196108,0.5201000124470376,0.013566109047619911,1.9851669944831265,-1.1304011923092734,-0.5183438839177059,0.742644833001207,1.6755825030809093,2.2831682172582486,0.9088791254775296,1.5013065785498623,0
52,-1.42791249933346,0.5535358813844371,-0.9053873183613064,0.7285105817047083,0.09844035589912352,-2.319186447526519,-1.1869683980911188,-0.8966841659712022,3.880923256583229,9.805912234497882,11.108443459068255,4.764736556284146,7.915057340673224,0
53,0.42370071059091075,0.6029636217188306,-0.7843415381178346,0.6795270743384584,0.008584791022989058,1.5048192682083812,1.0267090324134729,0.5442167982087611,7.511314548185586,16.214487352390453,28.45666426452067,8.626513566672845,16.517391206196297,0
54,0.7924831359145488,0.6759604373107662,-1.3795461013588008,0.1614256885752443,0.018738551895846462,0.022654950964932752,0.5884515079892267,0.2600236891527974,5.818993453271965,11.999930064823642,22.058516618531165,6.7070433059658185,12.633936371584614,0
55,1.40452439904774,-0.6895740151178182,0.7038632758054848,0.1544331926951233,0.04061381269767004,1.0495234864065193,1.152491483756836,0.22308721195413916,2.503967501479422,6.362851813419268,8.200013437656203,3.145338656332397,5.434583691399707,0
56,-1.7819987400348176,0.23261793985506563,-1.3729483452594988,0.7073165690934538,0.1064367427650931,-1.6343607678874839,-0.9798695860219246,-0.632933542239362,3.880081204621856,10.66640361296419,13.093399115744885,4.748460608712724,8.76681124087055,0
57,1.92010871821677,-0.08287871508302036,0.8522428450242239,0.5091266736862216,0.0858619724937956,-1.7743487266747515,1.0704586885394283,-0.39731473497056413,4.411003810887667,8.908622733943787,17.274640745191654,5.117040336085863,9.68998422061552,0
58,0.3120688632301687,0.3995518891781322,0.4476994657359268,0.7524755277564148,0.022265848488008697,0.04176369223471044,-0.23031746222216165,-0.051662541034763754,0.8758410074004023,2.5531963171839562,2.97395864891789,1.0784450416770983,2.0287432962183845,0
59,-1.5231298952090215,-0.7318107802544693,-0.6657733626562279,0.24376368300866505,0.0641854820522025,0.5549377351831413,0.32310988180383116,-0.17637820682885952,1.8035683259264743,4.598359237156616,7.168506815093005,2.1462136225626196,4.28575167570909,0
60,-0.36486756228521156,-0.564742946606076,0.26491874522702474,0.2536327290537903,0.005408975141604555,-0.40799977921569797,-0.06208157978359119,-0.548814263591578,2.9882046616406344,6.018855977539846,10.929185381875316,3.401424329122124,6.321016239228951,0
61,0.2898317324884627,0.13154380086384188,0.6060065433311141,0.518358785760968,0.09786495847815473,-0.9189292408797844,0.6898373327662892,0.09828876719935886,3.7997181959747706,7.4503115467781145,14.25887320696928,4.382137105253,8.090884595441949,0
62,-0.27432721928043957,0.2520249618821142,-0.4180279966492373,0.41019139568540663,0.11050585327233305,1.932014433618539,1.01053727350846,0.007265850366198423,5.8170896674395,12.440475376784647,22.224586644825735,6.785306771461352,12.8231761838611,0
63,0.08110045896227636,0.5997408215276729,-0.5566479247673962,0.6699058898760549,0.0741212469776135,-1.920716378323658,-1.027058047024935,0.6839864220789262,1.9195413850080598,5.885210446806558,7.715098218855585,2.457768305577452,4.901731845758806,0
64,-1.7777283323724884,-0.4387771277326882,-0.4976098784953624,0.13839555615327503,0.04708400547029838,1.213462833625428,-1.16476117545583,0.6543468490413729,7.105346656266455,14.548606681452787,27.936572874353903,8.186968606780773,15.69585472430002,0
65,1.4261920942982327,-0.25547685361690364,-1.0391613028180955,0.4806723263560647,0.01795088337973415,-0.6754031946087373,1.100230034162334,0.9909289451672743,4.183702374296973,8.288302039963712,14.745090211627389,4.67402260980254,8.632530648746677,0
66,1.0884195654183424,-0.3780769801584676,0.5629951474982775,0.5643250923872102,0.05817625427454746,0.7044431729307972,-1.174253652058377,-0.5818846827955171,6.966984810036063,15.037101993980329,27.084548552160115,8.08956046029369,15.53554665288232,0
67,0.10035321186904467,-0.6724973914834083,-1.002279396370399,0.6690434324401904,0.1483699504025408,0.279847140142242,0.8137673541161121,0.9806433286525451,1.667512578891991,3.2127099802670154,2.36931984261334,1.8392860944516567,2.3587913299768695,0
68,-1.4336164457249012,-0.10350877349129783,-0.32228185247424035,0.06403942691694801,0.11329952591921166,-0.33110486338703504,-0.07361535794303697,-0.6986540523735196,1.862077449042642,3.4354718714621635,3.3056712970456754,2.081238250667834,2.7890900103319276,0
69,-1.2762933910765275,0.81420724431243,-1.3660527330771632,0.186281827954965,0.04380889954717925,-0.049012287992067805,0.20746841523551018,-0.013420048298666831,4.53367250695808,10.317167152735168,17.773581104237238,5.261897986244862,10.313516027803631,0
70,-1.663538661772472,-0.5126650918885729,1.0307651542876233,0.5100709603827672,0.09737235752014116,0.8510162767567748,0.6309672456948696,-0.8837830365571053,1.9481227793952385,3.387515012083948,2.098808933549686,2.120279764636534,2.442361993972315,0
71,-0.5335664602695505,0.07905487052335736,-0.4846305501080219,0.6755830986297493,0.07238587628809409,1.3431379472968956,0.8448372405148057,0.009582965806996135,4.102633404007395,9.61137845092948,16.1516836851638,4.863448103478286,9.446053472378031,0
72,1.6382089754853997,0.17424788107396116,1.050822896501165,0.27247263647321945,0.07482254377972278,0.1570552050228886,-0.9480486818494306,-0.20289498659691874,3.4775551766297883,8.310280755292125,13.48832869328368,4.109591210958862,7.993808508657564,0
73,1.6693506902067043,0.2616644807294848,-0.9674802526890975,0.271084508487684,0.028740451449404972,-2.3758843410071373,1.0259051004096642,-0.10358534348625703,5.7324814743103385,11.910956618345951,22.455213005206524,6.611467544865244,12.690742083845368,0
74,-0.7698597103168554,0.1969543831154732,-1.478056631120953,0.2224176852806511,0.10545501985483388,0.6688488653463147,1.156334274102085,0.2407154193160881,6.062131256701519,12.022207071251023,23.526349635496857,6.945286643547886,13.177735053389608,0
75,-0.08997650548906888,0.5228651263680153,1.2099836158921593,0.5765567573746813,0.14448168353240692,1.410025853690886,0.8803234518286234,-0.7717918576327256,6.224486761683856,14.201290515883498,24.524836326405552,7.170079174206338,14.202191998612506,0
76,0.9296540119751509,-0.11982260094526276,0.15931140723382553,0.5232819275858854,0.14547226750583542,2.422890407158123,-0.5082522108290274,0.46750699487583236,3.917275605225587,8.60736931521275,11.073068698157575,4.759058771979971,7.55521996277677,0
77,0.9999341517410745,-0.3070142773739024,-1.128390675407337,0.032757568228575805,0.11660146912937677,-0.0515012909154704,1.1652964067878229,-0.07005308761269391,4.056637941292677,8.542634332167127,15.185468277887344,4.697616411364146,8.805183806540558,0
78,1.911667916295361,-0.17684799561188025,0.8810464516799179,0.06785541784946565,0.08331925652066459,1.5102989349286213,1.0192840013277327,0.6451661812348632,4.3729651059416055,10.937799231161522,14.78871556814002,5.327473766027261,9.56259134817567,0
79,-1.852117091195303,-0.2545953173865316,-1.3539045830584462,0.0874258328916464,0.10129584430012262,1.066290981558491,0.6569296386039032,0.7309130961113257,1.9755171796038082,4.398263516952195,6.930792349862767,2.1862827797301083,4.210000191898642,0
80,0.9577258739060395,0.6017431842132641,-1.3531088705301624,0.18762812035303889,0.09328466600628686,1.790626523124116,-1.189199700144818,0.029258684232699617,4.05805915548461,7.764656855618614,10.154419932468299,4.7457280861090885,7.067713591682366,0
81,0.7091495974575888,-0.9407854217427736,-0.29593332733983635,0.7165079051069575,0.10074192132837881,-1.3117081831970134,0.8466747111165904,-0.30393715318097136,0.6737784295704017,1.8468636866226271,1.7106037658639144,0.816890764061317,1.3510628410232146,0
82,1.4133786845762377,-0.40211269776218894,0.27096075264944686,0.31755205419826726,0.041223757613260054,1.9327878108593461,-0.7497751633452208,-0.8303768175284738,5.356630783785147,13.418811283141359,20.148579141873107,6.56035503962518,12.3332418666024,0
83,-0.6322922458173585,0.4352782952831351,0.922294817928845,0.7989946960534119,0.04445430855167474,-0.460290244343589,-0.8716289327288969,0.14974385924606715,2.329494615419539,4.90662886417477,7.5966350592567,2.784211423582946,4.728248704013597,0
84,1.9903201490516689,0.401762020241317,0.28563852124011513,0.31389527433743525,0.13729481404283322,-0.015417019348253014,-0.8775194080486524,-0.26924307360173305,2.333787754319474,5.769723645670415,8.175304106084862,2.930656868067006,5.176710338629126,0
85,-1.7313333246089324,-0.5960419246224369,-1.4469936570002635,0.36262393320013075,0.09518103974276958,-0.7835376881054612,-0.19108374838733488,0.9184185456891518,3.5423992980934456,9.295208517492089,13.662871288389194,4.294631281268399,8.379606859319258,0
86,1.007852486299662,0.08171327388990246,-0.6463773746645243,0.7175974390183962,0.035264567532098924,-0.8732863474166148,0.9817555546150765,0.05908411057014473,4.8517232955482,9.630638321728199,18.489955029296745,5.564458221615004,10.448140816133442,0
87,0.9692717976719067,0.18148958832753226,0.46031762702848544,0.23950663321186047,0.03620580924399944,-0.8875382641566736,-0.8269402461997861,0.7486287305816148,2.8273363397766986,5.636317275992851,11.25922840278367,3.2534285456860585,6.242207460134572,0
88,-0.8670122669995437,0.12297878882876923,0.875923275424122,0.6270592875005709,0.06575793878762894,-0.11871345706637193,1.1872841974440596,0.3491949539580481,5.915854367538493,11.846058674028487,22.906806586716183,6.807329646275968,12.881348853112547,0
89,1.2585537724715308,0.8051079384384638,0.8627695086880176,0.14814347596285407,0.08432561006063582,-1.9905292134272756,0.3670131037535962,0.910698856375622,5.214030185107078,11.03293959065893,20.415097118855133,6.059419773141893,11.604562045700533,0
90,0.05092825720044525,-0.13405501426446564,-1.3924717457455105,0.7678196178633763,0.015450402619523816,-2.2946045334757654,-0.6094401323881476,-0.8689391321632352,3.517583422211024,8.17057261966979,12.94153927513247,4.09696037868087,7.798604632972071,0
91,-0.17952863035295064,0.0321756025142248,-0.5622901529142482,0.040768386059908845,0.016740055237384005,-0.5774781100503596,-1.0547317180163132,0.3963794512198269,4.50924165771027,9.646862687402534,17.874767438575557,5.216154125107868,10.130876947617296,0
92,-1.171917833900752,-0.395856862432723,-0.3176226684657075,0.33328770645531836,0.00024910615122007983,-1.9396481450065122,0.8706349529781072,-0.9975338749761837,3.5313420671641906,7.473988813889361,8.287641932996477,4.171224205434023,6.205014264758411,0
93,0.03266942325150035,-0.020995986985583803,-0.5007175169680865,0.34506161611715974,0.11708717062898764,1.7060185310747826,-0.5751634958033999,-0.35501911806454034,2.9820416679296358,7.019699523653157,10.370866056589616,3.656975398929955,6.477479714344717,0
94,-1.030068587886669,-0.04027319889786973,0.5497750729764386,0.18260230037073644,0.049610361308229996,2.151923087945752,-1.0834337043673006,-0.07846078952086755,4.9577679198209275,11.135223858326425,19.723142921591055,5.768270107645898,11.321667420686111,0
95,0.8462321663871113,-0.6990919768850519,-1.3578779399835543,0.11056429731082461,0.13782347902960243,-2.453701090894383,-0.7480272604527556,-0.9374329741967109,6.387173533806459,14.362384833135955,25.301429121818416,7.414401403244755,14.556736386952725,0
96,-1.557482129751187,0.24029857325659254,-0.7750832737827427,0.45536964034454147,0.08852930741491892,1.7471766654488956,-1.1886206570115025,0.7067389186847335,4.392142829405928,8.477063898886817,16.634259944168164,4.967082700282373,9.34774827176651,0
97,0.476476345707896,-0.6745130277900848,0.8188121644058519,0.6843932334324686,0.03813952256312359,2.0939684045134044,-0.10930216728322129,0.20684890866664296,3.7600143849276377,8.851030679541221,13.789494695573705,4.48787036565559,8.368948964578328,0
98,1.9385981344705745,-0.2769278427216013,0.9394780374603386,0.25471929426276774,0.11988202833622365,0.5036695943132123,-0.6807463314590365,-0.17194781242152724,4.374702383611337,10.61490395517532,16.688861838824046,5.245536831565454,10.028094136439757,0
99,-0.7294574625457533,-0.8437832138392722,-1.4104956897009076,0.27718292432574476,0.002855122172622987,-1.6725612120911248,0.540439970042085,0.4161824713671758,1.416439521218219,5.051360407918053,5.293862448004337,2.05932790427882,3.7344315035700646,0
100,0.9543215458295307,-0.3656936577400425,1.1700583713530865,0.4750644384227581,0.018903951261993977,-1.7814066927223293,0.46342902463128355,-0.6541121271158439,1.8929946585840742,3.007060802391915,1.7113028353390385,2.0476809238157183,2.18817558127608,0
101,0.02917080632817326,0.9835489518574214,-1.4879771857999815,0.013263841518045539,0.14896268728957598,0.4231941706708273,-0.8954160587555684,0.7946043995081873,1.7986382234523182,3.0648026431400806,1.664317306488126,1.978308879522683,2.1561583398764257,0
102,1.5215212005107688,0.07240082622275046,0.3653760895822695,0.21854975320070108,0.007577954455800773,0.47283804445432187,-0.4925875363133688,0.32724209332070386,2.3749074897238986,5.8691158736713165,7.3479385658848795,2.8821935274240507,4.965807931526434,0
103,1.344980707370405,-0.9636789121712719,0.28714132405718207,0.1850244317494818,0.1310832746855702,-1.2316774671908575,0.2658483197650039,0.10708168017922293,3.0627797335785156,6.311208841307472,12.188432098088123,3.537123867086413,6.822438588600875,0
104,-0.41533399976300434,0.3552415271995881,0.6773089041463018,0.4535502362555095,0.1137633355777131,2.4170853799646883,-0.1937462690380678,0.02916610377106177,1.5807232957020303,3.108628021649091,2.836996961120287,1.7925335520412022,2.4371578387455424,0
105,-1.950120488235147,0.5920571126207568,0.060690201137981514,0.3263691442884522,0.01411079446340937,1.9482821083769863,-0.25198262390266457,0.36516319641844075,1.5697481088612013,3.1934787182432536,5.918162791524563,1.7896163238217895,3.3833785179708844,0
106,-1.402503374527397,0.923099259082065,-0.9646747145345073,0.15963359431959231,0.12884742908365707,2.0629137207096555,-0.6908462219440766,-0.060398223650344196,1.5030917523557528,2.8773707326249607,4.096003672376577,1.740185027190556,2.7169583499262426,0
107,0.9339796182513194,0.7567314676216033,-0.36284191488808437,0.4136155894795434,0.11125746157796024,1.1556798832639767,0.6791043120626037,0.13986763728305274,6.644435439536872,14.410898819046468,25.391360208375666,7.735798978951027,14.707588237982803,0
108,-1.5815396127808992,0.80794658175608,1.0967176179630846,0.6384779486546664,0.014979371574109423,-1.478013164592854,0.5846408762583646,-0.9537198108361071,7.1324047907770876,15.734221722096509,24.280093732848997,8.216676508317182,14.965683724548496,0
109,1.9168985348291185,-0.24571063928863857,0.6579376010724709,0.7100568707904347,0.059194483222512334,-0.9043375570016698,0.26097870935579204,0.16197874749610142,0.6762721646237057,1.759416404146608,0.214853320020034,0.8404106524254327,0.8792036318796476,0
110,-0.3634400895008114,0.2035495117354169,1.3061441086994843,0.3741122053012772,0.029511327112594698,-0.6139700855849806,-0.25414324177651537,-0.7377826139475603,2.1663853289190875,3.3431746355977596,0.9404412313581593,2.2919686271434117,2.164197221476843,0
111,-1.3485139977817804,0.3691241467873545,-0.4815667373732919,0.7639187134846461,0.036539511803791114,-2.0053774744758885,0.608410951200619,0.7620721038357401,4.6197639837839795,11.271107168493815,17.124936472380174,5.628034985432489,10.467545785940638,0
112,-0.8875465725140486,-0.5958237967090441,-0.9427015953867385,0.41760984109320987,0.07026249618701565,-1.2028008007273288,-1.0915845192253766,-0.03701731934743857,7.56186202415118,16.433540599216105,29.414129490603372,8.777779764568498,16.900637610648047,0
113,1.8373293905424335,0.30503840150532646,-0.013480330114144845,0.0885536592236929,0.03786544358243809,-1.0261302521272864,0.6355285262573622,0.7534215945292386,4.279151054369947,9.069505262487484,16.39267751697941,4.916889641846329,9.414089114335685,0
114,1.6065674142657538,0.9691372165015082,1.4471000493135975,0.7623993062143852,0.010773321075432657,-1.8110323203609742,-0.469280336457521,0.10579650812892294,2.500539022295035,5.3177833154162215,8.73085864729676,2.8676731428614857,5.251521609788553,0
115,-1.6120884451780828,0.691593915604285,0.3502685372319272,0.433891521841764,0.02479669850509367,-1.2337226279990132,-0.8152511400425806,0.7038663155895972,2.76961092524912,4.291431359488813,2.0578655800465673,2.854410159832117,3.0211133754185617,0
116,0.33691144024487274,0.4702588550392668,-0.6119014112699228,0.29700210967062174,0.060728244663980066,1.3000748587201745,0.6536471704189633,-0.5863729449719366,5.055632520192411,11.7153786601725,19.63470973587315,5.970999448362271,11.518816219707645,0
117,1.766155426952396,-0.7586893251126272,1.1883662472708911,0.08031651651984745,0.039680971672696665,1.7323926803397853,-0.7692190263693901,-0.17286413738006035,6.918955014234907,16.80842042561723,26.71574958081763,8.230287522121648,15.955966258413095,0
118,-0.20056280022349515,-0.5094820539535807,0.6307356040079597,0.6810677195217631,0.13118627097833577,-0.8033892713171953,0.07404094629075475,-0.503187192268697,2.514260835709255,5.4724817588319,7.416010020517526,2.908434268959892,4.911669211413594,0
119,-1.0208139937994183,-0.6774918742961518,1.320057032422544,0.710391062884464,0.11660380699915383,0.08830760643864499,-0.02254100277150739,0.05949133236499593,3.466111696084964,7.4351436474566865,12.454669596163962,4.130523514022296,7.419829833313913,0
120,0.1462720543083571,-0.13087383060461932,-1.1047355013237976,0.1005310822948288,0.1428374573768525,-0.08984620206824712,1.0876932597724533,-0.67284624457978,4.196520265193343,8.459890539598664,16.715835574290203,4.865389086632803,9.298212822387944,0
121,0.21766620815973425,-0.5845654932969215,-0.7404461816201954,0.02404366300894303,0.017842996611031697,2.0842420381459785,-0.4283208204424038,0.21625842382918314,5.0339263922591195,11.117691625903309,17.656308124117803,5.91084378806759,10.733462221490829,0
122,-0.13994347204290802,-0.19909750950944338,0.09565827403820437,0.14979115569227322,0.14829058477793647,1.5915393435193153,0.5798751185556368,-0.06248140597209506,1.9533282636186025,4.688993945537139,6.753153297864602,2.39563097727859,4.258205749833961,0
123,-1.388491511494656,0.8413317165471357,-0.4758387978548171,0.040085351757547016,0.0513605515215943,1.4722851524794218,0.29450098797169955,0.5016771694897193,5.064054610028654,9.943935810376514,19.81752080948664,5.822698266681,11.029923195635643,0
124,1.1745415354495097,-0.5760907778389148,1.2713499482795405,0.3503916823362981,0.09585204738962469,-2.48845613706629,1.184084396186827,-0.43820722807168977,3.445539349225187,7.027490220923451,10.622626051407739,3.921570659959115,6.7208537524628245,0
125,-1.751747573839379,-0.0834759169269721,-1.1129098284538748,0.12186136812606058,0.09484242195453152,-0.5353630421488336,1.012445880371988,-0.3616870107838599,4.229033382796734,10.757463993438893,16.509036010291606,5.047508912156001,9.953410907173769,0
126,0.9047205135356045,-0.07780113969018476,0.4798539033878364,0.47975628537279236,0.07091759591384973,2.250305473122186,-0.37748725738810596,-0.6455289975014549,2.777841304766062,7.2866019006294565,7.964622324274036,3.534696288901071,5.762189287790973,0
127,0.7123762435193131,0.6920151226158175,-1.3792387801802288,0.3597061507381445,0.13387315345309894,1.2480930946143376,1.1803385195943077,0.06282762319448754,8.57684411058728,18.521854800346695,33.00886147250204,9.926910859423863,19.02495920097319,0
128,0.6399828752046051,-0.39503943772414374,1.342606798997977,0.29306839084522907,0.11077660690299429,-0.4842989794045902,0.14836543215119846,0.4395650700430924,1.2417687693735555,2.233813286154348,4.126372220376742,1.3929154556915577,2.419877828340549,0
129,0.03573660700541703,0.814172653819017,-0.2420970362165693,0.5176574385146602,0.05135436499500812,-0.4592166588449347,-0.14387974023947425,-0.7483859633754295,3.1154613972909893,6.033363702565511,11.795920067663634,3.5562581656491905,6.639049366820959,0
130,-1.6331052837639732,0.33497984629351585,0.4665532150291569,0.5303277713680762,0.002964966801403751,-0.8672657866411004,-0.7252563665779274,0.5563028450880247,2.6339567565397726,5.747259647835909,6.8209965312244885,3.207042825765909,4.881368163256642,0
131,1.4425216055845205,-0.5066392455477053,0.5035474765439591,0.10349024276661956,0.041272878840256995,-1.8067275188329024,-0.5195501601618498,0.3494730946985558,4.529358540948179,9.410508487356687,17.978261598917662,5.24659438614086,10.100098026780843,0
132,1.6413076407410099,-0.5949551841516281,0.12623710485215756,0.5611128809947459,0.14293837027283485,0.550302414435869,-0.5877433655342863,0.25095631382787253,5.453274909190587,12.988243325599077,20.47139480967525,6.48548721985553,12.322422635325026,0
133,-0.7180353532879353,0.9522567813834155,-0.3009715945090894,0.5483421766088113,0.003484137352013772,-0.4996927693262232,0.900258271974028,0.22045488886649167,8.06828005224603,17.46565604094559,32.33837985664401,9.384991220006343,18.30019390695132,0
134,-0.22422845441609462,0.8718749988714518,1.0619531284416874,0.2577725390583506,0.08168226030620093,-0.0508787195376863,0.31728600027566967,-0.3317774660824888,5.348662060292344,10.714158826674684,20.70866325357272,6.136342886932646,11.645079530855188,0
135,-1.023179996936447,0.8253436705110722,1.271623498495519,0.6746583086095832,0.1467306646146842,1.2249576288984425,0.6352013485487991,0.5251801839252814,6.573027857820786,12.849308797791377,25.530701634367958,7.574538362898332,14.243365323283868,0
136,-0.07756947623077393,-0.08709561097145668,-0.7793211715529905,0.5158553554874324,0.04339802041535018,-1.2109579514882278,0.20630729783053137,-0.18003522354991364,0.8827456824000112,2.0409313450348354,2.1116100098542097,1.0792793823424773,1.6185140494209644,0
137,-1.1245735648214712,0.6321120335056623,1.0817097578831278,0.13415961574222476,0.0011260549199999803,-0.8193501573531314,0.7140260056338061,0.6783477324686489,6.153722892792731,13.782587191354738,23.496074377018793,7.232617068913765,13.752977045241254,0
138,-1.446683719535803,0.5486718023661024,-1.1528874980717116,0.3120500721252234,0.14979142725178737,-1.537045883845451,-0.8304874018136965,-0.154399334906413,2.2995531293663167,5.573253820494217,4.693392586623306,2.714746518612775,4.041334512806429,0
139,0.47867410387944576,0.8658015648265065,1.4424634365991027,0.05571250927311571,0.0206996276021858,1.4536898694799696,-0.5504828345499349,0.7696981190127212,1.6558406729331006,4.76243472537792,5.569470752979554,2.1045182180656448,3.806775667193737,0
140,0.6538130289163471,-0.7763103952386456,0.9975878547720214,0.14108510400646068,0.06352430920194807,0.26092464279664984,0.0018387577926679555,0.37232583123030083,3.4162454475346458,7.673285864137307,13.68841767967946,3.9620924550275123,7.829593942908175,0
141,0.6107469394770209,0.9840840110561098,1.4982657276725635,0.41316752210851276,0.014279863044129598,1.1392164948435917,1.143993787719814,-0.36334722474195935,9.388852635907266,19.90193427542736,37.11906441708242,10.870328922066847,21.009988290731798,0
142,-0.1551644566497048,-0.15044615036908815,-1.345742536329212,0.5378115449787558,0.05300065426027017,1.4373193731575111,0.7970881806767665,0.6424615731956909,3.6256029195924615,6.951562848911031,11.343228855222742,4.092914578652332,6.985409844983104,0
143,-0.33333600784047945,-0.35690863551820096,0.7464623390011647,0.6411115470741784,0.07368861695870492,1.9651550976815155,-0.8546191294114601,0.7581375593179203,5.37247993767498,12.656629638223004,21.102204135211675,6.256447002604799,12.365038813593378,0
144,-1.615619068112475,-0.6929489558907722,0.10152003982188118,0.05401478414993202,0.007921065210016552,-2.4974062791714724,-0.15284001673376846,0.5492477625844596,4.706669037417627,11.514969767436675,14.737768471623626,5.838597267425425,9.87168190968592,0
145,-1.8606465988803373,0.3045152129317108,0.9693819522485594,0.1344006788622969,0.022029560223210638,1.8040048681026803,0.7754990638802273,0.07788353252837377,4.823199758785828,9.555504600687454,18.84325507648092,5.566041366539564,10.523191967440216,0
146,1.2767995171759212,-0.8144878451510105,-0.31655544618373677,0.5902380448850983,0.0386177938985945,1.2616445721677638,0.01002865053795321,0.5005319758964661,4.241789166466875,9.00703999433922,14.052640825219674,5.098926030380148,8.700333598845745,0
147,-0.1412814485706817,-0.26419131955636477,-0.842432350564103,0.16670347314801204,0.1127236215857094,-1.9054482598301976,-0.9936423597337316,-0.6474172699557397,5.699836122346415,12.893381071864072,21.875803212626003,6.658123735431287,12.806518495594077,0
148,-1.2986139541843125,0.6462152456137995,-0.3044801295773629,0.792310765888386,0.020581688668591856,0.7676991284682169,-0.1230491827169986,-0.21416364660585208,2.414154695277017,5.720138192510086,9.130919050310192,2.844507103042816,5.46401429173347,0
149,1.5003367962163292,0.9511912916567993,1.1185768763225363,0.15384054322810645,0.033119688181340104,0.7803693954753168,-0.5061994040683399,0.46945026156115977,2.291214970477281,6.249506908123579,7.769955194230823,2.8515405881337776,5.178357180662882,0
150,0.2656826032385786,0.10181753698080587,0.9856407745163573,0.5684262173941422,0.003986664749593754,-2.2527043142699217,0.24374028589443775,-0.02761584875544898,2.7156940773609906,4.982404750688951,6.034800112130382,3.164033831125342,4.43627306516663,0
151,-0.9592613786280344,-0.16268782537039672,0.7737309561985817,0.661289187726344,0.08418346018350663,-0.5731525957144852,-0.5503277724117431,0.043836941538506924,3.5509834597806402,7.665540344052223,12.295069126988691,4.083922394324319,7.461870118678899,0
152,-0.741001525742476,0.12819027409444583,0.5299571475289131,0.05286336873551587,0.00016011975341208572,-1.4386143057962852,0.9468275945250746,0.2925815264571183,5.052718025783053,11.503668485873678,18.76424711361673,5.973005722092123,11.19349065979125,0
153,-1.3121585922519086,0.7805279236472376,-0.0901321791379801,0.3808734053429286,0.14033129157639826,-2.2025665390833,-0.6835721408910755,0.17154265030944482,3.3897312401195445,4.446241577151231,1.8166817442912868,3.4341042777625295,3.2392067962448716,0
154,-1.2180539616719837,0.3590540184179156,-0.8577231319898394,0.07932557647905147,0.03104777394612596,-0.3863298286396888,-0.7772680819846083,-0.7306159501533054,2.1137583570134555,5.337393162296244,7.315229758345419,2.521247202500909,4.682039103546627,0
155,1.4411275448757634,-0.35920559280538433,-0.4177239404452391,0.04421632760098211,0.05360544352530812,-1.1759641133921017,0.26516416162029244,-0.5892194046551866,0.4152691809353296,1.188692138690477,1.5447397615500078,0.5530495000042598,0.9999152743531703,0
156,1.5534618122513622,0.8593332418391102,-1.2005068284696294,0.08592236503086177,0.017298965716648195,0.5978462815515599,-0.9072744858969051,0.7047646358605326,3.256426032615904,4.07967204197273,0.8401825870357147,3.319623814261714,2.7848465799134763,0
157,1.0170860597515698,0.6396177164760481,0.0781815806580628,0.7973417692153228,0.0066262654416241904,-0.49367517906943315,-0.4225519945496732,0.8972909974252821,1.3710421443332519,3.2390462492596677,3.803280006986771,1.5540555997534302,2.67941608014925,0
158,0.30744383399037156,0.6123819308894505,-0.9889764190244434,0.7829073151203512,0.07479593203144727,-0.031639618646770895,1.1301233485097708,-0.2385352775657099,7.602099473050823,15.303645283264753,30.36418472686811,8.800677029458535,16.861046547900962,0
159,-0.4098999017800282,0.16950540560987326,-1.115842168356639,0.25686850112948395,0.028981248366769578,-1.983582604464752,0.8787470551944481,0.1786623322549521,4.644540596553008,11.811365848490214,18.329599078938625,5.564882083762647,10.99213986557082,0
160,-0.5653088338883552,-0.18266124526657435,-0.2054429889379361,0.5065193457157675,0.139015408723349,2.1638980982849123,-0.2604192491264079,-0.3414750808044609,2.247878193081211,5.342553884766648,7.823085753123532,2.732052544227676,4.897260603714185,0
161,-0.1958139992589798,0.13586846085698512,-0.11454626565075521,0.5270027278533608,0.08315985350696455,-0.8964222665296195,-0.3702460661696817,-0.24281442488053817,1.327904141747471,3.0809122530744415,4.2356956281829685,1.6132661869997535,2.75468022560144,0
162,-1.6214409270024452,-0.6678747351720538,0.6693414064361582,0.311277369217664,0.03218084588402154,0.3133620528742864,0.6132949019362253,-0.4851552753092572,1.9663605412985146,2.798302920405125,0.931140989716747,2.039820119777993,1.9127233474039151,0
163,1.307159527694978,0.8550097192500992,0.29218358722152216,0.5351581271932637,0.007886398548458306,2.227599455109532,-0.2580366377641349,0.8478008010908598,3.9969851422784717,8.260697959893651,10.416783465131694,4.795935591162629,7.281933529307408,0
164,0.3159100990009702,-0.9907624023133448,-1.3843740020296929,0.5443350445359376,0.08440020207478996,-2.367337813969628,0.5843039069337248,0.7042906741383634,1.8933149581320592,5.358578857261067,7.0090437552979274,2.422164406624627,4.520497711869779,0
165,-0.01433007024276689,-0.06848511928549006,-1.4835806734961174,0.6293197699948795,0.04960741001191581,1.893818098912698,-0.3046545898606726,0.13015582126141112,2.996869584473007,5.314793665596057,6.5387886988545265,3.4854567900082483,4.803681263677902,0
166,-0.9186328472026899,-0.6788233748301626,0.8247237101439842,0.3972723830770253,0.08047318856283761,2.3270797674086774,1.112591789333169,0.711284243404807,2.1184095145676274,4.7948594229790125,7.472621513979366,2.512610269020093,4.56702816235981,0
167,-1.2495628289398657,0.18854538860315984,1.134442273966612,0.2995711491591502,0.015165924890337745,1.5548145111996092,-0.04376747673078807,0.1287853607183571,0.792222964850345,1.752829254363232,2.5144064846970613,0.884942333850596,1.6063318445582508,0
168,1.9285771852713776,0.21442286098814423,-0.22506184300169574,0.2959874942777582,0.06264289389810684,-1.9080045841066562,0.7074013402021724,0.6754337163740822,4.103631586299196,8.43639577938733,16.116495829265812,4.739511675370684,9.07090812602277,0
169,-0.8624114617063645,-0.3924067631801118,1.1230027690044397,0.019176284422364367,0.07806861656508415,-0.18162142659249492,0.4563042469883034,-0.673216599701091,2.0859792616375317,2.992989220746101,1.1406359153751682,2.185550421649252,2.0844363614925654,0
170,0.673322963180615,-0.24653198425024714,0.35614433450892613,0.03207600789822074,0.06925907957767641,0.11125446991186072,-0.6856166331480321,-0.7207526916417586,4.129048087637663,8.999360784826523,16.2849685076622,4.776787733320836,9.301691987369999,0
171,-1.2461027879507944,-0.3117178438733039,-1.2095695520850858,0.7578558365836836,0.06074910922437259,1.5448480125337447,1.138601095461232,-0.8385294399945218,3.55770583418496,8.054348556818493,14.530723095168254,4.204733193772413,8.263306565228753,0
172,0.6066778717399761,0.742818173482428,0.4027033019001849,0.3432208970859302,0.06466145364569074,-2.3205055699632053,0.08304180309426079,0.9870859935736949,3.746662916627001,8.646671204849257,14.572723959505396,4.459209865516981,8.535738410846195,0
173,1.8348301038877364,-0.9192015423156736,0.6173910108884644,0.24141189335754465,0.1354483730109205,-2.274426271453607,1.0460978448265934,0.6749514875755538,0.6634959053598877,1.8141483191729002,2.1553579457618133,0.8515148750800959,1.4750521385963902,0
174,-1.529982470989594,-0.8803513253654016,1.0041229929808075,0.1246061367796635,0.08023472294638058,2.0787242893935476,0.16187547251837597,-0.2055333970543518,3.2106294814354452,6.810974384069863,12.586649840548606,3.6994579998253663,7.152421911798711,0
175,-0.21993578058403118,-0.873765658592258,1.4062569640847964,0.24852334806486623,0.02840452375092807,-1.0697634907980236,1.1144956677395494,-0.811427893023986,2.6635117511176536,4.037049767028238,4.201319579200741,2.9551046305054287,3.5660747922545326,0
176,1.4692121620047254,0.4156877888028956,0.9900575374770844,0.7807180322943171,0.12632319832753078,2.2169117563892646,-0.8953553837017925,0.5915771303339401,3.485899122980926,7.70387116156361,8.293021016700301,4.191961982001798,6.264033588573631,0
177,0.18270277632419107,0.08699119015972134,1.1967647289615408,0.7774430549173691,0.10572574845647714,-0.08530805264108032,-0.10463074103557113,-0.2273170855536364,0.845847204229666,2.0564297715199116,0.2089986183331599,1.0366634079327934,1.0370490190181005,0
178,-0.5536038817093494,-0.2169863166311372,-1.2307402942464143,0.06194886820835058,0.11698047658084676,-0.2696355353988693,1.0336427725070891,0.2244420171879049,3.6391138418166005,8.080343579911801,14.197145503930152,4.197998184693416,8.194780696166909,0
179,-1.859296071262321,-0.6849533173650411,-0.8825406209609773,0.7805888195117285,0.03280563392274523,0.0787783814402565,1.0468246359364708,0.9543854598287147,1.5537735255091452,5.3191167939110215,6.276032319512787,2.054466609938236,4.15012345267371,0
180,-1.0545582584658217,-0.9017647124999197,-1.0391945023867244,0.050662782962046474,0.029268636163850458,0.34284857351867704,0.9898771111095404,0.07443776738868002,0.4611983194449936,1.5240115782077133,1.5457092623245163,0.5718821153459074,1.1164639595277577,0
181,0.503958226796323,-0.5962654967809178,0.9017508620215504,0.49423112680446657,0.12962052437890872,2.2442155350289203,-0.3650381381841785,-0.8188418829291213,4.371231146730144,10.473779558636013,16.439522876912097,5.257304763537466,9.911090551037223,0
182,-1.0962841683328701,-0.12431686864832558,1.3370809554734198,0.3026478578987322,0.1156159820498055,0.2023834608537749,-0.7612589509656562,-0.3585317620930968,4.32392338915783,8.53274963852141,15.751296286725795,4.96974631772234,9.079365426093744,0
183,0.6127675400912747,0.34570678936978694,-0.1957207595728616,0.18291648212969172,0.10828601692690144,-1.6556347919364263,1.048007260476304,-0.6241928419270466,6.187439954296975,13.243525999723877,24.259511590260082,7.146738092234841,13.821817072507763,0
184,-1.5707505486699183,-0.004704595269242384,0.0586487943290821,0.40655433182259587,0.06550012340082592,2.4740744641480417,-0.032926529590603604,-0.04410683852033803,0.8550872668438736,1.671582042822805,0.708739901414299,0.9427482034282652,1.0648975836671197,0
185,-0.3129357491417548,-0.8663484905970742,0.27886989344884805,0.18237421777854596,0.09564134703435748,-2.2458326902576142,1.1553290430072038,-0.061989841974655624,2.7775264149569576,4.899744989528428,5.030206380966614,3.1405128299562413,4.126294618631224,0
186,1.5870214863627936,-0.04887765353413043,-1.3190075442773348,0.6577708368750456,0.09722755945007015,1.4087852378697256,-0.17239232757870404,0.27587348849328985,3.9834811537822183,5.838054537425222,3.77268178958399,4.163659651361373,4.494631209373566,0
187,1.42491601518643,0.26213088574377497,-0.4569790954922901,0.5300236754929599,0.1007781282921101,2.302934812533125,-0.30981042829999395,-0.14983646497173764,3.9973672365917854,4.8639663976632415,1.048887842414143,4.021426540978541,3.375209097098605,0
188,1.2484918447482367,0.011524629485482496,0.7097192793471994,0.36776757156287365,0.03232427127190507,1.226019213905054,-0.8852275939566961,-0.6028326729373839,3.9632608288842066,10.253197889105287,15.1979678865587,4.854037731163468,9.309731754480806,0
189,0.5072999311368345,0.4945396003841396,1.184063660603445,0.21806919793271337,0.01660863879008315,2.2802332976131456,-0.829384588746858,-0.604666035490721,1.7439634515158935,5.71718375641601,5.838686563489312,2.4733084898919353,4.237280980415559,0
190,-0.8346821857661371,0.058782708052574906,1.1484766981022343,0.6084368181838936,0.10622363307639526,-1.6240971607199817,-0.34156168433766176,-0.0431901478266441,3.232648756896549,5.371242829120505,5.180140421596157,3.5406496178915763,4.4892745640731215,0
191,-1.4102961860576566,-0.453140595746655,-0.5750003881414673,0.1018209586632314,0.08253595378623864,1.0251409826209645,-1.032164084455533,-0.037753796473700474,6.573319547725367,13.45881739309691,25.98068124207723,7.586342635534934,14.562479718423344,0
192,1.1288447810711801,0.49598025790489375,0.9452192886562623,0.35859250653648567,0.1230835623959791,-1.2962346439286527,-0.3340546525979632,-0.6472888471643974,1.3729727910889367,2.4674970040312774,2.5672187168531577,1.4903278389188155,2.071339337483893,0
193,-0.13006184228571271,-0.2158799551691135,-0.7772186507570634,0.6014245673846252,0.04707701581674698,-1.1359783492708213,-0.8858632059588119,-0.12235659639610263,4.771876794325541,10.938161318329504,19.262687992701025,5.579544872313296,11.04977231883815,0
194,-0.7881414846507919,-0.2614543173180628,-0.792008212138342,0.6105243918559204,0.1395005021032076,-0.010340736055561628,0.3431962160179982,0.7343445532134121,0.6477140593399973,1.8441566305257648,1.3544220683995023,0.7690109782002987,1.2307889252996091,0
195,1.9953185493346344,0.22703296945966422,1.169338399619606,0.7268865972445137,0.11871772317114335,-0.19534304463444885,-1.0052303989826417,-0.9683888891197323,3.5987310718114003,8.851070574347377,13.764021186007195,4.229923833153679,8.28713923296516,0
196,-0.09119746686830155,-0.011370932930764521,-0.2779128364110832,0.45453388103309167,0.08282440549566406,1.683065205163465,-0.9392229521705702,-0.5496446677889091,4.377200310496626,9.619970637510093,16.737945442957603,5.1469857234176395,9.73523348963106,0
197,1.1720199158385216,0.6956737344473092,1.4844726408626032,0.6983296131096673,0.13348485106084965,-0.9282602868504757,-0.23601207837749671,-0.46382979035889793,2.336729154715059,4.18490767866224,8.192421071839078,2.5376186718725164,4.667979238752165,0
198,0.42519759277086244,0.8776107084140767,-0.4660773404651468,0.4456014255051602,0.04444494456802276,-1.6510001311364624,-0.7315547284352264,-0.8841093109237401,1.3332377048926074,2.983537658058063,2.5464245714012623,1.546687868511535,2.213628767156733,0
199,1.7971740920370296,-0.1942407829847408,1.0023626760063244,0.5450635781517529,0.02878817421166281,-1.622688767104561,0.7487716836253075,-0.4705765787609253,2.575015457589056,5.173677732550205,9.659832319665124,3.008214185501604,5.523379071491476,0
200,1.653140734807903,-0.7198891906210187,0.5331258433634085,0.6515791008247471,0.03528845826234675,-1.1189631827171698,1.1148453267340839,-0.47080478930768344,1.8235043510040807,3.636548521807888,6.885439364122998,2.1511914632012825,3.918766817400618,0
201,-0.2801718003998088,-0.1349688135152678,-0.7408957502109493,0.6206328691496724,0.11577740148437328,-0.6084099288810718,0.8043018985937607,-0.5738501312019952,2.9376333321368704,6.848657197879551,11.627430383912916,3.403473013888533,6.764463575567655,0
202,-1.9827768973292854,0.14233472411148207,1.4822333173571356,0.030915447861507683,0.031199711056269085,0.09457321243542083,0.7438577674676894,-0.8219159898498936,4.8745691459224165,9.636727836095837,15.475820214962697,5.594633391787721,9.555598498273055,0
203,-0.4190613849644227,0.49415160125977264,-0.3853703747809152,0.1510691363805112,0.0293243741094881,-0.4497560654250288,-0.0493990204658612,0.723628835632028,1.969009840693817,4.8933276422611165,7.793036365517052,2.3069151559170527,4.627303670133301,0
204,0.5690096742719741,0.3808039090310029,1.448961514607721,0.32947475224077905,0.06050316048736924,2.1167348386290614,-0.6098985911878593,0.4596304926057333,1.9410971164553945,4.6301297624605,4.004747273191305,2.265364068642342,3.3993286524963935,0
205,1.0182925528725386,-0.8044240051091138,-0.09530578291924785,0.16044997705724323,0.027806290920372848,-0.18085944768561912,-0.5053687019806441,0.5921208952517418,5.900076861576213,12.245183589859943,22.91347218616958,6.798497865340895,12.997469577815812,0
206,1.6304195655619296,0.6054412105767313,-0.7019073821350043,0.2193075149508867,0.03820925251762011,-1.8248095197188197,1.0651160834489068,-0.19590440368586126,7.344182799990994,14.948864971221276,29.17289352589131,8.482873870035172,16.28806977613459,0
207,-1.101242101816505,0.6933421010164871,-0.3024140920266287,0.028093448887733265,0.024291235537444677,0.69625170178085,0.6789726580121374,-0.5781312230225741,6.0701787252591375,12.40391619697869,23.95741847144817,7.00115712619751,13.42956973072555,0
208,1.6695823570645687,0.7019942401043289,1.045142262183243,0.18212891743937132,0.007580398297508655,1.8371176974129186,-0.4660794510274383,0.23783276234705175,2.922507858120765,5.517349798362728,4.127720982439742,3.1594364254836607,4.0862172342253364,0
209,1.0398675348029203,-0.7434134829777597,0.8425150635571437,0.7508091671688527,0.10925624486196135,-0.29388625759720943,0.904027533004087,0.05491526014511794,0.8364630413044619,2.775208729730925,2.736128835676441,1.0560954803183757,2.0099497300453857,0
210,0.9790837112670165,0.6410118877172082,0.7480585850970178,0.23028390083852318,0.01767658513587466,-1.3083073531896994,0.00689984875284777,0.010553844586191685,2.9322283891455676,6.219619954330679,11.303915134479162,3.41403959725381,6.478133003112003,0
211,0.3305773972581503,-0.2097963249042183,0.8606741443500829,0.7305230002777663,0.03700875802192069,1.18261608850944,0.4271324461081072,0.04618099855862989,1.2667489789590998,3.842963372008474,3.8291255314421324,1.661397188678247,2.8477910835907365,0
212,-1.245879064503359,0.590464517165419,1.3818788568864981,0.5774690657868907,0.1376789994938601,2.420926324739999,-0.3550783818258283,0.27644710585267385,1.1648693946221516,3.210883907270559,4.478938022151873,1.453430283191108,2.8017504255324854,0
213,-0.10426904944768811,0.9732574937264602,-1.2185765279768253,0.32989993143777974,0.13133085667908542,-1.0797434473674228,0.6907028415332945,-0.2344336744394886,7.37806147377184,16.109285633611048,29.337103368495924,8.535122782776373,16.70084742104128,0
214,1.919914159560633,0.767059672847415,-0.596038927012154,0.6161544908302842,0.0505284815749903,0.5318142010776756,0.3803538441439007,0.6591908181714099,5.702536516460246,12.832641873127363,20.02057858011188,6.575150885475959,12.224242179457443,0
215,-1.9021966364719405,-0.5596842176954007,0.6357534317657363,0.45081858957562987,0.07434076173017146,-2.2239502164600977,-0.3641378796925051,0.7302004638212967,5.221163369290353,12.481099643881032,16.166882138104906,6.387622042250801,10.799505749607967,0
216,-1.8764286518558713,-0.2071275292703758,1.335444863012318,0.0407045876360117,0.11245586265669551,-1.2119369190898177,0.879861197168814,0.4921359579187301,4.233704585305989,8.831229374699983,11.44018010651649,5.063831634645224,7.857917383421261,0
217,1.5428206834334515,-0.568150419137468,0.09387826445581471,0.6234159548598406,0.036854961449247145,-1.3462684736639152,-1.1347628796057958,0.9170305879509046,7.644070969464172,15.195616143122619,29.766106676166697,8.76920672108267,16.658658808734312,0
218,0.8400675202184935,0.2711207080203697,0.7319841680849728,0.4252903349563515,0.07142007316356155,-0.2523387943823958,0.3370541090487391,-0.5969300492152336,2.677062908322635,5.7900441145170625,10.63699930148987,3.0682308951488424,6.038054986813755,0
219,1.5522347800594787,0.6235047424385303,-0.45130916564389834,0.46288743745001953,0.021154094992502193,2.36173123966799,0.9669424503126802,0.8437950129984009,7.929778449297268,17.428907075073614,27.81930501219052,9.350358557350152,16.888433016703434,0
220,-0.6713478091861935,-0.6617305852342885,-0.864683509601069,0.0720011128360719,0.01801659451520765,-2.143477329075773,1.1755753660916965,-0.8518846332618528,3.0291337068956734,7.372274117175709,8.981930245258432,3.696897350141213,6.184691155813066,0
221,-1.4698316761943455,0.6545091911814729,0.2407206502288295,0.619533763655466,0.09463680116589825,1.9108753516447399,0.33232206663537744,0.0442501858063018,4.49196670533884,9.19906750684305,17.20279092886223,5.1688393662726035,9.785031478940498,0
222,0.8509987750451988,-0.10521449641578107,-0.4618085312857958,0.37412196196017,0.0254571157647841,1.482858649013457,-0.5743109247937329,-0.6929369073259051,3.408009139089969,8.533735032331796,11.867907836029,4.142458490475614,7.557141451282791,0
223,-1.0145910328670928,0.6841403035444795,-0.5093961132068059,0.5488398956047201,0.1284614445983609,-2.111276665374789,0.6360585724273029,-0.38466906724193994,6.17312612552922,15.108885691122929,22.90972746266402,7.2932558214984855,13.986847365944698,0
224,-1.1335105432638293,0.37780290490594437,1.2293898681997013,0.23601536696991632,0.08532507080764785,-1.0508294307525423,0.13028540574342706,0.24372406130868107,3.353006501994116,6.789348582102081,8.862432503810036,3.918634668403201,6.093299743212189,0
225,0.44134155516071916,0.2470927392854918,-1.0947606233474279,0.5548323756693757,0.10121255345703349,0.9129406110844158,-1.0222306734271047,-0.10632231517169477,3.7962028615161745,7.6577856422972115,13.388683067116201,4.378354970125631,7.890636968291439,0
226,-0.3638594718170811,-0.8265770327136017,-0.8328962163095679,0.3527701054384294,0.11143594647871234,-1.314689615076684,0.7913997842997875,0.09159657147892686,1.0855652145334533,2.2883153438210426,0.7934606528592119,1.172306791707598,1.367433042534872,0
227,1.04168674073847,-0.05488803332628578,-0.0024173237333298125,0.4957755115037122,0.13919559122487363,-0.040937092935450003,0.06877809145989833,0.20399392705505903,1.0838240963934118,1.7678145892114832,0.18020807897780822,1.1507340349454738,1.0246274328693583,0
228,0.9500605491909031,-0.8562993290275314,0.047062315565916224,0.3852732713648348,0.13825274763563555,-0.03246709781829438,-0.07603071673360562,0.924399977069404,4.330941387744855,8.8318110555654,16.354532219078493,4.9205324425355625,9.347238642970181,0
229,-0.1976941455964738,-0.6382311393558193,-0.8492516315826351,0.07615003066957932,8.521938884166747e-05,-0.3402716949975906,0.6461821951157314,0.4669328855996717,0.4091767037982635,0.8394196706520369,0.13884380106819005,0.477434225591985,0.46397547521474564,1
230,-1.8714036487885992,0.13996580718806584,-1.037150623759572,0.7528610278117579,0.02510474994662689,0.6331960884874075,-0.41702793080626377,0.28312265192870445,1.374241983759883,3.780745857076761,4.823292853901697,1.7251510399426186,3.165999312415764,0
231,-0.3509656141436994,0.5192861046127895,-0.8079626240164265,0.7246334823314081,0.0750314473970028,1.2804657385642644,0.8393524593629451,0.9976572219096098,6.35865373092089,12.605861895118853,23.503505909583737,7.330015329510859,13.47340799363813,0
232,-1.104217337624167,-0.4262151728730903,-0.7487007398043353,0.21029706572782614,0.08736671123090661,2.467612615729215,1.1766674090226108,0.053546462724615385,3.6531832290704314,7.951986402927996,13.194270649375223,4.298295298901134,7.869661614302208,0
233,0.5561088410586952,0.7199410874032119,1.2988003753605155,0.16308850186363513,0.07928125934136793,1.6641852733075613,-0.47231501607698,-0.12038191503906659,1.3271903835128973,4.5451677497317755,4.294435270322832,1.854236455452151,3.2354616666154663,0
234,1.942484406048032,0.970093393441742,1.218320432295545,0.6387586758624462,0.04036957510842086,-0.8957496296640626,0.1134788188916993,0.12155474912402431,4.75440815596187,9.967196247939867,18.956279491446292,5.512936262484419,10.654658794852851,0
235,0.022011277428267917,0.2733405598326122,-0.2750309321010336,0.5993393258524263,0.0500324889717533,-0.8466150152682372,-0.8946576914596127,-0.6225755799421615,2.8335509353899084,6.282369903800771,10.897103715689251,3.222144296059643,6.326121796069943,0
236,1.4020835156854305,-0.10743532283911694,-0.8163966403414986,0.60747288001791,0.08309716887252891,-2.3942199428835327,-0.44073250239188355,-0.6459971777573179,2.480123920496403,6.381983622524894,9.756083950292552,2.9680476733124075,5.882262215325396,0
237,0.6234914439313624,-0.4499379187394943,-1.3051596623701691,0.04394799135813541,0.08725909469380723,-2.3913827214795518,0.837101071526613,-0.6892057614854488,1.8904749737042428,5.112866834448779,6.724680393895899,2.320154942241498,4.350422154838826,0
238,0.4262653407817192,-0.11062394397850861,-0.17144543630429254,0.057437713888036694,0.12041283753183234,1.965262423766263,-1.1735599982778517,-0.6427916486057645,5.828032133708409,13.508853924448351,22.04860715301056,6.909559175375159,13.106603880887711,0
239,1.6156167551819154,0.0989872256001163,-1.0498812652553697,0.16223236208732708,0.09899793663556712,1.1240841112343651,0.23862434059184467,0.9062967598250515,3.8569045626941194,5.809260265667525,6.141200383520465,4.249557233051873,5.167165286869819,0
240,-0.02374558535289184,-0.3994561757149466,-0.06830127007261044,0.2877330349332888,0.03366238390120294,-2.2701837532992997,-0.35469001544370193,0.4228186954194846,3.5765873977411773,9.076565406703772,13.126081267146535,4.340050595532926,8.167775281030737,0
241,-1.9262487884992248,-0.12164297358813059,0.4320282043496051,0.4883232873394458,0.11649726538330737,1.552598578298988,0.5080939702065308,-0.7944046077105011,2.015498350927459,3.71570703439873,6.829734548424149,2.2599065105083955,3.9942726311759404,0
242,-0.09991022398255733,0.20681191497521723,-0.7633018835716452,0.03404145411742121,0.03353854813140703,-0.225527991336806,-0.20656723426895796,-0.6466660373456767,0.11282646179921403,0.3868596853375261,0.029042039281550247,0.14369188128534804,0.17298764405402192,1
243,1.2976621707339713,0.8513733374734491,-0.8959550428418543,0.7436583324537773,0.0026791438762771235,2.124812363534727,1.0846290961941791,-0.9758962739681496,8.919141773918536,20.438783990140386,33.79617116546969,10.619687872834517,20.008197866142034,0
244,1.0520771871069923,0.9404031451396868,1.217706656453335,0.7765681289569705,0.0825485258546459,-2.1092193005730584,0.8394940747320867,0.22765651161802314,7.946628620198036,16.10251378573243,31.072628546754622,9.133654182451068,17.44989670405063,0
245,0.4589469767531562,-0.1654927802826276,0.2155259295633274,0.12286382326889163,0.11096550398492254,-2.1249134632422884,0.5514738409051008,0.697956845249708,1.9536778026955783,4.97579695855908,6.731787810313898,2.4933515129085793,4.347713922761425,0
246,-0.11012528974204727,0.01966073211409869,-0.5633571812337652,0.7755668669804701,0.10996867118393179,-0.6550572334982752,-0.7804622730407877,-0.5608408155958173,3.4454434115490358,6.705313082071497,13.290765254766054,3.9325054327213156,7.425707067788107,0
247,-0.14431085555979983,0.8851368006286757,0.7024390372827543,0.17219499854331988,0.1289341700128347,-0.6089973849515946,0.8441332386060447,-0.5166008040377381,7.728241823569317,16.143510323140838,30.180277041420368,8.918884244147186,17.107497180853876,0
248,0.4746424477452704,0.8533409761625639,-0.7263179725566176,0.5543412724686839,0.14809689299357157,-1.7470085637849824,-0.9878345023183814,0.34839038488963237,0.7949809039043468,3.0462460350259057,2.6967480067548193,1.0368247794256327,2.065074961648085,0
249,-0.6410562090038785,-0.8575110452668178,-0.07408314634918756,0.6030165437151647,0.04276836006227831,-0.8247656124743263,0.8296785615527329,0.04014382452297616,1.4031415145556294,2.3435645912160292,0.5796937778687408,1.4852537022389873,1.4464453353160185,0
250,1.3709278752258882,-0.10722101571258102,1.3589254846803103,0.5206356717741895,0.017384829797887413,1.9254649411340035,-0.025763542006085327,-0.71672206405419,2.084265289474055,4.932097289434893,2.298046871640374,2.3321098026282763,3.0275338154276237,0
251,-1.3892394646343171,0.37506787021974364,-1.3578824798115305,0.22927501193105063,0.020968138570480216,-0.29461285191357867,-0.20555094721353284,0.043752869377711834,0.8387504573314398,3.2291554298965686,2.951053467375096,1.2720523005183986,2.2328930364327713,0
252,-0.8814546835898791,-0.9359128212436456,0.3431583196055574,0.29897440230588107,0.09770024981100696,-1.9566651459786577,-1.1669343472942793,-0.5034115042294145,9.588488920615076,21.374849782696398,36.73715729508952,11.148744112884538,21.425023210808753,0
253,-0.17381070802379117,-0.21185605166306543,0.9309076658203992,0.3022701153542592,0.07956617694046184,0.46757796221096104,-1.147604660050052,0.030266753692377968,6.01935423144879,12.451117979280774,23.790339787980365,6.93441076623541,13.37168467623652,0
254,-0.6206749624046486,-0.15743974463349075,-1.1991378045142493,0.6262564525189163,0.14136063762127837,-2.3886558968519997,0.243294630747235,0.5276881345767162,2.00941523229269,3.930494792642465,1.608807621713278,2.1984830617065594,2.484463600165186,0
255,-0.8607696454004423,0.5751111697264335,0.3970651522989037,0.743330105816856,0.14715072170306592,-2.288269430006476,-0.13214937353518508,0.0939755751564364,3.3922091148930638,7.843490927981912,7.840446817456693,4.080598809573907,6.130903939056891,0
256,-1.41302706716939,-0.3274283391452766,1.4629423432693853,0.012984365073977155,0.06787618972865761,1.7132731085909807,-0.42263696947370777,-0.04040299448969331,3.4018478343183403,6.789678522779909,13.006108812753919,3.897462841444998,7.34903683510015,0
257,1.91218298315192,-0.05024632704859222,-1.107236063560503,0.04137719333311285,0.14181248586599227,-1.1709529336246716,0.009753375754922189,-0.8185964678200628,1.1206849745257979,1.6342130677355375,0.5347613583889341,1.1509440582334927,1.10199222601843,0
258,-0.30537951779757977,0.8602110385002482,0.00723898089281505,0.7769081214418624,0.03882534558560995,0.022726198519685603,0.8628739003423804,-0.10349529089251241,7.717573028537329,15.360723486785593,30.05731676486819,8.873821101952922,16.828066094252627,0
259,-0.8820505057192416,0.7109507268357633,-0.3303315933821729,0.4245786328481873,0.14647905996227184,-1.5675835262206805,-0.4766384718715543,-0.9378607998603201,2.625610457773234,4.897413609599527,4.203498683959447,2.9341424070402864,3.811371066103691,0
260,-0.43264916035978906,-0.5996331388302809,0.540104806223674,0.1450571670126819,0.10122191286088045,-1.1826228590534116,-0.3474771981091205,-0.302278695907205,4.532001680306514,9.938229398172226,16.55659423633002,5.302274726693289,9.838275067111956,0
261,0.8670070006544375,-0.06698147372331387,-0.4161033034419508,0.6820981752315599,0.0857925938461804,-1.430845893610011,0.9602190675448383,-0.3146994079327188,4.053112127058638,7.81116936759479,15.340973797080856,4.65511732606612,8.627088320126896,0
262,-1.8440824898507184,-0.010799552051094174,-1.1281858366773667,0.19077315497259406,0.11206663090311166,-1.846240933118407,0.7366661384496855,0.8738145762619074,3.4631150160432767,10.084401597117228,12.494525342690213,4.517551965765197,8.264367783331734,0
263,0.4261284016317788,0.42071838404565853,0.6407598297222523,0.794246365816356,0.05123073933024343,-1.6857172437864876,0.046001363794371475,0.06649961966341644,2.450650667164954,5.4062519553081065,7.975023995840896,3.0062335681782435,5.05020134231201,0
264,-1.288350046815422,0.22621883798827902,-1.457625799569528,0.7421347219633773,0.03968614167318924,-2.3021989580490407,-0.9402013404603431,-0.5195021034407166,3.6798331605805803,9.278183468761043,12.460256958164223,4.58314671933198,8.083796748184952,0
265,-0.9043753255758191,-0.9343800010045427,-0.6619355634188125,0.1543533891947857,0.05679313911517778,-0.574161313220154,-0.38638142255309016,-0.344152232938592,5.887755270407127,12.885287497921812,23.121125740778982,6.826292508151853,13.250879803547562,0
266,-1.641074889034995,-0.9495901057476757,-0.8936570995306002,0.6053195419332923,0.1486214648326683,2.1426308752866454,0.010126453290644655,0.06364771155586846,4.237335795796026,9.133375600197892,16.215956472497005,4.975093029718854,9.373509663519162,0
267,-0.7416737238566298,0.5478788772753125,0.7942700637979456,0.6754178860659557,0.13432568657953264,-0.3282537588735215,0.6405013634572743,0.6127974575917572,5.387035097266075,11.769262577069036,20.694678738074472,6.3072182972863216,11.986014753451506,0
268,-0.7661615100089993,0.8584844880122999,-1.2169754920810336,0.7954153433306264,0.1155136077238304,-2.033645473378364,0.3749511554520015,-0.9316411781434797,5.690682182132669,13.78690697828074,21.718334218085758,6.62161359173733,13.020938372723483,0
269,1.0807477977767315,0.5984458433181106,0.30723075927434307,0.6854883135332565,0.014682492032228954,-1.120380789795934,-0.20597394817759074,-0.9150840943438034,1.9815469512487707,4.004997200767839,6.862270699981629,2.2336959308225217,4.078014048681724,0
270,-0.20713564971533538,-0.46957308777486806,-0.32179496369474103,0.3400821055938452,0.13191176002315275,-1.1482951473618046,0.944983508919053,-0.14805807037430152,2.2717901570925214,5.3305437337952934,8.020006178143902,2.742769592209597,4.960978979930474,0
271,-0.688769117224056,0.0050240986702920765,-0.24677014091148108,0.20589785044411688,0.07540189871941004,-1.7409913346058437,-0.3553681367448813,0.13158043874818115,2.279430655044005,5.733788200376061,5.966192698824945,2.8469874237531565,4.478522208648819,0
272,-0.3463670224405657,0.6478247221015929,-0.7298347153945013,0.7758172630648081,0.1177083031277027,2.337965129987361,0.8115277315927301,-0.7157921482967147,6.66708605954631,15.009128736678155,25.14868444822667,7.878442514166519,14.835314024751993,0
273,0.10584036254005502,-0.6600429576084286,0.9546820578817719,0.46732971934663675,0.03951739715353587,2.1479948600358565,-0.9235534720457743,0.127724806942628,7.049111670379421,16.53715391171161,27.664682919284147,8.275224766577006,16.202807027070254,0
274,0.8841622186669018,-0.8823029253351364,0.29356809961861074,0.6527209723704753,0.010129097162708005,0.06121485553313555,-0.5794627724430239,0.3258489030738416,6.608337973292898,13.603634359024554,25.49922061464169,7.620002376631024,14.475358121750844,0
275,-1.5252905316846204,0.8741028613410138,1.1841857451441955,0.14877953590056733,0.04848988265476569,0.4381748732652153,0.5233496079222011,-0.11468796967948358,6.370223717866447,13.284454772690532,24.378432625181116,7.350796231945301,13.945012957915957,0
276,-1.3748347121560998,-0.7916970123942568,1.4992960107430315,0.3642816971547898,0.13087976237227472,-0.08811997685442785,1.0136583325104078,-0.8244812344568988,2.8311575273508556,4.413208905508035,3.872426855082569,3.121335792467027,3.6471715656291406,0
277,-1.5439232346617962,0.8592643754484486,1.3424791351343548,0.2517739579722907,0.05327473304908077,-0.23774882582620993,-0.20121196783850204,-0.6199095680808067,3.9452114242035607,7.677344036896278,11.646124718337163,4.535374506434165,7.434141504474517,0
278,1.5935015357574982,-0.49338479858871254,0.6158172284329546,0.053724542187978314,0.00581269972926442,0.7686523628846031,-0.38636194182417516,0.3109187854400026,4.149821336250335,9.994765379720896,15.3579663073072,4.939979134144461,9.344763820397976,0
279,-1.6239151913246785,0.8997027598317267,0.7455434006792863,0.7010137864206394,0.020470583106676637,-0.899195155535653,-0.3159740059047742,0.0743452966536371,3.4125010244482046,7.431243832766779,10.221824280983205,4.1597434579246455,6.73564508725192,0
280,-0.8125260579703428,-0.8787385156211898,-0.3933648577875879,0.20363945170182574,0.05788819371948223,-1.5152022868998687,-0.5714487010446349,0.25390468086453755,6.53415481426777,14.973858565127266,25.410019966641865,7.673224201664237,14.842732423977493,0
281,-0.4473846616877397,-0.30923321366101586,0.1017168981671186,0.6174884326751406,0.05683019345219358,0.43759746277920275,1.118886300883623,0.04396022823610135,3.7002512723765686,7.256766090258486,14.097330882089988,4.252003197305141,7.9415047931480265,0
282,1.6391903060701778,0.5873452485128539,-1.3238439550495509,0.3432790971754055,0.10474776118028821,2.4335595622409993,-0.09989690121236983,-0.8144290917465211,4.603639268331319,8.28661707507368,8.585574642077727,5.240786644780443,6.966827960122862,0
283,0.24803669885147128,-0.7468724157520794,0.7545586808381799,0.4061415979694223,0.10851470525659297,1.8468091343926183,0.30947524119066516,0.22487865850636313,2.21064982640354,5.498889680911391,7.769252249774521,2.8034102418827787,4.9239785513151135,0
284,1.0182811817585251,0.6849100029053348,1.107161358831008,0.029144156546306643,0.0834285445196684,-1.4186534510122428,0.8648301378762799,0.2967953704067223,6.8717821764412985,13.96010150035546,27.07605251097097,7.946680528010619,15.167048909131381,0
285,-0.3191100838702474,-0.6237915437572974,-0.48292912224052054,0.5630221556321796,0.030653931781745816,-2.0320852733081365,0.9312690197461222,0.5284206991602336,1.8288169959222969,4.861520910044344,5.372931367701924,2.374441152688113,3.856424897369381,0
286,-1.2008202773674697,-0.4153769131400167,1.4162105313926574,0.5665475894072939,0.09157830063207371,-0.9618575728793481,-0.4820996540003466,-0.9209527626195391,4.993185888693179,9.85150710258317,15.779597668167602,5.742791472054101,9.761566345038595,0
287,0.9139274676077256,-0.9136495498862309,-1.4854279866681628,0.5835960702887834,0.1423310635723688,1.2825152386365524,-0.06806354250149127,-0.027909500878253946,5.065456831506549,10.437425681915768,17.10945956566494,6.014091255371699,10.385111749263348,0
288,-0.2554543094035786,-0.3507126657793327,0.06514264255752056,0.3449207657128921,0.0897251820061162,1.9906004025054722,1.188022601577145,-0.8425134202341658,3.777229445283199,8.621657027809661,14.499220215506046,4.475668455069974,8.516998852086669,0
289,-0.4612661093546344,-0.6385876084663811,-0.4436385782233989,0.2299784148387384,0.026180569744018244,1.3203802671064526,-0.008907017209834,0.8384911644344515,3.217209612159236,6.399013779535671,11.367402125379733,3.682406766686682,6.66332833179106,0
290,-1.869630227011942,-0.8660439737360202,-0.2901792512089676,0.0642218563232297,0.03940943946222503,2.430148715383118,-0.6984969420369262,-0.6037645171758186,6.88795532767752,14.246964659731667,27.23068424200356,7.969851652814547,15.306666434105278,0
291,0.2945626751828363,-0.004003418413686566,0.24131489160853437,0.3013882225668374,0.12401435398424206,-1.8070972427876857,-0.17185764998048247,0.3795236968881741,1.5447281209746149,3.1402545900515997,2.883252455106725,1.8011055258173339,2.450581102421615,0
292,1.4729457611315988,-0.26085678728648465,0.20323679728125832,0.05531195600580921,0.025547863216774342,-2.1543091876694276,0.5469141407964526,-0.42388006255571864,1.5569832457150588,3.283869728276409,4.975649059420062,1.7836692978964448,3.1233175398131032,0
293,0.894981160767351,-0.8672034419134509,1.0876434012249763,0.6684241584888734,0.013339311457542396,-2.3812174677140674,-1.0649068488432212,0.7072603462934679,8.525362743336771,18.967593459988993,33.720831297235044,9.982901707765539,19.362426420944796,0
294,-1.061186043792417,0.09654663571637734,-0.2212673904598299,0.6364204209828817,0.07333474522060059,0.0033042033063486187,1.1738206547997658,-0.6997408865014858,5.718731987523244,12.696180783909858,22.11278939441042,6.6670156221930625,12.825012211972362,0
295,1.3228157549837256,-0.8965005087922304,-0.06705369128108774,0.7090678591464189,0.09978209484061819,0.9260730968306645,-0.5680385225844347,-0.16285041727709149,6.628342954304892,15.715740964442881,25.661316777747338,7.866658807220401,15.188286089670573,0
296,-0.533675746003798,0.04288642031598844,-0.11331620956899568,0.26151868150159147,0.04582209185567551,-1.2457355417243892,-0.3238866074765797,-0.7001170441318787,2.068985731116138,4.4958576622293815,4.839035643945043,2.4691784297781694,3.668081554164986,0
297,1.4884172080142952,0.20423878366685466,-1.0986407232184336,0.5550874673672012,0.12714997019969598,-1.3123216397387054,-0.8385585735905665,-0.9827654857324959,2.899423812714848,5.971415925350345,11.063451617741775,3.367972502795693,6.31708465702166,0
298,-1.8109986445740596,0.5245026966070232,1.4615589961250812,0.03590425798102128,0.11221064386198389,-2.1406891707952,0.22111877976880034,0.5121505648564757,5.085262546349913,10.406245181341944,12.733221175115796,6.045483394066752,9.07196701024897,0
299,-0.5631824109290493,-0.9781305577786725,0.2855680563762777,0.7929957025120222,0.03864261342577436,-1.552543614063921,-0.9025778573915642,0.11051123980011224,8.34453819321874,19.260645158101102,32.796604799699764,9.814907264439471,19.10202717174983,0
300,0.3857803974410934,0.5845416743408047,0.7592198208615288,0.7140331958360697,0.1208659047513452,-1.2636645846027776,0.13410577170182658,-0.40517608181284004,3.4823409939054106,7.898225670463087,12.58366908924028,4.087584842355688,7.598029210318201,0
301,-0.6808584817939902,0.8638887384599927,0.5456877152012205,0.7796723306008847,0.06253688050781167,0.18718786676988275,-0.030922992200587807,-0.7854258849525462,3.98471692899909,7.50840209568787,14.57393121476708,4.5794837851823464,8.278063450354447,0
302,-1.0531920218935866,0.055272721208964315,-1.2978770846009813,0.7451695434471115,0.01857655229150562,-1.5100962679154644,0.6367709374527277,-0.8061309164213726,3.4123823925974164,9.375694062344598,12.094805803096076,4.123538100470877,7.8772184874585145,0
303,1.6011123984616376,0.4514019414450712,-1.2941374286734233,0.5534776490285224,0.09474428132569766,1.286747163699593,0.7876748459744061,0.4367011263463101,6.406533380951815,14.288209365065045,21.707206083681186,7.444296452152507,13.465014294124662,0
304,0.3447051810838877,-0.35507336283644464,0.5918209854897873,0.7655772677046236,0.08812826707933114,0.8217243421712697,-0.15089269872047817,0.5122416194861488,2.3575734872961536,5.273450558069592,8.931874309673319,2.6993197078301416,5.238801477294734,0
305,1.9906695693545435,-0.6792213518645278,-0.8927841614887131,0.4315502069315116,0.07220630958924873,0.3578489225335941,-1.0822222854617447,-0.1914470873391021,8.096336550740396,17.231545553987463,30.756051321009245,9.396368207298266,17.76481684845096,0
306,0.3319130482622432,0.17038270260992538,0.47200188530512066,0.576172823202131,0.09623208050112848,1.451215776947175,0.29942552324301985,0.075015325074409,2.3109438653661756,6.048297080038815,8.213950138600193,2.7771544265254815,5.249672767854102,0
307,0.42478571555124356,-0.7976132664933353,-0.6805303778234401,0.421919824526505,0.13094808231025606,0.8952577814399652,-0.9830206116674458,0.18454990088880874,8.019578815294393,16.649687555605308,31.368406632853237,9.239509820546788,17.735252883180557,0
308,-1.1130480494516042,0.46803311957744587,0.9823225575262415,0.4747650180719787,0.08870439146275645,-0.80704278394593,-0.1289999492128575,0.7282167076306909,2.412760847391426,5.436500569470601,5.815678368865386,2.8867827969515734,4.388160215413381,0
309,0.8932813238686261,0.03950731939168617,-0.3953028412548871,0.04030379063084349,0.021451110198957766,-1.5348740523031468,-0.30387949617918064,0.8882872941525493,1.2354667011046974,2.922529969502467,4.670073604845128,1.4118619543127215,2.78960727806696,0
310,0.020613579434994644,-0.5303196734815379,-1.182749587615458,0.27064441968237124,0.12235959533265853,-0.5832860329474605,0.6540139344537923,0.6054099522537577,0.933547118273043,1.6938776175192338,2.0513812309734902,1.0212563633195788,1.5057674263616878,0
311,-1.5567169212051835,0.21731950525356747,1.3772881901133323,0.32171045992284314,0.007641613350453341,2.116513451289393,0.920799075773959,0.04428289441800359,5.034157218794951,10.749144571563383,19.8545111998551,5.788143921583634,11.270158289222394,0
312,0.20901248137603856,-0.5765177944477502,0.9583522666339119,0.39888003071370115,0.005081669271383476,0.915074782244989,1.0811910475264945,0.6583009806915006,2.359250368410696,5.4204587570017235,8.812962551806518,2.7658568143888425,5.254387184604565,0
313,-0.8912074391578408,-0.8933498301333187,1.3210542376145415,0.7496501799037611,0.07986229795693041,0.7115870583576758,-0.08975985429406008,-0.16046926580248266,4.416822608127352,9.344493725106862,17.284941675336363,5.0924765509795185,9.823125057669124,0
314,-1.5222062562851986,-0.806494203277808,-0.8018035599714376,0.6693125971252355,0.021874845110352,-1.3665067404264464,0.11667374237329797,-0.5697375638434512,3.669081910633256,9.242716554582767,12.037055723703869,4.491390606939349,7.933795317369902,0
315,-1.3471732611288516,0.12663248339592448,-0.39572018701015343,0.5009274286723754,0.13683080106130144,-1.7450343428246617,0.9922407835513531,0.8049799348458373,5.0824597218005785,13.319687842689758,19.448053882146237,6.237294487793484,11.97878988277032,0
316,1.3163503333436113,0.2625718346121704,0.36043997239664227,0.5113701279492012,0.10357433268267197,-2.417588997019215,1.0994221899855592,0.1712075229311596,5.991161900232808,12.932428984652255,23.614180497434372,6.96539088578541,13.457870503274371,0
317,1.1258633576096866,-0.2454363218772737,-1.4628083582526121,0.4077877279011552,0.07607851789738934,-0.3150535584427412,-0.38467907001101576,-0.5003478243805559,3.076287406281628,6.34731124116668,10.873602110136659,3.651671649511911,6.454327392226681,0
318,0.11017949798873117,-0.2494437206130118,1.4097956491494261,0.13834184621354514,0.04794983514406304,-1.0301976453771449,0.10394202296629684,-0.0014394860517041863,1.8737847486703232,2.745935557553266,2.526953809426005,2.0483647658973285,2.348838711284611,0
319,0.5749618616970924,0.9000035411484157,-0.6443367435183979,0.5542172554039972,0.003756030450777542,-1.1880576363318773,-0.08707265280817733,-0.9380104230377311,3.675659240781442,7.196181074345131,14.193815867395607,4.177469811242936,7.937443835880947,0
320,0.47067784221455566,0.3566212168034164,0.7401951445141401,0.41325960387440985,0.090591699746794,-0.5196737436075638,-1.10099272198425,-0.8000962884509739,3.442966839557559,6.932166429401373,13.046185113496687,3.975095318568565,7.423905046593542,0
321,0.6199836968058565,0.9911105991715525,-1.4525902825101116,0.4460667974611062,0.11265131293238367,1.633874140069393,0.10849176293433627,0.2398319603682102,5.605253598877008,11.441319385944219,18.854371186693356,6.583280281985771,11.428611279652952,0
322,0.7868997810982137,0.7179324993868612,-1.133131388391544,0.7409457570198907,0.0039026105327355006,1.6809987547888765,-1.0158229762567266,-0.6107435767901555,2.951101212695629,5.751100455176587,5.20558867175824,3.3363954272459657,4.5059766446137335,0
323,-1.9844234144754695,-0.10948658892791863,-0.4969223198478232,0.13279432918962186,0.06766352412058595,-0.48814558413908093,0.6423864784769797,0.7862606121400648,2.5290852710939196,6.867548871939348,9.217451713496219,3.269732782349354,5.911199035193781,0
324,0.6102690070683274,-0.7511792225469522,-0.6138276158704481,0.7306546374658239,0.013310173951183373,-0.4657208030458677,1.0620110861603551,0.9013296829389714,1.8016436485888505,3.613370427044193,5.396487474750776,1.9687107726561914,3.4403215423807647,0
325,-0.3551872918044303,0.33479377619759476,-0.12976320493800308,0.6027684315490734,0.004737199603949777,-1.7792142553932078,0.27407712850463817,-0.5348954751138728,3.2754678933389907,7.349467989977938,10.62412226916067,3.9605233077174757,6.770769776515027,0
326,0.6642091970765942,-0.2975541450774033,1.1599366743834643,0.6554075084479892,0.07392567001031733,1.3644754354742887,-0.5492690730357831,-0.011480446376274767,3.881198746113934,9.595106118913012,14.822675653280786,4.632197894823844,8.952913944974703,0
327,-1.2100717925468873,0.7217723370419877,0.9692028497052445,0.7217197347272011,0.13162154718363892,2.297981310297474,-0.6519930440833777,0.863648581590631,0.8631714811945211,1.9565764465566189,1.3905216216713807,1.0491227032985122,1.3679931351566075,0
328,0.28485276540799065,-0.15500983216369568,0.18112168790361904,0.27408188532022226,0.043282951044142814,-1.2934283101123563,-1.0021728253028956,-0.006870205705625132,5.194907124807806,11.23317574741202,20.207668755616556,6.040247962531404,11.594750284604055,0
329,1.5510467028555497,0.2603039385487693,0.06292689826732056,0.34287433460073324,0.06966024394757879,-1.4536132621402453,0.7750461052634334,-0.6032340734369439,4.604137687467091,9.41429505105763,18.03742372115494,5.287922164404453,10.145549154344343,0
330,0.8664910269092521,0.5199700229923052,0.22460712608320277,0.6903410999638628,0.0436575528675975,1.9080861062143164,0.55058510303833,0.5974996555235215,5.225811714047138,12.02150274726552,18.609278912889263,6.087421170802811,11.365720129340856,0
331,0.6583188381092566,0.6926860339799388,1.4792965881529079,0.3361302836197109,0.12208735255643555,1.222898797590168,-0.11311160229115691,0.853897999465024,2.6830359843223874,7.30348452258807,10.046037932116931,3.263699291538069,6.336137460862023,0
332,-0.4222962817096212,0.1309318325524751,-1.1821729290271152,0.180620155253013,0.1261044255800641,-0.5172363858557634,-0.25419818540338035,-0.5080379636187595,0.5908955999036005,1.9356495561346105,2.0380775866876384,0.7869753191511225,1.448084354732867,0
333,-0.033558662810182494,0.6116339227012448,1.185492353321219,0.05609154563534711,0.08622310968601732,-0.16363316053832744,0.27427644113178795,-0.10544862618346174,4.032640994743088,7.9014616630118395,15.288324984319377,4.626412465937964,8.629369539216087,0
334,-0.4054207165863395,-0.05623857514102126,0.2459973862692424,0.40078656882542146,0.07082166765309693,1.5891765497904036,0.5895551789708586,-0.31724301163761437,2.4487883996303337,5.920637890541778,9.163809694522312,2.9390346281924313,5.5538742582275695,0
335,1.2023084700612818,0.7073013380090003,-1.0395233838774285,0.46614596938460706,0.042796799039882066,1.1958616096336128,-0.6269152095391602,0.3428070483460637,3.244364894932157,4.327090322946987,1.45946537103275,3.3152899062846015,3.040805167302028,0
336,-0.9795013757694644,0.02228752685988633,1.3459394037485763,0.30504603076514764,0.13136077289448114,2.4347229060194735,0.8996420371323917,-0.6682679405533143,4.019958084031136,9.356388678967386,16.199917861889244,4.685649948613487,9.34144438232768,0
337,1.2786328781406522,-0.9357012097988775,-0.32009434890207644,0.6965866986542911,0.10331283191398798,0.16370213668939027,-0.26912633980171075,0.6245938929405721,5.609514322338088,12.104626070150177,20.869306711525667,6.567261648335038,12.231760296037685,0
338,0.8382336157928836,-0.06318936076865334,1.1774530116289794,0.18395841425490592,0.025558726373793732,0.7140188216679078,1.1327864224842485,-0.5054868533864594,4.71484053447971,10.698094324887032,18.65487100666418,5.49698229041972,10.770039988851249,0
339,-1.001318484264694,-0.7210023040756202,1.0816906658208962,0.18111803232906729,0.07547677900873317,2.454362390011023,-1.1708618377870954,0.11297218102158824,8.32506303394464,18.115461774131187,32.98566505886161,9.653723568977938,18.793229316979026,0
340,0.049156170819783185,0.6148947528203095,-0.434155381341669,0.32827308711923325,0.025190697089829548,1.2040761581789332,0.6833013820515559,-0.7266733584423395,5.762603867033104,12.293280800457563,22.63203777513022,6.696201413463809,12.875996874132646,0
341,-0.426171704046713,0.785809990725366,-1.4918781789726385,0.23900725649810584,0.08325634275788216,-0.8295307017002336,-0.5470915459735934,-0.07992503019357478,1.092347973096899,3.592834945994601,4.162702973294927,1.3599322155473426,2.7903589892706617,0
342,-1.273907567561225,0.059250481918967646,0.6200877639396776,0.46023596210280177,0.013966399628779635,1.7220430708278665,-0.7800531900300283,0.5296240012222573,3.1429939241104092,6.495194525287259,12.604789190386137,3.625377321952241,7.035431024130365,0
343,-0.5577395568965984,0.5655226961122046,-0.8811812897839627,0.14932968295634383,0.07455387693262233,-2.3353199265081974,-0.6592863869223998,0.44802450436869656,2.105707342178518,3.902824354152093,1.7606488493771062,2.208019119448559,2.551556075657171,0
344,1.349533913221702,-0.8384292721243791,1.146233128314313,0.6380137632425433,0.1304526443560448,0.9921427728941996,0.4179673615055153,0.050186466689727594,2.0886723681585995,5.386260200173069,7.56936300779296,2.700034133962864,4.783292086233675,0
345,0.61114889796526,0.8382193291332103,-1.1984339957498746,0.25261158227687297,0.010868246039380774,2.224025859720192,-0.13136288160146892,0.3506889413523768,4.487000905409369,8.794428265630406,12.328477789762056,5.26091379096788,8.209063467337337,0
346,1.3644802580172857,0.9820004961529771,-1.0146526266232028,0.639610084574583,0.13311343472051046,-2.255623115745622,0.609817344445376,-0.29054935760689937,7.009075601130007,14.425139892032801,28.153101126450792,8.104611863736634,15.686656172257743,0
347,0.5943871658817281,0.028096392077729515,-0.7207732437400892,0.10817708960318884,0.017542084963381242,-1.9833857114575415,0.3306960963229866,-0.2971782972009238,1.7345038333091072,4.4125749114148825,6.301271891581065,2.1149643898090074,3.946001629872417,0
348,-1.1334662471765102,0.3837701854118061,0.5605486972994003,0.4313346338855982,0.14024367252987763,-0.5729288427928936,0.8060711310463031,-0.8497211841356074,5.703379209469057,11.661876632026352,20.741071789098502,6.529906495636218,12.084888938741795,0
349,0.9593243761540178,0.97689482766386,1.0397946488634506,0.4637317754480475,0.0940149096490741,-0.733552252815266,0.4307645238194495,0.5407907663626541,6.283948156164298,13.025063914095007,24.636889704356513,7.235633491444533,13.907333881529198,0
350,1.9929139244714156,-0.015074165999134026,-1.3160878026796732,0.4766863605847882,0.017853622497325288,-1.2761747822194498,-0.4109282128662306,0.4620597462968212,2.571816845869118,4.658768444574704,7.458767042379679,2.9380602999966134,4.700611729846711,0
351,-1.2647675044859978,-0.6684941063152949,-1.3651072725035176,0.6985919490831047,0.1040258136534091,-2.3002676719118673,-1.132098466468525,0.11734859295011213,7.967400178322365,19.805063540125502,31.40520989517222,9.498417573273452,18.703143841413368,0
352,-0.8698623948531559,0.19345270086385757,-0.19618747295710404,0.7386500498482037,0.04317135224420519,0.8957268421944677,-1.0702696521153618,0.9117210683778507,3.85499305590238,8.387482578089411,15.305253726718078,4.518652464298468,8.716184054642808,0
353,1.9230298716334087,0.4781492580328248,-0.10436258530928066,0.1759947514618091,0.1218774510371947,1.1817704857351115,-0.6673103050537222,-0.09756941168546862,3.1286615460631655,4.897772037559675,3.1942647710784815,3.278706831423709,3.6940801895527677,0
354,-0.1488042487328598,0.6528210999454183,0.5515340530022295,0.5145340348320441,0.09747411338449176,-1.1476496030876056,-0.3078929764091184,-0.9086754291265877,2.500312518163927,4.849827782305438,5.961957807669246,2.8200082633973684,4.27563025878132,0
355,1.147764543248495,-0.1340035696603723,-0.1852849287372793,0.1962850119469014,0.031414092218914336,0.43910964784514617,-0.6418727635111782,-0.8715822968690712,3.4735937808125903,8.510637292912566,13.516659480208215,4.187037187096707,8.068970884889682,0
356,1.0700296639235933,-0.24706113118726813,-0.35929324830208653,0.3450546252126331,0.12225672351121407,-0.8958155203009144,0.6192869070188065,0.8790896815590865,1.8966424776767428,3.8020468345507417,6.484217534701558,2.123118928555936,3.867183946934306,0
357,0.6434727836991976,-0.13663783764595072,0.743369169439994,0.3663178958011084,0.06216409066622112,0.12641581786341627,-0.4374663964576949,-0.7914995674399976,2.6227848740961264,6.143328899095065,9.999995347184957,2.9754436600654937,5.927377102119394,0
358,-0.34059197789533924,-0.7522862377413961,-0.26867557933365993,0.4455469769707603,0.13960667718084702,-2.318888344773482,0.291500175604666,-0.08452962669984543,2.7454650242984275,7.089748169479409,8.135963369535304,3.409264853864299,5.732279454380373,0
359,-1.9189554871834433,-0.5009036481225593,-1.1445442429355954,0.1734353165851558,0.04118553651913773,-0.49346832308901867,0.06969454437333678,-0.9980200121472278,2.463669904723422,6.125992024993311,7.48075233829865,3.026642812455888,5.123788561650203,0
360,-1.3525225574850368,-0.8128672287823986,0.14902019778823128,0.2632598963210159,0.08225966040520771,-1.3908834891266109,-1.1418495501897963,0.8827338025404936,8.753375844582358,19.724572388527648,33.93241478145387,10.29228760490621,19.752337664859784,0
361,-1.566767515244024,-0.7462825040765664,-1.0603595204695786,0.7850212191946182,0.09264903602549941,0.551449758519253,1.168075683644471,-0.8231224614506905,2.067546374777178,4.430111067850569,7.3640490102211285,2.421054014447816,4.400617337299444,0
362,1.8980035701691564,-0.5919737068919182,0.3692145106861062,0.33606685224223337,0.05759277202157673,2.156216642397313,-0.8418534517433844,0.9941380221524871,7.156605281051385,16.91631707801036,25.185999740675,8.494230228217836,15.627099652742805,0
363,-0.48349975563380587,0.2975498077771088,1.4037201944500803,0.046080840303179826,0.13842965443877858,0.3390569267717165,0.4905525095458856,-0.7016316322273033,3.789596276667451,7.014689262122777,13.560066889884755,4.276943256467578,7.737000054249252,0
364,0.13354972332412895,0.34702742945048737,-0.13125807783695453,0.12398814248484538,0.03661786126283649,1.771963954967493,-1.1172696172013692,0.4177241568816248,3.820534149264266,8.637013719047255,13.352669953437818,4.511234742137316,8.194188820738534,0
365,1.9975601460581074,-0.9850340077864668,-1.0168629515401801,0.5393154407145077,0.008998625187802239,0.4489499192792943,0.4416002485465347,0.17629269622814037,3.630534101946216,6.869128440059675,9.489428167991534,4.263139978763676,6.423041210875595,0
366,-0.5392611879157312,0.39456459197327787,0.28288328404146146,0.16610973767513582,0.08447033153776647,1.9095360856946373,0.40039988565707985,-0.05641698521230576,3.547142779155925,8.347298660095348,13.67051050752697,4.189662108669401,8.088451794900411,0
367,-0.7136635885221954,-0.8282275811248543,-0.7661186017229139,0.008949402469501511,0.14799388762874466,-1.3875887393563002,0.7557022624448944,-0.6627102363900428,1.8848366154325535,2.816742932340036,1.3350757465732739,1.9302840965089707,2.004024997954656,0
368,-0.8655954015777043,-0.1634453615432665,-0.5267830075751847,0.6386806502078889,0.14365401120231347,1.8764724182542425,-0.8314131193253842,0.5533773526985806,4.569335585774963,10.23503089786074,17.21570130695987,5.297904278689359,10.135810765047607,0
369,-1.4082123467811543,0.8267622131242027,0.05363572700573527,0.2691048704453654,0.02355382460012892,-2.440954559104977,-0.6049272200138766,0.8280401265626238,3.52102788855043,6.023982701667095,3.9292877287765613,3.7093128167113143,4.413220777369357,0
370,1.18904876908891,0.939587415501439,-1.1977154366358809,0.4737429948045356,0.03857257110461649,0.21470852886203717,-0.43090827464770765,-0.433068899513285,2.725541188388472,5.442597667542017,8.841454675791487,3.269825803973741,5.429860639913967,0
371,0.29538120809838997,-0.6333636762609194,-0.09259968908364957,0.5206498120352279,0.019227310977420607,2.15297135438452,0.013739278689899548,0.6390559437686845,3.581188484744229,8.331374538151485,10.80855375135771,4.206879489869005,7.237022981262927,0
372,0.6156217224842533,0.42000188244509107,0.6483928229785141,0.7000799176491781,0.09204081525703861,-1.108914241393052,-0.9611768571229028,0.21250123890028294,2.434898298791085,5.972706695911936,9.577798154527054,2.8866263859375154,5.684283583362774,0
373,-1.7345887849176758,-0.5174130966209396,-1.317878446194265,0.4391100712052537,0.024050718741430204,0.5520365971673664,0.6980763140718422,0.6437614415437247,0.9298489777835486,2.9161796131968627,3.203172153165326,1.0955881247683985,2.224319035720561,0
374,-0.7618259674494903,0.09790906538899202,0.18903228025907692,0.3783097457233333,0.09826708371371472,-1.4495643808823322,1.1501837750083064,-0.8038403458181351,5.963875119058193,12.898938694584,21.604025026471703,6.87708649546529,12.827760301580698,0
375,1.3168845648124767,0.18819197390237563,-0.7654357584188523,0.5965400005282399,0.012672134351560792,1.3720891722439155,0.21596453338323252,-0.7784993632071968,2.917993835925815,5.922230059112363,7.019847123285479,3.482191065713527,5.10624041206845,0
376,-1.681977747630519,0.501672666872925,-0.6211922804884885,0.7114414806137708,0.1143109531545264,0.9909512235885805,-0.5313454736797177,0.41788903804323585,0.5277390622614562,1.156157586392263,0.4630957026121738,0.6151832139935508,0.7056160267791229,0
377,1.792590738059336,-0.8168803312588622,-0.5215120739893019,0.18773781236927534,0.058987520160100004,1.211663274269732,-0.061817804579072266,0.14146121224049257,4.7165579036935945,10.798593550001112,15.361640375971515,5.618512461061739,9.824888795006041,0
378,-0.7433804476866306,-0.7174214658257989,-0.6991990531868144,0.6877442409935897,0.09036254432301156,-0.6100566340138314,0.6957743561654102,-0.8710851350901825,1.2914443652885779,2.114753729050393,0.3378714473946136,1.3916031885948215,1.2623811813795573,0
379,-0.9844356483104573,-0.5397936918853214,1.4560936865046665,0.5648788659142082,0.09266789045828312,-2.4750751735276353,-0.7576559949843422,0.27108258594615653,6.659456009262259,15.233133418637838,22.636398747059218,7.830930216294892,14.141789474117283,0
380,-0.4811226940733371,0.8485607673581217,0.7941726574252739,0.357907258243296,0.11242724663074057,2.377021619131108,-0.09364602071647044,0.28505177577706675,3.444479016384536,8.930800568632616,13.2940015585434,4.133461494588658,8.11413049252703,0
381,1.6746584602451806,-0.5026506759276534,1.159673740998835,0.07803576541838614,0.09726722558814697,1.4141907752789216,0.2750549262058226,-0.008930391694913942,2.293620805243135,4.934490036288947,3.8630364217814437,2.6027759192557234,3.5876217709196303,0
382,0.46938839970274415,-0.6966725824411109,-0.853287869009345,0.2159194751650736,0.08966690109450572,-0.2904946312746475,-0.6132579780339851,0.7656186642891603,5.885724583217349,11.82153744551274,22.898916380496885,6.771305096917977,12.85898403245989,0
383,-0.5043126388271064,-0.10793656154021769,-0.2708967703530163,0.1455543642214021,0.109744052314535,-0.2577086886557103,-1.1609829362574757,0.928027404719594,5.634743078334992,11.723263716645269,22.025346605059916,6.496611801802174,12.46466720019227,0
384,1.2630544463816546,0.44711870818360655,1.107275611555587,0.7254458028844403,0.0506234559576658,0.5547933920834929,0.26113874209342613,-0.46540066237880606,3.259947398544446,8.226483077065794,12.401464404734169,3.893320615012967,7.555700525604619,0
385,-1.1121909942117312,-0.7721854903619558,0.4779425877493584,0.624735192824624,0.11414294692755056,-0.9186231140751282,-0.7073763588835147,-0.09277164309075614,6.808771735691783,14.319243171183675,25.835980410003145,7.864321387263752,14.875630733789958,0
386,0.18725384096204234,0.8381742559371115,1.1244694628221623,0.7328466650414622,0.12753935777039693,2.322906022181556,-0.08280000679426225,-0.9050530051338113,3.3453073888891516,9.836217356286273,13.03526328472821,4.168772955506491,8.281913704521738,0
387,-1.665751871406087,-0.2194477164553137,-0.7269387261810082,0.13595247308885386,0.14298056617629729,-1.5229020579468877,1.1025102535565543,0.5216776806424142,4.15024758245897,10.58755838478258,15.325070148193994,5.138663978958707,9.532729232526535,0
388,0.5637826885008939,0.3520379201787567,-0.505577029022628,0.5171416304466258,0.028003817742189796,2.1885271626798977,-0.4756959840945755,-0.48962697541291567,2.8763560588881756,4.340303819003333,2.053110002593056,2.97273897883346,3.0782048620287155,0
389,0.84465119277663,0.31289743613236376,-0.1461032449700843,0.5059569877526291,0.02392396076412842,0.8666415370097753,-0.5505343315315346,-0.45432804664708537,1.7234498708582884,4.023105446038823,4.135030623346865,2.0968352425185337,3.1741593063250466,0
390,-1.3512802602248617,-0.33524572992767077,-0.5062468190660157,0.3633432093618154,0.028562925699952422,-1.5349623192061683,0.10017257199174812,-0.7422451906590497,2.8815322470036078,5.242299988482476,4.129819901076758,3.117583418333857,3.987853982802238,0
391,0.7555880319553405,0.8878942517251931,-0.2196131350068653,0.7208842505205415,0.014747488668879665,-2.285211863121777,0.5312853060332159,0.5220431459629931,6.156123547294983,13.879007825490566,24.738769158548333,7.207462630854393,14.152916422485603,0
392,1.3722329638630053,-0.8863646432000372,0.8307211648704911,0.30123098623726546,0.04550064490232979,-1.6348803932835154,1.190437812246065,-0.8726728213622728,1.81424743935287,3.041696794613819,5.244623632243014,2.043688862468854,3.2345392461097964,0
393,1.3080320584319978,0.27898887098105507,0.7052413327856013,0.5693736959374371,0.12876517276097738,-1.5810396507194584,-1.198020919596755,0.19705697808653233,4.069541454137965,8.090789818870974,16.023869074784898,4.67362099328803,8.922622203666954,0
394,-0.5845654427066642,-0.7524253377657246,-0.9415837376872834,0.26539944996737835,0.010535005633005483,-2.215433989357746,0.9984630115978661,-0.3757945012926076,2.349090762083958,5.201368870678289,4.276079405138604,2.670859956528507,3.8150477070231057,0
395,1.9289227898943397,0.9287340166607998,-1.0722861530186587,0.5719394423169527,0.09012073336906037,0.9532353655257682,-0.9691415999652605,-0.6228798427308839,3.3158382030816806,4.217840047372338,0.7709283867702279,3.355684614753013,2.826950452642575,0
396,-1.693445354196474,0.20826841043414235,1.4597732275472732,0.5375876301263531,0.10661423025328944,2.422925207716405,0.42722773001231085,-0.9196368547430593,3.0789676266459094,6.606867952464361,11.015711685280365,3.472585813613734,6.557722760678564,0
397,1.4680224034263905,-0.2706434192424074,-1.486909135455854,0.40578734204865646,0.14055225013143954,-1.213346564025084,-0.020368384673184137,-0.6524462244352185,1.5369311633000822,2.9461661491921713,5.116473344328071,1.747187405922046,3.054589937638302,0
398,-1.7692293133342396,-0.8389101065737736,0.681032717884066,0.6912595765937193,0.021494825887873662,-1.0584071609476564,-0.7319292776524144,-0.9462884461471441,7.592821755025345,17.165947600713984,27.35917865217816,8.875698923040698,16.522954294679316,0
399,0.21372547954793442,0.39984434027529514,0.4436324426552114,0.3104428378417981,0.0832515368909858,-2.0295034668188765,-0.8296710750655574,0.8635892391059667,2.2188171672281394,5.87774613167669,7.491704983964279,2.77528032867639,4.954008517728371,0
400,1.0460309912795873,0.8454781916503347,1.2500408534981018,0.5195140936861925,0.13923579721682477,-0.416479484587684,-1.1913210125161418,-0.8748577683076812,1.8060599423412609,4.265209163944447,5.698148116779311,2.032027782760861,3.734027945195592,0
401,-1.5620506971967392,-0.8092930936342795,-0.44489282744920966,0.5610166456874861,0.11859732099007424,0.45106637172312336,-0.8485531810632491,0.4958032042963505,7.2712130278538,16.04694151923091,28.900921845719807,8.444480019283963,16.51017091976975,0
402,-0.5807923234496042,-0.9740133026564075,-0.6582341384017519,0.2644804433127823,0.041136830282715434,1.5593507659379284,0.6238233542258167,0.39110406082528293,2.125673775027018,4.260750450452712,6.127085808959292,2.415283499810027,3.995581360312709,0
403,-1.4439796859509388,0.615667819412564,0.5315278849899712,0.15587014918511352,0.09721408954222746,-0.08244179498159454,-0.1455598515450598,-0.7757536730552224,2.8195001550961085,5.470761757496625,8.148717908156645,3.277460042827063,5.259439950507519,0
404,0.07321710338066145,-0.8001363820552727,-1.0072398382372,0.10603705141981018,0.14311624186050115,-1.0756765477805497,-0.34750962336958147,-0.35583878740792785,5.056687757468444,11.075779459647014,20.093464343545733,5.8613872669883245,11.45391819489719,0
405,1.5930017807125751,0.12593182266977698,1.257479696799935,0.23993992466231645,0.017225201164792342,0.2810922636208728,-0.37071121970395793,0.6038136669814966,1.4309893124941566,3.9073473468447846,4.321522889030587,1.849403641672888,3.0828982286781472,0
406,1.5176936356466344,-0.05485297818585644,1.414077072256525,0.4424104050755247,0.04063805900794687,-0.05512242327862715,-1.1104552982329736,0.6080023205261351,5.230991065133273,11.802611066179013,20.338541923587385,6.073920834590942,11.819035299928997,0
407,-1.5942597965823162,-0.3825030229939901,0.19594964101483026,0.0343801005175191,0.011897534877217236,0.9805817880650642,-1.027734976654155,-0.045834267505246995,6.2527042344341295,12.893124405757094,24.614308036487447,7.2232986253399325,13.850370865537593,0
408,-0.6452174663169985,-0.5438411840871671,-0.9336633064090037,0.6107290349860636,0.14273132897254237,-1.7991012889833413,1.1032349260179048,0.18952500695020746,2.6611471704971437,8.028937622211515,9.862056033628862,3.4633915521279603,6.511981403114052,0
409,0.5666416214530283,0.4198527562851637,0.6123566710637429,0.6558488865485507,0.07252029770215461,0.16679293757350555,-0.4228151940878019,-0.7894848124337659,0.5250810417251749,1.5075965618372753,0.03772536945979921,0.6778273426935976,0.6889036261760346,0
410,0.6585607637048763,-0.9327800616274982,-0.6730948467498952,0.07538389155688022,0.028609073598407708,0.6936545644869039,0.3083439124918037,-0.15789017400857586,3.063887332606991,6.8169635188215825,10.886279265436336,3.6056262282323437,6.590701657882708,0
411,-1.6393120940420354,-0.13325216708118326,-0.4417653844251199,0.5763673222847598,0.08685399122985775,-0.042171163315005256,-0.031243002468011483,0.9325937745208377,1.0930343930483157,3.159443710591233,2.8932299168298656,1.466114648636363,2.2903238710044604,0
412,1.025176886813802,-0.006040879079744377,-0.06233216133306718,0.02118328104397076,0.141376389497971,-0.9041301411633518,-0.585746203486215,0.9988178507753427,2.6971824941951104,5.286629203331346,10.546381008879596,3.068734868338912,5.865931298755706,0
413,0.8747586860180978,-0.905272453401424,-1.3143435689232708,0.0204012511681583,0.08994283492693035,-2.142177499690241,1.0401320564278336,0.8738130800453558,0.8133541132389478,2.537861862557322,2.495449913120801,0.9896033780030814,1.8529601044754291,0
414,0.18421626699231908,0.23327786279190166,-0.6243167954242506,0.05117803392661866,0.11061906677877233,-1.9910700562549128,-0.9946616615558564,-0.3775537815915524,3.5239419805704397,8.249558241580289,13.0101375436765,4.159923951936722,7.851083724941841,0
415,-1.9501373606484718,-0.131928768487368,0.6230427302402299,0.6410791451375513,0.09064609556983819,1.7343710155695629,-0.22439471095893526,0.6975441701209533,1.612811766648168,3.9746669389989786,6.297594020115396,1.9045825430988375,3.7559800720386463,0
416,0.02589324199351717,-0.5539277440034094,1.332436939981398,0.2199766990696932,0.003930222628168966,-1.2866297852248654,-0.3199498529821734,-0.29730063342147184,4.3576628192392315,8.886128770783811,15.244635255716796,5.055832528100134,9.052111306531962,0
417,0.09867003777428662,0.766253764071847,-0.6229853186709026,0.4166164863673351,0.051020843053271904,1.6088652968660018,-0.8217563681076518,-0.792979463379883,1.76663788501819,2.6903507529699247,0.93823248454256,1.8285357912340447,1.8014199158826067,0
418,0.011981012950406988,0.3437751715309838,0.8865756032722993,0.47169988232425314,0.11607746419785009,-0.5364497071953811,-1.1211175913604745,-0.7678013841968869,3.755327822060791,6.877748004267975,13.409768690234364,4.221862469835416,7.63503960195248,0
419,-1.8451095950840153,-0.3421126990470147,-0.013525976193953015,0.2850539869255515,0.08408992125995883,-0.09695425753606157,0.4270627244734566,0.3339243271268124,1.7796376701412262,2.7425499723864935,1.4504479348607293,1.8376030958169485,1.9755509827982296,0
420,-0.7277434115652821,-0.30757108927781696,0.2554434649239099,0.47714597431267347,0.04720498704556997,-0.848410571122874,0.465708031646753,0.2948216457521391,1.614156076663597,3.477135969113843,2.7701157239739276,1.8290386084789894,2.541326191773309,0
421,-1.4597967812809012,-0.11791624064921313,1.1781182361317706,0.029044540883580175,0.12827459197263205,-1.6841092146792818,0.017396717908118253,-0.15132714215397702,3.996196600340515,4.806891190397736,1.8981552528576398,4.053363218445184,3.615709234923285,0
422,-1.9594826506341647,0.830793874179264,-0.13522431799708312,0.763414621408492,0.04301158514688268,1.831378867079862,1.013734977589513,0.11366483274156125,8.254878290518882,16.719679914452833,32.13213921932503,9.501232511481536,18.082132478437178,0
423,-1.18928884852913,0.37049486421144007,0.1469341995883804,0.7556237326821007,0.06589080927157377,-1.15743176180089,-0.8681111964141429,0.39726713737335895,2.7241535019719856,7.19980083154034,8.782315057795707,3.361817211569382,5.9480625385493475,0
424,1.896438475922329,-0.943312458857203,0.7213360643343805,0.7415442900477334,0.011217230134102401,-1.9491497744693342,0.4606970362793008,0.2959267517915767,2.1288295410893325,5.005645513968699,8.430951160954985,2.5379789545634144,4.923425760260247,0
425,-1.7246903387350172,0.6688455043023129,0.07027154353467724,0.7257578986692901,0.13169863214890565,1.5625388452508284,0.038157350986611105,-0.4965787165011355,3.1373481262097096,6.437121425216977,12.474384458340532,3.5744496025791253,6.972101163188078,0
426,0.023902015644530206,-0.7983772443964399,0.47653844542027857,0.10718177538320611,0.07667594437510845,-2.228090129165911,-0.4811700233408499,-0.5358390786604244,6.076285997336674,13.453934403831907,22.41830128130382,7.059770178008636,13.290533522542583,0
427,0.48012617084668197,0.5735734240450174,-1.3280911363784216,0.6802269481243074,0.12911515424319067,-0.7886546285598861,0.3816097583287732,-0.19477393659310094,4.403580971144914,9.178429732913123,17.150312447275184,5.062975963834699,9.725994541783438,0
428,-1.383236471241474,0.05732483712622072,-1.24092097649521,0.7027777243167903,0.13864346391144128,1.608065685057018,0.1500674898143486,0.11519718225090991,1.5449414535926662,2.9510246453944458,3.8855688585213453,1.7552972774812499,2.689990215000662,0
429,1.9384295064037191,-0.5041966203376342,-1.2721549022843774,0.4495527388809422,0.04931783967151549,-0.8883061359597788,-1.1829951499921247,0.19247881909586595,7.617284673328652,15.671880058089284,29.455434047829883,8.747792651090098,16.698158898883353,0
430,-0.9438651908975437,-0.624282903614638,-1.3787042058209888,0.29148926118048907,0.1318453308579686,-0.8166459620131383,0.4297781042870248,0.5130939268038146,0.9644363913549705,3.7708932541111553,3.3550048127187364,1.3726524281279948,2.564365580268258,0
431,-0.6875967632392017,0.6432814700240825,0.5756389790008472,0.44739378296076127,0.00014886960759433743,-2.3245461703859593,1.1780780258545522,0.5645678470071187,8.302890212261246,18.736865372068813,31.7914995966051,9.72128228814751,18.621504783095297,0
432,1.7502610350917882,0.804606409836055,-1.4386710505717475,0.6334778318328591,0.06767186160167318,1.4477910200032786,-1.1838821180078756,-0.4236013975988715,3.9859937624622925,6.720723686868502,6.569099490542399,4.412566518028814,5.624001733764839,0
433,1.0052951031652086,0.5860415772031795,0.3591438036438719,0.24100495155701102,0.04655438869317944,2.333819818210163,-0.14589076983790905,-0.10574889951232591,3.1018207752233007,7.336200783107098,7.643559469395108,3.8110519353467756,5.80557950185233,0
434,0.209331000962798,-0.1809953262712225,0.15801469379224242,0.34586833821404633,0.124007237940328,2.0452550989914196,1.0370646235568681,0.1285924116587731,4.083325765920837,10.189257942379436,14.95312708296332,4.882321519793459,9.255945389358423,0
435,-0.23140577014201869,0.41048011758367586,1.01497077388772,0.4503857936531017,0.1049971532733392,1.24864675360624,0.4233450641214882,0.492267111458619,3.7104882182080625,7.813859228473426,14.569520066556379,4.274357695292059,8.255596023500566,0
436,-1.1654186697760065,-0.0032509059564049814,0.2648056638152616,0.001982344685618465,0.12839437632205228,0.5501225422245604,-0.8900728039243122,0.6327141451516543,3.933233415329282,8.533130880914683,15.839108500725445,4.577136889677127,8.949355528058534,0
437,0.8682278657621785,0.5165990869272741,-0.3238726144144315,0.6833620053559937,0.062104137319854334,0.3525457647279566,-1.198458471120303,0.28974622935572447,3.2810840278070503,7.814823369772505,11.854511472101775,3.8435733574521733,7.269482996649615,0
438,0.8727031685117468,0.13421873097758463,-0.010323548869151988,0.6479491789693667,0.10220590757478627,-1.109629801399885,1.101776011391966,0.4145343883906816,5.4072517570976695,11.64404928782706,21.72690529551723,6.243166195307653,12.257778521663353,0
439,1.9517557156496985,0.9425226325377367,1.2567291684302697,0.6042972329802461,0.0914144052745451,-1.639146681585379,0.10404340181701843,0.5307530447886546,4.498445078375414,9.330564034992113,18.178329829506072,5.242733974625876,10.126475080324669,0
440,0.08342863482227125,0.7364782568113155,-1.1710323024249052,0.3047522784389073,0.07589466278904859,-0.3383735206544598,-0.9393922852282726,-0.6929434119107389,0.9688385978439891,2.133961102793337,3.555162256606687,1.1470212341455142,2.112090710587755,0
441,1.3504691714219486,-0.031231481597097988,-1.353832719741817,0.013193007182119932,0.07102131029914899,-1.6781063703777814,0.49230227039813235,0.5906469250555026,2.300455581092564,4.375195507896678,8.190487148709547,2.556952294950567,4.7155367008046944,0
442,-1.0868131661715776,0.18435388976356148,-1.036666069543842,0.24286612127550963,0.133319324127215,0.22049045741155382,0.9261328683460801,-0.5495043916409861,4.930323735626643,10.538735889118025,19.35164757033829,5.686601585264248,11.014872317051312,0
443,-0.6799026270053359,-0.0580957230863659,-0.05975977441637137,0.7981183737469604,0.01716679784566951,1.7598251780079535,0.8728368946124883,0.10639726307557473,3.631464713267923,8.535622371376302,14.224927559228183,4.215521325871535,8.339156525748876,0
444,-0.623851326963385,0.03845220857659237,-0.6225968855803086,0.6392859587519517,0.07474187380654952,2.1292108943872528,0.2944592264545052,0.028638666229366727,2.1557496251545687,4.417680454963848,5.998793089390185,2.5759548455508434,4.029262435407665,0
445,0.844277415910609,0.007865928860468552,1.2135190512583414,0.14755676870947304,0.14600230256188584,1.5609527592559598,0.865760068475687,-0.03418433525785769,3.951058520731308,9.971386047121708,15.177853682955938,4.747893385751174,9.204878813817803,0
446,1.3488061973503895,-0.3864518328455897,0.7858445356925254,0.11236012671121812,0.046057787394376305,-0.27133668320133575,-0.42643267645578753,-0.22596576875163277,3.576844097438069,8.006265466972224,14.119129900390345,4.1649903524010545,8.127170874680298,0
447,1.280418979134792,-0.48664821571566486,0.7358435164637167,0.05896965528932148,0.11486086612725911,1.460116214148865,-0.23592293879404314,0.4449556463349409,3.6296110759116185,8.918781584853418,12.661362190576455,4.413670075869885,8.004293462989436,0
448,1.6605536149803966,0.6014259471090537,-0.32866046880912037,0.38737081142405155,0.11690363171787081,-1.0370270507543822,0.7293185767412964,-0.34385771487811767,5.812316037910108,12.386897483135355,23.38351126032047,6.753780745736145,13.150195508983394,0
449,1.2239623295421524,-0.8263991132985533,-1.3668081092682296,0.7981403578958579,0.13041856848520336,1.9142375173310198,1.083071874255882,-0.1233673811710243,3.97255990287313,6.379549779573361,4.362274838020713,4.207217924502382,4.835037148590399,0
450,-0.8526577812793912,-0.739950009964194,0.0036274006153935723,0.17603865638128627,0.14033262851089795,-2.4799841877861044,-0.8563278294165082,-0.5070482938331464,7.559904959804889,17.263138166191016,27.940897258524217,8.839185920141787,16.713100707370213,0
451,-1.2041731536272198,-0.5484431268405794,0.4681428151835352,0.2620096626505194,0.09225365728550598,1.951289668231456,0.24613623726168488,0.3890655825727629,1.3924042151095442,3.4558477956622,5.2474226576076,1.6244833544964123,3.1911507359634443,0
452,-0.5379868071145708,-0.6805230647545817,-0.5382478126502817,0.7714261189632865,0.09327170766797056,-1.112444402829924,-0.11780335881095083,0.6710260748619887,3.6725895121916676,8.836875915471355,13.961999137014672,4.366783087432355,8.378117678146545,0
453,0.6737742828230942,0.12130568145833642,1.155488629901523,0.5379516577734322,0.0964094596186643,-1.5511593139461595,-0.9446671607702213,0.9302842341147981,3.7886583468446755,7.56984435554895,14.193308703484412,4.413591264824488,8.10690254824586,0
454,0.3954334804014108,-0.1686331817071418,0.2670624627306526,0.04944956885737231,0.123319091085616,-1.4167723221783202,0.7309104151630728,0.06875688652722123,2.6255366806984033,5.968864097720608,9.916355705071918,3.0870543943214757,5.8619323844794256,0
455,-0.893711945372389,-0.9395801035158591,0.947500065979817,0.14116811317544534,0.007770767345981016,1.279388654129404,-0.35989626630485083,-0.22133198881670002,5.73770561218485,11.788664015764338,22.669651325277115,6.610823436764924,12.719888629644382,0
456,-1.011729650877124,0.7183569573937942,-0.6080114216804038,0.1681540558008191,0.04638745895042341,-1.484252124163015,-0.437627470067502,-0.8341275542636539,2.461660524236539,5.030347676386389,4.952756504585139,2.865756492509534,4.020005060813373,0
457,-1.3658798835221666,-0.16589423320770424,1.1384005667696293,0.04583259737782868,0.0319012060140046,2.0417283777079813,0.9360352179838121,0.3589016665918825,3.403329987936959,7.406196845172465,13.458324260032802,3.9374365303188106,7.674098980974548,0
458,-1.0381057836190482,-0.16037887788842853,-0.8663370166861049,0.10287080730016261,0.05699975917708372,0.3791080253517509,-0.3361615788844674,0.22164910093193946,2.205164150713301,5.046316238742762,8.56787721812922,2.5410867262169834,4.999915954897284,0
459,-0.8149810584827781,-0.30829894447841943,0.8720207749338287,0.7026517847150865,0.04830511222965781,0.3575790067263811,-0.5324105186585567,-0.893330716585145,3.975303623859432,8.23352711016943,14.562746199635074,4.636057424868183,8.495078822585999,0
460,0.951428725441632,-0.6579930335276993,-0.22286242875924867,0.38963639470332545,0.027670737626865886,-2.0272232466830187,-0.36476876478943054,0.9045718151006368,4.591645235919503,9.993395226392009,17.929081382289702,5.3217844634283145,10.286414999723196,0
461,0.46054235995368575,-0.23717954319419499,-1.383267537677355,0.4802186251128655,0.013838646140305888,0.21272035523763178,0.6046812198521829,-0.15282930341042733,2.0711867949958043,3.9631047002572424,6.43774284687505,2.427492288111686,3.984359531449597,0
462,-0.8023540207339024,-0.9052315323648028,-1.4256663745152096,0.344021255716417,0.13250179060544517,-1.279686106034048,0.1777332138763712,0.36861163935952357,3.2466670710138716,8.71008468901844,12.669059464042657,3.906375755067762,7.778380942729267,0
463,-1.7566805299945543,-0.6937992483932458,-0.5061696197412988,0.5360745393188564,0.06585526683421453,1.1709753410912267,0.8822348773756621,0.5167445531970858,0.8841365808323429,2.523227998534311,3.2308451850270323,1.014107034911049,2.092873632809211,0
464,1.9689888292529965,0.5087221374632993,1.0565375850223515,0.6658930867720008,0.10953986434200698,1.5090090832794525,1.0432397468817844,-0.04958524294741484,7.153939128837537,16.836928516019157,26.866793357700008,8.502861259610135,16.107584426728025,0
465,0.5531480956501742,0.02987944314554536,1.0531109615762189,0.3450876822972059,0.12295901567170993,1.4967728752856941,1.1085266432846173,-0.5021586014851624,4.976181213013972,11.772778590502949,19.790363123948147,5.863781244222783,11.548175002661798,0
466,0.8384780395436491,0.5138389952949725,1.308835478413997,0.7255219344444249,0.08602887925626725,0.3957659293198992,-0.7985010518298494,0.9499254048475423,1.425767860178099,4.413838205405404,4.890180397858865,1.7976204813350711,3.3986979871662175,0
467,-0.9799301491862926,0.4494724369025842,0.8873850144159374,0.3529724036891049,0.0316790580043587,-1.5551980789015662,0.8555904021638201,0.02151297349702963,6.244616111912051,13.94718923084337,22.801539312256192,7.395553215983936,13.637558718101877,0
468,-1.6394520718469332,0.4340389455257774,-0.7494868415849112,0.7011158006007034,0.046435767904496286,-1.4986458495492845,-0.9963397354681576,0.023062273275294976,3.165272153469928,8.708314367556175,9.790486273878338,3.9526951698325075,6.894491355454583,0
469,-0.1970496487268507,0.5026242892062858,-0.10619223842089087,0.27505277513949683,0.03924823734494161,-1.1092662726501445,1.0268349643867534,-0.6698427958243753,6.909156399704872,14.638148849689196,26.668297577395528,7.986863943122064,15.263367242349085,0
470,1.9527056982286006,-0.3461610896155505,-1.2348292937475076,0.198952304630292,0.008762156933192804,1.4501488458195793,0.03012699009865316,-0.32602676226639815,4.073669045093254,6.189919621872355,5.492343231207396,4.377216048510368,5.164501174302938,0
471,0.6481984185262499,0.26129305190064045,1.319616267682771,0.7690084133987037,0.10210256634981078,1.589079636220843,0.7018202408044285,-0.017392934600200416,4.362685848167758,11.214275226146341,16.91185169650438,5.228453855585859,10.26948921680413,0
472,0.8178331521336677,-0.8434819846328596,0.7740632494509208,0.7694664057538941,0.012746212968860764,1.6805789229592722,1.039152063958251,-0.5476222203958758,1.744230134366309,4.406043888775174,3.404360705795598,2.1798524414510574,3.0843756628262295,0
473,0.09924475043681502,0.8557164509259769,1.3806780135689039,0.10230590748185309,0.052350633833317596,0.990723205754283,-0.6682596014737673,-0.3504587427310384,0.9105971397635342,2.5798317039371947,3.196422170006283,1.080818424452265,2.1141371465573298,0
474,-1.906835759981227,-0.6929566381376022,0.18698848325323159,0.5224720530433462,0.09733677466437554,1.3918023538910833,-0.20332460702690047,-0.453018567517689,3.990026319720306,8.788897513235169,15.569263254377166,4.672853403864952,8.971741466586286,0
475,-1.9376771998299,-0.5867403478952262,-0.5628365633938882,0.14256548518437243,0.0030216707244903386,-1.7127619566740422,0.39863892856217364,0.2591708329451916,3.1634308306355767,5.237801885780116,3.283935591606342,3.323106073774986,3.837861099784109,0
476,1.7427345575921698,0.5963365827946185,0.20326835052357373,0.11004507799456907,0.08461077283877354,-2.192024695429096,-0.16587624621395336,-0.21948274210560914,1.9763566009331166,4.072324009369802,7.36755350085509,2.258480027900223,4.250718236137424,0
477,-0.28874476254823334,-0.4403481632104256,0.5574913428714714,0.6727555738390236,0.11527754888984662,0.6387604789544015,0.09202751839923184,-0.9378316399839393,1.7039374451186697,3.406094409409685,6.046605407048119,1.9940906004280667,3.5464002385157487,0
478,0.8917359947676848,0.08996587915699483,-0.6877768480083394,0.2622736310827533,0.1403410179704612,0.6218112255861352,-0.057810156821932024,0.2418434794168154,2.0788517383036487,3.02825871336859,0.24945892354660093,2.1208900386004848,1.8190598164257004,0
479,-0.345030700057372,-0.0596354535939676,-0.6290722298769889,0.35188264047331563,0.10283883486568657,-2.3002903745676537,0.7080657775107715,-0.43404091827737434,3.3554498965946657,8.027486818550749,11.364458086323772,4.109376997608887,7.235156140201645,0
480,0.7302391737299989,0.28545062936012,0.45788414742391614,0.4865031330046423,0.14386527571043023,0.041720813476954,0.5575658772368435,0.4108986624691553,3.7886175560959794,7.888919561111214,15.085068284803812,4.3467029146640295,8.463451912069704,0
481,-1.0549296908866785,-0.43338832162634877,-0.22794870552909652,0.2221583443705674,0.055011464839493956,-0.5451969303584703,0.2492749462520254,-0.5602199145298767,1.7083604423583345,3.411172643848768,3.262308028982522,1.9769792702262772,2.712250261579515,0
482,1.2171674635067493,-0.1249272864569908,0.6187323350497405,0.0651539849926543,0.07049480911865504,-2.3589023391133583,0.4221839803573555,-0.31257984600586086,1.9815241034213888,3.802458750869449,5.136596945422905,2.2860945750052615,3.5047833974146485,0
483,1.7970112564233145,-0.35175157079716124,0.19141769405318065,0.20591006055569175,0.09301689434210104,-0.16478824933382707,-0.3104921723864811,-0.5926213018396402,2.9789529356732114,7.635882529226901,11.519652368956146,3.6223865905319714,7.002585009210075,0
484,-1.5539146241141788,-0.7602417320866535,1.4971200525166592,0.3298485814857878,0.00028945618100091884,2.2646439531300713,-1.1520481818484496,-0.16282774889093266,8.521850082671254,17.511293870953356,33.37964665152336,9.810588611059215,18.804896042650313,0
485,0.8699103438826237,0.8291984887435233,0.6386588742963033,0.37090060392000945,0.1461663058476155,-2.303403084833648,1.1685412860912192,0.6987831034168779,8.946395968949222,18.937000756110542,34.63094173872808,10.36232776299255,19.790534315435607,0
486,1.7157200685054366,-0.4904551518049267,-1.0726257831471906,0.5306522234981601,0.077378915697918,0.11583980372189728,1.019086028359722,0.24016181330652442,3.212452925948174,6.148166818551171,9.243508189175202,3.8113632547386924,5.962374705576233,0
487,-0.7557446595816404,-0.19986688716424794,-1.0995124947244461,0.15385123222055147,0.021502510531430773,1.551456706056772,0.4916963231330851,0.060690035221703686,1.9303505518132489,3.4791324366124092,5.071375297436555,2.193261567730856,3.3635836425317494,0
488,-0.502528665489717,0.33698858064870096,0.938716043087283,0.7049865725373672,0.08205243423095003,1.5994256090985042,0.027134288190468148,-0.050939821624218284,1.539336856734134,4.397764049744265,6.433698037290558,1.8701650917882848,3.898256192309516,0
489,1.461727422488401,-0.22725212747067203,-0.3122619628778933,0.24392907622793292,0.0778052592441925,0.22425016844730372,0.38510674874509676,-0.13899537978085896,1.8194872874706585,3.177813065167022,2.630728150963284,2.011827031555752,2.4895912542358647,0
490,-1.1286508324656026,0.7336841248277517,-0.4619973982859569,0.7383547358721398,0.031102999953968362,0.3002873811811524,0.08787622447068544,0.6572956958539906,3.6787755390887997,7.322914371105982,14.38440296957215,4.271742339672105,8.04300209789729,0
491,-1.444594452996681,0.8198743458349227,0.0942845165162105,0.46888750713149313,0.07652494399466506,-2.3198754658186678,-0.006982411664164578,-0.4729006746460189,4.831211099458099,11.302476780808767,14.259150638631642,5.781526377442316,9.696004193413785,0
492,-0.6292472784886742,0.2982031983742799,-0.006908611577682189,0.07457457013396836,0.010956191214263838,-1.5717115219131483,-0.7418756482266632,0.21660151394272975,2.4810908286073494,6.097197773597826,7.731904476030412,3.0776810694712324,5.2008260304178,0
493,-1.2887421438178288,0.7634388465495412,-0.8707180181597606,0.0729051563411061,0.13136190245394702,-1.0233621196163352,-0.17898568839903417,0.9180527680248847,2.592243095218344,7.440933513715171,10.163557388414063,3.2993545214958817,6.388955651353861,0
494,1.7774768766310953,0.4298337785298356,-1.2931831448023359,0.474672100329118,0.14836169025633866,2.234581142119902,-0.9455940179521372,-0.2080653938192627,4.819665162527878,8.564984203078254,8.688736636657623,5.481431095964591,7.170158910275585,0
495,-0.7378530163886428,-0.7405437861901889,0.5843949337462826,0.2190786914881894,0.05172987046879467,-2.0482056164929103,-0.004877858931202628,-0.683664272695887,4.386276708452036,9.501258051591517,13.110269313416616,5.14621287105784,8.613962509143835,0
496,-0.2716383056820435,-0.713315555793397,1.3615496698504375,0.11598602655771409,0.07828307307759498,-1.5151008734050624,-1.0167316716657377,-0.5953827623158037,8.062214430837667,16.786461785613522,29.959833111273596,9.31802154920852,17.37435495323829,0
497,-1.7809035704382556,-0.7212052337580224,-0.019547526710349095,0.5214524168460594,0.013100972260767518,-0.29490688047865765,0.19499285484804463,-0.531548647577877,2.9282081105681432,6.568471564760423,9.190777789119743,3.4837795192879355,5.954615191263286,0
498,-0.5116863539358985,-0.8563302605327827,-0.8396067593007153,0.37340234073515205,0.14856632683879833,2.481325314695667,1.151092034698291,-0.15382722739934485,2.558109900113436,4.668656040951143,5.006691841330024,2.918669163883494,3.9619042511067306,0
499,-1.67727848634134,-0.35285312550133296,-0.7868568738870682,0.011301259927883667,0.01428504154325631,-0.23404032475466963,-0.3848100868696872,-0.6392925567310339,3.4817476751374103,8.355336232849478,12.870392930973,4.116109333802178,7.823853985068184,0
500,0.8643998826349883,-0.28576880820676287,1.0556035672396331,0.19278172821049389,0.0807590235129937,-1.5793039142540877,-0.011278520673979164,-0.6950669820432276,2.08133392540268,3.3628502432713443,5.076969767382787,2.3494254005049817,3.3912887208675415,0
501,-1.3536855025139123,0.22444675408403136,-0.7086418734726998,0.13789378125139784,0.13946523752026097,-2.2849837462997447,0.1563554704701291,0.09652768366653053,3.159886713035494,6.928515274330476,6.6160931628761634,3.699910045530818,5.3813395496257215,0
502,-0.9975645023877608,-0.09445650977436437,-1.2367866507520935,0.5770161167391085,0.03325457225652348,-1.5330732008672205,-0.4442916521339927,0.804739840526284,2.498801523280583,6.828599182650249,9.45854012975462,3.201330279912591,5.955915278696895,0
503,1.1858665931341705,0.8937845822675152,0.45588703809925635,0.5303372088256701,0.07200464991393254,2.0259316168348773,0.026105158248789673,-0.2898798584099507,4.44328154236897,11.48057449418042,16.15962791840445,5.521099664580434,10.177155152944195,0
504,0.5615000396706606,0.09227898680192692,-1.1279405540703136,0.31418033112994365,0.046998811664172,1.7341688750556585,-0.290777863264539,0.6431104652777853,3.3297252202143004,4.589000899403536,3.476412500752668,3.5448617973220875,3.7730277658433597,0
505,-0.23044162439621774,0.50700112689122,-1.0941542144664302,0.73972017572677,0.07208398361983774,-1.201008771868468,-0.6204249447244635,-0.46984542285005615,0.9927131563451905,3.140575512257484,2.001557535419778,1.2727555023007309,1.967729411436809,0
506,-0.5331033083281294,0.4350390653512335,1.3488091287023805,0.5352299440989058,0.08207494064161511,-0.2570109599143269,0.7876667208902794,0.6993144048921398,5.554052367197098,10.960106186954956,21.320690241210784,6.416718653533676,11.99212650396222,0
507,-0.8278493022687257,0.9068404973068602,-0.31465391038085366,0.6400624553532223,0.145022981712335,1.0182905042780561,-0.812278256517135,0.17227391034786166,0.7095873805027765,1.774591800395069,1.5403260274789217,0.8389239837058601,1.291243960883616,0
508,-1.5248915076176863,0.5782840797378526,-0.6560544783783512,0.5561718584480149,0.13651345111952984,-1.594950746649138,-0.2571411873571998,0.29423757614713253,2.5460594214423535,6.534575760281898,5.635188938100058,3.027905467077665,4.717537782655059,0
509,-0.3213656287619955,-0.6503621167505695,-1.412785157493609,0.32527851496157034,0.09738135398728805,0.3699210407624429,-0.8250210245744583,-0.09861311226522673,6.510561577543057,13.259250340313608,25.81232408050651,7.538954965554112,14.428536296064365,0
510,-0.5221158152749887,-0.45159519541320026,0.6878137315811674,0.24772162402174747,0.08102129284995438,2.1161176763480825,0.0942623574085979,0.23404582032112153,1.7901254117168701,4.535921393326779,6.075615005535731,2.1761526308221697,3.9381138062560304,0
511,-1.7070160553297944,-0.6437317125165274,-1.1971464021056595,0.6118503586846722,0.12538816213752635,-1.5677235340271118,-0.6737477977845815,-0.35358542101443424,6.096519814170955,14.886661387854401,22.817603220436137,7.319492106621242,13.872184537400573,0
512,0.3643104678153417,0.24359238760003898,0.5602618756243727,0.7241542049707701,0.04425602107448072,0.7937949460338785,0.14333482986646118,-0.3883255191748658,1.6931199589319061,5.192580257914482,6.8070572788098085,2.1085182015088484,4.318679068847744,0
513,1.6296607463746935,-0.809033176081565,0.6360030804961543,0.5822989704180815,0.13729897915349423,0.09290296175676804,-0.42810638827380976,0.655481339720041,5.493827685982454,12.960296437445605,21.53549487709942,6.4253974801567075,12.639425448173913,0
514,1.0832411273295706,0.0006312288389407339,0.8035721269014333,0.21430048166180865,0.08842594956052018,1.8259172739393774,-0.43683718892036993,-0.032900035138513584,2.524883321301471,6.489071606536522,7.563367874361833,3.235204527798346,5.296717293439783,0
515,1.8041794166915577,0.5964236839434733,1.161117060991658,0.3081976487123571,0.14947578894518382,-1.7371719765809353,0.04504939971914146,-0.04145323540750123,2.9123040635821162,6.018423847807532,11.448892621833968,3.3989744588643904,6.453783605853524,0
516,1.193728763200538,0.8172355450300239,0.6934181307241793,0.5014529889042423,0.06411437862727555,0.05162958537867102,0.022320751739572486,-0.9592630526312447,3.6531605797409155,8.885629258057453,14.71707748083878,4.258126237856354,8.602572819376778,0
517,0.012183219310710758,0.7119416003482497,0.6278220334267446,0.6365668977000039,0.05857274846527814,0.1448661845647905,-1.119639434406959,-0.23400411566131285,1.828519531525479,4.062666890167732,7.159060402413216,2.18549915180811,4.133623962412739,0
518,-0.10233582042942402,-0.4895822008018367,-1.4062770630280506,0.5523264870231617,0.06526316262732648,-0.4216090344388288,-0.6000317903315786,0.0756607979960342,4.839222443929723,9.571435017124958,19.13190883537135,5.611211624031038,10.623891051330913,0
519,-0.24789287491707412,-0.05203105394181806,0.24261404530914588,0.005059717791788288,0.13615438553076337,-2.144563015274594,-0.11778060644161314,-0.5852542495212372,2.824344642401505,4.015953876301649,3.1254319761474556,2.964836563065492,3.286202804761732,0
520,0.09512947747950129,-0.43953978240572433,1.0800194941878116,0.3170878671699362,0.0958133333652656,-1.2556013592606052,-1.153425238814358,-0.19169092877344784,7.260476060355378,14.639743666356516,27.650909275369866,8.341479144380651,15.699486615062593,0
521,0.1459459582331606,-0.08090569747649945,1.38604309145658,0.5654713390768227,0.14935047009380928,-1.0246995484301402,0.6937278710571517,0.11111693509322773,3.137086644668621,7.0249463683168605,10.762282444537718,3.6000711093071427,6.6373017481876735,0
522,0.44704141779399764,0.9717064008846554,0.461961599253351,0.7190535138695343,0.10886253520788705,-1.8630693913762497,0.47861690477355,-0.031368822629036064,6.496831906206442,14.07571395949025,25.460523655488835,7.499088259289012,14.559829682284558,0
523,1.6751919719293697,0.6136688943809103,-1.1875959371783242,0.10713251492284677,0.010441650269790836,-0.033775626276912885,-1.0061477779023527,0.4473566731493881,2.9368593169853145,5.082642889525177,6.824352463743862,3.348402392355956,4.787996640311902,0
524,0.20943432580173083,0.6717700351062847,-0.6606126339860512,0.4153126273289126,0.017621952886581655,1.9230500132514026,-0.7799880905043881,-0.79527549729919,2.2189553691835613,3.4861693628985546,1.8735347226372134,2.3206011134771956,2.5056579477635186,0
525,-1.1797976059072668,0.6124629774459629,-1.1825564169459515,0.49154199587053277,0.11192719509226885,1.2554058024143555,-0.7438538721404853,-0.876752003244776,0.7573547260790278,1.9296597784818585,2.3616917587747928,0.9330111008027276,1.6079129890809765,0
526,-0.2047744649111296,-0.5950293095109078,0.5978124270418141,0.2853542397243368,0.06740309115496981,-1.932575334491441,0.16212068771566024,-0.6289516207361854,3.071980870354591,5.682253019005507,7.577454532559441,3.590326847642316,5.258539211340094,0
527,0.7159426436597482,-0.8576623549042126,1.42768377684397,0.5476215828686494,0.027259435171788925,-2.4295267726907213,-0.397289058707475,-0.6943734718955852,6.149548258697661,12.745223383063419,21.901581650873638,6.996455756589456,12.938551563449359,0
528,-1.1263546675218161,0.7455005168757789,0.3096139801525486,0.1411661224231196,0.08349891010311732,-1.2210967328750337,1.1428820744594141,-0.9344855394726095,8.701639041283922,18.95771066174388,33.12688435128768,10.065904022976587,19.2424606185923,0
529,0.9292736886712603,0.5459940523828546,-1.2985117081268993,0.13749549138508127,0.05764599886559363,1.8407741326453388,0.08879985220439846,0.310613700014581,4.245236455851708,8.39724520589668,10.994637641221551,4.96817465849966,7.587953256740948,0
530,1.1320513418273705,0.6562455766750399,-0.0711463707489568,0.4070345110187851,0.10770087856316692,-1.1832882063218682,0.8507753672772587,-0.9584263510483169,6.723446108663345,13.498923208882264,26.35671507660105,7.757256244736632,14.74945094271766,0
531,-1.2169135911611013,0.6003998860730064,-0.47922536432198326,0.11986626615384477,0.028013213356710497,0.15378200968034772,0.8308356704279707,-0.8586985684577788,6.369606521076007,13.6510690874605,24.940632430815654,7.361131763942126,14.224505588199861,0
532,-1.8780763635014024,-0.06966372832631373,1.3685622451609039,0.22320784273130112,0.14387558086005725,1.9384058829500068,-0.5204758166699733,0.6338961285122935,2.6745641808501928,5.471887876564643,10.369872572414,3.090465435062907,5.863943932454942,0
533,0.7434692102752751,0.02364477780951435,-0.23125157087137582,0.6524022047403655,0.11896191490425317,1.2846816797127958,1.1958142829167102,-0.042975078117232224,5.692195101884225,12.46817213402873,21.33455687546752,6.687433327930539,12.517220566207197,0
534,1.2276919112796634,0.7249567339669569,-0.8651922556389482,0.03365315364244879,0.06071226032828694,1.7836834221838798,-0.5061521251331754,0.4000203081348481,3.7579615852642734,5.014744073586757,3.835891638661434,3.941511451737584,4.176730334427497,0
535,-1.9706074437429493,-0.28927113535952453,0.34655008427445355,0.10380575205786952,0.13449103682211508,-1.7186301144146037,0.983504508009587,-0.5672213826340506,4.57696546058879,9.928184444968156,12.159246553597189,5.460523240506746,8.545371261796914,0
536,1.9771146956633632,0.20949742659118176,-1.246965316685066,0.052221787582927885,0.011238254438920315,0.4494637364547591,0.7429900855857245,-0.19407451645898854,4.909126132422268,10.770600898022721,16.62467802378329,5.796721467118417,10.270993662980326,0
537,-0.22065696287255276,0.17857540732925603,0.09912181435906708,0.5504493864810162,0.07076785802445398,1.0693034253203377,1.193545782111922,-0.29940431550247015,6.124317452623752,13.259256472416983,23.832214615489175,7.0893933876364565,13.673675900922618,0
538,-1.9511381483385968,-0.7487499088966905,0.16054255496086145,0.27540622971572165,0.14099738905574888,0.6372304505369146,0.04885244631712293,0.5960790025440375,3.122637638065561,7.5111489914312175,12.477131204544827,3.6981074365908584,7.303086093871567,0
539,-0.9656405158036194,0.6394770805647194,-1.4908166854077212,0.49574188970857413,0.14021357265686685,1.4392997601693502,0.8487220611536623,-0.206090609656999,6.6154431251272,13.409965121317432,26.027292553435952,7.638145630209543,14.57962480298513,0
540,1.296955784400505,0.10166333006053319,0.3556207095095967,0.04713227146864281,0.03023275457615882,0.25482207756776276,-1.0588774612236056,0.48289361317542645,4.381552621561234,9.95821671798414,16.709058591005494,5.11332857168937,9.825981236334195,0
541,1.3602280340876063,0.8407247225896097,-1.1946946224605823,0.7517761984182401,0.010143001144394247,-0.12971892036092347,0.8166024495067481,-0.8593777228710893,7.471576876760725,14.928388350844978,28.929043559488473,8.623965269377237,16.261099163065975,0
542,-1.9270757080440655,-0.9501045625866986,0.03381071830810067,0.6492773956773304,0.019114000660889946,-1.8769487296022969,0.16451245211949983,-0.5314087983761526,4.860416181002536,10.766600531497511,13.73114280265993,5.803172867594657,9.387765141307456,0
543,0.9208549405794955,0.8992707763534997,0.7981002198012392,0.7017402931031332,0.07793790863575055,1.6615965210876666,-0.7610323584319623,-0.8633042192087452,1.6725404307263618,4.189190961267717,2.5264073338568602,2.003772660943384,2.7168188838496206,0
544,0.6238124404987437,-0.8960949924838881,1.1774442574190416,0.5532433176859349,0.1428301088113368,-0.9305667184338218,-0.033220057916109935,0.48338073009023796,4.164569520499541,8.294501180080703,16.118154304925866,4.770037407519448,9.050171242403778,0
545,-1.0288840581567178,0.08369764022333381,0.47840182501643413,0.7830469235576331,0.11170549413635772,-1.90934574860463,-0.0591997166800553,0.17754156597914417,3.165365855869302,4.217652820953339,0.6039581195840853,3.222744520082203,2.7183674909302384,0
546,-1.413507428542589,-0.13606788603784326,-0.647982550992531,0.09506203380962078,0.07680629001951818,-1.671834594938273,0.21728978060573612,-0.6606061355162691,2.953007900347702,3.9484910544045846,1.5247778623441377,2.9839374683451005,2.8262767919634375,0
547,0.8943796944112843,-0.6095167539406592,1.1888553023284487,0.02096748523904708,0.07829960805686038,-0.8994761705672656,-0.6598163381409821,-0.05679444166970393,5.676673231490631,11.241189375129775,22.476380930062682,6.529593390304328,12.47123240003536,0
548,1.368078145297043,0.8305544110532974,-0.5902541455564627,0.123394897676057,0.10802106713494608,0.4099936272799414,-0.7175612431738563,0.5205915761748732,2.38759208020559,3.177902461928104,2.1550408912060277,2.477458927866427,2.5639065227885594,0
549,0.07572174096856443,0.3067903990148151,-0.4219828981098339,0.3512780490419008,0.02705131475624133,1.2825793382267046,-0.8231728220356995,0.5566051895021227,2.8373238515276116,6.0622411571473505,9.039157823911918,3.302150920906492,5.711831941866713,0
550,1.1920314195383441,0.4932019281102433,-1.4417316358237788,0.21850657008533886,0.07025066141877205,0.4777218935839791,1.0061330384857203,-0.24878805574259544,6.904173128717613,15.040337950941424,26.293553428762166,8.06830484320107,15.278249836846468,0
551,1.5000932750958165,-0.6731414237263269,-0.386158537474119,0.0418256086570584,0.11137339365834333,-1.7467362128354353,-0.5831519624437013,0.5504665043864296,5.571663353652216,11.024170938207881,21.83646784530783,6.414820202425606,12.171172661392939,0
552,0.13886686969083994,-0.9720545611630749,-1.4932943857578085,0.40852850539191765,0.04574332706237922,-1.5984427700241144,0.27262545051866627,-0.5431270565651458,3.171134380444934,7.235165666281676,12.152200015433758,3.697783220682742,7.137328340716385,0
553,0.3688285987397917,-0.24146809882745424,-0.9397613469906309,0.11048379029499894,0.03552909046909321,-2.3508394599350746,-0.46049529111295573,0.8039093803635884,3.0910584342516088,8.17589363654538,12.226773746808375,3.751639576116013,7.42328170289321,0
554,1.325448503532113,-0.2559924865606822,0.22750085574541146,0.45388844721124677,0.12431063087905683,-1.318549492415172,-0.4886700268967703,-0.396429132508777,3.3765236552295352,6.659598121458722,12.885221957105655,3.8799954861388053,7.264402668752053,0
555,-1.8365200409133027,-0.37062427342161564,1.133741329764021,0.7295901180571849,0.016445301865282556,-0.2097072919078431,-0.28476263618966613,-0.021281606753224214,3.6723245401285145,7.456095108304641,11.431589758241538,4.423990210803313,7.21040184308274,0
556,0.21887809623470877,-0.9594824799645079,1.0267267437634824,0.7789312585386708,0.09801072180054635,0.8022611924668461,0.06715165879370022,-0.3314531765712365,3.9281549504921363,8.010736510465966,15.553699024062851,4.577732950361243,8.705550440542412,0
557,-1.4040887032819156,0.1681266853921013,-1.3651757894723788,0.6596020541534992,0.06313675492059231,-0.4262288791901261,-0.4147899396578262,0.9387077773971728,1.227043283843123,4.572997440579628,4.302493783054011,1.6508307945622056,3.195843431699249,0
558,-1.3003321889171247,-0.6973843570495777,-1.0034054953649094,0.5268219862806113,0.14878429780943975,-1.3226241479912266,0.9734817529619708,-0.4427668815836552,2.1551491647107452,5.5397627545726165,4.679665746082995,2.628572575236855,3.9752305571335924,0
559,0.5915996805012007,-0.9190020961332646,-0.013038076271433052,0.5236559730231855,0.08044796658339429,-1.3108230755910444,0.7883926758429973,0.9402730224764806,0.6981168074080492,2.3880599180226665,2.368816729053754,0.9127589989906258,1.7277739362444036,0
560,-0.16321561723173872,0.27183853037850736,0.8712398050367178,0.1931912484974352,0.1296675572893178,-1.0989954734500125,0.661993928436573,-0.7758015351471559,4.5870490139302555,9.372810337325504,16.43099683038552,5.286252694503109,9.645882123942695,0
561,-0.8464531863433211,0.06723986787973546,0.0747662871129453,0.680344947589093,0.14941908864579106,-1.9639457706992969,-0.5486684812199111,-0.2848035795538484,3.192481083990702,7.60296279338109,8.43685968415381,3.8744316003131885,6.157134228488999,0
562,-0.08432636875997979,-0.012180513691201877,1.0685851894452498,0.6164474422280799,0.002827736855692997,-0.22489119708406058,0.2833772117858131,-0.07920882581395317,1.6666038746638716,3.2754044758696588,4.741073136290544,1.8667305454870564,3.0915975005959284,0
563,-1.4774189758971907,-0.20505183261870363,-0.2650329146107917,0.150172737959807,0.11344606717064301,-0.8929965992876161,0.2135694973646789,0.031460361917535096,2.179751247648383,2.5833382284798954,0.0480175718881104,2.1870893070478257,1.6620410451096994,0
564,1.509708316865555,-0.7559701362743236,-1.1572109752396196,0.24025573529841263,0.06468224521887525,-1.0072887562393023,0.6316489977485851,-0.5094683137814007,1.1063597299927383,2.051966487086996,2.1655662244200418,1.2386411599404221,1.721031848443975,0
565,-1.660901028911021,-0.1724003802317049,0.820137864415452,0.6804495548693931,0.11000172725450262,0.28943339249872047,0.5380600841980241,0.36277907060772274,2.2684729625236058,5.063743270211194,6.227849245831817,2.6940867679346128,4.337428320363446,0
566,-1.0625334700197566,0.10151778440638748,0.8118279979152963,0.25369652950011057,0.09809597200753971,-0.09259786240600754,0.007581242268047905,-0.8198899244356805,2.0663773700399446,2.953084042738682,2.0760955537262347,2.204024814979563,2.3490695714494145,0
567,0.6648686612215191,0.7313740707090401,-1.0757061359224116,0.2928845297731595,0.007300118226125252,-2.3518405701180445,1.1751803920121848,-0.013056983387230714,8.441708356789077,18.567945101025707,33.27022433448158,9.790631897574476,19.063026527446354,0
568,-0.5779239254590145,-0.45024584674996215,1.4400379348348773,0.20180062841734694,0.10885625936066148,-1.081209520970331,-1.030825187143394,0.3665532290358826,6.80130063306187,14.780304140793227,26.01515569736534,7.9365474668748845,15.072682888053619,0
569,-1.9934766094805405,0.35149702312113895,-0.7488702030305306,0.596883385657201,0.1154625251025974,1.1205361940876895,-1.141239740477735,0.40747323928753687,3.54906445040388,8.14140118113835,13.484179783176987,4.092948272169593,7.961688451632725,0
570,1.9605824562230527,-0.5147492629487542,-0.6772842833239844,0.6508212396644316,0.024059520758412084,0.802918377522758,0.6120633060013883,-0.9256786763612856,2.7906105386723756,4.236195219237109,1.7098863821794523,2.883047754296531,2.9093124174563343,0
571,0.21504837706090463,0.1517545170717658,-0.5896713078246174,0.7010757355180138,0.024412457894978454,-0.6790264524706973,0.8368048491535902,-0.618714486788015,4.4084112829803095,9.81991029916402,17.25038078921479,5.113086222128955,9.954919333620632,0
572,1.2854965453107,-0.8418616452640886,-0.032312798430029765,0.06026452995656273,0.10168553775922713,1.453007445278001,0.8396605157923267,0.9625245014879775,3.2118900252329454,3.946263309136879,0.2769798090894291,3.2318613998542998,2.5537260830232063,0
573,0.6880628891983473,0.5381238276800406,0.017274834963988184,0.730189520944901,0.09656375732991938,1.9177570312567171,-0.634915159166686,-0.006524438563871415,2.5917226919520067,4.261733008155999,1.7551361461076689,2.7010550217114626,2.8526830560358487,0
574,0.9192756842552159,-0.5945564908746335,-0.8659806202140652,0.78243419232451,0.0651915541105809,-1.5909227353811417,-0.4044866832443855,-0.2052477034681488,4.249009876397189,9.452261133979581,17.551133533530994,4.988141101739753,9.874535473346304,0
575,0.4923410298808846,0.846029318095505,1.4597702277662732,0.52135900712889,0.1049883541196587,-0.8908541515170549,0.8571806290769979,-0.5644033295593702,7.682498027993882,14.972673190006958,29.871704720549836,8.773567078805613,16.635419489445763,0
576,-1.5744774027561297,0.9465119801953017,1.0924160304615969,0.2429161076305067,0.10127560745715737,-0.16490821293400248,-0.4244923052508699,-0.4264515784794103,3.2549235813805586,6.631429458332889,9.245721268222717,3.7590425946309383,6.115526551843943,0
577,-1.455890219116374,0.09863616455167845,-0.1602099296474766,0.40974913623995546,0.03230357512191067,2.1930533538662385,0.3326188711932996,0.7992013147666737,2.22594179865081,4.24014320447861,7.497672689590999,2.5737925189385185,4.446506559709977,0
578,-1.5629153358689782,0.24570193171234966,1.0483854559324834,0.2647366238515733,0.029271475370397957,-1.1748934709719017,-0.5449590558004824,-0.10560207015292966,3.4799890337600266,5.287556941720853,5.245894192946623,3.8063250938858078,4.58466455991683,0
579,-0.6961455888826737,-0.4574518545840174,0.44553689521541373,0.04242589733750757,0.05105456672095949,0.9487598297023743,-0.7779606017255858,-0.5581442755741752,5.476799513887759,11.036114142187445,21.50631534506375,6.306742921604868,12.036442992502172,0
580,-1.1973334983483301,-0.9981477865371902,-0.07869674450528175,0.03116703153289855,0.04094097176623502,2.474017122959858,1.0041509073367194,-0.5698483836873316,1.0748127688847955,1.3578015538370418,0.019497348024402505,1.0907199679141966,0.8447054980152915,0
581,-0.7599902723442691,-0.07259083546289702,1.0332406399777305,0.6421167531144729,0.018936215484942325,-1.8777557582582394,-0.19984259065429288,0.7401907792275442,2.992156727221106,5.2464070237764675,4.765914293556449,3.284660202961718,4.229809433662378,0
582,1.5283399963820092,-0.7852683006269396,0.22289186389665483,0.12454015770009033,0.10291939650041741,2.0821662396445326,-0.10855369805857529,-0.833834450615897,4.392479911572494,11.484014365847573,15.662301967123042,5.5081233930518865,10.012451212668122,0
583,0.3170167835781821,-0.18296665972829063,0.9326962570018806,0.2722755711411102,0.13123458007088837,-1.1314979618260756,-0.8219576738671537,-0.3870392453628402,4.703133478352498,9.40988686663511,17.49621802601256,5.429711036854202,10.025742614985472,0
584,-1.860336832709014,-0.4375080662515174,0.4803529016460921,0.11382638284527387,0.016704745917988196,-1.838073543728248,-1.0138759817724807,0.7492708236858792,6.871965243584992,16.396092545385937,25.320455758299076,8.272287113268362,15.403782775507835,0
585,1.7764604619861126,-0.9068776965424274,0.780215344630621,0.5897213973737582,0.14953641369150605,-0.7606466913946592,-0.5147784199430011,-0.09383575838034552,6.235670431199943,13.685808220482865,24.497686021322252,7.224238448094448,14.048173246710963,0
586,1.426300708596762,0.45718728507579764,-0.08512855809749187,0.19565027462869855,0.10905236119025566,1.7726343402109803,-0.24011704543802193,0.33717089164196845,3.3957893427981367,5.366629063047891,3.753746705659849,3.573696008927045,4.112219134344468,0
587,-0.3991519152936074,-0.043013123717030366,0.074731139864741,0.6205806512178224,0.14662589761933967,-0.2781691868088383,-0.37844398500574583,-0.2528179870552174,2.0294231391313757,3.9526023353232804,7.505276676307002,2.321432336631411,4.2783338788916385,0
588,-1.4644437224992735,-0.40612252436455454,-1.2406577601935813,0.34231541054339776,0.02510359039665733,-0.7679662701279566,0.7045865985398552,-0.508144698821728,1.69496395635283,4.916607118683026,5.232610690951803,2.215526583888717,3.7748071881851692,0
589,0.4475784853682758,0.8023628384972257,0.2007875610886405,0.15503409021793013,0.05171492909489315,0.45184603592033046,0.01586673542364836,-0.7027603274461924,3.630490396829338,7.83425145694449,14.225282061983817,4.2219732051393075,8.129204495241225,0
590,-0.2128146212377242,0.08613338982049679,-0.6980018566272826,0.4899564122718816,0.010524014922781476,-0.8169648321724159,0.7302643986661785,-0.48143039818368916,3.63645187112474,8.631052588915367,14.261051907721665,4.270967759608617,8.385663686289393,0
591,0.42070740001231277,-0.17994057257937612,-0.5506195727542597,0.7329053503280215,0.05148925771205753,-1.3166204925649083,0.9823231575366493,0.49188871187162975,3.6055142579990136,7.239102967956898,14.039471640682951,4.185096009724368,7.8837362609640955,0
592,0.7271988547927895,-0.9009301158662484,-1.1063851178526725,0.5106719710477303,0.03141492547893903,-1.3718100718482047,0.6699324368246655,-0.4281501023261147,1.1161670797417351,2.5361174200249326,4.079670455566727,1.3241928998114647,2.4520057765811645,0
593,-1.713650791392336,-0.9271361053802778,-0.17046603826413653,0.49370286214771686,0.13033278500877044,-1.9459780248368035,-0.7279852169080889,0.05960122181494221,7.669993768652064,18.576225749085495,29.115521588501487,9.10678980171675,17.519201312043386,0
594,-0.5435665510320997,-0.03492509750901074,1.272373946952646,0.4359133230917498,0.06226809159181139,2.4471995334987238,-1.0434823922411127,0.8642268967423439,4.810490775453664,11.840561698459647,18.922615279162983,5.671176814761063,11.239218007398993,0
595,0.0066473682619321295,0.0075126755342762586,1.2658930026096278,0.4058591836744556,0.06576106357952231,-1.137557039414005,0.38116024036180995,0.13929018195952314,2.465209753483853,4.907874359092399,6.7290129289137965,2.8268698326626187,4.513316095713276,0
596,-1.1426182522088677,0.4188258301226495,0.4322605720099215,0.31786710736523266,0.0006601382855325854,-0.26709424911906154,-1.185460518887396,-0.8500030214019203,3.8653376457566964,8.36398169063383,13.381729221442882,4.411919007818655,8.124506468131887,0
597,-0.27756039007666367,-0.8361602316293446,-0.6730036986385013,0.5243930948471748,0.046292301391412854,2.488242970607552,0.9991248813959548,0.17061980917104735,2.724240171048986,4.0970532460285005,2.723610571745641,2.884112148914244,3.151882411538363,0
598,1.8677885545397217,0.7360345888650441,-0.5433044434785389,0.5996769967882475,0.020524767600592103,0.9227571218937052,-0.02140361641300692,-0.9663481214943506,3.6319142753528935,8.944704446438635,12.45135018075473,4.477366164591033,7.956127287222981,0
599,-0.903080710438517,0.9107644348084971,-0.5525055447345579,0.14516356424115254,0.02812971698583125,-0.103933676790255,0.8223581776092839,0.516003530266693,7.650442594281335,16.276218710869927,30.258045512887502,8.845061412668493,17.13991818667848,0
600,-0.25259196984890275,-0.5825462331260789,-1.3618052996934267,0.37010425558618487,0.12221630227772874,1.1484099679715687,-0.21935815769459932,0.18940534383520058,3.9446527620178427,8.248630583051225,14.00335244688831,4.538351419217524,8.312825879508965,0
601,-0.2550139162151295,0.15803221958035563,0.052515733180647395,0.5447732801001272,0.0761563265299686,2.203054990837793,-0.1727323642039531,-0.9681673939205782,1.4873830151933274,2.466078261335536,0.23451351286454214,1.5773039552198742,1.4141228323400088,0
602,-1.0545058583640619,0.0012137162133118995,0.12171555566598591,0.4419078314496428,0.10718281474051232,-1.1267592869123604,0.3957688296995452,0.4080645462384256,2.3606206915947907,5.2909455209556215,7.097762641032021,2.9230836609304607,4.7171070221677756,0
603,-0.3548769895166948,-0.19566180170735592,-0.9632256430306507,0.331189901004299,0.11802244375605185,2.0448650277494194,0.22467165916311704,-0.4012593132914024,2.132717986743438,2.908415774116128,0.3561045622812149,2.157316484380504,1.8349031453802847,0
604,0.7291588746389257,0.4802924173920078,-0.5033616636580129,0.6612382891916374,0.011054374820751011,-2.4462314119998725,-0.9048701456830738,-0.6879833043449806,2.2753265685715975,4.872291269803662,7.384489120423272,2.7895195169648104,4.63858403933604,0
605,1.5157161317908852,-0.1500365955574383,-0.6752049240888549,0.3432600927894555,0.05922613390509484,-0.9926916600599149,-0.8690410022112832,0.31183092394776124,4.619382934011038,9.55948649634182,17.648818257821297,5.356335603295173,10.083939866781764,0
606,-1.4535823888813786,0.5508489053453487,-0.8949359601586392,0.5850970457066493,0.12083791585432004,-1.8733699511277462,-0.9918101561087902,0.8991455413073197,2.461659842424915,7.788580322630916,7.947084461528604,3.3371101063138933,5.79290839860672,0
607,-0.1478127729896772,0.2604709899459767,-1.4302186796346967,0.22296814444507193,0.07580964818390794,1.9310915669470194,-0.5485453978454969,0.5503826397174392,3.0384177100314567,4.6985100068577275,4.968149450768173,3.3668408132234373,4.14820723161955,0
608,0.6488517130348073,-0.7694584643885101,-0.6198744816240104,0.1902912291508958,0.06637913813599282,0.6766712152379211,-0.15979258677958397,-0.510926848496388,4.222431635724839,9.469373137235095,16.29914162244436,4.943530735309992,9.491636992152287,0
609,0.7835150729131017,0.16894218942297967,0.057941722247075944,0.4435356779567827,0.033285096944073535,0.9021553054622808,-0.26999871470695613,-0.27306436053996075,1.5218340876499892,2.618135436083606,1.7781232954048538,1.6319086276728876,1.9386187085088236,0
610,-1.4010631669329179,0.19367466910089282,0.30799323163951975,0.2722405149332227,0.12897750852983011,1.7272894935771417,-0.9382696644421649,0.39007677561983645,3.2506589519013995,7.14507433687449,13.138769483275697,3.779335738043234,7.438284405419799,0
611,-0.42466097525991087,0.9994297021257856,-0.8249291109460428,0.22441936433159154,0.06631594418335912,-1.1564242565966842,0.4607840793276341,-0.0381837756370389,6.45576583921305,14.508766302712488,25.50645997015529,7.517263818422469,14.693024015466495,0
612,-1.1164846606018393,0.012748138973125211,1.1663632990951154,0.6339165174800423,0.07482433866402315,-1.0575369842902616,-0.7682724847139333,0.7567657543737909,3.832511238313982,8.4722882661271,13.265625650243765,4.720483166227103,8.143175863028164,0
613,0.8406677619947853,0.1443266062949169,1.1383039378610054,0.0973522298992716,0.10237339290031024,-1.4164384379338402,-0.9106141415616311,-0.0687829799861337,3.6034471255382035,7.273871503145587,13.262191887662633,4.1539607615122796,7.657249231055155,0
614,-0.45042828094258525,0.8823472186503709,-0.5280613597445508,0.651921807241602,0.1123240500702517,0.8396193502926814,1.008961135104143,-0.1841508112373158,8.231104505669766,17.16509091776433,33.06135704373524,9.561960091319698,18.49346174928277,0
615,-0.4413152560685374,-0.6781051528369813,-0.6727137735147926,0.7038211648486966,0.0711573199367052,-0.7932333890464478,-0.6813310678027893,-0.030079499512770003,6.145702912124656,13.250296291455246,23.949109709495993,7.1152611517387765,13.715058789096645,0
616,0.8666614818581153,-0.4266159490858492,0.7731495624379625,0.5038302197799348,0.11813438438095564,-1.2454518556254386,0.3144675473593088,-0.6925294410223162,1.2541344562955212,2.4547695291055556,1.9360250066158042,1.4196579449470579,1.83544449209977,0
617,-0.544812071341453,0.44872018968560257,0.39500515673980763,0.15028858027001757,0.12875140081387937,-2.2332450882740904,0.2285176524399588,0.9676410004632126,3.439114304746215,8.816016999601064,11.862066791587052,4.324018678906662,7.667561296670966,0
618,0.1260189273709944,0.6013436399188414,0.28554291956730626,0.6264706519383941,0.09833912030329307,0.9556600726876434,-0.6532532373926783,0.48364182714583537,1.1073786812625168,1.9577383283253873,1.0981709370116635,1.2040914004152428,1.3693955240213946,0
619,-1.048360453342677,0.9612805502851762,-0.8166384271163859,0.18934720287812504,0.12880096807257962,-1.2850706901859044,-0.3338332956209209,0.4292803223580539,2.8879518597577776,7.889026341623893,11.168469337266925,3.5683312940290226,6.9404673909974814,0
620,-1.365005679220947,-0.6818564903449955,-0.0409247302001432,0.1949574033861815,0.035348693335355036,-2.4538053929074364,-0.31092098112492483,-0.3634988907631935,5.344084654535306,12.573694256611999,17.342737858446117,6.440164992573365,11.222171530135363,0
621,-1.8753767566933184,0.24246635642732706,0.37996554601006194,0.056640377418927114,0.04755623443641796,1.8640276599769887,0.19720096378698826,-0.17605055197602426,1.97876631261029,3.8579849192724343,7.705573597477832,2.276807907126821,4.290378239520849,0
622,-0.1395922861436163,-0.5834400111283897,0.9356445021237838,0.7312037643607741,0.13659960633750654,-1.3803280415385015,-0.45422335733650343,-0.6787544503809264,5.119636529504121,9.947519297226052,17.917793111259193,5.918798516702247,10.487364533067034,0
623,-0.7711954654707474,-0.3343892557547994,0.3993172111939063,0.1517171052384997,0.13790953865516153,-1.9845026495734501,-1.1834927735176006,0.7098902572610664,6.945382305678609,15.834907417390893,26.387153527848596,8.20959409287754,15.571192384563181,0
624,0.8150792310641988,-0.28928025928800305,0.28649911773035397,0.1788352806713867,0.025258447296806395,-0.14425432430638585,-0.3523492086696939,0.23046010107058423,2.8911495126205433,6.320350109591906,11.22104806223024,3.352518923253583,6.465016197658165,0
625,-1.127403261755874,0.32585540112123734,0.8005845609084394,0.13330891442277953,0.006578742512687396,-0.3020631234933062,0.657657806381849,0.3015596711482853,4.5632613861493585,9.932432581362102,17.162944003850342,5.349608287222042,10.032552220130745,0
626,0.8075268816583652,-0.1943213200132632,-0.7951633642407904,0.4254230746276876,0.03065485406237953,1.131143484925329,-0.7272805056972551,-0.4174734665713171,4.396135938956992,10.089006954720261,16.12352345668036,5.160157284928938,9.698615633600179,0
627,0.026179113292021494,-0.026580131713010102,0.3025481292210883,0.3499556803999336,0.1379209962765137,1.6996704709859412,0.909872282967932,0.25903314280687506,4.037630159471672,9.682131773295366,15.378750218820755,4.752885700759566,9.204842215552294,0
628,0.5400316634432256,0.2183973674318973,-0.19534753673563143,0.2576848008538101,0.08880043311733055,-2.3723408143077487,-1.1821045645828727,0.7032836525934971,4.341542504668522,10.330640772101958,16.807765712858703,5.155788900173261,9.95956358690608,0
629,-1.8143038208895113,0.04959030066683612,0.34496328884893535,0.1585369836979485,0.13435962573977225,-1.5495211412581251,0.9228359696800192,0.5259805386660703,4.9108053110808925,11.877758794876408,16.74938619452507,5.955547975022223,10.656939887646933,0
630,-1.0370281859032242,-0.6985116674478129,-0.5513018694412947,0.3183604530162198,0.03686770147483851,2.4944577437721165,-0.6488343930250055,0.6612696539657139,6.224130561649159,13.112034900420303,23.557087134108073,7.142391873688234,13.582214966222084,0
631,-1.363529011638109,0.9604892505518949,-0.8234296251507455,0.3373508438268738,0.08378461001518597,-1.8985714242195333,0.760368161949843,-0.4506289346383403,7.826614556293518,18.388283509208744,29.877557286292962,9.19783575085735,17.747520180624303,0
632,0.19707960640665512,0.09926762138649381,0.307921956977355,0.04438878921945175,0.02529281427473518,-1.6940387853831789,-0.47507697740195554,-0.7101716862833203,2.413995732749051,4.79026056862598,6.557088375405605,2.8027885909356063,4.408682262127751,0
633,1.6876852830971587,0.02590890102260146,0.3707254431080531,0.2859905403184967,0.04143692115508673,0.015885851161065112,-0.4936248603963993,-0.31270814854047146,2.198882591868923,5.932070700614092,8.11787013782519,2.7792556330174873,5.15257259239421,0
634,-0.18899650291657144,0.011467374368711036,1.452942035345516,0.1786580705295524,0.07319642473239707,-1.7524413025533052,-0.36000184150086567,0.43462143741280856,2.849282902331634,5.156778651388781,6.154524087956659,3.272386992027547,4.575414391705877,0
635,-1.3021514249577018,0.16270261510008632,-0.2498969292959785,0.041263635523578396,0.13996128622176668,-0.4319842985355682,0.6814236858027989,-0.1673730225363994,3.9175453908687636,9.11476151847893,14.770315125638096,4.621948833711678,8.802981493866906,0
636,1.7494412863151383,-0.41905933114220506,-0.26330805093690945,0.6070913922074291,0.05155009729212854,-0.6782146433241032,1.1875756161941362,0.11122905138070394,3.5345773868289387,8.25084197377004,13.373454807177303,4.215054516435293,7.9691677019764136,0
637,0.7575218146805924,0.2869244683072196,0.9837724414697169,0.6894600795533945,0.08448841987054644,-1.0272196251680032,-1.1452794058200733,0.2288065021286403,3.8575771256070395,7.595209383358217,14.806790021820223,4.392460712658857,8.31711903050153,0
638,1.3018753330624784,-0.09892038897668098,-1.0058815785274071,0.23046565834851274,0.07649833942677968,1.6834060948883325,-0.7877924494357904,0.22429975141902836,4.983987860655199,10.899057017601914,15.465979625952084,5.870154838220389,9.991722835084797,0
639,1.0134744558021818,0.8720950406696464,-1.1498889249634217,0.7411133073316459,0.09022013027617191,1.3335079371614302,-1.070940697035467,0.012296311281190242,3.1115954007221767,4.949006541356215,3.4845776634762897,3.3698301488528943,3.8005368965516935,0
640,0.4905186963231749,-0.3863323202543196,-0.20504937569624193,0.4434385082236785,0.08288219096594698,-2.2906923729658097,-0.1452437602106582,-0.5723636904155383,2.8044146465153417,6.78784224521523,9.358264461743303,3.2709631546646363,6.012252721508626,0
641,1.6667803123413991,0.9531599802466681,-0.6010593109437927,0.140148317800847,0.03292562264225146,-0.11123872323523143,0.8988134378716282,7.242987527922295e-05,8.285942369245602,17.756550048840865,32.29483945596605,9.60762747081129,18.461962309296883,0
642,-1.7784317531388094,-0.920228794573712,-0.8178271631314543,0.6742170220875431,0.0932220836302716,0.3147892689314573,-0.43447297780165883,0.8588508100923746,5.861457488400159,13.449814258283576,23.669717955710993,6.844257213404035,13.57872263205882,0
643,-0.6752870201514702,0.6698888253058934,1.1877105539276522,0.3866680105729094,0.13414339042211137,-1.1159835630447645,0.38024022283986203,-0.8240725029512275,5.321367187249969,10.736992606247469,18.25513093601393,6.062978561300299,10.900345074983441,0
644,-0.10426314363042444,-0.5653363956833042,-1.3117101662081914,0.0029804064620965855,0.04871281746612125,0.4476529726838141,-0.10744716563722245,-0.39646140296100785,3.098935004194252,6.170770430674326,11.749782411429795,3.5854933456797995,6.664395688457493,0
645,1.9648001231050043,0.8790500799593557,-1.1230400794875095,0.33208594133479585,0.09732704009904163,1.1674539876496839,-0.32070682821722307,0.4925636254706953,4.371002324870988,7.940928330679503,9.88786605347639,5.026701760628119,7.162609188770875,0
646,-1.5033999483572869,-0.33637474948459056,0.6492995272677149,0.5005462322083001,0.12558153222924823,-2.2657148866642247,-0.7814598772246835,-0.9030108354560671,6.176454453602199,13.391867961644895,19.449153159502888,7.279693288022417,12.433212001227236,0
647,-1.2315431030031547,-0.99143437873413,0.012630905036598694,0.42265151645460436,0.09868376721089922,-0.5754377639947827,-1.1923015423555583,0.3477823088152743,9.60997937815103,21.171168058181326,38.17008452829852,11.178626373459204,21.80323222673518,0
648,-1.7828356490083497,0.7323408616354878,-1.4320380368761878,0.424380098605306,0.1342376823578281,0.36244787894390074,0.26020019170543196,0.3632216966748114,4.447233126403633,10.237730510194067,17.28530224771565,5.150321124123371,10.106111877706342,0
649,-1.510364609078132,0.349854201621119,1.1410646460384455,0.7793766662682532,0.06645779990375206,-0.7774757416122657,0.6079430774311609,0.08574857619062914,4.91388633330179,11.446309875797295,16.70796799749927,5.78795543229688,10.499244805209194,0
650,-0.9707813821798781,-0.6556842300605941,-0.9893090982217689,0.36734162928492164,0.025518660842347517,-2.401405279942571,-1.0749869400727439,0.8597690879059314,7.655301063265354,18.40037909279238,30.23978751428507,9.072122634270121,17.795852564529852,0
651,-1.708154635359457,-0.8536386188380809,-0.1464346633994027,0.19608022586802606,0.14440407782587464,2.054929197489021,-0.22861620318895892,-0.10253696116748157,4.811179555908376,10.059325292800963,19.189465628540137,5.549324603724408,10.772923603547284,0
652,-0.49954538769771917,-0.9242677667137436,-0.621459482235874,0.09813877568958729,0.01535554950226841,0.30430786468193904,-0.9629643414874506,-0.7941373524094728,8.313314314224684,16.782885288755548,32.95998804603778,9.600036728965476,18.376859967601952,0
653,-0.07794514072260572,-0.11543526975472251,-1.0870956446028919,0.0035592198470904,0.028946166265176574,-1.3205387290897963,0.7205962646612822,0.83087670105443,2.68707365527268,6.622964729169982,10.500800260408976,3.1499540674066204,6.258247000196153,0
654,-0.37622241004812107,-0.18994654699804436,0.6374438512796003,0.5015376125637512,0.02762102800401137,-1.9615543885206932,-0.14973146242787805,0.12965672632552594,2.784762782168611,5.105172009818218,5.85181163909453,3.2085314512686574,4.4433770744512735,0
655,-1.445169587364763,-0.4134530131831109,-0.5821710107082754,0.20903856081933123,0.06911418994376865,0.7653179215986929,0.02253572067838161,-0.5970868755053116,1.7812397788363816,3.962696893045421,6.711628201304988,2.0377603039699284,3.94044549235303,0
656,-1.588243811810401,0.6437409257974007,-0.062085951846643006,0.049711347307101764,0.038718224947433696,1.5201688919207736,0.6041431794565197,0.7516332657947555,5.514823710057274,10.942776657348642,21.804211924074494,6.356701033080103,12.114213790752133,0
657,0.40835130400676833,-0.15418813128388997,-0.22009500733664789,0.155200035594355,0.09761984422768227,0.4253437804642699,-0.8283254125707938,0.7713258400907497,4.52716388493367,9.358934405865728,17.183064469582963,5.196396726715824,9.840388500786291,0
658,-0.5261271867576118,-0.900522468957863,-0.5163572376606486,0.6958853717692607,0.13754348787926768,-0.04800791370183255,1.095215856176203,0.7504836184239521,0.9699570491432012,1.9906954606080938,3.2007058955632175,1.115040534958181,1.9599115750901717,0
659,1.3009228683969014,0.719420129364412,-0.35437376349352956,0.6051751526044349,0.0866008504614224,1.0984200087015332,-0.7733133418061409,0.4627878235498839,2.854204647005826,3.9127603592191527,0.9437997110963914,2.9239194261070356,2.605621357807115,0
660,1.830369736776687,-0.39467335523714087,1.4584839718668814,0.30270081184429687,0.02995852455315493,-1.938568850998808,0.6839085918916266,0.10965080075313671,1.6565972447021855,2.9802051275408963,5.099401671479876,1.8929364374481394,3.1101548568617012,0
661,-0.7714748253518846,0.21690073958751577,-0.5036964364769858,0.358686205862767,0.12939961886296367,0.8408323842958239,0.6297644152913193,0.16698710293915253,3.7071603056759703,7.829686125988574,14.730905724245325,4.323742412424342,8.312699888015393,0
662,1.965592195542484,-0.5171798674182146,-0.7131265178435557,0.0740471509906663,0.08310292531060658,0.5667961820418395,0.5423077749571674,-0.3291081481014779,2.8539390742167203,3.141362084250453,0.3071639486642357,2.8597027428592003,2.1767098064253427,0
663,-1.9509727925398912,0.26445907417663994,1.496086477561148,0.235639483031994,0.02759016787035296,-1.0911652108682341,-0.17900286053508663,-0.49817414209487065,4.252433699955874,5.162320963370797,1.5631222788038772,4.3175996307600375,3.7251230457151676,0
664,-0.6121598985298804,0.2764134771587252,-0.4649160394721559,0.31684715582692374,0.0060046894198895915,2.0897125081143484,-0.2234736962043512,-0.3437129679304114,1.6284600985235749,2.3036208630305994,0.9146085148353502,1.6688239018344084,1.6208892331002982,0
665,-1.654063215018462,0.26836643079036726,1.0914748507912648,0.03292256004192025,0.021790870104905324,-1.7680508555689634,0.24545965283470306,0.8424610054367376,3.87450549723621,7.857539733572606,8.978985139016356,4.588865903241962,6.672195701271748,0
666,-0.24892653173796164,-0.3123871036122987,0.7975220567900738,0.5940552494045211,0.037013420891581446,-1.6958681884605697,-0.3412559222031447,0.5512067844532624,3.3786293816795996,8.261515306422963,11.455946897902512,4.040441343723722,7.332871610173894,0
667,0.7802535596599132,0.33170741271241044,0.9882856804896116,0.221704249873115,0.05095255882042651,-2.28830274695412,0.88498986192848,0.16485946984435618,5.605484602054761,12.05120635715929,21.26360542448993,6.502534687066471,12.326342383817842,0
668,-0.8075108324652267,-0.8611669371012689,0.6702285094873792,0.5989900156392489,0.09992679781725339,-1.4810951452663523,0.9917185404206517,0.5063160380417526,2.5097190661263986,4.082865582683597,2.2495049201965687,2.6612416705397823,2.918751037755947,0
669,0.6310252943358812,0.30188784684357506,1.2130731002749235,0.742645706477699,0.08934561270153599,-0.41665294518725826,-0.3270384490574011,0.638157682161445,0.5798826718926171,1.2326178403175914,0.37993080701082604,0.6850654507489911,0.7262359408412095,0
670,0.5784213593373342,-0.8454679394926927,-1.0734419609549184,0.7201487160838771,0.13267472221567514,2.259162243487344,-0.173157678412023,0.5681218152814143,5.600964087790325,12.437471105977835,17.86363854599198,6.49647030105151,11.420269152033192,0
671,1.3129001092572863,-0.3686061883236138,-1.0639868663185732,0.7976210893113383,0.004532880562702485,0.486679593557215,0.36050945803610146,0.3635786839392967,2.6663179209211787,3.9126217247021566,0.14369770386492853,2.7550726932165395,2.292298474168133,0
672,-0.9774890241236411,0.44315848859770157,-0.8508013101562034,0.663230604601346,0.03286750111269518,0.9835301453803873,0.6801923660015421,-0.6221084990756225,5.070644196064045,10.23149765290725,19.62253290239999,5.833968721031834,11.060799297514567,0
673,-1.048054049469589,0.5582074774687338,-1.2420030850951416,0.1526087619733313,0.06832963592848727,2.1509096437238533,0.1485068037432251,-0.22464430358354903,3.4637574673091125,7.233381172004599,12.226744521253835,4.022742703084805,7.2794392184787435,0
674,1.9134808888899064,-0.07257738755742293,-0.19879507893755388,0.3293154535101788,0.046827010891019434,-0.8715259513120781,0.4508089438307954,-0.9183288053162377,1.7111885423867017,4.577495831227278,6.5152348166723915,2.1355517413823843,4.0547309312241495,0
675,0.7272669025852756,-0.5975910037482544,-0.3473759903865212,0.1172311780482656,0.08291265661087047,1.1467522247606983,-0.34882661746472476,-0.6731668449194741,4.300222445297741,10.117706993707865,16.439877408003476,5.140092694684055,9.771351323571128,0
676,-1.0939776722752979,0.6362258370511451,-0.6970537948204427,0.6197620744089818,0.04967991102093166,-1.5563372282851873,0.5455405431058344,-0.06290994104958658,5.475837206762308,12.396209044373094,20.70852682559144,6.440698002133786,12.218241723231431,0
677,-1.8748909949007744,0.9198848386887972,-1.0567396647836778,0.2827255811624731,0.05771919524935609,-0.05285050370793343,0.6850656536020094,-0.9878194406497465,7.157940287129671,15.949783368640196,28.11122547839703,8.287677270993598,16.19445246734943,0
678,1.7298882053442988,0.29197892040602236,1.3519466374468068,0.6539116299331886,0.1391757327124825,0.5050027546783902,-0.3424584410947804,-0.11417187377279259,1.3114656403267297,2.727547759470576,0.9241715489159965,1.4645688262369503,1.6354123672376857,0
679,0.6321292415364517,-0.1461362804673274,0.6950183504033678,0.07347841286402367,0.1244979973477333,-1.4790568017899792,1.065474262859334,-0.6889084001254642,4.356719157134748,8.839591599855021,15.918558044739916,4.981293924956333,9.232590033014537,0
680,-1.4833432155904087,0.6237522211747857,0.956105483109043,0.5910075359049979,0.1440795695857057,-1.1473018565729198,0.78395697357669,-0.2959189399131583,6.799496563334532,14.809313073337607,24.611253437497112,7.850362829204533,14.651055205171229,0
681,0.14959450227736282,-0.10879994059734255,-1.4824499319791782,0.4595697548313262,0.11212588316459295,-1.6272380821236436,1.0359740685432899,0.060799078837007636,4.180717205916528,9.581101357669699,16.18322176624787,4.858436671441108,9.46935576609434,0
682,-1.287015987395626,0.2918951418337705,-0.924231874453968,0.050826678636269135,0.10279728636288633,-1.9465255834725275,-0.9450781238965552,0.4798871263636266,3.2084803906261072,8.895602289250315,11.365588658558348,4.10911743457376,7.451813144987807,0
683,-1.7791910671677154,0.6195383580959093,0.8884462759434828,0.11311474246221281,0.07775709709154532,-2.0168725451552882,0.3181709274863693,-0.8741399740589069,5.753936978143908,12.193595451282302,16.531625232292583,6.776529757929244,11.021400274308562,0
684,1.777923425290989,-0.5845385292608367,0.5486839678459354,0.10263313950168805,0.03143946724901647,-0.24525175558314682,0.1754307392196388,0.9977264807833659,2.249843220949764,5.031965016232892,7.118099234512255,2.6363727515935014,4.583609516667823,0
685,-1.8962950876362235,-0.9993711607118261,-0.44889871585515606,0.2929250942419359,0.13257558541479475,2.06291273848651,0.9132599432623649,-0.7136424990279044,0.37385988186863983,1.0226134946471714,1.4834892185438235,0.4658436092258274,0.9105731394404731,0
686,-0.35158065927570625,0.49177032459004644,-0.5621667966472758,0.530590422808441,0.0355714294786638,-0.8829037101959596,0.8650311584363612,-0.4989819278220098,6.135575350033998,13.097144644971726,23.717534504811205,7.097246898829167,13.594801039827994,0
687,1.8572963475394517,-0.38748087812630616,-1.429415670530168,0.20392072304205638,0.025680741336513862,0.03413483108774873,-0.929481440813136,0.2520977544908194,6.32982903239278,13.50550947650231,22.986895661391905,7.362676913546224,13.582937942440722,0
688,1.4995962822259785,-0.2749622363925286,-0.9945218420837867,0.3200199966275304,0.11789502321759404,0.45743837039797786,-0.9572562880137525,0.07437430865406669,5.841774880561381,12.556334493863801,21.05800576892858,6.864761321953201,12.523310675201449,0
689,-0.1276584741776272,-0.3457754879576771,-1.16951821184003,0.78488954849622,0.02640649798398834,-1.5362855460462725,-0.850601538954634,0.14038607739787623,5.399602266450794,11.48411258281534,20.91134064217545,6.257950545279478,11.964311701960423,0
690,-0.22532170206919844,-0.5008856359468881,-0.21172985093541552,0.5388174808493743,0.042255079724794524,2.076228880151902,-0.46476903077350606,-0.6036419383542935,4.4642682572032415,10.02145151119002,16.80353514630494,5.3055058657965475,9.917327060989114,0
691,1.818271387491258,0.6211212202363587,-0.47058712546960324,0.6731454809151008,0.07782213737307,-0.766237508694686,0.8150678148941142,0.5043301337288808,6.527967859066697,12.99188124708139,25.163242559040505,7.453471097909128,14.15027460934749,0
692,-0.8085006294275767,0.21335703051594757,-0.39182932944060833,0.0008415780483105096,0.1442723612100419,0.24814538036418377,0.23623824399787963,0.19978285135458984,1.9998161567752424,4.530631523172961,7.669968342508664,2.319705415730538,4.492095348310114,0
693,0.20256584327761118,-0.41990431045281307,1.4147283747241688,0.49733473001222794,0.10063820408309422,-0.2260362134147509,-0.5091326388221218,-0.8713020356501413,4.393248015275843,8.57132710759829,16.194223330450562,5.054685879081598,9.253108123905568,0
694,-0.5990792137284551,-0.6478051414632158,0.4862648047710354,0.7032031078421755,0.04541322873684784,-0.8355868729297673,0.40887480918962815,-0.7014571315175273,2.093443539286456,3.875278036120389,4.18466998968841,2.4264083151993745,3.288658301048514,0
695,1.7177497067107965,-0.27230643794903386,-1.196401662219676,0.13974720393651321,0.1399119114011187,-1.2644035581549002,0.38944512919508734,-0.6876695529234698,0.9714039156357882,1.9054709776870948,2.1897576505372145,1.1175015201521008,1.6317399151732392,0
696,-1.2235932306048891,0.7584764377999551,-1.0559003396923146,0.01500046938902333,0.07518497842894144,1.8136340663146733,-0.41762149100250057,-0.743675458708579,1.6548815528136103,3.6187935723633333,6.100089049278333,1.986506221299217,3.6107798744665045,0
697,1.9289233182625511,0.35347725897882665,1.0520718958444695,0.6017106178631391,0.10473634109837852,-0.5771796643453986,-0.4215840163112655,0.43391719178894816,0.8701401679008562,2.3421327813778845,0.8639220177718911,1.076036378468908,1.3304621279620803,0
698,0.8668520327089206,0.9011767680981866,0.20597945354496705,0.23569688463013883,0.07342931989957162,0.5685690836295958,-0.17584848101540995,0.5822662467190964,3.455527476134745,7.62710261071255,12.734495521730935,4.029498266762275,7.5480875092496955,0
699,0.3384528488633509,-0.9811285447446989,0.20951966469602556,0.5068830287534888,0.13728918773161058,-0.43139163167905714,0.17872238225126003,-0.05000509857125213,3.518986512308514,7.634340050639706,14.00839001143951,4.100395165003013,7.9585544888166195,0
700,0.12662571387554156,-0.8653918586620071,1.1918510025993045,0.7283298718653005,0.0822089414763949,0.2827775786047275,-1.061865513734509,0.19590102623951355,8.54101368175536,17.955652096271514,33.550766339202276,9.833168240488357,18.99754645921758,0
701,-0.2833928404833501,0.41808726046887457,-1.358625250213283,0.5687101461835918,0.04303407357484708,0.7585266522655401,0.30510234074909515,-0.546317030735535,3.3253603202517774,6.435706679612508,12.5787538990261,3.797106474689219,7.081656917136038,0
702,-0.238190619134933,0.6712665181066491,0.31677493078432173,0.05499064158272918,0.06643632469812445,-0.941142706110415,0.3399496293879185,0.22912788259052164,4.546274384359224,10.024008651387131,17.77531502781093,5.299715104011866,10.233650929468372,0
703,-1.9584075939594379,0.2153910188369259,0.70454896195481,0.6149840259212604,0.008846365558494173,-0.9817079144506553,-0.18894345467634266,-0.6404565844101764,3.6872196348905986,4.877807817643098,0.4721831094439599,3.7442287611618075,3.085586044709478,0
704,-0.3170645153399607,-0.8577409283488153,-1.1603481509788454,0.5349558102747356,0.039385869174023244,1.0570292373978623,-1.0845395327599967,0.12540610608700575,8.589900566792334,18.01854061446473,33.87202325417272,9.95576724992096,19.139716055621026,0
705,-0.4342053456526389,0.5939427838309306,0.8518547406166856,0.30044771396600656,0.09340710211315714,-1.3622556559025596,0.19297640683300843,-0.8374706121049551,4.257158829178602,8.692085111521266,13.83175636728522,4.9423537149928825,8.528535463894814,0
706,-0.2615828635255597,-0.6345446369237817,1.1501435462745682,0.35592065437346543,0.08861606229563022,-0.698090698349948,-0.507021515424473,-0.5941604338769328,5.39683662818388,10.97631647415357,19.991521699297774,6.228399907068026,11.53224243119737,0
707,1.6474863306680785,0.5989315648539053,-1.1002165667069073,0.5973799010334386,0.06277961655549798,-2.423016725197151,0.06808156890293282,-0.7399071198302678,3.0212961205949176,7.222229524553496,11.825307014425327,3.514948538074401,6.972144651679563,0
708,-1.1602627476256213,0.392081922848186,-0.7285738885764117,0.7135105614734534,0.09857546376362548,1.6614174245540454,0.2764548919924419,0.7376991820440317,3.241980492738652,6.761262610548751,11.54701477964517,3.822113667534407,6.8472887316332125,0
709,-0.5532612999113993,0.09828115377115942,0.047671201333000734,0.7230325664623765,0.02473731129129203,0.390303815933462,0.6106348661447527,-0.2599004789326793,3.2016690840292283,7.018966853266225,12.37552348969015,3.7221560661024093,7.151063434705922,0
710,1.4703260984639055,-0.25397046584453187,-0.9800737203122517,0.46723868432402543,0.06308520150559686,-2.4240494765899774,-1.0323873780155923,-0.60944563958682,5.728661561625529,11.911139980849645,22.582530636028974,6.596560477243782,12.726355701275622,0
711,1.0773198380726092,0.7840790320674966,0.13692262204266736,0.08445237001129878,0.08016284283627689,1.778027302984725,0.5987463098942152,-0.4178036726052501,6.309942775905598,14.82722066989608,24.115763466497512,7.490127795345939,14.324890853224352,0
712,-1.5044375628465687,0.801363399524486,1.062266239896633,0.04297229211618064,0.12355117347368463,-2.0139368110753026,-1.048119279835111,0.5172017942925189,3.9798809583198698,5.7607528445711615,4.369759507380872,4.176434331104975,4.6507614261920684,0
713,0.14524248769983217,-0.17090395181936224,1.2115865879280658,0.6714428576542031,0.00864352073205849,0.5804362097058617,0.6534417676978996,0.10098115954990416,2.26080192203995,5.451901423347633,8.435866886776171,2.6061844680028137,5.105189516449407,0
714,1.9320219963047531,0.37209500929509653,-1.187570961908924,0.15863840959996278,0.12393684317991929,2.4837833657215,-0.9639857595062646,-0.7993413643099032,4.898977925314964,9.649175960156265,10.571838075279931,5.7025822258067285,8.10625581080602,0
715,1.0535482165731338,-0.8712914365669209,-1.2943196518054576,0.7110531864077301,0.12006747184776763,1.9078159993219117,0.3612321651186088,-0.3549271561222831,3.778803682073708,8.06274329090349,9.197080974863095,4.503446734425071,6.761933057794596,0
716,1.6252527613311645,-0.40255295005113645,-0.673467481635452,0.709120335354217,0.10212338887398117,1.9783604235462136,-0.8258369057904662,0.9045935955312627,6.523034430465201,13.755124255554696,21.411155192060093,7.768362414670183,13.283630404891015,0
717,0.4509686268013082,0.33607008818685524,1.2421817409793547,0.3046023797557029,0.10793624920437932,0.7017031056224199,0.6906065252783045,0.7938855836666145,4.603106532381191,9.974163459727349,17.916056072145615,5.314140249401682,10.279411844216416,0
718,0.7202434217203786,-0.8647208909938713,-0.9505789624506593,0.7631825458136673,0.14529757100658391,2.337066568491812,-1.1116814390397167,-0.23510366410116346,9.227213796802856,19.709722772903064,34.875452087516095,10.778458874427786,20.22156248460938,0
719,1.038690815951984,0.5057716073156617,-1.2422732851501244,0.48759110967161523,0.021430442781128618,-0.033953335661033535,-0.6247543179813083,-0.8936776565305447,1.4571837964657046,2.7327034419369345,2.068610646379882,1.6006004921354509,2.0376094146483013,0
720,-1.6799222978935617,0.8217858994598164,0.7339378926046023,0.7454591854183604,0.0704984898500329,-0.43353750523597867,-0.33982249799497055,0.23261419210418,2.896078069938495,6.124785310888242,8.51122337303166,3.5279150651487328,5.612417532672393,0
721,-0.5937624521146656,0.49254646796401236,0.9039519786475863,0.7006756747435049,0.03642013953679159,0.13511024646187675,-0.6637329198483868,-0.9248883531593177,1.5947444132094346,2.895965632228049,3.0512895281646353,1.826660627201294,2.445265934800765,0
722,0.8313012166793508,0.09796254787024927,0.6717818386592511,0.07009832912522969,0.14932892685929128,2.47174283473516,-0.0840004187915695,0.7321174303676721,3.1654219666317,3.569500757808149,0.08712930460471258,3.1710944395093725,2.3637250526643054,0
723,-1.0257257767777728,0.475132322446594,1.1376775704406974,0.6517330128646228,0.1217661117361736,-0.18486683955567473,0.7679758746690546,0.381409626042601,5.725435896065944,11.565333298147552,21.892721317249233,6.609015438847653,12.415948697323584,0
724,-1.4701944074231825,-0.7716311918709597,0.8157664078039195,0.5003712710183391,0.07790641757870662,2.0363089542441406,0.38301685649092465,-0.20770650982339967,1.8358360523733799,4.243098055452745,6.780435070605604,2.1085908164252287,4.068669835172042,0
725,-0.3442727672952648,0.21048872163516985,0.7808258540590454,0.4514826455592993,0.07631413233287695,1.134503513270909,0.49263491977688734,0.660693681227122,3.2298754293953653,6.823072771315817,12.393046680167842,3.7182017123232836,7.105618635496035,0
726,-1.7497928548908224,0.5099042641639577,0.04128135285506995,0.0597544960265215,0.10185150422542795,1.0827009700097139,0.05670520690724268,0.5875979552995256,2.4996702071153862,5.6854747017156155,9.800268652733035,2.929875340835747,5.688611602552785,0
727,-0.799007565482794,-0.5961855629371278,-0.44779814477016444,0.328040410636782,0.10439004036032533,1.7275996893911385,0.5302036561888237,-0.652024881860797,0.9437572951462379,1.734199420137814,0.9393619584604121,1.0202415922994459,1.187219761353284,0
728,-0.5351316607989705,-0.683172573104444,0.5601725986741539,0.19853750257351532,0.07880803992777702,1.4591492159734214,0.41025425981187613,-0.4032520186697346,1.2462398736663718,3.310389724312775,4.864895394439472,1.5161716419873412,2.9780746619243197,0
729,-0.6685329975346366,0.3067285732060636,0.1484032480198323,0.07711478997603552,0.13109873839103192,0.06306624026814323,-0.0639335683260831,-0.6031213267354754,1.4233438400428158,2.8285692561024565,4.130456840028128,1.612955607469548,2.6760065415989747,0
730,-0.4920247241178508,-0.3343502753698018,-0.6877929515117195,0.45392525971741854,0.0693413040420423,1.9459884265733365,1.059225544913186,-0.5610531415438182,3.37690074964417,8.196710698499235,12.674648754909054,4.040207092682154,7.678498770183953,0
731,-1.599578284931158,0.5706751029754988,1.484584210915827,0.6908800558833234,0.0035546103178102084,-1.24368224646767,-1.0959785351009665,0.6415587540823331,3.743976366651239,7.112389998336441,9.173637793127432,4.415525559896237,6.450553803424158,0
732,0.3256279051692652,0.027437082334107687,0.16334964598958268,0.20196100695727293,0.09024575537082942,-2.34666510767985,0.3504281375300151,0.4688676603576616,2.212992818267555,5.6860991494598006,6.968291965825362,2.7471014296215612,4.734925323027971,0
733,0.6921050548473087,-0.3357649633755595,0.9787887453826283,0.5724351976939857,0.01924459843864168,-1.5242788973084247,0.32906019162777267,-0.42116773288794773,1.6666441346391558,2.7827318249322577,0.15635269450872968,1.7738939965562335,1.559107995879666,0
734,-1.5222682342150522,-0.6900620137002156,-1.003148458378798,0.38223272545470577,0.0911078180144246,-1.6179886257279252,0.5099918648717305,-0.4379747849969431,2.6712914906570506,5.044129562474361,3.130407557957388,2.838532616363275,3.537601844962967,0
735,-0.7537674464241566,-0.5530027578517849,0.855618407829573,0.7678510663495017,0.0738749773017139,-2.289846792840039,-0.5746336405788579,-0.6838994177623079,5.89669744071008,12.41952869873986,19.621658859951086,6.895665142017015,12.07093201402201,0
736,1.3710491394080715,-0.8302920251335897,1.3994287220651511,0.4708110212997008,0.07766096806112448,1.7367531120959336,-1.1338857089005052,0.5543054988140192,8.826690973446926,19.93621237025783,34.400602372044204,10.271513897516526,19.97620310447634,0
737,-1.5335838177259338,0.6815561978808642,0.08752865771358564,0.04890352188807343,0.12498675582019865,-2.3634294146437416,-0.8679103370553516,0.5956490476532579,3.684855187326802,5.569030102592664,3.035997390355745,3.8150071362783784,4.068465517710401,0
738,-0.1405155045684361,0.7627774087096675,0.40628781837325056,0.4988230034963264,0.043835265919802226,-1.8315973822413323,1.1068137381520382,-0.7904046217132097,8.517739224297056,18.665325327094326,32.530206812923744,9.921030561090141,18.90608446540355,0
739,0.11604240029427038,-0.4548628183304395,-0.7075780092556359,0.4756689754422505,0.11969011757683032,1.3858974141563936,0.8851240540645284,-0.4141945241752658,2.325889428934607,5.027114423227504,7.5251400032923605,2.865286836820067,4.749971840318348,0
740,-0.1369944731397048,-0.9813308535599501,0.7405728694090965,0.24187448971382644,0.08422402999052797,-1.6534985899027466,0.7665588171223885,0.6345444385565555,2.0089887046204926,3.730186962290386,3.5701225034645088,2.2826220635841596,3.0210516574710318,0
741,1.509811659011822,-0.9081260057865543,1.477376129325041,0.19822353155175565,0.04641505290710241,-1.2533213540477695,-0.5579215239203222,0.10532271220729328,6.52745193978449,13.161664746007935,25.523719048761222,7.506531595252303,14.314503879891324,0
742,-1.0407578227848817,-0.21245737719919044,0.46681974732964604,0.6688209628621815,0.10391122504003193,0.4716142239366161,-0.8454514499014352,0.6322312030825652,4.645736253104907,10.548026458815377,18.67419677269448,5.428309169094836,10.703218762293911,0
743,-1.8509004480278453,-0.47161667352939585,-1.3288232492041163,0.53394318046757,0.05525566238902717,0.760242416024334,-0.36712569767138326,-0.08851853840101165,3.7561518769112814,7.947279490631492,14.631810653052863,4.349773327096187,8.33554993888831,0
744,-0.1681559593352766,-0.9088386926649108,-0.20932042096198922,0.5128514904921622,0.08190783691131506,-2.1235811686085637,0.40333436564819714,-0.3822744901694781,2.8468593450192565,6.830262996662773,8.800808094027255,3.4264231715164133,5.886021447864428,0
745,-1.9422607888839116,-0.6888088858315096,-0.007321028050321532,0.24832132722405495,0.10415745206303262,-1.2967326221711777,0.6547108043404046,-0.42704563721204014,3.412420929384533,4.072481976077366,0.6204774197126146,3.424427354150719,2.774056832967426,0
746,0.4834548303376627,0.5984327605023603,-0.34333161406875323,0.03744395345237637,0.08031682815883213,2.477045307722501,1.1255804793045925,-0.5579556121116636,7.855675062223338,17.99515303543384,30.036011542620226,9.26510724048404,17.692562616131628,0
747,1.0227860376970095,-0.3100963363598681,-1.0191825594507256,0.5327317604819947,0.07513030942901534,0.19615278827838623,0.7857423893652202,-0.32691264822515387,2.527904737653308,5.406230736423631,8.292530757626482,3.0730285413803125,5.175302723649057,0
748,0.668379038222652,-0.26761706607474944,-1.3718283102587123,0.30241208586907914,0.1425051694806202,-0.08368758955791478,-0.9402469515915164,0.3756536587524517,5.603808866791987,11.012041231741156,20.644757337698678,6.432777636889978,11.821459994558543,0
749,1.853517398874085,0.8158904930885142,0.215882513424416,0.301024595478825,0.08710165027638606,1.5796553109962472,0.8669696208442901,0.6376877698848824,7.903308864532299,18.04928682831407,29.39687999518256,9.232302383460318,17.52807294475471,0
750,-0.17809448623304913,-0.7622840208595401,0.20752028021632896,0.12514306242669218,0.009143750084678397,-0.006660832855695631,0.3728962801119071,0.708294612812786,1.7324824244438346,3.6870568225183264,6.793193962589561,1.983942496707141,3.862214212536231,0
751,1.1313422158172144,0.7144810255130964,0.7802063124626715,0.5625915175249115,0.0015206353711049447,0.6305115590460524,-0.9108436700661176,-0.8826657353349179,1.0821681896009923,3.8818243116120277,3.427763851751032,1.5271234105017115,2.6702392469393867,0
752,-1.3743513915773784,0.6465843228835004,0.7315481793000642,0.7590179241641699,0.14684643879756157,1.9664199318699103,-0.880977477655202,0.7567654818499607,1.1686279480681148,2.620284009666981,3.9656841778195293,1.3778254061810415,2.4641613812844914,0
753,1.3545485391545813,0.7421717197193947,-1.0449431486505256,0.09343346221865403,0.13857133193761223,-1.6308667543274775,-0.31530784549775703,-0.08803030101187947,1.9215867327447882,3.8614384770604975,7.49863170413957,2.2135957611451715,4.2058566502979735,0
754,-1.5022298886817422,-0.9587314239349052,1.4822714093013483,0.701325795867969,0.1368506894025956,-1.0771846536394074,-0.6717562254109463,-0.14826688364914675,7.760331449550365,17.610053447599192,28.872251912397058,9.021832689138817,17.174974311777866,0
755,-0.18672252408797263,-0.9888011222715187,0.8377593376794987,0.7973336305136138,0.0793036305153134,-0.5587065249377439,-0.2573954562691121,-0.8078457356557986,5.676473644161247,12.459652608993657,21.81653102456097,6.609588120574662,12.646755995372228,0
756,-0.935352726543953,0.004265577269262355,-0.20445599659590785,0.43602779659448815,0.12735984729561098,-1.37378848650194,-1.1336059658248512,-0.9235491094345185,5.456443958998947,11.899426432499537,19.839400993041757,6.32003166431216,11.790584581793288,0
757,-1.4633247787725665,0.14096596960880503,0.9245544301137745,0.7094447514245052,0.09526698029624568,-0.4842837377455327,-0.8291647004252461,-0.1971633211130419,3.801109142394001,8.524763704152814,11.936207130897472,4.389542353370198,7.717578228570305,0
758,-0.6703394643688658,0.7400517617142754,-0.03984186776817822,0.18095671996362306,0.04332016002236698,-1.817649177286555,1.004605077765915,-0.8993083075270629,8.02749426035193,17.827562157534764,30.394272553545115,9.30437199839954,17.805235891269493,0
759,-1.948615005776423,-0.6340221329462625,0.932622053731877,0.41877342930486505,0.09387649310654796,-0.7113416229213261,-1.035172834681992,0.7123163249843363,7.691229810351514,17.060461540448834,29.458092484372344,9.046282282815474,17.167563378833353,0
760,-1.2324229114983702,-0.9338815989097706,0.21811240779958108,0.06663137630768086,0.014364277778975131,1.5018851574126257,-0.020136985636810767,-0.516983095505714,4.22948336735303,8.5613542835175,16.660580800888255,4.8738109878643066,9.322806634314066,0
761,-0.6054943065619249,0.45848195768634303,-1.3009375657301945,0.09318449274656793,0.09243930524858544,0.5348586723355364,1.1339092428848925,-0.25090103748910075,7.064885144338747,14.01271402858291,27.875625760919846,8.147003326630207,15.50066781281547,0
762,-1.7396894912899366,0.07507486969925581,0.41504043528537093,0.11168222862899926,0.0829292960302795,-1.511164391708677,0.8273521389145639,0.6703229915676594,4.575906768659197,11.03335646890032,15.810631994431857,5.620659685232369,9.98803453812065,0
763,-0.28148361600623284,0.933486381025608,1.4393216233492248,0.1034008711580956,0.055157070724870146,0.5016073502332228,-0.9963892570045334,-0.2346889923717259,0.9455033704284781,1.6184976914265272,1.1255428154204123,1.0392415993503152,1.2107873231176567,0
764,-0.955311663933637,0.9041004419334082,-0.26524253150558863,0.61013668683801,0.05800580452682606,-1.8409396479058227,0.8715636723860338,-0.9991661661937923,8.19198666853078,18.367145231944786,31.07582441106379,9.462454744725653,18.23673236793437,0
765,-1.7762365041022,-0.2712311882059135,0.5606947665562094,0.2733634362326206,0.009946922643146243,-0.910799831329256,-0.6120459384236104,-0.9891604003636041,4.9033072360176515,10.592515887159783,15.429390462334457,5.691331280585402,9.846697203712107,0
766,0.1392076527216073,-0.7667081705116279,-0.6375111336100017,0.5129518641779316,0.10876735332344657,-1.1827218657198872,-0.4099351894434383,-0.5061815237450695,5.2598347917963295,10.764951635084543,20.59984537013469,6.055618393862717,11.592951378490941,0
767,1.8275544012647678,-0.6189605460251943,-0.9504581890989712,0.35602823666522565,0.02839595388008537,-1.7164577185719594,-0.9698891095173948,0.28034249621649887,7.085987101924399,14.119008277168565,27.74089032857973,8.133964374544242,15.497162149756232,0
768,0.4483290196075842,0.30032578375593255,0.8199000240281888,0.26108641023406065,0.13776356004178822,1.1660230553437803,0.7313006125948485,0.4419243276534224,4.594640098334877,10.511860303855828,18.183844134541978,5.352276026472292,10.522330963667034,0
769,-0.5661774182697528,-0.43393502387473015,-0.2324487912629576,0.07762428842668677,0.06769207523489207,-2.2842950845238006,-1.1905296959347331,0.8629978789493855,7.282876348113008,16.968689476158104,28.25490987277432,8.60942708845965,16.612885417959593,0
770,0.7573474423515716,0.12369389413193788,-0.4766938817308266,0.4564304117480593,0.13373636645074977,0.7619006697193234,0.24595679508841006,-0.07959099405664394,2.10948997509994,4.544991522252272,6.234406644111694,2.5505294454079768,4.1217193869799695,0
771,-0.617211877396568,0.3970942278434235,1.4429428230474426,0.33980615481647214,0.058830780602130116,-0.35943263817478766,-0.1786944766806684,0.9812495467369902,1.6684952162887112,3.2881724909321854,3.73182307277881,1.9179649377085488,2.798343727770767,0
772,0.8271130300373626,-0.28163110157881666,-0.38549287851983216,0.3446375397952446,0.005506828137067454,0.1390820101062502,0.7473142836546351,0.32113558641502116,2.3773393473401327,5.333182679824093,8.120031637319427,2.7270696832825436,5.02187306767335,0
773,-1.2063166129538336,0.45606848275673983,0.6583758189960909,0.21003137251919768,0.09343119852854026,0.5547451656096807,0.8154902972548357,-0.7278553763331175,5.787694705289961,11.686254377492466,22.24598666604642,6.620274364402561,12.57800816108891,0
774,-1.220645981953909,-0.028060992464389534,-1.367564553323079,0.3324753580813653,0.11823285629995849,-1.7564280300800088,-0.09612303135234046,0.9795384667648892,1.631430754066183,3.68870804225402,1.8888630486003501,1.906210899222225,2.3533216433983886,0
775,0.02368005369945747,-0.0033523517558189386,0.17638075117250418,0.14880349626619296,0.02207458240289164,0.8867731455755425,-0.25015965622615155,-0.4201867435690485,1.1280895469579242,3.2619012571260213,4.416605382410552,1.4432615320281434,2.7863050091511634,0
776,-1.8744335203204097,0.6921009943569649,-1.4030134024655019,0.5999864992666555,0.05729828384978714,0.4934390525232506,-0.6055727983436104,-0.6892006675358537,0.824002356861886,1.9320333917996957,1.5421554543084461,0.9614648818508822,1.3856038490760965,0
777,0.13355200333978967,0.3912353899082872,-0.9135201151645603,0.3490871579460514,0.06669824554370934,-1.4201042546026859,0.15611867100511456,-0.7081286264365987,2.530557948585525,6.301935478436185,9.635443860413433,3.0272419733707836,5.843105383567622,0
778,0.038996693274320204,-0.773136977268001,-0.043372773434587675,0.24927924390044548,0.06783694381223025,-0.3312532027841293,0.9790394947646226,-0.020128800087074517,0.9553999200552218,1.8929137793188915,3.497706999059642,1.1012704462319605,2.0139332541533226,0
779,1.2739956155074976,-0.5486952141765695,-0.44375161609722347,0.06007150450655274,0.06311216922322403,0.843499435374655,0.8116008818625506,0.1318298235983104,2.479074601439536,4.528845451519981,4.66686470095526,2.8215717032954535,3.784592596503978,0
780,0.560290678372314,-0.6454658447661037,-1.3883818852996819,0.6333505161418529,0.02505573111619296,-2.044152322336238,1.0501495701758288,0.9270427281183531,1.8784450661331948,4.526416887190799,7.0670328879007265,2.292331267508139,4.27080157911823,0
781,0.4650291664099786,-0.24272545462541317,0.9997186228921557,0.16377596746832995,0.06440884911445229,-0.7149135049969912,0.9904799777800359,0.8395548307245473,3.340628017373915,6.68052956437412,13.036158851464448,3.8728050776451854,7.3044754377282635,0
782,0.6035437052946655,-0.7785197194546163,-0.053421631025092564,0.1962626929792454,0.13273734947767227,-1.8079860049189906,-1.0696553379343023,0.4088580671001565,8.211431675273838,17.267679126518257,32.11285492709142,9.496056614082143,18.22719538007327,0
783,-0.1868557001273885,0.676729775206169,-1.2761111064920647,0.640860906086274,0.0056002129266237485,-2.359649940430215,-0.09284219584552877,-0.5574174206386964,2.9110198270873737,7.009726583785474,10.194276808368937,3.5758826178422938,6.392095227556765,0
784,0.3748748280261225,-0.9483660115770591,-1.3938313729110643,0.5817187969375524,0.031524774373846744,0.7820856183036677,0.5998131876018205,-0.8813376685500651,2.0328058477861854,4.61908165878984,6.124666597097793,2.428438418560577,4.075810072958203,0
785,1.0790158178569569,-0.4631575640774279,-0.33136212540075527,0.06931135383625335,0.1257944975047279,0.30364393162881953,0.011196666833213298,0.9371096218055113,2.687139670293234,5.813556773244102,8.38520159209402,3.0922436478931195,5.374993775478719,0
786,-0.6619769602373169,0.781558572953392,0.6590636431938126,0.7428225086817912,0.13617030791436896,2.455149025130348,-0.8839757951108218,0.59203278418319,1.631542042245851,3.2001576094543167,1.8828215873194765,1.8285709869949387,2.1972134704053867,0
787,1.2179774197900128,0.2887470563569736,-0.663417125285394,0.7721186173026521,0.030663320683531434,-0.0021231082078050356,0.051569070766047,-0.6763413103279223,1.7876419423706076,4.585609014617812,5.911171790375052,2.174277076824895,3.9027545318915307,0
788,0.8901152893329636,-0.8222656716395205,0.5792933365401329,0.6788923970325096,0.05240946376235993,1.047104042996001,-0.8237423804451605,0.6918980029057573,7.353807103456277,17.02470906016679,28.821775014265164,8.62429122203109,16.82251647556958,0
789,1.8081267942128987,-0.6946126130004462,0.5755784219169966,0.40466487724522066,0.07972489977485679,1.032448593003441,-0.02702280159255066,0.20065278403543352,3.6765453823099996,9.26712733729672,12.403126829302144,4.52821062855056,8.056860927527715,0
790,-1.0763959223544912,-0.24298680702273945,1.095721050214506,0.08792200931870849,0.08963628914004598,-1.578564688825549,0.8316950350160928,0.15808790770709957,3.7876324169165554,7.931669756664922,10.427152250674792,4.495250975904897,7.093461424867371,0
791,-0.38780486931891556,-0.5003506526963641,-0.18946590243109673,0.7660898607373938,0.07638139346154309,-0.15255234150069885,0.5910571524007417,-0.2419058583361866,0.6858706680486819,1.7131835753268916,1.4655874286203252,0.8292766920128252,1.2423201708000522,0
792,-0.2903042004768239,-0.3261045368567619,-1.047240734011826,0.5710473713621206,0.13095463708254357,2.0279632462138277,0.9139270512906712,-0.09643239512401425,3.3068648001158327,7.057267595144108,10.14540660476312,3.95737260463901,6.548598960470819,0
793,-0.8637352311872148,0.27584749920164686,1.3641147357180952,0.581640518534884,0.07422728423852348,0.9440428725672412,0.6540909898905527,0.8385385226561415,4.169416560360995,8.434826092491175,16.065497517336258,4.830844127239626,9.084006463780492,0
794,1.0528630158886165,-0.13361888872818883,-0.6791804446035477,0.39990533178367305,0.049226691690820765,2.2138229634390703,0.019118024279909385,-0.05588732807198338,3.68898055535845,4.723720418969595,1.9945287205595217,3.73847399504233,3.4960163079705024,0
795,-0.6072151273805484,0.2788139805832006,0.06015383586284351,0.10323913831860523,0.1303811716245742,-0.7049358392810079,-0.16181176810042985,-0.5886658866728418,1.6129912495259595,2.5634256203896757,2.0998792240014486,1.7501274915982823,2.0579015773349534,0
796,0.21359283047155664,0.4041101248571659,1.1434959618778189,0.04128613197781013,0.14599978645490674,1.0190887101017836,-0.5176831574123583,-0.5910504899720679,0.6022301843071711,2.4861232376765194,2.474347128158354,0.8231508149926885,1.751125246541882,0
797,-0.8156483253816083,0.7514515033328848,-0.6258294804121488,0.3702569076457886,0.10586070813633489,1.859949318619428,0.38057078963064983,0.5062183930688453,5.179473950349877,11.366004522400614,19.834995956250673,6.026025792593329,11.516744907959682,0
798,-1.3066928148161776,0.7548156553822776,-0.672842449145668,0.10270253124521256,0.1464366435511004,-1.491800372729195,-0.8720352718128564,0.25204180020357314,2.2170857511703783,3.903493582747564,2.4888316067926772,2.321458138174204,2.814969096030606,0
799,-0.7245474020156188,-0.7333015896390134,0.30336335164762795,0.6071881817777884,0.11897975613107348,-1.7224369949386382,0.13648096305586144,0.6273567413629213,3.0692478078609615,7.484088048446893,10.35015670288707,3.7805748915872885,6.649105256917205,0
800,-1.355651954303259,-0.5846354964586502,-1.4927658077049673,0.4197073251162305,0.029202254529292634,1.1212128786344957,1.1093132534822538,-0.5824890220018595,2.3689265364843894,4.6691066948337365,9.12506846186203,2.782921405511799,5.127222648505226,0
801,0.5963880470541305,-0.5763310770829773,-1.445979423060888,0.6068433553716679,0.06510070149763392,2.233934307573265,0.08228611714417333,-0.685034262048632,3.7422269776254073,7.620871236312959,8.536614792771225,4.381760964234324,6.408089998436309,0
802,-0.20090223281088848,-0.594216410387967,1.1340878180597236,0.5527225447100198,0.051185820698205535,0.13910161403570198,0.4067524517112684,0.5657154332908505,1.0597880247302143,2.3174590589524686,3.1743675504493503,1.253846526044877,2.0908690428440977,0
803,-1.6794111605178332,-0.9549623160095064,-1.1566419084903306,0.3159970481380504,0.0700059915123138,-1.817691848930758,-0.21323246904094728,-0.116754427276339,5.425482411247255,13.740243489318836,20.338752587012696,6.523271885678641,12.5036707348415,0
804,-1.5636401452900532,0.8333199203914681,0.2974377827631227,0.31082842436502567,0.076036077520831,-0.9290125676559664,0.850394475947023,0.1500300831370074,7.602947542678037,17.504104934313855,29.4920323977136,8.925564233355978,17.272281885747248,0
805,-0.02041674242582614,0.8217708061911952,1.0139390947022031,0.6502415131406796,0.033841380634776624,-1.7343844426582162,0.4562316473105943,-0.06271548731720822,5.968639743709435,12.862475597494807,22.31493192018722,6.862208226795528,13.030035001096993,0
806,0.7348508518273742,0.5212544642222328,-0.6140594779657472,0.22772034649824696,0.07362473493872755,-1.1322534323675133,0.40150866243887884,0.4934608917614336,4.141620550684458,8.417101751511723,16.11478500672551,4.759044721846279,9.077956664861134,0
807,-0.11184421578702253,0.44759953119728646,0.03131270721232848,0.5702973775736074,0.033745237169358795,1.1942152296652098,0.5162976562968427,-0.46678858590164474,4.336914332451161,8.926321044250173,16.866815565236156,5.026904101526996,9.541705692733945,0
808,0.2238839641607,0.7106233357488032,-0.7514320590826831,0.588783827211741,0.14309500757203306,1.831209598787825,-0.23635180156733715,0.21441546597627692,3.163667865440292,6.666494962694029,7.939762899604294,3.6870317977711613,5.6996808980987,0
809,1.9670805370108155,0.13687482275143692,-1.1549171927089001,0.03634460382300873,0.11854717646160426,-0.3818583729907692,-0.6076490624899333,-0.30465593867810603,2.7727591574103805,5.75105636845522,8.453853123610395,3.2740210605371844,5.420702700896516,0
810,1.0294914661858092,-0.06950532873234172,1.1054984775776298,0.5879404710221595,0.14610212256681376,1.942518833949217,-0.5890866917135781,0.3181184656051066,3.3430275744556672,8.964733113173121,11.498232205397152,4.090053628092278,7.550803230717009,0
811,-1.9178278618874245,0.9822134488591965,-0.7169816735922103,0.5318360748988672,0.12737304317993478,-1.697676686360143,0.83491042274515,-0.9755086684183552,8.429252308075755,20.15026694812308,31.975322655061856,9.917065836134292,19.158159156991637,0
812,-0.23209144765837042,-0.05592475493772309,-0.37772786022379234,0.46910779704039984,0.1372263523053948,-0.8650544284985546,0.190223729199418,0.7549250514866457,0.737108102376516,2.66394336824638,2.178622789550465,1.0213481525331543,1.7760370933053236,0
813,1.0919815804055126,-0.918533470389008,1.328372292382987,0.037317523406890186,0.08831377115614944,0.37676810157582397,0.6873365536855585,-0.7031138963020447,1.075664165912321,3.5104473239262597,3.941425502751267,1.3657936781243707,2.6948404655893916,0
814,-1.282518431749185,0.504213865476721,-1.0514857427651247,0.3755561016525117,0.10974721353163978,0.7562096439134058,-0.6945499533285716,-0.3920794826278289,0.8076539763870373,2.2135587684398663,3.1147035263187215,0.9635027905368708,1.9371251603973745,0
815,1.8758996129641639,-0.10265875969023219,-1.3666275706908584,0.17566791957306613,0.051365263449275646,2.4974470214729294,-0.47354028605539533,-0.94720830243491,4.896919006786886,9.344236359750576,10.136420556978885,5.665684915370435,7.879841268591947,0
816,0.051686310221343845,-0.8327892300520459,-0.6777972039128345,0.7939065408751513,0.10569577783952315,-2.246666853585648,-0.12315187537968963,-0.6567249747423014,4.460212767848212,11.404821926727577,16.78802603501472,5.292056013327047,10.325123820209857,0
817,-1.508221374391515,0.17413082669760405,0.01696766892064705,0.5942932674524066,0.13384593423477895,-1.2665907128416904,1.015180767972953,0.035983545108190906,5.613822117510189,12.941861526847168,20.97225623388919,6.589934865668028,12.517375450040767,0
818,-0.9646603272595313,0.6915716762052186,-1.3934102459129325,0.4476075019783685,0.10824323025449499,-1.1001115642192838,0.8723806021517226,-0.5194308732840303,6.873813635040254,15.613352203031948,27.319651911719774,7.9955797336101595,15.741603298298608,0
819,1.3594971309269566,-0.8429100723350855,-1.020217224394706,0.30478766712152655,0.12810832691972687,-1.777073174366088,0.9010517755061798,-0.5405369467744126,0.3151313018505455,0.7285763195344611,1.1822748696235443,0.3733148157583444,0.7051262288783997,0
820,-0.18996640562188505,-0.2945311914793245,-1.1456213201564294,0.7554477916153122,0.06572674361283203,0.9516563067809725,0.18064242399367458,0.0034318337044147995,1.619974060208651,2.786103274244004,1.9947240587017125,1.7708854984233977,2.09732896778865,0
821,0.4663104942273959,0.7966846124048579,0.5979371270823286,0.42598406356417695,0.09677789409989644,0.5319714025451079,-0.16050910203284863,0.2495280202609007,2.8166215007924102,6.301693748966291,11.03175879800036,3.261562514976563,6.371178465825374,0
822,-0.22572079934334566,0.5152287557438247,1.4067374505668564,0.7678922859977835,0.12311036796374707,0.5087944852974258,0.5983967713697773,-0.6439034094848912,5.165791005112053,9.92720755267428,19.27653652557198,5.94220805836015,10.905081330843508,0
823,-0.08392617074430975,-0.4853904700172713,-1.4895150566719586,0.7733900597376608,0.1295772842777762,0.06849309234963386,-0.5900345085143837,0.3859504203984734,4.874155237473268,9.577167656460862,18.785314118363466,5.506883610675296,10.521679464756808,0
824,-0.26079566180029,0.6066990668453989,1.4985543305428481,0.27926608599189606,0.036660456521707165,-1.1630875560262088,-0.9759690103663873,-0.21190760699968925,2.763548429392507,4.865263529162148,6.340670939658232,3.1656432401087233,4.5074091934747385,0
825,-1.9302997891323628,-0.7712088851974488,-0.684912758181989,0.12789022072758457,0.10982386492510877,-1.9719760456604984,0.878385852058859,-0.5577709925780943,3.6966691353544667,4.6976093585306975,1.7232487993037973,3.7377185304660085,3.409030041003289,0
826,-1.5656375321137292,-0.979786711137483,0.6456150129664393,0.2052933967508336,0.07642479077066622,-1.9419197666392214,1.1647102157669982,-0.7492305218600894,4.26094827774081,5.429736180179791,3.110748590027697,4.393932455000154,4.279823159884505,0
827,-0.35229629343248714,0.7032990046689318,-0.7653391545587795,0.2135774282769387,0.12127492738360993,-1.1333017140399364,-1.1931088533724488,-0.1441725590201004,2.2379205236237563,6.296674371887307,8.553898496914108,2.736037036068852,5.400151721334436,0
828,-1.9498591612861,0.8195845676587337,0.4254396725376628,0.4664114129769938,0.030238426629354463,0.9997309271431813,0.4254111448280298,-0.8790728521492701,5.694764133464025,11.669586965066326,21.73294761388632,6.4860449323579035,12.377794106960792,0
829,1.52338612324229,0.158826725859611,0.8774006431158305,0.21033125770307537,0.01830716996301812,1.0122478659339231,0.705318447012389,-0.22793293276141724,3.968435343863319,10.033454679749331,15.074474634228146,4.821053449336568,9.205014742285897,0
830,-1.905230898734755,0.6365080493077291,-0.881718281008678,0.27122555351799055,0.09423465116656954,-2.0002264039434863,-1.0272101612676885,-0.9485924568494515,3.7350686722442568,7.063987250972039,6.930853926756999,4.224701760300479,5.741443131022036,0
831,1.6665594409578217,-0.3772345114626887,0.4819764453513957,0.7913881992141938,0.10041761903429151,0.12547397928090032,0.05020784044137239,-0.24616570308889663,1.702018311686161,4.088353118909369,5.708359208171697,2.166372105325249,3.6662564021626927,0
832,0.39911862382034125,0.9175827790914086,0.8641321010949303,0.33938129362659003,0.04986672435487999,1.9176576481156076,-0.8741140184961749,0.6991705139286035,2.061708685188676,2.6436923819240556,0.6881753694458013,2.0836517695672994,1.8264381079242895,0
833,-0.9796929546306705,0.4312584715518355,0.91866174232449,0.3815972138107781,0.028842596421341148,1.7238387173118772,-0.3179799718720445,-0.3586394790349614,0.6229318454152768,1.7037059225660982,2.066916952822911,0.7989056399235188,1.3979569802336378,0
834,0.04006472941375838,-0.12982751779216462,0.5491566511161725,0.1097582466981323,0.06535344810718094,1.9585090561260197,-1.113449497344659,-0.08532333369334721,5.554242578391136,12.995770683599192,21.770282552469318,6.520507170389995,12.748139461376894,0
835,0.6421278655408407,0.7754221740839706,0.2813586807995272,0.6595874169914628,0.03340365284389297,-0.7359528188607023,1.0611174574273023,0.7719502261853726,8.04042193326294,16.646869086868946,32.12039829820033,9.287892094397368,17.971096004939398,0
836,0.2318119307548181,-0.04902332441030954,-0.14679782563662447,0.04703172925361283,0.13385656559348502,1.5907475420766772,-0.10499725265311888,-0.4411200545610532,1.7242046811526188,3.2292572598438367,2.691551376344097,1.90393347499676,2.4838973427018414,0
837,-0.6283175742938778,-0.7536788282542211,0.6653692239171676,0.4453358852438862,0.035115513423734236,0.6150278603884485,1.1501525142119393,-0.7552097290476416,1.9992326809071526,3.8722113001152696,6.913010175196202,2.267907162299303,4.062126963095517,0
838,-0.16605995749868896,-0.011682358155746586,-0.9996083585285928,0.42526416879785184,0.0908965887822135,-1.7132773059075235,-0.8286626423786967,0.7126974312675121,3.7754698500646833,9.194996422953686,14.595473486073669,4.475199016398396,8.71730182936745,0
839,-0.7544502533198205,0.2606667741572619,0.38031922702564236,0.671336700466108,0.11098419468472852,1.7028821671913894,0.3005154951615976,-0.10108567897201204,2.61399021563502,6.06595153315156,9.853495420523087,3.081159330075728,5.868147083800473,0
840,-0.4257339147477013,-0.24194046667712832,-0.2448207062725265,0.10344740172301625,0.06359375565047505,-0.5527754639868943,-1.1170280080362445,-0.44973848934731997,6.0594413594880585,12.91677475410939,23.7490953158297,7.004544555129727,13.518047884341115,0
841,1.0076278989608674,0.15589114281925065,0.9185024902680903,0.43415043550461196,0.1281125648212901,1.4803354980085839,-0.9641170316586068,0.9540127360319848,3.9894693999248574,9.647010681381131,14.115618253052737,4.662041721269514,8.791833672434569,0
842,-1.9410102123946849,0.19367607585923707,0.8775345279502869,0.26551531188072275,0.08978546884457368,-0.6893873457627586,-1.0545240599819954,-0.9830769618213382,4.9216336831964425,10.449297536235354,15.114664512534135,5.702113660305667,9.715890085620345,0
843,-1.6205518795552467,-0.8031808117599064,0.3326693321812497,0.42069218477001064,0.0683194950259713,0.959607378012088,-1.1596172711701238,-0.45803303716853816,8.777206337812549,17.991011802623593,34.39840417207316,10.129475149913448,19.362934208744136,0
844,1.1095709251505115,0.819954213034237,-0.18499021128725524,0.0651871841107731,0.11980931088427318,1.9258521663636676,-0.20721535033507332,-0.513289492159446,3.438237415450986,8.37725265308134,10.573653855276248,4.272875547568619,7.144030731899433,0
845,-1.8241133271082188,0.1821656437897119,1.2296084716874978,0.5423104204162605,0.04758728968421015,0.7144416214498346,0.796964177875261,-0.04833988130108424,4.6404536527446245,9.784592663078394,17.140580601616982,5.461722027856193,10.01586027801762,0
846,1.2789939599913542,-0.21618064666729175,-0.45448296421268797,0.4663909007028433,0.06970296265417218,2.385559602305416,0.03933461646761938,-0.22965594216795693,3.8419267217286643,5.4295207392231255,3.0169032933556696,3.9689522737254004,4.083400453664778,0
847,-0.42026582748585506,0.09587990122623324,-0.4352638859754139,0.5783252815719487,0.05709943915524613,-0.5792780673737847,0.28073579850433106,-0.8783062546079801,1.9444616047708727,4.051404154694429,6.617857062340592,2.3004167429863145,4.014158520840399,0
848,0.6214196724605845,0.00994443431737424,-0.1409216571400751,0.575402392566361,0.11373836730072914,1.7313043170622961,-0.3004725100381266,-0.34592461549323783,2.309813599166555,4.8443763896174525,5.116678808687675,2.7086454261435158,3.9521251818558563,0
849,0.857368405978078,0.16360971828089177,0.39540463905545,0.44441832568466827,0.11590395348057816,-1.5497955575392341,0.1337091185793522,-0.6837964221127404,1.8343147781207403,3.8148095215715134,5.256452786534135,2.0727723071321233,3.4789503565811293,0
850,-0.3709922428360324,0.32798764683214965,-0.02078517505748878,0.30367322933774504,0.1327455002123409,1.3641285724873917,0.0630978840009,0.9001063113509757,2.1701329706337527,4.598847319529841,7.103079498353544,2.453887576776829,4.407006694232824,0
851,-0.3025388422600246,0.576145855176212,-0.9961912805957462,0.2286339816884776,0.05071283720009322,-1.9708962364773837,0.004331556182562979,-0.6154797317470087,2.896896595093675,7.510942811644796,10.066358469832597,3.503993580825583,6.492658721053878,0
852,0.5367435577986344,-0.6198152808539634,-1.129481227982174,0.7752693820791396,0.09873604587166594,2.1822545735424423,-0.024269299216243212,-0.9331950738732515,3.5491925241761235,7.81464549245037,11.399001266599328,4.4362727738899865,7.272479062356744,0
853,0.2974846817257757,0.11665777367141694,-1.455073182190218,0.6889936355214653,0.0929956020924637,1.2234558468807304,-0.014589345221964978,0.23680487581652598,2.5796519300238026,4.107887648287521,1.7714717232743702,2.7553529970321065,2.813238690178919,0
854,-0.9701204270859032,0.9475155355372944,-0.2978399773570046,0.12986129707010327,0.008387312756194098,0.6808596654268557,1.1601116428234939,0.7915889936925633,9.300126597281873,18.779037153030885,36.782709847425835,10.726043729109785,20.531166452232554,0
855,0.8084182699456544,0.9811958579857216,0.6684847861263195,0.2714008987211168,0.09018271995902596,-2.1011667875721924,-0.6679620234659019,-0.16491952814301558,2.0143262753456344,4.208098144026755,5.554742932480583,2.391278084481094,3.7722780140040006,0
856,-1.192726025747819,0.9070020296563412,1.4867925802339483,0.2967487360973324,0.10638434791157979,-0.4611463466837975,-0.8651779094731047,-0.32614630459578287,2.7749523882031126,3.851330344220222,0.6888661445721773,2.8476001654331986,2.4793046796419733,0
857,-1.0665132051373472,-0.3438435591851605,-0.8549349348068505,0.08987609524659712,0.03261426440436194,2.028785159149214,-0.995467978136331,-0.350486712489531,5.984215179907137,12.728124107662294,23.371257877992647,6.953021755289684,13.32038132519759,0
858,0.11379957801054141,-0.2909746876432864,0.052821285056661615,0.03473604818748317,0.09728544500465666,0.317394007780301,0.4343190380512598,0.134515631654474,0.7315528950328026,1.6851131091306006,2.4426954796541995,0.864372291783511,1.5442456743236317,0
859,-0.24838567029734726,-0.2997169154118351,-0.8206944297006714,0.4000541814452901,0.003907867856626046,-0.8587958595033713,0.4268935045548705,-0.7825659206272815,0.9310368122054824,2.046245509441734,2.219486221169607,1.1184638150228037,1.6708769443473273,0
860,-1.7484350307218857,0.3043572105827306,-0.3066758365729494,0.641460029239505,0.14059669559569857,2.285202268662885,-0.17857715065396995,-0.4713455514499354,0.7447491096511429,2.0509914136656286,2.0598639956296663,0.9136375710873167,1.5480451127926629,0
861,0.43445495496991215,0.2563858518564728,0.36703480822768997,0.25742289097510496,0.009562760462595453,-1.4499758058720054,-0.8293933727466389,-0.7521993084333796,2.9299775249898574,6.213379499975279,9.993223663985578,3.3745262921001515,6.07842683589523,0
862,1.7051332842862923,-0.9723047080520641,0.30557321770896495,0.7579790365921095,0.05400796912411918,0.1354904458623123,0.46988079234038316,-0.3656606106835223,2.438807774115208,5.484437190139803,8.91125141247333,2.991572930545517,5.349506206073054,0
863,-0.08939204917100341,0.634205700665504,0.7360669958407904,0.6467595291942726,0.1481010245441484,-0.648362625319105,0.5930190310458554,0.20556913420396583,5.428212587576724,12.117871262239467,21.342330535519704,6.368228141641467,12.303347129764914,0
864,0.6664190688847853,0.47974780966586894,0.7491939508389445,0.7085961194358558,0.05239825128540831,0.7674067805595532,-0.527302964167546,0.18913741023395025,1.0268785316141515,2.5250663399641278,0.870801752133485,1.190240475965799,1.445848034710109,0
865,1.0047005606877115,0.5820021723232807,-0.23962649103263178,0.40697617856108786,0.05007747767552593,-1.6548182673018474,-0.5747582275379227,0.8242740097996488,0.3825793786383532,1.0957657646640757,0.1857158443465643,0.48063163236338313,0.5472814595310362,0
866,-0.7641218303627362,0.9495186670912203,-0.7755657443538548,0.5784568699848358,0.08608549403577535,0.9843502476239929,0.34549907186203455,0.4134971671951784,5.783271595848704,12.018374331234133,22.474210710710288,6.706884121916842,12.753445403529621,0
867,1.6221881937418359,0.12693899212496285,-1.2964536512880143,0.21666034755751964,0.10623284706131457,-0.02962686012163296,0.1165247582872484,0.19316091076058295,2.5747719287475364,4.214685219992439,4.16247953786479,2.8663281175930218,3.572213817740731,0
868,-0.4694829080617202,0.5477910501757104,0.6706046516896453,0.5714395297544911,0.1072965261052417,1.9517900082712387,0.22894267066385865,0.9341443989939167,3.654890961384546,8.695544479492826,13.818779731017784,4.340789158321126,8.284843467400659,0
869,-1.5232292624374484,0.2639179531877287,0.6507796378073865,0.38177632876348766,0.04323125796854047,0.25018726355549514,-0.3246055673023135,0.8182481421356329,1.3352501519276683,2.111899188037817,1.1260892227878205,1.3887702152347834,1.51084859034947,0
870,-0.5728303498669804,-0.6485860145957418,0.22916742049635852,0.3167940731042955,0.014384721720126153,0.324211754989542,0.09083138679768332,-0.6536058267336098,2.619627973008994,4.98494382780117,9.77229364850173,2.993278986702658,5.512387533463834,0
871,0.3905526758393716,0.13471794771497803,0.8208378691247731,0.2892559438741075,0.03731392854954589,2.256099434853878,0.14692205467869157,-0.9457200822316394,1.6841486110912742,5.13491786588592,4.92506275789911,2.2605110413659752,3.749289874599489,0
872,1.282846736446973,-0.6064838781621185,0.8581089529375303,0.5641299417247718,0.1453220586394736,2.327896507972631,-0.5414145008261761,0.5328991624468369,5.591303595614885,13.61613090501836,19.92368863067113,6.818628732092718,12.421199812600584,0
873,-0.7325796568803042,0.2583958776591886,0.2932382548637795,0.043634812496931734,0.0007772624753036361,-2.2111799270259525,-0.8929390859238213,-0.48469501730445264,3.9166458557134853,8.510943827240066,11.074356923675234,4.666926577799113,7.517276639768546,0
874,1.6278208929702496,0.03726535069337267,0.8906752165223661,0.6706494016857665,0.11024146478858117,-0.5430743778971403,0.8732625452183587,0.4840995066418412,4.176308500428962,8.583315090839905,15.822970535580925,4.815435731651215,9.056321811220059,0
875,0.9726057736202098,0.8031486543311386,0.295990417373051,0.42285954396974135,0.1335243836395613,-0.22769135917901595,0.7477696704692229,-0.8923072791103845,6.897183954590917,14.546330578279347,26.904037574918565,7.954561678532458,15.299721800189893,0
876,-1.9948402221747115,0.05658497920871364,-1.2791643185508592,0.7812344107624509,0.0008251761059698159,1.0907481824932317,-0.6158767301130703,0.9351040105441124,2.584403838273457,5.510062120836881,9.761598958946827,2.8705546849431234,5.643874943911461,0
877,-0.47383339748841546,-0.9454331474722697,-1.4191927037736518,0.44269869737975087,0.14800679685469217,2.3988676752285967,-0.39054486650576214,-0.03459270162220607,6.328693934241743,14.058252182102688,23.145826055390714,7.378582321826238,13.797689883703168,0
878,-1.5981767768087356,0.044353711983463384,0.2991047971448193,0.20084933248905684,0.09181716538727606,1.998463758481269,-1.1977071997836466,-0.542132451384111,5.045877055559503,10.508606599093156,20.258540480621733,5.838151967484614,11.327722437330777,0
879,-1.1603217467042475,-0.752227593932346,-1.0016963617886945,0.5007300362923102,0.015404158522596394,1.1926580451036086,0.9288542173401202,0.853175448356738,1.488318485991703,2.5617840478198843,3.067293155707901,1.6076772388230656,2.295986430738153,0
880,0.6407032572788034,-0.605207178732768,-1.2441102733802762,0.1856199630455997,0.14429357786775637,2.3117260087535607,-0.2833946785959791,-0.3484169178048988,4.866076853519829,10.848768917622909,15.4287703089374,5.800573317813031,9.923142155805344,0
881,0.04004232903626148,-0.4166238170651986,1.4389873549666898,0.17697711201966193,0.05537140232741528,-0.35314562149910866,-0.8998463446052107,-0.2343503464597403,5.9853728501504815,11.651002037997868,23.0012388101853,6.853832444709611,12.876667353971056,0
882,1.4269228804078935,-0.7192779970864831,0.2520658524785617,0.32530971044801343,0.02558050891761821,-2.438319177753971,-0.5439760716242394,-0.8763420786039962,5.723384753108109,12.31583375099501,22.053967398718463,6.594313138882163,12.687387084734691,0
883,-0.49292611481305926,0.6204197113986913,0.6590557826328372,0.7579069693614136,0.06405231260056037,1.0390069929592638,0.39682013304484864,-0.5659073936834809,4.610623526798642,9.028785378137815,17.75816244961152,5.325373152247343,9.951808721589126,0
884,-0.785669979069366,0.05965906679552058,0.8899719570177655,0.3694501875703461,0.03416123042632909,2.4673284514018494,-0.9226108647511957,0.9117778149826556,3.976407231876985,9.210466022077707,15.11287899596659,4.591524041794245,8.949078079155807,0
885,1.236185153721955,0.6777870386157037,0.8847527492744982,0.1665367530436976,0.09488735660928627,1.2837490622546586,0.5896459010439634,-0.4568692589118448,5.64000209237547,13.603098911465008,22.273776522745543,6.677165878752074,13.122779845851012,0
886,-1.2755224489452743,-0.3437540321709016,-0.060466558867824594,0.4590245976509413,0.12554255434787406,1.3451711385230802,0.4227612615996388,-0.47302141411447884,0.5012250574661443,1.171631007522894,1.2627903528543953,0.6128903183445656,0.9419829571874866,0
887,-0.08447800426022667,-0.3291282517440779,-0.7952154613483976,0.008196288306783562,0.05091929558560359,-1.2194186614268925,0.17256558472036,-0.8753964594325756,1.178253635303102,2.655605866028201,2.6983840971801336,1.419286307759099,2.1016017103293407,0
888,-0.9179216131591956,-0.9104610200231693,0.42425371354030816,0.4545516468548999,0.05062200346117098,-1.763326997822281,1.0990075986449643,0.1687848947772268,2.877624185979946,4.627841670999069,3.205055954800452,3.073955943960978,3.5205521379299376,0
889,0.7164534662882716,0.06269750653890371,0.9195997429386153,0.7171040396384971,0.057406581539644466,0.9501265611530529,-0.6482700370886473,0.3037100943240769,2.732483974160374,7.243272205048346,10.286693578862343,3.355835954105077,6.414318522831827,0
890,-0.4033774800937895,-0.9864368011973901,1.366583605267862,0.6947532364309752,0.04362548255190426,2.4887865711643027,-0.4388935810643181,-0.08231162708185047,6.168080683093822,14.969465177474515,24.998168311829605,7.276363568114278,14.56835060853081,0
891,1.4050361046976683,-0.3908072973439183,-0.14837914683749975,0.5324697336986044,0.019570133215864233,-0.3882481565414113,-0.4574161503320965,0.35354861172963603,3.9616494841155703,7.985421277681483,14.789946628746586,4.571742054521671,8.478279422615259,0
892,-1.4561224397585129,-0.5345370417981252,0.6341286112574482,0.12497949577929185,0.06330288933598345,1.0644036104630938,0.6371241226320128,-0.8102376426566631,1.235204428254405,2.033660821948733,1.7786139930520806,1.3701836203956559,1.651262135016131,0
893,1.4079824376779126,0.4479446022599327,-0.48211623392005887,0.6110422818641921,0.10924482980109886,0.5044561325419279,0.14035481617402645,0.46940697779917095,3.3230137933936073,6.950576449718979,10.272221967270916,3.960341586216737,6.559777821736724,0
894,1.9970396068218181,0.15710449863177067,0.926153615286744,0.5954189738524663,0.12837126030507384,2.272624306920692,-0.7366003020940435,-0.6690807272097674,3.5649693206902837,9.626607445458836,9.960742971726148,4.574986736361551,7.403194594998735,0
895,0.3454073136596034,-0.1014098742269911,0.21216807875750776,0.6384341875884069,0.13975717200738696,-0.41292087400720945,0.5230383493046986,-0.6064016243171813,1.9800741046592183,4.267707537592043,7.206366294578457,2.3417620915862654,4.270420590207541,0
896,0.1382077974180942,-0.9563904444389602,0.01125170139929077,0.43626916730039994,0.11031680036674969,0.7474239510349583,-0.3398478376660763,-0.9885381985737574,5.775889788480775,12.005388569772359,22.816853553682563,6.689152337163465,12.848354807297055,0
897,-1.5380565055082043,0.9461213070349046,1.2669994749459175,0.2600745304649163,0.03882794098858315,-0.31791853154981276,0.45585607106897474,-0.2863446546840527,6.623542847405494,14.297174347837794,24.39561701127081,7.710327706033087,14.365933032557539,0
898,-1.7308246090753778,-0.19440981511120725,-0.7182330165557043,0.25994400896896946,0.02444358686809566,0.7942003472282373,0.06391423978853972,-0.45827376540929143,0.7848010308355644,2.1273999584118983,2.268770095889807,0.9900979315623096,1.6533011186974118,0
899,0.21544992522496553,-0.014584305665523933,0.8879245696980838,0.7647874154721613,0.019600576346798394,1.9195673945399143,0.4915126518837649,0.3851070905958096,2.4183784675429236,5.629140742178034,8.322022944558254,2.973067695393491,5.2081694158231135,0
900,-0.5027964114301109,-0.31218360907015796,-1.483081545532449,0.7857638997098463,0.09097587485595732,-0.4883568803803726,0.10504517254122847,-0.9189459318074751,1.113209339337512,3.0532487535686506,3.5491056520366744,1.4022958897414008,2.454898712456991,0
901,-1.3053961788333246,0.24671984992680507,0.04278518905086015,0.6296598583421065,0.09881140356680056,0.5071783798969358,0.7566376903327521,-0.8634737888961987,4.529872734852046,10.269410599201153,17.547806650078357,5.292231111779391,10.233350106417406,0
902,0.763547185725141,0.43118142657803094,-0.674509350959967,0.15651970918991553,0.03207787131839988,-1.5092956828400288,0.057077258168626965,-0.728747377268343,2.2356104380158484,4.8697370571590195,8.522704812628122,2.5589295735213984,4.944308649693037,0
903,0.6371434456774017,-0.7898434821024609,-1.4193310790692313,0.2554321939566969,0.028778958559956158,2.4433102770504114,-0.47280887851867825,-0.5558718279489725,6.282480625657946,14.285980775697519,22.078079918315122,7.489714442700503,13.542933840171226,0
904,-1.2129207060031417,-0.25229419039301937,0.31754668599473357,0.6255562200370259,0.05468643716146026,0.6298549002139469,-0.04305624412947018,0.6929906925067968,1.355681783621317,3.0375501977053574,5.207968029564684,1.6239589160487231,3.0427558948722795,0
905,0.2761671086337407,-0.4202166562417997,0.6107617715347677,0.6560515904183967,0.06981609851459476,2.435986194411594,0.9098325100591522,-0.6060906606690171,2.4484528167808453,6.732737254117306,8.422175151263621,3.17917575381773,5.598927142030305,0
906,1.1470234886249493,0.2019024886995322,0.10443389342350384,0.41115086926365474,0.12801167141736436,0.5543639445172426,0.09049436412896084,-0.9022801864839018,1.408640388334811,3.8993124835924493,4.80737484288631,1.9212457302051231,3.2267228874645832,0
907,-0.2067885209657705,0.8160831240910154,0.6352101880338568,0.040763182444922746,0.13259884232265634,1.6333361068852703,0.11204210776686718,-0.955189069635437,4.1023127301664974,9.449516764151268,16.344702776709962,4.7934872813940945,9.448308409447726,0
908,0.2497184721352026,-0.8908219001471478,-0.5388631210875587,0.5031276951221911,0.13693696258232615,-0.7110218137026063,0.8640570789202877,0.8367220208010326,0.5294326323313404,1.535349135838504,0.5772814069132979,0.6550641100658113,0.8581253635315238,0
909,-1.9158244781707428,-0.521144324494937,0.6295868976824961,0.6054744344636388,0.05886252753255811,0.7837730638642748,0.2691806816688844,0.47954992320211987,1.5340561225438787,3.9061350008058726,4.48649298236855,1.872180609965546,3.165223292712045,0
910,0.8746337109804871,-0.8282584040192773,-1.0252494571798172,0.10618171780745281,0.13987201047642284,2.067713241764946,0.713789447032728,-0.7665628786480814,3.2624960525896514,4.261196499013112,1.6269159775793236,3.321687283731057,3.077351287127731,0
911,0.29708587967834355,-0.6255387478202972,-0.3948481873235925,0.21367302130993038,0.12433964722311988,-1.7777430024036338,0.3508300046641817,0.9677893275523337,1.1830178529595126,3.8197913431915387,4.646800527923975,1.6376506410587341,3.058647981328381,0
912,0.7482183330145338,-0.8415330219860806,1.2235485058875746,0.514463742151677,0.06844664694078052,0.7984623927055927,0.9097063931343288,-0.045745544169501384,0.7572604615420659,2.0451711120010674,0.9534537536455137,0.9297429609497415,1.2197398942515683,0
913,0.12528593124891696,-0.09510520156409297,-1.2822257210290045,0.6296561015418868,0.01896176154627584,-0.5271499485584485,-0.27162517054144997,-0.43991841582652413,1.6350446980607618,3.4126184129709545,6.408408866998455,1.9475137925843895,3.63157297266749,0
914,-0.3899714964223264,0.23601822076485712,-0.5658380633768647,0.13800955015862115,0.13040512657609,2.354163249285677,-0.09939882269683054,-0.34596057531082836,2.191248959515499,3.3265601351497556,2.3674543612153496,2.307715892816263,2.596350626045808,0
915,-1.8100716888870827,-0.9262969187798937,-0.32135401306379396,0.7441936146407726,0.10960628151023466,-0.753652905646125,1.123311420436946,-0.14248419348853858,2.410465854149004,4.358846456744229,3.4853611033553733,2.6375419474247046,3.3401562190170524,0
916,-0.8928290241014172,-0.1472935105512856,-0.8653703190485017,0.7085110161606366,0.054175996562653546,0.7898448224716068,-0.2662867228148075,0.803462835927925,2.134220257221416,4.198341286111189,7.202515977321809,2.419235666105169,4.302446822806841,0
917,0.5695230068625206,-0.0234962194374011,-1.1035710924559845,0.7215333302817635,0.08202253024076563,-1.0747351351929124,0.9070245403600901,-0.8911191452111844,3.9325306696370395,7.991623280663262,15.432611771120316,4.5140340099964895,8.658433117425833,0
918,-0.7436923306817134,0.07365680240429517,-0.4805569918701209,0.38138740430308626,0.03964743784964758,-1.8495845453355142,-1.1115500673195557,-0.6847068701757162,5.003722107985817,11.31712766299088,18.12684963899259,5.874521646550795,10.921761987645866,0
919,1.8117860560992471,0.15080626667347685,-0.033119624166145556,0.30745907144456686,0.10626302189750779,-1.7937026204695332,-0.5372883176336077,0.31180423932750556,1.7670869614465574,3.6304625336435357,6.738565281342499,2.0335134534112838,3.844185778270906,0
920,-0.08374254165908823,0.5401850779181774,1.1913295318699597,0.658698073096525,0.0276311571391098,-2.0426488223651074,-0.7933425586918836,0.5670613832004612,2.6704121084560715,4.721370948192566,4.4780794852608565,2.9547366190809083,3.8564324244809387,0
921,1.655324357970842,0.850897735407715,-0.6053526318886633,0.6722731024108467,0.0804353302533145,1.6139592417410364,0.11607562171200247,-0.7082135604417636,4.9417038737287715,12.554403712034366,17.00955838943343,5.991644493539555,10.950864241912925,0
922,-1.6831217957076103,0.9144382984186792,-0.2225923307052633,0.28041651591785427,0.05344546271524656,-0.6053279426226399,1.0679923869464114,-0.8745908251936483,9.027434264012953,19.501781163527298,34.636026873657904,10.454015849367817,19.99497427529623,0
923,-1.5237548504708034,0.5793030309636984,0.14822847402041628,0.10282940636876159,0.005169020516750456,-1.3788282586038632,-0.5740542294953493,-0.971573940850716,3.431373104982124,4.0589914295073095,0.09019038833743886,3.4525143034931673,2.6194179071973784,0
924,-1.1356378466512265,0.4766378739047994,1.0663010689110113,0.7185886638157744,0.05848710489653151,-0.9029313704822117,1.19966603569893,0.5386809018431775,7.529716545055314,17.06827718493545,29.147600236877324,8.811964769752091,17.004874667035633,0
925,0.1494083236302175,-0.49045713462120677,-0.5360836413446859,0.41229147906350977,0.0813124379686126,-2.431606778631611,1.1025602046515386,0.15121249470312703,2.934812838085928,7.705479496288408,10.534381287408916,3.590469072567302,6.711448993791707,0
926,0.35663297763653334,-0.5770577324923616,0.7949615364037435,0.5898116160734742,0.014273696010714609,0.47497186129960145,0.3796649887917116,0.6711363491477547,0.9930309338099873,2.8243952237279237,3.4633110873446293,1.1721699328870363,2.301438166753466,0
927,-1.1756352843291573,0.7552695936128118,-0.11555678487721299,0.07721889544451584,0.01584318322663139,-1.5109777316341522,-0.5213983056352596,-0.007188391080400702,2.6160394629425907,4.8086888870681355,4.094853723297772,2.8717930676292,3.7430539287554696,0
928,0.9950047909782396,-0.6265481959611354,1.4779553834986094,0.12921754541625008,0.08990669515832211,2.1447021793567,0.7980178149043851,0.29577840332631977,2.2958177864864946,4.811436377842615,2.7751316224225344,2.491163896101749,3.213832125635668,0
929,0.861971987163594,-0.7315887465892714,-1.4710108387192553,0.34731902748829824,0.013427838950745457,-0.7112371904358783,-0.6630172954326298,0.8326934447614853,6.346033899964934,12.697008917407668,24.35960340753254,7.290696399108341,13.749863507382377,0
930,1.5202239960322301,0.6378856970620168,0.6418328952419627,0.12325754328322161,0.007255113929872736,0.7694392892734623,0.3414195292202382,-0.26115143049103806,4.423401273970306,10.95300889723287,17.11388026371199,5.299752671724442,10.277062397646995,0
931,-0.10925333425761163,-0.021701223524021263,-0.7802156017604809,0.2513332895260687,0.06275843319952523,0.5158951495579487,1.0939660944417418,0.07696921903807996,4.832025720901845,9.789387178896265,18.711328355565072,5.588247352058815,10.558647111814835,0
932,0.9246556381728062,0.6140022047911065,-1.1594756360743392,0.5224997340431528,0.07231660803816367,0.3621547112394605,-1.107799354154293,0.8124314730947704,3.194591733919346,5.724020694118671,8.620012548943244,3.627820205891695,5.624369513683548,0
933,1.8111365983018004,-0.9930361526307765,-0.8616252238754674,0.14415533896715998,0.1171956775919777,0.49040029555910136,-0.7743992080878439,0.6279419106377209,8.24857235421755,17.849523064780723,30.753296722538877,9.586334460078332,18.014051088468978,0
934,-0.5861005127770063,-0.0782862474137953,-0.3380801840380636,0.41710416515298365,0.0720213703243088,-1.1270799866877868,-0.18106551001478333,0.8166742997086003,1.302878911254774,3.491324574391587,4.416800994016638,1.778051573759726,2.9411065012748723,0
935,0.011576545916980319,0.8327728208447511,0.15038114345389397,0.6150538346113271,0.044038696448956936,1.4520674502220392,-0.5656281288360346,-0.960900056714054,1.3009013185357814,4.427704610064903,4.721139380205731,1.759066207608239,3.3108302134027485,0
936,-1.3570842272892278,-0.9566942499359263,1.3411879256742858,0.7999816163341554,0.11433453954292809,-1.9593591812420619,0.9574691047983588,0.4875523665322088,3.9673188224601943,5.230276539347669,0.34765540522686855,4.025749007816292,3.266150130892049,0
937,-0.6710219383916485,0.004555823617864219,0.4852780237859067,0.019240380538616986,0.07523113681498426,1.1619771662749256,-0.7482591074488012,-0.11241885304133392,3.2752455743875446,7.146885055632914,13.099453897423867,3.7894536697784336,7.4354207252111415,0
938,0.13012051673973302,0.47113074391846443,1.3933611323793222,0.6786204384034332,0.09322776303449253,0.4182033741740465,0.2476480633744096,0.09035728531954756,3.1333622235052387,6.316682108303521,12.598308214627123,3.6888283051614863,6.983388594446913,0
939,-1.7625484789643058,0.39659278917641005,0.6490104003888089,0.40998428981362195,0.13055814081038145,0.8621840137833923,-0.32960482114315925,-0.9606112928027315,1.7605104470164445,2.9530036561689914,1.261085501832178,1.87497074997347,1.9798769565026313,0
940,-1.7633534140092797,-0.2964034767164274,-0.11368402440395142,0.13349689560674002,0.028399245963394812,-1.3489432061033186,0.6732320149830544,0.5425756819035428,2.8064037110576794,6.36259179919686,6.567053032850673,3.4097909075079045,5.061793653682354,0
941,-0.4682440583448848,-0.6552712368312084,-1.1672748448095924,0.06970344963773858,0.058691887634905814,-2.2722878333944028,-0.3992759108967959,0.9230664850822747,4.658762189094683,11.853577302847434,18.39868751216021,5.613002420195317,11.034608343250227,0
942,0.030018462440154714,0.6452893136703779,-1.1122021623138028,0.2144630259277639,0.14198196668160132,-0.582240515329882,0.35617470827597364,0.9522535583251788,4.516362989341747,9.145798240814203,17.540941234946512,5.186981520543813,9.87962889158512,0
943,0.20315102532294205,-0.38930810154252815,0.09584536785618702,0.04370975946468745,0.016855481113903673,-2.4641444747386503,0.9221040997560104,0.3425608577991912,2.8088679806899326,6.934859127002046,9.307430844029339,3.4706971663535287,6.062417102151748,0
944,-0.8066809394690075,-0.5576771615853908,0.5492298034733398,0.735625651828226,0.0448708636578166,-0.8922044530660911,0.8501777404650548,0.7867516317675045,1.9774320469200735,4.653960652762985,5.1530844846437,2.4049345593668336,3.7758366112347104,0
945,1.656146267319114,-0.41369158398661043,-1.1390622972109532,0.3519980575988337,0.044364729771177155,1.9193333340591785,-1.1120761396714922,0.26776093927254463,7.615887736804824,16.88982604557998,26.622775709666634,8.90638333120155,16.229185180735584,0
946,1.6247254629924557,0.953340733612132,0.45039179789412964,0.759938365617904,0.011348919393760093,-0.7036082700188011,-1.179084726415839,0.9623675443816369,1.4303844929697687,3.660112917087476,3.9537978836681242,1.6552989832386023,2.878818486441471,0
947,1.6109059150667968,-0.9438948875035973,-1.4456020486207022,0.2935755952850929,0.03878069501863527,1.7346613862125109,-0.8148374321475305,0.5812989254017147,8.638425577687778,18.858401191103866,30.65697274537874,10.023704309890192,18.448510285240133,0
948,0.21783879996265298,-0.24521645719002438,-1.0628407147998638,0.7981530447677369,0.0926979181382305,-0.30308883716002866,-0.30929386427344396,0.8114564612617106,2.737465918905549,5.487970881513458,9.579047931993301,2.996281768046072,5.640973596528299,0
949,1.284767232763044,0.6223715767364475,0.3485954188871785,0.7103652661566415,0.044891755818310564,1.0185306758164465,-0.22932541825945796,0.19999761711938424,2.528232776351159,5.8590941948052455,6.849356047733626,3.0642236630276,4.877427271969769,0
950,1.9926120024507714,0.9690495613506367,0.03785704940234469,0.4590907617318597,0.13459826537059513,2.4281785625692747,0.6686587263025914,-0.8696310840827386,7.664568447159212,19.02190033830261,28.785060149366277,9.319760321004022,17.57343471254883,0
951,-0.7094410626245442,0.7931246798406157,0.8050575175514414,0.5937864568195418,0.10018848457022116,-0.4236807518380825,-0.23222083117271586,0.6178649751816021,2.6667759175277292,6.718326651516887,9.811110841178023,3.1862409771664977,6.077488120783441,0
952,-0.8248788329397163,0.3696637454019469,0.67862557027187,0.6756447914892231,0.047982838606052354,1.2094463341910107,-0.9444242458111515,-0.7238765420961906,2.726553950179908,6.068589670067834,10.016186002347695,3.0727400879229876,5.950672895570929,0
953,-0.33065583930639386,-0.8895484472895054,1.3430949643960153,0.7215166484074884,0.0073400543288764716,1.691558609461394,0.021298017816060888,0.40392577674709984,3.833514276500506,9.657065546557055,15.152466406933835,4.513931666274363,9.044307035624854,0
954,1.547724677192749,0.1539489741553972,-1.1510186991461118,0.002062888389269002,0.07453822983771698,2.2461606606218005,0.17429249187167017,-0.2541217238235416,4.464721610486778,6.703316854909387,5.892342147820775,4.772705198053054,5.595384703770387,0
955,-1.8763119316763466,0.8299588345564006,-0.5185300174258735,0.563821921052077,0.10413558031671973,-1.2305841931562607,-1.0469339844942591,-0.22999924265631289,2.874773386543309,4.9639947472170665,3.7727407089709337,3.1167344036636697,3.79512609318576,0
956,-0.7314759446512005,0.40051279774465165,0.9593474869795173,0.17795633391333976,0.07923466046646634,-2.296958263059192,-0.6857860249596914,0.5235232106441661,3.429565247775267,5.598318276906363,5.024808946301771,3.7189300297600285,4.5877007442710225,0
957,1.1735932819562898,0.5528089269036065,-1.0728362250351897,0.4408277819747339,0.06340626216650744,2.4574314839754523,0.3697676857400065,0.8704041827914581,5.792795082418723,11.923202831235852,16.09389151264172,6.745776988687484,10.817544526757636,0
958,-1.4185987799662496,-0.09825345379954187,0.8148228003176059,0.2942861824243221,0.094876274423047,0.058510861868303454,1.1806305821231817,-0.6522549198690171,5.151857809590781,10.9776506048871,19.001554498260752,5.983779552033445,11.137696829024934,0
959,1.741394781320511,-0.19685809239340646,-0.09602110086811644,0.4228815069519832,0.03980498241503697,2.3182872130539653,0.9875692925634947,0.9458102004227253,5.169611737136018,10.702227604254388,13.849998132083181,6.1307502351726075,9.529626265559337,0
960,1.987678288838092,0.3396001903619441,-0.14494351258276605,0.6805871211970439,0.003570731675450783,1.6720202235675172,-0.006513541893583996,0.34644005416683554,3.9115329901543925,6.812343540893466,5.814520872570167,4.2471611825486,5.386235339340268,0
961,-0.5038157546299695,-0.26275369226636824,-1.4048485415673369,0.33903154434321064,0.0612531293128995,-1.3760444906596436,-0.6064241435045581,0.16827916088502337,3.7799464053466725,9.358631038767811,15.134754177546789,4.476916577253289,8.92969114422371,0
962,-0.7289142298419877,0.6605038180345795,-1.1658446794288007,0.4621159572600349,0.02400670907086535,0.1412031346032938,0.12611012868076488,0.2845953730514583,3.503958416176569,6.977747516792993,13.714482996422857,4.070079611407028,7.665864639958429,0
963,-0.29030021090842517,0.018949370258508846,-0.95714215175612,0.3704122797890637,0.05595455836414358,0.8306555232720485,-0.15642786360843353,0.5586833019604405,1.464380574168449,2.5705909696768297,2.338129928978255,1.6726810494439912,2.079198546791459,0
964,-0.29603160570523146,-0.5284576540520827,-0.6789338431242462,0.03622818007330926,0.08098782159013651,1.654404419501609,0.6458680963621684,-0.12442106732305724,1.7411690105172377,2.51461189574873,1.9132516076487978,1.8471582027472144,2.0354255744491505,0
965,-1.2155185794219512,0.7269688865949056,-1.329656897864795,0.31937818016199526,0.12849227135759267,-0.5341165629790179,-0.9170988701832962,-0.46810099930840776,1.1392296128388704,3.413791461140719,3.4495660589658375,1.5161937864307875,2.5523955185267067,0
966,0.40011776697179346,-0.6959281846108583,0.46480598052706723,0.3505295449593966,0.05015842512307828,-1.2953725973841808,0.7759919660561028,-0.20665210507319687,1.3054366504295907,2.02331139536194,1.413627253860489,1.4091319549055437,1.5636257853861601,0
967,0.9539170624249107,-0.11928961472523114,-1.2243984393396619,0.3524047801338084,0.07615316696036459,-0.21078903253311587,0.758980108195854,0.8217026980860587,3.4090070030453514,6.463799445100251,11.06001130087829,3.8883111770529397,6.668676442412462,0
968,1.1471147008441358,0.16556380442191942,0.12434988166467198,0.5156928240989272,0.04317454446590618,1.5592342307434253,0.8564356262487862,-0.46556567363633894,4.801110342001601,11.107820593256315,17.794396932138255,5.734348738385365,10.684433234057387,0
969,1.6112728325603105,0.6974654479833349,-0.2265396975524694,0.7272001616741965,0.01806584907172622,-2.360067203955498,-0.36511961857426956,0.13087139765469002,1.4578386719750691,4.166813030128115,5.792101834657595,1.7689780034446039,3.6019238613726943,0
970,-0.5942295418685353,0.8841354673427191,-0.7358693128345648,0.22497071487414316,0.09522414188172826,-2.480680588291459,0.5461369256510382,-0.2450610338136856,6.535881197853115,15.678401291330578,25.01821007349655,7.712819694337464,14.941029738237818,0
971,1.910991470573184,0.3828351860594972,-1.3433551347529709,0.07410224699357891,0.013225216038623783,2.2631112994597187,0.4417236989222104,-0.14478798542212856,5.489356522797083,11.428854969977728,14.41271502966044,6.5291192731631895,10.052189884046895,0
972,-1.1980692404798758,0.7472794928716064,-0.8953322169859786,0.565343373180654,0.11449865423180189,-1.0267195557229587,0.011795369209541384,-0.5540214353632122,3.6046160851182156,9.446530227801428,13.257679523503935,4.31878378561907,8.32452612948898,0
973,-0.48428137017800754,0.9302687965600176,0.5794141039632907,0.6772913649524122,0.08108993572001115,-1.3048012892432193,0.5109116560012645,0.0011359215811328482,6.651065691253174,14.072556287076075,25.088147395581068,7.754386577194067,14.518969469892502,0
974,-1.2926045275717652,-0.1751402207635795,0.4045206570489177,0.5882654853457906,0.03648311938355276,1.8799866967466556,-0.2890773430207728,-0.4577265642145032,1.9973721508844318,4.11971270167416,8.152796282254714,2.362752313579174,4.51723957180191,0
975,-1.2195197781851008,0.6083426688059472,-0.4375062751018126,0.3867192223103477,0.033422973534581346,0.9304553558446576,0.6744801781258136,-0.32114950209331683,5.710590471338993,11.187274752760315,22.319388792937318,6.574986432712995,12.422674848382286,0
976,1.780317541485608,-0.9387787808795278,-1.101170690177879,0.4710296252483927,0.10521102930725694,-1.246585052454705,0.12977063253923626,-0.3632275059143746,3.7299103089122543,7.314005814893323,14.422821958606047,4.284550145220073,8.068476439245496,0
977,0.21635698248636093,0.318655355528505,1.4184241607071724,0.364557488016947,0.09723240604070708,0.39019623959965966,-0.4378682546698248,-0.4938717366045593,0.9184861173611002,1.8234320999677454,1.8521309259029808,1.0077229708353523,1.4789870400530831,0
978,1.9514828869788947,-0.5862952765969693,0.8708258012227104,0.11726991281660881,0.1206526904041876,-1.5713577850522598,1.1211759456388009,0.37197531314903465,2.3938530090251326,5.080185975771182,9.405344991961504,2.7618012358110073,5.339995316608447,0
979,-1.6395270252966845,0.3863542389180217,0.31086228834465546,0.2700369973551668,0.03911039966350719,1.0938039087407607,0.579267295079678,-0.34558830209492686,4.381812383744163,8.748056263218677,16.78666411211105,5.029773450075576,9.477937172729725,0
980,1.5049084433580147,-0.4623455622230175,-1.2904067220755668,0.4798942758620629,0.01606058592474242,-1.1166796786675737,0.017247343316250996,-0.42728075528540477,2.1758777659393274,4.00684557012466,7.782294765049177,2.4878012435019388,4.438285554684143,0
981,-1.1400146303198224,0.4063708298113089,0.14099802420688667,0.6718089986002245,0.08718593919832164,-0.08276394113110808,-0.5729847561341083,0.5841317501825947,1.10850601250475,2.6951678906438414,2.9468456611180898,1.3757764182325256,2.162733511103257,0
982,-1.212515965742531,-0.5155431780536794,1.02476579025921,0.5929540205833689,0.09193102334692808,-2.305397346067133,-0.8945817161166565,-8.507962478065956e-05,7.025943228482719,15.590377397108991,24.670647860882134,8.237820666140559,15.009872612556208,0
983,0.985355693931564,-0.07179827161635344,-1.4481209267556507,0.14741599893345736,0.08831500494303271,0.9710852984399567,-1.1197720494914294,-0.9133364930789993,5.547706369924723,12.145348647178063,20.4690434353124,6.530877106075089,12.101717246332065,0
984,-0.9547595381745482,-0.8329966092268701,0.12583869658009394,0.09896158556534439,0.09723290023521337,1.386126596537935,1.1292399930050558,0.8968139232754286,1.5304356425544583,3.1142467684189254,5.115773293397835,1.6975562919177762,3.0978923405031433,0
985,-0.9065393990588873,-0.9411807947536543,-0.5117633516646961,0.5667840949701226,0.008970181390880893,-0.7014367116428566,-0.48471708588742335,-0.5613087283620466,6.4524029005513635,13.515623762129387,24.907554932559272,7.426000543812144,14.205274532953219,0
986,0.8245230189212611,0.31819401004874814,0.10648228210303001,0.7286197117452781,0.015470827909540867,-1.751553877609346,-0.27972076987340855,0.3117641037258012,0.8556321723359777,1.8002443779579773,0.6584826987197401,0.9957296648092717,1.0938807411850355,0
987,0.33631716898164843,-0.8519146250641361,1.3752744112394022,0.2440518531691132,0.053845892067464075,0.6181489952171177,1.068397241903363,0.32537647820654403,0.9365310920002048,2.745894298357785,3.9521949720257226,1.152466647819149,2.4056327734970284,0
988,1.8190933181908164,-0.6248177623590421,0.3564297869188049,0.6631031135010279,0.07635367023822708,-0.6891316208532978,1.1634204720765051,-0.718025319206679,2.517823660056141,6.008092096096795,9.647587457980674,2.984598622252988,5.750510826465382,0
989,-0.35628188988537346,0.7467475051213204,1.2014422395177626,0.7843056812478193,0.13272713883965723,-2.2452148730629373,1.031439599105972,-0.14366561718642945,8.374295088477336,18.109913692348268,31.138187484961975,9.848362196729678,18.27155509940924,0
990,0.6064767498263279,-0.2114482616657618,0.941004229840646,0.46073542105821286,0.12683169638310063,-1.5311426423961638,-0.7560405725882345,-0.11924639683042604,4.552216493897742,9.069952696470208,16.84555436377704,5.2607052388053885,9.666387590124037,0
991,-1.9809938201500779,0.3857059097925162,-0.6118388165759671,0.4458394769715599,0.010500534069127031,-1.6467782030865301,0.29486200805263874,-0.38867474577791383,3.9992395205899522,9.994275456796869,11.88301623153788,4.884228854306612,8.251382248108072,0
992,-1.1411122296574652,-0.5423069983844642,-0.8555419058235136,0.49828075954443857,0.02515368217041857,-0.6864682041005481,0.45092847742428543,0.027342114695301234,1.257409078196474,3.036917139593364,1.6133989175771448,1.399771284349199,1.9122946690450144,0
993,0.38912348310193545,-0.49818604107250297,1.2981446194956168,0.3311033986530685,0.04304459049185018,2.0216309202923615,0.3726950766345287,0.2278917262769009,1.6625730739897069,3.820621600321831,2.18669565279025,1.8410428149371716,2.485071379624254,0
994,1.5469386086646724,-0.8829194274572312,1.0130385360227407,0.5422914914440807,0.0539989192170194,-1.218243287380722,-0.9484658402842616,0.8821483404933801,7.949641178907911,16.407739195221367,31.91541375820605,9.22371984377364,17.804210224077963,0
995,-1.4323515866818552,-0.48112292853823146,0.5733215387084094,0.5681219503087941,0.024115305690389093,1.5706558038281386,0.024689446023269834,0.6969133562302179,2.1112789728357857,4.476624191615483,7.992604824799154,2.444347828903351,4.618587179665462,0
996,-1.650858440609822,-0.9143400018126207,0.41097114448304906,0.12001903768785348,0.07874235685999499,-2.4294562035774563,0.6718302253156805,0.7990603403570031,3.998349959044484,6.237363088625835,4.322346950359172,4.192936951532432,4.78671169456209,0
997,1.355531047857152,0.9167056263008366,1.209287263976369,0.3552144146322922,0.05975223126654699,1.9809183398577153,1.024653108857345,0.945671896636074,8.87739866157907,20.1063386639001,33.74032739667841,10.376111960985458,19.85483061274582,0
998,1.0732689393711308,-0.5960223401172393,1.3348624083321674,0.7577131734529757,0.09991970458694571,1.7864013317474239,0.14682341079348538,0.8882538908234454,2.6246528160917535,6.026468201079426,7.962359226995197,3.3083827460729895,5.314882347857211,0
999,-1.6242544136316353,0.7279273929695413,-1.333489112888582,0.27128564177441644,0.020298846392289287,-0.10432453768543892,-0.6426092208180721,0.9041447586679943,0.7127489346212809,2.7310704726623927,1.49667787308049,0.969497901537899,1.5790989742630388,0
1000,0.2372853346136381,0.7954614726074496,-0.6658245928465472,0.020782047957248653,0.11634825055258825,1.0118882998598595,0.10917994961806476,0.6306854594584252,4.3590108464459885,8.971404550789142,15.66314020091516,5.020133806239512,9.20008006006904,0
1001,1.36033749059253,0.17580661603634762,1.397783375561811,0.5757695580938619,0.1015313064243943,-0.6928910372067731,-1.1945794113599815,-0.518114652211644,4.483721391420619,9.16060078728173,17.870918691923166,5.176593485365688,9.972231609724222,0
1002,1.0556820272585195,0.4197425088743483,-0.5069335655097175,0.500466379630751,0.029293121920970576,-1.1818614036547799,1.0737794253659916,-0.17363885412881097,6.663432851543324,13.21771518121044,26.089252178818597,7.680468758109016,14.55916693928261,0
1003,-1.020049622804582,-0.02578350632201709,-0.33895236063790146,0.5836232298792846,0.14431741597363215,0.4586871222884592,0.21875324864859613,-0.2703322825530339,0.9565715394331005,2.327214460326049,3.3280830094310287,1.1388782759518667,2.0974485303522403,0
1004,0.2585237279011814,-0.3613422672257236,-1.4967237770629742,0.6928769383027881,0.06441661282825578,-0.03955757473001631,-0.9995978029777723,0.674221026810784,6.304198616251775,12.110361411433622,23.703725789387576,7.261606817228371,13.361646426844729,0
1005,-1.3186517184896385,-0.17875768243136814,1.020796641191644,0.3662263521708156,0.13967285031996954,-1.4534284828965516,0.5165587918914512,0.9559970471234549,3.049318115765747,5.544353330711282,5.959256107977243,3.4724827841785384,4.713126544754135,0
1006,0.19845454888124348,0.38436779728798576,-0.32032002119697456,0.6010698717803752,0.13633110847855937,1.015277835252646,1.0462289073143503,0.1773053039846193,6.416380695375361,14.38856237435586,25.415204408266497,7.483825535662578,14.614426796965573,0
1007,0.30854976180385174,-0.3907452237816893,0.6288824734913576,0.7055620174049243,0.09694743391933969,-1.3348038970070852,0.10586187533204772,0.5118748339028301,1.6711888001324104,4.099015395621217,4.933150326304356,2.0348714874869103,3.4144935053660865,0
1008,1.7574532594910113,-0.6868079009588921,-1.1175087271003181,0.3303548241863248,0.018841675419391628,2.402144562525592,-0.18166951852185798,0.06722103813580982,5.603742282915594,12.008420343606794,15.132977412333073,6.647888698755273,10.488330881532166,0
1009,-1.0916488748289148,-0.10174775292614147,1.4540818045836597,0.3909497210935756,0.0013235888706729314,-1.2873623487468473,1.1482915931484097,0.978135026821465,5.077077079841865,11.35504636067008,18.267537673902883,6.018087442345617,11.011707078559011,0
1010,-1.1580276409131773,0.2305281756877069,-1.2692750084837567,0.4619533139557033,0.01888810522296561,1.5933076182132897,1.0549799702453868,-0.6540263839010347,5.629659210544159,11.908614395411224,22.436567475438252,6.558989874419734,12.648351311860065,0
1011,-0.149151325620704,-0.7959140030507317,-0.48257997878107517,0.05207820380842119,0.03968197920261406,2.451118335446508,-1.0929521584286355,0.7179366592373413,8.684214935752458,18.869653454949848,32.9983206089299,10.064083479349888,19.17206504782465,0
1012,-1.6901896889835806,0.05799386223472025,-0.14364062271796296,0.745243728016516,0.029857479342763435,-1.6015899231018245,0.5969138125627975,0.4514389462007078,3.5939560775719195,8.302248345306948,11.456762818904924,4.550592272829487,7.460949399818086,0
1013,0.7967270819711949,-0.9477457676552385,-0.720120939825274,0.6719161422834395,0.0901287182185159,0.510974603660908,-0.489800147028452,-0.47965382288610425,6.512622116417456,13.108187397168903,24.988169753352743,7.52487808544063,14.135181588625793,0
1014,1.7862195520730189,0.45551055770642446,-1.1194016465944874,0.7501655537150111,0.08735552277270822,-0.8331881652145596,-0.24686532864096378,0.45080902070523643,2.1139066295558253,3.6315611336236184,3.643038586623322,2.3440057773537886,3.0509524826762084,0
1015,-0.49490939325566563,0.15748959823721398,0.6314984899452147,0.15629999784477164,0.1416362229363824,-0.719136142822951,-0.19350058301540574,0.39702873573564124,1.451479581701677,2.1913414272420995,0.41057136442077136,1.4754030164368115,1.3635580136530456,0
1016,0.4351403575510564,-0.11976032612164156,0.44922612090237424,0.7222626460576357,0.12004254249681279,1.6212950497738685,-0.5798198194384488,-0.16119330140472488,3.253490977685951,8.985669407608125,12.284876333695042,4.017841266490709,7.758995142345806,0
1017,0.21527656661623684,-0.9116183616770341,0.8093765411319738,0.25877073953207114,0.04238941170615214,-1.203539953219268,-0.5198897629918454,-0.32397033568433553,6.492137876252562,13.632599708577066,24.908952722768746,7.518893752157451,14.261996467495257,0
1018,0.4192982323046368,0.16713064380012632,-0.7328647391943739,0.165139421258566,0.12395372851070352,-2.0363833116181675,0.030774818882225885,0.0411217483785522,1.1703508468537627,3.380702887838945,3.238035636556536,1.558755169340776,2.4926023283088505,0
1019,0.2965472272464864,0.7713002318142714,0.3717418202843028,0.7789070129984187,0.13070296250230912,-1.4262987025639422,-0.6211600554592772,-0.3104517281696588,1.5758130596769095,3.0865467116203247,2.567009381485205,1.7674347069105243,2.345554216525784,0
1020,-0.4339423396794748,0.10599024061539097,-0.8024621013109835,0.17787614489101256,0.057208493605211935,0.8601155660637598,0.45150147143085206,0.9522334800805792,2.8703763509175335,5.306208175824715,9.828772005678804,3.2382548136730342,5.725432441093619,0
1021,-1.1903382643127438,-0.21428169628603855,1.394032493817181,0.5520069941324417,0.08884177872330287,0.1982302570067347,-1.0187750876729842,0.7867476176318207,5.533102773779255,11.175220973347892,21.229061050789664,6.389838652049831,12.020199304580027,0
1022,0.5020208616604305,0.1433348158560681,0.1185010299655278,0.3135313658568894,0.03819970370413391,1.2766099266724211,0.022962042627989065,-0.9321209354215594,1.2853996207791227,3.239731171094009,2.9661998536508785,1.5670742669421522,2.404106620351418,0
1023,-0.4036220009113469,0.8572072764456651,-0.3783163153774114,0.330586406340459,0.09359416845825534,1.5083740190794117,0.4043066824913093,0.700109462245893,5.741065672670651,12.589519531228023,22.157565720786078,6.6711604162708955,12.813561319032514,0
1024,-1.5441176518372068,0.8491851066372977,1.211765797234158,0.4153188692684703,0.09371133566808015,-1.4359347489929912,-0.12492614884466668,-0.5945932781603753,4.738575449278624,8.968530929634667,12.659769432423452,5.529717567348215,8.463034500135844,0
1025,-1.912093284235922,0.961806136254105,-0.7225604528693848,0.47448664711826827,0.04503755753067946,-0.6468918989478256,-0.24537225940254048,-0.3299065373504846,3.5444878959265536,9.24877984571213,12.589172022682444,4.266457715622499,8.041377700858588,0
1026,0.549599037359743,0.9218725409772122,-0.21409604998130094,0.7786613792434122,0.10016958560171747,0.5356809751050449,-0.6309507556825847,-0.8741585882012384,1.3655966245382674,4.360291323557276,5.092425565378581,1.745107230808529,3.42000477712309,0
1027,1.4077390811673154,0.1479621278885379,-0.2567584127253544,0.6495738576707868,0.04658705738659782,1.4180862798224365,-0.41288679502608716,0.8417623728083272,3.376395483068665,5.639326526544768,4.652672380822327,3.7209352813460743,4.472611845265336,0
1028,-0.9281325021727898,-0.7248917648508577,0.5942901250482358,0.1302778024518166,0.14240445754334782,0.7777755619443298,-0.6459344129171376,-0.5823621314291425,6.129525742761316,12.19153604737182,23.857797649867685,7.06131214095702,13.359789046095948,0
1029,1.6955001564816863,0.21571582569978176,1.18120802001725,0.08818016387666017,0.1388088293368764,0.10024655997044185,0.4042125991952412,-0.2542490569174387,2.746668232335489,7.410126073189556,11.029965882058276,3.31511934179101,6.687539990454097,0
1030,-1.7634387119766952,0.9159448826836583,1.483794987325446,0.2916374790083544,0.14158018946279693,-1.661368545192179,-0.8287573208194188,-0.853776319981657,4.77264084979851,6.188441221281465,1.340719843668598,4.856976240895971,4.176238198514169,0
1031,-0.43492236966339703,-0.8953954996368017,-0.31602843116130974,0.11071234291973459,0.1095791693359436,1.6668132466820405,0.4507570267110912,-0.5990116951276883,2.0842100869133793,5.0327633249802295,7.84140228002248,2.5414280443914654,4.741655512013973,0
1032,1.0673927716318228,-0.50099960593345,0.7784657909055825,0.4539180599171127,0.055006877443681455,-2.0825381099197116,0.7860228235368618,0.8793058415964508,1.4824511604346153,3.8077510675212762,4.935189384819805,1.8278002829579338,3.2503975121285023,0
1033,0.66367112000255,0.9290831333868776,1.3023342571289733,0.15568672064300293,0.10968185228973203,-0.7534759028115272,-0.02995833464249764,-0.6860691377023085,4.189702188698609,8.359697402265049,15.826562238337983,4.761376202745563,8.98892616906505,0
1034,1.89911771223061,0.45227476615281703,-0.6992750711070956,0.2971773521344268,0.06337243902431766,1.2376686207192011,1.021673440247003,-0.35711973403085673,6.959118073090534,15.996090544101104,25.74320672598909,8.207649928113872,15.430289595765604,0
1035,-0.10999964687832176,0.18641514566940232,-0.3199680227990531,0.4033450586925482,0.0158561443530153,-1.6616280613991696,-0.23735698267165228,0.829878023541105,1.188427776137606,2.1028401877585425,0.8984011264634995,1.2949518405455684,1.386395911162451,0
1036,-0.6025678170214657,-0.5004143827899727,0.7285866625478277,0.7593041328612875,0.0688685425595321,-2.4569752221640844,0.451558395541483,-0.16987839676771022,3.593820949503717,4.763404437757971,0.7200591338079336,3.657083366760977,3.0888936929969844,0
1037,0.6945821464648607,-0.4445669683415929,-1.4927755685491126,0.275596974996483,0.10571885139194123,-0.5344335849540538,-0.6739820648322576,-0.07198627173179695,5.022233413310282,10.036258502972805,19.27949118309774,5.79792816180141,10.881187745994389,0
1038,1.0093940931935417,-0.761133826415388,0.5752561009399435,0.5338752190431578,0.0556106819527607,2.3516809568974724,0.9472927187528437,-0.3676770383958603,2.82805626666667,5.475945770428419,3.2876576893778293,3.0380101973142533,3.7812989376733004,0
1039,-1.8756356264246277,-0.3833903865098467,-0.8858341723768702,0.43780153123807425,0.13781166317732318,1.8516875501876076,-0.4660100264044159,-0.14280493288872598,3.8304279218686847,7.853621696072218,14.761883983420141,4.406544206145625,8.374434501022876,0
1040,-1.8538312036817342,0.0883270152982989,-1.3098960598478135,0.7508849329832797,0.13004007522784083,-1.429061867812485,0.478484831668909,0.13604076486666616,2.9153106331772722,8.948931848758916,10.149938336141762,3.7552721044436286,6.979781455867748,0
1041,1.2054308500647322,-0.04869578649696016,-0.924684088002666,0.5118747200982654,0.01204204904939175,0.4229399558421103,-0.6895084668853018,0.36987287424712045,3.846012826769217,7.809270047906485,12.901427553981302,4.55478656052576,7.822491784649677,0
1042,1.3121726469124342,-0.7809505414358551,-0.2991943435542228,0.5868172702207974,0.024555459227828775,0.3326183501785658,0.4124135565017355,-0.2904127855212355,2.079321202577828,5.249523540799764,6.3499186989122105,2.5270615923925157,4.356335191926193,0
1043,1.3279290968104043,0.021316370093427572,0.38098451982153003,0.11269823736382296,0.003474026179900358,-2.2462571458750684,0.969408355675718,0.7652847684965023,4.378534046007186,9.44934922959314,17.285428337908247,5.102820682165779,9.84427555226915,0
1044,1.23036575664737,-0.6007758175302784,0.07637595584850976,0.6368936804386988,0.10120037718836607,-1.9223940316203119,0.949298879549817,-0.6786352144440755,1.8207056012448133,3.8610169435922166,6.13013753238444,2.0258318518587064,3.7461412083523116,0
1045,-1.3128172263466582,0.8020172583414165,-0.04614918271645174,0.2983134607651735,0.08304851134470848,2.4069866641605566,-0.9128869074214971,0.5138976975841305,1.3690071266348693,2.358807520451593,1.8694318145967976,1.5149749898707159,1.8306714374920499,0
1046,-0.6626965510234899,-0.7659014583047525,-0.2341999339411842,0.43900230218021674,0.030894245659222035,-0.4736527045169874,0.32562246113349724,0.1528960394404444,2.079424796233618,4.719531749465884,7.686840284184937,2.4982587597046066,4.595564924935792,0
1047,0.8926423762194022,0.6728090658748025,-0.2725790046918788,0.338373820369782,0.07450382016827296,0.33176689190651754,-0.9400255818290599,-0.3747292916104519,1.4402794178604628,3.458425678261299,4.731637947399408,1.812489845461184,3.0703518976024693,0
1048,-1.312432818491903,-0.22829447531173686,1.4200622177221094,0.4661847653447838,0.06440722798808195,0.329684476118544,0.4057837330252303,-0.13009307341919807,1.9842968553182576,3.353845259522412,3.149934700093997,2.2495280291006905,2.7713758473904693,0
1049,-0.2091607829884512,0.40280225876341724,-1.3174122503828962,0.43206445463067533,0.08209917183265521,1.2837613056419044,1.1583474056079794,0.5915095735736162,7.15956106425536,15.086738478810902,27.242288123587983,8.278722392827722,15.674448539279046,0
1050,0.01515445060187215,-0.6610936407856429,0.2647829148995118,0.6674391093701488,0.13986210954679987,1.6265518974705024,-0.7464753447298476,0.4251517286986628,6.266822960582229,13.966075596533994,24.584912128087034,7.25311873080075,14.170655078641051,0
1051,1.5206197899433733,0.3620339332539504,0.5572561227846453,0.400129829000863,0.09554643331882576,-1.0280964038848945,-0.9868557917142114,0.6554298094908009,2.825774171478818,5.75767953516576,11.251328730705817,3.231986235485854,6.273633354753704,0
1052,1.7725772295660627,0.7136446707538884,-0.49825933865759087,0.07482412104634265,0.04202075814471098,1.7141768790495,0.37395481831971855,0.9333884882058743,5.948043313885242,13.049640921075316,18.982272821670648,6.9946702298235355,12.093454139971715,0
1053,-0.6292759262515863,0.10294424058328477,0.8701146649146838,0.1871935541854499,0.14461349619894986,0.46198836245907415,-1.1810458480328323,-0.9496934487439752,4.913445888167992,9.761143057428214,18.74593738494779,5.6449493050763655,10.590652829670836,0
1054,1.5288640656063808,0.290563055522155,0.789217557191586,0.6272128007655264,0.06306896643761646,1.4930562307115092,1.0500778675500915,-0.6556577844607567,5.943630872965935,14.824635202192077,23.464454884797025,7.093308639877286,13.97914715197424,0
1055,1.0565455981680825,-0.38441598476886996,-0.5355209908384384,0.330203880829109,0.12955792798621282,-2.389719663449754,-0.15857710365536648,0.3600952991385411,2.4305511424379787,6.42591478411925,9.39186650192047,2.942179242064158,5.768717652749725,0
1056,-1.5583381668699121,0.584507194034833,1.3257077936920592,0.07274785686158287,0.022942220674631718,2.3704861247310145,-0.7251464621142202,-0.842120648593591,0.9882186021983473,2.0375490545282995,2.4878765819446764,1.0836878484863177,1.7624620564500288,0
1057,1.8087701455836007,0.7852454196189378,0.46717641819939315,0.44114474183004265,0.13788490444541554,0.7776003755571139,0.3801519823561679,0.6873711284039059,5.520744703497303,13.119861233028017,20.68755619391174,6.565060566907502,12.454954695821867,0
1058,0.6129827091696836,0.007353774075355091,-0.3308355063046564,0.4025071142329926,0.07837179736307916,-0.6958405944087409,-0.12451581844716952,0.6037438657270424,0.7866413641285469,1.4126870640540483,2.152264322467431,0.8816376038739042,1.393641585582398,0
1059,-0.33394652529644864,-0.9488804667291413,-0.6509420346784526,0.18539349127335855,0.11903730177479525,-0.2535347076409562,-0.5272546967156805,0.6214097676832493,6.489921992132981,13.703354001477965,26.191341879129006,7.49335793335732,14.664721155157718,0
1060,-1.923132781773552,-0.6514983145375648,0.9808644581874,0.4405213821283221,0.11604746618692205,1.690880073810388,1.060712372612495,-0.873150801393324,2.283339593474708,3.9462556801537367,7.000780533285091,2.4929838666801225,4.218411128742073,0
1061,1.196938973193888,0.4175322964396697,-0.8789231979703225,0.7453618130720985,0.0606302820459588,1.938052637274021,0.25227289119582097,0.05349589308191316,4.380967681927029,8.874079882108884,11.707184722960895,5.170051009144871,8.005674787013529,0
1062,-1.3619042644160824,0.8286552485746257,0.16998572208673846,0.004873924397453955,0.0027426811605424815,1.388163025090238,-0.8113527518918648,0.19747687125629043,0.08325540873692498,0.17873155109883357,0.3010183185132185,0.09335623343944503,0.17823720684863759,1
1063,0.7243278477359212,-0.44126881410300633,0.2079414252342373,0.19220699679125977,0.14194731410519257,1.8008507817458348,-0.5086973004060741,0.057628981900679443,4.548732450371894,10.672519269782098,16.40386699141949,5.4404291744368365,10.031578530915727,0
1064,0.0025314286156228327,0.9200465159001481,-0.31791365944843797,0.4497820436972535,0.13930598923311557,-1.6859447441172093,0.12116544786801131,-0.7886541592763407,4.88324611359279,10.198775836420522,18.075193151106827,5.623446023339418,10.509509132669983,0
1065,0.4699957272740023,-0.2686335932259907,1.4029082195388018,0.3323273449188211,0.02042814563125602,1.6699998046420204,0.7700800594149939,0.3897192390855688,2.345573682967881,6.525628328010117,8.788131693698999,2.874546902343939,5.585254801637492,0
1066,0.9952472075369121,-0.47056956462118626,0.42616050126834404,0.030415896964314904,0.029533521583505182,2.161397237765433,0.5741647129983809,-0.5386549180214844,2.633848561940246,4.058493265872117,1.7479001079936447,2.705682343851401,2.802640815126942,0
1067,-1.5544676419228476,0.8978388897370031,-1.1634370018196019,0.20565603843779856,0.02739509894991857,-2.4626808979411603,-0.4460765421646943,0.9483577431975252,2.8320189645877463,8.01934817963903,7.889970176346194,3.690690671894408,5.991470263361332,0
1068,-0.6323867767625742,0.008609758935547385,0.7378073517653441,0.4408640816633729,0.111538726111846,0.8081793409525764,0.26055125519763545,0.29929781442349035,1.1789286662396647,2.5513452104999486,4.653424116505968,1.3920560030501867,2.654314998278693,0
1069,1.1966574483130041,0.4203827896022083,0.8753247621155746,0.11647811062682507,0.10165105990658105,1.185109561627666,-0.4800805620075971,0.7491546556865647,2.1701546219467565,2.9677152948451666,1.1603032060874174,2.1979254296458426,2.1092444798283867,0
1070,-0.7811535867891983,-0.5123357612470054,1.1012904464415336,0.19761587049314136,0.06232536936477001,-0.6603858498159054,0.9553483741398539,-0.08952852342407147,2.71216396848725,5.181783070711145,7.70693607013243,3.1769275513478954,4.997957687934036,0
1071,0.7772357331848623,0.588077809287658,0.3837107422415287,0.7549555986599318,0.12037612938840121,-0.4989668616256844,1.0819484238184398,0.04914966654266828,7.369356933360767,15.591945884706753,28.91245692422681,8.504743401866648,16.412602262874962,0
1072,-1.9096907082204164,-0.47997344069420644,0.36518876111179965,0.1254519218595494,0.08761020673398054,-0.6920098884623509,0.08252515213985756,-0.9962503042534943,3.357353117407027,6.1113202177105315,6.899527107786146,3.8764805401732296,5.298108186888434,0
1073,1.3936854186747936,-0.2761490244489433,-1.079524697166141,0.350332685604064,0.07292659402332512,0.6870135524809444,0.05894985684547138,-0.9129528358658747,2.3857563015106975,4.324816660898483,3.748653359074668,2.6313071854645402,3.400898614991608,0
1074,1.486049288311059,-0.08698213642607744,-1.2690366824009733,0.6182625892233481,0.09902316281746024,0.7471888638461088,-0.17540639583465345,-0.1790058747580232,3.0089604906182403,5.247801483290006,4.449002284088127,3.382103195812332,4.149939596980146,0
1075,0.14535454554937122,-0.8988111742017935,-0.6031267073462374,0.7903153388498989,0.09932887336921137,-0.40532917291338943,-0.6663285529429127,0.4904187238004669,7.001866180767001,14.622609764548265,27.182185092129977,8.027927912375771,15.444791102471148,0
1076,-0.9588387611752345,-0.6752597923074093,-1.0364552992971383,0.583410623331786,0.0964215381433076,-2.150969503143847,-0.923897243130714,0.2676937347071542,7.164336245399341,16.64924372051122,28.048028239573714,8.410471273651801,16.399529589010463,0
1077,0.284464407488636,0.3719981207436269,-0.9658832749102141,0.5812703249737337,0.14041447009958247,0.505251572677206,-0.7292879528573186,0.3590877105682131,2.209264599622201,4.510415264522891,6.11319960149442,2.531332672497892,4.102997106941642,0
1078,-0.6276732658157425,-0.9014245072285572,-0.5929839139425046,0.7244680815601057,0.061670898026396276,1.8233266901554614,0.02078242445469991,0.03395597791920002,4.181729184385133,8.494282709993028,15.373397834966095,4.892602902696844,8.90408320907296,0
1079,-1.9791347157404227,0.27420814657794423,-1.1765584649087393,0.3829987317456435,0.03904752834871484,-0.5380851708534258,0.08898565360032196,-0.9710717707960543,2.257426621690735,5.867715920094076,6.3477783418001525,2.8272263424424136,4.6245988993197304,0
1080,-0.8616656669135088,0.9792238685837298,-1.327802622538321,0.2555147905258947,0.048213221244697235,-0.6030703953361871,0.44347420426162887,-0.5045124026340708,6.2395946559896265,14.084457026271318,24.870016699144358,7.25571632904527,14.283792147326118,0
1081,-0.15892262345578878,0.28972713370489833,-0.5330338250142341,0.7590180644026038,0.1469508952414022,-1.9016321615624443,-0.3748322774380557,-0.5840558603870494,1.95440648624563,3.1466574366542774,1.5428725729383568,2.051606529820679,2.198341601733547,0
1082,-1.2528416177715394,-0.018040323323440965,0.19148132440463672,0.3405216324780794,0.040883230964604104,-1.1068921287318019,1.181107575217754,0.847354747980501,5.250738868495297,12.845535498604157,20.32656291773603,6.31762348380314,12.158613533830959,0
1083,-1.6964046360425713,0.3131013039922512,-0.129367177545467,0.5510512777593296,0.08954410583108302,1.9462620004120872,-1.03922804570682,-0.30080417588458896,3.118052983652349,6.843218087417412,12.687687701521732,3.642375189202793,7.158925150697727,0
1084,1.9419765031023388,-0.6354293020187665,-1.1179996814800583,0.5831776048004603,0.11661527400261952,0.8613677383733007,0.6628699890238208,0.3874431441863444,3.694963753848997,4.940702285547669,0.43253292498546436,3.751526612797609,3.0956123505943998,0
1085,-1.456917270843293,0.21644379495701416,0.8306300476785973,0.6924132850595743,0.036935286402556146,-1.8628461953073072,0.674617064598191,-0.48690330992866926,5.18120182477961,11.655136497482982,15.512832848743436,6.080662810014745,10.312817632303283,0
1086,-1.8722820867164507,0.6504271272986084,0.017973401432580083,0.2613065059427376,0.0017143657847323746,-2.323362776460262,0.7022958493447071,-0.020588230070271107,6.718835735027819,16.228004812008347,23.613407559656938,8.056047431573173,14.773679175165249,0
1087,-1.4011118028141594,-0.28298874550196373,-1.0040845573874313,0.0903052425443093,0.04144617310112154,0.24754273731198717,-0.6959841412506554,-0.3126578374304658,4.305698011841042,9.725067253097121,17.128770943463635,5.006779357784229,9.848538798298963,0
1088,-0.08827646417416135,-0.1599405216336962,-1.114116602636131,0.031092508428710544,0.005318809042340838,-0.7491049098606632,0.5251249884895748,-0.7374894025414587,1.6442460724710204,4.0536801027676885,6.378900899154065,1.9189895014017468,3.814947072458007,0
1089,1.1479204654577022,0.4313486186276736,-1.4881695273431665,0.02139829838547609,0.029254982330707745,-2.2193954447470747,0.07522345264873431,-0.9207454770831685,2.261719271449578,5.5174610607897625,8.854080364909368,2.6332147493153397,5.253299684076146,0
1090,1.2105833519815907,-0.014075862108378967,0.6838631000174327,0.6005620407486729,0.07601459095053491,2.126814381267331,1.1765778572527392,-0.28157062797090826,5.471017284803114,13.034912874593692,20.46957814648966,6.5951459063144,12.35216708239738,0
1091,-1.4965434390030659,-0.2735236427042662,-0.8299383089571897,0.42480453364940013,0.05675814018786021,-0.09775292856604567,0.6316501825824037,-0.4519580509162957,1.8001547181684585,4.528935113071625,6.304156346035613,2.1766931126267237,4.007643164445381,0
1092,0.14989889855890182,-0.3296775013426232,0.8548825923619843,0.5116293059261571,0.0012757095765916105,0.8002567055260918,-0.7916111806402024,0.4489475804060785,5.056124524597092,10.810158858040506,19.571419830361627,5.839211745140135,11.215232138413782,0
1093,0.26935466738183234,-0.1970346445536506,0.5821992876217754,0.6852746286950242,0.11681155707931097,0.22689638285953784,0.5344663686228714,-0.1721708912144928,1.4972032436325964,3.1749837082721633,6.049028973558968,1.7859066200852889,3.3949554396476476,0
1094,1.1561044862525147,0.6581037832456362,-1.0881184893708038,0.19042508767515703,0.04049831060237376,-1.6695914050895422,-0.25791598344619027,-0.6139335771007755,1.7725565509913266,4.239450814883728,7.05644670039517,2.057041865715816,4.126240406452649,0
1095,0.382157243706438,-0.7967691142047681,-0.6902425409197308,0.5324165167570855,0.05978176847000238,-0.3926862907329616,0.7150206071001342,0.969023106581973,0.9408154601773313,2.1025294682268667,1.5000701816356514,1.154568597165992,1.478481392728554,0
1096,0.2602711330168517,-0.8418656570727845,-1.1912910773290921,0.7748005776235329,0.10188523691227074,1.2623455916690967,0.4218330184452994,-0.6407647966096934,2.6182439323089484,5.733518962782873,7.250151955146327,3.1000058558674377,4.990575040658189,0
1097,-0.20655135670095204,0.5961608752387313,1.0990888888262198,0.18986841179709765,0.08939426862507309,-1.7144904863077333,1.0998644954922037,-0.4955914220150248,7.891650117313578,16.67769486144977,29.623485914663057,9.141914636759887,17.17204073170391,0
1098,0.9065405144155867,-0.5377741115462913,0.34816182863562495,0.5274114456181253,0.0492642155182129,1.5941693271302562,0.9248901557938811,0.71013986050799,2.833014805444208,5.930462362719483,6.7770194852835095,3.335331458170062,4.995682141851167,0
1099,-0.6768071221411307,0.488680518025308,0.1784722646076724,0.4741026595936093,0.07161376278876927,0.5013057398443581,-0.8744300207142,-0.1823055337650894,1.8217613631869138,3.5665988786488274,6.692587270059095,2.1008338338706602,3.8343676369555166,0
1100,-1.289312952048216,-0.43978893805714847,-1.1165563922335986,0.16999648417761604,0.11728938836815737,0.2491823108883513,-1.143256515570636,0.5770489676042312,7.008369590299228,14.66097250421196,27.71285239470454,8.100310732695574,15.624689420034278,0
1101,1.6378735837179623,0.7608585515652753,0.969050648619965,0.7937731542407496,0.08796029333068994,2.3129381425745246,1.0772261580034257,-0.3735225389931214,8.330564764450163,19.520905914499956,32.23784342419526,9.798586003877753,19.00665283133139,0
1102,1.4537350242234832,0.5849453311175543,0.8273963322032567,0.7170246170335376,0.05762850148804616,-0.4997251705630905,0.33612554208872747,0.47560907562868415,4.216034097187837,8.815634358438427,16.017639057567123,4.8706827254865255,9.20186052650667,0
1103,1.518948410630458,0.7516906413185638,0.6640188731587795,0.7655142222572182,0.02679429284193634,2.251699235900431,-1.0459404431193082,0.11124376238383649,3.3876551052783723,7.0786863569723115,5.132591925191008,3.7595069227221067,5.055630708504718,0
1104,-1.639212171967511,0.13600195039627283,-0.32967086263284173,0.06528754520190949,0.09721752075362824,1.155989998114209,-0.7819550073120449,0.38887343861753787,2.8542023320418104,6.032878135997626,11.238459908935933,3.300295933627947,6.367691706455406,0
1105,-1.2838098034090684,-0.725207101369447,-1.0579102004257628,0.47926277516346794,0.11681862121899048,0.4844685073690682,0.7424434872437882,0.1829546821407384,0.41178615731533486,1.468553326142604,0.2927771840192763,0.5558880318617223,0.7075238034293369,0
1106,1.189284989393947,0.9530450022666013,-0.3271205760953262,0.11995374154151578,0.02030952175574365,0.48738798328299016,0.11304735805282062,-0.6315292429159385,4.811001642377781,10.849810456244105,18.597730399731994,5.658134832449059,10.84337623275107,0
1107,1.5284198506706939,0.9134967369083768,-0.7403530706900949,0.16550634472085363,0.032088277846132086,-0.5628923515432027,0.8477452207174709,0.19192121988223576,7.900748184087024,16.139760205644553,30.708477864621884,9.106691562330674,17.335365032539105,0
1108,-1.7297862730693203,-0.05404182965586557,-1.2290049509157224,0.3249712912067521,0.06052802134549755,0.7417633285482284,0.11868952071144245,0.749509564678172,0.6185933006858204,1.5095917483862158,1.3958188368508997,0.7650675631576613,1.133707922092647,0
1109,-1.9348992693381106,0.5479976441892982,-1.4320249771324747,0.2434318627810928,0.1319494707269345,0.9520708583856088,-0.7872079719212561,-0.01843091177611411,1.0721649284059638,2.9949718216999814,4.255221256613496,1.2688133504160908,2.6235887370574416,0
1110,0.8876167239119432,0.8746866426790587,0.4029635976546113,0.01974032914634183,0.07495527895444253,-1.7351918041458614,-1.0853290788601888,0.19702126936316855,1.230511579745343,2.7024347476642965,3.7039988609007555,1.4830581287352456,2.4393893693666433,0
1111,1.107687610041698,-0.9278788890071914,0.8507678128965583,0.565110303849207,0.1127980332252542,-1.2763581364214978,-0.2553709068157701,-0.7604983455855621,5.359923330214132,11.107605993307294,20.865440076263745,6.209769705849632,11.820867790520513,0
1112,-1.044436199062134,-0.39442065704513984,-0.5416900813896416,0.14003191047744945,0.028306769710671503,2.007351998960801,0.6813446755574539,-0.3110445930171253,1.5666110010215843,3.404281947488068,5.009844882796783,1.8961461108346904,3.1838359604754,0
1113,1.7905741579238428,-0.5221545744153522,-0.2795386396498478,0.6508202491476566,0.066432955530544,-1.3268733854592702,-0.3155148777084279,0.0014421447493631057,3.8343875588163097,7.701689399481615,14.599798584707589,4.4281417097317615,8.283576833874829,0
1114,0.48257753464134945,-0.18878700083695343,-0.20608700664007729,0.21115489024114018,0.08030209476261176,-1.402718831152268,0.882062923459382,0.4947341405326029,3.046937016284533,6.7664354160700695,12.274854453774596,3.560077555855378,6.9824758214242975,0
1115,-0.35888404634326365,0.49445569406569545,-1.479012174571881,0.27559137811391726,0.06604517222201828,-0.1510074622715134,0.5969555465048133,0.9256148551234276,4.955291944778744,9.718594665583508,18.97690282338887,5.664686776147859,10.661705507740123,0
1116,-0.48001147822878787,-0.2988003009442506,0.3315456797411884,0.22500289135326312,0.021202550072278385,2.307704352460994,0.742871896341653,0.9169991060482556,2.550159461596943,5.620616544759095,7.756396734416949,3.014407531034462,5.079592575335342,0
1117,-1.1286684852643334,-0.9643815700606588,-0.18821527278568073,0.746887170393265,0.020748800830763834,-1.9140723858270081,-1.034513317809979,0.5300359978639495,8.850604577040215,21.170784010169545,34.91305125927326,10.471255199879044,20.52745747393281,0
1118,1.1437061353341558,0.3907521113269281,-1.3401244646329917,0.5786306686521631,0.06729432126925307,-1.7105278903169752,-0.491697574836955,0.0022936798659218827,0.6606485367174213,1.4916041761213892,1.8446129658045045,0.7527405705823474,1.2743337606512295,0
1119,-0.6813941109212758,0.9394984534831847,-0.07577477487840212,0.2977204082017149,0.1009748143452055,0.752725284279574,-1.194145727027358,0.2369473966014859,1.17566633354784,2.4088275340003755,4.363080781320628,1.3237023237168057,2.516642627032333,0
1120,-1.0249241009238652,-0.24953271682415679,0.6190466722045329,0.4459089768085567,0.05529827162326454,-1.6629482408143796,0.013157249394607717,-0.36126795298559355,3.2536130286269387,4.963365627742212,4.133992109514007,3.4920100440279596,4.054492234167743,0
1121,1.6517112336323003,0.06869328057810131,1.0978919825112374,0.3121448227868091,0.12411557456819407,-2.2173154891396067,-0.4845143386367641,-0.8436481339106012,2.484825258042175,4.305875385396608,7.254257009032846,2.8159543160312626,4.495082727344615,0
1122,-1.8733992771405044,0.8377244906462378,0.6506062331990394,0.5000880515747765,0.07987392141177495,0.34777018108421,0.3328569153274885,0.6531595894802065,5.212423740161431,11.625741113465025,20.41730253099862,6.105233774531864,11.787163592840708,0
1123,0.38755422318211297,0.4971615262217648,-0.6570658445107953,0.7814093902531778,0.0047845812655543385,-0.5671170236134226,0.9169189236088895,-0.6389540746276197,6.366529183589532,12.677958611352928,24.675178700897316,7.319319326278881,13.847831881379818,0
1124,-1.4346476282653682,-0.269138466200173,-0.21541589844951758,0.7467152485293822,0.12541793020632316,-0.17955181154742927,1.135140242115847,0.2845568083181287,3.9350253362207632,8.414891645786325,15.009918498844502,4.580006095865086,8.665951253841985,0
1125,1.494634927927565,-0.5078860390263491,-0.03310777710005164,0.023773770685146633,0.0013320289899673265,1.0272661046973224,-0.9160953060825583,0.09561647422163522,6.556509024341819,14.945793608333496,24.854064417830553,7.6988482792752295,14.676794943079283,0
1126,0.7840299288400798,-0.9355308275407215,-0.15377580256295387,0.5473215495886719,0.1334596481782275,-1.0038494969917178,1.1381196712423927,0.6890829993193948,0.9918743048414919,2.258902251949501,3.6794954798152295,1.1474684271541669,2.193828453697283,0
1127,0.6025402883274174,-0.21614898550773765,0.6333311285984955,0.6529546152562827,0.045494981232983595,2.4641503245351464,0.9806864874111334,-0.028997119314154718,3.8162948392204346,9.150664734336265,13.393569383276596,4.680792834137939,8.376237970463782,0
1128,0.891319663101581,0.048017789237563724,0.7827916565910789,0.6615857631023851,0.0034833832735563786,-2.1043398514967535,-0.39247820189585514,0.835227265264699,1.9057698580219218,4.71118282559805,6.013757661067465,2.3432032881979685,4.023533432226028,0
1129,-0.4069056674264413,0.7750244304038485,-0.11269826210474121,0.23108233624925872,0.13509677745937426,0.30335384459338766,-0.3348376919279008,-0.9111859927443664,2.0814356882257266,4.153191224370816,7.691403441497636,2.365512386230211,4.414360344851274,0
1130,-1.5562674702071044,-0.721379344716939,-0.40549112876818105,0.4858663645954752,0.046138517163289476,-2.172361831175999,-0.5644590304383988,-0.18263669820077966,6.230006479558181,14.485087747997913,22.44978141632182,7.460461797069498,13.695508872870322,0
1131,1.9690797146893164,-0.21402619049812266,-1.232413743757668,0.46489185157914675,0.13794601089394345,1.4334784943087504,0.8069239420493679,0.8564635922046608,4.891005906598579,8.713575819793903,10.501319624813782,5.5854428890509515,7.790314694266973,0
1132,0.546174013542152,0.9898454613069974,-1.4001552903610475,0.6678717409148498,0.12855160042833924,2.083501953809825,-0.05239330167396217,0.5755118472412,5.281826269233309,11.32978579579102,16.38874539413726,6.093468719035603,10.509454109652037,0
1133,-1.2196784035152808,0.2062604503564287,-0.4240645429096159,0.4769389205295804,0.10133407607374505,-0.7646566662691057,-0.6810280816731072,-0.3566241822813305,2.4980231982073606,5.997948697994678,8.543643078637029,3.0163022115216434,5.413514713603885,0
1134,0.6558289804297703,0.35374846734562104,0.7239508080722965,0.10122928685816479,0.12277760853816923,0.940739007704777,-1.126787815942466,-0.32880430112989845,3.414664487345671,8.491199428864993,13.530245888186894,4.041932525984817,8.03502619391775,0
1135,-0.13315497637409157,-0.2787650192263704,-1.1477493353747605,0.16587702760400563,0.003684209236519881,-2.0346141932371857,-0.5608797174610926,0.6399405312714612,3.6974928927168325,9.644907071406005,14.657866074620562,4.451820821881174,8.845261893811136,0
1136,0.10655003974880106,-0.151004218617788,0.48648883187564707,0.4332084482600042,0.019727089013343933,-1.3868831808790523,-0.6659463336225416,0.19990502522468434,3.799921257578788,8.508147068561522,14.299933590661906,4.507176980622976,8.433118273102963,0
1137,-0.15350253524261426,-0.22482987487829265,0.16991751864536386,0.7760926286260458,0.04712901840838152,0.1009771681675864,-0.047111962454122525,0.4332860634916895,1.3133389807940157,3.0318543385037775,4.684865690180464,1.5778364048820497,2.866801343331682,0
1138,0.9211610719316643,0.45814144282608105,-0.8954412601837656,0.3592745090889502,0.12167620365437062,-0.5923491472967812,1.1622122814958293,-0.27042651641560167,7.244606228899844,14.647531740179996,28.613524527830137,8.354637465214243,15.987162495594418,0
1139,-0.00933269063212716,-0.050948810394906285,-0.19900859259227244,0.6765050946556973,0.02329128563220203,0.33832353206991517,0.28464378565301685,0.7024426161387416,1.3309940970016516,2.673346684361327,4.068922770720003,1.5800223757192904,2.5799813031968233,0
1140,0.4368006397044337,0.9200406955755613,1.1165031367827867,0.2789919586821852,0.12898596679362517,2.2923890704672782,-0.5827267657809928,0.22041761332881693,2.094447869483538,5.895747305680957,5.865491250219686,2.692339446863952,4.42593987230165,0
1141,-0.8727843506314579,0.2991345581644351,-1.2190715863589343,0.5873504174952461,0.06297297428930142,0.4365358933821839,-1.1379302339436044,0.3908829104206566,3.769390159371063,7.360875393402794,14.55518093965423,4.387148600834618,8.144348807811888,0
1142,-0.016034583459026308,0.25050201537568406,-0.5529960828714778,0.11665613873713153,0.0653143412994213,2.219895606431816,-0.6532943360308672,0.3516780240705033,2.9289477668633994,5.7953137707928555,7.057378576623365,3.4263365307612403,5.0771256873600095,0
1143,-1.8006258238618345,0.43619957053385683,-0.7846884395955208,0.361213648183466,0.05516296508921611,-1.9357982834132226,-0.3706033139717383,-0.29975008341362885,3.359113958181025,4.607727554630062,1.0698366893206006,3.38788355629941,3.049791816269447,0
1144,0.0884225561190064,0.9447030658799747,-0.08994743246810888,0.7315409245061071,0.0692336487843833,-1.9622834956253028,-0.6476330513377435,-0.1849646478847995,2.0476427996471798,5.260263777794459,5.242961543258733,2.4925142771507875,4.01451186392519,0
1145,-0.698524908119261,0.7316585750649833,0.5359368065896541,0.4626467615349388,0.07368443268550358,-0.5136469085546658,0.26926185559682714,-0.750785669111238,4.76016751771159,9.805944000784313,17.458855472548887,5.517055706121926,10.15919566792563,0
1146,-1.3498672471323774,-0.3937672932066001,-0.9864461506167768,0.5416789752198533,0.0037152482109367945,-1.6991125416662496,0.9662594627971279,0.9950862964441738,2.7164611431050156,7.747917649832561,9.994087430633714,3.6485842901770833,6.502398296089096,0
1147,-0.04963808868762776,-0.009259853956483433,0.8201962867123145,0.02895166209646005,0.06405322228514672,-2.0008605909252006,-0.23777668162443377,0.9676436822577497,2.1667948701805275,4.252440161808221,4.247710264965589,2.5108221760676894,3.4511658066930697,0
1148,1.0145331232134445,0.9700917513704359,0.7381458770118052,0.48648805744527074,0.1131331249390865,0.7954583648549236,-0.08624152823541986,-0.41490733198957996,3.8501741034819412,9.299954443104408,15.362267012296051,4.571141609368598,9.010832828601579,0
1149,0.08071223733741961,-0.48301305219713897,-0.03997096067356409,0.1169083247368688,0.08480926484550612,-1.2735815459394761,-0.49534055054023274,-0.001943716435223175,4.369602314169692,10.010112393729704,17.33161256578066,5.102340308699333,10.023632212973949,0
1150,-1.349894987913677,0.9247597672718382,-0.15916705382137142,0.28182338370140086,0.004379490763887139,1.7162718155611643,0.30200139673532234,-0.1671896903174055,5.468901858091561,11.128041450107087,21.412625741093457,6.308688184098152,12.033739533197448,0
1151,-1.0178688026460971,0.4902748373507704,1.3364237272250015,0.3046477645216162,0.02023141025688469,-1.954026263636313,-1.1847312663986738,0.48791088154344386,4.269544307147465,9.311175175071611,12.104314219004337,5.082385904773917,8.213748700844416,0
1152,1.925581543606682,0.9856355055071364,0.8525917630287765,0.12974702263683488,0.14665641838696822,-0.8609327849902453,-0.3993129372178952,0.3746739057848778,2.5968087387599197,6.201406406733249,10.160920045678479,3.0652309173922623,5.994263649090721,0
1153,-1.8038032517021945,0.6515394598151185,1.4918918294632322,0.6200558224719339,0.11725147368109998,-0.548431647167245,-1.0417886663624234,0.5853348684688466,3.294902904436896,6.191776204007806,7.166763871216738,3.7518048009616263,5.371213373994594,0
1154,0.3886323476192022,0.8186773782441688,-1.1521112994995024,0.24409845047528667,0.05409842305850796,0.9163985427234573,0.6905883914475719,0.9220408171688406,7.053783515424817,14.535708351865136,26.334964725404422,8.128933068236117,15.190230284631923,0
1155,-0.8183713667033823,-0.012727182871505427,-1.4131172097561047,0.20239030248711032,0.05610052621794605,0.4690310326272411,-0.06997081536198224,-0.2710498804460053,0.637650049449885,1.1892308682326256,1.3060381826043808,0.707823617056142,1.0106580917916816,0
1156,0.4963118661173662,0.6572313542340007,-0.7749566010456324,0.27430070340832985,0.10573854745305299,1.3897029937926515,0.7809524921631534,-0.5813375622059427,6.545863985140029,14.197991620513903,25.137588342247636,7.626622672191622,14.527095451589634,0
1157,0.15706784497766257,0.8000221970505688,-0.3241486347255247,0.34390647217724457,0.14772344158510287,-1.934736769837473,0.49344477470792647,0.7003682540817837,5.7060794356756706,13.258551268739563,22.441471674030083,6.705561704730295,13.092386884006624,0
1158,-1.3968259334639304,0.42890647201447485,-0.09078533396867328,0.6823127077397146,0.13611784752538592,1.862424515772867,-1.0454756698103693,0.5137105536299484,2.8757714655446955,6.201931607997326,10.947100411198516,3.369696956549575,6.344410741077119,0
1159,1.6861102999433175,0.24269688134186196,0.30262818143547054,0.0360043099184888,0.12840495333089078,-2.2679821958541924,-0.44757694467678244,0.851726130574431,0.908763507658793,2.653984152061836,3.5998726509019034,1.1555562790703398,2.2643417210937935,0
1160,1.7989805709180486,0.9838010809518452,-0.07079314316134133,0.14194363710480867,0.07319167302436258,-1.9884353745847538,0.8940866615279275,0.12107446653300968,8.261218045713154,16.45634350457025,32.80037782300148,9.54617367227463,18.20999917921293,0
1161,-0.3819764033329789,-0.8409385950383912,-0.28427796955010853,0.6929532867120871,0.1055108898715819,-2.087722412445167,-0.8162227206571779,-0.21538301858499076,7.428585322332199,17.64846092752655,29.062777780854915,8.769851288007988,17.1189323380149,0
1162,-1.5944996692563254,0.8680823839865419,0.4568761338926275,0.07585840104315605,0.1182086193570691,-0.6579703571402855,-0.61231045307227,0.13996988387938214,2.4859242179081726,4.4375611773951,4.372345557075887,2.8150006824549934,3.670249353959247,0
1163,-1.9465114675178348,-0.06920467979149003,1.0314149792855085,0.7424460767884548,0.051383205662465965,0.7121829408252216,-0.6556237479147994,0.12042614196941814,3.581767353659927,6.984284336476518,12.595258374873062,4.169072047617168,7.365300224264569,0
1164,-0.9838890953872439,0.14271301725490582,-0.9848336481203072,0.7529860454085947,0.13303762146109374,-0.8154087527558007,0.6639909334198622,-0.8089917385356109,3.6995576959529277,9.63826960269985,14.018889885705068,4.450748035549298,8.652089958862282,0
1165,0.9614436348216957,-0.4350817407745917,-1.093074693972413,0.542552974322891,0.07047102267290839,0.1506980086522196,0.04927148193101005,-0.8811040357879609,1.9801030816124672,4.436514736660204,6.753982547308142,2.449239907413083,4.196104100415552,0
1166,-1.794479003629292,0.20233500789619385,0.37159392706624983,0.03773964521209168,0.05676589978317266,0.5642563978021369,0.3760335738073832,0.656551518553103,2.6373968526134495,6.322517481017766,10.184236890516894,3.1691189852965245,6.060157265774085,0
1167,-0.31707086561247655,0.09651556229393754,0.2356811268264516,0.2496362266402552,0.00807381036624174,-2.478870368974477,0.8067009986844595,-0.5995363549552273,4.7730186368934655,10.921072091303916,15.760843464997432,5.633888713261158,9.999869129284559,0
1168,0.5210186566365422,0.15409495728783917,-0.30110076977844313,0.666794646960507,0.10476023935400684,-2.386292682804135,0.6640657760560433,0.01399763600352455,3.854463885269137,8.825786463668674,14.469528275544526,4.602293459378494,8.60516293328255,0
1169,-0.6119228436686126,0.45376931302335577,0.558196888938808,0.24847059029515928,0.1474558307246822,0.7435424335587664,0.2538713098893446,-0.8602392730364559,3.257567073445123,6.478352841580824,12.077815197667041,3.682244640164094,6.912344997824306,0
1170,-0.8827248786210502,-0.10605199534711707,0.39187711292902905,0.41021090458430226,0.11445494002070868,-1.1871614376604906,0.4851767886779623,0.633194093782325,2.261350089515681,5.00270077093958,6.627341634333553,2.829090737738121,4.450326822210456,0
1171,1.0601999023318132,0.5416931691760669,1.1655211717864962,0.0673428339843916,0.10457873570611545,2.343391005582305,0.17676155969889162,-0.5653673760312148,3.4097739713771107,9.768383851934093,12.76593702980703,4.398627568666526,8.223091212802123,0
1172,1.9950152230968516,-0.6506454143570422,-0.4933269078754221,0.13764975073373426,0.06967693031251024,-0.4056199519452086,-0.021021848374625396,0.8559668001108591,3.589355242681124,7.43249595515099,12.004655149448965,4.160623392354815,7.324014243419804,0
1173,-0.08670245666309961,0.02925265242728825,1.1600463177554041,0.6542063952118659,0.03595830468381663,-2.435370223855749,0.31079902128492254,0.6896996476750401,2.998970245041903,6.118326936887816,5.875099286959005,3.522911619720453,4.850010102638663,0
1174,0.21140045044160027,-0.5776461599743097,0.7240652720259204,0.5356314260890159,0.08475488061128293,1.8166808701049186,0.6821816470536786,0.3359041828455607,1.701866112965162,3.261338545591623,2.0415531225164214,1.8604375161792637,2.287471085939888,0
1175,0.6590346760928734,0.3244052685965497,0.07549423474969186,0.37113731571507763,0.10644006892480794,0.5524724073511553,-0.024046650478696474,-0.7466772921779168,1.391692788230056,3.556920030976567,5.2885136270990465,1.7892877068361948,3.2500667045753207,0
1176,0.8077151546126622,0.2919971411559308,-0.4732547220794894,0.2850585329720614,0.03700835762028784,2.3095762818250947,0.8644832708849342,0.12209805882443359,5.753496057141055,12.961824126846695,20.140193927360816,6.826956091177246,12.339349842522294,0
1177,-0.393387413765943,0.47365052739284663,0.08318452837799173,0.7806808271320912,0.008268392088323183,-2.3285713297326245,0.16466644313609602,-0.5934415546221865,3.6257148491349525,7.591010951295458,11.138456891876293,4.445030466399872,7.151057854331999,0
1178,0.4172166542007698,0.5628460570943548,-1.0856707164453816,0.35248657935162236,0.10330006251740328,1.6693178533648565,-0.00877418391274265,-0.5876928261879568,3.1472276687099914,7.120039049837436,9.747746491060607,3.7781216577437404,6.382316128656784,0
1179,0.3431970223425318,-0.09096586255000094,0.8157762810134574,0.44446085136235847,0.04191342674556462,1.271964598605941,0.042592831108703155,-0.644906895443345,0.8401210626726295,2.4112151638820376,0.7497317805841828,1.0098705796239251,1.3013074601040475,0
1180,0.25228929256797805,0.8966401196917457,0.6165487828132084,0.23904268916638316,0.10663097629392872,-1.0869684449891053,0.10245321009902852,0.05319152757510559,4.5178782908881,9.75781472810657,17.57102807781819,5.265683976968818,10.080584726740739,0
1181,-1.0104364843527853,-0.30423760024036395,1.3265443643581367,0.2004788291323469,0.12015405654464788,0.8368529000607001,0.07830991806183474,-0.7249702610696731,1.7007553481131286,2.7515415567479224,3.9637722814527554,1.8843812643618623,2.713258882330328,0
1182,-1.1817169891744888,-0.6420447528191922,0.260382776921257,0.7787065573747824,0.1315858894162492,-2.3737405853521136,-0.5430561012903683,-0.6854850821259557,6.189536610666097,14.640971621528445,20.758140261193542,7.293471753115813,13.205941723328007,0
1183,1.902711367591607,-0.5287795308043699,-0.8960604448836182,0.4967002348658074,0.08342798753621797,-1.3707425810938256,0.40887567488938137,-0.8059855774106217,0.8713844702829168,2.13331352490346,2.0077352498582908,1.0613629386081962,1.6098662673742201,0
1184,-1.9225237358764313,-0.8351704185873063,-0.40539532207268225,0.780013062299854,0.08208704982140458,1.2736305150773357,-0.42841019464425756,0.4386781309666583,5.4980208791935254,12.302955572513586,22.137689035981012,6.365554686805974,12.618155114987035,0
1185,1.86472479248943,-0.28447821943589346,1.4971783042050752,0.5107279608253329,0.11228871186970857,-1.2391638057592502,0.34341784602537984,0.022012502924774857,0.6476544419832151,1.4713278778345213,1.0000693926079345,0.7347820338876934,1.0091937171164707,0
1186,1.8256105819097441,0.8093500955790309,-0.3099822032247683,0.7574958012305868,0.13272188291250145,0.45191925184569604,-1.0029170189051033,-0.6784195186809245,2.1732438075429754,4.492151104794025,3.2376972766983467,2.491626686812208,3.2200903253918245,0
1187,-1.6925030213047991,-0.7840137707018779,1.430857123179233,0.16973383937292186,0.10362818735109945,0.6826412884138482,0.3147476756472092,-0.5865920008079404,2.971198358450082,5.293237248894444,7.943233557310393,3.3416219738681376,5.196462946783289,0
1188,0.31738637753843824,0.25107669916990316,0.2112159499353332,0.14892997382054293,0.10845908956120634,-2.133784190417445,0.21888002836709264,-0.12748133519737337,2.5942286465635775,5.749626465529193,8.234573589639814,3.1171975449173197,5.285248365011507,0
1189,-0.9988536274677053,0.6147779780522775,-0.9723222999834483,0.7463854079183608,0.13268475424817805,-0.6970622641895852,-0.4676329659393761,-0.7250266331621957,1.4076401522197972,3.606540626494058,2.69143468382169,1.637524631300425,2.475437101890706,0
1190,1.6653112637358234,0.255063717646544,-1.4046492535697905,0.4087995316492884,0.012869842174408036,0.3687534247642086,0.021508123969949944,-0.834307908994556,2.630282813269336,4.834363295152034,4.82465843852277,3.0020180172012103,3.986993165803363,0
1191,1.2634423724670913,-0.47536564566744466,0.12445309250009684,0.5112311013044275,0.144345680036275,-0.030941535600770287,1.0015578534910163,-0.2902853173046023,2.3538290453777546,6.287667621010578,9.352707333629978,2.8518941641514792,5.68345061642064,0
1192,1.4297488065999797,-0.5283475460971665,0.6224392873062534,0.0708895950039972,0.1479075535025489,2.26968199931184,-0.13868726755829353,0.04787043598050711,3.8157014043891397,9.518511246667426,11.497180305142956,4.770473936994553,7.926465280559312,0
1193,0.3910994492720885,-0.44992488062065994,0.5234143056154879,0.5588495572836129,0.07876147384879134,-1.7612965375739114,1.00604626533984,-0.7699098353087694,3.030697670611498,5.748447359326682,9.828438624503884,3.504926822059519,5.9327677785385715,0
1194,0.5166886748420456,-0.7938228067804898,-1.0616978726012323,0.016430651223063197,0.05450461257851393,0.6979128221101893,0.051706127358892795,0.34907830249697147,3.762615018477392,7.758569462579573,12.977115500898407,4.329559944976185,7.782445989084229,0
1195,0.7000754434838115,-0.7196525120115227,-1.3279877897348533,0.5002865123477359,0.09798364574628639,0.2835186757085224,-0.6101700808222302,0.6215304339645078,6.24418642805989,12.416581963354261,22.99348169901116,7.212716088869529,13.217546636014545,0
1196,-1.6972559380149717,0.2646235786427187,-1.1387653923618837,0.5235581731465837,0.06265886817352447,1.090515277188357,-1.0747387140553568,0.11016597696073593,3.6759615777085304,7.427813760897739,14.191092678650026,4.241194318220493,8.012579836998936,0
1197,-1.4204884044796815,0.36476326322094743,-1.1401331060649529,0.05886665836154066,0.10696841972754188,-2.182340327158588,-0.6611260369643613,0.6494703942513442,2.56257962154176,6.283936472997713,5.216169772629236,3.0260138722687144,4.5214071473774835,0
1198,1.2387532312329053,0.7082515155615521,-0.5217003312338588,0.42243842300016743,0.11600210289092279,-1.8150724249445975,0.5385381101177238,-0.8050273012106908,5.606804889055336,11.151582086992077,21.76439289019281,6.433700499326923,12.200204009804757,0
1199,1.6530024345074708,0.2746203650232517,-0.02008406193073231,0.3877834037337314,0.027204307176736556,-0.7704131377267314,0.545096796761158,0.08188724170877704,3.6474644583134115,7.995001171566825,14.336673916853389,4.220341727249225,8.21577603674501,0
1200,0.11722481640105142,-0.6095082109088412,0.571086935861052,0.31362712084908023,0.02741300076578012,2.2189237579816465,0.01631699247745222,0.05607329502473091,2.931976699223685,7.346985791495809,10.341782145383657,3.5789951163424316,6.544122902465188,0
1201,1.9254876408592243,-0.26718772565901316,1.3290620536873488,0.555940288908384,0.09496434491171997,-1.327908490287597,-1.0757863862693038,-0.12443232342972244,5.880430811295935,12.4431847463614,23.53498239875267,6.775427108721106,13.235122097795113,0
1202,-1.9593161520170996,-0.8579949784592331,0.2859802670831191,0.579577466458422,0.02519224978864154,1.1625020633688692,1.079341983827404,0.48635216145239335,1.0846425823758983,2.5788171643011135,3.8893947329885865,1.3485457010075035,2.4007109140004297,0
1203,1.1388608783001315,0.4014251605367436,-0.8257876786357464,0.28871195372466885,0.1423900444154726,0.8060528948505934,0.6936593614417734,0.9373892376893547,5.49077275452398,11.618937549010502,19.133561124159733,6.28438268490217,11.501419696798482,0
1204,-1.074252317949337,-0.356626665346893,0.43440495850349903,0.01948597902720586,0.08568286160005585,1.5434418975724942,0.26506409717790036,-0.4092134322077783,0.4637054541066325,1.34702986476856,1.4887090753846075,0.5496609475558635,1.0447994130335263,0
1205,0.8964163333442468,-0.7079367506401089,1.1843204078355503,0.08073202483236433,0.12952367006436522,-0.010952861318837659,-0.1712471916292757,0.0013235211508626499,3.8863011579909634,8.501624045897236,15.40114964217247,4.500639151528775,8.786786368971079,0
1206,-1.1991747876283152,-0.08462884088237277,1.0491594476959758,0.6407641937750392,0.02445728017369939,0.8671048906453089,0.8564094359170207,0.6395351772376185,3.466550992203119,7.004991986504314,13.486524451745947,3.9806805732270165,7.585488286458715,0
1207,-0.29747022681127433,-0.9038143193077683,1.2935082689212476,0.31670809267844957,0.05414649558845156,1.2975747223940646,-0.5664666828191459,0.6694958463345839,6.513849171164146,14.194878893202294,25.721273040742307,7.534775084515792,14.682477839984204,0
1208,-1.6957937567227375,0.48142240143242176,1.3973684713245946,0.7966150374993388,0.13857065400962496,1.8538120270315472,-0.5306874613014475,0.9332967252595281,0.5553282620278555,1.7244591975907855,0.5589548884646902,0.7050395805281887,0.9221266624778182,0
1209,1.7115863752574114,0.06874501405037314,-0.2937670368189611,0.08741380284655059,0.08859511167376871,1.0027297426109882,-0.2304082003643304,-0.18794087873893628,2.8208841292855538,4.3292622669829655,2.9901359541738497,2.938534146464683,3.3359381197791786,0
1210,0.29324556285721526,-0.9444318081856764,1.3735976891602473,0.23192456567736752,0.021133629265332014,-2.4725580193270478,0.856539699325712,0.7264147515993382,2.758952594223373,3.5738523129162063,1.5100512258011916,2.8070790393904885,2.63356474382128,0
1211,-1.6187735819291595,-0.695517394222398,-0.15629330622669624,0.14856333845305247,0.11037317052551353,-2.209801271471388,0.11930239772607854,-0.23441686977219178,4.00143995718739,8.878167723395515,10.12802075435466,4.832769663647638,7.3855654968460325,0
1212,-0.14021406523099378,-0.15048576460879648,-1.040522452396039,0.17622518824684985,0.00972115483656399,-1.923572123504644,1.1469475738053958,-0.4404263766454961,4.534856669618874,10.597510117316029,17.38560941169312,5.3197322202317485,10.287366081611582,0
1213,-0.7718978426417431,-0.7457873391357579,0.7654926134902542,0.7393142481498256,0.11846258055999764,0.5630791471708592,0.7517589974653829,-0.19153953413428315,0.8203920906331006,1.9752055821520595,0.2085099973634872,0.9840679426825585,0.9996390953128499,0
1214,1.43798942032275,0.597037699276364,-1.494826067231043,0.3902353079340136,0.03969248641188392,-2.0688354181615227,0.8308705025946594,-0.9841006313977554,6.21703485869955,13.159171553896899,24.850850574639107,7.21303145272032,13.989420241442698,0
1215,0.9206540082214412,0.9763842419943722,-0.0539406998812928,0.29699242395314773,0.090874943171207,1.5234891382383609,-0.6233952149393308,-0.49859714169292757,2.289124250304216,5.599561772710549,6.150986367856143,2.869823168433866,4.498884034104658,0
1216,0.4287120563473872,0.8797596417086107,-0.6046800727237096,0.30140373058321046,0.14899999521904342,-1.6188891739674212,-1.01527639589927,0.1795104777612122,0.8093641192582308,2.617891874343434,2.3110441651418654,1.0928082163031616,1.8307708692533753,0
1217,-1.902932046313468,-0.6391335374503546,0.366627542071404,0.5276099205530664,0.07656378744714296,-0.5812597688530836,0.18287420261243592,0.2867715060664775,2.7536183899910025,6.514891949379969,8.049893532001548,3.4307048796135855,5.538591649373114,0
1218,1.2139281851666026,0.5855016564196949,0.49440229654484336,0.7153860665827726,0.1257037880393128,-1.833769958910299,1.0960306591763602,0.7834846046358408,7.549438543632371,15.45268004128926,29.601240819127028,8.699731467038058,16.650980967918404,0
1219,-0.7162912819681608,-0.9596311627859211,0.3119278402748624,0.3507340614931105,0.11243499938791979,0.12299882254311267,-1.0164229553977278,-0.5106251594904483,8.710933316981405,18.09601553744016,34.53526902005983,10.080112284153518,19.41067659075977,0
1220,1.5300950245061182,-0.9246206085698998,0.7100090081948611,0.23355480636114587,0.06789597045637456,0.1550271595580428,-0.5998047424627174,0.3039208859953255,6.765979074688385,14.824724880042174,26.628091945967174,7.8436984624124015,15.25000861645056,0
1221,0.7737688723915048,-0.8298810406584498,-0.3782187724457382,0.5955018409650332,0.10824563397616978,0.2230167195261954,0.6664194716832339,-0.7847102139203135,1.079432589728806,2.8099832430614207,2.9308754088484363,1.3303199084513098,2.17911936333673,0
1222,-1.5271549286218797,0.31497860059268956,0.5800016036853863,0.6516214842568563,0.027155531665988556,0.08385829715552573,0.3859951131253978,-0.5526008523419699,3.5723994624166178,7.404661285181071,12.224075298351071,4.06793417637683,7.367134231422311,0
1223,0.06771146237596293,0.27689004878119206,-0.856651465566959,0.30045072820011315,0.0324508215203562,2.0147145221429934,-0.6316826833680197,-0.758330748028406,2.461075845057409,5.413950122095663,6.1890990274063675,2.9602154826254,4.515259046630372,0
1224,-1.8593787538914253,-0.9100930551772997,-0.9252412950995492,0.4865668090455619,0.002647481176668398,-1.066280376214264,-1.0603994608240817,-0.19268245940166473,8.83300783166623,19.712413411222922,34.400629215552854,10.274487658941942,19.911263903426796,0
1225,-1.8056930486805696,0.21508355324165596,0.5652727965570459,0.5850700397150108,0.03365150979693826,1.8425008098087163,0.4566916015942235,-0.8866995614003592,3.137529508737998,6.140056883185547,11.77277929958842,3.6373250157361565,6.678842209027206,0
1226,-0.23693316519429164,0.5355129867449624,-0.5673182198393107,0.30524701912581187,0.09444057409448142,-2.222595599420511,1.1206440972190015,-0.6510379787805443,7.565770643777566,16.740409403114022,28.67331955922502,8.810266780397708,16.774876559874752,0
1227,-1.8933120014149587,-0.9893540359191595,-0.30133687500181283,0.7074026923803022,0.12296431188268934,2.060228991248475,0.08107756638935748,-0.10250753224967135,3.8815618098943325,8.3597288294233,15.916965598782005,4.551312782269375,8.90260814965683,0
1228,-0.45655609557282206,-0.9071638484173883,1.2285637689154605,0.396940873827782,0.06826011465772652,0.0758374350705866,0.705970843474081,-0.5510578280348721,1.5947272129163792,2.778356123669208,3.5129324549418026,1.8315635424667358,2.5489610917048906,0
1229,0.839602715979693,0.42153948170806577,1.0486583467745487,0.00694687877109601,0.025559331485269808,-0.14476573977622254,0.8412969299075483,0.9302337232559681,5.5790761917057035,11.73921022000622,22.008734855553044,6.442116143299389,12.442317994509429,0
1230,0.3794744587176053,-0.5757320491539597,-0.946245912526063,0.511555163189014,0.03151037205891069,0.2654371196044307,0.8035486299453651,-0.2203607030758199,1.4124158191289191,2.8991690908102785,3.9698999394896957,1.6456268000566678,2.649008134834335,0
1231,-0.4861112410322832,-0.9277193262178525,-0.7377462647263353,0.5585531676954195,0.054058686769829466,-1.70850541355039,-0.946157438975215,-0.8098932436985822,8.485891819454993,18.59088779067949,32.636726186434096,9.857682786927436,18.899820017663313,0
1232,0.6365337324715807,0.22524295758709734,0.05556301680625486,0.40026115852731153,0.022970527903180736,0.003021123800436065,-1.0561493361590881,0.8517169172053758,3.8460930734521748,7.814445504656423,14.420921970345315,4.4262540252708,8.267063567063254,0
1233,-1.7678897839895726,-0.15293961021216296,-1.4982868307904833,0.6289203510265957,0.024925528280344503,2.124580089108391,-1.094453405134645,0.6415746691288537,5.764192635719994,10.92432275384761,21.75662431418071,6.506558384083336,12.184197749532828,0
1234,0.6265512512623528,-0.500528562228219,-0.8927411723082154,0.2861423467016179,0.12426043247630324,1.809782741677278,-0.7793150891416181,-0.2931039206313386,6.038193214288173,13.565643438492678,22.066438038038484,7.163961580276314,13.217478565273431,0
1235,-1.0500344643909845,-0.7547143047242042,0.4393481625867839,0.27669681858842826,0.03380760671645012,1.829988867509881,0.5959630341685596,0.547522297392685,0.9615150667553104,2.4345061476296115,2.7727374000588183,1.1337646323599564,1.9640040475691178,0
1236,-1.8432164352668794,0.8302608984621325,0.22421513392270565,0.40304224374761505,0.0015878019041671743,1.9883110521705234,0.10533712916640137,0.6503069246810707,4.215390493406108,8.28947740244142,16.332208788984634,4.832437545817285,9.134366760031376,0
1237,0.6220438429531749,0.5933872270217608,0.5787952456734073,0.7367711218686614,0.03382262795093245,-1.489499476335464,0.5100997486682928,0.0027896011669379384,5.077626864153285,10.505900588611729,19.285040588862152,5.9062508835185055,11.05119550084,0
1238,0.39664468133948017,0.417084938382454,0.14228459100000768,0.630154758132957,0.04783010339037787,1.7949522179984605,-0.9415767529785581,0.26800795392237364,2.9284896792983073,6.677871820814365,9.154488182593331,3.5760376026545906,5.985858665077259,0
1239,1.5605300301071905,-0.4946117441965907,-0.5194959752282612,0.24435342279419114,0.08463955676625506,-0.4356409221742572,-0.9408977160122343,0.78257444351292,6.556481694264631,13.427722937140011,24.98615915814066,7.505895093702751,14.241698646233864,0
1240,-1.1812934833653035,0.06816002197705928,0.28441468781178436,0.032601474918033356,0.014356849148150585,2.358448552147758,0.3948296163585179,-0.9328696459071462,2.0335421109440417,5.222842747043337,8.10655604604886,2.453321741919995,4.854214445402872,0
1241,1.176796882611995,0.017085618554971038,-1.2744012837645733,0.544601678438233,0.07490277088027027,-1.4754009944453839,0.9064854530131667,-0.4172402833994917,4.155771545961726,8.785200063337978,16.060658158553068,4.752763490833464,9.175765279439178,0
1242,-0.8617734581867689,-0.45445283641544254,0.8023673312671535,0.5648949363044257,0.1354718528205536,-1.3533039020786015,0.6872750293027401,0.1460911530561919,2.6863729566247696,4.695692184476356,4.1280862198704735,2.9421158177354676,3.747256990065027,0
1243,-0.7652815613893287,-0.9290917351844987,0.9568426495533302,0.19285709721068509,0.09476145543223792,0.2443396802990625,-1.1893211072477186,0.9886872598795249,9.382632638780258,18.948640902288048,37.16615443558414,10.835084806935063,20.732736873689237,0
1244,1.257317423200515,-0.027057458726635897,0.5410241107271494,0.3812753892726181,0.11168794069180961,-1.8283572709055296,-0.1287576114383273,-0.32892564585427997,1.2625866043680896,2.4744406428977266,2.496357069244923,1.415434941362716,2.0115587890894933,0
1245,-0.16137902602386056,-0.0990546942792716,-1.070718150662417,0.7811908565672233,0.0023238214182192073,-2.449635275913006,-0.30374083551922126,0.24075269869363503,2.1699387036011726,6.831656426212288,7.0342849231797855,2.865479155109774,5.097311931408951,0
1246,-1.281387092740287,0.0663880078083221,0.6683159038904365,0.07524848723212091,0.14766336120239001,-0.8164967613035286,0.3417969930893976,-0.7785602836268486,3.1397269871431144,5.893758574787967,6.975133947126354,3.6116180378301355,5.163747656500244,0
1247,0.8379455548853056,0.6809126941249719,-1.1841445730081328,0.100690523496053,0.04215711215808415,-2.4403209231233536,1.1665231064093515,0.19676814990529934,8.147481479842938,17.65779883158459,32.3395109067023,9.44258458269609,18.387695823708555,0
1248,0.4303577998541819,0.9179243393032721,0.9960877629582812,0.6513943447746796,0.050925355485243844,-0.8256830326767728,-0.49982889644964756,-0.3066084764473602,2.1849032850820858,4.018820187958101,7.281590159729308,2.4647465595723803,4.292068745788086,0
1249,-0.5219649545605978,-0.7199926220388133,-0.43215641189371934,0.3573976281957821,0.04640210081199878,-1.673265159212261,-0.30381504437160567,-0.038184453567128296,4.727147531396268,11.179825700165702,17.906007718157475,5.6253829481311195,10.706432579728947,0
1250,0.8829135466685134,0.42247552294934065,-0.8919149067500274,0.029324316134589704,0.045569928271060385,-1.7143184757052459,-0.25010764988233425,0.9586922383052086,0.9685586200977039,2.2890829240840147,2.947497257135051,1.0791807562032067,1.9694597160153513,0
1251,-1.2757145163791161,-0.36225211315406214,0.675342948958717,0.4073462262895373,0.006589221536007738,-1.6915499091933917,1.0445989314556703,-0.7936700145219431,4.39247637508251,8.554797250547416,11.91861275258705,5.165541912428564,7.976320104707949,0
1252,0.540371148838823,0.584651297681823,-0.7036828118252283,0.5800624025109521,0.025484276854527036,-1.0762486258310484,-0.4516271258779021,0.9928699811284472,0.8644545668087049,1.5962748605348436,2.3209748904084524,0.9520215747000255,1.5297134527956027,0
1253,-1.1417108191281709,-0.74158507073283,1.2770743124442312,0.1295445550562822,0.1318919879444108,0.7522831382334498,0.18446759536924517,0.5026774230931537,2.5909719837111176,5.396840556023467,9.985406814992675,3.0271475958680574,5.694680566004983,0
1254,0.9039958285922003,-0.7789476211633726,1.4983983312200673,0.7535117811589829,0.13448879442928743,0.6114456697120341,0.05469919519755395,0.07255716776333654,3.2110128706752175,8.50188072300315,12.587467397805707,3.7869076003276785,7.66879905747799,0
1255,-1.9402522230870702,-0.0010609961091141429,0.3713087029797597,0.5269649670199588,0.049820919757696945,-0.14358824853225283,0.32714545599017875,-0.14338897944963658,2.4530318063214027,4.818230927996782,5.734144952699306,2.8895808304361355,4.19058038914886,0
1256,1.8485407959341007,0.4108842197040006,-1.4961787612473285,0.018623585185802406,0.10354503052025615,-0.4367745122724864,0.8147302781094392,-0.6539691810274759,5.640177589653113,12.265638680704273,21.62710409102268,6.5962214310696545,12.519498251520984,0
1257,-1.9446923437908326,-0.22383529977257544,0.7081923129223471,0.777382186702055,0.13254808190265832,-0.07962694031430573,0.7507614796712798,-0.8593390842647719,3.3102300127138573,6.464837912727697,9.105810590561363,3.9228910687088487,6.056552661671761,0
1258,0.2890893903395333,0.8485968260289403,-0.3108445575277803,0.7680805037304925,0.03310276450936579,-1.9718309523330324,0.05942960659608265,0.8144937439624487,4.030718084864618,10.287193281181382,15.80901870979131,4.826350186519937,9.520714041403187,0
1259,-0.7548831250210233,0.6003206387979048,-0.9924082023591572,0.5964563168007516,0.08355404120811465,-1.624915123028139,0.5234093986502606,0.4275122269128546,4.927917414471442,12.176221516460288,19.635794737338276,5.859745152216002,11.607954615702603,0
1260,0.06174091657376124,-0.5490647247146507,-1.1031183232650104,0.7658040387678314,0.09837188073887328,1.5462074178669196,0.4727292697205798,0.6589473303845779,2.635847663661615,3.9540340457672007,1.3101651954590716,2.750843123197074,2.6450983837860735,0
1261,-1.3500367210043063,-0.0060995509059111885,0.50137431150688,0.08271191991617438,0.022493542399261244,0.6699129712547327,0.8848939302091681,0.3208323578831953,3.931818515941797,8.303695152943265,15.37462269463716,4.560655762129894,8.739106485269655,0
1262,-1.8551807461756975,0.940865834180646,-1.0814792972812648,0.1860497868419918,0.14624509228570864,1.3551649832668744,1.0477840329084158,0.6132393856160594,8.778269398063664,17.86071573993665,34.6727171390571,10.12391660788384,19.40590234390561,0
1263,0.6069379000128001,-0.430894002273988,-0.5193556749014239,0.7578168584354958,0.12909384242334668,-0.7025477577883676,-0.30415819771031083,-0.40461121944823053,3.1822139727605765,7.005316258225414,12.828766845537192,3.679733359754074,7.272862458932362,0
1264,-0.6954794294999842,0.7213349325775713,-1.4684794302304596,0.3488420968876198,0.14142595177918618,0.2131817759140442,-0.11893010365463152,-0.37526039060082383,2.6871480720306415,5.987802469916314,10.788549396454629,3.072393262132308,6.1462893077337055,0
1265,-1.7043494805523847,-0.5510270439449743,-1.2286247701893862,0.1013595437723426,0.024527481618940472,-0.9898528395786077,-1.173559968010715,0.9002877711864954,7.59479857726268,17.72402743719541,30.12914880087527,8.911173983910487,17.525509842991056,0
1266,-1.5047236292921018,-0.2337022552808259,1.1385826791443416,0.0852543761526098,0.07254063776311812,1.7239179877069786,0.13671029768193632,-0.5793128091544799,0.9815856662821096,1.64146652418626,1.6944289018373557,1.0744416849825482,1.4026884961899724,0
1267,0.9420381256503254,0.3626821257350157,-0.41344228035922725,0.037036129265100116,0.0011797034844140853,1.6269644156358583,-0.4282623322582354,-0.7244602027881908,2.519974100420453,3.166304356382902,1.1443192684023105,2.5468626213633105,2.303865579698031,0
1268,0.07420490465192842,0.8416665914501802,-1.4745574064328069,0.04491483254113158,0.06255673988776085,0.8798295337753173,-0.05735889895907942,0.7950968769308093,4.10774119493545,7.785774751868732,13.56453633916611,4.651737291660586,8.102589414957146,0
1269,-1.8236617778500874,-0.31971826071251286,-0.44595633183383776,0.2721017807890734,0.0731528868185086,1.4528852259730525,-0.43708172063323836,0.48896641326440515,3.3249066306159483,6.846959361877166,13.297144507412876,3.845191292390971,7.425222279210893,0
1270,-1.4141381148837144,0.1214497112679005,-0.37473592300336467,0.4313686418364565,0.016162462555837413,2.2673142338045427,0.974913880324267,0.6527926085812579,4.992045529289132,10.34191095311882,19.185783282286312,5.695912687665127,10.92551319817479,0
1271,1.5711312935522073,-0.7066242596370278,0.011165319058997758,0.2543273270052187,0.13310789119562377,-1.5528115875026676,-0.6721311476592664,0.37342891271002165,6.122833340610052,12.252533476364421,24.288030610191385,7.066086430177776,13.505627871167533,0
1272,-1.6444013636493273,0.46473435383327955,-0.6956181350576329,0.5287482922137179,0.13095566795409905,0.548056866174953,-0.6895590401133384,-0.9016689489215668,1.2945034926311865,3.049483419952021,3.6318265044987315,1.5414663667900885,2.5468906618035905,0
1273,-1.8215441132197365,-0.8223762359719842,0.23945373740914766,0.278574283232521,0.03646604660938472,-1.403467211014044,1.0765956765674376,-0.7623668482158512,3.729244133354045,5.784099584941445,4.509832860568254,3.9701124281663525,4.603964216475758,0
1274,-0.7807423569093812,-0.05704547596161369,-1.4986514217772338,0.7367625499805797,0.014864788614015578,0.9123530034308622,0.30927714518997185,0.6181277102094744,1.9769543390803892,3.300452373551022,4.407795410201571,2.143134865895939,3.1198741234394882,0
1275,0.60555092224861,0.538774834431959,-0.23625417363441725,0.3909635956412986,0.1052493153246629,0.34213360527525527,0.027692520640127727,-0.5888831878909013,2.468519467238011,6.0482489072369505,10.028171242177779,2.9552939140933727,5.859011276405159,0
1276,-0.9675669567744984,-0.283005517881213,-1.4721468437294905,0.3338907596641896,0.00041527136458692216,0.3250771796066836,0.48966904553363744,0.12429726323025281,1.1132230120938156,2.24722093273133,3.6070383912685893,1.1955190826436652,2.2097966090924865,0
1277,0.7740798928195036,-0.999973662887585,-1.3216740801470714,0.5587699527004443,0.12043502219351558,1.0885078544469722,0.391229382128524,0.41476532762312,3.762646570491808,7.779996251329847,10.600186014819155,4.302275495808247,7.073076200573067,0
1278,0.9583597031846631,0.4487549967351385,0.7140254330650193,0.059215765932144664,0.009490732724193707,-0.6944002838528052,0.06623211491710945,0.5252381078434554,2.282136349561899,4.752598361507506,8.998558997712683,2.631963706918387,5.0731844833264645,0
1279,-0.6611687248359499,-0.44976584673273035,0.8443449243555885,0.199469481163196,0.12312620652216949,-1.614332251399807,-0.3372635451060556,-0.19784878114721938,4.2424182485653805,9.46629954892046,14.174912791539029,4.983187130223594,8.86340788972982,0
1280,-0.8019582107694285,-0.9932861722259747,-0.7934722265362564,0.270122847103099,0.04704373417899941,1.4277774823860359,-1.0863173699124646,-0.2221026006895186,9.260675743131987,18.62872146504557,36.25681329298107,10.6829243649664,20.312155586844227,0
1281,-1.849938177682235,0.8612951322580187,0.8706283110932889,0.7857292793904108,0.13652407975440278,-0.9209361394195781,0.45980018959339275,-0.3868918250431832,6.503248182180393,15.033705932432127,22.978564715194935,7.559941376156237,14.11064978655786,0
1282,1.5528447517184958,-0.1784942600653172,-0.37233737428730374,0.7312549953866667,0.12551104314297815,2.332067766821508,-1.0404285946213274,-0.5133222439222802,6.041339887091441,13.931273562933802,21.32202493079412,7.328332633464577,13.121224777592268,0
1283,-0.7965690085318173,-0.15129587809047584,-0.08060986215439181,0.2331779424533904,0.11856756347175426,-1.3837792775747175,0.4716415519178714,0.7035366311841948,1.935264994203757,5.0822560600974755,5.4359501276065245,2.4783482525579523,3.9838761798281226,0
1284,0.41479295663834526,-0.29168214821435834,-0.936326273410046,0.1074769555229568,0.11162621087235924,-0.15434001208241988,-1.0888330771983177,0.9676790138852405,6.252460581469917,12.48087315057477,24.387132872556442,7.16666830417244,13.652806811797582,0
1285,0.6852127319559602,0.6883651028539544,-0.18543398604896577,0.76435089664642,0.02992875313861909,-1.5743193853059196,0.9368033634488613,0.7834341280114563,7.180992792880785,14.289236846530306,28.371589011008872,8.305459856264129,15.7830915807524,0
1286,-0.003922058003831275,-0.7484272892920427,-0.5843506253901842,0.6033218704275742,0.1268987862001955,-0.7617262612759146,-1.053039163639517,0.3314533631455612,8.003235674496581,15.840245141687681,31.292021256931843,9.23975720705454,17.464626342640283,0
1287,0.9579881657531741,-0.15197064827261486,0.2492928348536081,0.7898971980192666,0.03674978990394891,0.3648884689962544,0.266304992550342,0.09821439204892624,1.2626533850128772,2.835523993533894,1.9608474653633472,1.491597345228342,1.9668671876958697,0
1288,1.476518231775183,0.21001506384423285,0.023670067173870102,0.09841202132893852,0.10548137989401382,-1.8394631925264981,-1.136232255925863,-0.022937673873075548,4.0846804860160475,8.297307075502694,15.853224852989111,4.7166690736003405,8.94223063171239,0
1289,0.2897810885909293,0.99810812274776,0.6369803833658594,0.6788722561820619,0.0519582058546133,0.04457341289983763,1.1382455775884532,-0.16522289571444748,9.362573705851526,19.497635258599395,37.2627863755322,10.811485594974151,20.91804716149235,0
1290,1.2291616992095356,0.051978235488992164,-0.8281144454098077,0.4643349097687063,0.03270930425554822,-2.4848650506212944,-0.6338495628639761,-0.6137123352898193,2.619475855701183,6.6953173268597785,10.103094027176786,3.0844817187854487,6.133814334799868,0
1291,-0.516315291202265,0.7771938076185763,-0.33644077920397253,0.6761501019927929,0.0833419530197372,-2.4619264788871655,-0.7470318890322836,0.8625560904160727,2.364098896964233,3.599778124247802,0.536011689748886,2.4476097849843557,2.194727591786712,0
1292,0.41669378479087404,0.8590937171445479,-0.5696399390896414,0.5732499026261942,0.11580377398458896,2.378498013681277,-1.1563764403944943,0.9044744302464924,3.5781986591915387,5.6441883082119455,5.213061126190867,3.9172711373070683,4.722361541809012,0
1293,-0.4336391295833395,0.675984811489734,0.13413875466325176,0.4517196344266924,0.05390668322796752,1.6423629518909877,-0.5663674299891999,-0.015517227642787068,1.1171080444810904,2.114380993487582,1.7701466053994146,1.252949962629593,1.6257856892733853,0
1294,0.24069799506990153,0.4850421868549768,-0.08509398887538877,0.544226319071595,0.0727941144521963,0.7966031847929731,0.41794434289955573,0.4188831210584876,4.085643529178043,8.905203433298215,15.644891743496437,4.682335950432977,9.058955206835106,0
1295,1.2931991754413041,0.08144512191983466,-0.9201655083903202,0.5437126732952443,0.01156771252382428,-1.4052248876940798,0.701178068795518,-0.12985971133986807,3.457061645998879,7.268027306247851,13.65090146211292,4.034545329137048,7.7162516572216004,0
1296,-0.00782332939513175,0.9747938369670601,-0.7944825424532462,0.015642199628747643,0.016705891427676617,-1.2774907016958519,0.5422080585515261,0.5516440639695239,6.6866391208277545,14.495539739099712,26.49767714097421,7.750786524129583,15.07903545268346,0
1297,0.26195581605645524,-0.48990720260367726,0.06522568358047076,0.011966044747147376,0.10227014141126943,0.5714877770458395,-1.1476883054842955,0.6340232672655912,7.270074944482483,15.358147166253088,28.96148338286649,8.393303849191666,16.31624203299978,0
1298,1.053706140648487,-0.3835525088633738,0.4061299518969179,0.4811943707719786,0.02147704188403054,-1.5337034944281709,0.4396947269475109,0.8671032925400171,0.5098826772377657,1.413666452124023,1.0078464397035845,0.6328571404338734,0.9427043847629992,0
1299,0.3051372827950125,0.13562629111908975,0.44004508411151555,0.35246264014250306,0.008125806525201562,-0.5174807663765142,0.9606053042829352,0.6098936007830971,4.880473819245495,9.655216307718524,19.141949407457524,5.628536307823756,10.666145491108837,0
1300,1.7096942743082617,-0.6943368297351789,0.01787327111648862,0.467782523850355,0.03148882649894617,-1.4951488036551497,0.6768790383427254,0.3437038341044132,0.4231427878782922,1.0599236389684539,0.28420758146906167,0.5176968430225906,0.5819518867970014,0
1301,0.5887501472606407,-0.46602508403397014,0.020308272741620392,0.018455962791462267,0.019491907890064185,0.09125431380395632,-0.4567865384834092,0.9313395137930331,4.2192442213873695,8.740277893810568,16.115435929826678,4.8338632461369935,9.205873738121083,0
1302,-0.11406110693195748,-0.8328716872862987,-1.4464729582340627,0.5802062990781371,0.025726010707547087,-1.5609381549747048,-0.1828626656623895,-0.4718788216930707,4.410270614211413,10.565941165801615,17.739994763960837,5.174339255821855,10.332295888774343,0
1303,0.4663083189847579,-0.02861498555247244,-1.1656481955683098,0.6277926783275588,0.0638788281621372,0.5541715979465027,-1.190538401921564,0.2528000668730741,5.66908628160199,11.121852642643763,21.20407730351377,6.455619228888949,12.04406679121675,0
1304,-0.8686005718762622,-0.011258513580012952,-0.6068381885361308,0.7970085957137942,0.03462634720674353,2.0642980074462827,1.0031199163918003,-0.15799869413126455,4.452120534887005,10.6495847153778,17.299962292311353,5.285908840237583,10.249091146796607,0
1305,-0.783987537906575,-0.2379289062024177,1.468017262175394,0.4950369818700849,0.08171703567309578,-2.3204105933028636,0.8348232729528615,-0.832389088385602,4.644783582521068,8.441104159757641,10.383242891039671,5.385652469382568,7.5793044369337705,0
1306,-1.8121105318624746,-0.450283827764016,-0.07263418482744544,0.7162311680035205,0.11851181986242579,-1.5118392774707852,-0.30700913177453626,0.5604805292377655,3.958014269973922,9.612277646757294,13.507018678138342,5.0057701784447195,8.623770196305339,0
1307,0.10836978987638934,-0.6510161159518415,-0.31183439196499974,0.5007486436077655,0.1459838512213252,0.8090602742820452,-1.1611316106446472,0.41001655326505637,8.127743509445974,16.09220244795458,31.51720575167787,9.334476012650953,17.65459311398862,0
1308,-0.996540770171078,0.7243178284276297,-0.34833027532158445,0.1596920302034402,0.07019207797653516,-1.2240101284249727,-0.6340284276051587,0.14652360154698596,1.9151768010506538,3.1087773830732566,1.5268119028278442,1.9754787855721434,2.1627777046427408,0
1309,1.069385083403518,0.6699087483197512,-0.30699038858882677,0.05344301087755143,0.072596249769833,-0.3310926148580706,-0.7272505241927054,0.7922898022882403,1.3004724894140829,1.9523557232369009,0.784125772994333,1.387145803334725,1.3498007760270676,0
1310,1.8965930120827554,-0.8965056239338371,0.8872391395722974,0.516573246353231,0.0392154387248862,0.6757805914140649,-0.8912563399596611,-0.8611869834050054,7.935105675560427,18.64051850756177,31.19270131683178,9.308258648689403,18.261323514855132,0
1311,1.973956300209042,0.27273971691732024,-0.7403321264002994,0.36002716472301277,0.14251322734467606,-0.30637465806595143,0.9610668768056259,0.7376183959569234,5.867220479033513,12.207627250888246,21.903579356715337,6.777980906358524,12.67132621662698,0
1312,-0.6233747356366268,0.39201800815420507,0.48149551134777724,0.6169694964958735,0.054889374640122814,-2.2388175075093364,-0.7895058213299735,0.23310737534751835,3.2171296375766985,6.237965647361158,6.894322377919114,3.734414247607931,5.278266723617884,0
1313,1.100400747589414,0.512097269071192,0.2510447553450921,0.06780651657191399,0.0025932940778718716,1.4107087866103636,0.11850344205567054,0.5654242054630156,3.450396005374218,8.086231673021164,11.00770230221023,4.135812993006579,7.176880293482341,0
1314,-1.3488461540824446,-0.18515365845771292,1.2575078612339192,0.13727839299773256,0.00922903557188165,0.7673369189087422,0.2268872174922152,0.9040610117154666,1.00803938724436,1.507640205620788,0.7348368937153493,1.051456305864895,1.0803005765606386,0
1315,1.6258736842195032,0.498860780441142,-1.4425282863652433,0.3843095747252481,0.1344152904805558,-0.3317445594276136,1.109149727071187,0.304975961287965,7.444932580705416,15.032296310219683,28.213747531795637,8.555493834740824,16.0628423102903,0
1316,-1.5621714898288235,0.018544150373366985,0.5868514069354429,0.05229517779169655,0.05169742981061511,1.0854053152699317,-0.8230287304631181,-0.30332020345895483,3.669341797568647,7.502865616211686,14.03303865164627,4.220045606627329,7.983578380290713,0
1317,0.7596412898689358,0.5510818037282277,0.05553538147626158,0.7654860221600077,0.13879962881984947,-0.1328147304610745,-0.8153414157328263,0.5458631277679169,1.3922320286864451,3.1260096111336497,4.692447220320019,1.5877077819338603,2.9219774362354203,0
1318,-1.027441698427424,0.68564261999821,0.26143302346529484,0.31527440511819727,0.08345750378738162,0.1640438422896362,1.0193588301598024,-0.5712739004768743,7.5507868466791646,15.706915487124592,29.46268472620175,8.724307835225144,16.688546901524166,0
1319,1.7126338102067056,-0.937317917080289,0.8076098445992299,0.7357345045692522,0.05910782864797943,-2.1346640650236637,0.731202075584904,0.6857297113834702,1.1731973907032285,2.8798582365804037,3.5052333936024453,1.4208365486379466,2.4095703611296178,0
1320,-0.654970448046186,0.03718657137181225,0.9284072040304485,0.15363438180009564,0.0943463634586905,-0.3468467024209043,-0.7814021945897676,0.6628804145019191,3.404871920099568,7.3474962406943325,13.045438184199554,4.011072806655462,7.540449184163582,0
1321,-0.7012766712002931,0.8688522313100324,0.20680160945940607,0.41160798510779073,0.06349589163290385,-0.49664555071847305,0.7631190596090494,0.355001698972252,7.163916640941505,15.780808473407285,28.513348738097086,8.348001759891963,16.27222233172296,0
1322,1.0947605244936898,-0.1578316807775828,-0.7156883258917937,0.06949217482254558,0.11649839849760671,-0.42361784741147934,0.022136621032039283,-0.0613135296059093,1.169249887532433,2.1610061938250467,2.2892605418788268,1.3238710836598393,1.8182420953368759,0
1323,-0.2754485745230393,0.3677991541356995,0.32620234727582575,0.7776430389154445,0.02083558614738475,0.3675965661635838,-1.0482236078344465,0.6158368374163998,3.027768543811226,6.563140383980201,11.871413272811878,3.4582851842858586,6.784525178609577,0
1324,0.46524533300437243,-0.14324236801492418,0.9067069639318381,0.3640020867932626,0.03416791429701708,-0.13749619444831573,-1.030003688070386,0.795722219278775,5.185721844780028,10.959201726619094,20.489199662951933,5.991976898628748,11.589434660168191,0
1325,0.9238334989378445,0.5206315724300554,1.123479912055327,0.633258071052067,0.06477788853801597,-1.9068179923727517,-0.30392452804571335,0.8681694287594446,1.3975377207432589,3.119462492299933,3.8232204503779776,1.7173296670072782,2.673799165727079,0
1326,1.7963619649255187,0.5357417310475912,-0.8867082507858375,0.1555598867713285,0.13196572663210804,-1.790420384944376,0.20192994559797417,-0.2434966354418644,3.311509622524915,6.431309371886768,12.75184357632593,3.8191877847707354,7.130317549698358,0
1327,-0.7919559681552939,0.35476405135396094,1.3787072299558134,0.622106990592239,0.0729243889652331,-0.29644245898891786,0.9783940519737284,0.15621419694750793,6.0893292370999434,12.550199507982342,23.243067314946046,6.980037779001435,13.262782595908643,0
1328,-0.013443907735219085,0.3656717390628461,-0.7885385486114207,0.05098839005990374,0.1282667160728016,0.5363085034972843,-0.8042949570598348,-0.40390414699850563,2.042495932607159,4.383346687972278,7.57617910772937,2.396923516146101,4.440298870107251,0
1329,1.959734050358123,0.2688472649273106,0.4083364229013673,0.057730930566977624,0.14534876013658976,1.963914447793603,0.1146778614317292,-0.38122216709825296,3.463474565976448,7.196944223404506,6.819133697598621,3.982359810054167,5.6421017270992895,0
1330,0.7922209135443667,0.6667487889437382,0.8583642294697604,0.7816378976383032,0.09552830980004137,-0.8938728422056736,-0.00497372863551937,0.632634335901233,3.076779274745822,6.287450094519842,11.623013734684077,3.566650507195027,6.652837981904424,0
1331,-0.9386296511384904,-0.5371834901120172,0.6745037409794121,0.3555419412123286,0.12248555927845839,-1.7815820692050555,-0.3943284884414239,-0.4638001868197976,4.978284898897051,11.350981579614105,16.44900040568063,5.824770778234074,10.415957143080943,0
1332,0.791472592265094,0.518658426653299,-0.13199191234033103,0.3824235011191485,0.01980478241836942,1.0091404690652621,1.1815623206381936,0.5558436816636187,7.676284962749593,16.557467158996133,29.696362472432707,8.85607628558949,17.064642006812477,0
1333,-1.1075507072494877,0.24624547918847117,-0.6151295680072412,0.02414124233302637,0.026973428348375034,-1.9870321386807932,-0.729761871436334,0.5912088428980069,2.6551574438572785,7.286263693562489,8.395180040488663,3.4791105819450197,5.848891411567031,0
1334,-0.8286714638782731,0.5140799018902238,1.3465876645283124,0.45941849205421975,0.07281134130150818,1.2506358779513187,-0.9669836642565839,-0.1435758250302297,2.1584362617796558,4.390472267991493,7.977678811232105,2.5096655231638234,4.608942754617358,0
1335,-0.004701620271757356,0.6621026207967553,0.9426529806938984,0.678612287879985,0.10468093918015527,0.1527790359241883,0.7869103712241172,0.7465648305105392,6.51488908338661,13.105765688484087,25.293791192251668,7.494174518871743,14.223751241123884,0
1336,-0.07806162936474514,0.9713238157775432,1.1244543749375362,0.4083757323371264,0.010393139302065956,-1.3775397456405187,0.6633565905030836,-0.7776914860026305,7.62296494117384,15.349763244133369,28.548591183420598,8.743026666919382,16.33069847731028,0
1337,-0.12079973472294725,0.20970438420945503,1.1350404851115456,0.6776910903147839,0.11464168815895992,-0.461528786944005,-0.858601789578487,0.3392986191156957,3.0283796474863234,6.7439761149361015,11.21607406304069,3.64369912674801,6.660898860313736,0
1338,-1.2748455100461094,0.12262896681723157,1.4420345473900333,0.4402478206458197,0.09683353008906712,0.8878773595808691,0.7929320584212116,-0.13003864378590246,4.23961606446276,8.711049978717735,15.760994379015093,4.935886969063586,9.107086823565036,0
1339,-0.00996039579000918,-0.6480559721508201,0.34403966321250623,0.23660640505951136,0.07614371233330493,1.3327859675494889,-1.157832228763232,0.12783105316874632,8.029959434779277,16.915827581593437,31.512613741984552,9.282334526509239,17.865753680158104,0
1340,-1.306219930757241,-0.4412333204322927,-1.3958601597390063,0.13557020814872178,0.14799440899307276,2.4926138059965597,0.5276350077351539,0.22371370954238712,2.201491291132749,3.1917020606271307,1.4620985224396934,2.3121940615489236,2.287806968414764,0
1341,1.1080278123970602,0.7931085443703234,0.05791517869622442,0.028227199534160974,0.1064093730870079,2.4230125103621125,-0.5806729056672928,-0.07306886907780008,3.4461641912341197,5.447389585160594,3.8259393270941304,3.6145523882066253,4.177303169867315,0
1342,-0.5549023957948753,-0.21906501154027325,0.6641999816260706,0.3027235118048401,0.14116261881880898,1.4482922688178017,-1.1336471397895316,0.6370977640674496,6.053932916551999,12.843832869529626,23.902579924451572,6.986956525423993,13.538799365702358,0
1343,1.0914296897546345,0.03298745676246706,-0.009547809760759307,0.6684215227735627,0.06371779337445524,-1.7026882835335078,-0.44904280116232165,-0.4695951932850213,2.0795985887163932,4.291836195853987,7.319604687250672,2.4150375428783337,4.348815595834149,0
1344,0.7242361186058011,-0.6422532999183095,0.43431730929842116,0.3727735578110095,0.12594913941176727,-0.07500628391266018,1.0315294429665192,0.8009382557711755,1.828847478132693,4.383284739049153,6.643214405040114,2.1346838112305035,4.070072367789638,0
1345,-1.2588496835839087,0.3723327047037672,-0.8561257526376743,0.6586434449843662,0.09535847318048536,-1.0294115285917442,-0.6021032918795846,-0.14084468990914,1.8175778941837495,4.869776288227212,3.9922457584840028,2.228228811559047,3.426702863424394,0
1346,1.2028918858445241,0.5923232180789033,-1.3998713233351936,0.2418297723767201,0.06342764452045764,0.42791006722121594,-0.8411351788447223,-0.32943395894215044,2.4820116044183225,4.18584989325563,4.507190071379023,2.7713129219031343,3.629646762906206,0
1347,1.542388082271835,-0.046904973172700926,0.7324296781303183,0.38782280519707196,0.06974738646006953,0.6096276254175201,-0.5775251707449179,-0.5003958013875001,2.8531259545198053,7.770652021352834,10.888187795320963,3.5756142751037037,6.8111511588684515,0
1348,1.957415419566436,0.7379840186384445,0.7132646893489336,0.10971563124442661,0.004533706677714999,-1.622937479014535,1.0505543148180478,0.6325795404979757,7.8725986819183795,15.867693462208964,31.207963987891425,9.091674101085447,17.393644249714175,0
1349,0.09230404995430552,0.9375611827367545,-1.0602536912930969,0.4473203520048295,0.027483318959806474,-0.9678569759784705,1.0563240455117413,0.736557033097367,8.798863072213695,17.802608540793564,34.82781611688269,10.172137207751444,19.44600003974213,0
1350,-1.5928048574776557,-0.5009123888781231,0.28352240874615164,0.04908222987265951,0.0825126971027156,0.4224571789700531,-0.5016787648068971,-0.4137540397497532,4.601495922447047,9.8472511571094,17.368621108211514,5.319517468271107,10.0771622031575,0
1351,-1.0836829249197169,0.8713527403920855,-0.3333865779027676,0.46821525049111234,0.04523618613802718,1.0133200220745215,-0.9565409494592578,-0.856716913810672,0.5037831516510334,1.0396241069809964,1.5281273467439593,0.5823891360606552,0.9796992952188622,0
1352,0.9771350423275451,0.45333591663069983,-0.7049959915780133,0.28403737017975067,0.14358907519992334,-1.9783485250234283,-0.7604470402879895,-0.13992327005353355,1.3660859701282737,3.7707205695017305,5.287785029285665,1.6679108066398503,3.294168551338686,0
1353,-0.8716043757778995,0.2980170972644143,0.5718051688400534,0.42111046711207617,0.09167959521041548,-0.33289583989827554,0.6249294089403985,-0.9158030043074605,4.482434166452342,9.288942932327398,16.302822395647468,5.199461446588616,9.542205992987023,0
1354,-0.7484346533764765,0.3688600827897881,-0.5110646763738526,0.06282822435435956,0.05175201427001629,1.0574738589433164,-0.9072363233920373,0.44926272842330905,2.5201830250134005,5.035605232948671,9.446377630701715,2.864158051566292,5.387065571755766,0
1355,1.1018228654303024,0.2706014888453978,-0.7672978543255673,0.6442362857560492,0.032166375266769805,2.029104760856752,0.4959496779409971,-0.8905601467058806,4.22237825414714,10.022164692503518,13.410604497469016,5.1789385900342495,8.814438092239328,0
1356,1.197148474646652,0.012867080719814794,-0.14205331106084573,0.33640895415878946,0.09099450996613753,1.122892503914806,0.9503438777389455,-0.45411037410554944,4.4793285409745085,10.991429860957338,16.765040037080617,5.348789183774544,10.205618450081193,0
1357,0.5231050916416948,0.37268522293625983,0.5243914193606778,0.39440051822637595,0.05865338223055516,1.3118940853354584,-0.4799764703020767,-0.5838936752035138,1.2310109501622768,3.298696111933428,1.9986356670695542,1.4319763150663274,2.10170045025621,0
1358,0.18331677504049537,-0.4647782846756461,-1.400300511706383,0.04126059470584434,0.1042515789580312,2.3657292299603654,-0.10874787929741991,-0.7058777488305317,3.56821066516164,7.650120949661423,10.104409500833142,4.282688474963811,6.825091182193242,0
1359,1.2723328421174123,-0.47712820605256034,1.4868793848116417,0.4506113326616481,0.03489488228401509,-0.019976152378280432,-0.3950849476088433,0.5589439692538956,3.8476181065926283,9.293006271474777,15.244086980895931,4.49784804487047,8.965198212176048,0
1360,-1.5767364567677769,0.7140054340650965,0.8020106827924041,0.6890910431211901,0.13424906190624972,-1.3511108852845939,0.05041393734868982,0.6998444403327546,4.044761315464942,9.542920302044493,13.496026959403931,4.932082235298468,8.618320796603856,0
1361,-0.4904481115355539,-0.8791848464087351,-0.6250969303844504,0.19353624917984869,0.13050939280336568,-0.1807682529542589,0.44050616987115165,0.9242382993831708,2.0109087672101476,4.388528409799457,7.5658840233669284,2.2713675560234323,4.416733115715303,0
1362,-0.8032485904591851,0.5223991150547915,-1.4317076354438356,0.08329294024922254,0.024279763500491713,-0.9379083156374579,-0.23283068368949178,-0.04596821853549127,1.3001709760890652,4.3837396995853295,5.125135246247401,1.74700202994917,3.4174139795714553,0
1363,-1.01867461486641,-0.8675693607797281,0.5325692755207299,0.01892908282741157,0.12142059522880871,2.145774125756007,0.5048853927831225,0.1919210345496638,1.6659438751024311,4.334491977949452,6.435639322163012,2.023962818387342,3.933218834403203,0
1364,0.6280741173145312,0.3044440932351886,1.2951154081995018,0.7714446969551739,0.06400674628623326,0.5853958807420905,0.7267369289620134,-0.997923685655725,4.48148162241805,9.401086047910143,18.00466118114199,5.253155044528517,10.091484159893907,0
1365,0.10806366731086259,0.3057526796353953,0.6516163492127447,0.29503152751702494,0.04434666309173883,-1.5892871671604576,0.13875731772644273,0.838606864504243,2.1989285723019947,5.096970972571092,7.795808291203848,2.725854380327627,4.800097788855843,0
1366,1.5839126028961927,-0.28006814568461524,-0.7264345801853921,0.6310350581366216,0.10874700273662823,0.026699155687461396,-0.26632737710674204,-0.7524041925096501,2.7215306684754266,6.155329903816495,9.390586113675539,3.372841420288424,5.81751814781908,0
1367,1.1405543563689462,0.23492888716339477,-0.36935496078594987,0.7350303808534396,0.09895090596177931,2.1461943342187313,-0.06141009518485463,-0.09076435187214016,3.483093998023782,5.629699391763444,2.995974945208199,3.6327852726787615,3.995909027766504,0
1368,1.7489571612563184,0.9195828564870665,1.3823019566366588,0.6551179151259543,0.06936092172365078,-1.4485035286547059,-0.27974188493321217,0.8765949830355773,2.9598620966112237,5.870090250210359,11.144952520015819,3.417469729343706,6.334218432985591,0
1369,-0.5457828196788004,0.513434853647075,1.2690130532733237,0.7763137303051437,0.14215112203130342,0.2752879886113795,-0.01948782083791123,0.9752810175359725,2.1717590892308514,4.466291037479275,8.475539066735307,2.533941590282631,4.787470917061892,0
1370,-1.1272831816787727,-0.6249394766304748,1.3895468932375055,0.5513558574593357,0.08044560146972367,-1.8397510357934714,0.03177659763919016,0.88844230704311,3.9137508862111843,8.018788030938518,10.516780167309193,4.656280926519312,7.2004238179895985,0
1371,0.4115652933946867,-0.19074275512093042,0.15330900439538508,0.7089160696142276,0.13692729917029914,-0.49955917173552367,0.2593464058423729,-0.4415947746343385,0.6213312742879544,1.5852984317792727,0.9165712218799199,0.7687238364723958,1.0138326620313836,0
1372,-0.19565881536609409,-0.5602347264337142,0.0944167855967255,0.4625921079717296,0.05067551041961597,-1.1394084968067593,-0.8375385440845153,-0.7209126675876805,6.411890845489784,13.171596817990551,24.40272389134595,7.379842535618047,13.933847720009691,0
1373,0.8458444628564705,-0.5567239928545933,-1.1460689366803185,0.799097351811431,0.03898747528335855,1.980241577140661,0.2620462890046018,0.43014033361363,3.7806290558245217,6.208605837830015,5.172953597413258,4.16659571959467,4.965316119279805,0
1374,0.2436756459985414,-0.6383776098800622,1.0411547143578077,0.6623782131894274,0.052452819802540115,1.3192534820573192,0.10329662002662676,0.8180982811201294,2.6135919330838555,5.999123586311563,9.475476065400226,3.130659135925633,5.739523389031257,0
1375,1.2112974852158715,-0.9180084603959384,1.1378279165737748,0.7748531343827919,0.11132343039376556,-1.90043234576466,0.7377021356090883,0.29497808524717173,1.5726143401968848,3.1727723937909116,3.0552371959447235,1.7725926613656042,2.5174464451163163,0
1376,-0.6446947299120791,0.7680611023853334,0.19670006535951856,0.6823423448155218,0.10051706228763642,-1.057419481475359,1.1400448700664876,0.14201109587911698,8.619264957843669,17.77395011407775,33.376252571199366,9.955354001961014,18.926375693132336,0
1377,0.06702096730583573,-0.19298074349349004,-1.090967390766938,0.5489703040289293,0.0646198797008721,2.1730625517782105,1.1162332046853558,0.5352817106999019,4.944033531847023,10.539010375047907,16.17419148720622,5.794375339156377,10.076608152145981,0
1378,-1.0300209451898592,0.4319593616079327,-1.4387347471048335,0.6611204022467142,0.07404278506357936,2.183698249425932,-0.29337590081768383,-0.4736527910323114,1.9006480011939428,3.191796891867381,2.319479528831998,2.1054995272344668,2.434127279291443,0
1379,1.980225355024157,0.06135574302415048,1.0895476272313145,0.728845731216807,0.0777703069172135,-0.2214303724040616,0.12692629145364043,0.6954790057628282,1.4600409627797684,3.6502939722117476,3.510595383017984,1.7935098736839534,2.7656300827712457,0
1380,1.8586409264031984,-0.34335578126056765,0.7158911463595401,0.22829958183196758,0.0916429561997258,1.5239479410913521,0.9275671791871039,-0.10256763144150649,3.2265621765768584,8.297702615641569,10.129381131248632,4.108309687355015,6.906924745775619,0
1381,-0.5209772697364339,-0.4930967759782243,-1.0997484887454374,0.2919340549149393,0.13079667071217707,-0.4059524189468089,-0.43849640205306717,0.4782644891728296,4.177944140474486,9.38202014865998,16.617345528565387,4.79157084721416,9.532350030031372,0
1382,-1.137662113496245,-0.48742639502463514,1.3077259450149072,0.06527175409377338,0.06219467703651349,0.3837559619740216,-0.6473742825249466,-0.4379750315305606,5.3047742616669336,10.733276213160963,19.83443232708992,6.092954980525316,11.371040338627877,0
1383,-1.1126185410053422,-0.3096288558787168,1.195517265235345,0.3452698772573321,0.06267435247851476,-0.5670955991280535,1.1138777446501782,-0.7654011275603687,4.383326420947517,9.060840521855734,14.033415642099781,5.0133347451136885,8.74460824998228,0
1384,1.4875016837574657,-0.34567786454404903,1.36953477511606,0.2521817969949271,0.01243115448844807,0.10020942176257908,-0.6531226096562152,0.5059796309467517,4.3918161489701255,10.545535869483816,17.4583882066987,5.152265316084584,10.23394859915425,0
1385,0.6292224733118177,0.37293831584475345,-0.9195315341680901,0.5669042119081124,0.0466996540470506,2.493370140300356,0.5562423913776151,0.18082301481702556,5.194078532546804,11.33280283041126,16.212292855593002,6.169128877435024,10.438665153308822,0
1386,1.468471116862192,0.1786233994388542,0.15824960032660007,0.18985248224430365,0.10171679929881375,-0.6267778587526929,-1.096601693250887,0.6321235927399154,4.124275169258998,9.039288898536393,16.09160791116668,4.749277731861322,9.251479366874754,0
1387,-1.7925073334050325,0.34460024568105174,-1.0298373255452544,0.3460556132566911,0.1288637487820081,-2.027902254429267,0.4011616285262902,0.22523748497217055,3.8251917296473046,10.440657231838262,13.285311871235265,4.8433258752906765,8.749680837345316,0
1388,1.470118985425171,-0.6545302573518665,0.8993625139074144,0.3600969573930626,0.06429658687398683,-0.6910782458006253,-0.27462204912979704,0.03991925285045017,4.16424892598836,9.042006795260948,16.21797448026571,4.808446770396884,9.308113737494192,0
1389,-1.5728007083061368,-0.14986826025408417,0.4559436451785688,0.3985538827506517,0.024874420327443417,-0.6847414910418399,-0.13689198137776848,0.3377496292659363,2.4402819576351518,4.9696898426935965,4.974295053321111,2.864750245773951,4.001755080672353,0
1390,1.603065290149991,0.10075102517563694,0.5291043843520926,0.06175170035152355,0.14317005440213895,-0.9239565482223855,-0.34969980074898854,-0.5543144387169747,1.115610930512254,2.75275325501895,4.151225377306112,1.3191648431339766,2.5377933531645924,0
1391,-1.6613197129378032,0.5800935802837024,-0.7785297548814816,0.2261501882762505,0.027269441490940894,2.3744264014944,0.6744835134700906,0.859799299961401,5.767665809920516,11.776111776604726,21.87918863597544,6.636893003120268,12.490579167062231,0
1392,1.4468934682140415,0.8125935990905233,-0.06289784445242086,0.1364331498856804,0.04903205015363166,-1.0377424150914822,0.5211212102432554,-0.9486546273853151,5.913256444587302,12.086075375783638,23.194862299779118,6.8138914923763965,13.039647385282658,0
1393,-1.4318311403280917,0.36577024050972184,-1.1296729385986757,0.03863348061632017,0.016382274691678626,0.9533707652154817,-0.8656193774287197,-0.7073912777270372,2.2048019503593794,4.878135845656998,8.749398473372402,2.5522755455220105,5.004928435368835,0
1394,-1.0787992129636028,0.5018214083930452,-0.898941263217672,0.02830031737936576,0.13587950333639107,1.8815921214546139,-0.7564343978484662,-0.46931482045309014,1.483126369113693,3.2024503682133374,4.050122565559338,1.7602419077266818,2.7967339816385786,0
1395,-1.2457697142254363,0.43906907792345984,-0.7499733474323038,0.7451598059028017,0.12414615365753533,0.4420056378483661,-1.1785482606870883,0.7673388128333334,3.391560871548602,6.840421069206787,12.882285001362373,3.9403439468794312,7.328314477323271,0
1396,0.9110465861302166,0.5758147930820128,-1.2845243862840268,0.5668481361748338,0.12068842104362154,2.283176780785274,0.19312913467784543,0.016083703998543086,4.882719729524647,10.388691409781286,13.651460562090092,5.729369231365082,9.249798433555315,0
1397,-0.2984128400723529,0.40257536192928756,1.2624639141438414,0.4798040389728286,0.03409254622625097,-2.4121302484541163,0.2858714838420662,0.7291957760381054,4.028192175487397,8.943482665923549,12.065123878335662,4.820786639812428,7.993118279905225,0
1398,-1.7360988897063625,-0.2048575820773082,1.3201407782427084,0.4013415966854442,0.03309873446828896,-0.731717941155758,-0.2204650411324649,-0.7654209711664157,3.874169965452392,6.400527218918999,7.4758749938473334,4.356290660455849,5.760800719511201,0
1399,0.6431689753936447,0.1843286581849528,0.443168633596732,0.48863325494415033,0.00250081024325095,-1.6276857521684018,-0.8026271953299347,-0.8040970274040211,3.1295929506326754,6.579171436168819,10.797487263822834,3.5129908974481046,6.5031745849321085,0
1400,0.9419030927931056,-0.7597255710430166,0.5045822203510326,0.14271224772294033,0.01774652673718895,-1.6873497569196032,0.020168295691247895,0.29096501971551136,3.33328960704205,7.094307044277003,12.96339650686615,3.8701640830815567,7.404314355763716,0
1401,1.247699440230547,-0.7428755890707388,0.3485602421574905,0.6190716795289979,0.046860775726182656,-2.1014221031628115,-0.8257296886403667,-0.8168827048790865,6.999374459944708,15.174105866063556,27.414050507287516,8.136588390764814,15.689918089065214,0
1402,1.5488477240907117,-0.2465966632795309,0.07004581540735799,0.6149505214434517,0.05572476331810857,0.7455132731380636,-1.0159683522757494,-0.03818870486279913,5.733643378058968,13.413104859706209,21.945986142151977,6.712630039072651,12.99908331788241,0
1403,-1.6139241353187694,-0.5034317186395438,-0.6199775172135941,0.5740670431095574,0.10111562794338808,1.2354004446553288,-1.0517878866303956,0.9878284243460937,6.807623826515206,13.661794403415387,27.262606397837963,7.878842199562675,15.107491608286836,0
1404,-1.7823198851609243,0.651495582878308,0.7208068004416068,0.4734094323934559,0.06582857477174807,1.2856617663509136,0.5756587278452305,-0.725643329020391,5.628107966199076,10.781948625732618,21.477562735951214,6.400282480087294,12.0063140463736,0
1405,1.170529891843481,-0.8428860051300695,0.001638426385604408,0.5160654612537554,0.12325332860628414,-0.18444890953473125,-0.6315406138436515,-0.018680769086786952,6.461194291668019,14.096068129983973,25.47820102351851,7.52228917243403,14.562867950794553,0
1406,-0.9991675582515196,0.05745076291229667,-0.1124754506804464,0.6244035870003155,0.036013517016379344,-1.5000740790483025,-0.06195518503929609,-0.8989912696182987,2.823402624637759,3.845360768070237,0.033939250786561015,2.871893663559579,2.2980001594043244,0
1407,-1.0826374862579766,-0.2925901716246162,-0.037110862317269344,0.21554936898029126,0.08409547420626096,1.8920733322258574,0.10494590725824504,-0.4263209565271364,0.9071132465892359,2.3916996852621644,3.0835741805146926,1.1577781233437834,2.030493946044206,0
1408,-1.7520761119907404,-0.7266673905033527,0.18365210564157186,0.5469670704835038,0.0074501915331105836,-1.5722508514325917,-0.43420495037623064,-0.36045378223899527,5.818143446153171,13.044430170368011,20.24179976989673,6.876226422423701,12.418934658167744,0
1409,1.8336280567118441,-0.5924588041151548,-1.3124389515626733,0.2824118634498553,0.02016629565445192,-1.8670901743210544,-0.22211841331889193,-0.3872177215001027,3.626232435136599,7.256023168744514,14.22944859303895,4.167895101116953,7.950300769187714,0
1410,-1.633092895378562,0.2086068588548986,0.005099298061050028,0.0616797351610443,0.12941167110212165,-1.0764347089383364,1.1073138838732304,0.8630772651126513,5.960747860243702,14.183711659459924,22.936367223966123,7.099848344189676,13.63423285751989,0
1411,-0.2636134951249889,-0.5428661191233302,1.0045581375906676,0.28902867329795745,0.024532604200694735,0.25803857909470596,-0.02543413751696222,0.7000357576279128,2.5185614291432388,5.239793047950048,9.902832569266746,2.933267974744789,5.591682911382489,0
1412,0.9171255193573282,0.7522789736735074,0.7041087371621231,0.5137399685182377,0.07502657284155191,2.437766447482238,1.1019955776004136,0.6977059630714992,8.451339889668212,20.009846003076873,32.32724675122162,9.950382272302926,19.2315680204203,0
1413,1.1012768551421113,0.15511910023702424,-0.7207399184213796,0.7003512216703719,0.0016224202318436576,-1.362800166030334,-0.2310421317972724,0.17231431046814394,0.6693081543337743,1.3952000607265698,1.3251062665743356,0.8081187364636667,1.0976962181367707,0
1414,0.2435172814414237,-0.6483683472294306,-1.1856054005594046,0.17786314206822373,0.05230631833447254,-2.429731560399569,0.46189396931965376,-0.5045451285250171,1.6282840664797704,3.938582343451028,3.143540505912405,1.90595353483955,2.803717428236916,0
1415,-0.5943822538065504,-0.33019661883220097,0.03548940263556544,0.6878397776756888,0.022408493025831176,-0.79636443384365,0.4608691385562804,-0.9115371734391264,1.8488361086045777,3.089330597436701,2.2416783776389804,2.0338628535201657,2.3573398104560943,0
1416,1.3199145406488948,0.923650280994853,0.3229116077459726,0.7652066968245771,0.06195927441476216,-0.4248413467243157,-0.9450026174077502,-0.9291061300004606,0.6176700191925586,1.3535756436325073,0.5515041711322235,0.7198094714476044,0.8288058973319473,0
1417,-1.0219827274618645,-0.04374268579770457,0.023047172588666953,0.17406030539314665,0.09192085119921413,-1.5939706258080606,-0.41709326335415964,-0.6085809696213451,3.1681391669791803,6.570296069729393,8.15723807016893,3.7528700743740333,5.743988999500655,0
1418,0.78665439996055,0.03314501644462364,0.7083032972178462,0.045798535673319755,0.06380431203527122,2.3347928949071033,-1.0713131647047274,-0.1632426206080757,4.854880647782932,12.137927926581442,18.008565131001763,5.879731946072139,11.088385306217054,0
1419,-1.8384071245775178,-0.7066933580584001,-0.11242064528084539,0.12601071814724207,0.07781331374457646,2.113658413850348,-0.7190218603261758,-0.7856269805756044,6.296478551684632,12.610195801669994,24.97323954372498,7.269035427229998,13.89087771184688,0
1420,1.3011062479318078,-0.07946030517248959,1.1478332965324132,0.2448986357323098,0.09412980077806345,2.116567771508321,-0.7879300813250258,0.6014571186108066,4.370927778691255,11.306108042581645,15.385366057098345,5.352097304574485,9.853930293968823,0
1421,0.5260669993805092,0.6258934892541068,-0.9879199651406755,0.34726917626960985,0.0193255842715429,2.3004105399268235,-1.0495398648956773,-0.8690332040112234,3.230135288304364,6.563128448520923,7.395490983550792,3.816837616105629,5.538310177723386,0
1422,1.5926247687268091,-0.39847570372465,0.29106009854145043,0.22998042312584543,0.09731375634412974,-1.5376531536498639,-0.09871330067647377,0.06698434956078891,2.196568975131573,4.734134941399415,8.645553474566537,2.5340083132494504,4.926278048654202,0
1423,-0.66542843885148,-0.4965987774620959,-1.0793799969863496,0.5649154690463359,0.025242407399163485,-1.0393680440592767,-0.3914189649203582,-0.09126640604065983,3.8641956763539462,9.479560463349081,15.50985680179455,4.560538333149636,9.112137715764238,0
1424,0.8102747982002678,-0.14410973069258914,1.11328086430645,0.5438285172961476,0.125773007419527,1.0817698066547035,-0.8432836803909609,0.9558546037281803,4.479600247299561,10.993414026375627,16.898022915389348,5.324797147514663,10.243790871470825,0
1425,1.1463450630734622,0.14544353726802495,-1.0043071777856216,0.13814451886317958,0.09214967622902125,-0.4190143349899431,0.42206280123634987,-0.2551445502005947,2.7053259447631115,5.760696157134763,10.001679124250277,3.161695423365181,5.856479910180964,0
1426,0.05138068582637967,-0.6240839240720759,-1.0343965671185202,0.060515810958792486,0.12294589573478285,0.2769312578983065,1.0731384957759895,0.4989725627186561,2.349881740427246,4.268271701346296,7.749747758232751,2.637089808181713,4.574079340820059,0
1427,1.075052640997976,0.018116868394030927,0.9463618095769522,0.7536507562510535,0.10826103785031566,-1.9720552955649935,0.36244766220841496,-0.7591335755178161,2.355151918457017,4.710566051947455,6.436556285850555,2.7720466958130294,4.327886946457811,0
1428,-1.6911103103253287,0.38580081023187596,1.0043562957721157,0.12707319258349328,0.011122291194906708,1.9326144709602193,-0.8826975912219146,-0.9298278125125257,2.459138755926705,4.47758751776882,8.674720372059546,2.7462155134921424,4.958055545075735,0
1429,0.8842174750659559,0.6954311081906859,0.04342002439267878,0.4319401952750303,0.05052907690910679,-1.307684005668837,0.6125569684214067,0.6985688162420851,5.794662600288761,12.229026354686685,22.796025306061473,6.67635479348577,12.913549757659652,0
1430,-0.7150209673392132,-0.45236163024869724,-0.6966248413648497,0.040476334417884896,0.042161253726057155,-2.371745415154975,0.6921782939240948,-0.48814634193808004,2.842377609214436,5.150143508619589,4.102140078772269,3.0934929822038404,3.937747657202272,0
1431,0.7606207574054547,0.0863767710811123,1.0123908899315959,0.7683029820456174,0.05509374211937475,-2.058295900551814,0.5991498345262147,-0.9573953476016333,3.8137005106329345,8.027099471496191,11.912228541551219,4.272209801347156,7.553129537238819,0
1432,-1.1081466620550149,-0.8934986630537229,1.1944451148594464,0.004237665361257826,0.07391132475228478,-0.3800043642050994,0.3665871949155348,-0.42051182286150035,3.1997549625049397,6.12756338367406,9.199600418733798,3.6875442122585484,5.926830050699694,0
1433,1.4947816018778335,0.46869148316278664,-0.20311672202330122,0.2864209996100331,0.12238323712463767,1.2853014926788537,-0.24239986074228603,-0.3172562747797456,2.780937002528978,4.779246730185374,3.7723271756060894,3.0032070995830713,3.7000739824544393,0
1434,-1.8444480413498314,-0.8365855091197087,-1.338244633337296,0.019532389078421454,0.022930857321117135,1.7857090884028741,0.7155823458140762,0.6911476956563942,1.3099940667230936,2.0680946537897285,2.1980008048368296,1.4380396911748643,1.8166308267223816,0
1435,0.4952014457018876,0.24812620248133999,-1.12820476034095,0.5591722829139094,0.04200396163057094,0.09626664893100534,1.0913342491220577,0.7412307886368545,6.191579244376473,12.395726469243831,23.425311182250628,7.146705065629675,13.318455575324247,0
1436,-1.0672259708168315,0.4733012314005869,-1.1877277501223666,0.02139398859522608,0.004226141217279028,-1.648767578909938,0.4678761650251031,-0.27338821308396266,4.344156264397991,10.925580579539089,16.429020914555885,5.215720866766859,10.031199414224576,0
1437,-1.9362302441332329,0.9760452627536838,0.10013520969597955,0.31510417208905406,0.0778274842573247,0.09985454929274962,-0.07143221497681518,0.2258978089299415,4.17105544288239,9.793619701792377,15.836623739885475,4.913990330820787,9.431788698450152,0
1438,1.542506479473226,-0.3965726158458269,-0.03909413146211338,0.0029151969574149564,0.12897214219773037,-0.9704805554344187,-0.5488874440119146,0.9950743384220693,4.30744799470627,8.820290872883616,16.522447108401902,4.928868416591487,9.387942634456683,0
1439,0.33757175498075176,-0.7539135077180195,-0.703425090319287,0.2825812706130491,0.14790900718059807,-0.34689161042571026,-0.6476784280972582,0.1394619348256343,6.176087453445644,12.32286871651561,24.46779641399624,7.117178693850653,13.601743644572313,0
1440,-0.3809613677719583,-0.8900792237162591,1.0827588373629764,0.012550021826643132,0.13477254536182148,1.459293518009011,-1.0180242956582133,0.4472221556261078,8.43073948916509,17.667781489815365,33.387386340645605,9.742721955081352,18.820044391395953,0
1441,1.0837667285572756,0.204614146857369,0.2330124004683698,0.03974962099837925,0.008924455773417383,1.1364432491784844,-0.9466435705946163,-0.5163117985870449,3.4473886830461042,8.640396613976653,12.926139234946891,4.202642968051889,7.924441656396083,0
1442,-0.0046536247065649405,-0.6716726527746368,0.8695186816500766,0.645902419023271,0.1263214816891338,-2.2521593961264754,-0.17310441303930135,0.6938353454286716,4.150420523873512,10.177989164347549,14.69300849828946,4.931090002077397,9.199534456160896,0
1443,-0.5471224387732043,0.3916407566460449,0.26773771257002865,0.2777668933657429,0.04146072436356356,0.7637154604970338,-0.8793020711930473,0.7202450381755172,2.2430197026235796,4.2602129103588515,8.509706585717936,2.5431848123790886,4.758200240848018,0
1444,0.3057737643228138,-0.7769929897483216,0.6105829355800907,0.3448900399059352,0.030612212304476354,2.3053464646243302,0.5271546840346215,0.1859872466559922,2.289537337907454,5.128494555496603,4.354293597411406,2.6490857576735993,3.796606223011999,0
1445,1.3954687242374466,0.08773957976430524,-0.17558816300128832,0.15155748788856666,0.0230085637677268,-0.34015341814075883,-0.10566101033396214,0.46662501046145444,1.3776898598492655,1.7876035936675052,0.2824902031936767,1.4010604421073074,1.1744411412238647,0
1446,-0.23165995985249443,0.18631840113083564,0.9975555722287384,0.7946677564084335,0.04837879727269237,2.0097723186418435,0.7345220924486373,-0.8639866193608938,4.081316312345919,8.937714805849815,16.02548476842958,4.804029830206883,9.193757749008281,0
1447,-0.663364276584435,-0.5619140803312332,0.49315281726899407,0.4442393089741506,0.07422765788843304,1.3178188190378877,-0.40005913005123983,-0.23449540889346876,4.333913051298433,9.201239635279682,16.861984820189452,4.994229814696454,9.618564233499916,0
1448,1.462535792901797,0.9444170185200131,0.8290720223034969,0.17365677982178102,0.016897744824577097,-1.4539742611709898,-0.18537272394504867,-0.5266059445047235,3.499274871783336,6.7504536488768725,13.236407467638154,3.9844012924530943,7.444280925734818,0
1449,1.604164592288047,0.3414458035348804,-0.2498122656509576,0.21904938628924864,0.05709915077114465,-0.11974702316634911,0.5131736452217488,-0.8213168835422422,3.797866874476238,9.093380969242096,15.095880943173373,4.525491336588856,8.848687769726398,0
1450,1.3953317591557828,-0.74487993773964,-0.7126497540826863,0.7948719166180671,0.02853129510663767,-1.9942890610682718,0.3321727246051158,-0.21374184029755017,1.789830170111967,3.60132783237026,7.180257623857206,2.088707929397365,3.9802954808415665,0
1451,-1.6326582629259652,-0.9925151433019099,-1.2625152708555665,0.4181884630175254,0.03463394176964134,1.3877606715947493,0.8580207193721832,-0.7103339645694113,0.6793306846782425,1.903097666386122,2.4475527413560556,0.8337253459319638,1.5923668623193226,0
1452,-0.6519205170621194,-0.706851749063605,-0.6399218892541584,0.19136353500045705,0.11802973514057798,-0.7726016099296689,-0.010644483013976691,0.34779021094596296,3.1879906949131045,7.360104412593265,12.485898427179592,3.753956103950184,7.285593670800806,0
1453,1.2890265966087466,-0.3975818193550964,-0.8723379968879426,0.7827626990046941,0.04802213169712454,0.8553404959043776,0.4268184976267302,0.028058891199082003,2.723969060423989,3.8696279067437547,0.503638239021706,2.80846389102142,2.4100169509589766,0
1454,-1.086210218061772,-0.7170851580916475,-0.03895156525670673,0.4087436293691016,0.11600501351621964,1.0491672197609674,0.9888990692060802,0.9417211237752632,1.3511040865114625,2.549700449446927,4.8248853636341655,1.473333467885491,2.7650403166663153,0
1455,0.911405304798163,-0.8469775023394932,-0.2846450723486922,0.48704189587254637,0.08852926071749363,-1.5927810708470092,0.19906735068209125,-0.3006389842371118,2.981851363109247,6.167340365739047,11.131136785611568,3.44770419478754,6.428868973816713,0
1456,-0.6442926206251363,0.6680140106024723,-0.23420052399533997,0.42191676325156213,0.08443092915517181,0.3149838992580811,-0.688508366919907,0.1989067262980142,0.30445122017556986,0.7648053638658614,0.4826448613848555,0.3590311182676346,0.5014735454546495,1
1457,-0.6615055642235217,0.31004058919233923,-1.0629072031028186,0.7952924757069356,0.11580649371800933,-0.41374283257846267,-0.4767555579257209,-0.22439593036430838,0.8359821340711534,2.265070878677759,2.878798489568248,1.056354447867921,1.8995908954819405,0
1458,0.8848330910954996,0.3108155991691304,0.6062775360017625,0.7111993563612314,0.0684442839465614,0.8476057422383239,-0.1403809080963161,0.276196156239753,1.4727416487568945,3.4957888470686247,2.9360519814709782,1.7175503599809436,2.5431297791870433,0
1459,-0.10070545214821136,0.5533272546757861,-1.4842196301488009,0.17256876463182547,0.04446564377448668,2.226972531255581,0.016910911120602945,-0.27129624000371755,3.583175230997985,7.130545853398482,9.986838325839805,4.197548378421818,6.6299226609130635,0
1460,-0.38275153754531255,-0.09635543313492745,1.103491170341913,0.7698686925441103,0.1266246959610346,1.7082838170947419,-0.7223637337068931,-0.46264385647548933,3.4671415089740534,8.559458499601117,14.234055849101846,4.100586885811594,8.288255445884264,0
1461,0.3841967222323963,0.31227482688262187,-0.8918838796617561,0.597025498197214,0.029994532937938016,-1.184946767052929,-0.46369070884413444,0.6919828329806341,0.8585828129934029,2.0491741338678136,2.67676409504588,1.0549613013038248,1.7808524427025114,0
1462,0.9283355874835331,0.06137087144836273,0.9592478944046854,0.6503425978687388,0.05847496439230851,1.4071864374370997,-0.7050173471960219,0.006457699911018633,3.0634532676749924,7.816984683660314,11.169519331606084,3.812580284503481,6.996245213332764,0
1463,-1.5270330784453185,-0.14641102881748402,0.06109730930157187,0.06393468633285622,0.06939191425976249,0.7583527148006652,0.2738117633873709,-0.891292224217886,1.2293349756276537,1.899561353793116,2.1368064923291987,1.387641912414414,1.718475037766432,0
1464,-1.6186412563671957,-0.29728750808971793,1.028057168748317,0.6958048425338901,0.0464419304561889,1.0944604262072821,0.18573742164394358,0.9668445175188651,0.8932477241093789,2.2877274754070953,2.001188305283745,1.0760731501080116,1.6622563664508672,0
1465,-1.6214243508412332,0.0957614844805097,0.27761294661376157,0.2461348567608929,0.007042987123720618,-2.23947732156087,-0.11131666991846845,0.38494757888783826,3.8737383981036966,4.231841238472711,0.2698812762167333,3.8779701756437586,2.900435291402318,0
1466,0.8007031432125098,-0.6380603005563517,1.073916423017359,0.30172994077579596,0.14465518529586266,-1.909201827871816,0.8074912767251565,0.8166763064908955,1.5124389118139334,3.0863781311639196,2.7863827331154063,1.7197609377093344,2.3875360265989114,0
1467,1.2907021045749256,0.617682282399368,-0.41606995378516487,0.5706744853767785,0.08690198490169505,-0.37760434284390776,1.1834680705288314,-0.41909056370976017,7.996348703282772,17.259885051491068,31.368172737742952,9.28105647164619,17.915427594919652,0
1468,-0.3474239112488635,0.8057220746762348,-0.6329751627111776,0.12214491370283023,0.04649996245042276,1.296558385508955,0.8636496232854383,-0.7711100247552778,7.3981705412998755,15.53071707549412,29.18002172212131,8.57671969835686,16.490344771510276,0
1469,0.4868507242993063,0.13457381118948586,0.5063933565400953,0.5368450969014368,0.14392012053997924,-0.7673539578663036,-0.4805593878341309,0.1624505716436504,1.6615914902024742,3.5653915328616907,5.847505079574617,1.947707238465576,3.517117154638192,0
1470,-0.2823261630453531,-0.052491455374843454,-1.2921690194865216,0.11859374156287439,0.14030624048892928,-2.1585427416493914,0.2163494224334901,0.5091500580357804,1.3629858944724393,4.008109470383166,2.9140115753577245,1.6999508741943985,2.655527169483439,0
1471,-1.95254588623669,-0.5545037041332304,-0.36878390745183953,0.4054539576549348,0.05123929421334906,0.7449962907452501,-0.6566459585982896,-0.949034127141962,5.530543915169282,11.824049500162532,21.12792540475298,6.398921915051222,12.18464783753056,0
1472,-1.9937157967269834,-0.3089759761007316,-0.41501160241725854,0.7588832939092351,0.006717106878035444,0.1503253006759051,0.1867519542332312,0.39855002379543913,1.3975400285395665,3.406480885757273,2.130967766921115,1.6069828178763377,2.24119488615302,0
1473,0.5549384005626421,-0.9837210125521143,0.3955730202270349,0.2579103517597857,0.11593034420217029,-1.5581730693215046,0.5188935647452304,0.2509906673781219,2.209573928409962,5.290510428263504,8.113329771183004,2.673546408924841,4.951378879249424,0
1474,0.6091635413098997,-0.6481046258248915,0.5075220039973871,0.589582726913532,0.07341153918567084,-0.7981715850622739,-0.8002683617083779,-0.4200789497785189,6.546536871727565,12.841342734452496,25.366188398501524,7.507028648540732,14.176923266258548,0
1475,1.0553134498100838,-0.1811985509074885,0.6081397259797727,0.5920730599987895,0.10112553361864345,0.8676921184147424,0.26593969038252374,0.036843957427427076,1.5475126123971932,3.38625868446866,1.475764445224598,1.6871606087931768,2.0915767835064534,0
1476,-1.208733252518921,0.6856067738437004,1.392792517462786,0.37318725248013307,0.13998581338269836,2.489972688616417,-0.03312980979403046,0.4487107474999361,2.971752935094679,6.7118601484208975,11.47475697638177,3.466852246869418,6.694196242656146,0
1477,0.5751613530020903,-0.5254703679985055,-1.3587316687370437,0.36268424893956547,0.11808074960944083,-0.8743266865515154,0.6826529308636424,0.30960336392591103,1.1560871653534117,2.035568110545496,2.81307857322006,1.269849089178864,1.9284050636535768,0
1478,0.782165407270349,-0.42851822324522004,-0.08985785147085923,0.14536304002017372,0.03698707921195896,-2.050749784537924,-0.8957438248891008,-0.578973041408327,5.946522414770331,12.938306751908046,23.08523136202676,6.89026662223204,13.280044820834744,0
1479,0.3209368455033479,-0.11757776090472039,-0.6991814623033139,0.6888899575181513,0.07877215370129792,2.1155473681789685,0.32391590946616255,-0.9684248069425667,2.454970028509531,4.630336980435299,3.4444090640620826,2.7252228257881392,3.431437104480888,0
1480,1.6539027640627806,0.7149266713616527,0.4058136683426976,0.4278188445846544,0.06793891099778775,-0.08912577116584153,0.6461295380216394,0.026283204717371556,6.027256177798299,13.227963295784233,23.742034012775218,6.9974446214175146,13.598920508049076,0
1481,-1.2959012051902374,-0.8836448656540146,-1.1214411711404626,0.20115288706990891,0.05516011821595599,1.962080060876044,-0.6261906427207968,-0.36080288399493043,6.7286958923450735,13.7269949762437,26.371908335524033,7.772637572700258,14.825543518503867,0
1482,-1.1079418418929046,0.09148363741226673,0.3512600888834605,0.42570202551772857,0.14277849768254103,2.476890088270621,0.8097503755333519,0.6105922897806044,4.126207363072661,9.476482134827686,15.57688925860109,4.84511212744339,9.238384839694769,0
1483,-0.5357888930015657,0.15956701232399673,-0.44558274315334456,0.6274846769389915,0.0257746708637754,-1.4166414285267848,-1.1071342299112588,0.21787934667598474,4.331867259617277,9.616255043917002,16.53000519839295,5.074278878664419,9.65086613844461,0
1484,0.7541530351558281,-0.9932754275372424,0.032357291982751724,0.3014996307918192,0.11885711727281514,-2.305546270006783,-1.0834423468366114,0.24041819745175985,9.227485258849391,19.647946589996703,36.14889962547376,10.716904297784264,20.57898987207438,0
1485,0.3665554183190558,0.6621800459960205,0.27680066747208354,0.7594966628732012,0.04715769633516331,-0.5103929679759989,1.146419199607,-0.7849515132564437,7.959273015883548,16.122264503772996,31.631855171453548,9.1489286236267,17.6289106696957,0
1486,1.1836194127851183,-0.9768625706791194,-0.04046025178994306,0.12272186989493959,0.08982925555920974,1.4908498485391402,-1.1206984743583506,-0.6724545468165095,9.337217503200288,21.160568238644803,36.51539495956125,10.935424247827136,21.19749663520462,0
1487,-0.6295584753523902,-0.48840206828865207,-0.3503403305812347,0.7614946398539615,0.015180919116036072,-0.38358945667113975,-0.10298070814180127,-0.43931589634167456,2.673694010958251,6.952812641958587,10.313444182178333,3.2211329200032432,6.304098542528876,0
1488,-0.8859737692497212,0.4295043234986413,0.35353152795294807,0.6502656157865225,0.06076098337170783,0.5335551348983651,0.9446115376382027,0.702656943432771,6.09558215410412,12.28683412775193,23.963186357088553,7.032301855414208,13.4069109772248,0
1489,1.6800935699998356,-0.46204995494355017,1.4562635535963606,0.6531119323771333,0.1192211709061955,0.8378930047932966,1.159843136092957,-0.11687354390703919,3.1054631903097007,8.98266067817054,11.992840431021541,3.8607917031634433,7.610368460166879,0
1490,0.9661572190496428,0.39762257597704287,0.6962667193411969,0.6011718513354054,0.028613383668182005,-0.7547426514879885,-0.25859041001782823,0.49599962795992414,0.6609724827122616,2.04524562490042,2.473382821303887,0.8240166754688567,1.6362819462218563,0
1491,0.8649919028772173,0.6667324104714385,0.8655574736710081,0.4768271035115286,0.020992272973116375,0.6772762961618257,0.9289422807299499,0.28634872677946244,6.9751940989498085,15.571726538906791,27.850822332345402,8.12034659372099,15.931357550432699,0
1492,1.5825057143109666,0.9981060362737988,-0.4223933009294012,0.5786317554782808,0.0809937948900758,-0.22514099645917218,-0.6243190111380932,-0.508170808008138,1.8997547811760935,4.322228439202564,6.593575009138629,2.326910895313476,4.077358558386534,0
1493,-1.260110852960116,0.26296701299788294,-1.0738407100706908,0.34510917585364065,0.07849998589082911,-0.30882761405515113,0.8518308323373998,-0.11366128041227941,4.959585039888721,11.14631766472756,19.520411856951256,5.759874464071528,11.263881814877413,0
1494,-1.6686716281427896,0.9843990823452946,1.034950773180638,0.5280347883247999,0.11344854312129111,-1.8590465012257795,0.6381955058476194,-0.5845021165758097,8.049069962215903,18.233275097412594,28.341367442295947,9.447751799970762,17.33188893057441,0
1495,-0.04409548170409705,-0.6440344213514329,0.7613548929965752,0.19674710440995755,0.03798126277375391,-1.9538882532985047,0.5294554967132921,-0.4083107384382443,2.690151042712198,3.46604929942915,1.9308497738025965,2.7762104234807943,2.703736077131263,0
1496,0.07312005280786948,-0.3355128852659215,0.8241037764666999,0.18118692519520102,0.14112517500695876,-0.8933001255514617,-0.9507561089021984,-0.5193895343701351,5.828755127070401,12.080432583739759,22.26893958646687,6.700768941449511,12.72351508332806,0
1497,-1.7042362837312992,-0.0625225380151504,-0.7492463378295932,0.7088368355559012,0.07756929303302196,-1.3331577563535686,-0.11695120822814054,-0.6080114557191514,2.823515867648116,5.362199232286212,3.17040106351133,3.0076859862378376,3.7076034476574815,0
1498,-1.2850824963003262,-0.398687059733112,-1.1750956056931599,0.15091802952871253,0.14070703094931328,0.8340131734873095,1.0106463922974374,-0.4863061170644325,2.653689811793632,5.895233768601865,10.886287521168725,3.092142573117671,6.139777587781034,0
1499,1.428053343203695,-0.2754543862920322,-1.067415056632543,0.6437656800033575,0.008947519779412522,-0.47573580532516857,0.7663552044279442,0.23436985089301854,2.650229972976669,5.018544002501578,8.59043310371008,3.078486513774117,5.185610775133909,0
1500,0.07226278159877264,-0.2927321569928385,-1.2748325088359393,0.7927775888287191,0.026216059008757262,-1.223457625119781,-0.6338021700129174,0.8158828133714062,4.254233548200917,8.980348079737299,16.264415740589502,4.921647569432195,9.341863967501535,0
1501,1.0547535708941216,-0.08534040112132679,1.3662691018555773,0.04222670462915339,0.13405055718324782,-2.197863321559204,-0.261286329757047,-0.8919902432470206,2.7653653859784795,4.330369827397541,6.232405115121753,3.0919837918358604,4.307640477732918,0
1502,1.995875967030741,0.8287790050012034,0.25439686573869347,0.17427565919859644,0.04151665877962039,-0.25228316971439835,-0.4253275620183702,-0.9573721891301186,1.8507133815134682,5.104478273113783,7.006228820646881,2.406071733409486,4.429033315923188,0
1503,0.6250240324685383,0.22685580818660256,1.2129321096565224,0.38148323208436036,0.051706344269758175,0.05758591458883444,-0.7327320218499849,0.2510807036495728,2.302677251590651,4.940719016086241,8.818320345009575,2.6617018893208177,5.084685172738022,0
1504,1.0801315311606463,-0.6930765732486157,-0.5448503470940125,0.694240783493119,0.07582976229507328,0.15918323338773366,0.5337796729280437,0.15578563044265303,1.6864129690558436,3.219703760925392,2.7389677101754506,1.8828147501560333,2.481806807062609,0
1505,-1.7216809277047234,0.6079234237260716,1.2685081117454033,0.042621786392649776,0.018187463468632648,1.0098760110374023,0.25073743803486126,-0.2349660020565083,4.091150097807884,8.215259343462396,14.984967362243339,4.6875386506277925,8.656166906116866,0
1506,0.15699459576148556,0.4066771360021175,0.013429385642787839,0.1121506597085194,0.013415404369993528,-0.3057063240580913,1.0149234188372007,0.11555834941698762,6.243960790803933,12.503694880652882,24.802601516167044,7.217364301021812,13.78681358638934,0
1507,-0.5671197239286037,0.8174123390420709,-0.3341035314631857,0.40731718474750017,0.017474899594308178,1.1870047275969058,0.48072709714491735,0.588487985718658,5.831509205582225,11.624521651696424,22.666854158580417,6.672517170309018,12.704117221788623,0
1508,-0.6992347462889463,-0.12789356186761625,-0.994974865418405,0.7716039008771995,0.012911602111182396,0.7450665183740361,0.492617746956447,-0.6845270526980407,1.621780625354322,3.9367128756950702,6.361793029823833,1.9259277164323083,3.7686787309051986,0
1509,-0.5387071766780407,-0.9137468664750334,0.16982477275992292,0.7959505142588994,0.06448274352332382,2.4500411018646826,-0.89705898285849,-0.21509131346440857,8.046829179482117,18.48403941785788,31.65138808434191,9.436754368422266,18.3983524413468,0
1510,1.6078598801938875,0.7533909633149443,-0.5292252663906474,0.5428884670146653,0.1329240257336686,1.3343873307661385,0.30834287263900184,-0.6948487708799549,5.10739662500975,12.186600210809516,18.541934743926035,6.2651544552125475,11.377294919444845,0
1511,-1.7079892297177461,0.22924435963312195,0.0008269970673242533,0.1904293277851875,0.0439154692438537,-0.5395641139929497,-0.010749954905986403,-0.21948206182317498,2.341707858619772,3.9480193027797905,3.7863507728865997,2.588726817766432,3.281696062062492,0
1512,-0.4508333116561336,-0.7685343773772941,1.0967712547660295,0.48732326542247545,0.021915327690301776,-0.38062798561032096,-0.19988181112909076,0.20124175697824542,4.415853946738716,9.696671207411287,16.914172122145633,5.200695759070266,9.828078758795717,0
1513,0.4354784713973263,0.29044427395952477,0.5937091720314225,0.08268323690321316,0.045738330085921805,-2.413260904136638,-0.10886037100708101,-0.1411398443394254,2.4374549679178954,3.5991060758255773,3.1087259914011214,2.6215954013967617,3.005745650683054,0
1514,0.9373077207179148,-0.6657661067842777,0.3944833713765328,0.24535535834412175,0.05728747122145487,1.0964343118572706,-1.0282846834234192,-0.314434222137675,7.483429799824259,16.71651866609713,29.48877072908493,8.736634461664725,16.980279204668367,0
1515,-0.43470707944139253,0.4314986237033376,-0.902326754787898,0.7579303949523705,0.14966429291912373,1.5945507041002767,-0.4806899964875325,0.3277333081457092,1.895355345892098,3.272091614357712,1.078766308003761,2.0159317242320696,2.0754571528992782,0
1516,-1.6674078732082678,0.7425586314130213,0.04797861378082113,0.14115133305582858,0.04911248393425539,1.5037137224398736,0.8885442418249114,0.039426773868846965,7.17040758950345,14.289382946609916,28.526929594747052,8.28740174603143,15.824756213861267,0
1517,-0.07875399875730738,0.5014694931065187,0.9785688675556647,0.6118774499166565,0.05766420753513115,0.7096288080465967,0.8576637798502265,-0.6964787319051609,6.0749358429961395,12.956793267317833,23.60301897114074,6.945541914661433,13.484978615902556,0
1518,-0.4474532595401475,-0.8867622322494706,-0.2733681429378003,0.6178256671349192,0.029554266513838117,0.2094357556219184,-1.1121942397876148,0.7952999814633164,8.756333209583651,17.751595791266695,34.84059349870144,10.144110721777698,19.418967822043303,0
1519,1.2800187796018054,0.04881838357413182,0.6173609879158493,0.08313293189508714,0.12678142445960558,1.0763076553588569,-0.9120782478598068,0.961378570237555,4.2623907544709665,9.95054704036027,14.960942158439712,5.027013697076012,9.254865355688885,0
1520,-1.9098782231742133,0.2570217251855471,-0.9847350097775498,0.5754061193756294,0.010560938095316845,-2.0944955857844194,-0.0808998226484825,0.9880189308038259,2.920897173277845,6.080603470656687,3.0617684301333075,3.157557439508799,3.934736466171232,0
1521,-0.8939350409173952,0.22505632151304522,0.05579722312270641,0.67369568772035,0.04328844115577402,0.2747219035574311,1.081496436252434,-0.3348283833278849,5.926752142878013,11.977447381681428,22.83838464766717,6.827770575898404,12.905552309257823,0
1522,-0.24237767475927585,0.7776266290073428,-0.5025034282966265,0.30453901170705244,0.04561782133165474,1.5476568766253642,1.0329287290506717,0.26219776133381134,8.15153226447672,16.852030010999453,31.56762353720301,9.398907285652868,17.911246472369044,0
1523,0.49452052503861,-0.2199927605736498,-1.46254875128551,0.13915007905885865,0.02211575318853517,-1.9205899859348163,0.3697135585281486,-0.7273020952524047,0.8415081288826468,2.790193154005585,2.6395951701889278,1.1450576020094412,1.9958946961240918,0
1524,-1.657464189853123,-0.23483698687628363,-0.7529320110963044,0.1166884365087058,0.021919181333785197,-1.2189714660861712,0.08843943210249927,0.5161912001825026,2.1513216613273998,4.186631081384145,2.55930920153945,2.306746607590436,2.899853244034342,0
1525,1.4111065730085577,0.5028356994777003,0.38463977911251224,0.7260996620155866,0.07796052041013758,0.6667842042684571,-0.2121106792035159,-0.3452315982385079,1.8734631726193363,4.806378952595914,5.173988918296967,2.359670791575897,3.792116392211255,0
1526,-0.6731528821549864,-0.7033654365754145,0.889792952021554,0.04429446746683503,0.101202786564678,1.822300964185179,-0.006171967235118814,-0.8595984363168996,3.1658037161040475,7.258880587835931,12.224658679171567,3.663013725754079,7.161104267508871,0
1527,-0.2863301534524365,-0.3135467942353003,1.4566179578982923,0.5530121612951555,0.10820397072433799,0.07913459481115481,0.5025942106610315,0.4451419534443364,1.1634718111059608,2.779454479609782,3.214132089113205,1.3781950890658003,2.284937022855264,0
1528,-1.7345644770155806,-0.5547869510454593,-1.461097333713342,0.4078459247428575,0.13136997822540397,0.5477726734766417,0.0004980667385026116,0.8519316952212799,2.566342268510814,5.667933986545056,9.529398871492736,2.983098144116397,5.627412352376222,0
1529,-1.3111259559129844,-0.8507913836846286,1.2519172092291528,0.7222254039350506,0.10244587293194242,-1.2701041895197402,1.1274336592904899,0.5306927036076534,3.1874146401865056,5.566900058406484,4.70139767348633,3.5035802769930866,4.387071739323104,0
1530,0.6955783343386766,-0.5541773519691044,0.03926751489934688,0.6580609930375999,0.1290390337098429,0.3071505790063398,0.054705224926234086,0.39536765661528106,2.4362051435296697,5.590355002180052,8.571445197053304,2.9351110108451093,5.272912703913419,0
1531,0.1129953772498915,-0.16463792386867815,-1.243742965726834,0.1008397405724641,0.11404132023010011,-2.3766796768786596,-1.0744679380857391,0.8092871561728352,5.458585320305575,13.453569308276402,21.734916689052625,6.429176061168878,12.837039001407268,0
1532,0.8159884538187394,-0.9915745561717078,-0.5638698769353818,0.6106547684764358,0.06264011999658835,-0.15601088570944155,-0.09888225348946711,-0.5957311934819187,4.883907940663135,9.544143579602697,19.008244396051758,5.6307797469308545,10.593966749588363,0
1533,0.8855657515930435,-0.7939873389572607,0.02175331664001323,0.13596466196748944,0.0069799214365734,-1.7837805777641584,0.8864038471481803,-0.6477046704390776,1.200436738228079,1.7052204701825628,1.612140445247821,1.304654561740013,1.48580475227154,0
1534,-0.8865231639505979,-0.7238104235591876,0.7066353049732759,0.35635933380520124,0.14154525579676064,0.8216229112395119,0.0753341291682521,0.31326186325633576,2.920758092081527,5.955532857567396,10.955951219136459,3.373626355418511,6.287035286177465,0
1535,-1.8382984671613434,0.9013205202573809,1.369288831251744,0.22091189484442372,0.09424432241147004,-1.490423779300627,0.11393230704110135,0.5415784782487867,5.446504447054874,12.394458784904856,17.53067531638231,6.508571414980438,11.262348706000655,0
1536,1.7592868992215687,-0.32156615346865625,0.5805157891282846,0.5731416914777435,0.03317232017471118,0.645160657466961,0.3730110940506639,0.5281522126920686,2.2607935795128626,3.253466916364097,0.9008339379230237,2.3249370421978632,2.1570220343597812,0
1537,1.9997890298181344,-0.9195352611470389,-0.8930848689673258,0.11606274553579254,0.023165107863105376,-0.22875669689017508,0.9084877358710497,-0.10255346186448988,2.313747228170541,2.712745753677481,0.12220325808564247,2.3282566744256457,1.7774345394226638,0
1538,0.6739215913376531,-0.2470017149395618,-0.5410100540666546,0.6673881478632339,0.09833212651776294,-0.74552355958732,0.9939846269931956,-0.0029768697647105657,3.2033912305441032,6.489123938734107,12.94463735680645,3.731471826258675,7.164292940451265,0
1539,-1.246901010802846,-0.03355627506463765,0.5240983138004274,0.29369007140492986,0.12656771044130902,0.16571990303050477,-0.07736452815728079,0.7174228465274373,1.097604993940796,2.216027334813327,2.1057770682719164,1.2333320225549467,1.7491560213633064,0
1540,-0.14832877413538803,-0.17117971629836704,-1.1888508139995122,0.2899935030855722,0.05955724508446225,-1.596888403877551,0.2107756841116024,-0.7123158588993046,1.282468157954689,2.0774111403482274,0.7013728518180464,1.327919967269434,1.3511676417632321,0
1541,-1.105240845584436,0.12218397145028126,-0.6930493058257888,0.5117346481026827,0.10357696993810567,-0.9935479469667485,-0.9902695644078721,-0.02109633234216335,3.995920169776115,9.91216485729591,15.366235011816505,4.81316836456153,9.263612848122714,0
1542,-1.6284063196327314,0.030471363047736233,0.6786535263868805,0.4962638331766427,0.06724014618180263,2.2292927394877378,-0.9558066406027907,0.7600030138238625,4.1265210486114245,8.091410285321828,16.047887758585954,4.725007640967319,8.952246491852494,0
1543,1.200515490564812,-0.16052283927083089,-1.0413984842978568,0.124693428622113,0.1382708641114196,-1.3314766786086996,0.8978776991707889,0.006590439860577835,3.3001012715406204,6.779520256142369,12.889173465121981,3.7891216653753426,7.269550664379025,0
1544,-0.15306145309053365,0.23902253516764138,-0.8548827513203012,0.3426965392477552,0.14077266582073947,-1.308715355106251,1.011800541311404,0.9884193932183574,5.562064077124003,12.44175167239076,21.633405711216454,6.43863020063397,12.535029458282763,0
1545,-1.792371247698013,0.06275824518274309,-0.9845421009189342,0.49737140476534186,0.14843139648223133,1.9844044770910294,1.0196363078552484,-0.5733003733758013,4.784768929917424,10.341064542251182,19.24152675107188,5.563439196019298,10.866551986574075,0
1546,0.16927839555720592,-0.5303379672100987,1.1982741227329536,0.15292319445939723,0.023093836861379967,-2.439186841429906,-0.763325135792108,-0.6204743062909344,6.3903999741526665,13.409545618051508,22.57159768022374,7.3993082706301605,13.45139380879139,0
1547,-1.6900392498975534,0.7354822068263178,0.8399934260883719,0.20358519787780543,0.11748865549668039,-0.38917726601600844,0.6612487424356428,-0.3539846963296529,6.570840264057682,14.07278262089361,24.26994415250651,7.609313772050522,14.235001488442393,0
1548,0.25861690595150844,-0.2367789160916629,-0.9369725489295926,0.46850630720160064,0.11262461999667765,1.2655356229707442,-0.3449053960338154,0.037423536811656,3.1897562414077947,7.121310630327857,9.945497508513704,3.724295087831214,6.449398822857929,0
1549,1.0551143943403454,-0.8910048109548183,-1.284335000097419,0.3009781919776619,0.033520740154345016,-0.6267699022488982,-0.9749926083369034,0.18401606135057502,8.32784819059014,16.442247231924128,32.52372475912458,9.576606272006563,18.14580668169231,0
1550,0.6869620239774177,0.5836810157878125,0.45156881422598083,0.3171051160048607,0.14023923372267863,1.1316600801399526,0.06643498998426134,-0.5862991833288156,2.927109947394984,7.384488141846385,11.447939217673806,3.534715406431716,6.881332732717723,0
1551,0.5958999469448627,0.18344105017191215,0.5499899968126396,0.624899812246641,0.1372574428467336,2.245282956790729,0.3124452051014308,0.9319120715066866,3.325712859068355,7.272701613574485,8.403039156566981,3.9448257262903663,6.094918661391982,0
1552,1.6456895960022702,-0.9947712859695579,0.4128523987380235,0.14277552786725087,0.04427889816877476,-1.0124990013220558,-0.040488864870942276,-0.9782676440132672,4.596017954076634,9.485172176999429,18.031058913058523,5.300616392446175,10.163736352484992,0
1553,-1.056814367901374,-0.9417580860803267,0.4516756971577136,0.7114300629542666,0.1496682989747898,-0.2572155410895127,-0.5756613352940333,0.7062071934613847,6.621572605867609,14.88901339756024,26.62929897566742,7.771297458843698,15.219095239612951,0
1554,-1.5473659298381088,0.9484779621122816,0.6445123641546067,0.40314773229393136,0.014497580598635,-2.409020321451143,0.10687727395665392,-0.17229898511995723,5.806848625653412,13.278816640371055,18.424095992385126,6.935939724863366,11.946522350009214,0
1555,1.3706579774481469,0.28461095938687375,-0.20431096051291475,0.18080564808095512,0.07206333132180091,-1.685028606069217,0.4008303899356449,0.21145814493152004,3.064771833835085,6.55287585392772,12.056544026713798,3.5289049671478274,6.855148011057763,0
1556,1.2402854725048114,-0.10094145551544753,-0.664054400917413,0.6691162873886044,0.10364956221898271,1.0335458202967502,0.06740297137522933,0.751957229773746,3.051695169554194,4.336500318044548,0.46489523970535007,3.1252982110094027,2.668457039292168,0
1557,-1.0888659701138566,-0.19661594929415882,0.8886977149944708,0.10636872157494492,0.1212164239524322,-0.7370238963457987,-0.8987911223271192,-0.8417010289295419,5.429768983334236,11.481504342402628,19.080231829696164,6.267172845093615,11.42416883113927,0
1558,1.3721148750149368,0.5572310912512712,-0.6358759638314507,0.09308975138998257,0.037085163905657706,-1.4350618215316213,0.5593335640612758,-0.568873831286165,4.928549599953699,9.752587140880069,19.499393438970657,5.688679626191932,10.82302701656052,0
1559,-1.1356059129294995,-0.9354637350022892,0.29057906492855423,0.5511836386048858,0.09802357034221258,0.3429957807803925,1.1185798772180047,-0.054522975645823646,1.2359518787177708,3.0421845803765573,3.0727532627462786,1.4521431119577308,2.3504812277479545,0
1560,1.440546032484939,0.2920198207546776,-1.247514177936492,0.6480707687808714,0.08765828125347273,0.7676282966271728,-0.7674541545027553,-0.1250198117152852,3.2261819939883645,6.83785624791876,8.279997055090009,3.836053012405783,5.886815890339718,0
1561,1.5223298974971367,-0.5691376138273694,-1.4996252803884191,0.20600696969398005,0.0731313673764618,1.606390216509607,0.3438981613760421,0.8381269379143517,4.492325004714436,5.927924172774881,3.885179076337687,4.688086064600678,4.760437082608169,0
1562,-0.17774227348842597,-0.2183695540859254,-0.8057453502128602,0.17444998763128333,0.11041648455120906,-2.0982043847734544,-0.6174873964007792,0.7717905190802594,3.7581614802693837,9.478847421580836,14.527709462249309,4.548928250504157,8.784308334280274,0
1563,0.3076832723986116,-0.9068247818633355,0.6127651449893565,0.4053458942024931,0.12817825912470232,0.9121693627063148,-1.1893281888533072,-0.5885218256501588,9.187642731192001,20.113970984082854,36.98475829904007,10.648072694612882,20.950718873755765,0
1564,-0.96814519774022,0.4044645783233001,0.02794253301028271,0.5979579976729305,0.07693007981751938,-0.8630769465169952,-0.9512144478991456,-0.5947558026625275,2.929455146812538,6.028091574989194,9.519489746354477,3.5232856658518434,5.895439507032046,0
1565,-0.39687967861727325,0.1029086163635573,1.3159122095718678,0.19177614165320095,0.09991274091700257,-1.7372704425334917,0.5130074926136019,-0.977318245712042,4.138779503773673,7.629388552403248,10.990860174289232,4.731621429822305,7.300870612122076,0
1566,0.6236797997184627,-0.6735646865709513,-0.95902666085753,0.44712610665166186,0.05631173188630686,-0.1434742472458188,-0.45866668186498105,0.9069340990566503,5.298398747739756,9.953562883687944,19.745720302135982,6.018554609393548,11.101160041008459,0
1567,-0.8373755996724448,0.08409484947099988,1.0630666666225355,0.5313446498086569,0.0484165420472581,0.26218341683409685,-1.000821297041454,0.0913728054153844,4.12836102397838,9.121738718605691,16.09038783715703,4.8223850659731475,9.284384780519643,0
1568,-0.2744436465858322,0.5158674141468882,1.0437085294023514,0.15969321731795125,0.012230385819114458,-0.5472150937758218,0.081960979681313,-0.24639610336995488,3.0253576653527436,5.934730402291127,10.475169802741714,3.4875451970408884,6.179331880819764,0
1569,0.5142446839923203,0.011302559438150173,1.3098781039952692,0.32751289865567446,0.01237412594228736,-0.9903248942926146,0.25414526967178674,-0.4879498027858278,1.918897846752561,3.1888958162219003,4.614717152503219,2.153651194592891,3.1321183641025927,0
1570,-0.9240461927774648,-0.3208550319552983,0.7384253397271654,0.7521065874351692,0.05255649507716699,-1.5225598011975405,-0.19047131479895274,-0.2963206140407477,3.362399735814776,6.484758063649118,9.02534185779367,4.016421097571792,6.063392006934449,0
1571,1.9600996564927038,-0.07226348296401497,0.5378500584355921,0.7310304533158827,0.09435923660458252,-1.2531076254007307,0.2577842287998726,-0.19624732786976784,0.9625010624600328,2.8773739163180427,3.176891165493756,1.205397112574024,2.2255695545389518,0
1572,-0.31060052224477186,0.95864916274081,-0.6642269592154422,0.3751481171826487,0.023980056854880045,-1.6072790065725562,0.24836261780600144,0.5020314163054294,5.396870342277246,12.110590182700072,21.114629554308838,6.310424908541978,12.217669514640045,0
1573,0.5458394944673808,-0.3414320041940584,-1.3211454823049407,0.3762110897189537,0.0756404479640946,1.3532580397990928,0.33669494950069145,0.7425172552019736,3.1064932553457356,4.3103504063582445,0.12161395542772224,3.1868065435465804,2.5802179394941684,0
1574,1.1319315147803666,-0.26824443237810636,0.3966642705740946,0.5978292235641013,0.14353205537591174,-0.3882391868887707,0.35587678154672653,-0.21467232943673165,0.6225317087361012,2.1077417832169694,1.394711258980779,0.8010713958307107,1.317602564863226,0
1575,0.9513127154791481,0.8239863426211145,1.2576780471587252,0.12567001391000804,0.030614489643131824,1.2746472539489933,0.3144237262617646,0.8102145737099096,5.157462844232591,12.189256250286133,19.923258647005586,6.0349641261571385,11.784489735073008,0
1576,-0.7447977623378583,0.6960416222925259,0.5513275709515799,0.1563650481252796,0.01897415534934589,1.013618010043038,-0.8196923694617568,0.5886580794862963,0.6039030965482975,1.3229032142439752,2.146192195027618,0.6955553205156304,1.2914550837975303,0
1577,0.22838016050926901,-0.04626587507442048,-0.6734128922357411,0.7870764759398878,0.10832506663657897,1.3903182358243846,0.6449062263968117,0.16803115435319316,3.1808433861000873,7.093045746225537,10.395218109087805,3.6655627026362265,6.567288442687651,0
1578,1.7587953678355115,0.1676430067653536,0.06013675531244833,0.2189683539382938,0.042260387976251014,1.184419529910218,-0.3965581880649468,0.45742149029335577,3.117633482839687,5.117383146084829,3.892715456795339,3.331532801010623,3.9714729058170186,0
1579,1.8108270352593,-0.12138512644248234,-1.2080230713610742,0.533237185063549,0.0014284547543228442,1.435017606361484,0.0615674808929243,-0.02053559198269017,4.038234867122326,5.022127926943518,1.0437122627688353,4.084290529364675,3.4396515699868715,0
1580,0.27776864231074905,0.03281708786943183,-0.528668184611932,0.22520712774339355,0.062294619093584275,1.974546409577834,-0.8751108965091767,-0.3504708066268334,4.11872614644919,9.64173125448545,14.678602648916222,4.904745698228204,9.022192584778079,0
1581,-1.2307982882023825,-0.14572604652523613,-1.0995047426304865,0.6086364911217857,0.015520108887686207,0.8263104680863536,-0.5574952203143436,-0.05562000628467456,3.0564369934552222,6.308319176876349,12.287602841329507,3.5898693496951393,6.854694638467837,0
1582,-1.2000481531298344,0.4604473589514382,1.344827967804973,0.17739622991439674,0.14297298115692425,-0.87363099494283,0.13883320092456386,0.4031799021711522,3.478033377380275,7.249640108307961,10.443438214123784,4.15223247136634,6.76655675708024,0
1583,-1.2029255357392254,-0.11047212513474469,-1.2965175580078498,0.557643020822416,0.06249241795867176,1.9582226631979545,-0.5424194674244689,0.8472026486478539,3.547525277324453,7.0619302253126985,11.328854915956876,3.976014125186275,6.979094538096835,0
1584,-1.4358406212686199,0.21393293202776653,-0.5765754603834633,0.14542528876262992,0.014090575757874823,0.7782127941434496,-0.6403969601778109,0.14562882414209533,1.8984127655696323,4.469624373069822,7.412633683511867,2.2079539647672766,4.354996643122124,0
1585,1.9176748913411115,-0.36807635944093686,-1.3951671668498136,0.11425809151713642,0.017898301411675616,-0.18358236397382122,0.5871613671855054,-0.4071112284362832,2.4841146576324156,3.866520826555185,3.8214767119635833,2.7344109399012715,3.3250747528354823,0
1586,-1.416628916624627,0.28153353265785386,-0.5964593734522726,0.46013627944978613,0.14006798395091277,-1.043265225367369,0.029979874767044556,0.6136238272624326,1.9058662597544866,5.6144581472390485,5.787836432373087,2.4891920833755106,4.241367460147537,0
1587,0.7668724499905126,0.5029563495583715,0.8177081245683007,0.43193281626723445,0.08040931618533975,1.094447902242237,0.47435584827253363,0.3401153280593703,4.463965872547674,9.78685062752518,16.91489663525775,5.193484762160234,9.869062416815204,0
1588,-0.4714612314293456,0.6570852912097536,-0.7913913318873321,0.1245855730821698,0.05177433286735523,-1.2308437979752203,0.3916380292875754,-0.5379642977000783,4.716224109831006,10.926191708849913,18.26765461986363,5.509031181398143,10.723924249703177,0
1589,0.6259593534034757,0.026445589681576953,-1.0426497957742211,0.20671701129681833,0.07825901764548342,1.1655265196184903,-0.2441960539807777,-0.53433471564392,2.247060842700816,3.9620649073942746,3.840747831180054,2.500402074555217,3.265002281838065,0
1590,-0.8196871636248448,-0.8097656214532063,-1.424551496729301,0.7785034495974834,0.014461490154887307,-1.8755632744467499,0.8903138041911423,0.327010471438516,1.6182086636220117,3.959446555051743,1.3868544483799128,1.8730148220572194,2.276654382321822,0
1591,-0.2557098750186948,0.298046811451699,1.3049544705912308,0.07950184914856476,0.03655665407629983,1.8015020173537044,0.6735344287226568,0.9885134431143816,4.356873494571887,10.126183691087634,16.918452596779296,5.066475758571854,9.927100510588831,0
1592,-0.7443647397112301,0.8897727942770903,-0.4689335061149875,0.5720745529483946,0.13241144214323797,-1.6460895237081914,-0.7064672279155193,0.1619172960646933,2.00946013746299,4.191668905104352,3.106316006225012,2.2994128697372864,3.022174801611435,0
1593,1.3752990801420566,-0.8421009295557766,1.0526424292677108,0.27449642363607724,0.06093399209587527,-0.8006945215622197,0.98755177105845,-0.7384113468343219,0.9394225417511164,1.915499710353622,2.5782014997957337,1.013028415405523,1.731239967110694,0
1594,0.2970979247053731,-0.7037838387484165,1.2857838902845238,0.6383450508284956,0.03507289113916168,-1.0111086595592322,-0.284363212889574,-0.18916464940912703,4.598117313122244,9.849775766936386,17.26757542913693,5.3973790149782,10.054378454256486,0
1595,1.2693714345282205,0.1290667106183807,-0.21615205532481596,0.5755557255490823,0.06867973145157098,-1.8587999155760477,-0.9420259577531319,-0.34808664040965653,3.5634279607690433,7.481715269531102,14.067631149738178,4.106921430398484,7.944524457051346,0
1596,0.41148095046068844,-0.7303173447035312,0.1504025120922221,0.21568771584698682,0.10431201234124375,-2.358686494118147,-0.07434376444662472,-0.8954717019715348,4.106849973824007,9.004890789199408,14.19333979707412,4.81308882826318,8.672833050855578,0
1597,-0.677968898898718,-0.9688497114262418,-0.09270371826620605,0.6136126947824093,0.015033005661891684,1.1761134599701357,0.20206864102159483,0.00921054627204021,3.3202014503224175,7.204050682190768,13.38021436917751,3.85658188490536,7.556998138997745,0
1598,0.3979330491209665,-0.3282057365416089,0.6310186613048683,0.6237326735366179,0.1167335798380316,-1.1527010530315578,0.369376823255646,-0.7038085485094472,1.4976421873051664,2.6213574710279497,0.8064200911222942,1.6198506690715715,1.6396109917437802,0
1599,-0.01832154561493171,-0.9947414798809648,-0.9192397229749767,0.5053872926660845,0.1311542257804694,-2.2548585070698786,0.14052670121839217,0.273550040210061,3.8685097216357476,10.072166192006554,15.015026797921102,4.716488519262545,9.158359665395274,0
1600,1.7295639247309849,0.31028758928991307,-1.1909018925877848,0.1173953940355844,0.09536461933304965,-1.4219016161838365,1.0279331397054918,0.8413744015717721,6.121396747338634,12.041312861671816,23.27835816566737,7.014996764963071,13.133820008899654,0
1601,1.7946234406288535,-0.4140947843756133,0.6508497238809494,0.5304111255478796,0.005340567200665813,-1.1721746182686017,-0.7037598487692758,-0.2583827965233201,4.971686381058185,10.885268033633855,19.505611702948666,5.724596979845351,11.181229533276746,0
1602,1.8122148661808999,0.6912032779166766,-0.6197262258951692,0.4240252248794585,0.028839918237999283,-1.112830038520309,-1.0439922023642771,0.28521300183367315,1.9538523862073816,3.9461229694490094,6.197312995928225,2.2787743814585864,3.8570639436212435,0
1603,0.6276830979853156,0.677003241606887,1.114655440281762,0.12804751935497824,0.11145614192444808,-1.8264618358633382,-0.30308397181005386,0.031073143118442337,2.3224823177624345,4.48054442242672,6.725587916240238,2.709359913084554,4.329520388237273,0
1604,-1.802120343651696,-0.6864725769090914,-0.6866517000298855,0.10203386370735146,0.14011444083094995,-1.0584040595644184,0.002811994821392938,0.9930684758513724,3.1399919063411037,8.746854849825763,12.015046934475796,4.02467313096161,7.573035420288959,0
1605,0.2665707077249757,-0.17700845001583065,1.2893772177728553,0.17799820429328683,0.02692511112580619,0.17682184520391786,-0.17447582920466376,0.59397215463093,1.573845092302968,3.369073043952866,6.0889943231157435,1.830330081456315,3.4926067459571044,0
1606,-1.831959834782531,0.23545164882243985,0.6320374286936294,0.7775334086591736,0.02186448003597532,-1.2687839064526618,1.0378637557661812,0.2612576909666011,6.171911881702679,13.60573522038033,22.164059218374184,7.263538682452238,13.308865764382382,0
1607,-1.8478038690579535,-0.845311995488442,0.8563216818830051,0.4539795987651326,0.08481232224283108,1.8993282165564267,-0.6213649935090522,-0.67913803635596,6.472356335524495,12.944910671824893,25.700947432807553,7.44820337722089,14.28028466976917,0
1608,0.45522379048832207,0.7648461953077668,-0.7042480659971455,0.5450354918330816,0.022856854778741127,-1.6404565208542554,0.9636241388705697,-0.7640700101872493,7.768973120242278,15.936336662497249,30.10488756755672,8.94189055599016,17.03724826068789,0
1609,-1.9026178533792213,0.5498808962215684,-0.4124713544244589,0.3173268417617047,0.11997863173622932,-1.6003210421132592,0.36078465965048556,-0.37294334232473103,4.726837052620361,11.120234941644874,15.726618153139896,5.771961614013628,10.0493032056229,0
1610,-1.5829261574126234,0.37499209794017574,-0.5440075963471916,0.6932832834240567,0.13785534753478512,1.7452588096047634,-0.42635580615489144,-0.5268347512806877,0.5592199210421974,1.403409057521179,0.6708797765817227,0.6608861255228786,0.8561412390958176,0
1611,1.571202569631199,-0.09410603224707748,0.6232191706740471,0.6617313611285075,0.04165299823017338,-1.904512860326049,0.29958615202388605,0.1803845115264502,1.0646796885619803,2.4339729990833003,3.520775816530406,1.2410922947189005,2.229937780724596,0
1612,-0.9191997093656967,0.16941344277068437,0.8710717634350287,0.2800087858753019,0.036347657838835826,1.1250060680477807,0.6860928400363073,0.9085788757378406,3.7202248551899477,7.7461187470633615,14.932075158539433,4.314106439045394,8.350936272142363,0
1613,-1.4096567083301155,0.7785282037763894,0.7952964335697073,0.5615199263447103,0.046958044378556725,-2.3890352440592295,0.01812118588666145,-0.4284612470285676,5.126622992145527,11.306471194191266,13.910403514705719,6.080739584082585,9.71112326872101,0
1614,-0.8407159242932352,0.8542771543853069,-1.0410933238403723,0.7473859036724431,0.07557100650161098,1.6913963803046839,-0.5193898285394151,0.26784132816947026,2.2441896281894884,4.551534243254283,5.745278443729708,2.5235978053517067,4.014660475087215,0
1615,0.22635358289366714,0.8483321788356677,-0.9621047194727369,0.16365591179398367,0.1423446599180317,-2.010176896069475,0.3232379257055913,-0.8788717735694938,5.311894842440016,11.987330771121584,20.37925050138248,6.196747917227457,11.92321762620597,0
1616,-1.6920367675175867,0.19429748580344364,0.1541038864621762,0.4584209590028742,0.07104781448249144,1.2117967029080239,1.1812524872757566,-0.44843750721928877,6.101460166529798,12.993570268853718,23.997212652801508,7.075855401345599,13.635258466590066,0
1617,-0.7062413307402062,-0.3539009153135706,0.7898068389175572,0.2784124008989825,0.10151056013739759,-0.2705622149403557,0.25873120085523005,0.6580307456097985,1.2220626252348032,2.118034669669669,1.6675442385889627,1.3146537933565088,1.6337578393836811,0
1618,0.05623475021682278,-0.049653598306588886,-0.699076249184091,0.41272366545582706,0.03936184093644058,1.7178510285897932,-0.2667263355321988,-0.7417847363300922,2.133616681544482,4.626660091977012,5.514514597089155,2.5593849604457612,3.938375907227771,0
1619,-1.04012988829456,0.06916293493451242,1.2488625474892574,0.24044919885982374,0.03965793061489673,-0.4672008259493232,1.1226107479011513,0.6904393489227079,5.442607264567644,12.039709475214636,20.810108474513605,6.371042981436176,12.124831862432382,0
1620,-1.4013281957012338,0.22750657420052822,0.8755926100321041,0.6144082730961902,0.07332682376319237,1.1591569283702108,0.2006078654231609,-0.5971100342955946,2.226202546608252,4.039305972629079,7.554129139428882,2.4761921482401297,4.393510512423877,0
1621,-1.7757854374539654,-0.26100063989932565,-1.3141829941573804,0.31601072313671374,0.12433185023561398,1.7214707420179067,-1.1182225887839572,-0.8609290649810117,6.10725678851524,12.290065396261992,24.123465244811786,7.069690663016908,13.463205295178396,0
1622,0.6794683503649788,-2.6101156003210946e-06,-1.0519248218088273,0.6444236941856746,0.032474424405963286,-2.1092537265214464,0.5988171314400206,0.2162519492639281,2.5364948599375072,6.560230193412189,10.40644196113826,3.0554708911459683,6.156497193460984,0
1623,-0.4222290450747055,0.3854524075670691,1.2341420660736082,0.02734595421331818,0.09415191565130031,-1.4091635149222008,-0.062069376140678756,-0.15203774223326083,2.817270138355778,4.739620850311912,5.668140304493711,3.208446322844098,4.2883540202328305,0
1624,-0.440081328661881,-0.6192877995050761,0.9079498093349465,0.30361646794216024,0.13307943914047196,-0.7266586352675457,0.8153120272299679,0.08893266304937564,1.8066173710088549,3.2752700425266155,3.327898623764046,2.0183540952260555,2.7247712207124604,0
1625,-0.45749906056083134,0.40806442919599206,0.8599638738102668,0.38615263221958546,0.06381306425753051,0.38709485186161086,0.20439210841372368,-0.1490415682906252,2.7674274563943464,5.691220386224927,10.627585091398355,3.1698452101413617,6.042854401219425,0
1626,1.0306515137705508,-0.20055710449238418,-0.14100497135252166,0.48425457942360994,0.1480273352895997,-1.196569444929485,-0.6433132802123404,-0.6462254669740346,3.7895056504982767,7.5458227525506185,14.708513499113877,4.311324227543669,8.244284993403198,0
1627,0.7577768572325341,-0.10181072516318457,-0.33418097977717576,0.16327229931909493,0.13367075661050073,-0.284134823888071,0.2584639475671895,-0.7749408434149432,0.7294046525095043,1.9797701749508814,2.783335958061463,0.937301237206213,1.741483359377176,0
1628,-1.5681111332603956,-0.8652909166720084,-0.3979617574851193,0.3783092817535293,0.03668672241738553,-0.7516124706134519,-1.1849759183429527,-0.2978230694772104,9.129729558264243,20.643693569531703,35.919903917292245,10.660160731450041,20.77401418667146,0
1629,-1.52331466067661,-0.7432310432522209,-1.48648170731999,0.5571044528520855,0.1396925661074076,0.6077278042607857,-0.9691150753730168,0.9792988987850082,7.711217117310513,15.550641276287347,29.64112644350563,8.86896892572136,16.757792343703183,0
1630,1.9023406835060532,-0.06353092868502253,-1.1763923447811122,0.5765914477177636,0.14422023067251558,1.393498020693463,0.2980868509703545,0.2216638047421542,4.150044440289922,6.09787262945379,4.34942857759739,4.335451347380098,4.8127488289403395,0
1631,1.9116724568225152,-0.8537613263604611,-1.0513319412281215,0.664649155791745,0.02176696204796385,-0.5835175653548519,-0.5244017854685992,-0.5131105671192135,6.133168811763361,13.674277893154526,24.064884793258813,7.153206870742509,13.87702013652726,0
1632,-1.8971121955662933,0.1325025270696223,-0.2962814374996172,0.441272170109609,0.045676230974625545,2.207304275271313,0.21923326137966592,0.9224140930645337,1.8448379426629906,3.288696094081591,6.155690163550445,2.087561034820429,3.595523363570551,0
1633,-0.5999761829653654,-0.9954209253073558,0.8437966948873217,0.6619030836485138,0.008805509580050401,0.626846142311595,0.38644288089628853,-0.7085322659048694,2.9322799694487363,5.486508085743605,10.647690696399112,3.3936881842378432,6.05931244390122,0
1634,0.2100982114103247,-0.5136022386401127,-1.4506448903864515,0.6935288723008943,0.07375427568396961,1.4084955045535557,0.534943277349861,0.9874105220290581,3.0112988087464405,4.515987767925061,0.3064907258013361,3.1417916274177213,2.6643123534836235,0
1635,-0.24818638439522722,-0.1448987864856448,-0.6547332988464893,0.5001177707225718,0.07291687508329263,1.1438056107083439,-0.34437192374057457,-0.7383105167813482,2.215109038033354,5.750297412041574,8.721827344335438,2.7042622064570385,5.276596358968813,0
1636,1.4497418084778166,0.6560938839293693,-0.44699943865276737,0.5522813740095994,0.07386043594134177,1.3048604856555008,-0.26368231520517027,0.07127847078245919,3.192853829429518,6.550001932805687,6.764957663537738,3.7475540331425736,5.32709943104614,0
1637,-1.768735583741011,-0.6501800368238373,0.8452968233253086,0.305252385738302,0.005265813634438526,-1.6618185714402667,-0.21216472299452516,0.4358262140335438,4.7946658613480215,10.718089276964578,15.061246256036055,5.833577348140195,9.755558153118615,0
1638,-0.5460598327710762,0.49037150875773805,1.0741817618852503,0.2729092913645701,0.1200563356281638,-1.8655966703490523,-0.2033195398280171,-0.8048752074368148,3.4818412926465516,5.193954530983846,4.907924532369275,3.805660240272203,4.455682130827122,0
1639,-1.7898880448208971,-0.8709452450291062,-1.1857439187550907,0.6685807387331191,0.08155156854505351,2.236940938885054,0.09120072315003247,0.25742266462077357,3.6715839701217607,7.9014786587136765,13.83923010011254,4.323578759389188,8.056045694623313,0
1640,-1.2620641554380279,0.08116204126741677,-0.34409235359001955,0.7451482737122962,0.1400881823672688,-1.507506937488795,0.28831407345207816,0.27635160594195596,2.4764155842787066,6.791588166147281,6.70204263361984,3.1081558697062572,5.101829502184374,0
1641,0.25014031783207136,-0.7513405840097014,0.4620459565225854,0.6392682279393602,0.05178390507796952,0.0727585097207859,-0.920812928761733,0.8613774229740554,7.521230575957466,14.814915288007922,29.13848912942346,8.646235615660457,16.3070140595827,0
1642,-1.56184858731072,-0.5832457866635059,-0.6045645725998952,0.6606321913456176,0.10509838807535324,-2.4649278099844874,-0.7594522868174147,0.5003023583838035,6.273651534476843,16.464838888732,23.487140216815725,7.624996105762086,14.630188802583577,0
1643,-0.38466203599675053,-0.94757293506548,1.391750634960074,0.12098633035244966,0.07656999600702415,-1.258419511775783,0.5699263685408631,0.5534521980945761,2.563363593625587,4.930624417962836,6.650826076449137,3.017136695480609,4.545157895959329,0
1644,-0.4111183859004277,0.3168992429180637,1.2272207536394566,0.6518472947940851,0.0622346576467372,-0.29261973051681034,0.9285078576648493,-0.9312543991473141,5.898522553829913,11.008321402873426,21.811396384243075,6.68691337803405,12.28416344008733,0
1645,-1.9087537107446946,-0.5884093168699558,0.9828649340560309,0.12257055009376067,0.042791892742252896,0.6453434507008788,-0.7578172558526861,-0.3937673175128531,6.205664885555908,13.20135312133527,23.585489628407146,7.164339449600202,13.614186235549518,0
1646,-0.13234909150723118,-0.5437814324641237,1.4772410519337993,0.1307568138570143,0.12749056573803796,-0.14950084250640439,-0.8901031686715477,-0.7630276856748388,6.536942405143166,12.906925357822471,25.0391279821537,7.501152523407048,14.095013975876505,0
1647,0.0011842242034214578,-0.29295965706157956,-0.796193102661019,0.7671513097325992,0.06950696109497863,2.144054906861638,-0.8064006574444348,-0.6330678655399755,5.204526774622925,10.973850778216445,19.199107117793716,6.165674589600338,11.22981286014996,0
1648,0.38411076376980624,-0.46024871476635476,-0.9451864331662188,0.07574830833064886,0.011440600546074575,1.2658419270671315,-0.5228084487124403,0.9568383066152697,4.984562820672056,10.267784589735045,17.16679429445966,5.7276333573971225,10.29850584719974,0
1649,-1.2675154900835008,-0.2911066999523042,-0.37527414155299965,0.4001222341894639,0.130595380346918,1.6738510498209367,-1.1761048059268913,-0.18148986608347473,6.416257893074573,13.403595848072229,25.665938161085197,7.447070332386702,14.39044460390827,0
1650,1.3117469241623279,-0.9996043843465796,0.10091871665473162,0.20758049706656154,0.061915282386315086,-0.39847650060595985,-0.25978934227796535,0.783900244422526,5.641166180088587,11.988239935210409,22.080141715421668,6.495024795999714,12.56236682881617,0
1651,0.1458544358781384,0.8074934476559694,0.6802272219640528,0.28089605677920454,0.07403455223234323,-0.5507073089735415,0.7885782676807718,-0.6248043760580726,7.090780318439007,14.343630122641704,27.891345431955102,8.152140045047268,15.61294076641547,0
1652,1.745649129046206,0.16084898850383222,0.3352738619042519,0.4134411202015771,0.08317447155673763,0.8383770821141354,0.37208461224206335,-0.5717058222600715,2.7116926152385457,7.627434193707959,9.517170088092106,3.4306442794922294,6.299953497060805,0
1653,0.32976064349229617,-0.290747118623115,0.41109091740863635,0.43826766421433505,0.026951990056873886,1.1736695876951804,-0.10316772604922342,0.10288310457227401,1.9657125635165287,5.333781557006065,6.848652460164793,2.398944782409564,4.484338452447173,0
1654,0.6905714596992518,0.30574354783427404,0.7467864602701337,0.16540138291449394,0.01655868506060354,0.845897873371722,-0.6336361280023628,-0.7707902629003467,1.4715241624803967,4.434739839152019,5.701053904235864,1.8969760394467727,3.671892975705161,0
1655,-1.475050028762368,-0.3743997522009719,1.4753611441477354,0.12580826134966802,0.04478048434477017,2.103670759410715,1.1119393515379261,-0.5423132776969639,3.3846097978471255,6.9741001114612855,12.898427317169688,3.848239873667453,7.361965155310175,0
1656,1.5218107882026302,-0.7221641109539727,0.7846092339015467,0.01040652851789723,0.060992944386144006,-1.263323966413059,0.48961923398189455,-0.9678877372896306,1.3786576880267583,2.254461653447875,3.9687580111414906,1.4822599747115601,2.428789203255993,0
1657,-0.1403931757938679,0.3934580494898705,-1.3598853802494513,0.7179201457039779,0.054179611109467334,-1.6736708387887873,-0.658885209526894,-0.32218814243907357,1.3320719330315922,4.536957467421166,4.594819809479695,1.7435608814151284,3.3135108511212485,0
1658,-1.2064995927108315,0.02115750783040582,0.398795209498068,0.34674408710665977,0.06405482248426835,1.4084975968435125,-0.4775598889010757,0.24553766781448405,1.9576498337620465,4.2364127827264655,7.9686805873160225,2.2890300821228022,4.47772596935364,0
1659,1.57168634017389,-0.5569712698079756,0.3597021900733717,0.7583774240438275,0.07946928824331816,2.3844886184856513,-0.4558894939564886,0.12858778533239623,5.208581965785073,12.062172519415777,17.773300961160412,6.409050621672793,11.154121696075658,0
1660,-0.7558569951961887,-0.9925611498651987,1.491924301336975,0.19204805442982123,0.14596529778550973,0.7651641332356354,0.9694406614765743,0.9344054941072659,0.5468842041010729,1.407812471219338,0.4360704893361316,0.6091225001467929,0.778142399411642,0
1661,0.2713168253679319,0.9993826886025163,0.8019897278261099,0.41905164487485874,0.09824149262863288,-1.5286432133670036,-1.1735217085431602,-0.48642130478571577,2.0296481620535882,3.2945406135299464,3.0323462494722273,2.220526473173981,2.7290131548341265,0
1662,-0.2601165531203722,-0.543894826276492,0.04210769395859382,0.5263553137797332,0.09836907736500565,1.9688221526656422,1.1191658315597033,0.7813900267197769,3.040926851689506,6.731826759890969,10.044101926833058,3.5033885698202094,6.295395518506081,0
1663,0.4806998373877045,-0.5884716908177419,1.3303534775097807,0.13988831581384523,0.022714107376569776,-0.9121533604728249,0.17665334721189163,0.3629452639716084,2.0850010874460803,4.140083278020728,7.1592898872036566,2.395147255007207,4.25482700130186,0
1664,-1.946829290617456,0.5560445434395003,-0.9749413527382735,0.23718788121041695,0.04831300886934773,-0.8377700055062876,0.6248822453027312,-0.9181112755956409,5.529165586435987,13.231733847870604,20.538614557218693,6.491906853891193,12.439044882846703,0
1665,-1.213928726430722,-0.9553615376951037,0.8348983701352988,0.7869778706920989,0.09893207388998464,0.4506959045940562,0.9793589121324067,-0.49009202727303447,1.5329996955935585,2.9136100980268553,0.4857487114409729,1.6845955727701691,1.6481671087954328,0
1666,-1.7341507794479791,0.019939809944431452,-0.7189538904785138,0.36086529174472165,0.0684449775872714,-0.9058408796596529,-0.03282100420067158,-0.23969623890019665,2.265988488121688,2.875876606493053,0.2301419578604489,2.2844691565638064,1.8400490313989375,0
1667,-1.547762652872493,0.7334514148115598,0.6038211432906779,0.033047091999872436,0.01736796379069595,-2.01742764643988,-1.0518154871788135,-0.8818864483189046,4.357141178216111,6.364611582675918,5.589722760878227,4.671772711030791,5.360619927634156,0
1668,-1.3715506682551988,0.6957388170598562,0.9846998885945273,0.6265171802227082,0.0922059759807859,1.1174677660681724,0.5723549060167348,0.7786257406153345,5.648628391249339,11.859533415889054,22.06134787273872,6.5505501087280775,12.52590791483594,0
1669,0.9293721185430623,0.472918616041931,0.9122435181404516,0.44508388474210553,0.03195431850639138,-2.0772876121547084,-0.19429545508344281,-0.8166286566278749,2.3894133810611407,3.9477180068130844,4.818453021071258,2.6553713547833153,3.6122124581619763,0
1670,-1.3227838737826754,-0.95231997647513,-0.5993811268904704,0.7759982579216147,0.056839690899661593,-1.2955369697445933,-0.23172125486824435,-0.3973229595866452,5.443626729174912,13.637803298108023,20.573655267385043,6.465784009582347,12.54310398935863,0
1671,0.6955072917134428,0.26893352231816126,-1.4179712766885113,0.40905852464542813,0.00542995315131557,0.8868163320713744,1.04593999350542,0.814975757454838,6.373554743314067,13.4927556504291,22.961593619590403,7.327309831673738,13.581102187167444,0
1672,-1.1771515516362938,0.4852902954427867,0.8791979131216956,0.6914940264875075,0.03893980062007815,-0.24582577013919948,-0.668389370312183,-0.9513810855776172,2.453511657111789,4.134370249178545,3.2073857104985635,2.744280192614955,3.2130083042981643,0
1673,0.6360505114598287,-0.13707276421370884,-0.7556493583092981,0.6776831578396896,0.07435209599688043,2.4732883860629524,0.7040587846535209,0.7384223994718397,4.220154312611054,8.630698719507842,9.78746982961245,4.941989607987818,7.285695819318185,0
1674,1.0933289951906868,-0.7881502020987567,-1.304912998038988,0.7320630180915708,0.020729578205970312,-0.5438692466286987,0.2637864277342341,-0.5762033001960087,2.5259366884432115,5.604574008019908,9.12259434014328,3.072962384581547,5.483227749440075,0
1675,-1.0988598251688928,-0.06751731541724704,-0.41731472562021854,0.5412605336158435,0.011261429328094125,-0.05620665261090174,-0.7817761974827593,0.2134500180014962,3.7334288500203003,8.169343411648699,14.820018550945049,4.343184391815276,8.45115568296574,0
1676,-1.5351468329586275,-0.6047362669411727,0.9116669485299402,0.18813359203041102,0.11055980081907384,-1.1346865015590453,-0.6359339874388054,-0.4016904342374652,6.18961732298693,13.411211455119378,21.805155654780812,7.193859837721676,13.141181313638302,0
1677,1.5237279376909942,-0.20566868132654403,-0.768718410348079,0.4293115789575305,0.05784621176777035,1.4509875988583159,1.1770694839512663,0.053148885331667284,5.062797029090941,11.073375996251086,17.04960323788886,6.065897244754735,10.562322603444738,0
1678,-0.19300440938860275,-0.31392920337222874,1.4200161968104132,0.38662662080374566,0.026699528990407412,2.34607952692338,1.1061171023984568,-0.12854989532984695,3.564180677632761,8.695353542144447,13.840126672154707,4.2399987183977155,8.253898139419347,0
1679,-0.6072559478681714,0.36087489337727074,0.9867723923568299,0.398825705826822,0.04962194865795501,-0.993029945684933,-0.4161630546853966,-0.7639341197551799,2.583357395094791,3.666802063647069,1.0381397705260222,2.665995013924833,2.453089270172848,0
1680,1.114481745420835,-0.7900802729617271,-0.3050565151984417,0.667954669712692,0.06061588435378498,-1.0261910103702383,1.0758089371278412,-0.7469124929339788,1.263451775717523,2.7505948892510617,4.934918990977751,1.4396153146546367,2.828651228249364,0
1681,1.5394156111378972,-0.8758464025263908,-0.25941176144229017,0.5053768443982937,0.05550575762125213,0.1730321048072918,-0.7103960001907627,0.1380690349336735,7.180023231905128,15.063667500945689,27.643567207226564,8.280008073257532,15.794178189348965,0
1682,-1.4617651324030474,0.5921926321791526,0.2513697403263895,0.3855456918550821,0.008200019374962198,-0.0011283204163885507,0.1525666328669768,-0.4686649731856709,3.6233829502982338,8.302786660466953,12.980855720305108,4.197879011220247,7.891895500443113,0
1683,0.7103613636328876,-0.8464697025729588,-0.8739327556545128,0.5900388138593882,0.022083332838903624,-1.2722559018869195,0.3620528349705223,0.4576834076222247,2.217734138972619,4.3035029579631345,8.43418896309678,2.602476859445611,4.746875503954321,0
1684,-1.794042981506272,-0.7468211734955699,-0.1616459824702119,0.47423595586575706,0.06806718515184161,0.7353499640587895,0.6143829756527015,0.8990876950158047,0.7898317295518431,2.5539223800281463,2.1818196310284588,1.0616981149167493,1.7638419336742095,0
1685,-0.6004771474822115,-0.6737904629910678,-0.7077479871353883,0.11853155604143284,0.05913684629593741,1.8628363295078278,-0.36705624733354425,-0.7023545955548065,4.664144797564712,10.323289242766682,18.181157493885983,5.469087828994482,10.497486243164662,0
1686,0.09053152809187726,0.9838876333202802,-0.9354563439937216,0.6222999614053775,0.12350384153614538,-0.4933082824949908,0.28692345279485965,-0.1352530984976228,5.60997760677695,11.435354166193003,22.29591858914997,6.494364941612241,12.4518116027972,0
1687,-0.9506922538401126,-0.1477623998552795,-1.2141295901097853,0.5655648909287142,0.12437895474439561,-0.963000333147586,0.1595443785119579,-0.5357029359211272,1.3644332755537156,2.6019860160134747,0.3326191251154378,1.4547755216060019,1.4351890771653886,0
1688,-1.4901581993087532,0.32723713022431955,-1.0976772104762629,0.6255832553649339,0.04076318231263861,1.5925669650133036,-0.3155890214629753,-0.2623148147140304,0.7313289768844402,1.6104333172277137,0.09850344899590535,0.8685695425559073,0.8189366771880084,0
1689,1.002291042689937,0.020531549270942362,-0.8970677207703782,0.6803268384427481,0.05102298138536393,-1.9861161958079925,-0.20159749218509382,0.1479235263393579,0.9060475513223103,3.162734134333097,3.0815112422692925,1.1700017858404912,2.2620880569614594,0
1690,0.43954133575639,0.6712156906076403,0.1242204713804238,0.17896838645388008,0.039249949610386206,-1.9957970585279865,0.5662182941670282,-0.7881169070004841,5.739440633833412,12.215568075802963,21.623014668271743,6.608551482280691,12.534262161600505,0
1691,0.42325052909918215,0.19389478809322647,0.8565106709260735,0.05970375974833689,0.0304367015266757,2.047811885115692,0.17336839070882926,-0.08461957377984297,2.0324953527200496,5.602946092206141,6.385560666608193,2.659418125358469,4.472242445996161,0
1692,0.9907050618491269,0.8050609021783166,-0.7109710891513532,0.7211805030490748,0.016304193906113044,2.38841523864939,-0.8043556197609356,-0.4675272627954121,3.6444677090803714,4.458385997050008,0.019689190962734138,3.6792934877130175,2.8046922178992353,0
1693,-1.613624239633435,0.6073530137732008,1.4526961861250367,0.2375812068558145,0.048841794060269075,-1.1051004830999873,-0.8284125594841798,0.5748884334773852,3.4240529706496634,4.859916745351892,3.8540649610395423,3.605999161361418,4.0020103192484715,0
1694,-1.7571206399635102,0.9355482609485655,1.281946573527145,0.09475126822739713,0.07942857768157235,2.4642567932216846,0.8462861977162233,0.4302674519171188,7.865967242395638,16.25882736380747,31.044444464890283,9.084952736766391,17.459266995004654,0
1695,-1.9101562182363923,-0.8632451092635172,0.8820512953280772,0.301155883352775,0.10026478161885714,1.1959081352157903,-0.18675797393978621,-0.713236498598441,4.922990594357606,9.654364735325593,18.30539019488861,5.637588184778401,10.428582475849382,0
1696,-0.4532219876831527,0.7420968846372091,-0.5067426629040637,0.05011955407565845,0.14386971257771725,0.9033845448693425,0.09805620465015807,0.6582146933624757,3.8748679913669033,7.9484969948235005,14.533236450830493,4.436075704608234,8.350588001567091,0
1697,-0.35535728761161645,0.9702315880211907,1.072719208193471,0.2244357933247926,0.05565719807664598,-1.1212851790077716,0.38241802283577275,0.2786638621348092,6.155991981150858,13.52599690324284,23.710713807182067,7.194916666630565,13.737302474135785,0
1698,0.09002349405086818,0.931680749145662,-0.08317413546693087,0.6269779153572523,0.09871426757650047,0.0909247007233418,-1.098971742692644,0.31499004764026317,0.8584171977707215,1.8917118477577919,2.6599768835270154,0.9953986994694083,1.7225716486635994,0
1699,0.5703803371049014,-0.7502520108149038,0.8877449260819974,0.3735952667560337,0.048621902160721306,1.619796929229829,-0.37590969720522305,0.24370158256765273,5.058495073105392,12.306944137306873,19.60198624832698,6.00680130923089,11.690907768544863,0
1700,0.471659205825969,-0.8943880348534661,-0.23149910827585218,0.17822299994556517,0.02993559928515838,0.774809443136049,-1.172616011314191,0.9381579564289928,9.282957806579244,19.352233232202448,36.00537889944751,10.71248182014778,20.463419163483536,0
1701,-0.41843597598071547,-0.4023929431101898,1.259923199812372,0.389337713685476,0.09214878772279166,0.9792537431848074,0.8913870563627124,-0.7405160203658878,2.3960738569579245,5.192353750613868,8.58110277135534,2.709682668839586,5.121827380562098,0
1702,-1.6733872836319055,0.9874215686694783,-1.4733485951217884,0.5665558028920208,0.09165980429379315,0.26275510854583484,0.6859871020322241,0.9849458952709174,7.498774714393842,16.45033124276447,29.23953568117486,8.6171838225528,16.81831087375523,0
1703,-1.8124567140242904,0.22906098528636054,0.6503330056171519,0.24475144493841486,0.13392920773813966,-0.2150357927514408,-0.8052516913153278,0.7088156320406,2.9836875148203843,7.244446196998742,9.780199207520663,3.66688704591209,6.369188580393146,0
1704,1.7717024816985756,-0.8009701632625128,0.7550426014636598,0.17201137533217575,0.0010083326503532552,-1.1969308855730587,0.8517836045297924,-0.7176322464325353,0.5259541576631376,1.0503879239125968,0.8856119685009851,0.6101079393541586,0.7995970089584317,0
1705,-1.4773244680061577,0.4780954124003125,-0.28092108430608587,0.1187888580276816,0.03450005647232576,1.4730096249280225,0.29584509613924714,0.521857545132997,3.471159741641247,6.807791437286702,13.44717512300379,3.989077308793164,7.5167456214588375,0
1706,-1.6089070440478492,-0.08379143430057501,0.8913187523439965,0.2126342006947448,0.025378345256404287,-0.5910805309140392,-0.39988806278692623,-0.6290544422355928,3.464199182580629,6.4180456299815365,8.41057342157086,3.9896846587127333,5.886813936111181,0
1707,1.815779701425034,-0.03380319088911965,0.3242290683297737,0.09688552699967606,0.09150526321972692,0.27661346604231873,1.0366303866552784,-0.17536639785591257,4.558551724451528,10.613816499900157,17.215023230380194,5.395252641079413,10.255742700527504,0
1708,1.1282484019048682,-0.391638043075756,0.23682106898364164,0.7415763177953584,0.09376069661383445,1.055793418832542,0.9023628604862168,0.850848726617599,3.133665488043563,7.179311956911102,8.954659836544408,3.677293244008192,6.14802050885054,0
1709,-1.1669004991877316,-0.6083239367416295,0.15142838072635723,0.796413101045089,0.07352284849661699,-0.8454751844828641,0.08942705983941246,-0.8712084517685963,3.2200094810314166,6.681724851539889,9.2256220817177,3.7795296477887295,6.1161598890655755,0
1710,-1.2911729187603438,-0.7021591653069801,-1.4162533647868445,0.5777698424362272,0.048821181879273534,-1.657318443789551,0.02938504926149621,-0.3531111880558704,3.2680936307133717,9.222440941102764,11.69586077162629,4.029855994719804,7.658904202504708,0
1711,-0.42792891680768363,-0.3689363658763778,-1.4880494569235037,0.55066309153514,0.016603571810108953,-1.4042880146851529,-0.7432390954468044,-0.33726540900258506,4.977807761297916,10.977275165127741,19.384147270421145,5.778300450228276,11.179599104076866,0
1712,-1.3592092820145756,-0.30609575162409186,-0.7702069625767975,0.048972090537928815,0.13058444657547438,-0.9720944645064429,-0.9713228486966866,0.0430527579042459,5.727038309655576,13.473729463213497,22.46192667028858,6.7442568484331336,13.173234017790609,0
1713,-1.506897926524787,0.5461864029136938,-1.3152661702804813,0.37170875995538505,0.14157394951736674,-1.7051547317079323,-0.7167151754268049,0.20092982279043148,2.22529055792749,4.474393661026135,3.1695607202815346,2.44451189280349,3.205224671050897,0
1714,1.9194162863813578,-0.2283285034288125,0.44593527833161994,0.12185365022530714,0.09620956998964533,-1.236689675225534,0.27189025797919353,-0.8226775838327811,0.3785066638507151,1.1354245054819283,0.8031613301007243,0.4828852567434833,0.7434162755043586,0
1715,0.09987608682131643,-0.5251900106535192,0.5451261099882401,0.5981358296546524,0.1272213795839096,2.4619768445954096,-0.09754852883224308,0.34118883441464853,3.231530902050821,8.520979435304518,11.150998332401741,3.8825952823477916,7.259312129161903,0
1716,-1.9263051349915132,0.8101740666124222,0.3472294365857369,0.3370759834185897,0.0651469114140976,1.2899782318019781,0.8003280084861457,0.6158073526297037,7.152645921914707,14.536076781090884,28.102683831053675,8.262382423333413,15.76366020255112,0
1717,0.04233861218809487,-0.25770672486393664,1.3366180842466067,0.507359619816168,0.08154801134913173,0.49159466014146336,0.31167961964707835,0.4261457682138079,0.4586424018005817,1.544510524334323,1.1160500159605915,0.5689929814728678,0.9926601807759355,0
1718,0.2127387801646634,0.7507107089149572,1.0791426428211484,0.35380619572226996,0.02528041681883048,0.3832785688555038,0.28977485311483697,0.04675914790747049,4.665368337013936,9.606260163642895,18.1324210401242,5.373656383964145,10.258580500630723,0
1719,1.562311253095865,-0.8139594859512682,-0.6377444854943985,0.6926318770580949,0.14091199695333081,-0.37037462648715724,-0.737654443581749,-0.15934100698013043,6.948557781065614,13.947788758158978,26.91351723927431,7.993855603668331,15.142344693916503,0
1720,-0.17533421830345608,0.03913875632510044,-0.6769407594511466,0.25010192569345796,0.0983381447019138,0.6089707549831971,0.3890460362768029,-0.24543003360483784,1.9758472517750474,4.448788044344156,7.529012849854108,2.3328161554711215,4.419376059339105,0
1721,-0.6541726460004313,-0.2969226540541221,1.3535294564690052,0.3161960825154583,0.09091985945068884,0.11421593583269285,0.9029323583867812,-0.2617663984410419,3.078928583653072,5.77226113397383,10.429733988712325,3.544468952245159,6.138724007126283,0
1722,-0.263422222575318,0.6855885775644208,-1.0171271579102825,0.47543563830024005,0.05998623114657059,2.428957794626138,0.5313218803214874,-0.9788874743877436,5.567959323953875,13.259066115673525,21.3128727647465,6.685855897470336,12.710555051059204,0
1723,1.3578956017865753,0.40635931236262324,0.18288274674792993,0.18890278070745367,0.02239749756115354,0.6419978142920901,-0.1441433452469667,0.7232406244622593,2.207867679634365,4.434341682015787,4.563463438734313,2.5800813863350776,3.6197099787488476,0
1724,-0.9505057188893149,0.2750399616924979,-0.7534708900229471,0.5090536632746308,0.007251696332356999,-0.5414628659280774,-0.7855545219221967,0.2118679924469491,2.258656869294231,6.453107462707171,8.909421699921682,2.802225424930166,5.566578352069942,0
1725,-0.7330877872890729,0.5430652353534986,-1.1562169187099451,0.4449704535353939,0.08905167944124821,-2.38947950139967,-1.1136342939588033,-0.38351965534396326,3.064172402527335,7.62871567004625,9.89158737931039,3.897508928167324,6.565093528381925,0
1726,0.43630175764764845,0.925259990324413,-1.2276494700340108,0.5625302185686446,0.10390741831841653,0.8473712175173844,0.03875361967728419,0.9336519012202875,4.864231652241529,10.150536444958211,16.74565336826418,5.610061346142724,10.089132574253448,0
1727,0.00710055395472553,0.6765941583984156,-0.7124381913760085,0.6450467994454842,0.14948186009084,2.0504299388688,-0.47022787499533103,0.6923149516967988,2.844795629611065,4.647106202617996,3.4832815194143616,3.0880735167200926,3.6013623571650357,0
1728,-1.6189715078851208,0.35541511922610525,-0.4735613010399402,0.5269360716764785,0.0618373511369198,-2.454834250873388,-0.6449362702849176,-0.915227534283368,4.171054045807458,7.145156753609125,4.984844312576469,4.447440950825496,5.335060628680465,0
1729,-0.2909203088005947,0.6801425734563662,0.7139902769252351,0.6311297489952525,0.12107994732070937,-0.6403010597826224,0.014461750784156457,0.016902340170802166,3.2725724135282963,6.907515357919378,12.063582615946856,3.733557681689013,7.0464568843872595,0
1730,-1.5471659322557105,0.19628424425654845,0.6605393370010066,0.4887742552906354,0.1118948902064284,-1.9055436593757165,0.6273814712020254,-0.5837197932630471,5.052877461773465,11.079537722699891,14.394799500435521,5.94615919499966,9.752780324972628,0
1731,1.5073072913581314,-0.5101373752984089,-0.02402284892867934,0.3898130373253074,0.040327548058802024,-0.6914520779020279,-0.7545678022185792,0.14020139491709882,5.597108957826342,12.201286088930907,21.978031551535558,6.5081973576957886,12.583747715257422,0
1732,1.6521121013339206,-0.36678485527669924,0.024187829314373133,0.6895044895269197,0.06787485704182088,1.6563016422895975,-0.12866240359231274,-0.11951506657825339,3.4900225170058694,7.978633741949141,8.667543181766554,4.207546674578038,6.461614499674273,0
1733,-1.371040151282632,-0.750042351146772,0.33449023288346336,0.6618668197429765,0.020310973027529045,2.050469730534939,-0.33868847552559256,-0.14948558695835645,4.893694382455429,10.646468383928973,18.979607022900876,5.65572017028927,10.92150295381451,0
1734,1.5778136080725162,0.7925929006428127,0.07457663073471599,0.2214119555626727,0.025790920850726377,-1.1420997628472673,0.6735057543002998,-0.3508183955727009,6.4941711365818415,13.397961200383172,25.59248028699823,7.495621048790003,14.394945892067973,0
1735,0.7782458441320346,-0.6095983554408058,-0.06448910193330115,0.2816849728470578,0.0755418484980346,0.3497264546008827,1.1782439151226682,0.7997900943784044,2.8595472643688153,6.023285590247337,9.919755500514428,3.3295869630202337,5.973735202841198,0
1736,0.7834659100967629,-0.6925130589391626,1.257085669017655,0.7140688565663997,0.13300551451113582,-0.10491567823472048,-0.7903038934534636,0.5088064299378432,6.652115126737388,14.211536319463448,26.043257480813523,7.652819937668446,14.837354671871152,0
1737,-0.445939844038306,-0.3108634206155301,-0.3276539623221679,0.4472564459726499,0.05002782461162385,0.9496030549905923,0.35453710978479025,0.01772522765380069,0.7576630902186495,1.427274728584849,0.7694373510040386,0.8437463504255034,0.9706871859848115,0
1738,-1.7841070732580189,0.8730853647423447,-0.26491115063882953,0.35956255542870985,0.06840487683647485,-0.6748602088076545,0.41901098548322335,-0.9721646083523015,6.08749023703807,14.005465775897536,22.411177753106042,7.0947376040111045,13.460713890213604,0
1739,1.4940333172427152,-0.7951219494608794,1.4991410253144526,0.5024661033413768,0.009936971115702598,0.31218529713420473,-0.4048612980825247,0.9060864462524674,5.271477827283711,12.63519599544813,20.95039982578679,6.177885475774244,12.274910642133014,0
1740,1.0218840191275391,0.014029337296872724,-0.21066780147757647,0.7966950926316292,0.10010761274411413,0.06964871195620459,-0.24493411819129118,-0.3508342851188764,1.2828186771594066,3.5856986119522993,4.102568239148992,1.5982458062049136,2.8511502390987005,0
1741,0.8216776952065175,0.1757710298120545,1.0445545059117975,0.4428485786426995,0.08734970851977159,-0.11321752578409772,0.6302902710985598,-0.17001564780296352,3.4892405796247257,7.794937984863825,14.147669731425307,4.0495189821341535,8.034506386987573,0
1742,1.4077584189196597,-0.34591047769040006,0.5778751391428965,0.7143767192797218,0.11536107955441816,-0.7869592874202436,0.4952136070818549,-0.5860303707800527,0.7656397977716689,1.7945885726521187,2.4795808242944384,0.936077787609193,1.605550537176387,0
1743,-1.7673396821927625,0.5827634792897016,0.9240273456949968,0.018344751132478,0.14216925208049605,-0.2705008654741543,0.9726531538449341,0.5763490512898137,7.077030175317354,15.495839355879818,27.28009087525026,8.279319842691086,15.783820106203336,0
1744,1.6026141112348493,0.6667512662341373,1.4219861087604726,0.5032808010206294,0.03408882705787531,-0.5521843463350624,0.6045101966857949,-0.6860614423938769,5.722323844245719,12.58162925176821,22.17965022323546,6.552446153916178,12.800325611166434,0
1745,1.7193693447160787,-0.5894421727421371,1.1279242145388313,0.3869791558708703,0.12609302225570113,2.291478487388895,-0.18684611501826054,0.39320908183580716,4.155303075235373,10.65526400677903,13.892117038414199,5.231794279905721,9.133984664119152,0
1746,-1.093129586362593,0.601571433357077,0.9597769478493223,0.23619656322623683,0.0036211143706034784,-0.34397374110087675,-0.7919987178114911,0.637102160537746,1.79811714765141,3.3199567682417905,3.323525711336644,2.061983968220193,2.7386782849909728,0
1747,-0.9556108879313752,0.8873855850930543,1.4154268832306673,0.7270687392563692,0.08994217165592613,-1.1628599800704205,0.7374201955992861,0.4031907624160287,7.508563203143291,15.984443138243016,28.319530944036394,8.675815200673627,16.41134270569417,0
1748,1.9086733882010494,-0.24549598536752315,-1.3236960024968396,0.7987090630711571,0.1257395459158313,-1.3925515585072545,0.5415068781591694,-0.9986196498704436,1.5406350316078468,3.655767662307728,5.221134421224162,1.8892667303959876,3.3141878075815194,0
1749,0.23123623153432193,-0.27432351799674315,-0.3560008762871192,0.19561584493766065,0.04122678234500161,-0.22665668071924427,-0.6044519148533386,-0.06712010626112419,3.8981310677791794,7.835623318774484,15.315832247394901,4.489871144293844,8.563863104613953,0
1750,0.3093908822818223,0.4222228457050201,0.5314369520484536,0.1935914184836187,0.0058784385642169645,1.6634093304656536,0.8935508231150238,0.9577790394665431,6.062947098515146,13.30914154231008,22.977297507676774,7.020571113900668,13.406872955940665,0
1751,1.838846228944751,0.26762805338596807,1.182815111824735,0.358406735457111,0.11810034595875643,2.276672711283589,0.7110685372983936,-0.16846926809639928,4.7803190193031835,12.421076787327577,17.05415537253014,6.007477314682815,10.877413085216551,0
1752,-0.48896301173294,-0.4169144916253551,-0.3988094270585174,0.6564613294337625,0.10522504818278651,-1.2506041022913776,0.5076843085986003,-0.24120906792001584,1.589258776486966,3.4082224746969354,1.6740740454185326,1.7357957888871356,2.1750461678694437,0
1753,0.23109002814658153,-0.25926145446130766,0.06488805865752045,0.5838431160740358,0.10966959759307485,1.2659128965054744,-0.2615068908235295,0.3809908858267079,2.6854089609444767,6.666091522473315,9.0954219632388,3.1716169849402815,5.851238432491006,0
1754,-1.0451534742116695,-0.0451431591602689,0.2493207504098296,0.5491857498176204,0.13679939876313757,-0.9761568173010455,0.8286861951479032,-0.3777514959813386,3.971846527800245,9.51308104878313,13.796242121460999,4.653497688095661,8.649700678222878,0
1755,0.2076376761413079,0.6561996948495985,0.669448815809071,0.6902957351018637,0.12223217887745602,-1.1182636903273147,1.1830480121083464,0.8739968644141454,8.126855459178072,16.189559440334058,31.903253556042984,9.375509548246256,17.80345149149116,0
1756,-0.279301515046841,-0.9055810486222475,-0.5895099804326097,0.6689220244771414,0.14263056292482504,1.6583597712994136,-0.24781623214896942,-0.8869270006273375,5.258164941232621,10.912976244569823,20.089998708488082,6.125802645427838,11.49092223282994,0
1757,0.07033137603816275,-0.24723498227368523,-1.1310828384657456,0.0846826771112844,0.02295553254841437,-1.4708816330768015,0.6090873824771326,-0.2365930589985843,1.6320226118907348,4.580968977363134,6.378029061772442,2.0022143685565186,3.977527632163545,0
1758,-0.25224747921928525,0.19676266996623593,1.3804004322960486,0.6051752391202708,0.09685689208218015,1.2191606680390898,0.5263020506846101,0.3804985219885535,3.0794671386251453,7.485345868422955,12.750150402166492,3.6273480199587422,7.357223824760251,0
1759,-0.014371522000573123,0.13369416027995729,-0.11552560065315953,0.31596679763759844,0.040615210763437944,-0.7239339936880489,-0.1715289184568296,0.15875880996897185,0.5900404760184935,1.128928809928424,0.6798930688101101,0.6472682885184389,0.7843855352789522,0
1760,-0.0004996111879442822,-0.7841020914454817,-0.4800790336282188,0.30095477488130407,0.10603889476696385,-0.8355395782227277,-1.1809060425968692,-0.8313267533399167,8.729733583591306,17.805901348003154,34.45405179962869,10.057089404306417,19.302614959797584,0
1761,-0.012006328119080312,-0.6230089914552588,-0.01613276616230186,0.45936429766889797,0.14001568538540318,0.7778996217440994,-1.1255022656797615,-0.238538963430311,7.7778069952982465,16.18496381721542,30.3866637667584,8.980963913963036,17.202926765177924,0
1762,1.1738278831261542,-0.4788750880201438,1.274919214500723,0.42320856685091024,0.01386715377333087,-1.2916472990985983,0.9751180778127899,0.9829195023496196,2.2653256343336943,4.685613845862546,8.643212801824038,2.6616602094172475,4.944411705547809,0
1763,1.4520635702694138,-0.35864663069615754,0.8064570375302957,0.17778211487700457,0.057678343117219144,0.9858406430034874,1.1253632140429481,-0.12160344643718579,3.578402614340826,8.969209291884686,13.230967272318935,4.346594767815126,8.168233230344846,0
1764,-0.01665431586665367,-0.5596629420978911,-0.2903317717519047,0.05041488615651551,0.1287878843440258,-2.383327053928998,0.44045900302404384,-0.45355659709166596,2.4049047558158962,3.435681158486575,1.9725582351711182,2.4765103081849738,2.591594275660574,0
1765,-0.09556227186735322,-0.436883119800485,-0.29978799591928684,0.4374223091352367,0.0961340117148292,2.201430715495582,-0.4027178357384451,0.16971502594750376,4.148902429479544,9.068146763440707,14.777952396316284,4.937072630508064,8.892207739821767,0
1766,1.6068885888329767,-0.41953638409931493,1.095149943376443,0.7660440771118794,0.12712405584403705,0.3493025067079847,0.5330772959839079,-0.037868262897912564,1.255659881562044,3.7334116433419156,2.127102937441509,1.5213228053189722,2.2869846192355374,0
1767,0.3890232177989401,0.9489481339565444,-0.7466383315333651,0.6340376980325153,0.0759349724632205,-1.6156337328406367,0.3444849136906658,0.5848538130701533,5.840650180165472,12.567036424766384,22.615155166883632,6.7474404600626645,12.981596577550912,0
1768,0.27502327729347753,0.6748656019833184,-0.40239415773903797,0.731014639189954,0.09724801499794908,1.5157966246578152,-0.5448357003400609,-0.10774337619416663,1.9929400037617375,3.385458339445884,2.249550008590048,2.1297652857689875,2.501361034116199,0
1769,1.6384696469605813,-0.8982088989962369,-0.28805485931045816,0.6242549264430687,0.11157220352670029,1.7581141538468312,0.5745368032289839,0.8941842983380126,3.9743522263949655,6.80941115722079,5.632907401132199,4.374168624342506,5.362418097858637,0
1770,-0.006961778599816615,0.24857967370658196,1.0431172756806797,0.5613527598850777,0.015308507831050377,-0.6650177370260417,0.1262179159964929,0.5094350877231377,1.9322671733131926,4.293437303829712,6.5574760237456315,2.3447236911951888,4.06942651938608,0
1771,0.17427027527429306,0.5550984827675838,1.012828429388724,0.21210261623614485,0.09241472597431702,0.2855518874039147,-0.6544385936283172,-0.02024382152633719,0.5839186948526964,1.0984147070179218,1.6699595198676178,0.6428322134246925,1.06997109786394,0
1772,0.1942731382748697,0.6346797504117292,-0.11703187607315924,0.06473278598075956,0.07309439373483108,1.6897547218821636,0.1710130855861094,-0.36226954459556415,3.729995242198351,8.99132444935415,14.061515787567773,4.46418193693167,8.48126883742925,0
1773,1.6838837919370335,-0.6886972307478765,-0.5193670425200932,0.34970775250366404,0.11069668318888146,1.6787339606288052,-1.0594548570115212,0.5840716409271891,8.326572501711896,18.6635071088392,30.185293225336537,9.70574708603178,18.12318655936947,0
1774,0.882113661002653,0.7893046096236327,1.2013289724766265,0.6220204469283588,0.028530402639553053,-0.9306424667197466,1.047167277236395,0.19634659970771562,8.25641852731179,16.158937031536688,31.99423244625206,9.49718092749248,17.872594494279408,0
1775,0.15504293755715093,0.8314188800879969,1.122595722298994,0.5819969226531047,0.13233784562393153,-1.9308251140225803,0.6181055198397793,0.9312804043937359,6.655894693470193,14.406658238821072,25.658275706704455,7.810831746567412,14.797331766355457,0
1776,-1.8040928308743824,-0.5539086964187316,0.8819051665962565,0.4160377315445219,0.012992753181189198,-1.160209854219894,-0.4222569601856456,-0.3578745563081025,5.272419063762512,11.334773218867175,17.03538811767261,6.269353898879353,10.719709509978623,0
1777,1.5106909978753271,0.3240729147160828,0.7047518351070359,0.010856071110841282,0.06412680044406477,-0.9108968596723654,0.8446209653764172,0.9077393078397034,5.18800687212957,10.744010078471511,20.281772632603126,5.975854641146652,11.461722339075926,0
1778,-0.30663660165197903,0.9461212291425973,-1.4569223878686957,0.26057552336688466,0.11623967668949248,-0.6995018476248349,1.0103095929069992,-0.563070215003739,8.634109310627471,17.848417102691332,34.13528948707908,9.968174636474263,19.18216223376679,0
1779,1.182666909312443,-0.5965954951949513,-0.908685246981487,0.3565994867066195,0.14174108824954987,0.42727480951174135,0.3240789476965924,-0.9805346550627676,1.9284944057269007,4.422506220661192,4.79121903361238,2.3054773359876055,3.5732136315989025,0
1780,-1.7735391814729393,-0.8661319486779531,0.9589265239836964,0.18948169740666848,0.04932572769581134,0.5497638931449029,0.20149036236796602,-0.17894100486311926,3.3735195350660594,7.167362709561581,11.546575998901034,3.9161556012651544,7.017853033185117,0
1781,-1.982799175860646,-0.10079484989836862,0.7166478471600692,0.18819145226036432,0.1062537015410727,-2.424235900913609,0.9792187303548763,0.9000784153115815,5.148236805144511,11.917143174897996,15.443080844945273,6.347068230478793,10.387245070544212,0
1782,-1.9901540663017627,-0.08436317238697533,-0.258534179283993,0.6735066847356053,0.0811082386984903,0.5568273496802547,-0.7139855925925862,-0.8458706640058382,3.7771901282641687,8.507773695180592,14.08084380334166,4.298683152504589,8.339610603286385,0
1783,0.7693243887305008,0.2413519839388567,0.9969862019498339,0.6757467579536445,0.09465529109594048,0.19180691475144052,0.9936198456284424,0.6025282717046345,5.468326360982323,11.225666915438484,21.802806288427583,6.295478667240471,12.178587736178564,0
1784,1.5296999798703124,0.9916817965479856,-0.2894826367004626,0.5735477298326006,0.10321017228473675,-1.6292864333360002,0.32771663926330374,-0.14382144824219245,5.8732969923702845,11.96463731797975,23.22055806317106,6.780579485423381,12.995605660598667,0
1785,-0.1974576395451555,-0.6397240202918861,0.734218038407906,0.5583527917426047,0.07984352085032453,-1.7164040438708927,0.13647548485710437,-0.7997331557059593,3.184148423638342,5.925086792213222,8.740277287206844,3.767285151336302,5.731582266051152,0
1786,-0.6425118954309741,-0.2552843144145742,1.150276177621934,0.33244966035550816,0.08977048029386954,1.8738949395199196,-0.1781773469864889,0.7674070401414641,1.9703607802288954,5.329591924683462,7.494027804432582,2.330940125530392,4.67128816535652,0
1787,-1.454154749893441,-0.2703136856800803,-1.2158182528006063,0.44874370342502784,0.14359230906117035,0.7847591766063262,0.3025814816369967,-0.4436827355137234,0.40012843884548827,1.4431923895454455,0.3924502764485721,0.5041766439944011,0.7211489958512918,0
1788,1.724427034492487,-0.0569304304486109,-0.6989938408625426,0.7901599843464061,0.06346859006921085,-0.6425050879522791,-1.1160929584827974,-0.6434100537106349,5.289053448591385,10.610043817553791,20.57975877649784,6.096161982710912,11.553273011063997,0
1789,1.2367654202891214,-0.03460979079569948,1.3646241807755808,0.06710864257886505,0.09239151635976477,1.0999207377165767,0.2908395035150484,0.059755120251711036,1.4503843230949565,4.446037230756134,4.381971244977779,1.9844340606300874,3.281961245711669,0
1790,0.3131932813548435,0.37909918275284027,1.0897906309125873,0.26907571542774866,0.06894811206625015,0.6795479330858543,-0.445881714416526,-0.6424342681066093,0.5492120849906593,1.8037414110370973,1.1432340585654184,0.6671080876471444,1.1155670751426667,0
1791,1.8646750271125323,-0.6105422224075254,-0.8018007137932478,0.494948880386074,0.011605246488225418,-2.329761730923967,-1.0463673508671634,-0.7534727084284634,7.393078282875519,14.593786764007314,28.93175112886681,8.507416862654043,16.126326538990295,0
1792,-0.2832125514632513,0.6585212869289825,-0.474084320713418,0.3420251317179358,0.09003766392538004,-0.9892778718811939,-0.16190909095684702,-0.22737662627127841,2.3295290995900997,5.240410437803775,8.58259700891958,2.7230022037051067,5.118061184264548,0
1793,-0.6324658333999205,-0.223213661035925,-1.4666468687638101,0.7090085344972678,0.14660201961730362,1.812480957080692,-1.18621854226982,0.5017710933892439,6.612420217739311,12.724540142090857,24.43938826860513,7.569456842710362,13.889850272801626,0
1794,0.2924006903468541,-0.8116501779844993,1.2985774046387926,0.6209737033781095,0.02179444296721405,2.32020714846748,-0.8971229932544638,-0.09064024298143303,7.594320133103326,16.899102358552284,29.766751743898475,8.84455716566821,17.16250798723304,0
1795,-1.364097069363308,-0.6996184098841911,1.4034172151238304,0.45769822511387215,0.038876237653950374,1.3819968543326673,0.9005865583260177,0.8352078735755575,1.0048738301405562,2.2591329544668994,3.4924605109498454,1.2055131110507395,2.147491499772264,0
1796,1.7319398838674882,0.8111636595105904,0.41679718777971164,0.2739733198456457,0.13883515161583232,-1.88751735999807,-0.7948804438780379,-0.13234491900861234,0.520403192917477,1.1470922341232035,0.11319270515954827,0.5858019213643717,0.5927866317965058,0
1797,-0.8653402311472735,0.23146562844774277,1.2159057688938697,0.3928250610979581,0.08308058901277984,-0.38433135509453775,0.49816598394225275,-0.7986224403075723,3.9666155340743403,8.144374693755818,12.828298637050345,4.476276180328561,7.929414277497006,0
1798,-1.8056404562937538,0.28267694886632566,0.10463563546245558,0.32588642321550215,0.0500988962818758,-2.2409627797843723,0.43333478979359485,-0.15706492835856545,4.645794146607563,10.494218079134589,12.561335403061785,5.6014222452654385,8.870546513167724,0
1799,-0.21892784192153325,0.7868897028237836,0.7126436475704363,0.17555451895463323,0.0985749744782674,-1.8387234074817116,-0.7342467171548565,0.42829848146486915,2.356987231068527,3.0771923305291624,0.6237349635063418,2.3824896506698785,2.0556233225981972,0
1800,-1.4964383270004098,-0.4396120972580442,1.1941808039506179,0.5906523826252367,0.13941892764615296,1.9091667098060174,-0.4498093872592499,0.2647548689620731,3.798460790831516,7.883544937940554,15.183881763147976,4.422322643942094,8.501998511970225,0
1801,-0.4852172875129068,0.39420866325221926,-0.454628935047261,0.0010538975040473631,0.01409073227576782,1.3550616311138697,-0.9983874125465735,0.1988453664804848,2.870824186542038,6.135322318332099,10.553415597301406,3.3271642183980537,6.2005850524924675,0
1802,1.4311140494367693,0.4822024736842254,-0.25968361554137775,0.1668833722345224,0.13838062316127414,0.3319984089252994,-0.22699185775906605,0.8841153980465566,2.3765784603852778,4.084337327322578,4.714778003048105,2.695314975992265,3.6222396348260144,0
1803,-1.1399290245123566,-0.11543625509275701,-1.1740628725094808,0.09990420871963056,0.05978943839952527,0.9983017799254954,-0.38665453402995986,0.3791959452060043,2.4230742798289295,4.463081224386198,8.750901424325598,2.7155991308979424,4.962676991652011,0
1804,1.2207618770095703,0.7551558293066727,-1.3658414878387892,0.6189853239784733,0.022071318333602718,0.9913114664966711,-0.30801008255999585,0.41558659538972353,3.4168985349718026,6.552199038442376,7.8418650224251225,4.020307268953247,5.745319505647116,0
1805,-1.1447030219680125,0.2899814378019905,-1.1234577388141784,0.13579643812544556,0.09216928877468394,-0.8161425417481967,0.4890673754731403,0.37031887080537484,3.4718103379500516,8.6854944394748,13.61133148946707,4.136567502217903,8.144247630289366,0
1806,0.4865359610203135,0.46108108246863555,0.8818057219909914,0.7291386259774593,0.012077374422264026,0.35774507389224874,0.5970644006889623,-0.5661170866602454,4.714363045056815,10.767612403449556,18.456551126018525,5.407435963695126,10.72230156872698,0
1807,-0.9455154280922162,-0.46607131132915836,0.21699891442355468,0.29293645477252783,0.09991421101823986,0.5511984098396816,0.3770683994473165,-0.49536476638154725,0.8071631937373839,1.5391405810957215,1.4007136840837902,0.9240352689521149,1.2165087645702801,0
1808,1.0694855032919874,0.32807110153738783,-1.1080511621056472,0.1601382819272531,0.04514477194596976,2.180207539193656,-0.4167603273498399,-0.9602418346693615,3.5512730763934726,4.386629188350613,1.541242810191704,3.5859234829209616,3.202335870772833,0
1809,-1.4334970493646004,-0.9356563526983743,-0.2914822675703501,0.6377227207757632,0.0675653670883505,1.6949706739657335,-1.0859296287342302,-0.06055427171047212,9.053841214245226,17.814779727401227,35.33924358643095,10.420113794446126,19.704370737867837,0
1810,1.1483014885176837,0.34944443530790115,1.0584766114214008,0.21906777912766007,0.0751276194432073,0.8843928917111405,-0.7956241052189097,0.631613429354074,2.2797892289659316,5.88682194554485,7.734553510830312,2.825102414648504,5.052859647067178,0
1811,-0.7541197968361089,-0.8133853921686105,0.7971038720458816,0.5640143837855842,0.13255196299266586,1.9603737271856208,-0.5315381170042139,0.28272555043563985,5.889785290965766,13.401696227377139,23.327930624323866,6.874328272254847,13.473256470025518,0
1812,1.9964919846879678,-0.5123869030778558,-0.08136999432414571,0.7281330917124068,0.015461946228989448,2.141249487780975,-0.028426573051737014,0.7860815771440033,4.675373288461215,8.570563619355559,9.447870572907151,5.372403965357705,7.3453826407529474,0
1813,0.4854856433075203,0.34287109404615657,0.8189572542839798,0.05370887358733443,0.09416525085594592,2.1196862238592935,1.0946969375038964,0.9366428880067055,6.61786713099473,15.177739117820071,25.147370677885824,7.719342721765443,14.854827350186731,0
1814,0.5833315170717479,0.26657369624973004,0.15739520033188104,0.4860426873213515,0.09181768955747409,-2.287958657391557,-0.9867089137597899,0.23883314352849871,3.3811444596187705,7.95293567785708,12.480578401822697,3.987230336165705,7.543120595406134,0
1815,-0.7431342798460587,-0.3971490299801985,-0.9196780820550906,0.640855975547271,0.14464927555809448,0.638790015983179,1.0690077494554127,0.7677683130207751,3.116558624181118,6.114201320669436,11.612875801632427,3.514858188956106,6.604576542840504,0
1816,-1.1282920862678751,-0.6929481976462573,-0.86523964341416,0.0769675070924599,0.0874318750480438,-1.0867497858121855,0.9910000674034316,0.22681554645447144,1.6143344548724847,4.862658930795982,5.220856705514938,2.1802958702331936,3.727384614378341,0
1817,-0.5615577769250746,0.9692812639287631,1.3595834876756108,0.6228921882473603,0.11875255131594521,2.386350657622449,0.2410949343359048,0.760039698663709,5.459108105720415,11.72252219542211,21.1595751023021,6.294118303645033,12.13177345139789,0
1818,-1.7406891108000373,0.10812503890864456,0.007549018404974017,0.030179089776679203,0.013042797798619958,-2.3908053799156344,-0.4943639892325288,-0.8929775409674472,4.5338971094822815,7.555959637469794,6.7556968402482696,4.951629220346987,6.148828998194802,0
1819,-0.3073612609567937,0.625492822745835,0.34148942530944826,0.5390319298373077,0.004726003066445383,1.6976318012793365,-0.8491430894808223,-0.39469824793502606,1.2462011790768237,3.5967639867109757,3.9129195084830792,1.639682979704267,2.7907337002516903,0
1820,0.06717557973354582,0.8599868620263169,1.4944475051203883,0.6261285468971279,0.10939713355912038,0.1384116535601585,0.39750561119798866,-0.7111516491432925,5.708344849722295,11.481626568193422,21.735276456689355,6.446189941761244,12.322193356557644,0
1821,-0.9232155177006027,0.969285726994169,1.4388450694366153,0.25837791573025043,0.03615728588573389,-1.3524096259129075,-0.03632547958992105,-0.5524668404177888,5.11306615329139,10.681732516891811,16.34967672746311,5.8981615048936185,10.233158769783255,0
1822,0.5939865302027774,-0.8503603772921295,-1.18896833274232,0.22154741994864047,0.11661648500676423,-0.8835523047899403,-0.07003972251875612,0.313244092018363,4.167358759566106,8.47132868733941,16.02150056016668,4.751899066045095,9.073246308726167,0
1823,1.1541596878918954,-0.38578195755069467,0.6929082334926662,0.2288539234810661,0.09666993125499086,-0.2455992960265423,1.0239067664414458,0.9641867724422544,2.9106071494335697,6.842119832298272,10.91624507932632,3.383550491234662,6.539046667440914,0
1824,1.0964924307611685,0.8309286712868635,-1.0904872739274267,0.5235711660383316,0.029755191235861234,-1.1151574751377584,0.05477577891750762,0.48397453808799806,3.9931555544708686,8.232807836363937,15.478983405089192,4.608290754762524,8.772313114253452,0
1825,0.8859762967819114,0.7389186839140864,0.17782455637976136,0.7410741227116593,0.13318328935304896,1.7452874474024522,-0.6491517412695617,0.0628959863743932,2.5545645501951273,4.022118009796057,1.7559804097706389,2.6723895002712106,2.767037840955668,0
1826,0.9449463881743081,0.9522050156891797,-1.4650581787886692,0.26169162715607897,0.051352537887877275,-1.0573271510907163,0.7618183194310684,-0.9098571267131919,7.514277855445104,15.205744005294775,29.938889938333332,8.694187647302495,16.667092304452215,0
1827,-0.5622609999661465,0.4233692165520704,-0.27978084267904957,0.11525086695379949,0.09162787091386312,0.11305118196809394,1.1564132066780848,0.4970524382424184,6.93964134683418,14.156016459321057,27.577821072874592,8.018633121901876,15.403906975899135,0
1828,1.9447039513827362,-0.6272947177679966,0.7847850278337072,0.4413105757599334,0.10687642488018263,-0.16224268746055337,-0.6902620326889993,-0.908526673069751,5.819433629680651,12.85674514366645,22.882982581598533,6.789503588517263,13.146698765335415,0
1829,1.35315302930678,0.6296166971733186,-1.012380798640991,0.5161447196350725,0.1106600550798242,0.28812497690595285,-0.4386506325693472,0.7618918043715879,2.6789594568344723,4.242051187213747,3.62691929630357,2.9311201331027212,3.457490995415809,0
1830,0.5697625501657226,0.44043502402770085,0.45634358850699597,0.5770309372680703,0.021760071740166607,2.1129719915565666,-0.5140540848995961,0.6731024460599158,2.673547008857413,3.551207429994219,1.3563023388743172,2.7294516129916393,2.5472621946169487,0
1831,1.5735368163876564,0.3024472133200824,0.2949022862662356,0.08723856893726484,0.06543318391194425,0.5582219232407089,-1.0035137460413452,-0.777075977044912,3.1985969206172813,8.228066378764947,12.311604276185701,3.933232687005136,7.514803541370893,0
1832,1.9739250204288354,-0.33553169807481087,-0.45080253812650817,0.20122332047991362,0.09690296542414155,-0.13462056596601624,0.6970342976964101,0.02498966371157363,2.379680062886796,5.256330783422585,6.285744628507953,2.8401114739600195,4.460537789841202,0
1833,-1.9383360788651371,-0.03462521934640872,-1.3344381282156763,0.6614291043851419,0.017048712747705096,-1.415229925170921,-0.09608341729241077,-0.609631889199171,2.738533858012048,4.180192977127886,2.24915037812037,2.855499078617882,3.035913071839879,0
1834,0.15687984078812622,-0.07860315110658944,1.3575678327518665,0.07069885065969093,0.08650980724028255,1.1019980482199188,-0.8936951782659448,0.27292425551480304,4.298475364987855,9.695987900802221,16.96893674463732,4.992569570954301,9.788276960223648,0
1835,1.4569562166793046,0.5751112868563122,1.3055120712871737,0.5764685573927559,0.059098024450847615,2.102256922954054,-0.6591437577244782,0.16740455705002844,2.7717454653641407,4.626786097701685,1.4214212613184003,2.846915162933917,2.9306773636086594,0
1836,1.0626317803786773,0.7445623339909582,1.2496263932817304,0.0679805195858905,0.10890887541812927,-1.4794785327949227,0.6698866595684407,0.4013794638672177,6.307104919771445,12.938135327905835,24.692099171913725,7.29937273952491,13.911139099829791,0
1837,-1.2745905655987588,0.6656603448390568,-0.11463358794431522,0.43508492152083494,0.14571056303152,0.7831279375964946,0.21255154805946574,-0.9664744552724647,3.916113141359913,8.26581370293717,15.313889633036286,4.481262140960203,8.69687115729603,0
1838,-1.2031406596242418,-0.9468691579001245,-0.5000627228515515,0.2756066824218591,0.0795495105587766,0.9488422349625862,-0.7695715874488485,0.20330884161948481,7.6115697615169005,15.175030637605524,30.10699909430933,8.779512183353717,16.746031066364896,0
1839,1.6679050981156278,-0.6299842876815842,0.47726409079609167,0.03647131300152591,0.07967214514366863,1.2076962855288982,-1.1182997251436568,-0.3326692177149313,7.8479692645986505,18.18069166074214,30.44097511116002,9.223640261076971,17.86325483705794,0
1840,1.5118279415679572,-0.5490404083999227,0.668623663187089,0.48979061914199584,0.024553149893924237,1.2085375699091565,0.07699438327727437,-0.7759483985474336,2.3253399565675,6.8878013215096585,8.237802708213199,3.074417984753811,5.542724994362487,0
1841,1.7974856130610797,-0.016075941712931696,0.7352425044090092,0.17416021242058843,0.02057748141065282,1.2065338806495935,0.417178028540117,-0.451784624592215,2.4129027838547996,6.537847920604362,6.982970668633562,3.133444665613034,5.09346087848912,0
1842,0.9851337420628621,0.009984522037005172,-0.4542082300577812,0.6295134539837284,0.09251741213133119,0.03634182985998269,0.6554570322023114,0.0896567196120186,3.183050363591852,6.210244965140752,11.498251608517624,3.6494404945089185,6.63240813062596,0
1843,1.7541377317343545,0.6361113855749547,-0.4254372817794092,0.3719354004370068,0.14359996030430824,1.9760219739695835,-0.7411547096776525,-0.4513923343533024,3.8105728986574077,4.881372611992519,1.5738348505903326,3.8519656680262826,3.4649306751747053,0
1844,-0.5423179225521118,0.7596980722878077,1.2822519356857924,0.6418721926420794,0.04135626690903932,1.9353240331761583,-1.1210852977423236,-0.15439303821896377,1.722943158355786,4.391887260918369,6.244171741715042,2.0949020721952736,3.917190855516287,0
1845,-0.4894854706730496,0.07047921180914751,0.1819216717044867,0.18032358947476715,0.030683355417863427,1.517832958960776,-1.0171276851843754,-0.013427912275909115,4.192384450937662,9.323254674781301,16.546882936168302,4.8778713612224065,9.50654375468842,0
1846,-1.2334143736092842,-0.36086554975804463,-0.6681167424839756,0.5668177807577631,0.0684030904941824,-1.0027908277694815,0.7952447951524921,-0.828409717418396,2.6557759252308317,6.656690169732645,7.914406620755914,3.1655237657556907,5.484614191291387,0
1847,1.065442581894561,-0.5033744841994043,1.254057667880348,0.004447268295639084,0.0834995006039009,0.6113249201379691,0.18552079835256086,0.630030584398025,1.579067074897449,4.5837380991556245,5.717226145880493,1.9863290326214156,3.762642299242211,0
1848,-1.5513439676647551,-0.16888799141483157,1.091210319059921,0.7109882308231928,0.07475166048581482,0.2898344693503989,0.6333802571757614,0.5592207885972831,2.428847756786763,5.078128326044965,8.201826286168632,2.8824961791761203,5.00089032861772,0
1849,1.5523251980234436,0.6877147983660861,-0.25673006140711685,0.5198026611773253,0.0724852886792601,-1.9101926678993415,0.7720342080121503,0.20352705940101345,6.34593315459199,13.302867727158432,25.530482929841426,7.3608739686380344,14.289872540341358,0
1850,-1.7679791847763497,0.353736558017945,-0.6506968923086947,0.05541216697334459,0.09098833720254669,1.1610432706462177,0.04148230637158079,-0.9887034528598151,1.8721124570387428,4.091384143418966,6.7622772685121575,2.125829677528878,4.030315128443847,0
1851,0.30753094777041357,-0.9867818493640801,1.279224903891354,0.21384412618004164,0.13065099052455362,-2.4394535569156472,-0.9666803748187913,-0.09718339079468596,8.973755572517156,18.881491711634094,33.86889820068484,10.398217643331426,19.55706540978397,0
1852,1.0344295162106762,0.8851234010012734,0.06328444550528944,0.28436857093327694,0.0066831809875771584,0.41854735869355864,-0.2878949652035191,0.8182669693500817,3.0548149819883412,6.893936167253654,10.426756759846082,3.564193201948102,6.469071692921233,0
1853,-0.07976310863999725,0.5308939662595518,1.0446315846446872,0.07862208934220344,0.06612694616343671,1.9685871550615603,-0.18130728403274032,0.1303085539347708,1.7076034076820457,5.042473342157144,6.17266822362655,2.1938308832802167,4.096206580367744,0
1854,1.4924157891953906,-0.5348128266204146,1.1837449884703903,0.3176227369516923,0.08895499929885976,-0.859802589670734,0.06508572902301601,-0.901428393954995,2.2791246241375607,4.552387012218036,8.121131425925077,2.586501074026057,4.744443026086807,0
1855,-1.7389600990449465,-0.170554476124829,-0.4951442296992645,0.4926334482200866,0.005686525056570934,-1.6616566513155435,-0.6969794540980988,-0.11901646294039914,4.41361332959896,10.862532954650131,15.152733341253938,5.351245624177147,9.663788450068623,0
1856,-1.012660950484189,-0.7246746283845387,0.2927210213473135,0.5950975822425776,0.10279021001958326,-1.1190995238623942,0.8506676072807136,0.2236443588548045,2.241694723789644,3.8573240609253814,2.250278810633788,2.3581321195734466,2.740602490561989,0
1857,0.4586668040296953,-0.5743030965670854,-0.7733613379915394,0.3798001739504838,0.035673154656087676,0.9403886824268826,-0.4594691705861802,-0.6961676920773017,4.668993065773224,10.21872307013153,18.043733620550693,5.449306226708313,10.424365549607465,0
1858,-1.39354458490611,-0.7455444425776787,-0.18074976310087676,0.002432029078098008,0.08135584324537962,-1.008485385402248,0.12594919430451523,0.8708508268831665,2.9246498946870476,7.900804878067153,10.820494109159409,3.709101722620627,6.864694836836145,0
1859,1.4761904407339346,0.15285967987691107,-0.24578906208382478,0.5586901368660052,0.13847089989367817,-0.05226466030225119,-0.9616614621952353,0.5321764008479801,3.9230385235053467,8.062526389626438,14.546635995410885,4.52819955646086,8.412480228208887,0
1860,-1.9580833844224634,0.5292769592813473,-1.24525018834029,0.08529325949302953,0.1172560305017289,0.9476085244770265,0.14856751040793092,0.6411703854203872,3.021765535219401,7.170207206473075,11.89665356778481,3.456622675096399,6.972250160352825,0
1861,1.4054740429750532,-0.08497548868742655,1.4888960611636124,0.28606395171128585,0.02572616499311974,1.7298822155994582,-0.2026313290576074,0.7489993024572286,2.4857550055280204,5.586993517698641,4.9779910426755976,2.8740243812146287,4.20262430789214,0
1862,-1.7553346220383839,-0.7778957769867167,-1.3791820163281128,0.4816087682419281,0.12477962716747494,-0.48669608195664127,-0.982330920789543,-0.2530623451380931,7.863270768794877,17.19634572736493,30.873577651391013,9.105641424283066,17.69052238669355,0
1863,-0.6078154706410803,0.2869438495282295,0.45645488638900145,0.08241897380108246,0.0630265166288291,0.712572634093827,-0.5787330979439166,-0.18583942694304478,1.3393310150466207,2.7057842810128996,5.058185715545076,1.5135700627347242,2.8823473097548513,0
1864,0.4547797265800755,-0.19425859751019625,-1.4074170853032963,0.17809279634360467,0.11641213716982855,-1.2574796062498468,0.7625074705550738,-0.06618434859635225,2.56075672731378,5.909180048690515,9.700699456177395,2.9395550008979687,5.745146369744304,0
1865,-0.10831545121088793,0.5410324306627556,-0.35011946095231483,0.19078447372189677,0.015754856507614972,0.8595493808438404,-0.07213790449708002,0.6188137614002536,2.3792203584451515,4.77539546706245,8.138484676695,2.6891724115930695,4.856847391820087,0
1866,-0.16930116570277454,-0.17037864977031836,-0.6034437477757881,0.15954229835228625,0.12456554169726969,-2.023943145266168,0.9651065360439499,-0.946181697525299,3.939446958030479,9.270415488863728,14.025854312924771,4.649141040585675,8.635629132004262,0
1867,0.08900934092883395,-0.8833428756978314,0.8388213639288988,0.1691972192472907,0.08488838643548033,2.0822305129547223,0.35822144546982293,-0.6433600700521691,2.3937198423199995,6.671457391998246,9.29972814096271,3.031920407073609,5.812663653291648,0
1868,1.1867110750196028,-0.1170407863833014,-1.46046978497173,0.38941197608626804,0.12187270158950103,-0.350211845831935,0.6202273211519818,0.41105176906881047,2.9166126275682918,5.423706473930878,8.930491201019644,3.2703576091756017,5.508278851673204,0
1869,-0.17235073064686102,-0.35343482994910524,0.6796200046864689,0.29513473419069236,0.02551306600929775,-0.8956846923601032,0.9044140630273156,-0.4332217757252288,2.8705444135915084,6.022760670399409,9.600685287251505,3.2686022915757444,5.875057340530301,0
1870,-1.0601578606210555,-0.7331598585388757,-1.334466466296828,0.7813538833597052,0.08051652408909157,1.1482223031034877,0.6551362724848924,-0.295366010559055,0.9674879929951754,2.1794074568495136,1.4164281953195026,1.1363318291737423,1.4826302764666317,0
1871,1.1956236406448841,0.9229684888400975,0.7252855507216025,0.5693865013302232,0.064835067987303,1.7066006290439741,-0.9867902997039608,0.49936742448389704,2.646674905292972,3.7506708816784595,1.0808084982527726,2.6899441900000265,2.512440704567264,0
1872,-0.5520258314285713,0.13194783159558265,1.1788913096910818,0.4840156479635802,0.0038372295543699195,1.1130242276154814,1.0296588148887345,0.28402389062111855,5.042889001767806,10.392779494032352,20.275430917973694,5.860811825759676,11.299411006708123,0
1873,1.4456803098382949,0.6505915106838687,1.0838768489518875,0.27528032215381987,0.07112452906630216,1.7401675251486575,0.9849565798354922,-0.7063170014805071,7.227448140200785,17.701900831844313,28.729900364923388,8.59548119062124,16.95732292015267,0
1874,-1.2738704816340642,-0.3063407998901313,0.8108934845380737,0.6999849258063159,0.0870360212105018,-1.9336591230338451,-0.4710042480788016,0.7140460129552633,4.298881671344865,10.517392958044871,13.52865757051375,5.206389599834455,9.024118619954491,0
1875,-0.6097800869199403,-0.7943855138212086,-0.5937946016607653,0.6453650818398468,0.07402192995287134,-1.6421361222502933,-0.4496823058081487,0.9071625593472126,5.645798491304742,12.98362971005313,21.743373476559064,6.6481541241674975,12.776655915791832,0
1876,-0.27217004760549424,-0.11680149038781384,-1.0407911938673602,0.24364344369142785,0.12220291994100696,1.4309948720163161,-0.15480288253668428,0.7873045243142489,2.373439240777614,3.939918359568885,4.558591680597174,2.6516645100525023,3.526751235288352,0
1877,-0.47896433174871067,0.7286591596438681,-1.405303348245892,0.27778423218376863,0.1282602717029753,2.006547807371641,0.6154176989289177,0.33973163379140137,6.333482056898224,13.594846300160759,23.511493843001823,7.354251654748567,13.767371825493099,0
1878,1.262019637849197,0.4151163764442587,-0.737337136604465,0.37298952055589124,0.09910574968292393,0.4390137855915217,0.924234257095345,-0.05231071922434327,6.187844144877849,12.923412071006354,23.22587073388388,7.169358003487452,13.418073885279169,0
1879,-1.2880504879071748,-0.5708359251742368,1.0381696765778723,0.0069767633784896255,0.13036955429952504,-2.2220595719800764,-0.260019676585427,0.600352454891258,4.775889542736319,10.94320794081708,14.481363141938889,5.797760900340242,9.63991427768171,0
1880,-0.36953849271040395,0.6446963741081051,-1.1991034964226506,0.4092337811481492,0.08737110269985138,1.9543429861862052,-0.9753086247859359,-0.32279862943400484,2.4479596574575693,4.655765905956086,5.65699599936151,2.8230223761325592,4.110518706445805,0
1881,0.6373923795873542,0.9598601637201556,1.0448229718735704,0.6771960493567116,0.07757737941371821,0.3214956104324913,0.860592225793565,0.7392511725135191,7.932736082702466,16.487058309591635,31.606921716177716,9.18550386811997,17.726565219353542,0
1882,1.209098261888447,0.6371425503691512,1.1388895770026464,0.09102554487354385,0.043895906535745634,2.3805676697680376,0.10746278391358843,-0.647072279916616,3.5653772312941716,9.936279642444342,12.878742698189544,4.6000257515481255,8.37412244673323,0
1883,0.012222532798108698,0.29156835060718267,0.9846659518129721,0.6497413808187744,0.007386223999862501,-0.23237506513795836,-1.1506342651511805,0.7763122473325015,3.9226879279421483,7.865174767734134,14.997521530584317,4.54032014958598,8.489647282836778,0
1884,-1.3043756979255003,0.249749390335277,0.21185511384120082,0.5004235477142925,0.0845124934247112,1.077943386833038,0.3026639184555999,-0.8193995064583715,2.6038361969394828,4.956158687918028,9.536537538095173,2.901603196477984,5.419120046533603,0
1885,-0.5329281959702392,0.09318687186930363,-0.5244077223054686,0.6082647078455072,0.04768465725824878,1.6434208715151977,-0.847839069644439,0.5387851299717497,3.652754646703846,8.419008532595193,13.397924102449704,4.262999048045867,8.06720608932921,0
1886,-1.2661382368592444,0.05603056082432478,-0.538426881108232,0.5098675487816317,0.0319110614762396,1.4770486667594627,0.17660127927945646,0.9145463081853484,1.4805261163798042,2.6601927536946355,4.026700814050793,1.5985008196562942,2.6100759872031993,0
1887,0.8470813156631793,0.21479107900650196,0.9874760713390236,0.17574605420942133,0.09491136912966859,-0.5479807520257418,0.5850983499514519,-0.9510611810174683,3.7199704910185236,7.353910921984912,13.980958711583153,4.227958324696472,7.939247869845623,0
1888,-0.28915161389234356,0.3034038036658384,-0.11808199067351932,0.19037727657100076,0.06965238775191537,1.7487226274476306,-0.7035863584844828,-0.26565567274071356,2.020666592340071,4.991438290571289,7.035622632022269,2.463156811004534,4.460633935580542,0
1889,1.9613420860005104,0.8256343377808986,-1.398094973620033,0.42426557408161153,0.009811954027182528,2.119524618288554,-0.14029220955592603,-0.1631259921439967,5.162043992718959,9.70850782545681,11.974935488567914,6.033992925090574,8.657045484532162,0
1890,-0.9082158726427574,0.13763796078430768,-1.0650038310198218,0.6391640004284378,0.07368155172698755,0.3323144565708027,0.8179313943708493,-0.629702452230102,4.2004463382032835,8.309369413283473,16.609410894684167,4.848364613154608,9.220604455166736,0
1891,-1.2992677066315372,-0.1583966542603077,0.8583847235838018,0.0468364428161169,0.11927553058481183,0.0037829679590490883,0.14823227987573895,0.12877187655834632,1.822897235999681,2.3000705706463234,0.019164111643290793,1.8432384934593924,1.4269634248327274,0
1892,-1.7753304441691191,-0.5004584045637104,0.7658923545440932,0.32981449559142695,0.08407754733777813,2.224343110132735,-1.088947756038333,-0.1006392686523605,6.9888640305039385,14.646739453130776,27.72943154498513,8.066800588926693,15.61619056747862,0
1893,-0.5549034686084076,-0.7871011476105176,1.3523830462793938,0.7691676717988347,0.04672322312841103,2.2335830534453933,-1.1155833438617144,0.961791980672404,8.339170898128996,18.085875725899268,33.21764402474985,9.648205740281162,18.85762776866155,0
1894,1.3437280656346577,-0.5713395583775722,0.2986414618037654,0.6386394898954424,0.04789484460116685,-0.7312410395358522,0.3095346614230239,-0.7058118981331243,1.1557991044370823,2.513610467616516,4.672987620208322,1.4125211126228339,2.6439712689408594,0
1895,-1.5271575611103656,-0.5003894437611514,0.7237792360410937,0.2932793811292453,0.07610373324776915,-1.5227472159623368,-0.7341463983610275,0.3009025184696199,6.00388016908458,13.569513088534162,21.452868245040897,7.122846825344093,13.0201631333323,0
1896,-1.566498992526185,0.3356814544328124,-0.2978944429532815,0.5370167308941005,0.057259421552323296,1.7302609182474917,-1.0666651938824299,0.7865946236243537,3.3784720922707936,6.73148823005472,12.839471640583227,3.799479486582273,7.264777537530849,0
1897,-0.925355291047619,-0.9149155800690367,0.18721326564654772,0.1794833843048771,0.06888046847761796,1.5115710303105176,0.6997122257955641,0.20077123256682938,1.0508861019020839,2.6076047994430036,3.543776556538405,1.269507768244527,2.2876310141895004,0
1898,1.9114876346305891,-0.07249780950800644,-1.38183482893556,0.655540119848379,0.03319408050852911,-1.6188059550148775,-1.03197618728042,-0.34420011272272233,4.980190921911949,9.889132353733519,19.23797220426821,5.690627433802477,10.80125138735435,0
1899,-0.6953641317832484,-0.3944569360670953,0.27957881930603246,0.6012337354624847,0.14066500779710087,-2.029749606599262,-0.8390836020284473,0.17968502104913453,5.783113177886934,13.783916989976383,21.436641845226177,6.969832442195289,12.998084848146377,0
1900,-1.6074576244909586,-0.25847143076147416,0.37365669163811077,0.6244360256310894,0.03263989311870474,0.8399278204850589,0.3500871980333118,0.7192322525166288,0.7779288389020671,1.9958691834940505,1.643022670956665,0.9491460995082868,1.4199608179566634,0
1901,-0.7450100169440383,0.5001837297763532,0.7559995933244839,0.19135563359300597,0.09317367566376414,0.8758104383423211,-0.5413718097065429,-0.09640000927072157,0.47645444510938456,1.1100673152805782,0.6390531161191921,0.5404594875879933,0.7217184117115458,0
1902,-0.256889090974028,0.5470191367420723,-1.4979262322587692,0.40082128916535464,0.027651122034571724,0.7342098402771695,0.4328852711302793,0.002253017387166434,4.563072739401731,9.047536230946555,17.063015572488332,5.2912408303518,9.731211445886165,0
1903,0.16811816713764083,-0.3698836218896626,-0.5600319620988858,0.5960936478802884,0.01975970511394796,1.357516573466465,0.3720316358446212,0.7689493693109961,2.233889615349318,3.3645703007603505,0.06634352140995281,2.312364269519427,1.930677458207829,0
1904,-0.9594212312008099,0.01235810363240808,-1.3830314654123042,0.7300052600438283,0.10130871910187375,0.6143762453572084,0.5584540823678477,-0.43134228648127104,2.668591665127532,5.884171761992322,9.682792567854886,3.0555717185587024,5.776223970348292,0
1905,0.41544107500893723,0.6018438208104904,-1.2291166658878074,0.7670535114322394,0.13378302037519768,2.3150941695310703,0.7400364216758504,-0.4113778151213594,6.46566507026173,15.244420783210524,23.684611628707334,7.72339806518885,14.390749051172762,0
1906,0.3262218705386175,-0.7596751555232026,0.762500194998168,0.12291173279425101,0.1300235902386348,-1.2972152374359436,-0.8150114225209739,-0.858191272618055,7.193064192922598,14.672448523669894,27.343887495138645,8.26091584366557,15.5889116478859,0
1907,0.8454605122032461,-0.6275924461899534,-0.9069965638148403,0.13575728309022264,0.04586926837027414,2.2060571706419685,-0.03210797298162693,-0.4782441213884665,3.9852275137721516,8.727159782161449,11.62544487160274,4.81916583906799,7.783266234167701,0
1908,-1.3184369611821647,-0.962197160589124,-0.40502205879495756,0.08804917938086572,0.004051799350374385,-1.9851014703208354,-0.4355483606582248,0.501727402876577,6.407327225519548,15.406190702035794,24.39469876418679,7.652772655508898,14.62774227307353,0
1909,-1.7320549953258948,0.3573478475131644,0.36162758640373927,0.7055921643734303,0.02759805127080886,1.4713385283948703,0.8756765209153807,0.9529682633034737,5.586147887321015,10.890091653332108,21.456823528287202,6.4240814387477085,12.022327064556869,0
1910,1.2341974320766327,-0.7524635983616328,1.3413870304902922,0.6519936422430271,0.031848777668201544,-1.674012997268524,1.047393960960915,-0.688602747788243,2.2095041501460493,3.6892427336317772,5.201440036822928,2.4231321855461805,3.5723692947348447,0
1911,1.108413541636347,-0.18948149147368354,0.6714157964782759,0.07348110413331899,0.10875874316077039,0.05955688659540215,0.9609081248132345,-0.6232031655120871,3.3803672398366573,8.101971887277323,13.652830283350763,3.954545999592758,7.936005423098699,0
1912,-1.5625756880999941,-0.6075594030302685,-1.2642738982518602,0.7841204326893951,0.018428493886691866,-1.4957452720265307,0.7432457934633341,-0.5064912085964268,2.4534606372033263,4.880241519622375,2.3447318555170082,2.649998941195369,3.16853009782235,0
1913,-1.1108266392378487,0.3446195608153686,-0.30370430868051335,0.6683833230402499,0.09574040184938942,-1.0589264145776156,0.23501586148727127,0.732923243095785,2.6953816388368232,6.807963184738303,9.998451805797913,3.32652284830916,6.1831912736428265,0
1914,-0.5420681577901525,0.47294144304846686,-0.2525010588685386,0.4344587182227998,0.11005500416973553,-2.1973631434507808,-0.10812114637994119,-0.809572968014761,2.939025419837717,6.414396686399667,6.106268780326173,3.489745090301436,4.98688177499921,0
1915,0.9000221778883728,0.21561253037027805,-0.5192110188321648,0.06102521071426841,0.13887036930448765,-0.92498139726169,-0.5390957342478233,-0.7979900581648327,1.4542141662350068,2.9178896618074104,5.532984907725014,1.670410405921325,3.1385676613223614,0
1916,0.30941283638632155,-0.468693089220773,1.028559246635334,0.5462134269014524,0.0005872358714110015,0.3283730583301425,-0.64359677563265,-0.9692657599444001,4.9417261557184275,9.779910035964456,19.415509996595727,5.726250131286692,10.81376886961225,0
1917,0.4774686519497835,-0.5901712795891465,1.1989074298596876,0.4587045927626694,0.031377766458005434,2.3956371984362077,0.11145975986667733,-0.6690556557472496,2.2504439862327756,6.976584797227205,8.359735691088998,3.0232794290436837,5.578357285269062,0
1918,0.06896868067629613,0.9186981164461985,-0.2273693074733436,0.3402764095157904,0.06916900833371978,-1.099482244227556,-0.8117193286952363,0.15785540673685272,0.813416711034022,1.920874545625696,1.8455226893708971,0.9802442876967723,1.4719686125788618,0
1919,1.5768007868702059,0.471459483802839,-1.2114377770873457,0.32067918084434244,0.0007943819858253098,-0.960298070564618,0.4065038222738062,-0.41953143301797957,4.017407990161621,8.389953453670417,15.323264639295374,4.6964548102432335,8.788833305962548,0
1920,1.3622332763806657,-0.04523157291857682,0.5075044885198272,0.7070921786251868,0.1024215462974134,1.986631021427364,0.7393568542207294,0.13412849078878097,3.744287521257702,9.215499845313223,12.078814914390975,4.61611731905654,7.973192416194223,0
1921,-0.8110675999301025,-0.4037151906972878,1.1259932695750683,0.04310738379080146,0.14121552721452357,-0.8647009990391119,0.5732905435521729,-0.33994049472510346,2.561923195247112,3.616485299394555,3.267712016586403,2.73827926926925,3.1076640802953457,0
1922,1.8132055569326426,-0.9270519396865484,-0.4400433700790507,0.6939688376217954,0.041108480870546055,-1.121902617033621,0.957004358564679,0.6611645063451712,1.2858808443132483,2.336823291170891,0.6465646751890972,1.4172616077899378,1.4225068039809645,0
1923,-1.576915218814443,0.1603598197386933,-0.8298144349802233,0.1721106174118864,0.09231059803553436,-1.8806691791749368,-0.07253039759285773,-0.48835653147423996,3.118105177604722,4.362144086803738,1.55761335028583,3.156675893384087,3.0270263737466956,0
1924,1.4156898903094297,0.108988464736264,-0.8546735062151545,0.7411725221774443,0.12343447956101275,-1.1735388481704319,1.1065221787298685,-0.46452216571590776,5.516604839588131,11.064938883677309,21.405800533671005,6.3646472320299186,12.032668000283923,0
1925,-0.8294275118120944,-0.2280732913904444,-1.0055843386362975,0.5496129109702144,0.08360059887416905,1.972312407759616,-0.6218994584483203,-0.6595382268016012,3.850070484674979,8.898157962054702,14.751740593392373,4.534918920319468,8.703482604068563,0
1926,-0.5655064292818812,-0.7077826329838226,1.3384530844998306,0.5739573574955268,0.11942874819737449,1.240218116860441,-0.6172339805455515,-0.7186867239595269,6.02177645199703,12.569879199381447,23.23527921434245,6.887735194219334,13.236853979138212,0
1927,-0.2822656679622044,0.6580382435489627,-0.5084540141976945,0.007650353782651465,0.09900910531822057,-1.4996846457341795,0.102804389739936,-0.9702398999487623,3.696362442897948,8.490105729051871,13.26149472817373,4.309074245000649,8.065296294537129,0
1928,0.03539942248630901,-0.21278302846558073,1.1412359609481006,0.577451039555224,0.005404223235434336,1.4476119831941343,0.6989458905015855,0.32681909666622966,2.250244107271755,5.159753067112987,8.481164757545862,2.6514024084161685,5.032488820420798,0
1929,1.7171869436146476,0.6065070553322722,-0.8433040061941371,0.305236708019458,0.05248848336545598,0.024539082197017947,1.088912688474325,0.2311967368956236,7.703438004150423,16.585649943160032,29.56749406859334,8.91336405711029,17.048311010482166,0
1930,-0.7482437623194849,0.8830354767708772,0.6008144184890916,0.21286441878560272,0.1359769153203344,-0.7789355109861718,0.03890706140276201,-0.041554308620499025,4.328965302486824,9.80232636210794,16.06512305341116,5.0572288337480495,9.564647298776581,0
1931,1.694523493196748,-0.4686732811980312,-0.500079759401062,0.528128146669848,0.13299235543705307,-1.9255795466557324,-0.696279554626909,0.896068964968459,5.269543968175039,11.030138850213532,20.47020727775967,6.007530602818258,11.631720089126297,0
1932,1.1091884176177222,-0.30786046502423403,-0.42709557576111523,0.37562709653306836,0.10106992496290408,0.30520552325683026,0.6626878859962906,-0.891666416439717,1.7850664194604238,4.947371898394549,6.315093325636118,2.275741389682546,4.141833632015582,0
1933,1.2761629700606791,-0.8838972964950687,1.1429217750653087,0.03460354827799907,0.019174864706820394,-1.5990781409147603,-0.6646781228648428,-0.19647585481949292,6.93109599209618,13.804604693389583,27.018574943994714,7.981559959209374,15.12443868476508,0
1934,0.6219280275091128,0.785206763815556,0.07350843040942534,0.42599179267776655,0.04789576469245263,1.503402121529244,-0.9348330525163262,-0.3977936386836258,1.905977769100084,3.7533817907426017,2.706682974996461,2.1012318030419213,2.7199359407559363,0
1935,-1.6120743450434274,-0.5716383623475723,0.25979373466735156,0.1007683103847298,0.015092669289528248,1.6295540571979839,-0.9160820925740704,0.21610669982430641,6.539437427196381,13.036441602317852,25.979846158436196,7.557795726642091,14.422497129049336,0
1936,-0.5919552684233191,0.7927342435524924,0.6226501104246553,0.0475441852104483,0.13432021657639717,-0.43050552731982084,-0.4842541224381639,0.3455640431257314,1.7005747993086209,3.7147161374214375,5.007209250858013,2.0477166882994293,3.3315217251063642,0
1937,0.8718956849309123,-0.3934984462582787,-0.4450303620088638,0.1250644076053524,0.08901653472137613,2.2845452666581085,-0.200101290375856,0.992412363188869,4.219411061300922,8.565268000404794,10.37746964515564,4.9460011412510285,7.44324472618351,0
1938,-1.294341582016643,0.5921989180835696,1.2843247608427704,0.5504434821306007,0.01639894339662986,-0.8672932308077241,-0.9944020483745001,0.2034962418316013,3.1037056455393564,6.190916593355887,7.024198996351134,3.6203408440036573,5.257680454974279,0
1939,1.992595236635725,-0.2504907735294819,-1.011164872421216,0.21491215573362013,0.08562029538152834,0.34480893417134784,-0.6484300009528654,0.50140948107565,4.794898178918825,10.000469207859556,15.714707664231256,5.6248567447866975,9.71550818978156,0
1940,-1.6479508340265583,0.24608056552804447,-0.22290315314885456,0.10174001587459741,0.09515771281434812,0.8652470909746479,-0.14395129048514077,0.5959856389308298,0.4897471769600057,1.7341520672710684,1.7349141146965699,0.7088959485986187,1.2585336025381548,0
1941,0.037266337641942204,-0.42849109580291533,1.3608038338144715,0.7552352301998967,0.014343209207751744,2.2304064127419174,0.6611577137719598,-0.7867116748855307,1.3293408427004578,4.429980846606938,4.063073603332254,1.8711028967810939,3.1338288774700045,0
1942,0.07730108740885822,-0.930097379844802,0.2665712116826304,0.7465501134945496,0.0552314606228187,0.043125870255789955,-0.6538552178335775,0.08189247985778514,6.969803506907453,14.66190385897441,27.612452763453305,8.051279783487802,15.578376017149331,0
1943,1.2102986749734561,-0.5694834521255403,0.16046028589355155,0.2837146216943315,0.11218081171106369,1.0101933097860147,0.47709517467380413,-0.24439373255121022,2.0023290531692752,3.219156924899815,1.598681909549055,2.082275780492702,2.254277944334713,0
1944,0.3971172118819122,0.3021703673729448,0.5424419171091874,0.46020508323005793,0.13002071202348373,-1.2560071036499871,-1.0660637055326962,0.9250069077475997,3.400551670466784,7.083528648812438,13.400407467597873,3.964042083993684,7.561750544462496,0
1945,-1.7570650935045258,0.8059113115839094,0.33685481086267055,0.7349923082516796,0.08474308958439584,1.6050436274640356,0.5310966317628807,0.05022426732134133,5.782075375245448,12.26385851563834,23.246971812705556,6.736670378634086,13.06153874894021,0
1946,-0.546705640185523,-0.9942819586233154,-0.7472841762918692,0.7614134467791547,0.04131927717974869,1.2592622133110014,0.020394274875206175,-0.3829712306904014,4.499672767626296,8.751602383558307,16.927193682412454,5.199575270463695,9.573498177125487,0
1947,1.964373795849522,-0.9060512449504117,0.24623131942207133,0.3692145728077691,0.01147896145530924,-1.4295189709232248,0.46618073682693906,-0.783342740413133,1.9289299890338267,4.382652176707422,7.697489722228983,2.2137826085546144,4.424099827246531,0
1948,1.2041004421988495,0.2501219879042269,-1.1974272153491792,0.22945170301059792,0.02057667935202967,1.488006477788835,0.07910310030160073,-0.994340126566827,3.0434395407258252,5.571355044337943,5.711012275262267,3.4562381767416452,4.643365875771975,0
1949,0.17161458891261017,-0.03439263147009797,0.4292292089775154,0.027875244389596876,0.005313868789957093,-0.7531594745232162,0.45249143078756937,0.3331161851773914,1.9034459545729232,4.241771436315011,7.286272946808142,2.245833594346631,4.254030460743486,0
1950,-0.8869456831589813,-0.5678649108742082,0.549376792143188,0.021690188907042086,0.08351749975416821,-0.3795067897793647,-0.6261916369554956,0.040596178664929594,5.406585028767197,11.64018879913339,20.673552876002,6.281978908045886,11.944295901975366,0
1951,-1.131329373508788,0.12864321109848453,-1.0530784913209699,0.32455432967308506,0.07656395029572079,-2.3414948597808625,0.26572137712707433,0.5006305869950067,2.5755979129320683,6.739717190728342,6.905661056925887,3.3180929181945205,5.198102139995341,0
1952,1.8242942512441571,-0.5937472950711806,-0.8739138982512639,0.2438646593830699,0.1336146056185358,-0.4657141815356387,-0.4756948486177083,0.48236156375875194,5.1127877751046285,10.50788733041404,18.729076148192505,5.9084769387865,10.895773069992002,0
1953,-1.8480392896894302,0.09762902261661277,-0.14943002677121786,0.49988656859412467,0.10966495102356187,-0.8750580722736427,0.32740124645578206,0.048657405921989305,2.7439080466052026,5.876331927197313,7.383457014610259,3.375013081737656,5.138610404697597,0
1954,-1.4641287584388936,0.7634524160193212,0.763770503492565,0.737323307383223,0.10806068871959992,-1.275967197644618,-0.1667370596736255,-0.22626314911026202,3.7537652919119444,8.176342565056235,10.196669204342765,4.484382561164166,7.086471374509699,0
1955,-1.8567122694713754,-0.1789036940422266,-0.46329163800665096,0.0031390289607038826,0.1270684888636938,-1.780627874960734,0.0022852017246337564,0.5693556462680904,3.0616129261881144,5.282076517216429,3.223601005768749,3.214028378381081,3.7915899725900957,0
1956,0.4179254763992364,-0.6612975492346982,0.3546333769953347,0.6060775155589889,0.12821467742162695,-0.9067312013123441,-1.1185886387135535,0.21589641288581407,7.951762279183035,15.724083734873483,31.16424058315205,9.149484011462619,17.366974380308832,0
1957,-1.0969259594243734,0.5617901478891829,0.539645128098373,0.6185494837407423,0.14512968004821022,0.4227369757427062,0.9703525209842636,0.28378676494808874,6.7008435535831135,14.386098749858094,26.587925758126723,7.818624632947932,15.084322881765171,0
1958,-1.2730226152052637,0.5986163590179177,0.5810958726411455,0.7823518221399328,0.036514798341111605,-0.8343724185803376,0.7715784638456926,-0.8742208039328392,6.544687344036564,13.654163391914691,23.883008704479963,7.459481138278962,13.97050594595726,0
1959,0.532799058459763,0.07095210546575026,-0.9935343831973295,0.13209736740819453,0.1215296431880969,-2.422774222811626,0.592419456743861,0.4653344540089739,2.9632158308107805,7.559337619626959,11.52822188590331,3.575468723342039,6.9727794732365185,0
1960,0.598719905474618,-0.18096467383746773,-1.4150379494273788,0.6414213346344138,0.018856080570966192,-1.0960625792014715,1.0722790242988876,-0.3962779469676576,3.892508635680976,8.639552193938652,15.541243751802337,4.484043895035647,8.870395763930155,0
1961,-0.9794433984203135,0.9467411107568087,-1.2422033937129933,0.12855231033387798,0.06574762723226778,1.4383656392077535,0.9224614534638633,0.5112714453655318,8.399276332182637,16.735483436583,32.65533716561919,9.664751589128985,18.303504239228346,0
1962,1.9047001264114152,-0.9663077147860828,0.35851966497431875,0.09307696150794707,0.13655441109073052,2.1765360367969615,-0.47273227751088565,0.6554170703659967,7.089852366979709,16.73465456436737,25.102852430744537,8.438627332034878,15.52207054183097,0
1963,0.5211023015491927,-0.7990224310298837,0.30830447798533256,0.7808456314861348,0.046214107350858465,-2.494296119269988,1.1443000252876299,-0.1720331650989937,2.3350153673531113,5.406017481164143,5.942701119417976,2.8416647708017124,4.38928666746074,0
1964,-0.27626892862646857,0.425224234187477,0.31315616143327274,0.2415892898495912,0.014996681798395094,1.636812599735979,-0.039894776768633955,0.34494858729344235,1.9623760514693802,4.558666406111892,6.712464863419052,2.3877699460227824,4.208829190902375,0
1965,1.442018800476582,-0.9645552414295553,1.078155830828074,0.6014362078054144,0.14202326249796957,-1.3320459736560815,-0.4261863907249981,0.3229574852250392,6.255760400573547,12.651185932598784,24.308639219608526,7.1878034203451975,13.683456007868777,0
1966,1.703171954644933,0.9853387228987813,-0.24978704824295694,0.4313837405765951,0.02558265114205973,0.9698768361929915,0.8096890149429947,0.5972986248888401,8.341090016418928,18.102926138878235,31.29688162131056,9.721678676921972,18.294437200674512,0
1967,-0.6166278209755869,0.9265280314278792,-1.138960238885906,0.3951760120769279,0.08318956952896579,0.18256928526827298,0.6189378712294655,0.21921446495450336,6.767129006315641,13.83131335170458,27.01591607696647,7.815045967942906,15.065812127290297,0
1968,-1.6914822668233014,-0.6402966931265075,0.09671706196531105,0.5556380808507351,0.07712617983158672,-0.7224610827976763,-1.077277051809925,0.5717617986702224,7.731793264032233,17.76205277320903,29.892834678165336,9.109932165200215,17.526997431142004,0
1969,-0.011223040407645435,0.07757826109418531,-0.09312557919625153,0.21227633259659734,0.041456019711607214,-2.1824960637500466,0.49823763888463857,-0.45625425373295614,3.149647625998473,7.163685958603359,9.999281958183474,3.7840463460031573,6.472189297435907,0
1970,-0.8057546073028892,0.9870002420056803,-0.3425623325274034,0.4085577662032071,0.057970965114177236,-1.049044433778123,-1.185958228207763,0.7097726955505099,1.3182319383932761,3.7466820452270357,3.4936517369257825,1.6905495075233055,2.736624666916159,0
1971,-0.10738529823975362,0.43978060741883396,1.3759700748887114,0.00226507196298984,0.10125594102663857,-1.9067964798303065,-0.10088386156194806,0.693564161782898,2.708442518282211,5.062171409872133,6.181150356917351,3.1422973132304217,4.499759016844551,0
1972,-1.714016604062127,0.9792269697572686,0.24250748435508918,0.3159947671337242,0.0029265398003106512,0.43411539080692574,-0.012262886381987137,-0.5693659956550223,4.483421601001237,10.049352488963411,16.8776489791705,5.2132418385606645,9.944451104596611,0
1973,-0.03820986564999718,-0.9744214719540272,1.4984328420863817,0.2656915529325028,0.07203332220917846,1.4238908402520334,0.5106680246242017,0.777118081404202,2.066746306632755,5.582765927646135,8.008753286484176,2.4568085539262694,4.943160511621547,0
1974,1.7653029474662043,-0.6216443380672672,-0.32880046132267626,0.5494535935699131,0.006753641314562198,1.084724530896489,-1.1882797439970054,0.8281769525350675,8.50427051405242,18.12802428346555,31.590213576974385,9.825865964169145,18.44933910876462,0
1975,0.8726777989664116,0.13099834492996543,-0.21329708309632456,0.7904198148371292,0.11047676000392083,1.5364647875694608,0.7809239765635139,-0.9562501334243967,4.306097978036895,9.771138159329665,16.22166574880027,5.19370321737895,9.609040887587945,0
1976,-1.7812624597509608,-0.6032700285597667,0.4656527882611954,0.49915935695953106,0.04877453322053652,2.3649938158722996,-0.9765440588925004,0.5534402455431526,7.037476093924513,13.830826351586031,27.47992330381024,8.094116053413599,15.313879330137596,0
1977,-0.07649152125902603,-0.16233160005494374,-1.4233050204153046,0.5822397132961767,0.11573632661504615,-0.9052125160566049,0.04071088943002965,0.2128842464697247,0.732312224027314,2.1905707630828255,2.2318352873817098,0.9459691743660167,1.6410123997841564,0
1978,-0.5294190285455205,0.2311640123187233,-0.19761882174975698,0.7024558843963215,0.10777698400359215,-1.9475000842821593,0.7190476407809905,-0.3249887372099822,4.598883725883719,10.837096444488886,16.50991607190688,5.379585317633843,10.12172740444723,0
1979,1.742273688128034,0.20674255955610676,-1.4172661180776107,0.5874901640808478,0.01961015534565696,1.886337414786393,1.0759927381377652,0.3905117060586838,6.853036453498306,14.861999429927792,22.384039021867316,8.007275520185324,14.030450023606555,0
1980,0.13149110686377563,0.20412601566596011,-0.21343448641220308,0.0668662256116721,0.13932652482514746,-0.8540673262277887,-0.4491653431190329,-0.6173504483343528,1.3257996385564166,3.0316607685450707,4.723021712902603,1.5463927003686735,2.878783906038094,0
1981,1.9696329953378489,0.885128874560583,-0.45170289043872636,0.20800430475592746,0.12080542945235401,-0.38694974901930257,1.1226913202115425,0.8024334592186704,9.099021474402534,19.300425968071956,35.04366515935969,10.509026362538318,20.083836416804083,0
1982,1.03780536904077,-0.8201514197712663,0.6063832096665012,0.7898035094887006,0.05599387994756501,1.9078450152465711,-0.22045958556913603,0.9426480014187635,5.164202214805822,11.237909693602422,18.003436132434842,6.140156611135676,10.935680073366493,0
1983,0.614365486350227,-0.8069990341724145,-0.0628627836161304,0.03978300271817421,0.05926135855291621,2.076906070705406,-0.64271473324473,0.9011355561634473,6.894316589307101,15.4531626990379,25.339166812649935,8.03363081126446,15.109356911424925,0
1984,-1.6003078214594382,0.3296230941483427,1.3970566684515036,0.5233228589866007,0.13485059306329245,2.455152373228989,0.34042424650191383,0.5645276945812141,2.9247279153461956,7.028370876120878,11.462044482724057,3.4106552282692344,6.765608505084263,0
1985,-1.8720592248810517,-0.14537924296191185,-0.6352039394852637,0.6593482671977253,0.10163670188719587,0.5720711119009452,1.035740850765402,-0.8222643898371154,4.122067589434209,8.681218875316043,15.718687591120563,4.700181833561341,9.026610400117377,0
1986,1.8153650888582904,-0.7984705856615579,-0.45894735935244757,0.5042189318377459,0.051221430580121415,0.9126813914718279,0.6610046860693595,0.6570116598826785,3.3202461127927485,4.558190292526523,2.3364853472076397,3.437419213028062,3.4082184470608796,0
1987,-1.2826251963840005,-0.6358466076223068,-1.3430579162132712,0.39268147112546103,0.020630042826897604,-0.9070150430644435,0.8170423662799131,0.8973178854353672,1.0199297118443074,3.3590175394546136,3.1748116381172093,1.483724640539059,2.4145001308787446,0
1988,1.288303789388046,-0.998703233675089,0.20407272401631626,0.1333281036535503,0.05636203668101366,-0.360405279274123,1.0630578187488904,0.26747746378124826,0.9175536469483283,1.4684227066564157,1.0006253892326518,0.9787060291757619,1.1138511257687949,0
1989,-0.9293797920792968,0.285589681266879,1.355596432661768,0.04732729927366935,0.12239815017639363,-1.4155122214293043,-0.8325409150465032,0.7977338373469003,3.3592538851977465,7.2587124210568525,9.704482506691427,4.025644808356199,6.499299124719428,0
1990,-1.9926021720084108,0.48217148074578464,-1.2383147703318358,0.4943962360324931,0.09313453520858524,1.8138802474573081,0.7742555933509165,0.3703286861720758,5.712806840966952,11.411654682568237,21.996385671451996,6.530225211623361,12.389276679658492,0
1991,-0.477809638316272,-0.6671885059048597,0.407048778297854,0.3975758389663301,0.011691339342208118,2.277809452344263,-0.44539315221165054,-0.9957184700153894,4.958124938873319,11.113906609205603,19.41467661098681,5.81315683351358,11.227328131071078,0
1992,1.6067612153497666,0.15410175974133278,0.6991820206509525,0.12213299223630783,0.060690851103906276,0.7253061490687323,-0.5976847004083753,0.40299789036831557,2.4853329137111393,6.295321014056584,7.776138514878642,3.063935672428101,5.2734313000367194,0
1993,-1.065540309304497,-0.5817443457202545,-1.4651260492188514,0.2255253962826454,0.03701051880447275,1.321782783401741,0.16730377480300973,-0.644351032535887,1.9975841121066245,3.657165611226626,7.179656841863466,2.306580942316984,4.0809800637907125,0
1994,0.2725098837953488,-0.5491128188504582,-0.2234931598374139,0.7105664493756372,0.10788843292747405,0.755500083506115,-0.5244397216268667,-0.7508366702068432,4.74810389647896,9.779392906165576,18.697650368284094,5.508221139559205,10.518366265234508,0
1995,1.0117959371997376,0.13578076909557968,0.3682805094727115,0.7800906555033208,0.05224813802508067,1.5037376460207694,0.14149641809335156,-0.5294801081461151,2.121145978771726,5.169311984925268,4.930131826612656,2.6224239902296045,3.9284193361158555,0
1996,-1.7884466720536332,0.23202178397792128,-0.60715159086728,0.5563826771846997,0.1051090742607603,-0.22269766090336196,0.08735308041503487,0.25309371533581526,1.7417580265751191,5.264502055737557,5.687306836981947,2.2754352451818702,4.035613600306574,0
1997,-0.12558022479970177,0.754741211898144,-1.2721962742507156,0.7838545275446124,0.00501763671124219,-1.459518220518079,0.49993885117046544,-0.8300794813167782,5.597973603856826,13.277583643868082,21.90378108640432,6.5640211959425,12.890203619833017,0
1998,-0.9513089873989036,-0.6920466419022453,0.6707146914486382,0.463146713048116,0.009671791768809406,-0.19932882299196475,-0.6995929727614907,0.9353971959648035,6.077914744630066,13.398597748347713,24.288201854760153,7.109482690113705,13.840362573332749,0
1999,-1.5683282107637924,0.19611035072807037,-0.05445829245954581,0.4624675975987047,0.14347392760592204,-0.7935906109175694,0.5970392957065886,-0.10506704564897285,3.896907141330419,9.389671055080946,13.621140279522864,4.726692190564403,8.544984761836709,0
2000,0.6430464589021421,-0.26868490739084483,-0.8186333842430531,0.06689308750201395,0.015262687698131671,2.297151593817583,0.6922958872195075,-0.5100815000579855,3.328887564236473,6.618508795056959,7.403243408075225,3.9113070379100483,5.596322634001601,0
2001,0.11658894734985159,0.4284654487001345,-0.44238629399252183,0.3519904465278276,0.10775728793590596,-1.3627284262343315,0.06322646031997903,-0.5798236566275354,2.407537696810503,5.518860259181566,8.807701209504135,2.8595650755558193,5.306186257204443,0
2002,-1.987689595937896,0.38052747113000795,0.6217945788637271,0.7965781588775362,0.02715231665921993,1.1979016253286998,1.0751218184703306,0.28916067362221165,6.315929622729293,14.034815642523805,25.395221059729103,7.394943365659409,14.463284234060602,0
2003,1.852562241880341,0.9888819705555685,0.9048732053146176,0.7994287269647012,0.0938736688961642,-0.014721536931613599,1.0023270104885256,0.6619116828679701,8.843116494151642,19.958334431181147,34.726372813105584,10.31110937565053,20.089458059096565,0
2004,-1.5595517066250575,-0.39455470640247015,-0.7180646387100433,0.684209327502167,0.034986803146020554,-0.9797761376295249,0.0450927703097721,-0.8477610265724791,2.4892300198498334,6.114939623750861,6.104714344441743,3.0250232811411455,4.715167524526846,0
2005,1.8449185705516706,-0.017874446928188403,-0.9286988279122761,0.2166565902589932,0.11971256206307425,0.6700324008921115,-0.08489754186385112,-0.3367972652239699,2.9750002356015375,4.112130739219452,1.9645975583219821,3.0349692567390836,3.0190154856167997,0
2006,1.6027374520354432,0.5451290805843592,0.6543361120495854,0.35680040369378646,0.14717402261397183,1.0503514839315304,-0.18330066003201861,0.9211040874629133,2.7338576545277125,5.808443057220862,6.682982818375658,3.2445990706073013,4.892044966098,0
2007,1.5828999861240671,0.47993038708866687,0.8009883648602449,0.33890199975512403,0.07610257554452589,-1.5422633048157852,0.22895098928123625,-0.2601669032818559,3.159209480974273,6.4674051595720465,12.220368668716903,3.6672409456438984,6.9208190873433555,0
2008,-0.6102466977185874,0.8964564022761319,-1.005649700448008,0.6639788672748375,0.042220285651214114,-2.3567218548998725,-1.102888608410814,-0.14164501482825687,2.374514825337651,5.25655602211785,3.57358984281165,2.694343379802291,3.6308325450603744,0
2009,-0.1821563754061053,-0.3594977431113029,0.506338816693098,0.3882742227941998,0.011116959949673532,-0.7596440254336223,-0.9552894387602304,-0.874168612219516,6.0658823244413815,12.055487246909989,22.927008126169415,6.931866850005315,13.007699994256766,0
2010,-1.1667735000102315,0.401150922323134,0.5880049371771827,0.689111301682849,0.11346289387356094,0.17747843630573001,-0.44973098877777384,-0.9883770096644986,1.8049148654660143,3.485800342746842,0.7036332778450092,1.9685043136349927,1.9951549771808588,0
2011,0.5885499251511779,-0.42057362477030624,-0.7496996948162461,0.7798604326193652,0.026136028860937664,-2.337826300753015,1.0785369484610794,-0.38798655588713116,3.0361847315157173,8.281238492435794,11.480469183447108,3.691684422601901,7.208536164479775,0
2012,-0.42631979751739824,-0.8381301921131565,-0.287804356640037,0.7777770326148402,0.10410295767571145,-0.130875775834002,-0.46206804957035275,-0.2679120814379161,5.805480295697732,11.589353704471614,22.749561111849207,6.671071375209137,12.71042567112648,0
2013,0.4449125998407939,-0.49109987478938066,-1.0441574235143998,0.5569829391549186,0.13042046656782738,2.0076945421040673,0.8194044765072246,0.06119936339983845,3.1726079707704593,5.958570460154627,5.5028890923468,3.625240295878101,4.752744286569376,0
2014,1.155323876016336,0.852711463534773,-1.4299122311785974,0.3296785741665536,0.03061882193552923,2.4838439271226154,1.0309584231196183,0.6043719021519733,9.233210306806145,19.91066544126709,32.81975486608691,10.720346146497574,19.6611237988978,0
2015,-0.8164807794953375,0.9042045290902612,-1.4122486798135672,0.15043176521406051,0.09253106313463895,1.4650335602915416,0.9207140474773687,-0.39898277859748243,8.170186687358612,16.55402228549243,31.802357273880368,9.439879440842699,17.901957818103693,0
2016,-0.4367815957217229,-0.09034519609250724,-1.4190785443982552,0.6911754024416817,0.050692262307927234,-1.5036077312231737,-0.2179270485601129,0.4211267497980493,1.5084294204565234,4.864107361752046,5.513414338356914,2.0218751915992583,3.767972855329571,0
2017,1.4836623175752433,-0.5692470675687549,-0.9821610988938128,0.7550263742562746,0.08263395287453515,-0.6711399050403828,-0.7216333078461051,0.9904956443968775,6.084533196662206,11.878983407032297,22.47497144828882,7.006920460502484,12.832238461645245,0
2018,0.8767371483662059,-0.5642293836456695,-1.2262216655185414,0.1594258751745967,0.03716139058613671,-1.9445717536919855,-0.648836710287032,-0.7664405901341382,5.331402642823511,11.64520809149442,21.171700376439297,6.177203280233562,12.062213661250524,0
2019,-0.4890731964537496,-0.02760948166031607,-0.13414508225724586,0.6633680546792518,0.03809930795020671,1.9354691194417315,0.979494764469125,0.9195994240072882,4.5225109949492035,10.36039224727527,16.629394542880263,5.1841171285289,9.97210104838431,0
2020,-1.2760670644604608,-0.5084977075292574,0.3714968320722214,0.11271330656407114,0.012843199550463674,-2.1315139398427614,0.2547591231989972,0.6093562840199731,3.381648874601241,5.588930248635038,4.433764114552841,3.6150486723611293,4.382807838572849,0
2021,-0.9644573493632453,0.8670677742515769,0.8758065236971526,0.06196832429205701,0.06109546927872221,-2.159925669828706,0.9964659787043877,0.48560428894529073,8.592552342325455,19.481866217946568,32.68050455237565,10.116006368608328,19.238077570655136,0
2022,0.7461805214188684,0.36540369322839683,-0.6444524943127693,0.746831324160567,0.13841649873305922,1.197444046871154,-0.07456750302769688,-0.9057685384185696,2.0117391211158333,5.053258964646117,5.036745266987121,2.5006579068590726,3.8805887965106285,0
2023,-1.8867545994518573,-0.7237313341522644,0.28729408107917287,0.6384795033637551,0.14226986404104286,-1.6231896036192661,-0.53873308608922,-0.8917994258911699,6.474157215124961,14.374334887186013,22.362459788835686,7.718912595575149,13.735176826901514,0
2024,1.9561886675235178,0.5618301584221461,-0.057857612429917715,0.4604522842419564,0.08432616169996378,-1.2281962342842485,-0.7550623336957929,-0.4060485667557361,0.924854982629822,2.2490278368367016,3.582716552056552,1.165251377857067,2.1435049492426295,0
2025,-1.0113858008154004,0.11505617972872195,-0.5753915824804292,0.583155833292541,0.08519095992855534,0.16131882707023637,1.0831050410141916,-0.3551809292393575,5.190835030951141,11.33270923355587,20.820119073969096,6.039966149984455,11.807095616541277,0
2026,0.5410794529597114,-0.9998987459451427,0.7107709418318078,0.40203514321340894,0.03125774359266895,-2.492447217856914,0.4966655136090088,0.32540140710114773,2.8442924510193883,6.040076400678844,8.853329792251223,3.4654914317300873,5.667858736357846,0
2027,0.6616284659182678,-0.12509035375907773,0.41789197730984595,0.45706783208484825,0.0358342566916903,0.09384020734214271,0.03502270708534838,0.6472457764667474,0.852874067604208,1.7887418657530367,1.5942873146580674,0.9923897542588375,1.3700099498304774,0
2028,-0.2660439093170561,-0.12782912846744598,1.4532134138244492,0.7155710982871466,0.03634289850656126,2.0514654733433355,-0.8688800247695213,0.7067821174800009,4.340410112425631,11.008731816095999,17.48473332726708,5.138022538270991,10.363964830563711,0
2029,-1.2667064930799308,-0.14879330220327192,1.4517648938050187,0.07763914924178428,0.1259681729952008,-0.026330252361701945,-0.933620722139735,0.9049827582100056,4.97891801750197,10.862804698079476,19.041734310154727,5.852190386496628,11.050256146370515,0
2030,0.19692547255690362,0.7612820438486709,1.1073208259602523,0.011707666352558288,0.039726105534875385,-0.8153921019342376,0.08367370929961226,-0.8562679803178386,4.124227681273754,7.978016646373449,14.700540592234985,4.674743015220863,8.508309777486742,0
2031,-0.44413240668124043,0.6292762472461935,-0.9804266549782003,0.5610211796611062,0.06904941140809105,-2.146474405517576,-0.7743022424905086,-0.7179385365322908,2.2561931134503865,3.5736996046630325,2.5255596263803386,2.381260101249661,2.744761713473093,0
2032,0.4788713852750126,-0.8253512022343565,0.9691403423324787,0.6453273047495176,0.012009299568117365,1.940985988650917,1.101985981622877,-0.9130638036375098,1.5588838383774644,4.836444792122269,4.869896952666272,2.179753134081523,3.597542988357954,0
2033,1.8013182725473267,-0.44107566122062836,0.49428582240957164,0.1398525969895734,0.12261837744069047,1.7095667078021197,1.1480193724715886,0.9850669243416654,4.224147686578968,9.687063279274309,12.149966229355114,5.0840823455773,8.326761393120247,0
2034,-1.6965691688958877,0.31592720255614903,-0.6808614685431228,0.10046222850491615,0.022319312807264707,2.1821861946420267,0.4407581720288283,-0.8990780980619177,3.3187657852572876,7.115280444553159,13.211964123939062,3.8737965893508624,7.4811827650599385,0
2035,1.9369203125843706,0.6156244727214295,-0.5724620830478249,0.37669335488456046,0.10898639688030633,0.880160429197232,-0.08860584284583428,0.02477980139813374,3.47409527684944,7.665020532342556,9.060372861516441,4.173426971918173,6.4771892984043475,0
2036,-1.82716927833427,0.0012664889738971397,-0.4792593248278907,0.2280409603799651,0.040443363715227894,0.7447344867822419,-0.16978171026883548,-0.148395183144151,0.9761280858220283,2.6968571969127084,2.8992467690075476,1.236284785503692,2.0952980940730543,0
2037,-1.363252034594085,0.9237271364872339,-0.8282213926483458,0.3248873652806277,0.028530714626960843,1.0157142619457393,-0.1532910084939496,-0.17270012196379692,3.366569471392199,7.251892077685424,13.403783140398463,3.8880038166245634,7.595473788505282,0
2038,1.5003795415562684,0.5189596995869066,0.0596251586675427,0.37487232323290964,0.14398520966955836,2.282310823456185,0.4914500829837303,0.5202958529728658,5.402613502271262,12.472248095644145,18.086957935161067,6.542486940540024,11.442794553976944,0
2039,1.5963716326152633,0.9286175117414752,-1.25317570118753,0.7978710659764654,0.1054533322454098,0.46372427095813773,-0.20839889921544552,-0.3272202126279251,3.894555690499631,8.323501603451227,12.508575696245243,4.718483978143181,7.889838294873148,0
2040,1.2168408340959092,0.308870113093225,-0.8978844935355179,0.4879288297072048,0.021174915258219806,-0.015625867469357235,0.2002983308031563,0.27136814148806465,2.7723612132397517,5.4438687676164115,8.871687158739867,3.28994913738772,5.45537005561758,0
2041,-1.4189512411062593,-0.8088029426984593,-0.7238755020739265,0.4856238657236908,0.1397524220956384,1.395617654501768,0.5897052604138258,-0.33953531088456823,1.0161929939585115,2.2805169181637344,4.2116550826357635,1.1729864874226927,2.369808147169672,0
2042,-1.5531704808993658,0.783878812240504,0.0025605150498861917,0.08040867696340159,0.08024530951757687,0.8770512133262813,-0.4322399289543878,-0.9815021366327283,1.912649118687165,3.8331387764237803,6.251427268983017,2.1546334729939716,3.8146278965275853,0
2043,0.4864278485910485,-0.91980896314103,-0.20162012738643842,0.6598201825014778,0.14982714485137202,-0.6484854300791625,-1.151695376399527,-0.01419379612245586,9.198677963849647,18.801337044069516,36.10680459368858,10.595775525594778,20.291623433041803,0
2044,-0.894898410272031,0.7855500271783848,0.634509450983082,0.32345861504476203,0.11430423463772542,-0.7939706553853376,0.05223260427309562,0.8455705595983407,3.885986644068423,8.886819846380279,14.570948803977519,4.668937797415689,8.670020368069434,0
2045,-1.1993709350518822,-0.37388399618658785,1.1567802375808784,0.36950268824832944,0.04768332430103682,-2.3135066490802974,-0.19451270979143742,0.0012022227376182748,4.475168309740192,8.74477148588447,9.83136911232014,5.213945877000477,7.436787260083488,0
2046,-0.37466853071565076,-0.4450815324588824,-0.3926094793384016,0.5139558388429758,0.13369195799445036,0.7483791128875095,0.3507898463370387,0.6337497239617556,0.9788883639553396,2.1154380471125998,1.7303467623616897,1.1475451484228172,1.5621564668711705,0
2047,-1.3394288890669346,-0.3978047410837231,-1.348227051075387,0.2797102374985925,0.14982356733997584,-0.8534380231721206,0.863455190462177,-0.8284445721391351,2.36306314733485,6.2895335182893515,8.180640418784634,2.9459325964280536,5.344564384965455,0
2048,-0.16115054665600237,-0.29707426923672675,-0.8952514103057532,0.2980050056454912,0.09769171671209206,-0.048459625554535535,0.826401674900308,0.8098932136966748,2.564149933943457,5.090317126943727,9.140419638102445,2.8451271638477063,5.322978726081659,0
2049,-0.07242867532222075,0.9634526283022393,-1.2839377093902482,0.2210713770689985,0.06250669056128638,0.41350755179163645,0.11023137915170533,0.13595352756414747,4.885257219624073,9.906175026550622,18.755000552258082,5.650240768707098,10.628953916400544,0
2050,1.5850028904345246,-0.44486961609338804,0.950561236765886,0.4464004433021274,0.07357357243840369,-1.0029328718726545,-0.47023487337599323,-0.2230402571102259,4.089716835845099,8.215383096844764,16.068845240710708,4.731891646573155,8.985372716677487,0
2051,1.0540419523987659,-0.04653422481545788,-1.0384989442312502,0.60789054187424,0.09950699818738025,2.2461938420058356,0.07059384388690382,0.30884428491560834,4.117965699411223,5.341533318526599,0.5218374648751238,4.169988515764519,3.4113997964203358,0
2052,-0.08267890895515428,0.36156041655592874,-0.1916488103994498,0.11028518298865952,0.14800248544486963,1.1018185139792767,0.2607019805516435,-0.03715849962896112,2.860700847980433,6.660683243376199,10.841100352183021,3.3758564550651724,6.446330978568413,0
2053,0.8457160087546609,-0.7464501557296381,-0.5216598055749175,0.09975948061030869,0.018903764414730618,-2.393262275613996,0.6141441963397212,-0.5453827507496416,1.4446402501730085,2.8302054357373123,2.350258961212253,1.598450537582563,2.1473764478950286,0
2054,1.3280308762787483,0.8088690283274644,-0.9943018210443221,0.5670912338687528,0.06904585927350913,2.0948057870302543,-0.03739873487603407,-0.24225222711444605,4.765960013525984,10.25732104396459,13.529647591582927,5.6797860220731655,9.133857196929368,0
2055,-0.8217395238793599,0.8072428804563148,-0.8214620897744154,0.6621718332875893,0.02912811713669064,0.7169842712674566,-0.11744246466192898,-0.7907826499666413,3.056491610771875,6.77305722976835,11.992666897737312,3.5406301149115227,6.9007277329744126,0
2056,-1.4962679827317906,-0.43698170016866067,0.7999550548622105,0.5831520018125215,0.0307680377111051,-0.11898902716550097,-0.9672312895752113,0.43189257236640555,6.342774934544304,14.293516338333232,24.42103598113951,7.473988477953392,14.264597024000452,0
2057,1.1732081400696033,0.787024000074054,1.1572378991705214,0.2703138457168048,0.038180075016003415,1.9829468737318443,-0.8495832604331763,-0.8813118566147466,1.9989941344696698,3.5924959693527456,1.0670847174255522,2.1355002197262305,2.211122468347013,0
2058,-0.7430280879009019,0.5206000878293255,0.5825993764663906,0.7896442232214852,0.05393003566619034,-1.120763425715603,-0.29230173781217617,0.5645125228609083,2.0563523704324047,4.695941103743038,4.004887086415016,2.4443179760868796,3.4715859657858257,0
2059,-1.1428001955154476,0.8954959684929056,0.0376479975890851,0.6265159966195758,0.12408927367258749,-0.10592441331124958,0.5792913129662085,-0.2706113521290783,6.657605273893812,13.498136865473471,25.474505101179375,7.6578221639143464,14.45485638855543,0
2060,1.243712057092817,0.647806017234861,0.19861745831525646,0.17451825269842988,0.1455334762770547,2.2348993508762387,0.28756930699040817,0.9677620015620423,5.0993565538611305,11.456802584183832,16.220439255224164,6.064769043895305,10.439456422370268,0
2061,0.011185185564926758,-0.24903125014793503,-0.11849095269101162,0.03672561454840802,0.08236827722870428,0.8311622028159871,-0.9371520630464423,-0.4888048566076606,5.246439946891602,11.15743911239058,20.648344560460636,6.081191698703328,11.723786255793177,0
2062,0.8847364394032562,0.5871803567177305,1.4576011480333357,0.20257894871260085,0.12621592074968715,-1.6394851744291672,-0.8858918510432581,0.4584071623512411,1.9186509962346434,3.5920047375733346,5.499596602228872,2.1885368436987904,3.521929385180934,0
2063,-0.21651051423538403,0.5878469966940021,-0.6523056139968125,0.1705551016797589,0.08231981157345752,-1.923447626645346,-0.5310018864204088,-0.6675259770834228,2.009381876788268,2.565855726932999,0.9975108104713684,2.036557096302987,1.8754802338880894,0
2064,-0.7198108249102342,0.5309974117030962,-1.1377729883764613,0.48949513533709665,0.08771491057248396,0.19065314583643067,-0.037805751663452236,0.3277212083765324,2.331698867560525,5.222371875665749,8.657556045710907,2.652104050141549,5.12869844169531,0
2065,1.4072426218230243,-0.6759267233023181,0.9423939671147785,0.04918051547524156,0.07231866747640588,0.05732760445429763,-0.7257940041260098,-0.820653789286925,6.177372241185675,13.609962423511814,24.366025091743374,7.169314600875083,13.962939387019766,0
2066,-1.7003560981521075,-0.925532029913424,0.22077907235694738,0.1243796884436847,0.12130571241449117,1.9947636051669608,-0.49822041551972085,-0.6710671400425827,6.332276214121926,12.669606318083929,25.139103927311098,7.288902895994712,13.971186227454556,0
2067,-0.36155249751966867,0.7631404025691186,-0.3005424499763034,0.08666903681089835,0.14770021391437588,-0.0016226439036421958,-0.3783084691418118,0.7872415796884098,1.7694835141941787,3.877920873059583,6.368177481847046,1.9948100381285963,3.804155564543102,0
2068,1.7096139754907718,-0.006391066982687876,-0.5798508186197764,0.38610705564972536,0.03289229267552807,-0.10880951030534325,-0.649365346377349,0.24440552215702183,3.3561402916937237,6.954941789727675,11.432168354904615,3.9696929344890806,6.919944424346712,0
2069,1.0395567242787198,0.9388555765511097,1.0277114079131513,0.06890787584524292,0.03172843199124883,0.1584592893935275,-0.5817816139464024,-0.9712695858333988,1.6685909121316058,4.357176730827804,6.259002131890018,1.9346222930037773,3.878893161755206,0
2070,1.0191637996440819,-0.28445598482485845,-1.3016999027404146,0.4070691332181091,0.14658130697225855,0.8926931321138047,-0.8189613282175712,0.028591171859394526,5.385752192489268,11.98612707208821,19.307701377032863,6.2848140386681015,11.632355596349914,0
2071,1.6068898195739423,-0.8915126660958232,0.4136796022948097,0.5770183918247181,0.10560175489717637,-1.7491479072645761,0.9774684761166272,-0.35545733457385476,0.6816276130334231,1.7401520626193356,1.400251770480387,0.8120024925390636,1.22780968309385,0
2072,-1.7930319064359796,-0.8335581310349027,-0.1272678546009045,0.031985601663237696,0.11693287766523952,1.8291175298515903,-1.1679043799488682,0.6200270066544875,8.828474262803747,17.48892154670044,34.78640683392565,10.188520665439784,19.34999285957293,0
2073,1.9248258763975912,-0.9392636777885011,0.6749017338588494,0.7992752630381097,0.11956778794409313,0.0267850151756881,0.9235751329754993,0.41586484980507166,1.6765213725738501,2.987673681325224,0.2832614839144354,1.7857375462416165,1.6628107159682146,0
2074,-0.8301933981584146,-0.5513604358454605,0.037633178113861465,0.2983924192172883,0.049420198621200256,-1.6103759163655758,0.8286864076120748,0.4100290012897534,2.2862094410000737,4.608598814659902,4.765610487492686,2.676296715579375,3.765755294503736,0
2075,-0.6747141213650263,-0.5246658368296264,-1.1155862609740925,0.09001036373788232,0.09382172778256348,-1.9559141096653732,1.1045102975447214,-0.44172979677586643,2.910893051963872,7.781454002210869,10.233158040592373,3.6150368831101614,6.63915521674115,0
2076,-1.8967805576726735,0.7106594476863697,-0.3972378124490994,0.27437270637996775,0.01779309177245749,0.8021102910945417,-0.33889590818535964,0.6459890591334456,1.615933387022768,4.087544080201455,6.444704419383687,1.9740362673651755,3.84185819271889,0
2077,0.5224732145205171,0.7598247051879325,0.36768347396422896,0.623422583775799,0.10448089273570878,-0.18703787679666917,0.45281758070532296,0.3272340351166867,5.232722989679551,10.937191672264385,21.47492850986879,6.080501234105399,11.901503074954356,0
2078,-1.9731855202955022,0.39727587745570325,-0.7135214945314624,0.4334582576000247,0.016699858261628234,-2.3848874921382994,-1.1637126989386315,-0.6836109752541282,4.59978965476798,11.037009091815454,13.352571179446707,5.681226402081026,9.264933618017144,0
2079,-1.9204299735593935,-0.7352051582979631,0.17752081607692283,0.3202182652583968,0.147112218388598,1.5434718010860111,-0.8477381892272868,-0.16642121307788904,6.934993825342705,14.09550790341747,27.36872078411427,8.037497078604304,15.323516461722761,0
2080,-0.27611681374671715,-0.2757664420974286,-0.013230657973391402,0.5358996363563722,0.09613345734894792,-0.7145041793322333,0.4921094955564542,-0.4210292026731348,1.3295118115148359,2.8517928798190324,3.874401472054661,1.6143582809626942,2.578147677112828,0
2081,1.3418713769055208,0.9287440865280514,-0.6157900366533144,0.627750842216345,0.12201387057865908,-0.046183127325605255,-0.989406452032694,0.5723637801985682,1.9513935885237372,3.0701883012042934,1.2032864146000726,2.047225572018782,2.072183048500309,0
2082,-0.3700870470699207,-0.5838574489964958,0.37995069768233836,0.34955048454461135,0.013135867302027315,2.4183731453335353,-0.6128115114140512,0.021930110959291094,5.36701295682621,12.599882993384535,20.873068303485255,6.298308555006816,12.281820131609482,0
2083,0.6691530469240949,-0.7698212712026169,0.7182302815822768,0.5186310638713004,0.07406293459602026,0.14164995834340477,1.0915080658567857,0.821795674537928,1.5417569752344524,3.5741326106433178,5.650396797312249,1.7363229188681706,3.4035182068438226,0
2084,-1.5520667045148508,-0.262495893866199,0.05031429530885578,0.7359806767214252,0.12248449941810688,-0.5675864850279293,0.9269049732255492,-0.24368440873575326,3.4269792400561734,8.497764726513992,11.59104704107346,4.016280345428101,7.456365336835898,0
2085,-0.9152282567827621,0.21978525311519892,-0.43229473555558995,0.4979260479380685,0.06145261125678366,1.47884569813441,1.0903463360973917,-0.4593816422571422,5.87700884544643,11.627401480932678,22.72957783059426,6.778158557517408,12.74801230284375,0
2086,0.040040336977126056,0.4488648706051772,-1.024442714378551,0.6367249184618947,0.08744579424681409,-1.7512973804395926,0.8837510083298097,-0.1465974809483812,5.840538623314372,13.080699800010363,23.31095488573554,6.796685560726873,13.34932654879077,0
2087,-1.2935226163014049,-0.6092072713226993,0.8565191992989751,0.7485729284679827,0.056737488338122394,-2.105859623463836,-0.9580246093107423,0.30895701838770195,7.48268709034158,16.74847063363586,27.440749383262094,8.752942682035782,16.376866400375437,0
2088,-0.5169931576412976,-0.14773700530841283,-0.48885786555468336,0.3724308527916625,0.0965324179320097,0.20569581952392957,-0.8058205820364538,-0.017422696112392,4.184488811634378,8.342579758274345,16.647271163864428,4.839139650638008,9.236215885195746,0
2089,-0.15754776357463385,0.09147449610728198,-1.1679899068788484,0.12282169843418816,0.07953662671619204,-1.122824787251833,0.30967605290723266,-0.2544972346416796,1.7946840399647894,4.7797163810352306,6.988669705780043,2.151478307428924,4.28406886877691,0
2090,-1.117061009338257,0.3127895766546567,-0.31827699107245655,0.1260899764077797,0.1213213468905435,-0.3412064402969279,0.9961688153343442,-0.6131981429691951,5.919211694968306,12.777961964817054,22.613010526397716,6.867467707247144,13.079802026579635,0
2091,1.5054009384258928,0.6318199413981382,-1.1882525277353073,0.42534505252025395,0.09805242902196702,-0.022589026363725395,-0.26336859795375434,0.8876842547274073,2.9011070904676974,5.124774905867077,6.360369456437832,3.3244985927674744,4.6483252951085285,0
2092,0.8032834389688781,0.9317397551289819,1.0386909325595748,0.6537051185729247,0.10884484354500144,0.730396210726334,0.9284690186696685,0.22681954532612658,8.248639785316328,17.100929321016284,32.33226124916086,9.536891173616755,18.258238224009716,0
2093,-1.6988463962992335,0.165127037986603,-1.191494545239676,0.7594408560979413,0.09700034641519294,0.27823141706678367,-0.7252292814405894,0.031534099749560784,2.633514614262936,6.584842365848086,9.990562696147606,3.127867875761782,6.075462690453766,0
2094,-0.6298759846826312,0.35077233601728186,0.31322939237807157,0.39944567200564696,0.037911150216652624,0.12871565200560742,-0.09192747421146064,0.7025317549246513,1.1164533482189012,2.708633655762869,4.572129152394785,1.355870663590517,2.654751913272018,0
2095,1.57734936545114,0.5184983082168186,-0.5410801301630672,0.030471608334522938,0.13880039388658177,2.4600612582933463,-0.8951501704259808,0.3712320475664048,4.573265640898609,7.444078913784023,6.7831310753049685,4.977160659665524,6.137858754962832,0
2096,-0.29941385804111853,-0.7029591903218411,1.4943039328967007,0.7465830835694194,0.14739133144240704,-1.7805187281492745,-0.019381139224813104,0.7915483266427281,3.8021413357113802,8.318443674858509,12.300727932661463,4.666814748171787,7.793075357786584,0
2097,0.7006337831161629,-0.13079639341683258,0.050082722638733035,0.03088128376084498,0.09172757652214382,1.7985775835013103,-1.1932952963009233,-0.6800706447045519,5.990063654667051,14.079967259915781,23.233627502799372,7.106347158107657,13.701732241025427,0
2098,0.0719604880212863,0.12192865204173153,-0.46994296450072204,0.022347583995632636,0.11154001433247583,-1.285374408774285,0.3469855245619231,0.11829348215529456,2.109222251539757,5.191455992386711,8.186675291596783,2.533908117062899,4.899596872363266,0
2099,-0.27664767016029845,0.1805790065567301,0.5851162319119858,0.4577954543567696,0.08362881481540234,-0.3196112657145669,-0.16791714606692332,-0.018068029941172403,0.9927156526468403,1.6725395480430596,0.09460786276677857,1.0642473824216208,0.9343836572791655,0
2100,-0.19168835137584095,-0.12195083138597163,-0.8688897863687595,0.5798703368444553,0.01994287033642566,2.0435521133416152,0.29963090585318075,-0.9021986417534504,2.03231989285618,3.9719952565387597,3.1014128049592875,2.2745618079981065,2.959174567106079,0
2101,0.6359947989930164,-0.27697147698836555,1.2892945331419359,0.7488603891917665,0.12688925727792696,0.3392445098697605,1.0060264591325072,0.2996163781457175,3.1000516995048795,7.978383479255343,12.76862792111173,3.651129008481597,7.519231830809745,0
2102,1.5005162218844417,-0.6798936014577153,1.2125409402936111,0.529272555652374,0.045491088470808454,2.489067635904501,0.44852152165073544,0.8168321160414576,3.5624163322935885,6.5086222981857675,3.9306130467777143,3.795670038232009,4.580062507000322,0
2103,-1.97765791609193,0.10467681909837157,0.6375978707181087,0.010989511294969124,0.11438388376842745,0.7572409658382346,-0.5405768313775287,0.3778898926954972,2.226474131479661,5.103525981406285,7.706972952638907,2.6752202680544546,4.778613946462902,0
2104,-1.4763958440122247,0.6480743975376131,1.098675351775512,0.3883815442227978,0.07611632519224823,-0.48972819566824244,-0.3711984355108803,0.7457965577068952,2.365639840097134,4.883279543211333,4.879596091680297,2.783378309304198,3.916892473427049,0
2105,-0.7805072968498417,-0.19429997629121654,-0.600251110666463,0.5253702086341812,0.12213274966673739,-1.6783208652792936,-0.5886179618514437,-0.7917845829425116,3.9236057421075197,9.674663018119254,13.786413815487162,4.7246147874790685,8.687866251462086,0
2106,-1.3592641718924314,-0.18623675108856963,0.827628869127417,0.4332943479751319,0.007991441683074507,0.6254337484198915,0.7087300053319681,-0.21306439684687395,2.6192488650026355,5.286335993409477,9.13217637179312,3.092605968531775,5.420588965914747,0
2107,-1.019949594511334,0.5278754563941754,-1.4282812831172236,0.652472819532587,0.12063893723162997,1.9399296534710384,-0.9852481425033008,-0.7844830361907502,2.3673930011756896,5.425857605522663,8.003535426701752,2.760415231306675,5.015077333150699,0
2108,1.491011295708574,-0.04947446567560232,-0.32298447776740513,0.45863485210429267,0.008787460523466005,0.718580849480404,1.0681995686145551,0.3514397883341036,4.935886946681524,11.235392507627537,17.789181562466478,5.875358606643858,10.775674165697048,0
2109,-0.14185955076326584,0.9217619772229773,0.5655492417102401,0.04556834856805319,0.10050697977196973,-2.201520686235287,-0.46264828130407676,0.23136696080543473,2.9268096401935595,6.401788608295461,8.159461634788345,3.5299982146763145,5.59941778645084,0
2110,-1.1375359352525463,-0.9236216308114018,0.35386106633966063,0.22868582630640885,0.07994463365087973,-1.1942721054768946,0.44742923262914935,0.7914027823194081,2.56793169141862,6.451065902626205,8.244554387955585,3.262366175845732,5.505302212184696,0
2111,-1.6537407888174323,0.5726373709095172,-1.0317148346389529,0.2635278297434489,0.05360479437374352,-1.4684500549086954,-1.01943758192871,0.5369729605256257,2.3915704813131473,7.357175396162848,7.89037237434805,3.2116399429244527,5.612899469839658,0
2112,1.1745101570931022,0.9936665807560474,1.3038127469859813,0.34771393870785794,0.020008202181265995,-2.446499959902374,0.07564209239316044,0.7211328216656958,4.900751836184283,10.386707989149405,18.652609176246646,5.697128682040252,10.751733568678125,0
2113,-0.9283850416779185,-0.6021172640238617,-0.18313988468753317,0.7148262407617875,0.06775107476556669,1.1135645299885724,-0.08993709558073615,-0.2540822371141116,2.9417885529226324,6.611445600651142,12.046344007258636,3.457188196016966,6.82559226785142,0
2114,-0.23635178201543017,0.5368010653467588,0.763218167634029,0.3454065428923203,0.04014261381429982,-1.8043648045812737,-1.1967127334994438,-0.7734848338534206,3.887376729137367,8.21724836468306,11.550319023501356,4.4784760810597835,7.544330843302513,0
2115,-1.341378939232408,0.3798755819621773,0.9537476307862676,0.5895565329849671,0.1084849150803533,2.471603073620595,1.1102345743703774,-0.4623056097415268,6.691338484617468,14.21646231149406,26.126394151268194,7.725340249913857,14.8827925092053,0
2116,-1.4195970018065731,-0.6934035241286236,1.1868200121338481,0.08187747836462736,0.05102162533221306,0.1517326421053622,0.27228120883965,0.19146527562974947,2.522736018807305,5.024550516565293,7.378034000843099,2.9324523769146147,4.770841398556171,0
2117,1.1456308885596993,0.1433865270855339,1.0531396179942818,0.06770417925774784,0.1288448180340216,0.4500158038850177,-0.6649618419591589,0.9554863773957332,2.540918721273234,6.084104543146932,9.049880838936954,2.983383936850445,5.600809624692181,0
2118,1.7589370949153191,0.6914516433474229,1.2347884068404138,0.3057133768362452,0.034170730867438416,-1.5854806917038404,0.8970239244262015,0.6532626978021734,7.039230756582539,14.318885572668162,27.684128067530622,8.117323751002438,15.524405694134641,0
2119,1.9237535333397497,0.696504202908194,0.39709774177947077,0.11382540069724004,0.024727130753134558,-0.13150236601812137,0.6427092747464773,-0.6534492196444956,5.903357083266895,13.561068159943478,23.370553309752708,6.920368426239002,13.542530408512825,0
2120,1.6620700317154102,0.3675814609737118,-0.5630727286607414,0.7086076737284402,0.08979455522714111,1.1657924101256323,-0.2749387049866615,-0.21289892137334498,3.1021749028162757,4.398640344223198,1.755074477935496,3.161145652931404,3.0928814827856312,0
2121,-1.9495297180741185,0.07580404551001863,0.7823904175016003,0.7750596108692831,0.13383402550623563,-2.065044543236225,1.1532482888563405,-0.7010386219982989,6.7890384823026695,14.825464304467037,21.537898725890244,8.06126353953612,13.751846807751598,0
2122,-1.835542806431668,0.49785967093645067,1.2176593509874536,0.7598263248201518,0.12374641616493179,-1.4754689214430976,-0.8303930052134134,-0.8820630448570943,4.520205225604476,6.9729816363508315,6.068367133643612,4.870849805901705,5.755551179269846,0
2123,0.32787631957649266,-0.025557647673917883,-1.1721491746908854,0.37186169493725035,0.08509853858017306,1.114773217552492,-0.2059258319197903,-0.36329510584312064,2.075426195683666,3.8750261450473578,3.9818994594122548,2.397035825210633,3.219409122564047,0
2124,0.6627167926165192,0.36844728609109056,-0.6887143299905439,0.01585846578970136,0.1418535854613779,1.2764320322958609,-0.7173495972879504,0.13133130198773002,2.56796622797286,5.1045092061492685,5.9968639616626715,3.0169060737461604,4.402492426110056,0
2125,0.3797901227042777,-0.7480227360086416,-0.9250287379813253,0.7653652131710303,0.07620162900313465,-1.5427889030326196,0.7141794098256202,-0.058853394933054526,0.7058503129696281,1.475819605296268,0.5990694429023495,0.8169644019733746,0.9159182485478111,0
2126,0.5536483330907749,-0.4049969327228422,-1.3262877052311586,0.1319553788512354,0.14595553547189774,0.6179421791410773,0.7946044765785734,-0.9569608841523616,2.1404333825820454,4.7995641525272,6.7045580553142035,2.569809256598689,4.350347602786904,0
2127,1.0618500046174684,-0.030095866916272307,0.4959236306135919,0.2865640322726199,0.09313032402283354,-2.32190116106121,-1.090587089911894,0.5976728198102956,5.048119181544584,11.22346237637096,19.539246617267988,5.903499722739344,11.333598424828994,0
2128,-1.5021389287982392,-0.9720321308277269,1.23736946890996,0.21242541019482994,0.08735732449446575,1.6945848526925236,0.5901769906210288,-0.9067443583781334,2.11175378579678,3.395748580378552,6.625990444795338,2.292995602054013,3.869347403496602,0
2129,0.2437948034353732,0.08359573419087929,-0.44975946536861366,0.6028503850946813,0.14460084869632794,-1.76406673032043,-0.8514623910135308,0.46947203892173817,3.4213537620164205,8.770621741490736,13.135857729172972,4.100994711699794,8.008449440974019,0
2130,-0.18233435933488717,0.5904378611594321,-1.0767671710587883,0.03188603531376808,0.10469011122774616,2.4735552647705514,-0.9724842952903185,0.7286757789009397,3.4166164508674743,5.680933160450127,6.540209949724204,3.881812324906106,5.079509100803152,0
2131,-0.45884103690634115,-0.9664209094137857,0.030065378913632257,0.22308336569985593,0.10401047122802703,-1.0608468878245403,-0.04391970376068932,-0.5988694973116215,4.7242242969874,10.202282747543881,17.570638924821495,5.494053612273073,10.29854915203314,0
2132,1.3124070321742414,0.850862923736216,-0.2899927373506084,0.359104026054386,0.14740255098172977,-1.789422616376683,0.7406868350160927,0.13455721170048252,6.993042274396725,14.549526692146516,27.622935933700212,8.070572708094625,15.556708740882499,0
2133,1.5229376836167519,-0.4151429103461761,-0.6115261013389701,0.26065595844432565,0.0024946623484433106,-1.6505355046097088,1.1870079386875803,-0.5021028524321349,3.4082757435194755,6.861862217976304,13.476947872911875,3.9333137645733767,7.517457126779634,0
2134,-1.9203316089574436,-0.4429193719230087,-0.27482949604623985,0.4382298234259069,0.010284902979813965,1.4521445985238302,0.7812030436729382,-0.5736788422565973,1.5613764586376135,3.8633161104001887,5.941050702482364,1.8623874349439051,3.5959617249504405,0
2135,1.1936727529399143,-0.2771461851174868,-0.23066946635209673,0.7491106034512133,0.13378565864400258,-0.6244464340475546,-0.028535266265753645,-0.426952423934015,1.3719940396233188,3.4959063385293714,5.4521346543886064,1.6328830095190177,3.2592988107142906,0
2136,0.06173703339464698,0.36381580566988614,-1.2219969081731055,0.7358729009405518,0.10783109522170198,-2.0162365841921392,0.8855735807492218,0.4873657324856644,5.65682082074382,12.82289044072385,21.926014197323077,6.590169489588705,12.780734586596093,0
2137,-0.7474927326690048,0.04286617659575587,1.0803919775689979,0.774500498472223,0.042161609392144854,0.7527909116366227,0.8645926175826257,0.9763336976858901,4.129712578863701,8.523760267965882,15.911203724768415,4.763412136984123,9.04574418517781,0
2138,-1.7171260454147514,0.00724393164165682,1.1209972855184458,0.002526499439622576,0.06558528294081646,0.42099362059816325,0.06357674053587425,0.4655453726684964,1.8255456405209949,2.3460607743459665,1.4839912981812264,1.872393106539542,1.8839186245684105,0
2139,-1.737911652184076,0.5708334471716863,-0.6504883915995497,0.6593835092191646,0.06292318901688884,-2.2854070409850182,1.113395437611315,0.5610985809940936,7.628741209821991,19.229217889678672,29.402648934814355,9.171204102673503,17.795302820561858,0
2140,-0.6087358708706025,-0.4599452635632737,0.26689118535016254,0.789835682259129,0.04352502362696215,2.2413555837307637,-0.40707091291538633,0.40819553051559976,3.983414824806234,9.94224278996298,15.225191900013163,4.676060108689716,9.212860865303684,0
2141,-0.47306256883184084,-0.8298955519827025,1.308568096839867,0.13114239577327674,0.14170372019963978,-1.983465870355725,-0.5593261321044029,0.841846997389111,6.499537782503919,14.358662208061215,24.335942768456793,7.679560001240143,14.326198827830591,0
2142,0.6341634516302923,-0.6210331283166088,0.27627993436584464,0.14431296642844318,0.13116631015055127,-2.2508569633073874,0.0714664746659961,-0.8730539483410749,3.10406983161627,6.4518656108778085,9.673722329015067,3.6136892693215357,6.130266258384897,0
2143,0.7800910042705009,0.8715944703873346,0.9931993490149602,0.2973822601221081,0.03553573582196388,-1.8948625380655848,0.8966975697180792,-0.8377817419051752,8.065344686716093,16.722272099266426,30.872463427743902,9.310457764800882,17.62906984059801,0
2144,0.5153167663110665,-0.26546506100658607,1.4873349551128925,0.407058650814676,0.08231864245551165,2.0894439250742556,1.1271285678019745,0.1672729221890792,3.8645503349836754,10.44813628990302,15.083031821056675,4.7079378234001625,9.289509316123025,0
2145,1.1847282989694001,0.2695334982168929,-0.21779860801914408,0.04585228581975747,0.10766158103126751,1.0013138618032458,-0.9199144639470593,-0.5398622500872685,3.200907847658072,7.858481423442065,11.29640401510781,3.930059281338082,7.099743913996193,0
2146,0.928512747498822,-0.7005760448109204,0.5728051032982102,0.574381752963902,0.053001578390988915,-1.2090907511028648,-0.3047054133513284,-0.281606757214212,4.614375212247334,8.9045017919983,17.54834963670198,5.282908139753753,9.848458806259659,0
2147,0.42807922281832944,0.4876965994377269,1.0852579045510913,0.023993827201691256,0.10898273360540542,-0.9290699085541987,0.8127408257051323,-0.8485660805179776,5.9978499212564405,11.905977089491024,22.84931082921809,6.845253567003895,12.910466708690056,0
2148,0.20469804069226605,0.09734717950802674,-0.5204656134743151,0.7762452778826923,0.016038472675303134,-1.8180138323253887,0.3462230356518603,0.02859844928730637,2.191807111951779,5.168058795906447,7.754395193475611,2.7084529430155206,4.805123624701703,0
2149,-0.9421314857918128,-0.3914564070851163,-1.028930073873542,0.6942113111294986,0.08542783097095356,-1.2758271192308417,-0.25579018149757726,0.8133701086097662,2.9958379310092234,7.511100310856085,11.329831698429782,3.668790731774751,6.9179100552660024,0
2150,1.5473646466122521,-0.8617866177735845,0.4623004148391088,0.12237693677577904,0.03163250483223857,1.821037961232081,0.948456761942299,-0.8346161682121029,2.690473031940996,3.980190513427997,1.4646683590636629,2.757020655722815,2.7163016369020783,0
2151,1.4956933179147747,0.4569871056864492,0.8271310898000972,0.6334522621166485,0.07608499076069931,2.234538214941008,-0.7191369504465713,0.009930215035085954,3.1836856249360053,5.446596444354464,4.593425639006094,3.473588015740137,4.314471114062982,0
2152,-0.7257896804463817,0.6448624856050149,-1.2518978636136677,0.3469427895394144,0.11602164843679942,-0.9382954422113028,-0.622856917750923,-0.4749016904102077,1.0648880939812995,2.0138093873102143,0.7004709832456244,1.1277076897641052,1.2465213083375521,0
2153,0.8543604296261811,-0.42643464832233824,-0.29194936361106016,0.4365344699513422,0.14111401184200378,1.4717377994346448,-0.7553240058623585,0.7661684650688714,5.7764563061084155,12.30134070320324,20.699522125966325,6.677584549866763,12.30095419557007,0
2154,1.3790697327408141,0.4904490391097376,0.05071792431583422,0.05585196420584895,0.10672578620837489,0.09171085211413255,-0.4565401780369057,-0.9801239999634523,0.9950280059667889,1.8652268879323546,0.7076966247574665,1.07239937969064,1.177625393566047,0
2155,-1.0758040768946047,0.2113803551587845,-1.1630802410041312,0.5243349652893698,0.12295081332330177,-0.9091082963187425,-1.003234705308086,-0.7206024191475631,3.726702480794816,8.383776740003016,13.794621920229716,4.371971097709269,8.208727452079192,0
2156,-0.5683642698603801,0.626868505516855,0.4028361591382654,0.694310118476948,0.14916406689466868,-1.4871689855042032,0.4675714469683043,-0.06696659987412668,5.119699243910819,12.29079299991148,19.242817682862466,6.067171803597003,11.602710158365129,0
2157,-0.026087756212718638,-0.3488371928783911,-0.4724633550017683,0.541025558718214,0.0931204375794025,-0.9074821468628351,-0.915405794834194,0.1564825746164049,5.4758054934067255,12.252859778426247,22.133139854354614,6.398484619059482,12.598389999762224,0
2158,0.9575853798595415,0.1172435804290195,-1.4890479796300762,0.22585240997904218,0.11678690094525176,1.212741026383691,-1.1750153939004173,-0.0594075344796432,5.333979657271659,11.182911692742312,18.510273831822687,6.2729180702979,11.135441361580787,0
2159,-0.25072730939863996,0.3045627525818839,-1.1250598798050069,0.497132186305816,0.1420377030241576,-0.6412523269237502,-0.3903445976165806,-0.943452971256244,0.6633875117321719,1.6097218349699982,1.5921764671370742,0.814390552013907,1.241024799353164,0
2160,-1.770419764178274,0.863144893859437,1.4265055396160675,0.004513360349269391,0.1351019529514747,-1.6301998465958956,0.14726092477543107,0.35628184705749866,5.565147705403749,12.244178211801577,17.701278507126087,6.64166511048823,11.317347838348248,0
2161,-0.5637651577576834,0.0579761835414343,0.3826265644659159,0.15514103950783503,0.14913849323785233,-1.4805908220725699,-1.175187684752115,0.888569184209496,5.050463612347454,11.835018719738985,19.441240541043953,6.0047279779795195,11.498489659737068,0
2162,-0.28348919654342764,-0.20276056214704297,-0.6729860446010297,0.02066554143293411,0.03968522900702267,-0.5334982871700906,0.04879019728013345,-0.08471155975603528,0.6979633675283365,2.1581373232848513,2.7017555618824627,0.9038410502462112,1.7577409808333164,0
2163,1.5161448308160912,0.8226597238602982,-0.5485352345528549,0.7676436751003677,0.12974012581805316,2.138174082673748,0.49519411773071287,-0.603456313348917,6.3935218043630275,14.323670960606652,22.544169085779732,7.642650200788438,13.742673575303666,0
2164,-1.2190888293689022,0.8173031261678865,0.02113637980332994,0.7123738457229902,0.10808218187839753,-1.4374384783246619,-0.276576431848911,0.9356504300450166,2.790177656296976,6.980282858716469,9.31357489598279,3.631821997540924,6.0883928230529625,0
2165,-1.9216689542259826,0.4291677261854878,1.436339091225618,0.08331755673890236,0.040798928242031796,0.23506560340595506,0.8250358265920779,0.013023739675456447,5.948445489068998,12.803955148676483,21.958538437946103,6.906009963793943,12.90388271908687,0
2166,-1.7616158120217134,-0.745631353337693,-0.3721698935023068,0.2580325390084392,0.0329517946768817,1.7006436809289536,-1.1354839590030343,0.6586884955541554,8.29417586295005,16.594869790224088,32.83271866204815,9.580096425700924,18.27453893713678,0
2167,1.6867206945830526,0.2602220491021283,0.37605119576329216,0.11921417038838547,0.08524766073162478,-0.6241280303096879,-0.6502805723515303,0.16665911171106274,1.8326288433923128,4.3634990006230545,6.603961607813529,2.1890399185101024,4.058930827399679,0
2168,-1.995238131750615,-0.44717441691568305,0.46812607286531316,0.36403248840587343,0.021846081075667326,-2.4934094412502112,-0.5509456462320821,0.09811861191025528,5.684785014817197,13.242151968694262,17.43864578388675,6.9173325075717385,11.601408080976636,0
2169,0.138182260454502,-0.7378562012561602,0.34109142905006085,0.7991395025800601,0.0877300359391655,0.138190878546272,0.29431949662299917,0.7593417805214657,2.1329471473416923,4.392997636086575,7.779049753617498,2.4327313477099675,4.534771495884726,0
2170,1.7839973787825407,-0.9179329684946824,-0.8850185912545386,0.09261125120477143,0.11585306785539598,-2.2721857052402705,0.9663238727787131,-0.9588892701937384,0.3935995668389351,1.0951865820671731,0.7077131708458992,0.4722765788769032,0.7061774538132926,0
2171,0.4101872517964944,-0.44884761203946577,-0.08830942517681728,0.353508731203906,0.11233399060859743,-0.016789494700408802,-0.1890700076962779,0.4605542051687086,2.863551802622687,5.974680900720316,11.100208591797589,3.255874712222437,6.307119859764422,0
2172,1.7032276772194224,0.5878448030471333,0.7101510945076619,0.39017766490852124,0.13503236974219968,-0.06843271289155872,1.032685884757288,0.60584452484322,7.241408386917683,16.015840091204925,28.19850216157619,8.418203949328703,16.278545586842508,0
2173,-1.3989590575594817,-0.9060156545452958,0.7225670605981969,0.5486713292802707,0.09031333193729635,2.381196400086731,0.10896731465270637,-0.304200265797274,3.4854477533484665,7.2969698345012555,13.727515342662326,4.062523184035696,7.759232197557183,0
2174,0.2598634032903169,-0.9431764949890875,0.23779270371089956,0.7219441640328186,0.0006495102777210492,1.726519060890583,0.7246293458378716,-0.7877937404078295,1.5669259596242904,4.105055409292632,3.814091230090627,2.0114811964078987,3.0469698993430545,0
2175,1.3873219724868697,0.5270905314668191,-0.02686062732046368,0.1961711507198185,0.04321506237717782,0.5613746273599514,-0.6088704014988081,-0.34928864865206344,1.813159247172186,2.824029111330898,1.4318710426084595,1.8669351725066732,2.0074113375841303,0
2176,1.7233537246012292,0.4586572330125056,0.7082221491509428,0.7647491376973434,0.0008691029704689657,-1.2775707831367444,0.37913751110494864,-0.12345693212571729,3.8532237646111827,8.111516580193221,14.621649107689787,4.4258791564087385,8.418504751389131,0
2177,-1.548780207470517,0.5624673721433227,-1.3587823977602198,0.43508088975159054,0.08436964973137756,0.6798065980532693,-0.44249687346764877,-0.9527981175363756,0.6308420285490068,1.667034904252743,2.2498530030873747,0.7711830807587361,1.4414372888426108,0
2178,1.5559331443227293,0.8584095896569117,-0.05403381928780293,0.01651228278522261,0.08713067403351735,-0.920350741685394,-0.7620346155991276,-0.6620946872375892,0.443794178520601,1.4742807162513343,1.4727330720252905,0.6547314478992664,1.0827155348290942,0
2179,-1.2829782386673299,-0.3383179988413765,-0.6581393529219779,0.6691398659625517,0.07429720610850364,-0.3617625376747591,-0.8499994629252761,0.7517815862423278,5.369047754887776,11.756466329365859,20.702471867055603,6.245916134024831,11.972987398795254,0
2180,-1.7807111768248438,-0.5209372822510394,0.3644168272059529,0.5618499424082949,0.12017348622287205,-0.44854349264946336,-0.36782379206059734,-0.4228967640741452,4.469618215747594,9.498148252473825,15.524178515443053,5.279436121639044,9.375527107263245,0
2181,0.2723786843109055,-0.30272876970927554,-0.5157172779722008,0.01351268274831723,0.14224739813124115,-2.1970287783973,-0.5499083560537452,0.8428392546813923,3.7609076209359995,9.499536661491891,14.911205096074777,4.521161698021942,8.903610983352994,0
2182,0.9413927810493816,0.15627960837488009,0.4824417395861187,0.07764804225023642,0.12129710154828333,-1.2494661910869849,1.0949135469092892,-0.5372507924119625,5.602772714262731,11.313448960810097,21.938964930612705,6.451632442453726,12.301719225951032,0
2183,0.5014576649273019,0.09064898402433896,-1.070690718093994,0.2903417342534497,0.1171939132108399,-1.4370596300044598,1.1108575556206872,-0.4090327227047863,5.2663206371388265,11.107640173841276,20.892836068469222,6.098850525088551,11.789924116343652,0
2184,0.5068866379203429,0.23773407917973,-0.08766527350450426,0.5242883713326074,0.11153654157401571,0.5950148567044424,0.14398708640154978,0.21325481614552722,2.023148176852711,4.814628148145311,6.4724083359322115,2.3878228562884622,4.231837683907917,0
2185,-0.3921763183921603,-0.8582536657368998,-1.0209048624516541,0.4853632344317557,0.13907608386261633,-2.371297257144089,0.10568447294926964,-0.4958771339816206,3.698833801830938,9.932033708853734,13.332858065690946,4.5008873761432975,8.539206410527015,0
2186,0.24695962193805254,0.49931471546740336,0.7063593965087787,0.5799086382545071,0.11683851989091554,-2.136946565895212,0.022986801403085177,-0.4764430292557036,3.221673634418443,6.423640381951643,8.918220602985967,3.788050593008115,5.947865445107627,0
2187,1.685082244009652,0.5657584440389425,-1.1773654579248307,0.19459690322414397,0.06828303832472168,2.314543109032128,-0.9367843581094755,0.13594473708425925,4.828560803763676,7.394173577945845,6.575123153789839,5.213148870496092,6.160672147699417,0
2188,-0.6348499473017664,0.29268068346511456,0.44612018106811346,0.19247318934721483,0.11787141004590992,-2.0436876433259603,0.7635332906095991,-0.5760662828410119,5.315739794610805,11.796376766954292,18.51612969626612,6.252715396040887,11.313745416953454,0
2189,0.35831719396661077,-0.30538054619445987,0.3293394798656841,0.21393427861950196,0.08534455079257659,-2.459008698932179,-0.3013093017187153,0.6527787581243782,3.001334852545576,7.287904722061286,10.50748546188054,3.679365496083513,6.60695406055457,0
2190,-0.14797365397796902,-0.0014778020200685305,0.36473051374197896,0.3473676790671859,0.13006150915857204,-0.4833766507590571,1.0621258421838016,0.7538760466485166,4.755058709422001,10.025939720580588,18.53537875674767,5.498426139756048,10.544755770000682,0
2191,-0.31564886936405934,-0.2683982508027256,0.5298840567005048,0.60424539893925,0.027879236598688212,-1.294773984067588,-0.8489939600436169,0.521383756376637,5.119593566568293,10.767017723635583,19.507570756262957,5.953033377481548,11.213557951688204,0
2192,0.8576074599163395,-0.6218923713632476,0.1106243584630291,0.6113914873627199,0.1420542994115059,-1.607386729344843,-0.46960852826474586,-0.3033204327218524,4.938426642686163,9.70329158877162,18.93030339849848,5.656570839820481,10.637263572968926,0
2193,0.49990943653283715,-0.7271622995820257,-0.9197127922458216,0.624349469913589,0.08130804987841057,-1.698068842357709,-0.2677614047802591,-0.7310116093365344,4.338439133108514,10.358499160020477,17.15848564576949,5.087985598817729,10.065425741551318,0
2194,-0.5492399950526323,-0.19960140957672867,-1.1636687651238113,0.047866740948833635,0.1322402835386296,1.9382404482010944,-1.1938106994896402,0.2824081928482729,6.42696544165314,13.778127924578923,24.47915599623345,7.4397783242760624,14.149252641167262,0
2195,-1.6252839698440806,0.6202832910626357,1.1386871764612545,0.49329212429618075,0.0919733185804413,-0.6425924547313788,-0.601274473529132,-0.0014583416935072258,3.0215227871048156,3.920903694153138,0.42884995402447146,3.0619289614434533,2.517575826729073,0
2196,-1.465131106093784,0.3444497897218275,-0.08973931386084466,0.1420812048247446,0.08824713791839242,1.4766391829286452,0.21311870800111432,0.05932282331308847,2.4349753128753933,4.835940998264268,9.599557339881041,2.809723167541586,5.342114412060369,0
2197,1.39086991252324,-0.9784892299983401,0.35024288350388844,0.327753746555654,0.029034922298650394,2.3978892504304987,-0.23084681004674557,-0.3294743751155549,5.800982025151495,14.149693013946973,21.09084915814447,6.996420445348983,13.012099303707778,0
2198,-1.3239662410374131,0.9955319024909681,1.0681540680890302,0.05597793493996095,0.08486308141907749,-1.7629939456226706,0.5178753960310729,-0.03183314147912597,7.3161924274812336,16.262061214514056,26.501967550067477,8.595137636920843,15.883580121310912,0
2199,-1.5584441432028964,0.1140777825285797,1.232026953308437,0.27295574586652205,0.007620842214296847,2.2260355563232217,-0.8596819487773186,-0.04989599823753266,3.3036227377403997,6.9061994890890075,13.019675221028677,3.827934233616544,7.351642657719079,0
2200,0.17870851139313704,-0.5258250736374865,-0.967745903885583,0.09051110449188773,0.010493292353096012,0.04063273840172421,0.8208498644023592,-0.7464824572667974,1.3521607591989033,2.6923305271545646,5.138614756176679,1.6018825736742937,2.9151200701264735,0
2201,0.8024761137819936,-0.1747584591528002,-1.3943272830882416,0.42877784800377716,0.037801239919976456,0.5262704652025119,-0.3616247739867091,0.33290463652591806,3.1508949580226044,5.8051364542971156,9.373900674194246,3.680119553840563,5.8669915813382465,0
2202,1.6740134517241159,-0.5109108758370817,1.3195214069630925,0.16344708820026554,0.01060423233350446,-1.5364950630596015,0.755800078837316,0.35511249052908367,1.2471619760645039,2.173198787970195,4.289763265608986,1.413016887952357,2.454338897688341,0
2203,1.8833366130457248,0.4196546208498615,-0.26210620489009817,0.713944779306301,0.14371927773126897,1.4582746048005295,0.13593500600424235,0.6515315626111255,4.062043025651664,9.025890535102391,9.550747397645521,4.802898415232043,7.271894129043076,0
2204,-1.2838211706628737,0.8007000458587727,1.4986769474596078,0.5321121331642763,0.029383355937001268,-1.7778166890233909,1.1025945734408331,0.742705642736651,8.78340623058156,20.173589822935398,33.193560435826605,10.357999654518963,19.680966912254963,0
2205,0.994715406259068,0.8982385072308225,0.01021125860517369,0.7101971224018916,0.02442304709825687,-1.5859514094631877,0.029623309584935864,-0.33498067831095146,4.275468132740409,8.54364998617461,16.25437095393184,4.928716272377085,9.214918349091764,0
2206,-0.2699229279413693,0.5963939726010665,-1.3397775871732227,0.5766750674241837,0.01323439026800483,1.7375052514021014,-0.7154404643143798,0.46987784069599114,2.559391683327747,3.7627120842280264,2.0321859717367134,2.70979666316719,2.7772665881044647,0
2207,0.36751759595075617,-0.22875578585430478,-0.6973912487432542,0.04596745301312728,0.05300703103695106,-1.4973562169941201,-0.8738099905152426,0.47699624517826833,4.859284201828896,10.804369983845483,19.282881822172595,5.641466268889247,11.048107429243014,0
2208,-1.149940035947198,-0.5536839045676631,-0.47855564473786893,0.3701225276974154,0.07705691164345502,0.8227313442020656,0.21245291481102546,-0.036632240546716544,1.565252213776387,3.6391190325373506,6.03815560570189,1.804470317868362,3.5532050873915244,0
2209,-0.42423914145011876,-0.4684275761415311,0.6298278410491185,0.25400105631499814,0.1274372090288843,0.4308122794399334,0.3214662684676335,0.01758046175546668,0.7735789101269411,1.6923260155224098,2.4068094058465257,0.878958821083081,1.549710181557071,0
2210,1.7142242586081915,-0.156808862764511,-0.21909463974356225,0.714411596617464,0.09073603814402573,-0.25425642137929794,-0.5708373251598459,-0.5099111098961646,3.406098114961476,7.170215202433179,12.863479391477707,4.0060557905199365,7.432543391713702,0
2211,1.205737255020944,-0.4410678447525598,-1.482786929089903,0.015568511438658917,0.14676039173948469,0.2991896831147218,-0.02634088353745101,0.8357521382166604,3.325113577398672,5.713995084656011,8.390882286753559,3.775186634318761,5.606515948074349,0
2212,-0.5932504040388289,0.589995119310466,0.6654294383404165,0.3816771858574704,0.11619478461880364,2.328891937963186,-0.7185422981110303,-0.964981170997957,0.9179822128935782,2.823376450396873,2.377541062625127,1.2471815218407503,1.9603880699587484,0
2213,1.2858176250571978,-0.1928258543103727,0.1332074805450243,0.17796985658602563,0.12626831427793156,1.1060312453635568,1.0880799076675156,-0.04949625680063163,4.274403618904271,10.16456920971304,15.540658671648675,5.091364632287738,9.50302591330857,0
2214,1.9062600510433105,0.021710785947797184,0.36426627258831745,0.5393019518573524,0.07346571835802622,0.3139009548446223,-0.6640630447164241,-0.2752738837341835,3.0630869973913217,8.279259942525508,11.109963989808058,3.7621548336782458,7.111908762285291,0
2215,0.8079729803689926,-0.9220220799641314,0.6012393599018249,0.24302051563399074,0.04077537545613332,0.9674423217630546,-0.6841316094701849,0.9233668717786283,7.258330251578975,15.52897517632715,27.940424059343705,8.370943760235939,16.055413222198542,0
2216,1.9627161348522866,-0.08379918429708266,-0.295744992473121,0.06322996511898626,0.11673280256912714,-1.6863800172688097,1.0393148651425943,0.9811854779104205,4.363796210982977,8.735976533469996,16.687179548752145,4.989793580840453,9.43506504604558,0
2217,-1.5103608796731538,0.3660117641854148,-0.10202402529681853,0.43291668336841593,0.026936201948217286,1.1176044972245691,-0.8001294696837119,0.7705999554874752,1.880931508049907,4.02715291556868,7.549967733953447,2.1763155470591484,4.255047201977525,0
2218,-0.1841015426273569,0.26973619873508947,1.265373321144987,0.5903516038420294,0.0811271825174954,-0.48661176078320034,-0.09087570721510985,-0.3166538807789214,1.804943704691711,3.2388602247586196,3.0400997782121824,2.0004282509069378,2.625213937389448,0
2219,1.7847353010096207,-0.4942843117047022,-0.2719611522090828,0.6225791397208607,0.05465125089390961,1.9330544821905962,-0.6166256636470827,-0.9373103165811922,5.4212480036526856,12.923707924510985,19.570911256655915,6.633570224528038,12.03811717789868,0
2220,0.515004449007475,0.01650691547026084,1.2991742396724675,0.3385058607167694,0.020338538693729084,-0.8512723137682503,-0.2562916560949844,0.16626362765160962,1.5472960603706714,2.786897833501875,4.196073719948337,1.7217880988828047,2.731259094034545,0
2221,-0.9019980356432962,0.10062664034761015,1.224137596697891,0.3389842798388588,0.09773542409064467,-1.3555070643710199,0.7231849081104536,-0.460658739279882,4.630800612014,9.601644752848536,14.378027277061298,5.386213400279399,9.121763132605087,0
2222,0.319211174022227,-0.39950506053463,-1.297792949814459,0.2557301924488246,0.031804599106702386,1.9633688420131454,-0.5612109248684563,0.9488463635378439,5.296292971164538,10.905078409327684,16.752135316279727,6.076929063381247,10.493744915369708,0
2223,-0.030616753100539018,-0.5578700668647016,-0.32596760050291307,0.14674489399806986,0.12505248807681807,-1.9001536534676233,0.8964666035889917,-0.9081659030958236,2.3236484211320674,4.745285193432211,6.007652987514325,2.752569132198453,4.198232893843426,0
2224,-0.8015682738826682,-0.7202265595144464,0.5557966377622119,0.40985738479443284,0.14090093592718061,-0.6690961945967544,-1.1022021755988156,0.5233181263902669,8.07153323503177,17.758123898282975,31.860721464161834,9.400052288291741,18.24711880807215,0
2225,0.3180025987028694,0.6548706104888278,-0.2215842837791755,0.5905449290851605,0.025659855922420222,2.4976327741592055,-0.7832472603141385,0.659601255317732,3.2637611849842334,4.52098960752796,2.2092114038148827,3.3648177110296804,3.3346704300010908,0
2226,-1.1502473241490954,0.5650159691883359,1.0837572510824192,0.7013127249678144,0.07135776703697647,-0.35593513441686975,0.8010987123137674,0.15897844590162813,6.329141333811085,13.537759823743842,23.781575628924685,7.414826900553278,13.836025725999212,0
2227,0.4851073259541132,-0.527865757582757,-0.16152895739217987,0.2955591104534296,0.09979823386320512,-1.51758359990402,-0.22619537586650718,0.6974641179963152,3.3209877439660302,7.797119978654471,13.018799294780376,3.9039471930437704,7.63146682452464,0
2228,0.18578270835412924,0.7920879546496238,-0.802417668129958,0.35192266927861565,0.07506243347926576,-0.4971629634690684,0.44278454963407277,-0.7025603768130593,5.459648307029762,11.472052739777322,21.595879364936323,6.3022137798509,12.188495501508111,0
2229,0.07760156068743074,-0.7224552990479816,0.3875924663626642,0.6641985066195737,0.0029995570040346085,-0.21531889148032768,-0.01751137965529148,0.44050842130627443,3.4007339647450094,6.521912951070407,12.92221537586116,3.916261549533684,7.245084842456341,0
2230,-1.7011202720998568,-0.187958437459808,0.8564436935176678,0.4257156492086995,0.1124769282169892,-0.6799510986417094,1.008210436526052,-0.8453094835609702,4.587248498816634,9.762768445487154,14.334553702949869,5.308329379425341,9.136204132118632,0
2231,-1.63534237678881,0.05697180981809269,-0.08752845289304245,0.5107740219719212,0.03435842021088271,-1.369858545115622,0.5978629626472889,-0.4164695985906537,3.7760274680968653,9.05648933318016,11.470329176505428,4.537179046665777,7.744571698001313,0
2232,0.9091669406400089,0.2814139701591596,-1.250018540012479,0.5689037117888592,0.13192730619088883,1.583231286738112,-1.1787315218645398,0.0794278122772476,4.875025765768129,10.439054510779146,15.746157323441864,5.765147812846971,9.894586061281437,0
2233,1.6533488470936866,0.19745134839833267,-0.6290217880406953,0.1556357135998379,0.10274212940324429,1.356269673564365,0.9902034358017608,0.8114331670662105,6.113864527580506,13.746217696724097,21.105678227045406,7.158861901554231,13.005614325560426,0
2234,-0.642879335537136,0.20775386301156806,-1.1954424424230186,0.07557004013103796,0.010720285020081988,2.135721230439561,-0.8341621770540155,-0.03534760302274287,3.3655064255518425,7.022228288789185,10.942979440690772,3.920543341878235,6.791268580697363,0
2235,-0.267710540822371,-0.3504577807466911,0.11319195705430918,0.0022327123788708826,0.05702240074793961,-0.10327969765172984,0.7279305268927212,0.4019268586032907,1.6598535913151367,3.6875484419491564,6.488447532273581,1.9370987901187138,3.7444647486732334,0
2236,1.3990472160718292,-0.24740352946975763,-1.0772834166078344,0.32084517114644245,0.14445894508875112,-1.4283620297136572,-0.7805871288622481,0.8886745523181514,4.701932902641524,9.299024411677486,17.96699366539698,5.3550032538627725,10.125885619301075,0
2237,1.7996923392408513,-0.7015262911401687,0.8083585846535972,0.3437940033486164,0.07383235740073825,-0.006559267709269179,1.1240917466840246,-0.6306777714998228,1.9111957751172448,5.14295154949925,7.437666293105782,2.413217712740248,4.588865856590708,0
2238,1.092254941011273,-0.9886517832807833,0.3858303207264171,0.5221423813592477,0.11305593141760316,2.129811814030627,0.609204253573534,0.4642879716790176,3.1883685308751692,6.703177230587693,6.363485158822794,3.7027560609366037,5.246784882179357,0
2239,-0.9848499347161002,0.9856794183429589,-0.09477356722822261,0.3339600818233785,0.07528163599156402,-0.5297177212315829,0.22473017094229086,-0.30075082042994716,5.46706485584537,12.345026588198136,21.084664706455314,6.397185373132041,12.308745382462849,0
2240,-1.0402206042216164,0.855989803591479,1.283485439912436,0.39699633022455094,0.14432210159164552,-0.4214142007782131,-0.27029071568011553,0.8338122714283489,2.9793719928650804,7.1066111613035545,10.091915737970764,3.548991836263939,6.408268851268213,0
2241,0.5316680120926951,0.5250347399937645,-0.26176850530793616,0.32560133158081217,0.012495555731715069,2.3337194230688665,-0.6528984795789455,-0.01146587273213795,3.0319817089715206,4.201630551640713,2.2288011344516763,3.122554857171018,3.1509795042362745,0
2242,-1.5415589126157179,0.2939072267087326,-0.32737364925669876,0.6141294992739421,0.07925679817319474,-1.8526034240753115,-1.1742227793721296,-0.5751026353993911,4.768643601532693,11.548916194459903,15.217366863101061,5.712839024512114,10.031761900179308,0
2243,0.8973859792818226,0.657028255201727,-0.4759948930211566,0.4287400569862836,0.0360019935687834,1.902216204599804,1.1164971501820367,0.5058800474538798,8.249927276929917,18.529008038496478,30.971906143610443,9.684795682931275,18.293732006004177,0
2244,-1.6444531176326755,-0.1257628387621621,1.4715170452499304,0.18350786345061182,0.10057075052632182,2.192817407138283,0.6556881318321295,0.21772031132855774,2.402406484309761,5.136305033432113,9.156030827844265,2.783263321995827,5.286749035875424,0
2245,0.02682063558225023,0.8576287246740664,-0.31579989867691394,0.7210151999076425,0.0646579393511356,1.2827251187941395,0.997713358241944,0.10128581725643904,8.399003648117427,16.917549541056236,32.38132347238809,9.668590854030326,18.276222083871556,0
2246,-0.7604806066629681,-0.8980265606826514,0.9277798905143255,0.4976079365547337,0.03945684717382437,1.8870582658079478,1.0087266330619233,0.7743321590257517,0.9476773453621797,2.5256937497275795,1.9171711605684634,1.1402665693438636,1.7311893336318533,0
2247,0.4060715934247341,0.9531632143385869,1.124416893605304,0.08340832395652749,0.14716589639390165,0.24403186334925397,1.0080861685391322,0.5206828696653636,8.6024809195978,17.60333110774904,33.7157042408811,9.950237868291778,18.97147866729756,0
2248,0.5902667014216747,-0.3466552366872728,-1.4189099292469975,0.22138900195366684,0.10287304843103932,1.8155745343579,-1.194368166922849,-0.5840524524263555,7.189466955432867,15.711334825054779,26.859137515690207,8.4674031249859,15.774722101351946,0
2249,0.6922708616083475,-0.43272979135918743,-1.0748914378391534,0.06554887857881857,0.09568184952368339,0.47429908514172414,0.8606725731592062,-0.3703246655094705,2.3606369897140103,4.907500085819281,7.587883301188253,2.794024924427731,4.736208605459235,0
2250,-1.453125526657789,0.598310177380369,1.464557774556999,0.288311632494575,0.12980244213598952,1.3127273538043118,0.9878047074209955,-0.15125504683814128,7.157019674559473,13.955352819058449,27.848767279879294,8.23321984122016,15.51166391617118,0
2251,-1.594793980704703,-0.7632875872701426,0.7895952613741262,0.6906654715986944,0.06855251114055765,-2.2021455538142702,-1.0399055031365048,0.19720070012484747,8.536216122851497,20.12470624031692,31.576539615273937,10.179486351756747,19.08918722870838,0
2252,1.6744974008598805,-0.200832972588167,0.4518594455974674,0.4336062151654172,0.13346367666780923,1.6619380582111765,-0.721563455593431,0.355086197119437,4.713940706502785,11.910036347294106,16.28785528985247,5.705170930097625,10.444066796104572,0
2253,1.3900127432381528,0.860498763625078,0.269781421575666,0.14072898812841333,0.08373481261266684,0.8290950582917533,-0.5460262523518381,0.9460029642513794,2.4955688570852392,5.084662247148783,5.557458444493248,2.945025829261071,4.2358094475442885,0
2254,-1.0826949947677043,0.8227050434620766,-0.22445772742607195,0.00044333186632314895,0.08149336100249678,0.641429329586733,0.8864720476999144,0.08112647694052688,7.52550705907668,15.301514368569316,29.79411239314066,8.69799698761867,16.656139844997863,0
2255,-1.6234824713890736,0.8536271186125557,0.19606437277641975,0.2172249535777432,0.13482879247327406,-1.8954326381648285,-0.966041186367932,0.0700181876011634,3.6367550483373274,4.797255509579763,1.8589946692668815,3.693043806659081,3.4572059488211,0
2256,0.49953691122483823,0.021918334782946358,1.286976141337297,0.21025666778087804,0.14853526138140927,-2.403253327770063,-0.9155184128156335,-0.6286473879451759,4.7812193624294945,9.92650127853194,15.527461365510382,5.477361510836902,9.618290753025235,0
2257,-1.6816970917818934,-0.123564267141971,1.0961165271363589,0.6566074615041044,0.11171352840714256,-2.4629529903227114,0.8776944642149476,-0.20700181608957036,5.403532096746792,11.257559307380557,13.219863566154388,6.340702332135317,9.598356724298053,0
2258,0.9265510180955157,0.4538373689274571,-0.9674369183443916,0.4123158780674608,0.13892714384191113,-1.1847568495906002,0.5160668352036837,0.9161020785877414,4.394208414446654,8.34098871790729,16.44311881883657,4.995803079706366,9.25307509332779,0
2259,-0.5574752974824304,-0.22473265461669567,-0.14231247237427924,0.647231393335555,0.06589270826042413,-0.06877021996312349,-0.6664380245513347,0.9766901307043814,3.894965235781108,8.780084636156301,15.587904632756441,4.4893295837175256,8.927819309779908,0
2260,1.569416615879593,0.2005086260569151,1.381680214379756,0.549598213397904,0.1438658448778744,-1.6923206663018515,-0.6589022234326061,0.7703649272767881,2.1591631378514653,4.507403347020315,8.001817160453779,2.5556619235329263,4.65608128595096,0
2261,-0.3205024334935178,-0.2576845917948638,0.763006069152032,0.5042605281354877,0.051610739965086395,-0.5106970622363654,-0.21987898007963003,-0.7473373438619115,2.660213119585535,5.435056461504417,8.282504435644462,2.9649012251992137,5.209822327540246,0
2262,-1.0817842821192865,0.07506056320500742,0.8454814568354987,0.33523862754337674,0.057502919937893866,0.752580767652586,-0.822590726687489,-0.2384993511657938,3.4147874831781904,7.190983603690816,13.005708196627715,3.954374825820293,7.478881267631045,0
2263,-1.1674550552120246,0.3032924686558296,-1.1629079552517678,0.3582582556819543,0.08942730856386126,1.6683772143912012,0.5389230634226518,0.8857262420277257,4.103622872106374,8.14916898975379,14.99173916432916,4.700933137312117,8.64345262158801,0
2264,0.7195136290117814,-0.3016207301996403,-0.804828352456734,0.04526592292707221,0.04163814250649498,-1.8157565557664963,-0.31386053341996356,0.40515627850521096,2.7185585917207327,6.501869376679591,10.681071150087382,3.1792413434797546,6.288373869894286,0
2265,0.7681360968525834,-0.36366714127211597,0.025657111848263803,0.1734172558414393,0.07544650778010274,0.05040938115057081,-0.4768875865958355,-0.4810644075188206,3.680676365457747,8.222258081151644,14.633926347150755,4.301884796421754,8.391246717770219,0
2266,1.9182978559267276,0.07424702219750734,0.18622989473194806,0.0062352722944495126,0.027276117245317522,-0.7168901908998859,1.1183537820450449,-0.6495165314258848,5.259225034545252,11.580999611451261,20.785286317205475,6.121540420614147,11.899807331022009,0
2267,-0.7868411546925294,0.9803139875699585,-0.05667407299231164,0.2547262203761812,0.09515383807302301,-0.01848857741778076,1.0978778199394992,-0.8336099040159095,9.237808439688893,19.151167687640132,36.330254504434976,10.668249528200203,20.48259414234922,0
2268,1.1621916820706453,-0.44182724307403,0.920007992970695,0.6781762724662932,0.12738342870350977,1.8334784944421099,0.5235060162794176,-0.7151917065702795,2.0561692877561852,3.849889661077242,1.3487321299413952,2.212341044107408,2.3976714280431874,0
2269,-1.7923896260048924,-0.31846951243828436,-0.014790424166767568,0.2420967205916421,0.1113310400888394,1.1122173888396238,1.1326188026729864,-0.19885381900118104,3.6530618643614856,7.589314740989802,14.165688278981996,4.207746602502661,8.04319412555025,0
2270,1.1429106432390537,0.4823999414806137,1.4662485517268808,0.6188922009674919,0.042536179605309324,-2.4236380043613304,1.1235987707490669,0.432138087689494,7.23146926290346,15.237643932580951,28.133995614665384,8.344350206041034,16.01536766364904,0
2271,1.250426511743393,0.5864883088575046,0.7072832699795075,0.6011795748673403,0.13941872771608027,2.0705564096423688,-0.2898558099840409,-0.9380769527343042,2.4255656255882614,5.727635397387192,5.041925688741549,2.979133192526368,4.256451332767738,0
2272,-1.8452736260157332,-0.10672327095306255,1.0049385897012217,0.6780889812924175,0.060658437184488656,-0.9919418732601637,0.015843466635710124,0.6650864137398751,3.2101350063518947,4.305985964824463,1.6281877059110093,3.274589901621592,3.070751593288369,0
2273,0.5459844787086721,-0.7203883726809304,-0.4132981690243267,0.4443407321532304,0.0807393646930758,1.6531701004435373,1.0372122332175764,-0.7990738116494884,2.229101726655993,5.219707052597199,5.473343487562538,2.727620364061926,4.149407716450912,0
2274,-1.1023696386164468,-0.2156861787211568,-0.6108057556469164,0.3266323959667543,0.006108184292284796,-2.169933649185925,0.8120675470489787,-0.794836431776226,3.677462466998878,8.816441678941754,10.403492540339574,4.4411836777984,7.313337373663901,0
2275,1.296300447978998,-0.3869759963939299,-0.5723298903334326,0.08059762250144571,0.0019895072225248056,-0.7235569577730738,0.8048565751055594,0.8399109290761237,2.2654553214949584,4.194864152322434,7.295721034861517,2.5364334334242167,4.380455495946094,0
2276,-1.7536577754786817,-0.9381838723887825,-1.0235981396089997,0.6130318469485567,0.030732414903521216,-1.3459481280276702,0.9334624749390945,0.7498980775170694,2.0895630290973726,3.2575510933858807,0.06873110850789743,2.198656569052814,1.8446192262026264,0
2277,0.6811568776806749,-0.6719724390370421,-0.35655243104528456,0.18894192492728418,0.1007768372764693,1.3996552709031391,-0.8588790671578665,0.7959116658140377,7.137444316509107,15.27262588245205,26.49360711007329,8.279937165826194,15.499096909292954,0
2278,-0.1486963712646534,0.5900117089898966,-1.345087174374113,0.28846494961555014,0.002217142154598778,1.0924236571782475,-1.0093176714451555,-0.32342841794711097,2.3207741635074246,4.438266960350987,7.317675321293349,2.746649242001296,4.497679857745657,0
2279,1.1269947225552266,0.49793295686582795,0.42086886111852806,0.5552165110731111,0.09768469876553591,0.7063797950341515,-0.36082886390064073,-0.9436685918462888,1.1404577281487218,3.304140390538218,2.6424593894883093,1.491977489746504,2.275315001427225,0
2280,-0.23269660073688003,-0.9090806968193106,-0.09339781462907437,0.3712631813838053,0.026808230589572882,1.4213081518459303,0.49010242058503484,0.1190790814018885,2.1168624938897107,5.157863984357798,7.340011381966097,2.4826063734198405,4.632681995406065,0
2281,1.7036343204867492,-0.4256257735795783,-0.7139033356050195,0.14674865244191118,0.08166596816725498,-1.4732140865070975,0.8853493881638836,-0.39138045903239216,2.043166710334265,4.3481466793955414,8.011334729004727,2.39904963246339,4.560699398866699,0
2282,-0.0362759590557582,0.05902152986032472,-0.5770603576935046,0.5907356968557506,0.10381094043506348,1.3040551411062227,0.25420912749838553,-0.07963541548024455,2.0328081061090724,4.492097947813713,5.376512147034995,2.3745125359641994,3.8078767138837537,0
2283,-0.20433161382993514,0.43306912323693103,-0.368894276833452,0.3498078248897488,0.024550667883305153,0.8981522816069005,-1.0153806018364964,0.9810243217609635,2.926767022816638,5.428573767012701,10.145346116014021,3.304733474681176,5.880679419221126,0
2284,-1.4250496913215374,-0.23404320776314735,-0.786658101305156,0.23252650078707326,0.04836798739560969,1.0916831952718948,-0.7758017444293226,-0.4722869156413201,4.48543104955433,9.250593058854054,17.65040083339575,5.171515572969649,9.933079039838203,0
2285,-1.5951756389182234,-0.33708000257184656,1.3237252300815658,0.30408718614666985,0.11660074560697989,-0.19148030999952947,-0.12096075765112424,0.6479418880068293,2.7994571697051276,5.677266880185004,7.9100216872533755,3.3400811186038055,5.250031833003432,0
2286,-1.8927221857049021,0.7297729984189598,-0.04437464519944201,0.28090174814724733,0.13602524264383511,-0.8007032411323229,1.1464736522068708,0.8727129985659094,8.356715244463317,18.92824039395164,32.67286688369863,9.797911978805155,18.96713795451459,0
2287,-0.9283071511330321,-0.318794560352637,0.9365026380511541,0.15648806581178115,0.10979273461072836,-1.8542442649573836,-0.7065467358096815,0.0010116191773354988,5.268896856409729,11.600731853228226,17.69914929417222,6.248597456317683,10.995493146774821,0
2288,0.9835269072656918,0.47885728710236464,0.32676681674023556,0.21769013911672472,0.06230667962151292,-1.2689286670791984,-0.5351581799020876,-0.3535519586028677,0.6799153657487775,1.2111820686144155,1.0114782595480447,0.7517641150452685,0.9459491196778982,0
2289,0.39539084413408965,-0.5848102228976684,-1.3722914424477073,0.5539637214393303,0.003270960090873043,2.353924089295342,-0.3593147754079904,-0.9868372553616347,4.772141039921694,10.734413412509923,16.480055467137888,5.722243353375807,10.16820731120843,0
2290,1.5383412456580823,0.19960906667365585,0.9521768845230203,0.34801977250877236,0.05312728245209001,0.7759472152396514,-0.22559790026129167,0.11241719604184275,1.7372730930537517,2.781776701457609,0.44056145119341794,1.7847871719684911,1.6663620909082828,0
2291,-0.8887084875410243,-0.33470918653844994,-1.253427710334836,0.6250975893746924,0.05232762404608457,2.374995727155623,-0.5765788221148996,-0.04989463946094852,4.463983302504958,9.869389339559998,15.809185294751297,5.267244649912827,9.569491846036158,0
2292,-0.7778711978464354,0.3878507498313475,0.9250977588612619,0.3896085844143021,0.055039133610931795,1.2237565953192315,-0.7405078942463394,0.19893267642426404,1.5872458707516248,3.8614386846193414,6.023396559773794,1.8143180004413562,3.623056134587564,0
2293,0.9344978410916784,-0.46146077724185464,0.4670980203420583,0.5881809160695409,0.017612494422610873,-0.8804625783041509,-0.224865484957948,0.5519147941197957,3.071246787305679,6.618834796356175,11.957079248885776,3.5491268930827573,6.849060939072564,0
2294,0.27002053165016004,-0.10087705372617894,-0.5436826539873119,0.0032490937799069643,0.0030330136445380516,-1.297768871318707,-0.9199425459957777,-0.7608268059444492,4.5836704420154675,9.95422883739798,17.81900643921101,5.294399355405842,10.23651165112792,0
2295,0.4109584962657853,0.21091064644038915,-1.365683671687971,0.47514820144033065,0.021872789105055235,-0.6138713259638029,1.1752412632021974,0.04401072644089776,6.250869340953196,12.236210499543985,24.166636563737654,7.19689833736115,13.515804755006565,0
2296,-1.8632479465506195,-0.3046835966415835,0.5126944765102981,0.17967830770807203,0.14466738554378644,-0.3735315105454222,-1.1493904638174948,0.08113232922591762,6.687226252744224,14.854924677959609,25.432139767082276,7.802182349898038,14.872505444325636,0
2297,0.7047584974101482,-0.08801764589652872,1.2845125193215985,0.7215457339724851,0.020844010972913673,-2.1002591632777157,-0.45045840616610344,0.21626532453537295,2.984713224837996,6.489462340944929,9.412705706402415,3.4471082852052093,6.0107752101761225,0
2298,0.4063812572613581,-0.4567138005499536,1.3533016403310016,0.24586537337242725,0.12062991541517344,1.6599009029235088,-0.9637559545743779,-0.5348941756382961,6.213079518542263,14.362127306236376,24.828079070864707,7.260785553924851,14.347064324085487,0
2299,-1.1392339681990253,0.8393026335495992,-0.44668522818319434,0.6691770667132059,0.07170270032659125,-0.21390477902989824,0.9682112582237858,-0.1181971856111459,7.95972486797316,16.746919586306426,31.55363112530442,9.19287278918568,17.79736995279377,0
2300,0.979407668923705,-0.1512449964192657,-1.1943907902710622,0.04247583559795851,0.031236026546804685,1.1113401811355192,-0.30324067175881275,-0.09178483722494923,3.149906988859208,6.0586632640169835,7.9474645708655265,3.6816479349710876,5.514975240619624,0
2301,-1.592494405929807,0.246075199576119,0.9103446312058558,0.4997465952034896,0.14769211227379592,-2.4182930424376443,-1.162392414598749,1.1206230080551549e-05,5.503382100144332,12.474195398295802,16.13080020023587,6.56553502713856,10.889066812316656,0
2302,-0.934367764491773,0.37302081070200765,0.8796304606593974,0.08194872702639976,0.13760073041193535,-2.3503853109694943,0.45216942670679217,-0.23099846748542174,4.905239836708041,10.861867277730072,14.826697172771514,5.812591357987462,9.759400421961633,0
2303,0.6697568512395291,-0.804727356778207,1.3112409583163664,0.7499266718720148,0.07791012212641675,0.04792267032572273,0.32353965075289026,0.16013790109507542,2.101375974984713,5.17185706543653,8.482382354952204,2.416488020918682,4.968333420703901,0
2304,0.17418626731004538,0.17838229777186632,1.0758905165360084,0.4888534236646274,0.029375153219511705,2.0695602018960413,-0.6816945154011701,-0.6696766104179503,2.346420384695528,6.439053327182057,8.797729114073643,2.9875311029916225,5.5737139580845305,0
2305,1.9882313162554452,-0.5731666110939435,-1.1997199240217777,0.4496057686954405,0.12407906155124895,-2.1962464006834894,-0.02374997947614399,-0.8629953190860218,2.6747243996529466,5.439282227218511,10.416544834172377,3.0981997653586997,5.8689854148490195,0
2306,-0.28523552844286826,-0.31207974245935,-1.0886117456008306,0.7448168187441727,0.09523304691785457,1.7152815028910355,0.9742668700356238,0.8603706619769751,3.6866870231896907,7.059203067285972,11.590067422383086,4.197863447161166,7.120573598573741,0
2307,0.9924584654775148,-0.3861033695316054,0.9867978565660604,0.4161463291856559,0.040748088274015576,-0.5711309500304012,-0.4770635261445394,-0.0675919199939452,3.8264827960334817,8.402733798378879,15.154668094118698,4.387210047226078,8.653886411281924,0
2308,1.1253405524836486,-0.03026531631493312,-0.6964242657270556,0.0699224597432246,0.12836341306943982,-0.4131569661182768,-0.13938589110091737,0.5274431404651436,1.5276551769650024,2.4812712220511095,2.780181932632878,1.702300825006561,2.206962581995353,0
2309,1.3989059834592386,0.022289815949340985,0.39710350142576134,0.19132536043118684,0.14026019183490396,0.3396063403087095,0.5270517371884631,-0.7715738912948584,2.4723169135671763,6.183501810352911,9.315175183126303,3.0300438461258,5.694302556726496,0
2310,0.547683809430866,-0.2621004351929337,-0.1498110744645298,0.5457296258739223,0.11944913148126671,-0.7531738083248412,0.8957684453631136,-0.5620193916166099,2.7694313135830417,6.218266698581546,10.832833365823145,3.2514583929756355,6.2713052526938835,0
2311,0.2515929330504725,-0.6974690393305216,-0.632250682816839,0.7163291755178075,0.0017335164112431967,2.078055943227234,-0.4118351186067356,0.39159083975416786,5.456627959848663,12.67953437253452,19.36099620509514,6.42921530098984,11.892069091342481,0
2312,-1.6331268222633288,0.28254292467328335,1.2283838392955655,0.44416154031998645,0.054318224742521376,1.4678881004809692,0.5105410184918227,-0.764614878156127,3.8117324962410697,7.09816260375673,13.843718679829063,4.369581473917895,7.863042281339848,0
2313,0.6628061475065459,0.3293116921697592,0.7557635020790938,0.25304549211220523,0.06019169724611939,2.3001902826790595,0.1762966098667027,0.017009954196289145,2.862958772370462,7.54965573543893,8.816509987221716,3.6035140858114567,6.129088757090478,0
2314,1.9473987688083905,-0.5408847362078886,-0.3061892698235409,0.6079068492766312,0.10696508719290666,2.3335032153794106,0.370320817927402,-0.3738100535026281,4.305383978629575,6.4159372209699566,2.9971817574574398,4.409888289282205,4.556539716045312,0
2315,-0.4093921317813005,-0.8205741519664203,1.2711607749662392,0.10293441819695391,0.08185555861146714,-0.4930243769126603,-0.8778633287214301,-0.41401549275040384,7.71667989737246,15.651199645203167,29.543352932399664,8.882134203631745,16.76158316285576,0
2316,0.5342760636165003,-0.9374970177782684,1.3979686000538782,0.7272764943760405,0.012690216948975453,1.8417677417694502,-0.4114290754842075,-0.8649911029484516,6.069900557854076,13.64831098998897,23.54169277070945,7.0935728904348405,13.687328584609233,0
2317,-0.7755486628324175,0.61777498843457,0.49749435650376705,0.190847680536311,0.10787647148553628,1.0391055725526952,0.5828672724166652,0.08131333532747931,5.25507261100083,10.618462097563853,21.05138536172511,6.080969102716911,11.685572931358628,0
2318,1.275782608482812,0.2827244359138268,-1.1238023707668225,0.648204790204268,0.04856521575666998,1.0251735909864679,0.4203160946203337,-0.32817495792658,3.845120617548301,8.077617238128035,12.143391234027764,4.671528264104732,7.686991553321702,0
2319,-1.3532653660452714,0.38991617588071525,1.04707005923823,0.6705850535476281,0.0939757262799549,-1.3629636513260763,-0.4410960784729172,0.5092553618787532,3.1834663750963728,4.143619685098079,0.7530323294888843,3.242904495965145,2.748325966501515,0
2320,-0.3565842811722888,0.464994836936361,-0.571650022220623,0.005054597229385571,0.09052350969844863,0.5045817755270035,0.3061312386719919,-0.46362872846303627,3.4192260633772182,6.822858165880339,13.526714428836948,3.9586124092440493,7.526500838352756,0
2321,1.2442838012463557,-0.02506632233926931,0.7871637269545415,0.4888747715010118,0.0624106222203481,0.8981342332030602,0.1799456544289333,0.021422266795774636,1.6374727889045468,3.9459653729058677,2.7146746967285833,1.8906530008522389,2.6784991576469235,0
2322,0.5942421036772276,-0.8281220472661412,1.2307832680662862,0.2680656368658883,0.033703944538054406,1.3589817883808903,-0.6450674709779562,0.99153924640212,6.564693447705066,14.783370890974563,25.648648330624738,7.617813756215987,14.860795176412907,0
2323,-0.3180298337462282,-0.40675118267371335,-1.3138047821217795,0.03344334189105611,0.014271084171055192,-2.4748358559394408,-0.4149840494257432,-0.3790911997983881,3.86627842354108,9.956544505278265,14.356409087890864,4.69430719657629,8.92320032467069,0
2324,-0.27963301824564324,-0.5341541535178038,-1.3117765261676406,0.056930022362359,0.027321956295777442,-0.9170523656544267,-0.8448190794827704,-0.2697643527711413,6.089153745448994,13.256174639634914,24.09540622552823,7.048354154907206,13.73705579867436,0
2325,1.6888806134487928,-0.4767939809407664,-0.9948020489620594,0.5318210024017854,0.07363215569410479,-2.2637299209537143,0.690737594799333,0.4306859437075521,1.0981048700425056,2.7845081466610937,3.919357840482432,1.2041187019282142,2.461003127348631,0
2326,1.909193446961365,0.8766132391245913,0.252744880875732,0.5488170348644901,0.06142602359802407,1.942335932645233,0.12674118047843508,-0.34889734732990907,5.0275577146463295,12.23637109904864,17.48137919062877,6.1552263193819945,11.039115033235321,0
2327,-1.9620340323616698,0.1728995299539995,0.07630167154468359,0.6495017422904826,0.028050693945995457,1.5770063392367062,-1.1633193353866473,0.1746267553994647,4.331805708409681,9.664134075823647,17.279377877480034,5.040070448327108,9.88660234334672,0
2328,-0.4125903950204757,-0.3369589573152165,-0.20011209849983835,0.17887318895925813,0.027513847964996275,1.525534420007248,-0.6533800794464463,0.47394398899273193,4.559637302259039,9.73668007755383,17.31320061632141,5.280469786246189,10.010902377464902,0
2329,0.8454421777705292,-0.933199168585995,1.1432172605626354,0.6314841040747043,0.11941008741350763,1.5459552610951341,0.19812774978015302,0.9867617337755243,3.6196891335508186,8.932668109402563,13.136240301114903,4.219497752024441,8.12852903842293,0
2330,-1.2833914380901796,-0.8553281381166504,0.6125024171382663,0.235149789916549,0.0912349835895079,-0.5414919353057868,-0.3995420195975916,0.7864972491897448,5.633775711154524,12.859454706725671,21.819019140933307,6.633898020241139,12.757064669668164,0
2331,-1.4318261655522724,-0.6220286912127018,0.5035225586102419,0.6260808102121039,0.12483217379773821,-1.3442514182887404,0.9170722038946895,0.2191013128491106,3.008106417610893,6.113552890422641,5.472780294092885,3.3539003094551663,4.713721911583442,0
2332,1.292873675656173,-0.8629561195935607,-0.4293169920437354,0.4198911875925351,0.08654355488734289,-2.004642229631469,0.09277978704522116,0.33097286618604915,3.4261521129730452,7.041615811267075,13.503651758066203,3.961476521787454,7.587573556870643,0
2333,-0.5536196569413092,0.0014784885612615373,-0.6223007350678204,0.6964002174975884,0.08988099100350395,0.25636948067947873,1.0664578221065042,0.3298630473202184,4.875825578956036,9.680231458870319,18.515589790093983,5.597602034388549,10.481254251814956,0
2334,-0.8807062338422877,0.2835061623878985,1.3848703699596645,0.018846604741838836,0.09398865105164914,-1.7158251955677533,0.7595028265593342,0.281369059282514,5.3466147878209656,11.759579772008864,18.114075220651813,6.317368752251035,11.197817809369596,0
2335,1.7479579718782658,0.33915572419485973,-1.448343320527066,0.40828307552066745,0.13555020954242328,-1.3384849791433546,-1.0010486299682764,0.43977573844368356,3.3078682287307055,5.83520544006197,11.413743424245025,3.754249065579042,6.542470034469214,0
2336,0.010034267756479753,-0.9048094772105968,-0.6602543026817278,0.26139891811447624,0.10017922169812529,-0.14199889644616936,-0.0307432162533956,0.6132073991891549,4.162336396594519,8.266754512501793,16.38447141661699,4.800828972602937,9.124151594974284,0
2337,-0.8863316059941475,0.345145483150618,-0.39732808551382526,0.3346960380372835,0.08338536197561412,0.9782340240114609,1.0684686261584988,-0.4619776748834541,6.260874964596887,12.548080694681474,24.686867668322208,7.227887061319061,13.771535704412077,0
2338,-1.5850191214316984,-0.14241615465479263,0.14014799645301856,0.18240288323137854,0.1335743660947128,1.494235079397785,-0.015206607738734723,-0.09987213392882266,0.7610752543484892,1.5465102012359553,2.6000563682623596,0.8712792993021163,1.5594204770842528,0
2339,-1.83703497318155,0.07377946555255277,0.2872412862716618,0.7133054251619599,0.07516470986197232,-1.7131128866093537,-0.7678634370639625,-0.6802651629531382,4.435758156063698,9.82935926009945,12.038198603438635,5.334543016066192,8.424449107487154,0
2340,1.7541394962222445,0.5867785147208144,0.9742983789601611,0.6723468150483632,0.014345196388488789,1.0108842809080603,0.49040811005286034,-0.5503565841385101,4.751982901118777,12.32568277976158,18.807637725895894,5.722846161521052,11.33787563818498,0
2341,-0.037336919043050365,0.32486176823696944,1.1920093107378915,0.08834040874398684,0.13382897310099526,2.1120748329691965,1.0166636035777137,-0.9903302157896434,5.910644970921727,13.604525499507828,23.29480724855609,6.91451366244108,13.534444681939801,0
2342,-1.1160049089807247,0.3824904720507425,-0.5347806570351672,0.048866633212690226,0.11444131208239061,-2.357039037674566,-0.1295488129628546,0.8951521815109782,2.7221162243909003,5.765183208859179,4.317889512821743,3.0449921597757412,4.146055899799121,0
2343,-0.23906869454366086,0.823774570805613,-0.2729872622123386,0.27734888728156765,0.016107420389853515,-0.7095454548640041,-0.39123242394766444,0.69310237195397,1.9618202387294341,4.655117236376187,7.531470412235283,2.325984090188903,4.477120775221161,0
2344,1.6796606968639445,-0.9561398284933402,-1.2052307683589978,0.5145827736721466,0.07271143321357415,-1.01560682476452,-0.5762230566808128,-0.5506508209627603,6.87811130761944,13.500149937318435,26.80750889518629,7.920353814936942,14.947766423530943,0
2345,0.10180347703254844,-0.9650401270256799,0.7166531294068741,0.24031040631258485,0.06402471768533557,0.13526098921029295,-0.6927369534536424,0.7674052948474042,7.262678472516501,14.819729784014315,29.01780767728474,8.401319564509446,16.17019673659561,0
2346,0.728373020713069,0.7405926841393327,-0.07364818420729602,0.3459683663915278,0.03557138527637124,0.22420180603729634,0.22359257596297577,-0.16015324591632552,4.268345959043162,9.740438204069884,16.844232027451795,5.002038564433747,9.756108713612827,0
2347,-1.4184697587494441,-0.4537910754087937,-1.4572454714478997,0.25531101425433134,0.087113846493631,2.2785554891850257,-0.7730476886653714,-0.8890709389450406,5.47068658225721,11.953011436534274,21.592702474119065,6.400604176566673,12.34498056552983,0
2348,-0.8147548485141516,-0.6864046036627938,0.5865569906821686,0.004599331621332504,0.1471300638409319,1.7783333763117541,-0.02239057901909125,0.8418844396138139,3.247208397785905,7.3922140710599225,12.58045114788207,3.753214534517723,7.341283538470141,0
2349,0.5122373306291084,0.9875297533783389,-0.6650813957715979,0.7975249140940108,0.027037093818310837,-0.7329081618047983,1.044777792816227,-0.2589154294925631,8.918427118854897,18.286444779022688,35.48493849117638,10.316687081389196,19.83861182485511,0
2350,-1.1606544917205337,-0.8810257890535418,-1.0531253708336792,0.28417875225694866,0.06318480787030632,0.2122556721011981,0.7526111868652337,-0.9731703003632317,0.8230010639773524,2.2916815549765737,2.2646861024505895,1.0037491174749105,1.7141855281688454,0
2351,1.3644645249223073,0.1544986860462183,0.7694341748535058,0.6055833765660195,0.13548040189609284,-2.033098955828259,0.17163669205537158,0.8180590567896413,1.5968767499533882,3.982264388412206,5.487843596642085,1.983532312602065,3.51844865176251,0
2352,0.8768252561528769,-0.8068301770069242,0.3418929326392708,0.6399047273607557,0.04122926794585482,0.6624661750835692,0.816989331345946,0.04773391181630915,1.330012243954292,2.1131549090068806,0.1972841831283122,1.408219874881237,1.232957388314969,0
2353,-1.2232511966182975,0.09936424423348833,0.26401179946484543,0.32228221778724786,0.10194249367913957,-0.33333552655802823,0.9057722103707377,0.5832509350243638,4.473999035971137,10.670250218655205,17.751180920593775,5.309358205714632,10.399564873137498,0
2354,1.2190874633966002,0.052153410546570855,-0.9109565382279883,0.5795374552866653,0.010338202736914737,0.08787468076493621,-1.0728502044443582,0.05683737471402339,4.749767098196308,10.734984288009972,17.796375530696153,5.603647753076666,10.544702850378396,0
2355,0.743688676515621,-0.16160350716140304,-0.24929050033703826,0.09823508021932828,0.04527744079475394,-0.278631397074967,0.8725491327125423,0.7959598046781529,3.3065571446976953,6.6719071655485145,12.424352424117492,3.7804288600177998,7.098887906310891,0
2356,1.8143204080303414,-0.7994726057466393,-0.6113675661933372,0.37033033500267837,0.09626157365850783,1.0139924479974671,0.6864390926853996,-0.008252379879692295,3.2300230568157065,4.334678340172792,1.7982708847397997,3.3029408613399265,3.139185770652482,0
2357,0.22633706650757945,0.9211413781030895,-0.7799151606309124,0.6430077943073398,0.10677270515361816,-1.7995508163594693,1.0235800625234506,0.7107123122528969,8.542746040734864,17.856332199546426,33.97521680763964,9.905560786014728,19.10284459297775,0
2358,1.1180186115869049,-0.7464528324928814,-1.0809884067214486,0.5465587665588595,0.01609050227686481,-1.9334219704858546,-0.23932927931013814,-0.9892442224487563,4.430622978053647,9.839268639530719,17.225399469284234,5.134843483312637,9.962071674391844,0
2359,0.8859336112639791,0.08041398634965313,-1.2654775523560475,0.4348661987698741,0.008113180931539192,-2.146519470008838,-0.0348811436365104,-0.0003534989687097312,0.5454527332703335,1.5868657684288363,0.801179027244257,0.6593578791495377,0.9459850465979818,0
2360,-0.6440209084271866,0.24354291662366334,-0.337924792035627,0.4695684632103899,0.052467740609945135,1.0748348232948777,0.19028668190296227,-0.6799129063155449,1.976036528889184,3.9307109564096314,7.627639916662828,2.302843206687145,4.2906005412572075,0
2361,0.7450754207108794,0.5678718450669169,-1.302377796131752,0.48796847624048767,0.11856444840196087,-1.9267355111069828,0.9639658073640744,-0.17040242749448797,6.742776364883664,15.212643840248129,27.009030960678448,7.809574082289199,15.470292757971992,0
2362,0.9513592843948726,0.7980996936585347,1.4689114526108495,0.4671400512250318,0.10564108927547312,-1.2415016294129004,-0.5038887067550718,0.7015388538051897,1.562257188350294,3.2791043644533273,5.1515540753908535,1.8808865482903532,3.1859633432873777,0
2363,-0.4070243853906419,0.6448679088560756,-1.3482095563846417,0.17460273743432994,0.02551411334552293,0.1353373485122864,-1.0067266858640889,-0.31225912515738385,1.6788050797772005,3.290416155831485,6.342821157197941,1.9454319673557605,3.588155914577564,0
2364,1.9449804394023853,0.5884342734007442,0.7817742387598843,0.10809175955243422,0.054683865987301995,0.9029398564362694,-1.148099430615849,-0.1320470180477451,2.878982303703729,7.768900345815235,9.844070515519403,3.6704119649715543,6.514627146008666,0
2365,1.7143591568910974,-0.8353203862007843,1.218778016118001,0.15561729961682885,0.02836608350161968,-1.5228202061822844,1.0350145975277079,0.20748998878732539,1.069857558886379,1.7881973100956254,3.4599564451804277,1.1956237603353896,2.0149657702822688,0
2366,1.003155781187492,-0.267184787830657,1.119752807919335,0.46554970873195,0.08997523998098117,1.2616052603906862,0.6567422960139881,0.3637271431725799,2.0354982754567534,5.651372656364701,6.4300539709910955,2.571075342900738,4.492185005133838,0
2367,-1.5243602656164987,0.7334531854664497,-0.7173026517442088,0.7969553266743357,0.05782618976528898,-1.9000135120053618,-0.4413923937859301,0.14706848720139454,2.877429278876631,5.592718534984399,5.140006790809797,3.2797490869201775,4.411021290093266,0
2368,-0.43421504719032056,0.657363377938442,0.5466188862614287,0.17076045248326707,0.08082799574449431,1.4376600009911722,0.9389610037261547,-0.2101113301839168,7.018241318583231,14.761674684941015,27.917893915347058,8.129026853604046,15.722245661021796,0
2369,1.697858880605756,-0.9280610807610572,0.5300736065393048,0.6255877958737531,0.0637712070963083,-2.44512762040587,0.44888438464674496,-0.314871514924018,2.4086026886442573,4.666558024187417,8.430193797658916,2.793793489236892,4.930985702070866,0
2370,-1.392748181229944,-0.6857824469683793,0.8074921674939635,0.1499115393699526,0.07261474472132498,2.3519467982827926,0.62116487488402,0.09438729742946683,0.476186661492456,1.6445782078744458,1.2652534949900005,0.6121977226680003,1.0770252815738706,0
2371,0.11310141049679867,-0.6653451169067659,-0.16072927495417844,0.11591972312506833,0.012537317284656528,-1.9543138202038275,0.25586677596426743,-0.6128940344762874,2.414087066901221,5.356332132662576,7.14994918524984,2.887285285942401,4.7648390440383315,0
2372,-1.4026179400356646,0.7342619241939745,-1.1339611102966414,0.5645080911270393,0.06255003932210947,0.3953986888247969,-1.14394700520718,-0.9999615209668424,1.9281091664546406,4.978750472149314,7.123502020643521,2.330625287283374,4.442171026502579,0
2373,1.2689941760756978,-0.04911768298046737,-1.2860791906524218,0.27476488255243864,0.07595316543761783,-1.8225326157650013,0.11121107946609055,0.057501439674528365,0.6017418634151244,1.2315613204861533,0.979318721692287,0.6744977059894953,0.911236342277019,0
2374,0.4113406653769034,0.6205236105108771,-0.26166355983941436,0.710848022768057,0.07120106293649071,-0.21425517892843615,0.3736456761695506,0.2350424306495673,4.45272592872271,9.521104614528213,17.320909687738716,5.17084837461697,9.905506906758587,0
2375,-1.9542602449642956,0.9648611804483898,1.3280807584334036,0.22502875399724465,0.08378750102486279,1.3524258679482477,1.0091227778350997,0.1718132802489989,8.804014386456235,17.603669880110807,34.444257202705046,10.144511471119275,19.270033587893554,0
2376,-1.9242394682472703,0.3613558950744906,-1.2207657933028833,0.53694221883008,0.08811414030459505,0.7033481395740488,-0.7457815224350381,-0.01278027437608742,1.7391058411591462,5.168622731605448,6.633088679665447,2.0978036536264266,4.272025541091655,0
2377,0.47182717786691475,-0.3994141771716744,-0.9551302157295068,0.17814459110903932,0.1287025003664669,-0.1772823985249965,0.38657610474372883,0.029777728297990302,0.9332384792017744,1.5318370723558428,0.32778662464384034,0.9952679690325845,0.9373854497636956,0
2378,1.336509007496328,0.0169897342945724,-1.2200240612351079,0.15838775482652245,0.0019898122758031764,1.657621415298638,0.3918547999384425,0.518403836243331,4.0498991674244,6.69246530912126,7.137078539208696,4.559995274143959,5.819832432140703,0
2379,0.860080938785003,0.6489593774733944,1.4609085093517584,0.5227770639284584,0.0378398404440658,-1.9930497889507792,0.21539502814716593,0.5415141225616253,4.098665508494382,8.82133020706465,15.112513021614852,4.879550834625766,8.897707704614742,0
2380,0.24628685680511841,-0.39289046389010096,0.659204543717208,0.3583779968557317,0.04298836519384864,1.7054224401220548,0.18364507468369684,-0.4331040042274201,1.341502553510203,4.087183424579436,3.6252256779918097,1.7824341535490145,2.8944169121793357,0
2381,-0.6855826627243249,0.14333023076952234,-0.2312292180241433,0.1284152945075209,0.09157048985881198,0.9455503302612267,-1.199738888919757,0.07373863218676524,4.670704496636466,9.435136695669879,18.456665965564625,5.387099024462843,10.307462049807574,0
2382,0.3086459195302673,-0.33587189154206376,-0.4838062228855984,0.25412710586345666,0.06679921024919788,1.5596993942964996,-0.07433743897697109,0.9872974133621215,2.9212258746527437,5.675959053631131,7.137774674442256,3.3834609667945625,5.0588339774972955,0
2383,-0.4953653009326682,0.3985245123346104,0.1468970141722905,0.609830896898043,0.13325468535146448,0.05841646560158731,-0.01324989797124898,0.8854380597870397,1.8022329461072837,3.9938082448616323,6.667325356852082,2.1205707196874473,3.951067036315044,0
2384,1.734638290520055,0.9939934591864545,-1.0305722541366151,0.0028549789082219948,0.06559654531096562,1.1667008168002395,-1.0251455756908803,-0.25279673565322835,3.474641148066778,3.8830839655170766,0.6028080649817582,3.487137553153114,2.7368737088849953,0
2385,0.32583790715040895,-0.5749051498976685,0.6934259933347082,0.18363012398060105,0.12610080228207277,-0.7586333116102151,0.23675627375306507,0.08830801420001189,1.6578716979293135,3.2349136290093945,5.787972231979646,1.9112507585514864,3.395352343530655,0
2386,-0.8142131340895848,-0.12185675238128768,1.037919275676579,0.4386754285007177,0.008338044124100673,1.0651614546066197,-0.7621140052891352,-0.02787447298630452,3.9428492768369425,8.34091885995251,15.426800182011835,4.505814954145523,8.763751991054937,0
2387,-0.12584447717154879,-0.027026142899442718,-1.406957981022018,0.21791081536113996,0.007610320907834183,-0.42521648689554237,0.2912081454869171,0.3081482514185685,1.3930329958206442,2.8914843501801375,4.603744647775123,1.574971143304006,2.823975712463172,0
2388,-1.741807985361898,-0.762221790070122,0.484520335988611,0.424950119642718,0.1250118012342861,-1.4742891639282907,-0.9111785098166802,-0.275951707725306,7.88999664347606,18.24725467095082,29.246752268684908,9.26704222040556,17.541905296974093,0
2389,0.5482685399730864,-0.028065517289293185,-1.204220201706303,0.0570336711411394,0.10165404407382848,-1.0151589429163828,0.4067579304412694,-0.41017023384668816,1.7047515350377245,3.7962048347497817,6.3917718162961705,1.9640929623274441,3.7642277520578475,0
2390,-0.74082315262583,-0.5803705371733026,1.4511508845691932,0.012856232074848607,0.01908786507924523,1.6814509047086803,-0.8684118382547492,-0.43860621611785366,6.418125818208423,13.56298209784899,25.273602111927115,7.397499326453006,14.316162941040659,0
2391,-0.9488601268893637,0.3939711645157631,-0.2663964658805278,0.6724702581047914,0.1121140793608611,0.1555066560390812,-0.6022517385142218,0.584837619072063,1.0364650265164606,3.2621395349475613,3.61237342580492,1.3042800385282167,2.503721400033504,0
2392,1.4639622163780266,0.6725650222172099,-1.3448586971654939,0.5583669462843518,0.10559079544231155,2.2153776994808556,-0.5676519198503197,0.572693659019851,4.821529593700319,6.1170825858590145,1.7492923686560333,4.892514323327273,4.295622796797337,0
2393,0.7563860006492531,0.7574539423777324,0.5799240909423693,0.6819636293867564,0.05393630205554918,-1.7118778963394883,-0.32795511684978174,0.6301033776904892,2.012238550146267,4.365356335553597,7.544798821459997,2.373323388216744,4.414050450969632,0
2394,-1.473400089285509,0.27589035859015576,1.4626681655538922,0.7160119006364354,0.10067749924934254,1.46315163414081,-0.920456510242508,-0.0023324749728603766,3.0108949246370447,5.942735056879963,11.358784514128399,3.3744243066730046,6.431166779360922,0
2395,0.12764969309196594,0.5653915192518464,-0.6522199628653023,0.08518822915338156,0.10471707638807505,-0.03702935214334779,0.8215057433249193,-0.03702061292263026,6.162374179634306,12.281903403538344,24.309424796011868,7.101353526599939,13.53624606641535,0
2396,1.3850831167533157,0.015670003636838015,0.8480955294687429,0.5765961431358133,0.0399123810570196,-0.9530083745647961,0.9580692540461502,-0.5379857447399914,4.344558648579415,8.571869109869153,16.95333250852105,5.036702925525537,9.46459837264344,0
2397,0.7900022250437662,-0.7097597360053907,0.7654751137477254,0.17863187966346114,0.08910980591269739,0.3212174386851885,-0.7115657927195611,-0.017193357748620297,6.234871989675904,13.855406396638363,24.880434611992367,7.234308321320984,14.21464473162409,0
2398,1.5169921017716828,0.36105869630405274,1.4779631972974978,0.6276434087969575,0.09651831514545071,0.31601032077709057,1.0498287504689479,0.05402687470505807,6.304559086125225,13.568840852810787,24.719731828756487,7.297527635009442,14.107692293808693,0
2399,-0.3893089174567219,0.6689871587382068,1.3207332567610548,0.38313351352013697,0.020585778541890386,0.5418640910608441,0.5781174286297559,-0.25272783363311935,5.521582117088274,11.032098011779537,21.746024970467417,6.376418758247666,12.127553405625335,0
2400,0.9915154302585294,0.06210268528458229,-0.5959316087706116,0.503616982754262,0.05834213482745771,1.434127519776255,-1.1926079329995394,0.6363562319066229,5.614657472511019,11.814689300412311,19.720313880147415,6.5802830402704835,11.802926499948272,0
2401,-0.7736988898769592,0.9192531269599611,0.77749460287309,0.1928322278126313,0.14681987380972214,-0.0020970400163915492,0.05501711343503457,0.8190362681877308,4.324334858922517,9.258321503433827,16.956282339456845,5.042903064974797,9.665971917041434,0
2402,1.6736122699271414,0.3937650084332658,1.4353489186867612,0.26309624766993295,0.034850487660289926,-2.353716392763972,-0.36877214765331,0.2052666866241697,1.5374265060966568,2.202609199546812,0.4069750111515731,1.6014479585373693,1.4042480108922493,0
2403,-0.7784838003334773,0.15924051426418906,-1.3548427435083972,0.28327285171698485,0.11220073597210417,-1.9783656990451648,0.5156098935732372,0.5266222260189779,3.080458569646085,8.56291234725623,11.885131887256076,3.888216820118992,7.447372523259416,0
2404,0.2750460364674949,0.7721751061419393,1.3636905366769532,0.027741986362969498,0.10186245361058109,-1.3141274876323528,-0.22036005838841377,0.24630856501939835,2.903849050238334,5.901828140782907,9.562726281083984,3.377840301202093,5.848305071751777,0
2405,0.8490890813019059,0.6803818594825524,0.6161607548507781,0.6219191950906489,0.08986067990391174,-1.9147045813918755,-1.1485672442752959,0.05956609784305855,2.3940197719009095,5.062760281400605,8.38206144264248,2.8632807154417756,5.037980520327376,0
2406,0.8621641918071998,-0.7822688231172865,-0.21211215637315406,0.20494191740451584,0.08506395752053617,-0.5474862378808598,-0.7164779989580485,-0.9912145725211108,6.575708378086951,13.339295170357975,26.21992658051885,7.612359911334925,14.601715029822625,0
2407,-0.7138996184762778,0.03232429337262488,1.2876272490103773,0.18198081190906318,0.07683825989454499,0.3324826723717571,0.35814637646156644,-0.3428672982510961,2.2176289557565347,4.022763049955653,6.843681195114697,2.469323584087139,4.172154318656779,0
2408,-1.60207272204009,0.8427124803644843,1.3582662865607835,0.3505849105975366,0.08708624428767785,-2.3548680336034145,-1.0866824613235804,-0.8466651683468362,5.213049901441103,6.754746280045775,4.189084671688416,5.405623157251862,5.3876265716777745,0
2409,0.9549852593956838,-0.5455310178213004,-0.9466583310768647,0.006668266205427465,0.0034346316410383214,-0.47308123832503535,0.10002703362526022,0.1581183635358392,2.2575654033797186,4.380230413639344,7.779384484879358,2.578079052975989,4.582961995867126,0
2410,-0.16835527527633998,-0.08087745571432348,0.7594265557988313,0.231656107680094,0.03565767270134093,1.7716209401591545,0.45423313851860425,-0.04626710183425908,1.7405146742536735,5.111160824233235,6.542738658691764,2.2006223190312775,4.23838647905673,0
2411,-0.8983806978639719,-0.726836360842763,-1.3877364097500706,0.6818922863929934,0.0890078252095787,-2.2708525354406035,-0.8193902450525894,-0.4408714636935518,6.914828717710192,17.253553228937264,26.8527472345744,8.236753239202972,16.130014078286855,0
2412,-0.947713649144744,0.09678197844253789,-0.3016691304394046,0.7057732834095733,0.10791160509117322,2.053662846550398,0.8707647003826853,0.842738266986911,4.508902238421218,9.785296695302442,16.74243247104689,5.132862068007023,9.824275628231867,0
2413,1.9200458011550574,-0.37660712388107487,-0.8709581884390202,0.1321218897725945,0.09421326975236764,0.9048334908820017,-0.9891900138944482,0.6421431934652684,6.75994375192024,14.85944456065801,23.780912827667066,7.895079482128076,14.409598290286404,0
2414,1.132266125772393,0.25694786641157763,-0.19316256159109968,0.12292583070079673,0.07583884063978306,-1.7041535222925779,0.2519490842134404,-0.3800705393538617,2.294233105268778,5.109619584922714,8.876754019000101,2.655068748164074,5.149688887573885,0
2415,-1.0107749507848127,-0.11789724009006086,0.2421384007759939,0.2939712524571036,0.14454051017074315,-2.470511820374849,0.9908664442744259,-0.9986319010347251,5.097832173741087,10.743930151986165,14.824590946373556,6.064647678489183,9.806370749479159,0
2416,-1.133152245346304,0.9927024497091244,0.6842861271410685,0.5155986973712068,0.10891393212830956,-0.4585190649031281,0.6821033551831022,-0.6902639341634409,7.723092626863014,15.792985450345926,29.30570098676115,8.861659125442424,16.73269963173527,0
2417,1.175569549582392,0.8790533598221895,1.0730605515196743,0.5917287626427146,0.09770659697425155,0.10546082660813694,-0.25146412911314864,0.731307181719679,2.9051983984934733,7.03403700829816,11.003075010157026,3.4465260913442064,6.627345734219018,0
2418,0.5898342985923071,-0.1301993721706025,0.8543751543430744,0.04328300323067849,0.12196788763994479,1.553510863722301,-0.6515294080264314,-0.9246568201762069,3.428407817272256,9.200321555526454,13.83587837241292,4.160560552546169,8.355438378818105,0
2419,0.854831822119186,-0.6002567431405679,1.4880653721631973,0.00734595619413021,0.034468797187348604,-2.2896880136375115,0.6783737650805268,0.15739098434778653,2.345982259500032,2.9090214897182114,1.3680899414724141,2.4142561974985113,2.228353726957048,0
2420,1.3937381381836569,0.9252267413458548,0.3303445811262129,0.18540280289440958,0.01389741611964151,1.831305224897502,-0.6117281879553665,0.7870364493961546,3.356966348401308,5.926604346405675,5.480496794558485,3.738108256507348,4.803031072460375,0
2421,1.5131503984570998,0.2556184245405204,0.3119874617254794,0.7606611748215104,0.1134022652677423,0.9164088559028691,-0.1542221951556524,-0.03200310852623267,2.191545853842649,3.606318968025103,1.5991026139287154,2.2891845698074764,2.448008687719688,0
2422,-0.44431560667332626,0.8926420407198599,0.41435763957981386,0.6242908701790223,0.005579960262382588,1.7621315107092146,-0.19766808613300668,0.47432074963232673,3.1804221294427104,7.660431630874374,12.12496665768058,3.6851638421163186,7.2582625096109314,0
2423,-1.8398987407168974,0.7877463665719298,0.47953676879758333,0.3660006326970618,0.04553371485151743,-0.944879287756411,-0.47184450125664157,-0.7379482945096956,3.4292375348579878,5.466104239207221,5.562356336433039,3.791795262358649,4.716488959385339,0
2424,-0.14476184788369206,-0.09302729173186286,-0.2641900221297977,0.562475389987695,0.06297222940176263,-2.0549814158318966,0.8449430935528512,-0.14979826970546806,3.633038598341216,9.099513670482699,13.260633981216486,4.457481561843642,8.243704031196485,0
2425,0.6211426171437195,0.8597927093805724,0.8022453085974144,0.43103909694256304,0.08175333857636863,1.7476551854570337,0.7767175034179352,-0.6426945357451523,7.154045977969109,16.560356529429516,28.446295178570754,8.40530039190829,16.488739344981642,0
2426,0.5060043260737475,0.7314313168702227,0.9099222810271885,0.09977281304983424,0.06535392335050152,0.09116552304701386,-0.5812570690731919,0.3589987711008298,0.6566590356164901,1.8574234739917448,2.6409248907153007,0.7968869517956816,1.6261909152766285,0
2427,-0.09509402975468317,-0.4049825826940687,-0.48940642309766114,0.6853346840053169,0.12992997082263827,1.5618782870641885,0.9932851708390478,0.9046130173629177,3.2802954795328354,7.221155149997977,9.943427580178687,3.7124500892485366,6.504708471837704,0
2428,-0.0326883568803642,-0.8065927553006658,0.9002130219293663,0.5067455427253028,0.05707757853444024,2.3776657631194356,-0.38715551351127253,0.8152679573322039,5.552019812839437,12.601269008172835,20.73530286666793,6.51311406927972,12.317888913232034,0
2429,0.3703377922345683,-0.9267160318482306,1.081005324240444,0.6097695802042408,0.09637313194940882,0.5729357003848579,-0.6747948176258328,-0.5710277416013105,7.202741699463176,14.940616051918301,27.836749433692823,8.289170444633232,15.822949199985612,0
2430,-1.8833102864128288,-0.691725073892618,-0.49055620711049164,0.432579917073464,0.019621283624658304,0.28786090136684006,-0.5680317090916913,-0.4920777501152762,5.673981470346389,12.252004879407854,21.98727196979016,6.543570819838247,12.628334577847145,0
2431,1.7917768296255177,0.9846890876769345,0.9343157898027821,0.043513584586721346,0.10929475658155927,-1.6078713410084116,0.16613115293013703,0.7874272584181765,5.089386723843705,10.171803486551878,19.88782502334395,5.866255706905418,11.131330140812402,0
2432,-0.4792174730234131,0.8576833701344657,0.6251166520179381,0.2408094506861339,0.014237579831915991,1.5767564238417862,-0.1006574196168113,-0.8546130236800651,3.2977021566828006,7.603885728736729,13.19671384532955,3.8548363296786388,7.614974152192587,0
2433,-1.587510571459792,0.93392276379096,-0.7709941365133015,0.7732729422859036,0.10217393695468559,-0.997544490856654,-0.279053101815651,0.5540768882160025,3.032079997910791,9.056200778936788,11.502026891040783,3.838737652810573,7.4609660656475665,0
2434,-0.2583400842984167,-0.8504984446714274,-0.8105576112909392,0.6882759783977795,0.10442612054672297,0.005080555873830939,-0.61081039532252,-0.050818769820006215,6.42228946739662,13.183478135613148,25.681195445511193,7.451702063874468,14.331259120943736,0
2435,1.1553962311100583,-0.8369136057156563,1.4843034562056654,0.6878100350871484,0.047694867427234396,1.852883569411084,0.4361148717679111,0.33270885419865803,2.296402563952553,5.909508822530818,7.011556484611615,2.9827800325094946,4.863518364579445,0
2436,-1.4411609242230803,0.8117892814102776,-0.14897460923587436,0.6425822066718533,0.04492856855391142,-0.9599816719875105,1.1152540319565893,-0.006680150673133989,8.757301616075765,18.865470269254807,33.55268866940867,10.174003319251144,19.370038498346883,0
2437,-1.760437146467991,0.6714132940641002,-0.818309932950784,0.7030030022472201,0.13746598169607369,-2.136169933809984,0.19783014617852368,0.9630482111536927,4.15321753148382,11.227341503431845,14.856752928087753,5.233424645529529,9.594536053453977,0
2438,1.7236784585834606,0.0504865721151333,0.5414795858077066,0.48340962812725974,0.03048800193595544,0.7649878726078563,-0.4004611595980482,-0.32405614160835006,2.130300420672341,6.004512316831253,6.171752496505278,2.736029633675654,4.5655725335702275,0
2439,-0.32004735623791314,0.7043537666754383,-0.7849625227142774,0.2006333333963468,0.001100987040982826,-1.724965655405319,1.1488302897718474,-0.13226010898704832,8.246161540642051,18.349427025342163,32.3471374501384,9.594887654177233,18.642306570254505,0
2440,-1.2193412307432863,0.9313636215138852,-1.4186463958891724,0.38733310931205056,0.12069032034412741,1.364126023068191,-0.7458785628100334,0.41557934675552954,1.5899496784204499,2.7437831963024584,3.045820165870662,1.7242745448458476,2.386293366662656,0
2441,0.4891544345834,0.3505524322985334,-0.7016855531167899,0.6485875104254286,0.08388562639631021,1.1253902375266738,1.0549764237272747,0.7109945457810569,6.586382305769605,13.174334192477442,24.408352984633765,7.518918681892037,14.002612713053448,0
2442,1.1293498821077605,-0.42070250113747454,-1.3377506620256474,0.45971557039153316,0.005176957982908686,1.0709488710935613,0.5683720111110497,0.12582252247732106,3.136454966839549,4.3363797760093155,2.576053849221923,3.258511268790461,3.3405177045002823,0
2443,-1.3273923498346285,0.751442869136753,0.28776369601431595,0.41191356005928786,0.08513876393130819,-2.0855645659318456,0.5770489313734233,-0.878448832221912,6.7201844149617385,15.37734058005526,23.201296085286607,7.857477524677102,14.375394076558791,0
2444,0.3135526340636332,-0.6614858258590912,-0.8768941831009982,0.18660340056627148,0.0021458457732688005,1.9591941555683858,0.7301646515756575,-0.9374271046671356,2.436521034978727,3.0491530906506616,1.201116264766511,2.4662274157671793,2.2526598586954876,0
2445,-1.7720556480021328,0.565753694953389,-1.4795901372908968,0.3751991309665186,0.016094588144146205,0.4581611350927912,1.1960170029225774,-0.6559569689170368,7.7255862754296745,16.47925888407398,30.78608961931792,8.943385359329923,17.391618969579465,0
2446,1.8267353894375815,0.7309570878718901,1.4575649044313437,0.6129509068820149,0.12854913771796875,0.47298819787662927,0.8814817948188296,-0.7769754882411748,7.018462896790303,16.73273822869542,27.741155566343764,8.22791506875644,16.27049851442449,0
2447,0.966617217473702,0.257447174002315,-1.3204605517864056,0.23327229707892094,0.03241602005587797,-0.4741227460057478,-0.7239519803430445,-0.45034071169602985,2.2847257631978124,4.529116860345556,8.08420731641879,2.6250371292407753,4.731918694912725,0
2448,-0.8158794590286158,0.1996217902490609,-1.0953787197895901,0.1928809877776864,0.04757220914701483,-0.2546603086196364,-1.1085872812080406,0.9984229041455224,4.036730079537324,8.844404940251545,15.893435333839655,4.65872154456702,9.09824326054526,0
2449,-0.7984319897918981,-0.4253102785287748,0.1646117597735628,0.6832257434576929,0.06852140520911959,-1.2558039958012706,0.15810120766885039,-0.034114899948540556,2.1917485738871587,4.9234341700997195,4.654604939432576,2.5761402844968195,3.788550333475518,0
2450,-0.3077006919108167,0.9677659015684466,1.4878507934056948,0.4495550627660751,0.010200589060771635,0.33458790241446534,1.0859331561189245,0.8513850613893708,9.147494952303674,18.025032293306477,35.87534127175529,10.552148725636888,19.96957542777332,0
2451,-1.1379966022747094,-0.6197610359394312,-1.0432324349652902,0.655827479529878,0.07350825854842102,-0.8097671467037715,-0.42046279478471904,-0.4491735140912243,4.8082488310042155,10.807227652750509,18.11331118712933,5.632287446465573,10.681865045911772,0
2452,1.5304790964576327,-0.1806402145057897,-0.7679467930743573,0.5683238448522228,0.09531818353376974,1.0768277729704763,0.7726946748716759,-0.7975325708621612,3.4034285783067393,8.248408154379652,10.471483730588197,4.136863634591972,7.050682502441573,0
2453,-1.9920450341994211,-0.8988675176876917,0.6203797774464355,0.7475972321997708,0.049665807302455026,1.4059708319722173,0.5500428260848063,0.9561231585718397,1.6366475472397044,4.310761228547579,6.040310827213265,1.99447426553928,3.795763307454092,0
2454,-0.11682767404119243,-0.6678540654262122,0.7956942017632267,0.6550550912171516,0.10609501135573729,1.8159083663988955,-0.30916180003222915,0.38063000644709777,4.5144346850374255,10.093839416389262,16.990744355893845,5.282934910539215,10.007999028250081,0
2455,-0.944605443347752,-0.10711970812032479,-0.7725234925331453,0.12362693811851609,0.00539298720029831,0.8571212909616701,0.9006554118657994,-0.3711611313774632,3.5036768254323163,6.942470079074862,13.843009083449072,4.052409308264051,7.69198772721328,0
2456,-0.28305846620909136,-0.992906103394853,-0.2614356824056534,0.2250576920656675,0.0861300045186902,2.0425859142553104,0.014766165891630045,0.3510653198057234,4.631809723433036,10.525265619244836,17.138538967983198,5.438824708512487,10.23256676404957,0
2457,0.82193135922248,-0.695136175650507,-0.4602881765645215,0.09051644101199674,0.06611199056828855,1.9364284080487177,-0.04575755823020722,-0.08769403356214722,4.025209341199839,9.264650362240074,12.932021004827874,4.83712551863366,8.350276764343702,0
2458,-1.1627058168189937,-0.3795654398258883,1.3097987176047248,0.24239625940963336,0.10970798783250242,-2.289291675427621,-0.892046495773205,-0.37704416739020363,6.743525676216316,14.913915422129056,22.295770474661264,7.90814013970586,13.976777485872576,0
2459,1.605683445440901,-0.5614166902418953,0.6802338302550237,0.13401957351975202,0.09192630691772125,0.43414115375640616,0.29267496273521365,-0.42744695667493904,1.4750229689384868,4.272174939363371,4.56196036129943,2.0038116589573947,3.293128646776126,0
2460,-1.3515880121896684,0.7729714982740965,0.2083318125044471,0.16963453577675047,0.0619993579793153,-2.1645425353739656,-0.05909732015430191,-0.15221844763406245,4.321994885041541,9.756716527506946,12.556853698690094,5.229586277563911,8.513628161127965,0
2461,-1.4690950505064255,-0.11125532963491347,0.4185970187781174,0.7427923557867397,0.10547777909392869,0.01217643184879691,0.6481226828667415,-0.4401294372983089,2.9481390528870213,6.9679484656346995,9.589207537993827,3.4229768421233646,6.193886201167001,0
2462,0.6751263937795571,-0.989875666403051,-1.2823466086514237,0.49941250916942626,0.028882436158193955,0.9436479313235719,0.32820783480916926,-0.8726665011841506,3.3286701304753668,7.579714397617196,11.506997907571316,4.04604806398834,7.129219537097997,0
2463,-0.43001333362132055,0.22600439661391158,0.6404448947500754,0.6528673284213979,0.04956643524975388,1.683580211273922,-0.3497893775864537,-0.9860263175999939,0.8001875970581059,2.8949316470091206,2.065493080035605,1.0549593745074337,1.833679634681593,0
2464,0.4400235993480548,-0.5166628056841354,-1.1268560940194168,0.20668624800385127,0.12418709971191078,2.070006541300909,1.1080718972885786,-0.394339273999498,3.628809412334846,7.7468460541902715,10.246623789651741,4.3233169424464215,6.919015471097699,0
2465,-0.1762851672438015,0.6050522056163674,-0.5462919344788668,0.30811454905035723,0.03559117338444632,0.361836596758629,0.3822400771807448,-0.36312108982680713,4.3718235667320675,8.782825097963125,17.280901822368847,5.04445766000459,9.63511091211967,0
2466,-1.903077933953743,0.47181562673994004,0.3497918680397709,0.17519902848108862,0.04719715127486561,2.2855679463483867,0.31248850802228634,0.19095551278276912,3.4948218670187416,7.245410518952879,13.698994478516468,4.028912174928694,7.734659276839295,0
2467,0.5587629498541737,0.908889069587514,-0.48042277952101564,0.2247327808841244,0.05651137204038366,1.504745470386137,-0.9096987014640578,-0.5863506040946311,2.1201768643334216,2.505234919683133,0.009031319637214708,2.12950422133245,1.6032833532293755,0
2468,-1.0870179500872048,0.2727547823740275,0.4247490738877149,0.2975091067125156,0.04142884088268906,1.2732596565975758,-1.1238562393204095,0.47747542149618716,3.69681891105953,7.77891787745615,14.819646749925376,4.289555394056311,8.317570600937948,0
2469,-1.1589040225165688,0.8055541138956626,-0.2589202628324041,0.5138375226739551,0.018145396465176305,-1.23057795774774,0.48146062645334453,0.10071090066441357,5.844841119199246,13.361805561877762,22.48587909383139,6.830776314593643,13.190835363931884,0
2470,1.0819095238582301,0.12680467952150387,0.20799354219672828,0.6866071853835484,0.0637034875958761,1.9752235982875197,-0.3066834046920025,-0.34281158645990506,2.76376073083345,4.80796720415902,3.0754460768851097,2.9750677601522693,3.4916589795785007,0
2471,1.1176851069591147,-0.976907201007343,-0.9834236404835883,0.05741259183022632,0.07681576395137375,0.6403550066429804,-1.175097729929983,-0.6770729029193243,9.610137093193599,20.60372349666305,37.63797978575188,11.163801266369218,21.471932239319482,0
2472,-0.7898345656171775,-0.41154732954279694,-1.2086018493164312,0.13827796484042915,0.12705776414585568,1.0029057080700192,-0.489373481607968,-0.47318507136783006,3.989436311537127,8.18264204572607,15.690028444937244,4.63656220859949,8.822288261520082,0
2473,-1.6792031913865926,-0.3021881252040324,-0.30579145611701586,0.7233453251099561,0.11146735710228149,-0.10423112825496306,-0.876342554903808,0.31232329801665837,5.166165477358219,12.15105207381091,20.706164824309628,6.0725351886952925,12.014268231513155,0
2474,1.744049251084193,-0.8439102959852924,1.0458233035842848,0.14409164417532602,0.10519214014710929,-1.5807198137829155,0.24003253172952932,-0.5247508315415539,2.841387144873206,5.541387985227004,10.5530013493927,3.23365038331817,6.004097982179689,0
2475,0.1667922486130915,0.2003157382913543,0.35556097532143016,0.5462391022453967,0.01035443630774137,1.016937019189684,-0.8289654618350075,0.35406490627385323,2.9694920443337987,6.229487630474473,10.966105244644073,3.457935998404571,6.39531907567616,0
2476,-1.5038495430503658,-0.04117057889648934,-0.3396947220545825,0.7738770853146139,0.09462137486166848,-2.058970433743426,0.48212750745110733,-0.6117232014420335,3.705566704839722,7.705336477182452,7.792167336683199,4.356738731184125,6.196595028730024,0
2477,-0.8553985491465737,-0.24311391911071634,0.8286763209251977,0.7552647510291122,0.13865027652719755,-1.646581841029936,-1.0550076542530085,0.6570660385590235,6.009898355604849,14.518563589068778,22.9436947273825,7.110798942457842,13.752726895862622,0
2478,-0.8471269486739725,0.16565220764584176,1.4358823957089322,0.14913760429765627,0.05622838377852824,1.8379947307305802,0.3599533129872994,0.8751060135057849,2.3492770049083322,5.4096722122999905,9.172436661237871,2.7182561088680908,5.351241374420667,0
2479,0.5268772598353344,-0.39286006391836525,0.9153258165674645,0.6074110039368623,0.14004284116182952,-0.11916533893483683,0.0068142891223432756,-0.3523537992766492,1.7811170656051905,3.7207316385982923,6.832936152279617,2.0519426712291713,3.905629724067847,0
2480,-0.9249666619738668,0.993055638282599,1.4317665487316829,0.4237171704009424,0.14326283735457548,-0.7192227619677878,0.8399863777792473,0.2697363156906707,8.283676390389028,17.88755927946671,31.676935739142976,9.662682094063237,18.320719632105934,0
2481,0.868264456558657,0.43640586480848564,0.40748595001878996,0.6818624090560901,0.05880198759858642,1.745944754815448,-0.7598036065906835,-0.6000811595998863,2.206415921413465,5.606178127711789,5.549942922462375,2.7811011065693787,4.286871202133226,0
2482,0.8693728815680126,0.5002597806551747,1.2069032246027018,0.21974632384378234,0.008410417857966384,0.03735862703447257,0.900817116904302,0.9429317072937069,6.165931227141174,13.029666040823777,24.45985882264265,7.121142050478995,13.80875103223018,0
2483,1.4313051808189257,-0.02008710065478958,1.0901467082130933,0.17117673909522876,0.13817544768522877,0.33422980509023636,-0.26552739407495474,0.1632823643286434,1.4265612683881141,4.094407914647165,4.895661988178997,1.8712424315563603,3.3121135945199187,0
2484,1.13603283946878,-0.5197569744704673,-1.1943605916937923,0.5864960829297451,0.14287034494993844,0.6848904598711982,-0.8577997101834608,0.2867707389141134,6.51110318049424,14.086226096444825,24.298296706622857,7.463072806394478,14.214995075708023,0
2485,-1.5334716152764662,-0.39295049396017623,-1.4052068964031008,0.3900012992703201,0.048203127826185174,-2.012390550773015,-0.4583344745216358,0.2951402388323259,4.0210516891545245,10.63092590777577,14.893695420133179,5.028249951706065,9.366526900289648,0
2486,-0.8436737779981169,-0.71385576521414,0.1343923950773358,0.6025818164691865,0.1245212034309687,-0.1395144344342807,0.5065738102169284,0.6666554968882041,1.0110575352792546,2.646199292241115,3.7302707232345966,1.3100957982388457,2.347267845050374,0
2487,0.6915569222869027,0.054542810166612554,-1.3201818985772915,0.23202749967666136,0.047972273616859,-0.5249437453296042,1.0821424879303507,-0.5822493152943142,5.084640149396552,9.98488921389635,19.770018803865415,5.857925979981276,11.037657048145624,0
2488,0.16621964402917522,0.9824362133884406,0.35638368234197415,0.16712857894254532,0.14402863976671615,-0.8185366547309159,-1.0851102969632855,-0.1372764650806393,1.002865101917995,1.765354696609912,1.5981644836955615,1.1389270588867564,1.4238079905557162,0
2489,-1.0373772152998075,0.6377275461906904,-0.8401324972582338,0.6558832177902502,0.005425652480221454,2.145786589593948,-1.0987355357159674,0.8770796879739833,2.8189943303366567,5.708038481478763,8.048371738225006,3.153016077723983,5.287922972784526,0
2490,-1.7052348966740154,0.7451672051168461,0.9939961129491541,0.4755390700859282,0.00539791260985214,0.6057140338480735,0.282831409984464,0.11439494995433908,4.783709620377312,10.061379514357052,17.933748633979842,5.599313521071625,10.393582682721425,0
2491,0.5261022857868829,0.9362148064905869,1.4865217429709001,0.416396645316672,0.013770093643385328,-1.8301547817741104,0.5288421104160368,0.9639271744461313,6.600473783999884,13.716824341767756,25.580843991982157,7.654875006928688,14.534930136017808,0
2492,-0.25577910507220913,-0.8039225081767023,-0.44086634248515466,0.30800822169641795,0.1494893000827897,0.9329167664719362,-0.9171213934302085,-0.3258465661151684,7.655684362781665,15.67429865711698,29.80392941194058,8.859161628113588,16.826089892363125,0
2493,-1.8057651500042966,0.30612101622289867,0.5182178066312,0.04599739605913067,0.05032799119481439,2.0141918346850627,0.7843584721795303,0.1484251396224323,4.794624087375212,9.708788459617292,19.042033902520057,5.54465241482643,10.618099176336411,0
2494,-0.06150655810158545,0.9857038241339855,0.6665866785573815,0.7621081689566499,0.010737782152977498,-1.4392442182072411,-1.1253335142122878,0.7358352293783508,1.6285860420059175,3.4342187601971226,2.4546173056835148,1.8981980696027976,2.445046439326246,0
2495,0.7769257646613221,-0.6446966943157253,1.4225718223263817,0.7646377780917631,0.03368967073870604,0.7350487652135524,0.4034470001654058,-0.9919664899571021,1.1876383393298453,2.977809802087249,4.312134087847303,1.47202701100233,2.6904773698795523,0
2496,0.755119169073998,-0.5573196104558917,1.2039562518055176,0.6708057060476127,0.13579403770064355,1.2877698117217342,-0.8042269474857979,-0.2788913740229684,5.987698255769077,14.586606737992538,23.53103621304469,7.034297031105667,13.935032065152457,0
2497,0.8357258943456785,-0.35334991348357514,0.6300988008502246,0.26892697997808357,0.026659418152681268,0.09081909194768079,0.44694662280859854,0.03439137456551733,0.5752720700575266,1.7019451597694846,1.6833472720719995,0.78156877302002,1.2663262278717053,0
2498,0.5674691931971592,-0.12389796379133844,0.8349939869500345,0.5199731381157661,0.08619099511279753,-0.3231414226221969,0.08574613473109327,-0.8979805566170764,0.874814825628207,1.9805513551785738,0.4764353022772274,0.9940997737858345,1.0989504223037858,0
2499,0.6668787067341402,-0.5911765414691577,1.0804468811755252,0.6498750145519778,0.07919319993099791,1.7356553415620795,0.4099277851582577,-0.7174799102173735,1.3880350408426825,4.247239837657592,3.2171483059891988,1.856188013638665,2.8413457567107088,0
2500,0.9630910185167556,0.9916129313441688,-1.3770680737267238,0.1959355477291471,0.08966111225753468,-0.4240277333736815,0.330134895711943,0.1728086662775714,6.0376575384050435,11.857651677648068,23.146279064591308,6.9309704830181085,13.005573532495136,0
2501,1.1519578715980376,-0.8581941597185081,-0.17815179021465477,0.6880430317518403,0.05441428580204424,0.018944026351226828,-1.14821129689528,-0.551652209831403,8.725254292162457,18.92393350987647,35.05298323373988,10.158468466720889,19.82649815740573,0
2502,-0.14537951367061375,-0.20206374747131273,0.6439646307304288,0.4895039852732356,0.1320423783246748,1.7738535084870053,-0.6210723821608571,-0.964722541932258,3.6444251279864086,8.30985993293153,14.204413212174245,4.30404601825847,8.278014083753503,0
2503,1.4178830788150494,-0.3417582717899341,-0.4586708722782,0.1267158385587793,0.1039510899220849,-1.0994554081960262,-0.7758165574506152,0.006781482123156435,4.956811893077432,10.232519365857419,19.549436118312894,5.7334853510977295,10.994978748284096,0
2504,1.0016636236857699,-0.4608028049500634,0.6661170029665522,0.36958008773685713,0.06056590848586527,-0.7023956593191545,-0.8506056832332963,-0.33473246630154496,5.859542976298211,12.035624548665151,22.967458216336713,6.729624563592942,12.931750178749315,0
2505,1.5170061225099278,-0.7956661510558827,1.374900045305408,0.08599722199025434,0.05430474634490307,0.531530869002721,0.8108193686595568,-0.7128343638519921,0.8326391983975333,2.1601407429952544,0.22371521166628683,1.0491104247941758,1.06985958839714,0
2506,-1.4355911037662725,0.2567562493234514,-0.6217601027856662,0.5156016776143924,0.12308748043942962,-2.1156474450622746,0.826785895386678,-0.9248292872911172,5.557238671066467,13.717836775998023,18.957237664490403,6.589472871488682,12.128641220615336,0
2507,1.595304741155252,0.9512362832000634,0.5023656073823477,0.7874042439553391,0.12329877631929058,-2.2781724993309354,-1.1908537339140794,-0.9584030211554688,1.7980131061133644,3.76395965513585,4.131693862560178,2.054512466392518,3.113551233782069,0
2508,-0.19237216032247728,0.2467652222353287,-0.05558453189841295,0.5417042606516497,0.06744039511693178,-2.2871809844480566,-0.6571999083575505,0.9852484732094204,2.164002001980071,5.916840459323142,7.343315666509109,2.8751615195066087,4.914763590294357,0
2509,-0.6165446492053404,-0.3504685245105412,-1.041623852942477,0.7897149776951677,0.03456889823888981,0.734132836269267,-1.0990861004347312,-0.8670553398732896,6.2430657940675225,13.099715250106334,25.304978840015444,7.283454692003296,14.122673434457118,0
2510,0.8670067892800741,0.27033632569344856,0.5404871868619661,0.18477632571701763,0.1477333473783361,0.29187581079122804,1.1269156134448524,-0.6716588940492396,6.122467526130672,13.628378471948686,24.623309380978164,7.121561915466154,14.024402805263872,0
2511,-0.3796019606348806,-0.32862896202307645,0.7652247801175873,0.598057148884073,0.07298156899795549,-2.4192599789133187,-0.7795062979681332,-0.8994686657806723,5.786680137494205,12.000824713645171,19.277738563285663,6.8211842761373696,11.801691451941249,0
2512,1.3880582769967154,-0.4204568654044658,-1.1462320892979805,0.2833378922252729,0.011593397424954405,2.3942856744949843,-0.44398103676528244,0.8661333977796066,5.622427631715158,11.46029539545006,15.08949431199553,6.607174072949457,10.31238260904317,0
2513,0.7309147634421023,0.1322139748479867,-0.07350900863262977,0.5499040854427102,0.10294130003192527,-2.447394696196178,0.9786809892680142,-0.2640731591246952,5.048434459745005,11.204676013995368,19.3053290960354,5.839017674500927,11.251433638382824,0
2514,-0.586907513828018,-0.1868189122340116,0.555848415926802,0.30081418883974964,0.056074659289080425,-2.182675601857782,-0.20006000537537205,-0.7010430459124923,3.4865681005649383,5.978929972500024,6.653270761034222,3.965766922144532,5.232207342444208,0
2515,1.4223570162391215,-0.33097783360542676,1.382602194185011,0.5476224020535857,0.11342273022409854,2.2387559070137284,-0.6265565620400039,0.13458193938453444,4.57182684762009,12.539089562246684,16.52790580413922,5.668765777636918,10.658523241965488,0
2516,-1.8370967820217512,-0.7984826240886116,-0.4002392400936363,0.5460014804999522,0.12475404036083017,-1.2179789876326357,0.5977853127302573,-0.5514176851039001,3.0268089928841597,5.219716772678271,3.3350722196354283,3.2078844093190106,3.7952678364912584,0
2517,-1.9757775755346758,-0.8911739500885314,0.25667586841716394,0.39771803687545093,0.04056378418941484,-2.467260706985867,0.16322483820816291,0.6352132736593032,4.66330597745118,10.410859264441745,12.685595483030598,5.71308905496447,8.899237122973505,0
2518,-1.725820488306486,0.47294891478761514,0.4036278058922034,0.3834838177609079,0.007251203246407828,2.1178570819614784,-0.05414162657581745,-0.20078607823759187,1.9259843169616702,3.9676612663520068,7.329579426045319,2.2224781739947286,4.189215320207172,0
2519,1.4459016083509395,0.6911564579674756,0.6817828590000712,0.6634879863200068,0.018649272147441085,1.3045777754017092,-0.4127182008380932,0.7349895869365555,2.623877219767989,4.824883254944798,4.8356624068357545,2.96951956600814,3.9822788210653766,0
2520,-0.5190741360525633,-0.8913920957598491,-0.25685928968890304,0.6054216280610891,0.0751398091469096,1.3181695590448417,-1.1153430219213432,-0.645671592797942,8.7611976658192,18.729479974220453,34.94974743157009,10.172797602920157,19.74940728177494,0
2521,0.25443172417117577,-0.22937249230473689,0.5405272310105991,0.7700433864963376,0.0989792941050771,-0.41318552558700095,0.10167364426401759,0.8256529633923411,0.7962660948814922,1.9977021764177914,2.017197378983072,0.9759017662017886,1.5409398717048854,0
2522,0.6919569866488517,0.6063589955090556,-0.5954447726953995,0.595456925470618,0.020914705400979266,1.2488780820260876,0.9157406227258187,0.8004649341068435,7.156405776428336,14.64472697611011,26.5214134143376,8.209359248865189,15.317699774949332,0
2523,-1.5336397557894093,0.6597641051474685,-1.17019043169589,0.3827175626262103,0.10237822945292475,-0.07875444244125385,-0.38421695469564665,0.3676423149917105,1.1767230405955456,4.049651290910432,4.688156845876602,1.5872282003410796,3.133082173248882,0
2524,0.6435151004275759,0.1657853103311342,0.08528599433019579,0.5645919192978706,0.06045555850517273,-2.1561587612883084,0.0898908244589367,0.44691110448767324,1.6088642529592079,4.109064770543329,4.399900998658639,1.9955470462158882,3.2349037112699413,0
2525,-0.8033603695357328,-0.7184977237281354,1.235523582486357,0.6909997317969567,0.09276513289369787,1.433035768520381,1.1251327554586121,0.13851796145368156,1.9403286964945006,4.285427066778332,7.083063818210503,2.2619255445408526,4.218838428899086,0
2526,-1.0232732615986406,0.27762398106524255,1.2437810283013615,0.552118561118784,0.003936058672410469,2.0856630193125785,0.608820612609523,-0.19633797320520396,4.017057040882459,8.610319471865152,15.470537508665352,4.64170206564765,8.893544412988653,0
2527,1.9499675573962634,0.44335866567109394,0.9763232455070749,0.7545332473998695,0.0059367697081599115,1.3720992201833933,-0.2727685551412752,0.7381500257975495,2.9991009765661363,4.8720574913723445,2.9840573211463735,3.1897748444798806,3.5755422211734444,0
2528,1.5155834237329318,0.6572369410053853,0.8376017569583807,0.6354262676999463,0.04448287510824113,-0.4673589693680458,-0.9238682623126537,0.6611830437232282,1.3180658255100517,3.14635035461332,4.567914641198396,1.5382636182197362,2.863525608218504,0
2529,0.5840259032986346,0.22543343023323703,-0.7617658826803566,0.49202886724127204,0.0681827587771731,2.4763440333280844,0.8713638545698508,0.05196576381311435,5.5813848807767865,12.257458166640344,19.161849438103683,6.689239763931993,11.769131722049442,0
2530,1.2338222691947012,-0.6709899982833234,-1.1957985026201954,0.5045206397402912,0.1090178741908339,-2.2347178034026607,-0.717687957125231,0.07453595384494749,6.180653128189887,13.803549059714229,24.44973525853061,7.124673681019012,14.042648602032319,0
2531,-1.7487336016447008,-0.15189432743260056,-0.05376066162509696,0.737447785710674,0.0473514744593821,-1.6566576328248277,-1.1819801790744613,-0.7567837879127031,6.5790321949326644,15.820328513836374,23.33995837221419,7.788902481994094,14.500685972494377,0
2532,1.0034639952846311,-0.11015623506770678,-0.9038248717903044,0.7464221554576538,0.11813074776580863,-1.9281765432507596,-0.5545023482559612,0.6988829650525916,3.0012350419074174,7.65126686456899,11.66166326597584,3.4353538606891845,7.0377849378045925,0
2533,0.7697266711896806,0.8910904285247427,-1.2712516857910794,0.6203289783349841,0.011461712376534672,-0.8166903215390864,0.6016050436207825,0.4220199485052578,6.761969433685912,13.679370702067121,26.063246097340635,7.720042792801654,14.723380149208266,0
2534,-1.9915287074390267,-0.5961141342987908,0.8357210296606836,0.10091801009177725,0.04895683589394006,-1.5805524655183851,-0.9325091150144496,0.673251490646023,7.267335460688962,16.794608231027134,26.490569596539583,8.684526510099657,16.03420663748667,0
2535,-1.7546330205926597,0.07209989664584815,0.5780115351277235,0.046072174923510636,0.09501401559721719,-0.8296724237943347,0.8005085370578284,0.5953192444358113,4.286265579161712,10.119910998413665,15.219868579179721,5.199814843967633,9.407795031423293,0
2536,1.1756201488665852,-0.20267303167588313,0.9676445692512372,0.5039856032088206,0.056802534795228635,-2.096650222722908,-1.0396346095710296,-0.4971967311232357,5.685227116327711,12.18811762072455,21.72349173693896,6.53859118676816,12.532910060874183,0
2537,-0.8016614219813305,0.8550565828942882,1.4998141616070302,0.11493907796014424,0.14141523599440803,1.0327000584262516,-0.003340395920340855,0.9093732786978086,3.7471072391988134,7.793644060782015,14.869899366968898,4.334133986181711,8.356608598703088,0
2538,0.8547727292852016,0.18730904423815198,-0.8714197079407463,0.19555516149663188,0.13672526040993682,-1.4248060940270713,-1.1224655656928209,-0.4675458042309084,4.083761028117049,8.796736876408618,16.00325557370174,4.7250463412885075,9.137630677597073,0
2539,-0.0777771215510743,-0.23607047853568375,1.3074089958301682,0.3348592355524012,0.13335790314972232,0.4733146699463524,0.05789921378844598,-0.6796087346912139,1.2115583271754895,2.1234617143633803,2.948556195514041,1.3306394961486148,2.0181368207307346,0
2540,-0.9158723448791095,0.7343335536380553,0.8398716344483219,0.35793869155926505,0.1363533231402435,1.5958935154342688,-0.9309976004903888,0.21186098760460603,0.9232383853559952,2.244350617200724,3.4345619405896555,1.1030006574953413,2.0909453486934466,0
2541,1.195372826963236,0.6166882558683489,-1.225976466269621,0.17968893562428914,0.06195589752133765,-1.2418445277940342,-0.9385484479248113,0.2576008593219232,1.713979099583203,2.9691823415378167,5.620930796067306,1.8986666218417043,3.281094333340668,0
2542,0.029893806150918856,-0.6900204914028922,0.2591459888312304,0.04961196272517139,0.05745615889099663,1.462589817701935,0.9361191277564862,-0.5095307344008853,1.25989235767003,3.5954610543562295,4.235187553160941,1.690254312128926,2.8961877207690527,0
2543,1.4380351959568545,0.7835155602551906,0.32064691381181865,0.7857423180998241,0.03692637335892103,-2.155128839488532,0.8242635645205356,-0.018138681600891493,7.079233928762757,15.447264110204598,27.938159611361968,8.247387134651259,15.964136008563921,0
2544,-0.6141844835927128,-0.8895343370181978,-1.3061265635368544,0.07257316054551409,0.027546378083348064,2.3520046211177794,-0.5246300590508399,0.634094600904529,6.745374134595517,14.072759789640168,24.647912690597018,7.786325752237668,14.418446559673576,0
2545,-1.9223448784022317,-0.3563698778035984,1.2185772989581336,0.14803262630518993,0.04260352806202142,1.632574408565243,-0.9086599525150256,-0.8936336184552316,5.820534300069531,11.527647923235614,22.19685756150949,6.662660510141675,12.529777986458557,0
2546,1.863907019948977,-0.19041648262564803,0.4736138093343458,0.10169272912108118,0.033026609680029496,-0.2000962092003804,0.42036772182906645,-0.41350417774681714,1.2511372956448816,3.6813452325878173,3.984241977651167,1.690586370968916,2.844075988862051,0
2547,1.5385350041601673,0.5622880072465082,0.15467367257561637,0.3673689467517181,0.09293138141137634,1.158315832235226,-0.8761192913022722,0.705282725121771,2.9570469630497023,5.416224484022904,5.415115636298468,3.375427432683652,4.474058868279688,0
2548,-0.042388865369019424,0.8706879796191032,1.366627188342346,0.024573456814468122,0.05767214636533454,0.1311170662313268,0.0950291715056899,0.6447867336940181,4.275056514204034,8.423173137376823,16.803648935573918,4.942800215131873,9.344843597659619,0
2549,-1.435584050284926,0.24496537938984564,1.3277909635357878,0.7973529550434293,0.0015128311469615352,2.362836414492211,-0.9066959333272893,0.07390107543872437,3.089168116603174,6.802385194295448,11.549486193372063,3.5739757655127695,6.7897094278324825,0
2550,-1.0145207628662414,0.21278207478806643,-1.3889202248988068,0.19066614453823513,0.045086344979845844,2.0780359103984196,0.20071091243630934,0.41641944471944714,2.74303572795197,4.840516934007753,7.292891266473799,3.099369050855824,4.772870083615638,0
2551,0.7040607332682813,-0.21542332680163434,-1.4579367943137431,0.08561661061296073,0.068821272660555,2.206473894339501,-0.6029812621595012,0.39663743923690786,4.978982779304383,10.019089034954536,14.390936194566526,5.822276660429292,9.398930068690563,0
2552,1.3063833724054277,0.8135705683655201,-0.6195407639768971,0.7450265396486031,0.0911973390807269,0.04203392058886912,0.6681423164661233,-0.5225747732770696,6.46787657018498,14.733320048262959,25.814962948695,7.589122264598831,14.863760096602762,0
2553,1.2503209261638562,0.299925388883473,0.8980983865360503,0.6845777560395674,0.09260211645356724,-2.316324459957654,-0.485405615684003,0.7560394899231722,1.4104600868832224,3.2458836844479473,3.392115770869087,1.676408784185455,2.5821787410786223,0
2554,0.50782604384279,0.7801127252411539,-0.34641449385213674,0.4037819646458597,0.1293888663256371,1.3101567887918142,-0.2939972849105549,-0.9547394279170895,2.3686332541596165,6.446380106623579,8.516853506437409,3.0364494671539775,5.503205006881579,0
2555,1.521358252630821,0.5727136929656389,-0.15251750785060714,0.43699238971214893,0.030646802570108198,-0.43949455082065736,-0.8083309751725107,-0.5788608528183281,1.250455845027177,3.2109423443985494,4.090983186042573,1.6063164622794748,2.726346058868437,0
2556,1.38547797329371,-0.27505524444366136,0.9441699687790841,0.37911989123822265,0.010616666385865775,-0.6923640569689944,-0.8201437089335641,0.3871528292526851,4.864718270672308,9.89563824968092,19.112380786852988,5.608603109573043,10.72268150311917,0
2557,1.6455761872698775,0.5261511282266877,0.8353128259381375,0.6894932373550131,0.11649969761728722,0.3428662620334588,0.5142630947040059,-0.16809049220801464,4.570812183176884,11.019304632173418,18.28050424518605,5.375323582576311,10.698718676418535,0
2558,-1.716848096404826,0.41115959068957464,0.6649828922704293,0.17897807234320454,0.14309123457379583,-2.237442836802534,0.5663017158669204,0.936956777254651,5.153449761047341,12.61989008331634,17.39194073996034,6.350964585377651,11.18468063383497,0
2559,-0.7634008892000783,0.8249308362167607,0.9793087596914076,0.5952875722169876,0.1430687351711793,0.7702853740420097,-0.012286434322240636,0.35136204360413115,3.6528695797761603,7.807323968371762,14.241560718091982,4.1860969231499805,8.129135972186969,0
2560,-0.3527048296902504,-0.3502256531742296,-1.2532631249054176,0.30240686272831657,0.12047925877285286,2.2271789412827374,1.140364122175302,-0.5869482580799701,3.952842210460882,8.516263523202625,13.741916982302595,4.735246904441784,8.336831505234008,0
2561,0.2857270479038143,0.1514963167350203,-0.9718573663339893,0.46530256221555133,0.05441442604766814,2.2120321798307714,-0.5875147194582807,0.6699223910166987,3.5988811200614794,6.809850100337119,7.671111782126853,4.154315678849425,5.839384468642578,0
2562,1.5874225132508846,0.47174451106573145,-0.8559681663316077,0.20829525469317495,0.1456676798204613,-2.120854669394281,-0.9189938227100976,0.9571394687560464,2.1485314715421784,4.534340709500911,7.713096462860502,2.4392431147718105,4.562714904648257,0
2563,1.1075790967628798,0.49276770212042154,-1.019376716562899,0.39115106522113524,0.12611439037268427,-0.8556464939538866,-0.7373636822054148,-0.978109364463734,1.1787106979093174,2.836950545731656,4.2242032940404775,1.4477225692828601,2.616731618232721,0
2564,0.4901699394430441,-0.412379379436411,1.0910172806356218,0.22681446940763222,0.0227363718276755,2.3022375600215907,1.1154648294108227,0.37004765670548023,3.4461971412540686,9.143354786480423,12.314431456883797,4.251759959786027,7.8963710113640895,0
2565,1.7135428103850847,-0.6763328375024344,-0.11897742008911716,0.16332711277142248,0.07181748872925436,1.455889993734028,0.8278268328001526,-0.9916712114646,2.80315493495087,4.349024682511799,2.6064830727404376,2.9222993824035246,3.2198287453012844,0
2566,-0.44198641320055065,0.9881373742249513,0.2679448854451052,0.23695674375836148,0.05834913900626443,-0.8871812668310359,-0.12576376792695743,-0.11102673281672892,3.965080209444975,9.096877523045007,15.084865202352983,4.655911052678851,8.909637985720774,0
2567,0.02745322078985435,-0.07098798561535347,0.04834105486945228,0.022391160260146405,0.008164034471586494,-0.6442801339601112,0.9238597541807236,0.5816646068031683,3.754470250320824,8.043665816970991,14.86760372743527,4.357924770967331,8.43551441551486,0
2568,-1.5593854323537446,-0.010338082513303926,0.31376181293446903,0.3849513942680718,0.10463499554685916,2.4863157904476054,-0.9684620881507888,0.031068062914004324,4.3756427248789285,9.809516901610214,17.16609835701388,5.0944498113601755,9.914822376186923,0
2569,0.04948585185021326,0.12475759546136445,-0.9990976320511269,0.5106862327913753,0.006651138388316447,1.2056174346591089,0.3915828615362691,-0.33915266317467374,2.6624466353550593,5.502502567342777,9.023857764062617,3.216122554026272,5.478254345430763,0
2570,1.9559574444001977,0.6575567653423564,0.11860690513206973,0.7924083279484853,0.12451359655924199,-1.8101135993169266,0.2185454500546249,0.16171527336589908,3.942709666766113,7.990189131253455,14.840274141410855,4.534632306245456,8.485415112453673,0
2571,0.6117806868779989,0.8815131831548573,-0.023904260082471485,0.06190517094705222,0.07189970407880243,1.4389719345757146,-0.33933894049547964,-0.9457901881581163,2.544066691674292,6.987954030982367,9.748077700108535,3.230066724686891,6.107036199298247,0
2572,-0.7870271123734289,0.36429988940592395,-1.2419717157423555,0.30077184695139886,0.019969625250125318,-0.12035704134405423,-0.8603676197469894,-0.7819260499805794,2.239818520457591,5.436952971378417,8.641396143636028,2.6194334691144823,5.157393637553059,0
2573,0.7911951677140108,-0.6839968227259785,-1.0356126162485175,0.47401534037288884,0.0065390717348772776,-2.3350368559990358,-0.16452895452694416,-0.26980903355088137,3.846957582845627,8.512055499164585,14.81395450804214,4.472808255264044,8.59917110254211,0
2574,0.1784776086619817,0.9869692345804968,-0.19588051192262457,0.4608467019657531,0.13788654392685398,-0.08410448489308209,0.6746892613731306,0.097305071885464,7.215638443020378,14.738371399629957,29.042265653393365,8.365867713968132,16.135469420209922,0
2575,0.5488289912946174,0.8650048805543413,-1.497888695046936,0.7207519114015805,0.07465380294855582,0.5338218462077702,-0.11986086728997258,-0.47816274129535286,3.610644877686757,7.664282382913421,12.924081002034516,4.144465973921922,7.6741490761826,0
2576,-1.7359712395323075,0.8902514189665394,0.37162861882420817,0.6987765899694485,0.04362124245823197,-1.1100052540060616,-0.39411733270250515,-0.5379235421211845,3.5678149826228895,6.738933226289666,8.641450993106329,4.188271753807673,6.103286935986431,0
2577,-0.008117146461473546,0.8724830943224025,1.1281880148899455,0.3960803631695917,0.052314369873903734,0.5584390138177913,0.2694195203497012,0.3675281780080297,5.0756478743242,10.16578605239442,19.87907776970514,5.855921809049312,11.12174568983206,0
2578,0.14240010332581932,-0.946489479586595,-1.2718604479581197,0.7790199883238705,0.1119352942699781,2.2412344930111123,-0.38513855755607207,0.06989883662658825,6.456290665431858,14.499380023271259,23.04621664159336,7.491049641630757,13.949671163252019,0
2579,-0.7121923236534027,0.8178700935645753,-0.63679985050172,0.5550490430971889,0.0262583362336699,-1.9737427446166367,-0.826477045664781,0.058910533232308104,2.2434534730728894,3.116991444540171,0.1833461773469729,2.289339632841702,1.8920712917721803,0
2580,1.3781641620367866,0.9985594503458117,0.3680491314833416,0.4268828254777331,0.11803238856977588,-2.181278987227206,0.7425533648302556,0.5167590819836543,7.717964457901828,16.519883971407335,30.55837238002122,8.939906464494774,17.332856889248593,0
2581,0.11816610441981812,-0.9540260485071999,-0.8934090584260075,0.2957700795234492,0.14118333388934184,0.6924441209502383,0.02422227179718406,-0.023147159188370514,4.23972246910274,9.170386700273623,15.982497451893611,4.956112863211857,9.313393272702179,0
2582,1.1199029264765983,-0.3527395220707834,-1.21642558864457,0.5416346462318165,0.04935240118558664,-0.8720358150912171,-0.1086834333740887,-0.5145319565293027,2.2155365747588265,4.365847185326639,8.13016010546432,2.5882741867287384,4.67229057833781,0
2583,1.6868101192285083,0.6939408443449955,1.4732649929191841,0.77163903674453,0.047168301782032636,-0.5970102065960741,0.47581917672017493,-0.9683081948935364,5.3882726788197,11.471170515999084,20.429439799658123,6.172188035467153,11.803883701889786,0
2584,1.9755555415551433,-0.978313835867767,0.094457775306934,0.5349602497042963,0.13712194619327045,0.7206816038905499,0.23272511928816275,-0.39928140169938553,3.6761279440014842,9.609844473207458,12.808518168213837,4.475196651695668,8.2758668407964,0
2585,0.3636855798481453,0.4994030259845488,0.04677503686552731,0.6237082386296997,0.010441957031127718,-0.8231127450020277,1.103553441753695,-0.35311117386874424,7.210183770062863,14.524895388520315,27.973213145548748,8.305496815479504,15.743037372787526,0
2586,0.48742120726234317,0.03976951533363349,1.3098720399681443,0.13021750112484173,0.04490821492646388,1.8118865271543054,0.39888610745567643,0.08609872133809948,2.093958942890498,6.153624321822173,7.645956010855792,2.7150098258596143,5.0395627652565,0
2587,-0.42039843203524585,-0.1773691339589798,1.304768048293504,0.5368604836270495,0.1393647579622705,2.3609305439399657,0.11281921464766764,0.21977789046262508,1.165437934568424,2.69246543082226,0.9770240920833067,1.2974990992398427,1.5802281471661814,0
2588,0.6254597162842659,0.6783380057597044,0.47721513781890357,0.09171793774594415,0.14136451643312495,0.8046717922681679,0.8878014522949005,-0.1505245084360638,6.9327734824963105,15.188827865885326,27.409154696023045,8.037192629690841,15.662946076290487,0
2589,-0.10113456843753044,0.3777127054450673,0.8292119589961455,0.06276696798563978,0.06110142502890664,1.3492819014691948,1.1813662323511458,-0.9767150976074934,6.898452017811588,14.874974691140086,27.176789008150287,7.972672577156582,15.482331972846245,0
2590,-0.9407670902330603,-0.07030283619238609,-0.8311748946951624,0.02153775884612248,0.08093145361580122,0.7469930451983231,-0.20145105360452842,-0.2602438406233214,1.2229136042667532,2.6842865237591247,4.885672535410474,1.4140521277826699,2.7792670118091722,0
2591,1.94244224071794,-0.04494295355966127,0.8942083597250656,0.22973933775664168,0.1245282379607748,1.6184984459994842,-0.557514908536744,0.31170990428341083,3.5042567477094075,8.631837421313307,10.444964784699005,4.379626418689202,7.212280327985437,0
2592,0.7280599067494031,-0.11476894211256461,0.8213401886323157,0.2455082089575914,0.07264077586764235,2.4507585291489518,-0.7711783880328016,-0.7044345559655016,4.133306984792413,10.766712539546653,15.558468023861105,5.115471915272974,9.649093455987348,0
2593,-1.4312052504124124,0.9962185436691435,-1.0202601702192142,0.15219138946555255,0.10421798781111337,1.2974831240244566,0.06494713311879119,0.9653382383352367,4.84251590006318,9.447355496223816,18.222157034996616,5.4917055727917985,10.302779086664263,0
2594,-1.844364478715025,0.2416417380975655,0.31940795820485124,0.2569958298291268,0.13491607051167714,0.26440853052543467,-0.6087833564202846,-0.8232829675985154,2.506151318798782,4.85639993353536,6.273439467580896,2.892053061997105,4.380002522174222,0
2595,-1.5715244258472958,0.7946584925400391,-0.7490737129847516,0.7256042412893944,0.018017686319848764,2.4196762850497713,0.8000377700695422,-0.7675425168059711,7.134745609253616,15.311893081394935,27.901698354291636,8.280797825705827,15.932580896052638,0
2596,-1.6557739887346372,0.6068743648430333,-1.2658012341309646,0.20974478853980782,0.1201874713900156,2.037900061741621,0.6423649398208491,0.7797856415057403,5.74979516075456,11.504094184417387,21.90079337499356,6.584322801104929,12.404837096160144,0
2597,0.23955325214970813,0.5592223240990164,-0.46744101453172804,0.6281712551968123,0.10196113611367306,0.37415031829530054,1.1815231696373998,-0.06044095025031759,7.728025676792765,16.51271064834466,30.37271963970879,8.949805222980796,17.279017311751947,0
2598,0.4769889502822062,0.01981137372769437,-0.7184659812721258,0.2642923847733804,0.14681786519339113,-0.5394477099264656,0.4305750418481882,0.13419452733742854,2.060076569633341,4.298365249011596,7.879518067610563,2.4013174120419785,4.511519707080847,0
2599,1.5592210872380545,0.5153801561260096,-1.2580457820004285,0.28435349715099517,0.10678703141367132,-1.6932159599414969,0.008254035743447297,-0.3644619033422647,2.3268128271482147,4.57724991784436,9.036713118296005,2.6812687633532613,5.050359635321899,0
2600,-1.740983080825988,0.994292175677248,1.2880937985274392,0.5980209234466608,0.03015387528800189,2.442630967947351,0.3139014791184511,0.9321508757345882,5.886456089558189,11.91273579329047,22.83112624703269,6.770928004022202,12.866188239366625,0
2601,-1.8296843708325223,-0.6530585653296581,0.5317406556347386,0.7257437689165389,0.026367331918921537,-0.9145088018743763,0.2116255956206159,0.9993220403124627,2.8836912868127462,6.350812113768683,7.682544846893367,3.528557319793514,5.42797020622179,0
2602,1.19866034713232,0.8471255579657824,0.5250376037932276,0.7018970165333218,0.0760567548475585,-1.8792068252890393,0.5029378061555905,0.2029498447997915,5.941417390798168,12.035634788925725,23.507540032947873,6.847154169240323,13.130093080725562,0
2603,-0.058599743540565186,-0.4500181689644538,0.8526090365770727,0.6563280651331901,0.05462784411526476,2.138832797972796,-0.31261993351533557,-0.7848750103744351,3.286982451453002,9.233042018988183,13.266491428780096,4.055053459773101,8.141460115743694,0
2604,-1.3338865299576836,-0.01096905918216562,-1.2604110199465892,0.5747300352106723,0.11926437829467634,0.24734166347655728,0.9440362871525021,0.9085729334925037,4.305091469462379,9.33313047950104,16.017368932227587,4.936727139796334,9.390349978336934,0
2605,-0.2096756491573677,-0.8217456635537963,-0.8062076710737793,0.5260928349707927,0.06086765745747032,0.9250469707482218,0.4001644467666934,0.21073627322342747,2.2212207055593005,4.556559675444689,7.443855339149236,2.6455795011544443,4.531048666161411,0
2606,-1.3686697324040642,-0.4281694078857545,-0.3664151203625634,0.6595343919452714,0.10233342551451995,0.7246713300137451,0.4131296273063345,0.006404162902792443,0.5260616228416949,1.3330281246798346,0.3942465377963912,0.6422585863885379,0.74022674423423,0
2607,-1.8414731381277463,-0.5977586250020765,-1.079093532598796,0.051197331514968525,0.047921497197494764,1.438650958481742,-0.9236836712548695,-0.7771549658361563,6.6985165732787895,13.70769749344507,26.62034324344051,7.737800885820547,14.881747281631363,0
2608,-1.5029439232339303,-0.46035661748711765,-0.8933785858571289,0.011168893178875107,0.04147534703765319,2.4814723232805855,-0.39243253714577064,-0.5774819360523546,3.8709944173425606,8.430924378274185,14.891720201052316,4.537321785860868,8.611823877586804,0
2609,-0.017144282031312574,-0.5412630715010462,0.17893560396213903,0.320524677120664,0.13452619774191737,2.139596311066253,0.5113470192639518,-0.5686115045195272,1.74740211401274,2.6948503645364315,0.6780729119964397,1.7951642895225381,1.7156140461159373,0
2610,-0.10440580850620673,-0.3891536659185051,0.894832407329619,0.023339287322962577,0.09937375415172428,-0.8838658692793622,-0.04558900212388384,-0.3540100574218681,2.5011656363291292,4.95161134196236,7.595007506889283,2.853530928824419,4.799688438436673,0
2611,-0.5408398909665437,0.34872527758569416,0.2864830002892509,0.1952713965558692,0.006545644222144092,1.7801090492653522,-0.018463964103527353,0.23746044849836667,1.6827979774975375,3.9404679054248986,5.774003537676077,2.0376594289595333,3.6229467690755075,0
2612,-0.04600291014416902,0.2378804138661199,0.3809174153957189,0.012032429403523271,0.07998886748994126,0.010539844520331965,-0.9700379609062645,0.4917637219926114,3.2320456937593036,6.401544511431194,12.772027250264987,3.7316500415284164,7.094850240789487,0
2613,-1.0565625218249028,-0.8909493044920307,0.9094769222502279,0.6921054010498203,0.03610421344725395,0.937727584751789,-1.1881183822500077,0.44229991676460956,9.184014803245226,18.904156392205994,36.26057277339155,10.621880771150535,20.366811267767883,0
2614,-0.14071822623742536,0.5849662129365989,-0.3208980820022198,0.28086058201662534,0.12611773127062062,-2.30676651042417,-0.7508040314965994,-0.17574226222482858,2.315154184294008,4.188395102699298,2.9059283286050093,2.485633700473534,3.071406654726848,0
2615,0.38535264556576143,-0.9897749737659194,0.22544308400212376,0.3027940317070404,0.0945003065549945,2.034869197946147,-0.14190717209615977,0.10915728659914303,5.26024091901225,12.077576995917209,19.649825793551102,6.164954799814467,11.712788592525614,0
2616,-0.1488403260285711,-0.7629559935767865,0.8793389632413611,0.7081565764590331,0.12171998719252193,2.2379828717603747,-0.0767315572874776,0.3046435110054777,3.8292091774065513,9.95025810195096,14.61758944257092,4.6759548348993984,8.986712500068467,0
2617,-1.3266335800475688,0.9536162423605219,0.24166214962190824,0.20933048648070365,0.12080614175533237,0.43245558604282497,1.0792199567251781,0.5399547580972899,8.914026440542791,18.856841989982293,35.781522513224076,10.323330637689493,20.098050346893697,0
2618,1.5090592928447877,0.09330001775066998,0.05192527603634112,0.6058611769685373,0.015752096324303275,-2.2298420425821868,1.1608853905712573,0.8325910574135515,5.647934667347048,11.889063889921843,21.902470485647072,6.513434744347981,12.483184187309588,0
2619,1.822643764979627,-0.8752718730072084,-0.6920957642698534,0.7212339033552144,0.013421936531419891,-0.242827439458011,-0.38090075253173983,0.7597009570012059,5.959870528909309,12.620433514404093,21.93174133990265,6.97403180917264,12.85101679588208,0
2620,0.07230452934858977,-0.4192516355861924,0.07290352736402594,0.0899569644897345,0.10968040988346961,0.5916877722995513,0.24170107454624445,-0.12431129398318141,0.8586182550725137,2.280236019425941,3.0356981299288304,1.0777909755357618,1.9601448188817616,0
2621,-0.8230233876240369,-0.8692386945309571,1.3410975123841613,0.3332431372471212,0.07438825559233288,-0.621166226034493,1.1709056416168264,0.5923440212373989,2.294456037210632,4.433943640690966,5.3337237016324295,2.6326491005329706,3.8819019239135057,0
2622,-1.6169591008745234,0.21635012941452558,-0.046096279042688426,0.6346816281757126,0.149597401823528,1.22153370301206,0.8758291699319838,0.005271004711630223,4.952128003320931,9.666725356192275,19.02860338100782,5.6883014694669685,10.663067169103003,0
2623,-0.5056080385561459,0.2865593630107286,0.7482552412082919,0.18202714656322438,0.07550812197896725,-1.931045066045674,-0.6807532481298374,0.7637177802864608,2.733721590199031,5.689514439627417,6.818699657551448,3.281786715947429,4.900759377808112,0
2624,-1.4210720694770949,0.6226965036044241,-0.38221277024087863,0.5308171004350394,0.13654895574636078,1.404493400413791,0.7822586875162965,-0.47770185979331403,6.2979857247097195,12.547859894530776,24.642877474599768,7.240013765830577,13.770618304735136,0
2625,-0.5533015854918002,0.4655840410793177,0.8317037598638573,0.6320418140807028,0.11101619721064324,-1.3418869437872756,-0.5061920636257727,0.8840820151281115,2.044975277141768,3.0967873771869665,0.5306162305930693,2.111736816896299,1.912887347166171,0
2626,0.21544152698130947,0.5089008025547463,0.29758703867826464,0.7396014921974543,0.1303172727144475,-1.1931260432218804,0.9233027326941332,-0.39992128243937386,6.48341597771177,12.711707215877261,24.99153239578292,7.417538182636022,13.997750495075186,0
2627,-0.23607819427735333,0.702467156237806,-0.5279427739829787,0.2326175345499996,0.100298527409388,2.49838181206988,-0.8854632453805245,0.402121293039406,2.79929193515303,4.147809286616851,3.2036121617599216,2.9873688088984296,3.343950895948783,0
2628,0.10782155162087337,-0.17876501938259315,0.7495762491234483,0.44386906352768735,0.11967167220620939,1.2192697237454158,1.1642855614431074,0.6217316970600923,4.372189478438763,10.108977898474903,17.327672179707715,5.083080574246123,10.050959924411027,0
2629,-1.7328008102856125,0.5591585910882508,0.4491096606238527,0.07183228018155612,0.09082338427771405,1.2540180028376975,-0.7267331682134668,-0.13017670405284654,1.0585690628654232,2.0259803622494936,2.882158365271235,1.213709197887232,1.9113832569045686,0
2630,0.1699451529756315,-0.17369456280832063,1.1280144088538226,0.13512256433885028,0.11573333288352823,1.3904559626903303,-0.12472809385761785,0.07895598380195934,1.37784896970716,4.115381002202655,5.159662898837899,1.7983958056967067,3.375707441793985,0
2631,-1.38575020274819,-0.609684855758692,0.09499443630635307,0.17974462634679328,0.12096980769428842,0.5810904169101216,-1.064211171829432,-0.28424666332338333,7.467202088610186,15.114827589409757,28.987024948713305,8.597413315476718,16.330457719567644,0
2632,1.4337037254729776,-0.4451119039327589,0.6591536662475184,0.07504011039682928,0.1395800480924062,-0.2532715933310312,-0.02024247457980155,0.13966026245833918,2.0854002103082077,5.332715797271752,7.983056849254762,2.4946725769679787,4.869819114747215,0
2633,-0.5462706415995,0.4505706024035232,-1.4562493028810672,0.1297634141159021,0.028323137641519044,0.6767009196639835,0.9374419549811084,-0.8727205170373336,6.114631405818958,12.266526092720605,24.18910226277385,7.084103188281042,13.479488247222129,0
2634,1.409834399889807,0.63902719150506,-1.27012301351406,0.1145827390231351,0.052506798634572874,-1.9266519282245242,0.6198867242411603,0.00813862752897565,5.566771187638554,11.591182097838125,21.981081319515265,6.415084363297539,12.383218817827338,0
2635,-0.35694156685391887,0.4498952505195828,-0.6213138808072008,0.6972251320917285,0.09809501080212125,-0.767473439773874,0.09569445677167154,-0.4811030478112166,2.6276241657319264,5.706858318672288,9.803967797035826,3.0818421473088367,5.749719299162895,0
2636,1.9399229630466723,-0.12879134671524306,1.1903224580561274,0.7824163658197386,0.08036886899608493,1.1499778504850768,0.1733922886589001,-0.8168647344385565,1.9428331593760957,3.9869759003523044,0.9332551642072606,2.148921223930479,2.2738113895737464,0
2637,1.8096722104694165,-0.08672709796947076,1.1821893706845885,0.5244842767508494,0.01577863365511784,-0.41473514516843446,-0.7299644287300326,-0.6602802710248803,3.560127305692662,8.00612909807152,14.251583518373241,4.1868509092664175,8.164037067567868,0
2638,0.8603549747335766,-0.9399600253570768,1.3984217066819378,0.3599387007568675,0.07346365215880978,-1.0028555201442269,-0.9945214252501725,0.17648535672300958,8.54944092296806,16.974314254910556,33.855409835566505,9.859281888035781,18.79967769283711,0
2639,-0.6209820059782882,0.24814523208883377,0.16730942342206134,0.17352867744751574,0.06924808836114427,-0.9596849530520735,-0.6246622050572049,0.5394087185938043,1.9373662122284052,4.890173809972869,6.524340416464956,2.4499513524577434,4.250559266845643,0
2640,-1.9523736320031668,-0.4622342827497501,0.09325705101596315,0.3809167907443663,0.14102479903793427,1.71828740628622,0.6038463052518184,0.028156266540718677,0.6570370973212672,1.9880840712098578,2.4242460425025403,0.7861097264565116,1.5994211359557509,0
2641,-0.2843730704634706,-0.9268608628424089,0.9650047489164568,0.3445703233296897,0.04814510875839841,0.5331718997214079,0.6099307653593826,0.04610264106547168,1.512248692292768,3.386594702127962,5.56582695901456,1.7069072497676128,3.310091831007348,0
2642,-1.4016672980984333,0.8432929414080896,-1.161451530220861,0.7756573051973951,0.06637156528959963,2.2331159711313733,0.9951594233710221,-0.1874654690194728,8.193938184918732,17.591486397472508,32.029880238605266,9.544451068329048,18.299036553131856,0
2643,1.200101162101602,-0.8204549363464688,-1.2517971921845998,0.284765282977085,0.09146776502147526,-2.453394650902575,0.03642030002340335,0.95129380749708,3.4777078496073144,8.201119267539166,13.657619373023635,3.9953332217765314,8.000467269228688,0
2644,1.4337817144007832,-0.5350587604955017,0.08420628579022482,0.13712701529334242,0.03948902210444983,2.1150041923863734,1.194667523426433,-0.5148780237643065,3.7534524376193987,9.24824294358373,11.579167645287304,4.704862378010675,7.844745145748197,0
2645,-1.1517285079685293,-0.2322813513168518,-0.1624307329438648,0.0713989341047105,0.0221562995906091,-0.3758636628819447,-0.6349906366404404,0.6898695389567948,3.8407974134219933,9.127134170302432,15.123033102925909,4.551841760622518,8.882473582057353,0
2646,1.0061862485712498,0.07267686176145371,-0.20211204279479578,0.664790242571193,0.024899301536093425,1.9369392943371624,-1.0822142799154448,0.8467889235776584,5.265313047082014,11.458313644787633,17.647795864583966,6.304385636153295,10.941865330551414,0
2647,-1.4447597905420486,0.6241980880743376,-1.4458647648171588,0.6520625363267385,0.08761061597098276,-2.4048287453725186,0.6581034228581919,-0.7968853979050294,6.08109625800254,15.170516686622879,22.58482161228153,7.204345665629582,13.871364933635043,0
2648,0.15962170361159256,-0.33599211912568117,0.7775047838939662,0.6825772573381204,0.06964150515043328,1.289701067784792,0.999899837848919,0.3784010749486295,2.955036704446992,8.02569455255598,11.72427262431971,3.571391454561276,7.168640309852932,0
2649,-0.7120380556233927,-0.07337584088859783,-0.8100067795981,0.36672667168736733,0.03688357185862469,1.5362486242872944,0.26380182543314046,0.2664919714389331,1.6063365048745237,2.8073248062068643,3.2747332817408488,1.806497723901535,2.4871681502368244,0
2650,-1.5589468461166103,-0.9970793849026962,0.8675599046926585,0.43384513258262053,0.13973300622622273,0.18619619494804285,-0.6847715416448681,0.3969531705126732,7.604672630185033,15.91056369432093,28.910999108000155,8.81358710625479,16.60922934037731,0
2651,0.8039319212510234,-0.868934791678899,0.5809526919631414,0.17002257801953605,0.03817809236787887,-2.3429265187210966,0.30569333465488,0.4634587869310156,2.7734379819864596,6.281374709717421,9.721071639994044,3.3639757482901573,5.969162874338393,0
2652,-1.0780333473979873,0.5850778643061525,0.7860938584219737,0.3278129665355605,0.010233774330842105,-1.0990733626366107,-0.8029700425701642,0.9176364742543635,2.287863390364617,4.073941750836044,3.8119376038247865,2.55591285120141,3.3077141086277755,0
2653,1.2709770567184506,-0.8432470571515791,0.0403800877282694,0.21350906366058384,0.0048176964760813235,-0.8884936455541488,-0.8937952948464165,-0.554535958040069,7.618633294280478,15.42006902193005,30.315447649108368,8.812177480962879,16.887462737691955,0
2654,-0.6938381522859229,-0.18221909970432648,-0.09467264042006396,0.4161578170931115,0.055500114666496896,-0.0082520452038648,-0.19713969739531123,0.9288779551939079,1.6417587177598978,4.106020379407122,6.664356771604435,1.9192231931013568,3.9155630799415717,0
2655,-1.729436517617858,0.1719026808970987,-0.9190584858582631,0.30035028260368996,0.08196987148303711,1.2990472371134416,1.1465546682928223,-0.012756673691926013,5.860417745716412,12.283237521590525,23.143136625350188,6.743058354170269,13.060343403214164,0
2656,-0.9720835361158873,0.5831504362673527,-0.8352826504578803,0.4062725377742149,0.12700669464743444,-0.4810074551961545,0.13674663992033964,-0.7608999618525096,3.325456913947381,7.412606835298515,12.652764918050886,3.82917554512581,7.400166154701615,0
2657,-1.7761289061082892,0.9725649414664403,-0.9633129236761697,0.26843922956419874,0.07570273307612753,-0.6276419590129572,-0.9663862559419953,-0.606171752203394,2.038279387602562,2.3575890489992104,0.12490630167227579,2.049416381962864,1.5611740596785006,0
2658,-0.02620932838676282,-0.1223968483758211,0.8945815313267369,0.24943036580263628,0.1410472680340202,-1.08594821424914,-0.40488322134886856,0.8986266584993339,2.48613379934982,5.918885798328726,9.217382993087044,2.9972640492493583,5.586447182154613,0
2659,1.3619335106458736,-0.3660640682333971,-0.31414592669649366,0.6738082202552529,0.012913415132076228,-1.0266184447144973,0.07573463487009735,0.6578083537845989,1.541294787818374,2.8030803733362712,5.087514854586143,1.6919153985522013,2.998758544577457,0
2660,0.2584666960794908,-0.020442305505235847,1.3863527059594927,0.09312831532073984,0.11700988885229582,-1.8648257123733654,0.5587858552894367,0.08617923712544329,3.199290756670164,6.366204471585857,9.257157609568504,3.7200277155000268,6.01879862289736,0
2661,-0.9414151569176905,0.08667417448351156,1.1382482611588767,0.37774693764542056,0.0009867848794184563,-2.2169719596687476,0.3183287458710997,0.3558631238415051,3.7724818037390606,6.895214600792694,7.067436462608269,4.326406823437989,5.753180542485806,0
2662,-0.39290044894909837,-0.5144392257206338,0.647899764707021,0.24332893963195945,0.011101737875645433,-0.45194730248123527,0.09393262838052263,0.9312575946652262,1.8720224748787209,4.707509894933792,7.344546048939945,2.2960714380860026,4.406830669434337,0
2663,0.36888685133469545,-0.5833597077401984,0.9965807549681651,0.23318559344403209,0.1438917275362163,-0.8734386666280114,0.9828430930983247,0.7579079363518315,1.8449263873003738,4.253684169811436,7.0587933584213625,2.24165023923895,4.171386198583846,0
2664,1.455970990198825,-0.9212294392815059,1.0496099053433712,0.5770400951613734,0.0501447414599274,-0.04950786722136291,0.33579609642529995,0.8870739565117143,2.693002475843463,7.072456392984659,10.185211089785529,3.184993970153703,6.303700384599465,0
2665,1.1203379509469458,-0.1429985154096507,0.43626211930372927,0.1486967003550439,0.06359135935993482,1.4565066665124156,0.25581531478990005,0.5664982953423812,2.5343753740134214,3.7620254465827454,1.930649267083105,2.6100296448077285,2.7291179907845544,0
2666,0.03926694188889224,-0.23971313141034023,0.7276211342638388,0.07500388678396828,0.1467910251344518,2.2418688700201708,0.9128846548868743,0.7685561976992912,3.371368220326027,8.091448753997389,11.87182859761215,4.042439605803701,7.404637632161039,0
2667,0.044224482005703614,-0.004108559092256714,0.9602465144497607,0.22660520976064433,0.12748706691089778,-1.4955989404810817,0.9098574505870347,0.08217043957130388,4.343184787782923,9.583151006882101,16.157032364129897,5.1195676863339425,9.53696721627187,0
2668,1.372844110633615,-0.013714432862016457,0.3252965581845295,0.7414289041392605,0.06273183784621485,-1.3985680597967671,-0.9816471876878671,0.17995812731243088,4.22770914711879,8.806056860767942,17.49219920794889,4.954156742570685,9.653205239007756,0
2669,0.4443404813600478,0.24141021868232415,-1.388501637725684,0.021932389524318554,0.13431255300793904,0.9775099161268255,-0.9280387008320676,-0.850726412517474,3.3502096095739757,7.554843276787688,12.217640184823995,4.0158244512195544,7.338390366477653,0
2670,-1.3525719436342745,0.6138379601218131,0.6692580832308295,0.5109225511931502,0.0961186180660412,1.7943693329087145,-0.399699027928492,-0.35553995843923225,1.02454018573382,2.5888516567168254,3.8247094293922768,1.1289675524506582,2.3443271367979426,0
2671,-0.29829268131222,0.9793520241856268,0.16469682780750627,0.43752090803750365,0.12143906796014071,-1.6096775029320298,-0.22703758035954347,0.28272481238447567,3.570206102192799,8.098884171427722,13.041931247284417,4.23838431335326,7.837144887606807,0
2672,1.952067073681373,-0.6910608066038422,-0.14391965931971362,0.7244654416839118,0.1088296602593171,0.5689011859745636,-0.5829399287607614,-0.6255785316158129,5.914537278045645,13.094107812473185,22.18295091738529,6.984270149414537,13.05590581731269,0
2673,-0.5031508258734618,-0.4897841872826838,0.9254276965790398,0.5765627422345537,0.12527971813265065,-1.6445884464775018,-0.45607353991269106,0.5371029259493616,4.583314670894492,10.253830763630722,16.642902282842265,5.524521841417587,9.996466499352001,0
2674,-1.3458063337554673,-0.708789885755565,-0.35082335838665824,0.1491495103609343,0.011835398705880623,-0.9361273772250378,0.9014388360955936,-0.886934142720778,2.442148880038606,3.8491841293311646,3.3653877070673133,2.646681515974885,3.161684366528614,0
2675,0.2644204828926293,0.12600776782847944,0.09252168237612679,0.404406978412034,0.0025854704639894474,-2.262744053268202,0.026896830373576153,0.9366185454261189,1.6471650537223916,3.7137285617684572,2.6712589730576517,1.8636817323776707,2.596013949802317,0
2676,-0.36809687797700263,-0.05534647501312495,1.4461893460098167,0.6232907243485815,0.11551647706764843,0.02367723519885878,0.9549903676760179,0.16235261078613106,4.118354065026382,7.990784069869258,15.603044630669064,4.670650603713934,8.780719890040803,0
2677,0.6267893036174228,0.5751110405844098,-0.2802453596848067,0.7626162276345466,0.1482010849273619,0.43568916027668525,-0.6670670705802663,0.5498040346508772,1.485247477385318,2.761123022985659,1.0619369807775307,1.6526331838779786,1.7577555627323502,0
2678,-0.7114455860802105,0.1542070031777405,-1.2398894386250454,0.6459125640241206,0.14386304383060158,-2.028892376831764,0.5558377450724727,0.7216777271294932,3.09739265636322,9.355296877457207,12.204351028813527,3.956583324190039,7.792770501209189,0
2679,-1.5619751223379885,-0.5064070608730216,-0.3243862558348418,0.6694082653654291,0.0740146898254571,-1.8151834872918142,-0.5847094583109869,-0.06524431825986476,5.328188726980983,13.216618204584869,19.116544920680816,6.525123530564828,11.950917908730483,0
2680,-1.8429430153791202,0.26199413793844095,-1.424034310755824,0.6246970754181504,0.11007764062582148,1.8271999598632434,-0.8214894227924208,0.20517042191495416,2.7439207150075857,5.35483392589849,9.9957625079852,3.1593456744148125,5.744289712108863,0
2681,1.1241103343470291,0.03149756118074554,-1.1075870189614958,0.0791404933417022,0.09088461119118836,-0.01196195863044247,1.030944328157161,0.6676815420465418,5.103829320572246,10.261393473662794,18.498505842106702,5.836252769909133,10.742743867893436,0
2682,0.8949967666152587,0.9647935210946847,0.5838320505695984,0.07389018695928531,0.011634446626108958,1.5793459670496892,-0.3343113993526293,0.8485675731246904,3.395002630656799,8.081439499123178,11.00250542278318,4.054873702896204,7.1491716360585675,0
2683,-1.527010259794101,-0.6024259761295172,0.8195024979300607,0.6779795533824315,0.1300794516428747,-2.0043036737426405,-0.28367447402767376,0.2927727062063661,4.8800693946775,10.975628758760674,15.56602612630645,5.926817128798691,10.019198996803258,0
2684,1.6751824667262531,-0.5219699379164686,0.3010286504411497,0.11481543635880538,0.11209180671331744,-1.8623777166522282,1.1999579722613738,-0.8154662006251203,3.12897117249247,6.239368767140809,11.971478218817007,3.5694481058397813,6.758890258119064,0
2685,0.7413486241522014,0.5540776683297655,-0.7260306496300716,0.20386293545299214,0.08942205774000302,0.6523729243998706,0.5292623427979146,0.1605879753638515,5.047087051054625,10.608090255089321,18.73435919746384,5.834259828574813,10.900286933939816,0
2686,-1.3021329041182717,0.8482869493085488,-1.0001652728596615,0.4521908146975065,0.1380004266991923,2.0648479572566254,-0.7970244604544429,-0.5227946085380868,1.1979668998477164,2.182002090464129,0.8914083744155858,1.272107325850328,1.408623942003262,0
2687,0.4074023082380682,-0.32567133384370583,0.6926497184348488,0.4179234567472541,0.03991350839162835,-0.4448104119382861,0.4586665705877735,0.57028271838147,0.6810971675035602,1.6016150602827588,2.4250290704114263,0.8339768299688379,1.4957200724562074,0
2688,-0.5217560394217311,-0.7900292332708678,-0.4401689782921596,0.5043765756708031,0.11397482412696028,1.8982961931799203,1.108660517420495,0.058728348988526635,1.9303246089898776,4.144280440096821,5.451895772200792,2.3231045011948086,3.6902606965057276,0
2689,1.5208297726035123,-0.4758439647487347,0.17895514327609474,0.4315079406915798,0.11530412117662471,1.3656142475112567,-0.515176900024899,0.7717228681395496,5.030867132758209,11.31436031217749,17.176590044727803,6.004351574467851,10.656980404345836,0
2690,1.5659719333274698,0.8964830515125164,-0.12706701753248906,0.7899314593172774,0.11773669961464472,0.7659369110673948,-0.16258087126996656,0.684862441616501,3.886506130489003,7.982379724999629,12.885564894501181,4.665197770734803,7.892855002070424,0
2691,1.0565502198994614,0.17111653048097075,1.4914376610202162,0.19956909247525056,0.09626311369299201,-0.8943641722416307,-0.10117622318034081,-0.32210701171228084,1.083618529204306,2.0264593132584183,1.2736167233065074,1.1879489412126483,1.4339032638520344,0
2692,-0.6617791789856899,-0.24634778305285,-1.3299612705900024,0.03188886667836517,0.1087383393261458,-0.9454572351822117,-1.1490849340236635,-0.8370376868465259,6.2140892951421804,14.040754130139812,24.533984988836487,7.207500401342283,14.157398564369771,0
2693,-1.2166030350558428,-0.9035754874998934,1.3384416131992314,0.454688704127459,0.059103655467290184,0.16356116926344288,-0.9292317579381226,0.40369116002176697,8.142378726464267,17.01214895037694,32.07005404117206,9.421838698001373,18.109558385204114,0
2694,1.8783619769304725,-0.7386857288416979,-1.042199632227637,0.5029307078683494,0.022789489102923242,-1.8697360587511707,0.40916116216833576,0.23731493476910015,1.741054294649858,3.3467347830998952,5.781280594656744,1.9866744747794358,3.4593883491998922,0
2695,-1.129051956773416,0.6463578976538524,-1.1842474640382132,0.2660599194020305,0.11083014657054421,0.5695060510620635,0.24017028756847658,0.3725482578942856,3.9602565915362846,8.516683053997275,15.632889711717084,4.522511697099648,8.885199976885158,0
2696,0.5858508993549956,0.7485414795805678,0.20630204270998642,0.321027585889261,0.1149133990793772,-1.2038015275254672,0.6230208858044401,-0.44003204212692437,6.061284762231899,12.947281970355181,24.015010579148058,7.026057179473048,13.609678911467846,0
2697,-0.07847696619601097,0.47838663648122237,0.3829777434646213,0.06855123623679829,0.06698395153289725,1.5592777998412064,1.1922359336909205,-0.06640403653213212,7.382416344186137,16.004011645833966,29.137160473797625,8.572893160874864,16.614365855232805,0
2698,-1.6562971097795778,-0.26762857921012473,-0.030231007061864545,0.05874282263789415,0.12963884748853421,0.19395552453562637,-0.20132256614071986,-0.2056309907780065,2.397258920136849,5.619285209422905,8.078280101437624,2.841516795510395,5.112598948850252,0
2699,-1.8867658526218398,0.03775124280059172,-0.07327175504648498,0.2767082056326534,0.09880159378587551,-0.4448387741597548,0.1722336092129153,0.7700848495807402,1.9414392921559678,4.042888194486365,3.8486619212111113,2.2580165510265955,3.1756984774586923,0
2700,-0.5444531963277446,-0.20415232062290278,1.0977119138005333,0.2864751441902789,0.06590443486030265,1.504061111791307,0.22048056573943153,0.8677716975405283,0.6207136879177496,1.023218932129212,0.25023250354873205,0.668905812954938,0.6351401183742018,0
2701,-0.11734823931108451,-0.04194718323968383,-1.371214887850563,0.15784253092945333,0.08099989740776864,-1.5644468151442341,-0.11139985036248379,-0.43336563974487086,0.9802967295664651,3.096016001015646,2.6298693825380632,1.2759229757683297,2.139446931512885,0
2702,-1.9167466771577093,-0.04978114492216834,0.43880994676135465,0.2705869571707729,0.11647904422938196,-1.7697303460270075,-0.9808998349869551,0.8696829880921255,5.170342126782424,12.357568949822342,17.920213337174484,6.3670960147223425,11.271146925606008,0
2703,1.6866261908280458,-0.1869115029895223,-0.24020433585629242,0.6808284638378652,0.07957816770689395,-1.9144310586640083,-0.9243037374767964,-0.7377385233806086,4.83751309101279,10.561664624209433,19.420718679658343,5.637527749737566,11.009721693437928,0
2704,1.1230608173422256,0.203792531186886,-0.600701426672785,0.12965873632259958,0.018519528095099835,1.206937543921558,0.9260701670618532,0.06215677334243819,5.42198983280818,12.296908847056207,19.7356025878091,6.397055870340557,11.876055967336102,0
2705,1.0908403887403968,-0.433743190016715,0.2569913803622552,0.3504310782761141,0.013154128827043842,-0.06316612762621032,0.8322881975974983,-0.8964349643480101,1.7356879243806198,4.182417609733668,6.95320574320573,2.1026694576193328,4.071660328957939,0
2706,-0.09157609211537787,0.7465261521220703,0.8702157884299306,0.39475998373331955,0.025701695889553105,1.7426309814574976,-0.8324770023489081,-0.44635857360579645,0.8777952180550952,2.1430970284340254,1.5487062276696824,1.072354727161502,1.478115014963791,0
2707,-1.5028992341910627,-0.08198177114419858,0.38759378391795263,0.6616946487885933,0.06920064125727844,2.3536013579259487,0.230056769892524,0.2088200705501515,0.9240154033315896,2.8295525435457174,2.5538634440587424,1.1646889942877323,2.0086983167095878,0
2708,-1.298847881494658,-0.6197679309598072,0.22987847125050087,0.576703523004346,0.030706003147169564,-0.07991161153703263,-0.3451198528604068,-0.12247248783641851,4.463388476085736,10.00100503964655,16.810864867182907,5.272949950481768,9.909872509922735,0
2709,-1.1114762479385858,-0.7185542719353049,-0.5384969128383876,0.6951333334713232,0.12078386392631492,-1.9917293314364377,-0.9892595705271341,-0.01409754236191163,7.819874552284456,17.209447504701007,29.500144158510814,9.149892201487452,17.273829084797626,0
2710,-0.8904711914420891,0.6468515900225202,-0.041456461261796695,0.6821661923614921,0.01622982279635657,2.3503853836422275,0.6410432209858705,0.46375312613207176,5.940841622421959,12.108956818744298,22.447654470516103,6.843068579672448,12.833542731471953,0
2711,1.7608646449267815,-0.0593945195496528,-1.053333257814446,0.39752059667286094,0.12228357591158383,1.7977147948281713,-0.027490306493201278,0.4646044403485874,4.446690991844749,5.693058947157843,1.526451315390163,4.507728825370247,3.950633258854851,0
2712,-1.0121891990432488,-0.5389059161802461,0.25877865714920434,0.33740093500607976,0.02415786141331458,1.306812464141896,0.07715387454230882,0.040784614833115684,2.087055949603598,4.068637129356714,8.097419856776426,2.402161657693787,4.5161500464904005,0
2713,-1.2427619212812808,-0.5177187274681456,0.5781236531480003,0.6815224660010788,0.02658182202214706,1.5617286059709095,0.691428400542599,0.6298236371506556,0.802493314824333,1.8847008067741187,2.948288024784323,0.9262610693999278,1.7832707508548251,0
2714,0.3269752555673242,-0.29631596261849746,0.8130627648571296,0.3839563372576293,0.03327961221078789,-0.48806619921399275,-0.10147958092716225,0.010690305583398674,1.8816237753814296,3.8461119755304765,6.9211784866118276,2.225701078318283,4.0172443790889485,0
2715,1.5902543016351394,-0.17766997484746327,-0.6455675488769411,0.7698783661530411,0.036292228639663617,-2.4444185462895396,0.8395704434909408,0.908891541536315,3.092876495598643,7.092559144922363,11.549745708997257,3.551196735119216,6.875674078367401,0
2716,0.7285277898916749,-0.1847006916157583,0.13126405558291054,0.6656012568773251,0.1328010494919893,-1.987370566445401,0.8831921213784095,0.23469963243263292,3.2998764282940516,7.019717261432996,12.288958876692263,3.8604467836101524,7.168610448286808,0
2717,-1.870885791456013,-0.7830285948592062,-1.3633973588589352,0.7588468580683536,0.06397768540000268,1.0780781542892544,-1.1958783807650133,0.5863439331510809,8.683603028995527,18.44471418834549,34.551777576439946,9.995508902804914,19.50357932841478,0
2718,-0.07185845074673436,0.8472053395253571,0.06269247376557097,0.6310401193792398,0.09442000370404748,0.10269236319808916,1.0757860532844037,-0.008801555749250678,8.500641550745563,17.547331758157664,33.67634212983622,9.808039168753002,18.898098548497135,0
2719,1.5695534598967074,-0.927844739730262,0.4722565357473547,0.7293292633873163,0.13489129942294106,-0.0747318474732479,-0.06696680167276692,0.6210268692464791,4.574777605152006,9.630363221365345,17.324021424943354,5.246120053377764,9.983360680775988,0
2720,-0.6599364595751847,0.8743228503130889,-0.7479476383372219,0.05951826185049578,0.11578859289192844,-0.47637872243875234,-0.3461343154479838,-0.3581800904408281,2.406907948332632,6.062933861836927,9.598644139983923,2.8385773177605538,5.7044035168221,0
2721,1.9217689367441557,0.1433533061464316,1.4757433277963727,0.2748647906747756,0.06209538579904661,-1.4411865094566605,-0.1671261207851915,-0.875989314192769,1.0284504206447171,2.1904499658062027,0.3752831148863258,1.1821357639454682,1.1964686267957205,0
2722,-1.9977685922680517,-0.09385304778929293,0.7380717737784717,0.3496521331696433,0.077700809874513,-0.27192052217239127,0.06433027181110029,0.5512080954993543,2.5183522575716664,3.1861181054513064,0.596491813078381,2.5433314073689557,2.1446217935673015,0
2723,1.2151451624737812,0.6761160874249412,-0.8627102757911509,0.36627556507513354,0.1246508544305357,2.2093950993864757,0.103160117769874,-0.014000043996583278,4.634011713822428,10.017803793650268,13.641435564375396,5.604637799325353,9.048439101486961,0
2724,1.05837908458984,0.9833886272050816,-0.22220340494602642,0.1320797425878668,0.1251460201630418,1.0521260423999008,-0.8518181472113251,-0.35298140652389676,2.119862493878745,3.406026771003859,2.468130762674064,2.222628129278704,2.620468821194871,0
2725,0.2128935689200544,0.4629311206537525,0.841939750665194,0.12458509586393118,0.03251260058507192,1.2206125721252277,-0.9213303053421943,-0.00367952215087608,2.0859227099451703,5.368864263683348,8.053496561740962,2.5234493423304363,4.9048299948438885,0
2726,0.18396861756668015,-0.32129090574876895,0.8890086423806438,0.04433264859663231,0.11661667421711948,0.7301637415749429,0.017322181616155063,0.7447453949572036,1.432743829630548,3.57674454399799,5.308952495674251,1.6967307649355314,3.2652053372843897,0
2727,-1.191014247865548,0.6015480702486979,-0.9366763777153604,0.7923568777784008,0.004914715483471604,0.265986295890253,-0.796759645868858,-0.18404986705325665,1.0561121891460297,2.9252609692200986,3.42423214241977,1.3359192994447688,2.3552735201802464,0
2728,-1.4082133193017548,-0.6123490964189198,-1.3170584738205355,0.006402836219080755,0.1078958829159999,-0.23269733626914713,-1.0905787555725066,0.8779396377677431,7.512237860573885,16.541491408975798,29.83521638154234,8.705307554717807,17.037214450799386,0
2729,0.6624405818501296,-0.471453735933012,-0.18391455863970418,0.3914133463245064,0.08548917221562963,1.7872513883478112,0.21576067856196524,0.9574522980897264,2.9966292270386634,4.865412961167607,4.5998510951172165,3.317511586677457,4.070319143664792,0
2730,0.9072363571869038,0.9770343965416182,0.15224745382944183,0.5427593507704717,0.11068478580969698,1.2737351728449853,-1.1413688919929017,-0.7450513585296841,1.7556085316713013,3.859801571477029,2.9280325400210945,2.036749423136819,2.766707735264509,0
2731,-1.0891104558836426,-0.45701101824716384,1.2161045678859677,0.5780825787779484,0.021492241580155325,-0.3682248345946002,-0.6165082916902018,0.6597272931416194,4.987287474336511,10.270647451063248,18.7180918708568,5.784097151694394,10.771217754046406,0
2732,1.6711879440782225,-0.6714197263728217,-0.25028765406746833,0.7622695882025304,0.09856341640373836,1.8404843417146708,-0.3415350455900298,-0.5805952675268604,5.063631423521606,11.521905307201104,17.58189503376318,6.214924376413298,10.871721966987096,0
2733,0.7652149159161366,-0.725147330245062,1.0197056901787809,0.6038697254843294,0.04573599525402051,-0.006442401405158726,0.7180653590864998,0.8698206395448511,0.5116734559895886,1.22639997639796,0.10518545714399513,0.6363357004859151,0.6166112369080546,0
2734,-0.5913580164510894,0.5799836367705289,-0.91659875671715,0.7228321113492513,0.10293750152999347,-1.736303399649259,0.575589411863834,0.4481153425365614,5.288733963545205,12.251504053220948,20.223449723954232,6.240763015449614,11.953182623761078,0
2735,0.9691898276683535,-0.3102451651506384,0.7194007497805073,0.6612560454480457,0.05206933643116233,-1.4602116670947813,0.9309118115830051,0.24138812996233683,2.7720143360164595,6.202991338846292,10.759996034143484,3.215664448796067,6.242066957581478,0
2736,-0.15845132382020122,0.7594878118799739,-1.0919830692655568,0.6484676846887801,0.0736231913824955,-2.287378692409843,1.1342704456284907,0.5561334854976847,8.270042343003242,18.68468310793346,33.096447903213516,9.66455408902286,18.981807415147347,0
2737,-1.140976704581691,0.8473911600025332,1.3060366759673405,0.6403724800772146,0.019075564971311264,-1.5680933338331355,0.6096790437701978,0.8276115409259837,6.7979488080242865,15.89152048577292,25.408464376931004,8.024524497640313,15.231832550982494,0
2738,-1.1399274484223194,-0.07834432955279991,-1.0356181209526423,0.38240627426455537,0.09637936950520863,-2.4072255579532005,0.3430252600663124,0.27949985537146804,2.724874235384364,5.77725540020334,4.7609528596903745,3.0517347407356343,4.284098222656986,0
2739,-0.17996605253745512,0.7908045251884261,-1.0955429474398364,0.041049464362978676,0.07437467399619838,0.16517260041054804,-0.5599459530151557,0.9232554133073727,1.586491904399122,2.387600421824441,4.014412018410638,1.7230481852919952,2.5688561219194597,0
2740,-0.9850910400674016,-0.45967634253374423,0.93295936446362,0.738258940663012,0.08042096190072894,-2.404730065267178,-0.3469562818659352,-0.5521203427683485,5.026144966515067,11.120117891793338,14.290306426648339,5.905503394291119,9.721521124916135,0
2741,0.04407218933862156,0.3651435785375594,-0.322691143775963,0.4298879845807386,0.11397904716183471,-1.2692649576341686,-0.7296770441669753,0.6112698936543632,1.6855133003117566,4.68597471262105,6.473035677184114,2.1002870628249206,4.063385813317568,0
2742,-1.8519055046366595,-0.6988068325788699,-1.4629297636131886,0.4443078347647254,0.09001285977110526,0.1551534718475187,-0.20575432965532747,0.05805824683692817,3.977755177820941,10.07934678651349,15.823777584065638,4.683524302656504,9.43261629478567,0
2743,-1.2242487939361495,0.6524854496723138,1.4423190111188275,0.43249830611684364,0.05615333074775841,1.458913582795856,-0.7366273653979316,-0.3584528678083294,1.0852946551406584,2.1049060275489127,1.390755552319849,1.1910780180730376,1.4933946723101297,0
2744,1.7599223337413052,-0.6274116547641284,-1.1636532664902535,0.43708295651561874,0.08811260050241375,0.4857505200546002,-0.8052522503018087,0.4422894545771334,6.90176295355777,14.330181370632664,24.676379874249598,8.044973606968139,14.576994620228824,0
2745,-1.0308754882690523,0.8962051018937982,-0.816128467953865,0.013849183280733524,0.08517677899761242,-1.4857606344664398,0.30857718083379093,-0.5415732788581045,5.533054957823538,13.104192032998036,21.099058087758976,6.512081024573704,12.572099626031536,0
2746,-0.28766254324079243,-0.6409711984239745,-0.21356592876775782,0.10921627097871688,0.050695958658876696,-1.5053419159109849,0.7586444946794599,0.45870816718902097,1.4457028328425054,2.932488915680281,2.0738745980911206,1.5882875677024142,2.0944486607544133,0
2747,-1.3327224073444262,-0.8341908949446446,-1.4227661819609128,0.18133743690755263,0.07202660489950669,-0.5005840156789976,1.1315976762301416,0.5844912903839048,1.339963474825023,4.386137811322383,5.196395401702217,1.7807846225551107,3.454827468610398,0
2748,-1.6872532690085418,-0.682135234933404,-1.4202028443754307,0.11058108915060522,0.07941257232394354,-2.116309823373954,-1.056316926455695,-0.7636769914081318,7.977149544847857,19.032651138912275,30.2603193540103,9.416946773837141,18.122730688714846,0
2749,0.6776545802928537,-0.9612837501837803,1.4088783005821872,0.30462901081164206,0.05048810415355807,-0.12593583016068566,0.042868307079913404,-0.15997322207233222,4.117754908876095,8.734101199674024,16.004011082982778,4.699942390365578,9.126754396496425,0
2750,-0.05469647674275713,-0.32053219850142756,-0.5339777378297033,0.021852212092208848,0.10077008011155715,0.5863598978261892,0.4051689056932828,0.8821101081299443,1.2863464835192355,2.0788183469328945,1.2073666298998247,1.4288278678577393,1.5146422248913605,0
2751,-0.10766104132479448,0.7635408686044836,-0.16817025942645536,0.3820912219692494,0.09494287765723343,-1.4204930030719065,-0.6783453058629519,0.019663688439228055,1.3982937976478365,2.348804644434386,1.546568931040662,1.4762253568954067,1.7357227476264059,0
2752,-1.7255607291188246,-0.5266839011520121,0.8802364607428244,0.3709867418609917,0.0039932900323674525,-2.1962929081885534,1.0068369085743167,0.9134368966805855,4.104112833474125,8.103295938055142,8.378015143402484,4.745025560092197,6.650129730488745,0
2753,0.5644153512863341,-0.6301097829165068,-0.3957413776424312,0.2443736452170435,0.11777344812321563,0.18544842562882558,0.6711757166752725,-0.2789787795700005,0.8967564660616116,1.5859380897492936,0.4957235382755618,0.9552421935763199,0.9890496475835721,0
2754,1.478045853906826,-0.14167525054104568,-0.24787779485626826,0.39127875041799,0.088770863055662,1.9705592657906408,-0.10138669248627097,0.8602724744279635,3.998402343756891,5.822183861737176,4.140307078831036,4.191058842091388,4.607373869506669,0
2755,-0.4253266585324793,-0.35085461091656844,-0.6148631780436382,0.01692160375989138,0.12737159109207843,-2.1038313111868283,-0.3976047537905547,-0.49908642722553753,3.71653155591649,9.16021261759318,13.021991027299645,4.471092035990902,8.216729763841885,0
2756,0.9777469367728862,0.8651743513417962,0.950129351786531,0.2559986638058022,0.06836360152963937,-1.2648155178269556,1.0175524591712868,-0.7625108508202405,8.450919646740779,16.67482678706076,32.75986265129283,9.72051291864854,18.337734017393164,0
2757,1.807817822578826,0.6273136548320093,0.6347331375789311,0.6191949253200283,0.05090202103530708,-1.020567462964439,-0.2845899226376347,-0.6367735031584907,1.5109374714396895,3.866741195274996,5.897140068309222,1.7394138651646551,3.556387007023637,0
2758,0.985440340784415,-0.04991232598796036,1.1574298749591505,0.7027052074214821,0.023378081787381728,-1.4059086566310686,-0.21446345841329628,-0.7623710807647326,1.8215252527907129,3.4585619441350897,4.607361878220049,2.096128527921643,3.17584757533592,0
2759,0.7577355390415281,0.47519131067301057,0.6640510763877949,0.37616825121445513,0.12648243328010028,0.5292287336930013,1.1846682628478626,0.6308764362183581,7.4466470874694615,15.87147730803449,28.975961280554756,8.607208364572614,16.548946539274873,0
2760,0.8890352631322473,-0.7533943949650179,0.9978001128950429,0.2444577725264394,0.06283714433172914,-0.18619857689857522,-0.40485473045109643,-0.783122399741087,5.125266847676041,10.60943996799939,20.286698832576022,5.9139936462751495,11.39782105910295,0
2761,-1.202544608446587,0.6069329088645252,0.4568103966951442,0.7542731927728794,0.12316025304771955,-0.48889886975942387,0.6868947610232923,0.15285838492623416,5.956454575087096,13.01354476664663,22.55416285129069,7.00072942780655,13.15732160068798,0
2762,-0.8547956687001079,0.9501786266714782,1.2854729800623836,0.08975876303396602,0.1259132222495475,-2.1115664011989868,1.029166065052573,0.24833208562693998,9.193316610492696,19.955856249456346,34.44882123318504,10.731825539161798,20.152580781856404,0
2763,-1.333671022210674,0.6345248716158756,0.04734552229052258,0.04763989974433916,0.11976410771876006,1.4416909449459325,-0.04305612755964727,0.4622193329885256,2.6375259413088155,5.48423955912171,10.599420293423076,3.0342569389054725,5.919781432046628,0
2764,-1.839406683947729,-0.3637868063704679,0.5196671476829735,0.18448458041976254,0.06756170695069764,2.1597337939450503,0.7842042685752952,0.1159930953254118,1.8916569013385995,3.9627283291543693,7.452517437057764,2.1813109898929826,4.210201899254518,0
2765,0.30686532345802453,0.7740120346059063,1.0891773063081285,0.0706373875063746,0.0698366070746777,-1.5457317321427966,-1.0002725829891839,-0.41520898264500805,2.2032355545019775,3.339222735449664,3.9343659094143053,2.477694839847302,3.090816743794514,0
2766,0.4425752213812304,0.5887406417130605,1.2374291085772149,0.3383649078305438,0.06334846099666423,-1.7337372607539852,-0.7323809188166741,-0.7950102185983718,2.4583684312042084,3.6218390261430358,2.4420235337034217,2.636348731527376,2.8203041704679377,0
2767,1.903602185287712,-0.7448051271691296,0.7699273517515137,0.25421143213342584,0.08057216992054678,1.863551060521317,1.0468018835380806,-0.5195393622683164,3.0289068290821417,6.337937172051807,5.106894539524298,3.4041264659632926,4.682534208793802,0
2768,1.645077613440335,-0.49589513120163997,0.9143916078903209,0.012200301486790367,0.08028472144035666,1.1290634333097942,0.8134535253557804,0.6822577727893919,2.47708422726677,5.6728175683533975,5.530287048503889,2.9515735376829784,4.399214007005515,0
2769,-0.8045286663196123,0.706299218961979,-0.5290589167393246,0.18701389426763104,0.00022099045803136708,-1.3214237243329763,-0.9157468229054435,0.3498732051979918,1.6231119827603897,4.123383114181218,3.656520118315114,1.9614145627480397,3.0170460208518204,0
2770,-1.4208494889564562,0.17076703548913175,-1.1205967208243321,0.5635348262894762,0.04283182524718001,-0.9565180619330467,0.33692475627613283,0.8778906474202801,2.357467138394486,6.995880319709383,8.899294666771855,3.057185282771976,5.781511165739914,0
2771,1.9664041998278994,-0.2854727768668339,1.3389797196506876,0.48985717464171574,0.1359702864096189,-2.3607392591927976,-1.120385155564977,-0.8508520445918293,6.538530333719527,12.48557625397142,24.32833391073752,7.4819948429971985,13.75393163382826,0
2772,1.2175720077352228,-0.7240870440709051,-0.9702449650806656,0.4683199215889965,0.14361687931034342,0.33556243540219866,0.5582299220864935,-0.6245314730196432,1.923845239969095,3.610243167769523,2.8454545517392145,2.1323071883381206,2.727093606677162,0
2773,1.6566962125945732,-0.8882467028676044,-0.6515429750671604,0.3629793530635219,0.03392582321191826,0.8188040705648163,0.42910183968890836,-0.5762839627692373,2.859285295680839,6.159088241240932,7.952580553281889,3.507181850924363,5.442004412153533,0
2774,-1.9656349250725191,-0.8513655040186954,-1.498716344918173,0.7243149723978848,0.09324985428330637,-1.8078236231490257,-0.9779689867237432,0.6351897289571029,8.151887148214211,19.134290622020554,31.969600331255137,9.614027818651524,18.738136212312124,0
2775,1.244158383105324,0.8547592804285551,-1.0221795562365812,0.41781980812761765,0.018221408505365216,1.478197823872983,-0.21003651886285246,0.3916511131553382,4.230227715742229,8.581926029646926,11.240232435479008,4.920138079017464,7.707729662162195,0
2776,-1.8787452710771393,0.5558619941836009,-0.8115411457485845,0.6742434862453316,0.027878772587743027,1.450486187974927,-0.8781462439682228,0.3268344766341178,1.4897449122598743,3.2995344323133993,5.566851981697043,1.6489740181759602,3.271736799698691,0
2777,1.117034900837926,-0.22753429777566225,-0.7670021582861706,0.2756220757147926,0.044488748847742614,0.6653331517748113,-1.0930518132478757,-0.9171272291159078,5.984641445933724,13.258706651364285,23.098615472204134,7.033158946492484,13.405904965499891,0
2778,-0.848909680583064,-0.44605327661234395,-0.9687892854771476,0.5734519572709739,0.0035644385653190447,2.1211738469521713,0.6179683835113075,-0.19408459577312875,1.8307949902603136,3.3332835141574684,3.002190064440984,2.06635669093044,2.656516239750674,0
2779,1.4357376797390717,0.23630703478729154,0.21068868479834402,0.25041428875685334,0.09946570104279694,-1.8015264445774744,0.05975830650801428,-0.7677798785207157,1.6001795634228893,3.299744902032261,5.254535178790363,1.7997231104943279,3.2263102043230862,0
2780,-0.2194122349851173,0.2325424194043566,-1.0334896873829833,0.17769568966208604,0.12198865876756149,-1.2214356638291108,-0.9706654606356653,-0.33861975745801254,3.2926146321663294,7.774257820595966,12.8753124851485,3.855975890847848,7.568253070458024,0
2781,1.7405597612282073,0.38756512313880287,0.2263029607517395,0.6723356971982097,0.09902808750477966,1.555727244028808,0.3771768052645277,0.7285156403415518,4.272466043529984,9.459582862570754,13.351381778691351,5.202400551131925,8.645269260550819,0
2782,0.49603270206130157,-0.4702502612822337,-1.3766455714464025,0.08425619753604706,0.07686686784268855,2.358841902974894,0.6227080469393367,0.5508853404130227,3.999434300651436,5.122529301575977,2.5673905231395793,4.1184165228760765,3.9186478898977053,0
2783,0.6551484877878435,0.8069762652778434,0.7063779586262,0.20669072869694516,0.07492234277561363,-0.4782850184156562,-0.8030620365390109,-0.555245870518605,0.5712488620823886,1.3668262746334237,0.16603332853211497,0.6826587798491383,0.699498417559292,0
2784,-0.8593728470691921,-0.6527126700154275,-0.8480748022928057,0.7331146888190241,0.05148588123140174,1.637583447917006,-1.0454641336137505,0.9636187791856614,7.733418560066344,14.9274000463367,29.585173403926916,8.79167655305465,16.552965258404452,0
2785,1.0591669651585573,0.8134321341472186,0.07773411473869207,0.5076303345602703,0.05412285440089005,-0.3398438951308287,0.6017827543885381,-0.9000627200021896,6.30718399533649,12.690613875486793,24.689899156423778,7.281906528217927,13.834499760995909,0
2786,-1.8537946584016507,0.7498420954570031,-1.1699770798516034,0.5768239594718985,0.0299314195946273,-0.6689555679073678,-0.495480433341993,-0.019329020259217344,1.772400964227927,4.919268696432433,4.4365097297035,2.201345394488981,3.5585883565580567,0
2787,1.3066459463472304,0.7510681816954501,-0.8338664244183378,0.2701187993275916,0.1255375288782438,-2.0518249903224355,-0.9194475875153078,-0.0408371606236948,0.7689783358505566,2.126889921006503,3.209096352353612,0.9467974386254534,1.9261691266257466,0
2788,1.1605774244479,-0.3280476378302315,-1.2917042715292446,0.7742940377651818,0.1408366983385658,0.7595070815430036,0.4365033914683556,0.8673907027042627,3.151235190809477,4.955521894520434,1.5623710683835323,3.3272258286804863,3.2334610289820818,0
2789,0.5754536589362602,0.576824858625997,-0.10945239403374529,0.1824020785190623,0.1248798227684361,0.9219096473902306,-0.5050507888971509,0.2465511023216611,1.6637341336332534,2.439041119084588,1.3226110475586026,1.720917349327194,1.7997076250156525,0
2790,1.2659359285780893,-0.45930954732458296,0.8044563261657216,0.05787471119345744,0.09374232362113902,2.4946681260214802,0.8792993697574796,0.751316104579937,3.5721182852800233,7.280798303534206,7.250690708249877,4.177808451605477,5.848863034279779,0
2791,0.7214286113530934,-0.07762574480830953,0.5316465958780503,0.25695386968970413,0.08291528061284283,0.19839955224653805,0.10495284221639256,-0.17602481909627055,0.49363247562439105,1.1433420107792103,0.2989629032827279,0.578955588704571,0.6386767757763558,0
2792,-0.5887926785547721,-0.33929097129207864,-0.8258074251615809,0.35083779595027886,0.017661848045321924,2.007867711604691,-1.0327588806873156,0.6748374294971333,6.391833400009301,13.18781467035532,23.925353480343972,7.312973312123035,13.78279779642488,0
2793,-1.0350063665424774,0.7064383589558383,0.6607985842416859,0.7367800970096481,0.13053494612153396,1.0054376178420465,-0.8359708245794971,0.0980906396092609,0.7385161048804605,1.9622717561720124,2.2731173414728003,0.9196974301806096,1.5841413037756429,0
2794,-0.6406877854981943,0.7715512712808483,1.1166854821643546,0.2512299619189687,0.1007549368916992,-0.808575864713933,0.4276571889391665,0.2277420887873698,5.51575788824811,12.217154069211425,20.97464761678687,6.4124826246078745,12.25351613473471,0
2795,0.043791809808316984,0.7568120281352544,-0.7618492029532584,0.6379733314391349,0.10342615844584394,-1.0936606511465223,-0.18795418893384253,-0.8619716589538389,2.601840733377403,6.533579923042485,9.880320900089847,3.1323918867684593,6.017961655629766,0
2796,0.39030663081314243,0.7757818919510218,-1.1465447298059368,0.1055987680047859,0.07118502786864969,-1.093849479710813,-0.535370612606882,0.27734026823361724,1.1518250434429875,2.7052413537812185,4.1891415090794615,1.3147939366995438,2.5453417655610546,0
2797,-0.3589744901428431,0.6892951177786606,-0.2132816377692488,0.49222038531285706,0.05968370683025029,-1.2198825141513732,-0.06880294450379187,0.44096085218193837,2.831231874252696,7.4793035616769625,11.065467154423844,3.4881129579120462,6.761612072897256,0
2798,1.8112365627018772,-0.9156663481888041,0.09548084304293614,0.5087728073487464,0.012858079010827932,1.6458551196117845,-0.5377152032206811,0.749823891915635,7.051454607249412,15.973317722945449,25.376734178898587,8.369569982870702,15.357408951015104,0
2799,0.2104278470008638,-0.6958421446360965,0.7176626706572713,0.12578280209604326,0.10805676582724467,1.540991096946974,0.18126994830735965,-0.4578151080137143,2.3149793343481737,6.043379592048405,8.824253999520295,2.857266880693605,5.440510565844422,0
2800,-0.2506489454183569,0.056040909942012496,0.49734329916846853,0.507140430613522,0.06006364940438447,1.290831837302397,0.6513992758452105,0.3926623981659916,3.2733831276881435,7.039072646397839,12.378725602196207,3.8008823630221107,7.187442649186868,0
2801,-0.9113811831724625,-0.061207426570675016,-0.20172899357010254,0.6534337887558923,0.12122699714017224,1.8304045231289,-0.6451781247036201,0.49690913397476555,3.333306073609017,6.65600542058892,12.283222215249051,3.773851697402092,7.059145282574305,0
2802,1.4815968347028146,-0.6670185178732757,-1.380188818125297,0.08440683876473809,0.09093035650528,-0.3917606477220752,-0.7318767265730639,0.05660714351365681,6.391326560336453,13.353005391929484,24.353616195700532,7.393392813804547,13.968723725770394,0
2803,1.1420900570985655,0.711635361393959,0.7551629483864879,0.7084091158417476,0.09062780980775902,1.6853684039158212,-0.1987509783298993,0.7049572353153744,3.003664990696369,6.597791452830218,8.883481685654017,3.7314328830324053,5.918624727057421,0
2804,1.583252755268071,0.3728161214368191,-0.20686108605188536,0.22533913036885966,0.0487769209421349,-1.838224489632786,-1.0868116673741004,-0.17116390780377544,3.158872701453557,6.699673533688358,12.432981731456497,3.654489388956409,7.052907328875165,0
2805,-1.8293252577678158,0.7611760533964544,0.44987427066794705,0.6749337969818153,0.06666249911238184,-1.3802352816232504,-0.5033308105560959,0.7094662412482848,3.1850695476923168,5.519116654309996,4.402480897341778,3.466959920005688,4.278696121803796,0
2806,-1.5124270780359406,0.39653166837576714,-0.822929272289457,0.28253590413170393,0.0004570129456288319,-0.10455615334966639,-0.8919532388633103,0.7192948163678436,2.173842758209957,6.199809038984325,8.648508441491689,2.676080956139545,5.3742561672197455,0
2807,-1.6090883239738467,-0.4992629252886991,-1.4556047823457643,0.7943019025784629,0.09621565919318704,0.7178841050192108,0.04526603651882133,0.7361109984134115,2.185510535988892,4.901910646203015,7.729478295283123,2.3808914583559084,4.6831589890781,0
2808,-1.4232476606224758,0.5857037129320983,0.9213704278559289,0.028902686383917332,0.01990154238181301,0.23574450436308902,-0.9835403509362888,-0.43526754756026564,2.5016737165428644,4.658657315829396,6.91866110535495,2.8729126528251783,4.51098890660068,0
2809,-0.3853075600399345,-0.6855648824593263,0.6124400642945749,0.3960490647677104,0.09597246612487548,-0.12850235504433938,-0.21003744760521015,-0.01522189302373067,4.023689279188224,8.675888304516391,15.703925814932978,4.700408787693904,8.991091898360667,0
2810,1.598059072131953,-0.2079223434141193,0.4267877904411832,0.6671700129717206,0.09316314753432267,-1.3696780966337934,-0.9072967619821676,0.18175425929644917,4.869231182016538,9.950178639411192,19.421204787437652,5.6487790009046375,10.837062282750077,0
2811,0.9095811663027726,0.5374743003913764,0.5814065924093059,0.0027633798857020333,0.11607604422704046,0.5231134471508976,1.1716353178356134,0.5291745606654963,7.609573960355654,16.233175324948753,29.406019917793287,8.7992889172452,16.85455965265383,0
2812,-0.27917135691721695,0.3522999183358395,0.3478072047498917,0.2699147825527543,0.08002937166530767,-1.4780951025894928,-0.9892075872412484,0.46604888684816514,3.0618562668588623,7.268043474000579,11.091769678408632,3.7531417930977575,6.801815005090197,0
2813,-0.46348522297694794,0.5114266446649338,-0.03498894839807809,0.6478314997973861,0.11094132324937046,1.320654848608518,-0.16960442894937167,0.9223585194933674,1.8986546558500945,3.8202598756009842,5.87421482384144,2.1895284356223677,3.6968916501499924,0
2814,-0.37898167408782646,0.5862875165074424,-0.031233583796614228,0.18806853088037015,0.09433709050559241,-0.15445289746802926,-0.5662323304692799,-0.23493664059859976,0.6320168307444307,1.0911551440438836,0.39002057902829357,0.6624641377144502,0.7002041799164274,0
2815,-1.3602506493493856,0.9740908294874702,0.4295511623395938,0.1388358776633832,0.11468825042606684,0.5093924874022178,0.5341228934231483,0.16897274682643348,6.701766549342234,13.795197459393176,26.3554886854527,7.742597044108387,14.82999551266727,0
2816,-1.7581311224543814,-0.5935205362654865,0.8062329949394509,0.603480265683272,0.11308129969726592,-2.4239264128652245,0.7323618992606642,-0.1217436104351104,4.775348419958345,6.1345194584066265,2.3030503225548267,4.846755346237883,4.448550994899728,0
2817,0.7746458053734679,-0.45584064345186914,0.8085859104596493,0.7858254150484272,0.03803081260489789,1.4209882020843971,0.25188108726940084,-0.4538083661486503,1.515349959807933,4.012056452392814,3.5549322137350554,1.9538394567739747,2.920085533458138,0
2818,-0.8225718246774143,0.4632753436453141,-0.6469620642115425,0.03823485374996194,0.13109404497752997,0.44474626854004207,0.6203367189741884,0.20644747722720735,4.801249219130903,9.841655557500845,18.972377162635347,5.548651587333617,10.63944974051349,0
2819,0.06582974272217346,0.5399647623736796,-1.403531011790884,0.2495091899960512,0.09412030883155019,2.219873474085948,-0.25523826451470866,0.9505818105261021,3.6576238189514556,5.266021259614031,4.914883800302328,4.017521815619246,4.553310845222269,0
2820,1.021127448145537,-0.030207101505249412,-0.21252478227359584,0.10355401514891094,0.09227912109236053,-2.2382316623803793,-0.17022161899562605,-0.5245824745484116,1.4111814968974667,3.0132048404815124,3.3633802308857215,1.6680232256414331,2.5031322930435533,0
2821,1.8251443868243604,-0.27347208881058505,-0.03223881666162498,0.3003944812201602,0.020581470313352352,-0.7370897701822203,0.6695972140419126,0.2423913517106031,1.9973950643767742,4.45618915700306,6.921904407658829,2.3234227884568392,4.244988867557282,0
2822,-0.25033998830048043,0.6411413394206267,-1.4875537543858992,0.6612806402506116,0.008930337392841946,1.8513595445551658,1.0741729124672001,0.6383389982785395,8.011020082416742,16.229502336836152,29.93825167443211,9.131334834245042,17.166765711530005,0
2823,-1.9216249177483924,0.0524159289980326,0.9863888482543435,0.4360130896758547,0.05399050590685695,-0.14652286633182854,-1.0063346138778277,-0.007372710308263697,4.76125757409552,10.780104652355492,16.67134649333434,5.579813936147033,10.221794009550308,0
2824,-1.8886126883873056,0.2882308956609978,-0.3286432407581532,0.15307438441800586,0.0026074351645963335,2.11059507114712,0.13516566500132932,0.29390677129727383,1.944100529333699,4.079201467720204,7.393570713680365,2.2438791022510736,4.2494497234453865,0
2825,1.1174308580793637,0.2531808443596246,-0.2606878994607409,0.5020705624263773,0.03787748695725364,0.30675816926854615,-0.7065904768754969,0.8348456102774304,2.674462433427779,5.81883668279763,7.863781311607739,3.0491228159060078,5.212036409940544,0
2826,0.03827071536900695,-0.5323194383473251,0.41889757760373403,0.07225568279284698,0.06510285279160129,1.8298230947150396,0.6428604070784139,0.40687905174440653,1.7670618241210427,2.8316526545728267,2.038904882286218,1.855247311596674,2.1768105394536934,0
2827,-0.11758662942418008,-0.10624176420802467,-1.4660711172839835,0.4800303574665197,0.08655124969370613,-2.47360489522155,-0.8710955060831025,-0.9751276882435411,4.567655008909252,10.892672918048957,16.954830762047852,5.339957216014014,10.25854332830322,0
2828,-0.9872842161647277,-0.9922937560395053,-0.24789222531243293,0.38111449706634704,0.06556224909896945,-1.503053971828654,0.05654215167573784,0.6281892433010081,4.258862710195836,10.684112792460295,16.396888238409687,5.129591194080804,9.914918241727825,0
2829,-0.8351389977499046,-0.3748491313534157,0.12847752759331987,0.1870035139781801,0.05066794912461996,-0.23781387905474016,-0.272874234536701,0.636464607563336,2.869805168984546,6.594940409474363,11.27111315280426,3.3915808725364354,6.559915706632594,0
2830,1.395974242340701,-0.1942430501725525,-0.15664035039838464,0.7655153009613962,0.07546312678819153,2.4651602568482227,0.63072665445033,-0.4715355582701555,3.7591824763629194,8.404900985621198,7.709631412077345,4.420699822966198,6.404184444515058,0
2831,-1.0836293387483829,-0.6818710239754737,0.9184371786095671,0.2454896337405848,0.10136887653262157,0.20068074771105326,0.7823935269760547,0.5016348672818747,1.26964718534248,2.1414132676963065,1.6563257079263514,1.3850827523874503,1.6587241235282861,0
2832,-1.7450043025609583,-0.32314478118968926,0.060296136421343016,0.6429111298034615,0.10710413068329336,0.2470197533417693,0.7401008172521666,-0.13014304778057495,2.2608827379046272,6.0412910421108785,7.538720976306992,2.7022241982094353,5.022490846717694,0
2833,-1.7773617042965304,0.7410714572303809,0.07978005568944235,0.6467224698911908,0.05881225769305093,0.44276125939742217,-0.4053767868890872,-0.1808500511092257,1.9853680622433925,4.666383223166445,5.768345591768117,2.358070691092531,3.961836132262639,0
2834,-1.4104071132679716,0.48320713382079616,-0.6591470820049035,0.241384915560531,0.05312834438367206,-0.33936941801399323,0.18279338885127427,0.36561326339093303,3.0264507917609134,7.358019453118076,11.513709801259978,3.626311896172095,6.932085203458899,0
2835,0.702758034496811,-0.15263816814341213,-0.054327997256524485,0.1122564143646839,0.07822591240474139,1.8852835108449444,-0.09492028497262517,0.8760271861986979,3.012046000434946,4.74143653700655,4.342251511404479,3.2877154289537054,3.9574917575491626,0
2836,-1.3768658402809404,0.47381891827465195,0.6239667311385446,0.545223162860498,0.09942857990404325,-2.3884586321156656,0.5810934049250518,-0.0006314504142010957,5.7030583029142,13.03741681802336,18.430364341895018,6.883047246094433,11.839556563459217,0
2837,0.09674475879996036,-0.8982547195776052,-0.9348566150621317,0.7288055260505278,0.04732925051623139,-0.5305988969228599,-0.7459115539330059,0.2643815642845655,7.3865075987594935,15.28149322369889,28.693055673725326,8.475416933963677,16.255858642251482,0
2838,0.9628035032273092,0.8425236828874576,0.18619084137521602,0.22050454465251548,0.010644497227739701,-1.1694528098539796,0.28407490151880643,0.9482071372354792,4.96933123599874,9.862194260335206,19.669225478386743,5.741472840634882,10.924372576479694,0
2839,-1.6832087289239364,-0.22326712382648317,0.501707128242947,0.4596567553639799,0.09775389047958191,-0.1839576415491022,-0.5591119069488393,-0.03449547157452293,3.8541985688598834,8.444078406942651,13.576452325893353,4.504500183921768,8.212868808900943,0
2840,-0.4738554802524879,0.41859506285710135,-0.9851255328936351,0.3969183463773964,0.14385938385712824,0.15896978853244637,-0.6306972605157722,0.8717005916013889,1.3152822399351618,2.3509351731739723,3.259348897970977,1.4626381215773883,2.223933705481772,0
2841,-1.0233704525827374,0.5023602759873702,-1.171406219781163,0.6816716878442668,0.027086188140786754,-0.5291026593253689,1.1174888030522034,0.1587894554121665,7.024963466845934,16.10488053492059,28.344703140136055,8.19966304776251,16.262330447347022,0
2842,-0.9440162562995336,-0.9987456620760617,-1.479632329859715,0.21967014401673107,0.07902821895170756,-0.07554365676970809,1.0125159150864331,0.5281882296823461,0.5749229077725999,1.3152528552518001,0.19907542796563493,0.6644660641638171,0.6932219637133921,0
2843,1.6989425437364223,0.023556376639827015,-0.1600007635646965,0.45287063769630054,0.05582191315651106,-1.445942543314172,0.8079853403226742,0.3610631671223654,3.796310945277305,7.335487004137872,14.467816673120726,4.356893345158497,8.11557372127662,0
2844,-0.6973676310990955,-0.10743752219913816,-0.8236564956865945,0.45027124532808815,0.05375372147741695,1.8778765873411087,0.06807105709551231,-0.17653872459374131,1.6440725466196813,2.3976349696398818,0.571972611964015,1.6917244337415527,1.5532764818412286,0
2845,0.998479055493013,0.8102025809395301,0.9522572928773565,0.39593367615692704,0.05346650055453472,0.8106467157042969,0.7604833043787449,0.9572791546730064,6.985612410432008,15.604766619650684,27.424924845360117,8.090021083618911,15.813593270994733,0
2846,-0.17099505616505484,0.3364802873744859,-0.620690240370928,0.06997063716265046,0.03795865917229716,-2.4275493290260393,0.022626237328138732,-0.2536877747761539,2.375557838435484,5.709844782711226,6.37354101825553,2.937744453916735,4.631457537212346,0
2847,0.7130992394497935,0.23062806863481722,-0.9964006966667495,0.53905727558543,0.028110033698113785,-2.470234278754168,1.128462391102716,-0.9460299059061628,6.179580146957407,13.744547960321668,23.768009132666332,7.187716140977528,13.826412786081375,0
2848,-0.633003693174059,0.27502248190122036,-0.38887638852440887,0.3049673237931312,0.10840913106829428,0.5107696723126502,0.04410587106363595,0.7726334677675479,1.5913903164587533,2.9347473513768496,5.721001377869989,1.8267099671525777,3.256812710426935,0
2849,-1.5675454158511664,-0.060464915771986094,-0.7827997724344853,0.02944627853392845,0.14685505532734408,1.170134136295648,-0.6811547616207415,-0.1951314896902332,3.26762605427491,6.5741943585295886,12.340908823039243,3.766868370155185,7.031505607768641,0
2850,-1.0959030249840827,0.3697105719676026,-0.44865878568304995,0.7358900654928512,0.031133282872644878,-0.7508690783732992,1.036354766504539,0.7693615082041598,6.358600402642744,14.233849372288148,24.571207236635562,7.414252893320629,14.290522392802,0
2851,-0.8273194160677799,-0.03386264462566135,1.1511149503592333,0.5365076485396781,0.09559195219999293,0.802792850466949,1.0103547221350813,0.03434768142018707,4.400440181356038,9.005255088515877,17.011064239147792,5.115814526699619,9.636609305375874,0
2852,-1.2728805577528521,-0.054552492243328254,0.6866649054253102,0.3937074512302397,0.04698940865393852,0.8316495597691071,-0.11944859318509016,0.9256405226447451,0.8309022276756406,2.3914606895776105,3.047172497049763,1.0522733917970417,1.9860879634706081,0
2853,-0.5914377963282162,0.434973847257623,0.1652159697596658,0.06205181871953913,0.07046368762279187,-2.3541812891727827,0.6955960874554232,0.46906017045451054,5.345177103767167,12.90566066498873,19.72433512189077,6.427212361091925,12.035273103303194,0
2854,-1.7979526482403698,-0.0006105728082927975,1.3846183876717602,0.22771102418153755,0.13564549459910996,-1.7445367011639186,-1.1841541109292504,0.06104277045201645,6.300536515808445,13.93261688602437,20.56412266095591,7.438519891149538,12.983034807951572,0
2855,-1.0430267681466892,0.7584484041093775,0.5217660133956463,0.5495122830467253,0.10099206041828603,0.8947883531769669,0.5930756554978736,0.33977530663130073,6.058317601381346,11.994375480290719,23.618635293616524,6.971023053185152,13.19850081790509,0
2856,1.3371011022909145,0.11624427404942428,-0.4479353284146912,0.37347773734734474,0.06603525480480671,-0.8374684758602395,-0.20287650599476126,-0.23002649644125928,0.7786510467666501,1.683467803131341,1.559233844875741,0.9032332057133704,1.2967291290034566,0
2857,-1.5554388771213912,0.6611046021189002,0.7693971936953634,0.27003098570493894,0.1417698058594257,2.2468127033173353,0.8561273388461232,-0.9412543222790966,6.707366419389814,14.115055975892085,26.473165515532568,7.733077949713958,14.961984168215734,0
2858,-0.5151280233120334,-0.08532686645619192,0.6561488474171036,0.5078498675489534,0.1017567920384064,1.3360670690078997,1.0762450297658661,0.10301673450010407,4.272100413605812,9.450773580660298,17.371901656706672,4.98571615517445,9.82700431080928,0
2859,1.6161698579604824,0.6296377701472875,-0.4862272550625817,0.6509363737515489,0.017601790795958184,-1.7062018804541412,1.1817083651833162,-0.14262279754759577,8.100968366603034,16.047351058899107,31.589981219130372,9.331795275533963,17.65466972094315,0
2860,-0.15752790398872563,0.9020617352602449,-0.41448064150982344,0.18957327791776202,0.011673260615602265,0.11309901102141406,-0.7207460567047885,-0.8703879305645652,0.8665778764574762,1.7199211825290155,3.137069052271533,0.9956278292372915,1.8166332163011365,0
2861,1.2522778378068118,-0.342806167316805,0.2381705460852006,0.08371651182487803,0.07583739495761962,0.6592005626459043,-0.12032733373393323,-0.32503636716750384,2.2893497761263473,6.063015737037608,7.843736421118672,2.87735612685379,5.146566192970168,0
2862,-0.7561798624026741,-0.7812324941910744,-1.1529263708144262,0.3965569303200897,0.02082438808271488,-1.3827457901489475,-0.8044375861800945,0.6049687226683678,6.9134417481922545,16.17812308026596,27.723832393880343,8.105246356903523,16.055143802391918,0
2863,-0.20113172931239198,0.10517906279854805,0.24887444420191507,0.31710789825341207,0.04476465759649911,-0.5877724503112192,0.08357567380758146,-0.28284547885346023,1.2001234480791778,2.3075409608024486,3.300197879032551,1.439567365759302,2.1863154229501833,0
2864,-1.4535363024810763,0.8273738842872544,0.6972187256814304,0.05301588837219118,0.13585499252091554,-1.6476740499078035,-0.9654475596189497,-0.6535662045288337,3.8385037528408272,4.858296580456097,2.6218155392809286,3.928221097826833,3.7884068715560386,0
2865,1.732135622637987,-0.5574114451929617,0.860975777106014,0.5144305801669911,0.0777334617548932,-0.672031814182914,-0.9769581458526995,0.4213095556031019,6.684784653276555,14.676482908275451,26.608388466839923,7.774479807429241,15.168344789260502,0
2866,-0.42087410071697295,0.06997228033856295,-1.344714552114775,0.62075026387874,0.10384072693391418,0.14650184956651557,-0.008862173022050168,-0.3259384768411846,0.6276725924402802,1.6673360033248048,1.1605854679178738,0.7593341233521014,1.1126116314400978,0
2867,-0.6303844183968241,-0.8630681627076902,0.5601407812677928,0.0359783580991711,0.00021281690052679658,-2.3450940713729445,-0.7117260677590376,0.1403914296194433,7.3548044900710305,16.714471131522437,27.486636072866027,8.655832826021738,16.332356790940022,0
2868,0.7246368037262525,-0.15852323476777475,-0.2740839028342734,0.46142871069184094,0.08952413519487702,1.7249879183156223,0.7658115963187355,0.6470524091505758,3.528740544085573,7.606943968652178,10.616411185317386,4.221096845526508,6.947738393969192,0
2869,1.3766911909609285,0.759660974043197,0.1659503638199178,0.47613373114326224,0.10908389958128083,-1.5049622219105463,-0.33489352783124415,0.8253059612385474,1.9893129170113495,3.9534654729578174,7.20808418637315,2.287431077382031,4.174001880640898,0
2870,0.09104972247923326,-0.8964247641565539,-0.28332064623829556,0.12863136258995864,0.05344302928057131,0.22487980147521247,0.012327364216261572,-0.0190619396506011,3.943723079408686,8.025231257849084,15.43510792026176,4.5471312139397515,8.675931798649835,0
2871,-1.9266442102097194,-0.1097902433370026,-1.4131086981207548,0.32388862060471724,0.09704998663521813,-1.870477708966557,1.0002545777381113,0.26102297991879286,4.232541639506468,11.528881347676101,15.721752573685695,5.288718722189647,9.973824540479443,0
2872,-1.1296054576364343,-0.21182466443930825,-1.209278210070082,0.017650630132423295,0.13737922203646866,0.8759202536170707,0.6711506435542172,0.24434569567981979,2.1526094082410494,4.058120842441533,7.763479857987486,2.4358240641960123,4.435845439020621,0
2873,1.6270621104337097,0.791837641971334,-1.3255243424725016,0.1515759868625639,0.059368484131784166,-0.7945522269243777,0.061374075895736624,-0.4669363965610329,3.9463606603738084,8.377649892718148,14.851469006675147,4.586289647031934,8.611272832633324,0
2874,1.189836471826614,-0.9850123037237504,0.8745392474395244,0.3146962212650457,0.0007702513124663524,1.735321344703829,-0.12778920688130602,0.4494532859380589,5.2179343170078925,12.562439258295646,19.423867525766163,6.1652090934370705,11.777793239664616,0
2875,1.5137948980026006,-0.9313745137538478,-0.7135138449124638,0.09511327222128917,0.01470152405934006,2.2282054590045597,0.7333665102374161,-0.27054967999060486,4.090406237293561,5.377916476008984,3.456511756820132,4.2151119421747225,4.298961535254275,0
2876,0.7491721712150081,0.8388905475699326,-0.8375595183786306,0.011320590059868697,0.12361625118104126,1.1134916456402753,-0.8153825389872259,-0.020708309029795258,2.393870635859353,2.8583865981850245,0.5014503060651725,2.4117509266431614,1.967287354697181,0
2877,-1.3582644598202598,0.20522772365829955,0.4427098359656223,0.2213461660112035,0.11712556903756925,-0.13201825537928746,0.4952589871092228,0.2796223628465695,3.338399956204526,7.574222453070356,12.483287916269983,3.9529220251152064,7.41406530017498,0
2878,-0.1969642715575426,-0.41456547584480985,-0.8870867884332683,0.5967552259417505,0.09629152156366716,-1.0952903582340596,1.1210380147283712,0.6206778614346582,3.1927271109673687,7.975156552647724,12.249122799113643,3.7208018947111086,7.397182128289732,0
2879,-1.4927909563309818,-0.6748731732761004,0.1321434326196096,0.08190364038630511,0.14465070078001255,0.690117025577135,-1.0411823118468606,-0.11302853927502188,7.617095533817279,15.808108322099365,29.827478867634277,8.801152667534534,16.85592008381873,0
2880,-1.1121260852615267,-0.019098527992986503,-0.7589235007447509,0.6654369234459688,0.10816488144626003,2.032890758904962,-0.7249017246246787,-0.22921552530096778,3.4851271210484716,6.816714328336224,13.107119727127213,4.001742553468434,7.422862608300416,0
2881,1.2218661880691437,-0.2523067986891059,-0.36273485063560296,0.7888307547119116,0.11562947803651688,1.8040875586543166,-0.22326519333129036,0.171837045939927,3.6550771648635574,7.5851692908167205,8.291133425535012,4.261242199587034,6.28553818432329,0
2882,-0.19778571779308463,-0.09941284018085872,-1.1169025929396863,0.6737062811218459,0.05858136505081346,0.4091219698229134,0.856972430699096,0.5469545060335994,3.56800264116732,6.837823725372536,13.035546322418831,3.9786976898672886,7.430281575674334,0
2883,-1.2070480918417892,0.2370227312136941,-0.012806732185356218,0.20812172127639592,0.006128685526514466,0.6489565401133031,0.6716517956915535,0.8834368234064407,3.974906015172635,8.327698981620792,15.859016466482643,4.61147343289134,8.909633782271955,0
2884,-0.5800649650021614,-0.20156569692900894,-1.0109831087253167,0.7876928186663151,0.12743804944599638,2.2880186448647137,-0.011166868498929006,-0.5804372316251489,2.220454439932883,4.425409875464409,3.670913261552625,2.492319265264339,3.344265199611409,0
2885,0.2927382149210138,-0.2558161683822475,-0.45640670756878965,0.06589142721847754,0.010972382205301811,-0.6060072350724488,1.0228765055551448,0.4460474209584462,3.393883565738203,6.975125740984918,13.385683822334189,3.908253662021435,7.517233304919336,0
2886,1.0422343207038218,-0.5314186470894442,0.7035888332481299,0.32505530111275793,0.008908591570980489,-0.5259321624084734,-0.8849909101623146,0.707398925862897,6.238572820600849,13.191020390845237,24.68956076088257,7.217785167319012,13.957524708430498,0
2887,1.3611762578996305,-0.42506214340014914,0.3357669083267554,0.2910077746858085,0.023133926151542243,0.7470365570430983,0.6242559439462136,0.5494454821315062,2.1348168849530276,3.694776481583024,3.477628062297557,2.3872029995825694,3.0308867286083396,0
2888,-1.4031176564273369,0.025157036990276493,-1.428301928401649,0.07213559810279815,0.01215767296280817,-2.214046032247494,-0.39895356226119694,-0.2846407982936583,2.8008356506012366,6.970699223776712,6.5668084704940775,3.407898744774737,5.242292877939081,0
2889,0.7914813682809134,-0.34024055727249514,-1.0788125874667553,0.7575005047921355,0.13132146059785485,-1.8788712229811182,-0.3293311200740431,-0.6638306980300568,3.0168743535121734,7.744342350148165,11.913147210243768,3.579505974340163,7.160259771605248,0
2890,1.836445709731871,-0.2880448157908775,-1.205647719246197,0.5814751906639043,0.10675762742780937,-1.2948277213815418,-0.4284915577917029,-0.16996220501654746,3.391393359774323,6.542408299899066,12.586733019726587,3.9257170366680754,7.1487321074868,0
2891,-0.9291999929134094,-0.4222245836474998,0.9047711760559709,0.6014804841812911,0.10389438179557296,0.933867784224244,0.052516633593296724,-0.29815744407788203,1.8505267785574049,3.746966560191388,6.503226185593072,2.0862328930533764,3.838839146607897,0
2892,0.8821797819096142,-0.767264524930062,-1.0767884843799238,0.10101216635660766,0.10990770776254853,0.4577044218185593,-0.11961508951476585,-0.04753731714239651,4.264628447868955,9.047798536202434,15.293087010212304,4.9704483456663064,9.078699032851738,0
2893,1.3102373086845884,-0.7566404420673174,-0.3502671589632582,0.6081329644005381,0.09867590558566054,-0.32426639261059664,-0.6615810968855695,0.8928824266099173,6.4521937638268305,12.762476487940436,24.712064812712352,7.346859221432595,13.912706441487146,0
2894,-0.3683225485739636,0.7556700078071663,0.8334914400998272,0.6892240264082398,0.002538299135801636,-0.11304286010003395,-0.5773588156376666,-0.45195728954953207,1.4357445627463026,2.728404018080223,3.111741884070958,1.6327560243404393,2.346042741903289,0
2895,-0.9206387107023977,-0.22137265630806868,-0.2678861515404951,0.5072321985185977,0.045054682852211383,-1.1361142693707977,-0.3345403136340017,0.37302898587099875,2.671993443740365,6.885193581217544,9.686269492621445,3.4061284810552737,6.113649803379333,0
2896,-1.999315297502021,0.49385591445346155,-0.48309374402268057,0.46099181860067673,0.11422834383578395,0.054175838166396595,0.3531629964743377,0.8398814602661753,3.8154872209047057,9.71390529768606,14.82235064749808,4.592200816178567,8.96474303144451,0
2897,-1.880534910420919,-0.30094232765201934,1.28056247789804,0.6699438637633852,0.09252419720273633,-1.3534852430098336,-0.406720708972923,0.7159127525332514,4.4499741211946455,9.887312385039275,12.299871430229713,5.294810128283289,8.520628393767419,0
2898,0.7930858291278762,-0.42869954067799476,-1.1032634945842714,0.624616267283383,0.08643370195808267,2.3171909495401195,-0.2244211748870535,-0.30194607248760397,4.255684889889585,9.385590086088035,11.37103234046523,5.037027781789616,8.007394973111817,0
2899,-0.8369754281604824,-0.03623972561465583,-0.5318110725851458,0.058552479829633165,0.04681935868392229,-1.4055703334846874,0.756923991068541,-0.5288149337494641,3.5503929744445695,8.494340311489125,12.45563730548308,4.231262023457564,7.773237379770789,0
2900,-0.16451371592425268,0.3454764847249585,-1.0523193818026617,0.42502598754876564,0.12707804274578982,0.4204037588304561,-0.042272546473923533,0.6777577894110245,1.8424609284259543,3.321456771480009,4.972944204897889,2.106260826686911,3.2516846541098468,0
2901,1.7890077095154902,0.6419707988069008,-0.2747716541977363,0.4893544709354347,0.0789962542545127,-0.9834568865794113,-0.1552316904979405,0.6585335588882764,2.474264986796519,5.005874886341253,8.370733536734146,2.9082721481405636,5.046089237775632,0
2902,-0.7980806285318813,0.7791141142312263,1.474287957624436,0.24541383658839183,0.018410708193925707,2.285871744276732,-0.7894436167774566,0.5429276178723546,0.7584041832072979,1.6129726327087606,0.1806079143720245,0.833731779675024,0.8489685970539272,0
2903,-1.8435460854071928,-0.5288698030596917,-0.7195340669101062,0.23778802564263612,0.1378955640559753,-1.6234514539504408,-0.7832664861873381,0.3833498734202474,6.030694608008604,15.022182836985875,23.06138109912073,7.243868422647153,13.958664405499277,0
2904,1.8092684279991889,-0.22143128313689164,0.8193859684553177,0.024828714004472376,0.12360955782106028,1.1169845056120953,0.9518775644531099,0.27490856707660516,3.6642018271217114,9.493985130368609,12.99732339847061,4.49109355978574,8.295762462766852,0
2905,1.7653465766418623,-0.22028518101051264,0.6975943341622486,0.5804513665687525,0.04029117910274025,2.1028976954756935,0.6700242988910614,0.7327035670491269,3.778634045214592,7.202807499574218,7.83390184478715,4.405501027965134,6.085153119669301,0
2906,-0.5496359968061317,0.682509566991149,-0.5550706181107975,0.7715208400003589,0.0035920704548720204,0.5959377367619965,-0.9306251727680532,0.4374663466556443,1.3402575898055076,2.9590795489630333,4.333029213978346,1.499028208751738,2.739612726699239,0
2907,-0.5452467853038478,0.7412811868561942,1.118107532716078,0.2944718988030998,0.12149726654422917,0.9056843857973575,-0.17623937123109035,-0.31352711209239525,2.599605856047722,5.367049803947378,9.720491452913866,2.917825666453956,5.5979267005180855,0
2908,-1.1587802741231168,-0.8735830942869818,0.05207810580769112,0.4320324296604082,0.06660279876905124,2.252985898567191,-1.1671437185683986,0.7006099199531768,8.987487664493669,19.06657313384491,35.626245208577586,10.40252439022058,20.144344241096906,0
2909,1.2032857881323085,0.5175047885080379,0.07474593714193145,0.15228430256636846,0.1294319053160157,1.2229732728165081,0.7987709145131654,-0.5284248534537273,5.956842673062782,13.963597210512246,22.89952012979232,7.053412731189974,13.551329277129202,0
2910,0.21749997241574448,-0.16808152208988014,0.41901430571468334,0.6020861548287759,0.02605730526674807,-1.629808839425243,-1.0953434977469443,-0.6856299233377348,5.816586533745831,12.954149725462091,22.06233831473346,6.809637697202889,12.930886141902704,0
2911,-1.0393070814813248,-0.8549628418010866,-0.4329271352846398,0.5401330361964518,0.11896096916162255,-0.7709186857084989,-0.9988202448904934,0.5187446523168167,8.29112744573357,18.023952753930796,32.270436373246774,9.621531296041383,18.53780810147748,0
2912,-0.43526524652147547,-0.4971448098918545,-0.08792707365795716,0.7758914208592801,0.05589597549719289,2.2972653719335403,-0.592394016768497,-0.7889104799621998,4.993420067452761,10.670009907445626,18.95528993773558,5.86001527299129,10.971617501089318,0
2913,-1.3712847879904304,0.5475634796843478,0.11283934934667994,0.46553780030644837,0.14515625952782818,0.02418685259482345,-0.9191498665331855,0.43703046871998397,1.8172940967079427,4.8259774982478625,6.663098582395685,2.2250140369582585,4.214412456901273,0
2914,-1.168594543721428,0.16307602960483725,1.0631362963859852,0.38166486034607844,0.04714276513523922,0.3777329360352164,-0.8953169009229263,-0.38487188744448253,3.5856304270172012,7.234160343199952,12.761083029559863,4.1739561904629054,7.491657758979395,0
2915,0.016571147441506895,-0.49169767275752174,-1.3822256354330116,0.4681127835374868,0.06018710472169231,-0.5469487028258513,1.19235071015514,-0.7764319362260801,3.186088101082017,6.891520375938491,12.122604302967183,3.6732799686353057,7.0273918308598375,0
2916,-1.3832974487751608,0.7525236349689133,-1.1092150228378563,0.7340982656648939,0.10079412919263132,0.14081452461931487,-0.5318383643292689,-0.28105303585732266,1.129160751493666,3.9478304710012497,3.9779512415788805,1.473862820947928,2.8638690213169316,0
2917,1.3038182796537203,-0.8849909034961385,0.805645821018762,0.6622565482856598,0.10589503633254804,-2.227476676299116,0.5823718088752177,0.44632779821232194,1.7004097716562125,3.9073015811484963,5.2263707415032865,2.0801378846048317,3.458238416752882,0
2918,-1.9476244958683133,0.7845667305757842,-1.1034125240198422,0.7686257376176384,0.010615587164128481,-1.309752855720242,0.4565812591671665,-0.725517371046221,5.908972538938002,13.706120441047473,21.657690724743944,7.055869085833818,13.087422020002206,0
2919,-1.2601297720763958,-0.9776567126858844,0.9794402274098521,0.030093840583371636,0.0948859523591243,0.411536641144572,0.02697662532910372,-0.24968455033075032,4.447858423243028,9.100336814822892,16.386725594903496,5.126800744629628,9.493156324353787,0
2920,-0.801749742178361,0.9138950495222171,0.8560748261945683,0.7381860789327186,0.1100846929139209,1.6450446059400878,1.1140210124854606,-0.09271088677345318,8.921984645803418,19.212194426334314,35.316773056782594,10.316179101749785,20.066903548851077,0
2921,1.6275850936848588,-0.9138516746200132,-1.1763835942622376,0.39229946811628347,0.06809598757920034,-0.3089345998039046,0.08925996426093086,0.07674558567796885,4.065692718626764,8.55285051338645,14.379565040510364,4.66029013982111,8.565461495739184,0
2922,1.4822589532105104,-0.3081743746426553,-0.5512771329193269,0.5615161914361998,0.09727154064900989,1.64923492011666,-0.4577324953326224,-0.9872115674926265,4.045808780726174,10.344235865727345,13.18256425267207,4.985518886005239,8.770334558338199,0
2923,1.7762547363436703,-0.911549212522984,0.5400388300813987,0.25746559342862235,0.06352995830863696,1.6901638870463245,-0.1930092294275385,-0.7112569437932887,5.114494573403727,13.378814483439307,19.303558330792917,6.288697592813728,11.967929975572158,0
2924,1.0177403397415592,-0.9595769658799207,-0.6758010346983142,0.4304588895132863,0.06566455432719603,0.6011416950657607,-0.2847655374868572,-0.21883057540770756,5.738110184682077,12.235423076114637,21.587800960370412,6.705570728449837,12.538957339195122,0
2925,-0.6053709595834738,0.7745409378657708,-1.448110466717496,0.7517135738734404,0.05373325128025911,-0.6755862215484636,0.5421428353195608,-0.22344652254827868,5.956666271312369,12.823000906169996,22.973082415543516,6.873606226547336,13.213185500562497,0
2926,0.4665792884049087,0.8072613581722823,1.0385941425779084,0.4122933420873424,0.10749781918688094,-0.5378262744730393,0.6625059763940473,-0.6596331265007713,6.588306936192177,13.537223170912743,25.865097904716592,7.605180794512793,14.557706482997732,0
2927,-1.8174728742576964,0.08146535183751547,-0.8539839455805976,0.5829807542905301,0.015198526304294706,-2.4575243091570793,0.42168803938046184,0.0015988758363332245,3.7134055497198823,8.668082073923447,8.757047789808725,4.474496799499831,6.7890103039856,0
2928,1.8080616273207344,-0.5050287842728085,-1.1302316474981648,0.018484945454687374,0.06663710234180815,-1.9959155730204448,0.6615442519910519,-0.8560284112287986,0.6999401949470523,1.603241164306303,2.8645507770361904,0.8348941460693641,1.6338090554938,0
2929,1.6830192418013254,0.08170784648412344,0.5891158468305244,0.10473368464381974,0.013425798867697214,-0.731581117413953,0.049042894250738156,0.15100390265925578,0.7027683521989018,2.2066509861978734,2.2919215825981776,0.9277397108438107,1.6531762473828668,0
2930,-0.6808461668412193,-0.45467540963132347,1.4442316269734987,0.2181295359551906,0.020688736242687106,-0.7027016780666406,-0.4707088454856082,-0.15652959798840183,4.596587764321896,9.586320890289544,16.165974540466642,5.281592844266655,9.632824242950091,0
2931,0.49485494549136844,0.2062958664986121,0.5948696562455575,0.1253480564912656,0.006891654599096725,1.4540489986422678,-0.678833664941712,-0.36866999222065755,2.2036147408674633,6.199883204505416,8.267613543555004,2.7987864723407365,5.281212093912438,0
2932,-0.17728114236344705,0.43261273668794353,-1.009246709801991,0.7219218119874236,0.04822910012873045,2.4133134641953378,-0.5150098488273004,0.45130603150316095,3.0985949773402472,4.470378200429029,1.431301827105612,3.2162293861387377,3.02170544007634,0
2933,-0.4933235519913235,0.6731754717478389,-0.11278022272920452,0.6964255087574325,0.11309079377572638,0.43014297903200394,-0.6000241688212544,-0.48026456187817956,0.48472558163857404,1.288541397132976,1.026628425143902,0.614198147270429,0.9013884359016785,0
2934,1.9656883661347102,0.8507759939331652,-1.0847448307288055,0.16325161286333884,0.016022157936154083,-1.493311007406291,-0.5034298122744989,0.6752538635504206,2.1326211352788778,3.487324184802878,6.027678332206559,2.3919218110196834,3.7334792767884624,0
2935,-1.6192709960285452,0.7642411320052489,1.41579039428085,0.2253920547305115,0.06843507686131513,0.14664186812016933,-0.7063456011423861,0.46315275787349686,2.20211943112055,2.859755576869841,1.1575074226584485,2.2484777304196393,2.090662502236616,0
2936,0.31999519835587087,-0.7756452899810435,1.1879469378930523,0.24175415367145128,0.023437097515706655,2.4092720082020165,-0.9530184071719264,-0.8806066307232592,7.598525886437097,17.97642764602971,30.19800688140515,8.935462726453467,17.62543439680693,0
2937,-1.0497879726793822,-0.36147016520630126,-0.19859200154789525,0.5481361744436088,0.05485700763448556,0.29666805351489867,-1.186052578487929,-0.23020063629561505,6.8668148189237215,14.743505202526228,27.079336984541712,7.957335207034981,15.402630622500995,0
2938,1.7798747016939251,0.549693411330034,0.7224017073496043,0.24361278119681629,0.07322642597615388,1.7226175114400455,0.9123736074228115,0.4210860585822591,6.841148293874616,16.18255885881097,25.687306425687865,8.076437187115484,15.420947792223581,0
2939,-0.17383427572296828,-0.8536699095101388,-1.1419400743435482,0.00023433745993024503,0.05387996542544008,-2.383080182502015,-0.1559477022557063,0.1950832464348835,4.527447070993685,11.385812959049694,17.67332684617849,5.428509600980642,10.618827022964625,0
2940,0.3835205615130861,0.11059503640189727,-0.8214874175327787,0.415351121351185,0.14697538956255696,-0.27691106487127515,0.8987800472280634,-0.23718911767611361,4.493812979281104,9.463887833944423,17.97411494113076,5.2240247929963095,10.101947205606518,0
2941,0.49217775125882435,-0.03632218684098021,0.565867429085007,0.7179022716871314,0.06613511238098665,1.2869972912981895,0.9180951596850797,0.5790890924198002,4.099596928575851,9.820599059357376,15.426540768757716,4.911351311288368,9.29515615813612,0
2942,-1.90177600449683,-0.9996206929635114,1.1488790299447222,0.5834507298814232,0.14371980482556143,-1.0375880298251534,0.6911238065162995,0.6030441542352736,3.4360334775798305,6.1527353685436355,5.833924476356265,3.770614915027,5.003869488246619,0
2943,1.429305958990752,0.38405582740298994,-1.085076022748185,0.5447541916194083,0.09067255422566128,-0.8316395374229786,-0.6993276198384836,0.770199888627064,2.1232834299240846,3.7952206308847325,5.545063530947869,2.3583601904968483,3.6749062965766903,0
2944,-1.432214020159241,-0.1556042066120853,0.3683955681171631,0.777437145132411,0.10064645286167337,-0.9756090053923816,-1.054411357601621,-0.36459375430654917,5.763214153115896,13.351150464549859,21.17108753509835,6.672389305465454,12.752874576375778,0
2945,-0.8288537627454207,0.6381589636274845,-0.3702463364444939,0.0787586663070635,0.1304966194038607,-2.4097286660844657,-1.1927774507319742,-0.050493513036765636,3.35488994250625,7.9047733314543995,9.634612307743259,4.150580599179268,6.683340734429099,0
2946,-1.7231188400360744,-0.6457962079529127,1.455853746365583,0.675492002394258,0.11460565138975898,0.8539652659860071,-1.0852429223533406,0.6718174236541343,7.743488926120929,15.44043871017338,30.365955919523984,8.9222929003677,16.957194356782257,0
2947,-0.11524668221290346,-0.8033600522099686,-0.5977469665499446,0.4015744958276362,0.0020541896131767933,-1.23790263474308,-0.3937832910317619,-0.0724173209308061,5.38765953458764,11.647821935297847,20.89479720924902,6.2455953787899725,12.00364314161935,0
2948,-1.9920735777046485,0.13088524036257332,-0.9070988673936836,0.47780042459886074,0.03587254606777596,-0.48640779209585494,0.29671247819107105,0.3131452128816399,2.117861794143878,5.763867977692071,7.3767792406255746,2.7867678433688656,4.856229488075344,0
2949,-1.877617227525242,0.070149096158445,0.9499250079774408,0.1651384364435515,0.0797982956618291,-0.26192678806567304,0.8398437789758881,-0.12247385072115957,4.628984099955248,10.226255550314953,16.09910390267469,5.4097235924083185,9.827275425124299,0
2950,1.7753620418425897,0.30485686208256624,0.184149664141964,0.2335356327817416,0.08947884217249734,-1.843767887659712,-0.20101417088236195,-0.4311441084304928,0.6451750341911311,1.2968388038457042,1.607084361184203,0.7304953530059762,1.1377789950669088,0
2951,0.6811060138846057,0.5279919630585068,1.2858865643556427,0.17768061662481938,0.1327126047401047,1.7297574259460715,0.8698357798868719,0.48095172306941203,6.2473391692798055,14.8647257999639,24.709348669748483,7.3176313312045504,14.478187224818111,0
2952,-0.9291142256910034,0.7557443500250642,0.298645386158761,0.5924893630741866,0.030788603398954343,-1.712947322429876,-0.5355560758206602,0.02274155355140972,2.833606624083541,5.013869498352991,3.8725000474866667,3.1147613701627495,3.8274689879932344,0
2953,-0.33349961552109386,0.7752160720773609,-1.4609444905423439,0.06403871435675867,0.048811479044652405,-1.6613388377691007,-0.2237985211436644,0.4351862009702967,2.4083496902841124,6.801711156177291,9.570420329972961,2.9677086153103,5.93091521446134,0
2954,1.9736714872042178,-0.5958505055507486,-0.7020760962586593,0.6149909196390798,0.040807456095040315,1.0187498636878716,0.20037371587771347,0.7097881976614255,3.7851598652757548,6.445212737147512,6.959773968230257,4.265457876730679,5.583589758869125,0
2955,-1.8666529004147465,0.9594939199240133,1.3927520087130318,0.017910235743140213,0.07492641325170527,-0.4928694751541145,-0.5900084371111737,0.9556518423386517,2.9288183018315346,5.7059812543375985,6.594085302348439,3.4232762444620386,4.910993082001475,0
2956,-1.301598132749775,-0.4728910153973509,-1.4753310791683476,0.4641785025046005,0.12911979583999772,0.6095646782674038,0.3638573423848579,-0.8673592608513772,0.5286134298826579,2.0573008570083275,1.8661200553882118,0.693523917315494,1.4049626944153086,0
2957,0.8592288764428866,-0.1819911624130719,-0.07886261138160577,0.46801245552578197,0.14630465457604616,1.2409162785872114,0.44142501560295067,-0.13621393042936702,2.0784266173924073,4.97289397612682,4.526394921636991,2.4858132947996534,3.7218959840268306,0
2958,-1.8621979338845644,0.07736934473101686,0.48264369113019456,0.5633517477665717,0.09118216249128726,-0.9981648744899874,-0.6695246359580586,-0.8198119566036624,4.103101211894703,8.188784370482034,10.668635441847826,4.762768249883954,7.364433132255765,0
2959,0.8113254915380397,0.9415718824871075,0.07506739443465205,0.5385461322933709,0.10389037538433067,-1.6927894708860647,-0.7396765947479309,-0.5836455392596105,1.4354128922822877,3.3727716803179377,3.7113265560508806,1.6600635910584896,2.7218596977011806,0
2960,1.7313661348427223,-0.9688398788874002,0.12350631902853415,0.3017420978801706,0.09890255042451793,-1.3975391761543814,1.1068099673389928,-0.33756933172020465,0.6063184874889679,1.403289552542597,2.370414730927388,0.7419636945168175,1.3882032007393676,0
2961,1.7037071264662917,0.17840071393557788,-0.25661670308548334,0.5871084186146794,0.08295970113986506,-1.807087370143396,0.4907740792022688,0.1589878246126104,3.0695203156552897,6.139535611041178,11.668265608671755,3.525734595338124,6.615769920144278,0
2962,0.26257994265918905,0.4762915607311875,0.4604405627488135,0.2929940507796519,0.04777331544798465,-1.2459057189296596,0.18034903306543248,-0.40022448172059955,3.1550877597200992,7.0879254172513715,11.516780964416053,3.6470845890418353,6.89264670132044,0
2963,-1.5183268328062582,0.56539498432158,-0.8726032734530185,0.1319015934755896,0.12735014592387822,1.0106400433088032,0.6387767177062276,-0.2992789077634719,5.271904593919,10.785364434503613,20.559431206994887,6.104129014033024,11.595422972028553,0
2964,0.46974483088842245,0.8643885004376719,-0.6519082126671248,0.05516967647554827,0.025631708863870648,1.9873314117202847,-0.5243254027355787,-0.017494186437671866,2.9154505023806494,5.440486948683924,5.919676225338679,3.360425230641996,4.618726625985176,0
2965,0.13827573626610956,0.9200272500353486,-0.5955629540859969,0.4171130327920266,0.14371864928417094,-1.493275899686095,0.23492472433763734,-0.8727864879280982,5.276079325364674,10.98862917228087,19.97294241528857,6.05735885757621,11.477031159637857,0
2966,-0.9480992853677299,-0.8615701208317648,-0.5095417570147641,0.16514704623722087,0.11976235842333317,-0.18302275441894666,-0.2279994869891946,0.3846462549767826,4.7983453002505065,10.93210738283972,19.168913167720696,5.590345858098924,11.028844341053167,0
2967,1.7887972610027938,-0.39691321407543967,-1.2997468579643479,0.08782413380336296,0.12858225357310132,1.729274956263172,-0.05912302340723796,-0.7047140733881276,4.07793834718017,7.680887995415868,8.236436679851447,4.671656243178711,6.465744531052116,0
2968,0.10595750636072321,0.33684378035958384,-0.5032905296171716,0.06601442305666234,0.0482912462592216,0.9528698330208485,1.1480824531748322,-0.6198197081136569,6.570527089357358,14.135855968174372,25.92467720937411,7.635206225873462,14.752838702659098,0
2969,1.65822299051284,-0.08675417649812922,0.48965437635247944,0.6909591453121726,0.0836190619971005,-2.1926930798514133,-0.5621311869118991,0.6058114548264875,2.935284937595992,5.758550961040938,11.354270772138007,3.3824380620622705,6.352675807438708,0
2970,0.21156734360765306,-0.341851478543135,0.24990517726406658,0.2148560849144331,0.03615154497519148,1.6419651203545733,-0.23983774495322474,-0.45202210653686103,2.725923695045336,6.656937185877377,10.139742237985681,3.3323103507429033,6.190011970746808,0
2971,-0.3632942717262355,0.8412666579227683,-0.9576339287632744,0.1481834782803583,0.05306472993377062,-2.1978060751092032,-1.0201890575370685,-0.9780428318518317,2.353611708072845,4.132272096608568,3.0895247406207935,2.53565827442178,3.12618839103284,0
2972,-1.4152516683970569,0.2807747585275544,-0.9107215931464175,0.3022319715965169,0.10583780044615823,-2.3408841911801255,-0.6982586042875338,0.991776426977961,2.7229245231754966,7.894730291416976,7.638190012142119,3.502633733254718,5.8270168213458495,0
2973,0.3878472030122908,0.3199593003292682,0.04814402401451101,0.7727139700718295,0.021644553050891358,-2.1631360448710635,0.7587988019099843,-0.9918072609442268,5.1282170830205045,11.968345064423096,18.787310680453395,5.98188828616292,11.36335067698539,0
2974,0.2462472194153369,-0.9971752257256963,-0.4552660643567026,0.5207091753817524,0.08209895509578848,0.2993115100584607,-0.822369131044556,-0.4105345958025062,8.145756979801426,16.361425357390072,31.70586247343845,9.398568583097408,17.803770301498727,0
2975,0.8401164536032888,-0.9534056735848622,0.28584990419176415,0.4136524894907728,0.05159358227131872,-0.8261234518390776,0.7174733227130365,-0.23600627448930722,1.1636340646459409,2.351293637387623,4.252587187183323,1.3371216951913512,2.4639666362842014,0
2976,-1.680561240494697,0.9240788779211802,-1.1088922130492453,0.6379630640548721,0.002091500054218559,-0.6780078910106329,0.03643331195893351,-0.9404350317819528,4.4746405241795495,11.206386821402484,16.76866075373276,5.247798458872586,10.259686275681698,0
2977,0.9363465095938235,-0.47883701759402797,0.12350536506212029,0.6338621059054421,0.08866707269219241,-0.221933626345034,-0.393330331164229,-0.9097895421562274,3.76234077848557,8.53014551966113,15.315159101786737,4.383309833395475,8.720624603319578,0
2978,1.6520840110693902,0.18386292420995964,0.39460665953631846,0.35240998215676644,0.05590682339883444,-2.266726296006037,-0.7944200919472224,-0.14890298981041927,2.7831182559248377,6.2106699427922205,10.628839383523434,3.2808596778913026,6.214874242461278,0
2979,-1.0331814504099284,-0.9111159675023777,0.1380421212277505,0.37129096352403307,0.06320595079631804,1.4211470869884488,0.23886682897291722,-0.9971697033414841,3.0730268287767832,6.403719178600872,11.773462446225405,3.5083686044656717,6.725899396527486,0
2980,1.047639594324341,-0.03482485922085976,0.05044192006876447,0.7116582134285011,0.016382947972441084,0.4970192308903605,-0.5228166456660028,-0.9265773780978364,2.4284231774128613,6.635192092957424,9.741479231445538,2.99255696768452,5.940784047313199,0
2981,-0.25047352110912335,-0.43277393807897035,-1.4955211175149645,0.39435599331104626,0.0466685128811254,-0.3293836007456359,-1.171845251334229,-0.19643598683155505,7.158498825871439,14.846324989916454,27.96485034600353,8.239908698830623,15.814893118420487,0
2982,-0.1183818562683352,-0.06795770556222935,0.650778580287485,0.7930292603886913,0.004179352760436544,-0.5198672476861517,0.8561218405677746,0.25139352243064916,3.685637252932784,7.495006825874432,13.762905050767076,4.2961978391406515,7.9126845227863525,0
2983,1.9344059616666187,0.42683188742402933,0.672741969873444,0.06086762504727883,0.04128821253784985,0.41904854575485206,0.053742425431924756,0.5251828528392455,2.663918894966949,6.656456253017646,8.403522359283395,3.2607822278043366,5.643247474960831,0
2984,1.974630769529936,-0.5863914709715607,-0.21480263401343702,0.6934719803513352,0.12572238175031844,1.5859671608042252,0.28894468587559397,0.9863869963169358,4.131119570531186,6.456349409114588,5.198172272099034,4.414048299929875,5.1770972055164295,0
2985,-0.5683862030110944,-0.7674103117285811,-1.1023202755145765,0.3485535407230129,0.12074249771980244,-0.2357687545457834,0.26731963849753027,-0.28395677919178985,2.2633010257059465,4.968857292600541,8.910666585283252,2.621624721954953,5.1050099432724165,0
2986,0.8593248167096772,-0.6937166808076782,0.06034685508599513,0.1481036216297289,0.07028882050568878,-0.3475298781203735,0.2509491360762699,0.019090471972126544,1.9842181789042894,4.269105634515943,7.654065641368522,2.295021158088633,4.401718952245489,0
2987,1.9029645148117411,0.8006231902641743,-0.617766036201428,0.09694144474094557,0.009712762605013164,-1.5100310060206312,-0.6669422176879415,0.7773627383119088,1.2519375048664028,1.8558237727039937,2.3218429907514224,1.3977937513938032,1.768660655635926,0
2988,1.6993635193779792,-0.5390594146595105,0.7761933019563196,0.6686111668565401,0.05662658727949916,1.857970536905703,1.1727654600119723,0.9355903697680767,3.7905206744749247,8.962670756984252,11.001802458477826,4.675289069486174,7.594027073929718,0
2989,0.9676273150685692,-0.25667445802813393,-0.8189835384680635,0.7942960546672435,0.04142617919432575,-0.30808651625425654,-0.56610111207451,-0.007762280982806846,3.8655678028031435,8.022981826865246,14.3934235944821,4.531439742377773,8.337735941482922,0
2990,-1.5584757813385242,0.6181130877778649,0.015321362783307313,0.3356018750545703,0.054471690008069965,0.3989215709756144,0.6717313446867832,0.8051219307987165,5.655247937041549,12.223713385007983,22.482951930860825,6.583791614663527,12.76695313733946,0
2991,1.3660733417625237,-0.10897367056111507,1.001976189437193,0.42289231514019915,0.0957267237219439,0.8728020172146032,-0.24076359828322114,-0.027893749516771704,1.8122458428698778,5.011988354848964,6.058298221696891,2.4282621970392153,4.107585945528641,0
2992,0.7703559837992997,-0.3841435101192514,0.7407398751406262,0.28328251459209186,0.08782342219279127,1.688113589526659,-1.1443081929661123,-0.5193199096318537,6.829659314812846,15.40591174939816,26.511046611093654,8.008044289458123,15.424789731537208,0
2993,0.24467069284066145,-0.787795119706866,-0.8831947968241008,0.5992715707867966,0.003873456747341358,0.5501837983887348,-1.11802306931307,-0.7681526060515258,8.388558580737927,18.00467008070421,33.267937803553636,9.751071005100433,18.873457040008773,0
2994,-0.4386368426628384,0.9295373820578632,0.13754264923928639,0.24977933797342378,0.06169895343255571,0.34386102853578926,0.2865996477631465,-0.46419342382229756,5.359275729027981,10.663045590747874,21.253688380723286,6.178051476608949,11.800608057810638,0
2995,-1.210822248172898,-0.00938135327757128,0.43455375069131064,0.653263994891061,0.0889192974040204,0.9621704215500078,-0.03844977332527888,0.13343851558531528,0.5782811866177755,1.3772954851615535,0.7950386288788109,0.7179934078152246,0.8969839309789646,0
2996,0.5417902629849842,-0.5273375118068391,1.3022224689898518,0.2762711118091232,0.09070322029700399,0.3047710437718405,0.8480291398430218,-0.7727912498593441,1.6156940356399694,3.427719204323343,5.524114154025055,1.7597684978869277,3.346235067985203,0
2997,1.5369240673873499,-0.7259698985308125,-1.0664088684573358,0.6898038663657047,0.038565285959275525,0.558932355285295,-0.0873342289047685,0.8685325050825425,4.6265102989074025,9.855433056246023,14.100194490325553,5.275796338398356,9.102220987483529,0
2998,1.1283359522963048,-0.33001244442543376,0.9403222397287672,0.1806307912281363,0.09233570276392705,1.257918858623039,0.48758034411128515,0.31336400612714455,1.9189511018412668,3.7558501724598905,2.8063521748259035,2.1047782846398775,2.754823863202106,0
2999,1.3198753227238247,0.11241688531249228,1.2850437180291658,0.11584781731354976,0.05335628900815828,1.4149600589121198,-0.4606663011923322,-0.1141017854377322,1.8965842784349425,5.633676583605477,6.065393476242332,2.581016318682037,4.336797933353029,0
