assembly_id,component_index,zero_quality,deterministic_uncorrected_quality,deterministic_quality,structured_quality,structured_advantage,structured_wins,state_l2_norm,bounded_residual_l2,bounded_residual_ratio,bounded_explained_energy,unbounded_residual_l2,unbounded_residual_ratio,unbounded_explained_energy,capability_residual_penalty,deterministic_z_adj,deterministic_theta_adj,deterministic_locator_offset,deterministic_utilization,least_squares_success,basis_residual_quartile
100001,1,0.027705836311958568,0.027705836311958568,0.03855485602153698,0.0277010497531896,0.01085380626834738,True,0.3501589202139733,0.3385545938694573,0.9668598294242371,0.06518207024573519,0.3385545938694573,0.9668598294242371,0.06518207024573519,0.0,-1.287300763231113e-19,0.0017481239141562792,-0.00012846836293050096,0.0014567699284635661,True,Q4_worst_basis_fit
100001,2,0.12363005484612404,0.10948026232018758,0.13650132394491998,0.10159373423819,0.03490758970672998,True,1.2514583343276762,1.1916468839322456,0.9522065986898691,0.09330259341147062,1.1916468839322456,0.9522065986898691,0.09330259341147062,0.0,0.012066795331417973,0.007238783256268703,-0.011844180232825515,0.011844180232825515,True,Q4_worst_basis_fit
100001,3,0.3465435732604848,0.3580066458387009,0.30808989151909966,0.3309599979772978,-0.022870106458198147,False,3.5060442080269616,2.568998846807974,0.7327342995066474,0.4631004463265027,2.568998846807974,0.7327342995066474,0.4631004463265027,0.0,-0.14190006859971352,0.0067599545224857486,-0.253944857325669,0.253944857325669,True,Q3
100001,4,0.4263375268795231,0.35434749051732845,0.3151158018139796,0.3199195471204686,-0.004803745306489027,False,2.8985846831754043,2.610032935157339,0.9004508132217285,0.18918833296832793,2.610032935157339,0.9004508132217285,0.18918833296832793,0.0,-0.10396273185572474,1.5902773407317584e-15,-0.065166843713859,0.065166843713859,True,Q4_worst_basis_fit
100001,5,0.46869754416773357,0.3692884866592701,0.3914315652655237,0.3398119891241024,0.05161957614142132,True,3.2691839214346556,3.264293585719161,0.9985041111687137,0.0029895399791769472,3.264293585719161,0.9985041111687137,0.0029895399791769472,0.0,-3.850670242702873e-17,0.003495376960007969,1.8018084853993477e-17,0.002912814133339974,True,Q4_worst_basis_fit
100002,1,0.46799643475892394,0.46799643475892394,2.8241406006276728e-05,4.975972214397733e-05,-2.1518316137700602e-05,False,3.507808630145223,0.00021582514762506511,6.152705873698988e-05,0.999999996214421,0.00021582514762506511,6.152705873698988e-05,0.999999996214421,0.0,0.2988750268812797,0.031932494322852535,0.03298246318038151,0.11955001075251188,True,Q1_best_basis_fit
100002,2,0.55758631055669,0.09071648879418884,2.824140600608331e-05,3.5348009997244766e-05,-7.106603991161457e-06,False,1.3021013744293957,0.00021582514762509555,0.00016575141679707852,0.9999999725264679,0.00021582514762509555,0.00016575141679707852,0.9999999725264679,0.0,0.1295639275182897,-3.1575777857863713e-17,-4.1081062927806196e-17,0.051825571007315885,True,Q1_best_basis_fit
100002,3,0.4195726965662235,0.16738951854423317,2.82414060060617e-05,2.9622444949604568e-05,-1.381038943542868e-06,False,0.8837498786434035,0.00021582514762509956,0.00024421519350746737,0.9999999403589392,0.00021582514762509956,0.00024421519350746737,0.9999999403589392,0.0,-2.6307534170097917e-19,-0.017281515440427796,-5.480641981914225e-17,0.014401262867023163,True,Q1_best_basis_fit
100002,4,0.4239709580572922,0.18292918551500154,0.1680311671005754,0.1780462019770173,-0.010015034876441897,False,1.9212796144537414,1.4006266834614167,0.7290072058874383,0.46854849376419017,1.4006266834614167,0.7290072058874383,0.46854849376419017,0.0,-0.07531431742269679,0.007812382705732941,-0.13478276495016078,0.13478276495016078,True,Q3
100002,5,0.4635510198011304,0.1700303225429842,0.203984941594216,0.2090657065341715,-0.00508076493995549,False,1.8571717977081743,1.689088022962288,0.9094947624375361,0.1728192770986896,1.689088022962288,0.9094947624375361,0.1728192770986896,0.0,-0.04264835947655496,0.008264977082047542,-0.06062645578323917,0.06062645578323917,True,Q4_worst_basis_fit
100003,1,0.08200916040858065,0.08200916040858065,0.013547636342522146,0.0520622846411376,-0.03851464829861546,False,0.5312462328151736,0.1477055234972107,0.2780358981832048,0.9226960393214586,0.1477055234972107,0.2780358981832048,0.9226960393214586,0.0,-0.02730871534189078,-0.007347028596536977,-0.021016518546340797,0.021016518546340797,True,Q2
100003,2,0.11256614995564221,0.054005408412847955,0.07285534122030189,0.0719048251004718,0.0009505161198300888,True,0.6256240612750814,0.6060659277184653,0.9687382011542927,0.06154629762434505,0.6060659277184653,0.9687382011542927,0.06154629762434505,0.0,-4.9623945579656e-18,0.0030350572794968405,4.336808689942018e-19,0.0025292143995807007,True,Q4_worst_basis_fit
100003,3,0.5487078123950531,0.5433591896562794,0.13465160130383413,0.1110443244279986,0.02360727687583554,True,6.955171589293618,1.1408813152616846,0.164033525358007,0.9730930025586241,1.1408813152616846,0.164033525358007,0.9730930025586241,0.0,0.6831614890485991,0.0028028630631208125,-0.0020805908527800473,0.2732645956194396,True,Q1_best_basis_fit
100003,4,0.5926656279702631,0.18383062633933026,0.1935044116029642,0.1432323269765281,0.05027208462643609,True,1.7095547382710994,1.6555669667408563,0.9684199807577722,0.062162740869116107,1.6555669667408563,0.9684199807577722,0.062162740869116107,0.0,-5.005034638254215e-17,0.002674142082897301,0.08753498907482099,0.08753498907482099,True,Q4_worst_basis_fit
100003,5,0.4916328895506952,0.2636509493795286,0.2115516085456289,0.2203657714941582,-0.008814162948529297,False,2.3841037152887337,1.7464675415210704,0.7325467974909639,0.46337518948573286,1.7464675415210704,0.7325467974909639,0.46337518948573286,0.0,-0.0975497659612774,0.0,-0.1745754011512791,0.1745754011512791,True,Q3
100004,1,0.18648380156176256,0.18648380156176256,1.277577862901601e-16,0.0,1.277577862901601e-16,True,2.677341444356434,1.1240151438116956e-15,4.1982510156894865e-16,1.0,1.1240151438116956e-15,4.1982510156894865e-16,1.0,0.0,-0.2664054308025179,-3.316886114552083e-18,4.235912984405681e-18,0.10656217232100715,True,Q1_best_basis_fit
100004,2,0.6033871393269551,0.4239799385715388,0.011790403768495815,0.020774008750129,-0.008983604981633185,False,2.7023317115844083,0.09010407036214838,0.03334308292941555,0.9988882388207622,0.09010407036214838,0.03334308292941555,0.9988882388207622,0.0,-0.19936386575429904,0.03333027411097683,-0.029699778158902124,0.07974554630171962,True,Q1_best_basis_fit
100004,3,0.8997780337590401,0.35939102062049094,0.011790403768495817,0.0147573144974077,-0.0029669107289118837,False,1.852045881219391,0.09010407036214844,0.04865110053473607,0.997633070416759,0.09010407036214844,0.04865110053473607,0.997633070416759,0.0,-2.6562238342099588e-17,0.0361660694909553,0.008086310050129199,0.030138391242462752,True,Q1_best_basis_fit
100004,4,1.0987561905822265,0.22604981366564283,0.011790403768498927,0.0123669687865762,-0.0005765650180772734,False,3.0662115609055283,0.09010407036214847,0.029386123094369426,0.9991364557694826,0.09010407036214847,0.029386123094369426,0.9991364557694826,0.0,-0.286075740730565,3.975693351829396e-16,-0.06094103699995964,0.11443029629222601,True,Q1_best_basis_fit
100004,5,1.0842060442014714,0.01810218239758034,0.011790403768495727,0.0113372373242603,0.0004531664442354276,True,0.23007683694190129,0.09010407036214847,0.39162599573159745,0.8466290794672349,0.09010407036214847,0.39162599573159745,0.8466290794672349,0.0,0.021064870902811405,-4.279612218756786e-16,5.569177958718262e-17,0.008425948361124562,True,Q2
100005,1,0.010736279134060205,0.010736279134060205,0.006093434708939281,0.0107362791340602,-0.004642844425120919,False,0.1320548733689396,0.04656696077096901,0.35263341354217637,0.8756496756535924,0.04656696077096901,0.35263341354217637,0.8756496756535924,0.0,0.01563772705614148,0.0,-0.015349233379506307,0.015349233379506307,True,Q2
100005,2,0.5156919322292562,0.5248071158132657,0.0060934347089393465,0.0076267729362681,-0.0015333382273287535,False,7.467420077867898,0.046566960770969,0.00623601729719012,0.9999611120882691,0.046566960770969,0.00623601729719012,0.9999611120882691,0.0,-0.7430216215389346,-2.137092341275661e-18,-1.0347711273685733e-16,0.29720864861557383,True,Q1_best_basis_fit
100005,3,0.5066329484346691,0.024111470618518597,0.01860416005591314,0.0277700872191074,-0.009165927163194261,False,0.2908323162660698,0.14217583889582686,0.4888584622272732,0.7610174039087857,0.14217583889582686,0.4888584622272732,0.7610174039087857,0.0,0.0321065733195218,3.975693351829396e-16,-0.03151425300673911,0.03151425300673911,True,Q3
100005,4,0.5070086223104987,0.01842496856731052,0.01808447302313081,0.0204951708516538,-0.0024106978285229896,False,0.13860556295608858,0.1382043110425599,0.9971050807415587,0.005781457959370018,0.1382043110425599,0.9971050807415587,0.005781457959370018,0.0,-0.0013336852467290522,-4.0999337690740647e-16,0.0013090806632802198,0.0013090806632802198,True,Q4_worst_basis_fit
100005,5,0.6642064751889215,0.15879836465267608,0.03586426963273527,0.16092821807686,-0.12506394844412472,False,1.983242415629846,0.4057561568490723,0.20459231491386323,0.9581419846781866,0.4057561568490723,0.20459231491386323,0.9581419846781866,0.0,-0.11668779587551192,0.0,-0.20882488618693654,0.20882488618693654,True,Q1_best_basis_fit
100006,1,0.43561497983783004,0.43561497983783004,0.05145053647020888,0.1126869361753456,-0.061236399705136724,False,2.64019417540267,0.43857877243878174,0.16611610483986156,0.9724054397128321,0.43857877243878174,0.16611610483986156,0.9724054397128321,0.0,-0.12197229782776069,-0.042091839827905896,-0.0723652569812333,0.0723652569812333,True,Q1_best_basis_fit
100006,2,0.46199408414331145,0.16182940923924996,0.05145053647020728,0.0661689075573195,-0.014718371087112214,False,1.843352942562267,0.43857877243878174,0.23792447030201158,0.9433919464315073,0.43857877243878174,0.23792447030201158,0.9433919464315073,0.0,0.17815330841496768,-2.048894879620534e-16,1.4964137276044065e-16,0.07126132336598708,True,Q2
100006,3,0.6388680062349692,0.38382088771009504,0.20410316308838952,0.319690957973997,-0.11558779488560747,False,4.637484772094667,1.7392695970881693,0.37504588857174254,0.8593405814654321,1.7392695970881693,0.37504588857174254,0.8593405814654321,0.0,-0.34324446266865605,0.006533933506334721,-0.2493137304809476,0.2493137304809476,True,Q2
100006,4,0.7366653797888905,0.2632969977044845,0.20178437501685653,0.2329064298770528,-0.031122054860196258,False,2.4818583431104964,1.7275798904962314,0.6960831972106302,0.515468182561027,1.7275798904962314,0.6960831972106302,0.515468182561027,0.0,-0.09999980566587906,-1.5902773407317584e-15,-0.20757028928661056,0.20757028928661056,True,Q3
100006,5,0.8737619534818086,0.30480096450177047,0.2288983082258148,0.281047868782925,-0.052149560557110175,False,2.3002029213131054,1.9445079868929684,0.8453636715594278,0.2853602628075639,1.9445079868929684,0.8453636715594278,0.2853602628075639,0.0,-0.0692363813244778,-0.008366167897378237,-0.12390566932555816,0.12390566932555816,True,Q4_worst_basis_fit
100007,1,0.2528089646541437,0.2528089646541437,0.01577564947052871,0.0472460445672734,-0.031470395096744694,False,2.625305362045414,0.15140723281332052,0.05767223691470196,0.9966739130892545,0.15140723281332052,0.05767223691470196,0.9966739130892545,0.0,-0.2351956093376163,0.011078740878850784,-0.062138574276085434,0.09407824373504652,True,Q1_best_basis_fit
100007,2,0.24337421253787894,0.0172209621970745,0.008720836442521467,0.0291757821243892,-0.020454945681867735,False,0.20120457394662733,0.10659994107937389,0.5298087363940901,0.7193027028404976,0.10659994107937389,0.5298087363940901,0.7193027028404976,0.0,0.021594725865828814,-1.987846675914698e-16,-0.021196334089415472,0.021196334089415472,True,Q3
100007,3,0.40169709967068423,0.1642235934848802,0.09084596150527692,0.0775923842435052,0.013253577261771718,True,1.909220523868752,0.769527502814434,0.4030584697754562,0.8375438699422677,0.769527502814434,0.4030584697754562,0.8375438699422677,0.0,-0.2097521291619618,0.00393513994950602,0.15274711067536348,0.15274711067536348,True,Q2
100007,4,0.38085945471875526,0.2404800006315381,0.13124265406499325,0.1052363574528793,0.02600629661211394,True,1.3784118786916495,1.119089322509982,0.811868600241744,0.34086937594151123,1.119089322509982,0.811868600241744,0.34086937594151123,0.0,-0.006708973843386886,-0.015534135979015594,0.03511504984341035,0.03511504984341035,True,Q4_worst_basis_fit
100007,5,0.22899600894528185,0.49546948399715574,0.1790899815466004,0.1494604718638093,0.0296295096827911,True,5.822219288194293,1.5324012862259495,0.2631988268345024,0.9307263775529416,1.5324012862259495,0.2631988268345024,0.9307263775529416,0.0,0.5749474207615043,0.0021298604737670633,-0.055338995304404594,0.2299789683046017,True,Q2
100008,1,0.028963051148748236,0.028963051148748236,0.005813649292999746,0.0102433134313518,-0.0044296641383520545,False,0.32162623751752467,0.044428797795434474,0.13813797698334127,0.9809178993149499,0.044428797795434474,0.13813797698334127,0.9809178993149499,0.0,-0.014919707059573406,3.975693351829396e-16,-0.043389776137701085,0.043389776137701085,True,Q1_best_basis_fit
100008,2,0.12275837662640982,0.10281400106186192,0.01875453225852156,0.0399605095601447,-0.02120597730162314,False,0.6935176621475755,0.163816247861236,0.23621063572332943,0.9442045355711806,0.163816247861236,0.23621063572332943,0.9442045355711806,0.0,-0.02886799338526391,0.009244159544714683,-0.051662261574931985,0.051662261574931985,True,Q2
100008,3,0.30372530810642456,0.191162664240805,0.09973646317983238,0.2090282526578651,-0.10929178947803271,False,2.5703791017165805,0.8681183708684026,0.33773942928832784,0.8859320779039946,0.8681183708684026,0.33773942928832784,0.8859320779039946,0.0,-0.1895916761193515,0.0,-0.15187399828959983,0.15187399828959983,True,Q2
100008,4,0.7322321550225085,0.6440053899678438,0.1979362583805,0.3425984685156013,-0.14466221013510128,False,3.7369944846636445,1.6867199923525074,0.45135736733749127,0.796276526950169,1.6867199923525074,0.45135736733749127,0.796276526950169,0.0,-0.10450096886932057,-0.0508374264762954,-0.2705930256867247,0.2705930256867247,True,Q2
100008,5,0.8062418738495909,0.27821108638393244,0.19793625838050252,0.2543130560859588,-0.056376797705456255,False,1.7643830034557937,1.6867199923525074,0.9559829068001832,0.08609668190587216,1.6867199923525074,0.9559829068001832,0.08609668190587216,0.0,2.5744945689488544e-17,-0.010015654897310673,-0.016355394408128235,0.016355394408128235,True,Q4_worst_basis_fit
100009,1,0.11606973124539825,0.11606973124539825,0.03572889776676032,0.1013910163723597,-0.06566211860559938,False,1.4912338981872177,0.3352084538985619,0.22478596704785878,0.949471269018359,0.3352084538985619,0.22478596704785878,0.949471269018359,0.0,-0.10079410128588903,2.7121109290975853e-05,-0.12456309005266666,0.12456309005266666,True,Q1_best_basis_fit
100009,2,0.13439306943240445,0.050505924945695564,0.06463766744793291,0.0861623283857213,-0.02152466093778839,False,0.5599351355523265,0.5481019034169203,0.9788667804821111,0.041819826068586585,0.5481019034169203,0.9788667804821111,0.041819826068586585,0.0,8.029682559030085e-18,0.0022391403368314635,5.186552142627532e-17,0.0018659502806928864,True,Q4_worst_basis_fit
100009,3,0.720615168944725,0.7867484802937966,0.1729993668769685,0.1439265883443738,0.029072778532594712,True,6.59360104046209,1.448906082016168,0.21974427526398024,0.951712453488708,1.448906082016168,0.21974427526398024,0.951712453488708,0.0,0.6007658353388523,0.046389146042279505,-0.019716402798294144,0.24030633413554092,True,Q1_best_basis_fit
100009,4,0.6603433574059829,0.22462638127451237,0.17299936687696846,0.1415979411780221,0.031401425698946356,True,1.5031172817032523,1.448906082016168,0.9639341518143847,0.07083095096588277,1.448906082016168,0.9639341518143847,0.07083095096588277,0.0,-1.6775798143767887e-16,-0.007822703762505104,-1.229485263598562e-16,0.006518919802087587,True,Q4_worst_basis_fit
100009,5,0.6601391083490844,0.22355141114380545,0.22866798897284132,0.179855197966761,0.048812791006080325,True,1.9664212125283504,1.9312020186495173,0.9820896999816486,0.03549982118995543,1.9312020186495173,0.9820896999816486,0.03549982118995543,0.0,-0.03504892142519916,0.0025250290627299847,0.0016757442095655798,0.014019568570079664,True,Q4_worst_basis_fit
100010,1,0.4980139628210128,0.4980139628210128,0.14451702800088198,0.1970915885199971,-0.05257456051911513,False,5.033006084154169,1.1917778155971397,0.23679244484708903,0.9439293380633383,1.1917778155971397,0.23679244484708903,0.9439293380633383,0.0,0.5302922427431124,0.017033556341449756,-0.18818776147734517,0.21211689709724496,True,Q2
100010,2,0.444514117705495,0.19022459056143037,0.14538409144905398,0.1551132954118096,-0.009729203962755617,False,1.2465681338954975,1.1997035470605522,0.9624051140401813,0.07377639646930567,1.1997035470605522,0.9624051140401813,0.07377639646930567,0.0,-0.008331095394098398,-0.006494695857286482,0.008177398611182813,0.008177398611182813,True,Q4_worst_basis_fit
100010,3,0.39332719643962366,0.221774854554385,0.1546265192899585,0.1838107604650725,-0.029184241175114006,False,2.048294532858084,1.2865023442345473,0.6280846448578997,0.605509678893726,1.2865023442345473,0.6280846448578997,0.605509678893726,0.0,-0.04320420053785879,3.1805546814635168e-15,-0.2769981092250827,0.2769981092250827,True,Q3
100010,4,0.34647291408390296,0.27099678139999733,0.1848316004289749,0.3148976409003261,-0.13006604047135123,False,2.679238572833772,1.640659090085597,0.6123602081282026,0.6250149755011845,1.640659090085597,0.6123602081282026,0.6250149755011845,0.0,-0.12405800877805653,-3.1805546814635168e-15,-0.23521253827089247,0.23521253827089247,True,Q3
100010,5,0.3657680375530181,0.18364507396649904,0.19688884710657764,0.2781225731446263,-0.08123372603804865,False,1.8033704332397928,1.7312219421556874,0.9599924176673512,0.07841455802119379,1.7312219421556874,0.9599924176673512,0.07841455802119379,0.0,-0.04830447579569355,0.004119309003683471,0.009236507999802157,0.01932179031827742,True,Q4_worst_basis_fit
100011,1,0.026745844820357696,0.026745844820357696,0.015179752418254417,0.0267458448203576,-0.011566092402103182,False,0.3289705033555657,0.11600599155296117,0.3526334135421765,0.8756496756535923,0.11600599155296117,0.3526334135421765,0.8756496756535923,0.0,-0.03895616125141662,-3.975693351829396e-16,0.038237475847414756,0.038237475847414756,True,Q2
100011,2,0.1711984394183364,0.1789727727358942,0.01517975241825131,0.0189995512305938,-0.003819798812342491,False,0.890506339858919,0.11600599155296111,0.13026969754234394,0.9830298059022262,0.11600599155296111,0.13026969754234394,0.9830298059022262,0.0,1.7146031103761352e-17,-0.017265248288911,-2.0491421059976034e-17,0.014387706907425834,True,Q1_best_basis_fit
100011,3,0.26349581486912155,0.11215259231042751,0.06548729164629266,0.0525436956415725,0.012943596004720163,True,0.6567386193061056,0.5580746436624596,0.849766752337647,0.2778964666215281,0.5580746436624596,0.849766752337647,0.2778964666215281,0.0,-9.576001969802381e-18,-0.006769966952145191,2.2876665839444144e-17,0.00564163912678766,True,Q4_worst_basis_fit
100011,4,0.3456566411741116,0.15628746287656176,0.11271572784630142,0.0852265061883726,0.027489221657928817,True,1.4904745457964579,0.9701040329671989,0.650869238728803,0.5763692340765885,0.9701040329671989,0.650869238728803,0.5763692340765885,0.0,-0.11251655341949049,0.000819221387679506,-1.7377727945869226e-17,0.04500662136779619,True,Q3
100011,5,0.335734328085826,0.11407612209904355,0.11107662280048677,0.0858503490022155,0.025226273798271276,True,0.9774455979785555,0.9648291026619357,0.9870923810565909,0.02564863126002981,0.9648291026619357,0.9870923810565909,0.02564863126002981,0.0,0.019809736188579497,0.0,-0.019444274916254004,0.019444274916254004,True,Q4_worst_basis_fit
100012,1,0.06615865042627014,0.06615865042627014,0.020637806197150374,0.0661586504262701,-0.04552084422911973,False,0.8217443362120188,0.19807191668938334,0.24103837162107153,0.9419005034062622,0.19807191668938334,0.24103837162107153,0.9419005034062622,0.0,-0.045423516198002854,7.951386703658792e-16,-0.09142985374596382,0.09142985374596382,True,Q2
100012,2,0.23149720948734903,0.2736171154626696,0.05024825792447755,0.0621272834143587,-0.011879025489881151,False,2.690851339504095,0.4158784883957673,0.1545527552155337,0.9761134458552874,0.4158784883957673,0.1545527552155337,0.9761134458552874,0.0,0.2583735247459749,0.011152751621248033,7.554178636792752e-17,0.10334940989838996,True,Q1_best_basis_fit
100012,3,0.29692256042597787,0.3251000502227653,0.17234099999187485,0.2102783220815916,-0.03793732208971676,False,3.7102416584020816,1.4211799648126273,0.3830424257121564,0.8532785001045471,1.4211799648126273,0.3830424257121564,0.8532785001045471,0.0,-0.29047878464307303,0.008706981130794897,-0.14688835568948594,0.14688835568948594,True,Q2
100012,4,0.3689673515243596,0.2569897124978613,0.29136567612194575,0.2557807402848544,0.035584935837091325,True,2.446642362354745,2.4306319152469005,0.9934561555239174,0.013044867051637876,2.4306319152469005,0.9934561555239174,0.013044867051637876,0.0,-7.976013409721157e-18,0.005464404005884337,9.170995126511761e-17,0.004553670004903615,True,Q4_worst_basis_fit
100012,5,0.39232203756967876,0.28963626359133676,0.2899658110917173,0.2783814258308629,0.011584385260854424,True,2.449682919622711,2.4229138613698735,0.9890724395233321,0.02173570937536451,2.4229138613698735,0.9890724395233321,0.02173570937536451,0.0,0.014758813178971188,0.0,-0.09526088760354975,0.09526088760354975,True,Q4_worst_basis_fit
100013,1,0.10681966444481056,0.10681966444481056,0.03566752726656719,0.1068196644448105,-0.07115213717824331,False,1.3501540703233208,0.342320081009261,0.2535414946586694,0.9357167104862479,0.342320081009261,0.2535414946586694,0.9357167104862479,0.0,-0.07850371725846615,0.0,-0.14049052601216355,0.14049052601216355,True,Q2
100013,2,0.15030330716103044,0.09975618842276904,0.03566752726656719,0.0697391784280697,-0.034071651161502514,False,0.5163398764156095,0.342320081009261,0.6629743249458474,0.560465044462598,0.342320081009261,0.6629743249458474,0.560465044462598,0.0,-3.3862683773403254e-17,0.007558966354809798,2.211772431870429e-17,0.006299138629008165,True,Q3
100013,3,0.13756217192594503,0.037766912567766195,0.020253106103229005,0.0555731133745151,-0.03532000727128609,False,0.42916769413703537,0.25144982343108435,0.5859010984894757,0.6567199027888257,0.25144982343108435,0.5859010984894757,0.6567199027888257,0.0,0.04264848322852823,0.0,-0.034095270498420385,0.034095270498420385,True,Q3
100013,4,0.17417774566740232,0.061944628556992135,0.044360146969944086,0.1025228036202572,-0.058162656650313116,False,0.744004995811517,0.45887815686744055,0.6167675747485044,0.619597758738848,0.45887815686744055,0.6167675747485044,0.619597758738848,0.0,-0.05700695800455938,4.969616689786745e-17,-0.004190710748079025,0.022802783201823752,True,Q3
100013,5,0.16604024071253398,0.0437564282073187,0.033596410228260466,0.0866541918555078,-0.05305778162724733,False,0.4611785513462145,0.39816817461048076,0.8633709730172798,0.2545905629511954,0.39816817461048076,0.8633709730172798,0.2545905629511954,0.0,0.029447216638920942,1.987846675914698e-16,-0.02890395764966145,0.02890395764966145,True,Q4_worst_basis_fit
100014,1,0.3540522312707649,0.3540522312707649,0.033453387924335935,0.1001886014108135,-0.06673521348647757,False,1.8947128257490469,0.32106981733568263,0.16945566260615372,0.9712847784107094,0.32106981733568263,0.16945566260615372,0.9712847784107094,0.0,-0.01260251611257036,-0.033878899268545336,-0.13176927100253585,0.13176927100253585,True,Q1_best_basis_fit
100014,2,0.3471933731274531,0.05114537830817888,0.04259418307582394,0.0731467912688007,-0.03055260819297677,False,0.5218701601280137,0.3737746941203847,0.7162216249894391,0.4870265838974873,0.3737746941203847,0.7162216249894391,0.4870265838974873,0.0,-4.1476207895990946e-17,0.0009881268941479052,0.07820594127047104,0.07820594127047104,True,Q3
100014,3,0.3499351846095996,0.04364588662830067,0.03664481171504751,0.0856727469061298,-0.0490279351910823,False,0.3970688145023515,0.3370666668363898,0.8488872823186513,0.27939038191765453,0.3370666668363898,0.8488872823186513,0.27939038191765453,0.0,0.019008197402270176,0.0,-0.0597122847355975,0.0597122847355975,True,Q4_worst_basis_fit
100014,4,0.41834837432143623,0.17353726283177423,0.08843074928732568,0.2242888641177027,-0.13585811483037702,False,2.130059523722527,0.814786969208509,0.38251840389163116,0.8536796706841989,0.814786969208509,0.38251840389163116,0.8536796706841989,0.0,-0.1182970483027142,0.0,-0.21170480993933188,0.21170480993933188,True,Q2
100014,5,0.4271643180003009,0.09151159773486092,0.10231197378907499,0.1796789024586036,-0.07736692866952861,False,0.9230201132283077,0.9201177160202065,0.9968555428354103,0.00627902671831948,0.9201177160202065,0.9968555428354103,0.00627902671831948,0.0,-2.1638934846336185e-17,0.0014302429404259916,-4.7898019101336176e-17,0.0011918691170216596,True,Q4_worst_basis_fit
100015,1,0.004337663101278144,0.004337663101278144,0.002461864726780994,0.0043376631012781,-0.0018757983744971058,False,0.05335270668766453,0.018813947080985646,0.3526334135421764,0.8756496756535924,0.018813947080985646,0.3526334135421764,0.8756496756535924,0.0,-0.006317942258421112,-4.969616689786745e-17,0.006201385268753946,0.006201385268753946,True,Q2
100015,2,0.0068623561248448185,0.00347606436074929,0.0038947682408493715,0.0055406390507198,-0.0016458708098704283,False,0.04159713426555741,0.029764415070793516,0.7155400389069246,0.4880024527210768,0.029764415070793516,0.7155400389069246,0.4880024527210768,0.0,-0.003677294517970457,4.969616689786745e-17,0.0036094536986652627,0.0036094536986652627,True,Q3
100015,3,0.010298787027005594,0.0050271377326504664,0.005845133639571929,0.0076379400659996,-0.001792806426427671,False,0.05966366201321577,0.04466940599128844,0.7486869642931735,0.43946782949747243,0.04466940599128844,0.7486869642931735,0.43946782949747243,0.0,-0.005005269313909669,0.0,0.004912929260797419,0.004912929260797419,True,Q3
100015,4,0.03262212327832857,0.02824706974335451,0.03881070292178851,0.0300340173239626,0.00877668559782591,True,0.3446628729379165,0.33343624455152143,0.9674272186885146,0.06408457654060506,0.33343624455152143,0.9674272186885146,0.06408457654060506,0.0,-1.4167213068790955e-18,0.0017061756743442826,1.8600843521704435e-18,0.0014218130619535689,True,Q4_worst_basis_fit
100015,5,0.06438542880561367,0.07063937696109057,0.0833430773641939,0.0615447942791199,0.021798283085073998,True,0.7309470030113275,0.7235893548923477,0.9899340881231223,0.020030501171842352,0.7235893548923477,0.9899340881231223,0.020030501171842352,0.0,-5.331695420915139e-19,0.0020229459539008133,-5.285485590866834e-19,0.0016857882949173446,True,Q4_worst_basis_fit
100016,1,0.23659960739030253,0.23659960739030253,0.14823375984056758,0.1854846460895635,-0.03725088624899592,False,2.6433782266175143,1.2252508046075172,0.46351702237305514,0.7851519699704167,1.2252508046075172,0.46351702237305514,0.7851519699704167,0.0,0.26720716548764323,0.005891868470101832,-0.13826580158007845,0.13826580158007845,True,Q2
100016,2,0.4111696831970048,0.24606020082830216,0.1482337598405667,0.1451141765845809,0.0031195832559857972,True,1.681540500529993,1.2252508046075172,0.7286478108742186,0.4690723677082089,1.2252508046075172,0.7286478108742186,0.4690723677082089,0.0,-5.923056156617339e-17,0.022520587572766666,3.8977068100853884e-17,0.01876715631063889,True,Q3
100016,3,1.116405518544199,0.7959529154481941,0.25019560613712233,0.2009564080647485,0.04923919807237384,True,9.894417041937434,2.094292010016941,0.21166401225461748,0.9551983459162772,2.094292010016941,0.21166401225461748,0.9551983459162772,0.0,0.9619303477670387,0.004673554293172366,2.8155375166732943e-16,0.38477213910681546,True,Q1_best_basis_fit
100016,4,0.48641476961715197,1.066163713407303,0.45410075185331833,0.3403122166261103,0.11378853522720805,True,11.374997185250777,3.8689080702472793,0.34012387055918064,0.8843157526758417,3.8689080702472793,0.34012387055918064,0.8843157526758417,0.0,-1.064374038849896,-6.107880565270343e-05,-4.053063240523668e-16,0.4257496155399584,True,Q2
100016,5,0.4071650229883021,0.5591164422111603,0.4673416837445636,0.3964020808153755,0.0709396029291881,True,4.280458759862612,3.920243107238401,0.9158464844932245,0.16122521684140179,3.920243107238401,0.9158464844932245,0.16122521684140179,0.0,-0.12485967253221794,-0.006629189032362328,-0.12447498700903888,0.12447498700903888,True,Q4_worst_basis_fit
100017,1,0.0092007472245479,0.0092007472245479,1.01313587164294e-18,0.0,1.01313587164294e-18,True,0.1320948074686852,1.4304896245381992e-17,1.082926461645599e-16,1.0,1.4304896245381992e-17,1.082926461645599e-16,1.0,0.0,0.013143924606496998,-1.2297294362554257e-21,2.3166418476129617e-18,0.005257569842598799,True,Q1_best_basis_fit
100017,2,0.03253694305416133,0.04083765707922175,0.010466371789111816,0.0313454396238878,-0.020879067834775982,False,0.48644818984163496,0.10045129318735167,0.20649946959419044,0.9573579690573181,0.10045129318735167,0.20649946959419044,0.9573579690573181,0.0,-0.02303633457721051,0.0,-0.0632993580388512,0.0632993580388512,True,Q1_best_basis_fit
100017,3,0.25049397010722046,0.22828094388538558,0.11246353504073706,0.1822490321239878,-0.06978549708325074,False,1.8459624224409061,0.9375995439478914,0.507919084673516,0.7420182034244176,0.9375995439478914,0.507919084673516,0.7420182034244176,0.0,-0.0923546305553856,-0.008008992601813088,-0.16527816872246115,0.16527816872246115,True,Q3
100017,4,0.3470799708175773,0.17192546055587113,0.1482423128268973,0.2097012448693675,-0.061458932042470216,False,1.6278662198988925,1.2437207108736972,0.7640189934962501,0.41627497757697696,1.2437207108736972,0.7640189934962501,0.41627497757697696,0.0,-0.047470057404110505,0.0011870098005763384,-0.14616752137436054,0.14616752137436054,True,Q3
100017,5,0.3116204018492063,0.14436425492519084,0.14824231282689473,0.170398241583146,-0.022155928756251275,False,1.3197701927126826,1.2437207108736972,0.9423767241759933,0.11192610973132378,1.2437207108736972,0.9423767241759933,0.11192610973132378,0.0,0.026368219058465987,-3.975693351829396e-16,0.04788523677576209,0.04788523677576209,True,Q4_worst_basis_fit
100018,1,0.7986555949243231,0.7986555949243231,0.12496470498548479,0.1343755550580685,-0.009410850072583715,False,8.592659434003423,1.040438436528917,0.12108456578781969,0.9853385279279752,1.040438436528917,0.12108456578781969,0.9853385279279752,0.0,0.8740203945781359,-0.017785306743950256,-0.10385152056984442,0.3496081578312543,True,Q1_best_basis_fit
100018,2,0.815886018888586,0.18234227659890642,0.20561517634959103,0.1710702940919061,0.03454488225768493,True,1.7494283488343083,1.739308097522605,0.9942151095708225,0.011536315901077288,1.739308097522605,0.9942151095708225,0.011536315901077288,0.0,1.9488149829523564e-16,0.003674364291576594,-3.9471735342050396e-16,0.003061970242980495,True,Q4_worst_basis_fit
100018,3,0.9800664624721069,0.36323610905699877,0.20561517634959103,0.1635752425906957,0.04203993375889534,True,2.0927858480865624,1.739308097522605,0.8310970274922573,0.30927773089353394,1.739308097522605,0.8310970274922573,0.30927773089353394,0.0,-9.901559212559316e-18,-0.022758916102136,1.4690939437178585e-17,0.01896576341844667,True,Q4_worst_basis_fit
100018,4,0.8795705536841478,0.35580408198750757,0.23957859587262892,0.3437341185948407,-0.10415552272221179,False,3.457289112333286,1.9875160231958666,0.5748770087250569,0.6695164248393308,1.9875160231958666,0.5748770087250569,0.6695164248393308,0.0,-0.17003996829837476,0.0,-0.304304119901456,0.304304119901456,True,Q3
100018,5,0.9454927829709754,0.3378974336616831,0.2938660920090236,0.3035282557387521,-0.009662163729728501,False,2.447259139327029,2.4236997849450947,0.9903731672697266,0.01916098955213008,2.4236997849450947,0.9903731672697266,0.01916098955213008,0.0,-0.00978508358973707,-0.0063390641411132645,7.639559557875986e-17,0.00528255345092772,True,Q4_worst_basis_fit
100019,1,0.2685695913542498,0.2685695913542498,0.02956374401397737,0.0885396173304343,-0.058975873316456935,False,1.7324012350767033,0.2837388521543488,0.16378356607543407,0.9731749434836139,0.2837388521543488,0.16378356607543407,0.9731749434836139,0.0,-0.06506937763947339,0.025859822226144174,-0.11644838500775405,0.11644838500775405,True,Q1_best_basis_fit
100019,2,0.2789133826025034,0.03373687538984355,0.035072824698661076,0.0737481003889149,-0.03867527569025382,False,0.3924299294718046,0.3366124066392091,0.8577643583206721,0.26424030559472556,0.3366124066392091,0.8577643583206721,0.26424030559472556,0.0,-0.012125407774770008,-5.963540027744094e-16,-0.02169967201401147,0.02169967201401147,True,Q4_worst_basis_fit
100019,3,0.5556068057854002,0.52289606216628,0.10254853965121344,0.2571813933313974,-0.15463285368018395,False,5.567034824554253,0.9910142279297188,0.1780147348025739,0.9683107541931693,0.9910142279297188,0.1780147348025739,0.9683107541931693,0.0,-0.44443796000559543,-0.01875890318202917,-0.27963215659317436,0.27963215659317436,True,Q1_best_basis_fit
100019,4,0.5508048990450947,0.10352079809807467,0.1050642590098296,0.1837696359846681,-0.07870537697483851,False,1.0101731275414663,1.0070703002113452,0.9969284202425057,0.006133724912781857,1.0070703002113452,0.9969284202425057,0.006133724912781857,0.0,-0.006709251074972562,-3.3793393490549868e-15,0.022547523040219813,0.022547523040219813,True,Q4_worst_basis_fit
100019,5,0.5640808402962245,0.10682783522845352,0.12016297025907471,0.1622896372649866,-0.04212666700591189,False,1.0656289225709124,1.0619104906137236,0.9965105752308057,0.006966673453168815,1.0619104906137236,0.9965105752308057,0.006966673453168815,0.0,2.3969140589132383e-18,0.0017392868324086269,1.2265037076242269e-18,0.0014494056936738557,True,Q4_worst_basis_fit
100020,1,0.27969099389334384,0.27969099389334384,6.177038414085043e-17,0.0,6.177038414085043e-17,True,1.476848662195523,4.394093117615881e-16,2.975317126321869e-16,1.0,4.394093117615881e-16,2.975317126321869e-16,1.0,0.0,-9.317255810881988e-18,-0.028879418203437892,1.2793585635328952e-17,0.024066181836198245,True,Q1_best_basis_fit
100020,2,0.32207988732384313,0.10766222223020533,7.648204939973381e-15,0.1076622222302053,-0.10766222223019765,False,1.247782630427384,4.034748608895629e-14,3.233534840530412e-14,1.0,4.034748608895629e-14,3.233534840530412e-14,1.0,0.0,0.08163152999054477,-7.951386703658792e-16,0.11883459382166549,0.11883459382166549,True,Q1_best_basis_fit
100020,3,0.33979479922451045,0.17235959072933765,2.2131612531282234e-17,0.0673126447639782,-0.06731264476397818,False,2.4745606413386887,1.942890293094024e-16,7.851455570080345e-17,1.0,1.942890293094024e-16,7.851455570080345e-17,1.0,0.0,-0.24622798675618776,7.888971031823397e-16,-9.508969599528739e-17,0.09849119470247511,True,Q1_best_basis_fit
100020,4,0.6182810853442022,0.33106577358753403,0.17770911583544965,0.1562012696129458,0.021507846222503846,True,4.057025722313836,1.5604840413607792,0.3846374531909034,0.8520540296028156,1.5604840413607792,0.3846374531909034,0.8520540296028156,0.0,-0.37036992113699047,0.00805754670774599,-1.7911019889460533e-16,0.1481479684547962,True,Q2
100020,5,0.9707971254392219,0.4778105628754085,0.17770911583544965,0.151342341141245,0.026366774694204648,True,5.3202518495105755,1.5604840413607792,0.2933101825817386,0.9139691367938672,1.5604840413607792,0.2933101825817386,0.9139691367938672,0.0,-0.5061010866318026,2.9173006564307685e-18,2.860473442917608e-17,0.20244043465272105,True,Q2
100021,1,0.22523643461420537,0.22523643461420537,0.03182834679515401,0.0795912558430696,-0.04776290904791559,False,1.487964317029776,0.28495906945970884,0.19150934346902518,0.9633241713640629,0.28495906945970884,0.19150934346902518,0.9633241713640629,0.0,-0.07318561253752602,0.020537882729094594,-0.08005768832727693,0.08005768832727693,True,Q1_best_basis_fit
100021,2,0.22551019248917759,0.03189263852777456,0.03202253210843221,0.0488465121000319,-0.016823979991599694,False,0.28631131417629085,0.2862827621112817,0.9999002761553754,0.0001994377444038964,0.2862827621112817,0.9999002761553754,0.0001994377444038964,0.0,-0.0005116773433588828,6.212020862233431e-18,0.0005022376289102325,0.0005022376289102325,True,Q4_worst_basis_fit
100021,3,0.8724619045876787,0.6606519600727786,0.09348880029266383,0.1538290390403061,-0.06034023874764226,False,5.754351838713892,0.7927108208172688,0.13775849010206528,0.9810225984047992,0.7927108208172688,0.13775849010206528,0.9810225984047992,0.0,-0.4471091155898438,0.04193407904474282,-0.2403927205577526,0.2403927205577526,True,Q1_best_basis_fit
100021,4,0.9089958212467928,0.1089654726651827,0.1105444958856463,0.1424085244170673,-0.03186402853142101,False,1.142087658258508,0.9538831482190412,0.8352101008372272,0.3024240874594688,0.9538831482190412,0.8352101008372272,0.3024240874594688,0.0,-0.03775220536515707,-7.951386703658792e-16,-0.06756147829799908,0.06756147829799908,True,Q4_worst_basis_fit
100021,5,0.9843378409587321,0.16642763065749172,0.13686908391592045,0.1298305292830048,0.007038554632915667,True,1.672775961000145,1.0836889268723233,0.6478386539129788,0.5803050784962198,1.0836889268723233,0.6478386539129788,0.5803050784962198,0.0,-0.1330878923845979,-0.000591035872995204,0.02203168883600998,0.05323515695383916,True,Q3
100022,1,0.04480094156035554,0.04480094156035554,0.0623548156795,0.0448009415603555,0.017553874119144497,True,0.5663116381754272,0.5475447576924042,0.9668612134769345,0.06517939387390959,0.5475447576924042,0.9668612134769345,0.06517939387390959,0.0,-4.41087691175422e-18,0.002827242937610842,5.380353280959316e-18,0.0023560357813423687,True,Q4_worst_basis_fit
100022,2,0.07404693937646849,0.09134092627743319,0.10305996025174077,0.0740469393764684,0.02901302087527237,True,0.9098896154716116,0.904981280898571,0.9946055713906609,0.010759757358656863,0.904981280898571,0.9946055713906609,0.010759757358656863,0.0,-7.546343375424102e-19,0.0018456206038907816,-9.41900637346782e-19,0.0015380171699089847,True,Q4_worst_basis_fit
100022,3,0.16382693151201994,0.1841999126597322,0.11916636508776426,0.1638269315120199,-0.04466056642425564,False,1.7609270101569083,0.9826888671711367,0.5580520155026606,0.6885779479934183,0.9826888671711367,0.5580520155026606,0.6885779479934183,0.0,-0.08783196701668648,0.0,-0.15718439429091532,0.15718439429091532,True,Q3
100022,4,0.268092453366664,0.21471050838377975,0.14847386586693356,0.268092453366664,-0.11961858749973042,False,1.984257694108538,1.308794874026044,0.659589164205833,0.5649421344622507,1.308794874026044,0.659589164205833,0.5649421344622507,0.0,-0.13371714730135417,0.0,-0.04633895107903223,0.05348685892054167,True,Q3
100022,5,0.28960345579979807,0.17882228296867655,0.19231942413404635,0.2067098923679152,-0.014390468233868858,False,1.6227089163667465,1.6191043939283072,0.9977787005407539,0.004437664747204528,1.6191043939283072,0.9977787005407539,0.004437664747204528,0.0,-3.640808812087419e-17,0.0021138314234983467,6.661067097207818e-17,0.0017615261862486222,True,Q4_worst_basis_fit
100023,1,0.0942048098644081,0.0942048098644081,0.031455375205906584,0.0942048098644081,-0.06274943465850152,False,1.1907077984520316,0.30189383492126176,0.2535414946586694,0.9357167104862479,0.30189383492126176,0.2535414946586694,0.9357167104862479,0.0,-0.0692328308314803,0.0,-0.12389931535091542,0.12389931535091542,True,Q2
100023,2,0.1277653069661956,0.05113431170881329,0.06305343557043751,0.0826525445200526,-0.0195991089496151,False,0.568828106346468,0.5289746091721996,0.9299375387228247,0.13521617407413478,0.5289746091721996,0.9299375387228247,0.13521617407413478,0.0,-7.091332055617114e-18,0.002242847878007955,-0.037927601852313274,0.037927601852313274,True,Q4_worst_basis_fit
100023,3,0.20316177937167337,0.1460922243083159,0.06305343557042731,0.0698547215479381,-0.006801285977510799,False,1.4978507776981655,0.5289746091721996,0.35315574625204366,0.8752810188891621,0.5289746091721996,0.35315574625204366,0.8752810188891621,0.0,-0.17113688362054905,-1.5902773407317584e-15,0.13328185863162323,0.13328185863162323,True,Q2
100023,4,0.21678913028037106,0.0709157339849963,0.0657870706503805,0.077236041078202,-0.011448970427821503,False,0.5937528499130558,0.560072593751953,0.9432756303131267,0.11023108525737368,0.560072593751953,0.9432756303131267,0.11023108525737368,0.0,-0.011849293251473776,1.1927080055488188e-15,-0.02120553650078791,0.02120553650078791,True,Q4_worst_basis_fit
100023,5,0.44971741031637164,0.6483235873767645,0.06721951242110615,0.0717670005961089,-0.004547488175002751,False,5.626699086428662,0.5792640172353878,0.10294917292317014,0.9894014677944352,0.5792640172353878,0.10294917292317014,0.9894014677944352,0.0,0.533861969062126,-0.0286955295662499,0.01189209958590682,0.2135447876248504,True,Q1_best_basis_fit
100024,1,0.009504180868201869,0.009504180868201869,1.966566496018192e-18,0.0,1.966566496018192e-18,True,0.05018480075129174,7.541914525777447e-18,1.5028284287017562e-16,1.0,7.541914525777447e-18,1.5028284287017562e-16,1.0,0.0,-1.3535155243630125e-19,0.0009813517173737998,1.0333801956502464e-18,0.0008177930978114998,True,Q1_best_basis_fit
100024,2,0.053287549554571066,0.04545283195235994,0.06326212931669019,0.0454528319523599,0.01780929736433029,True,0.5745519363242837,0.5555119823600194,0.9668612134769347,0.06517939387390947,0.5555119823600194,0.9668612134769347,0.06517939387390947,0.0,-1.6145205384406418e-18,0.002868381637817633,-2.439454888092385e-19,0.0023903180315146943,True,Q4_worst_basis_fit
100024,3,0.5736767151031554,0.5851771581344656,0.06326212931669022,0.0454528319523599,0.017809297364330318,True,7.798849266418092,0.5555119823600194,0.07122999347507054,0.9949262880295414,0.5555119823600194,0.07122999347507054,0.9949262880295414,0.0,0.774043365619171,-3.3413269146443337e-18,3.1396151470878963e-16,0.3096173462476684,True,Q1_best_basis_fit
100024,4,0.45520144965837706,0.3630135767549698,0.20597577239587944,0.3505672231049712,-0.14459145070909174,False,3.8851941246417487,1.715749800690361,0.4416123739630563,0.8049785111627137,1.715749800690361,0.4416123739630563,0.8049785111627137,0.0,-0.20904138775640446,0.004637171132445679,-0.3741011960939054,0.3741011960939054,True,Q2
100024,5,0.4518401601118228,0.2071099205573306,0.20596465112232773,0.2581004692392147,-0.05213581811688697,False,1.7219072724810427,1.7156206834217722,0.9963490548186068,0.0072885609620687575,1.7156206834217722,0.9963490548186068,0.0072885609620687575,0.0,0.00010126875661729996,-1.1927080055488188e-15,-0.03201794386261277,0.03201794386261277,True,Q4_worst_basis_fit
100025,1,0.5661063534676134,0.5661063534676134,0.048829175470128904,0.083891347413735,-0.03506217194360609,False,2.948051100244867,0.4071617657088021,0.13811218050968754,0.9809250255948595,0.4071617657088021,0.13811218050968754,0.9809250255948595,0.0,0.09405629350431202,0.05519998295472584,-0.08987091057869928,0.08987091057869928,True,Q1_best_basis_fit
100025,2,0.5712819031823074,0.12633568516852092,0.07330796218962163,0.1584049158350347,-0.08509695364541306,False,1.4012089953884483,0.6442011193929139,0.4597466341659662,0.7886330323730653,0.6442011193929139,0.4597466341659662,0.7886330323730653,0.0,-0.0747954359022005,0.0,-0.1338541727726399,0.1338541727726399,True,Q2
100025,3,0.6241079130042695,0.19231073450614164,0.18445206579469048,0.1822662454103595,0.0021858203843309887,True,1.9187654571120498,1.5219676374343885,0.7932014993250477,0.37083138146849637,1.5219676374343885,0.7932014993250477,0.37083138146849637,0.0,0.06592866037925886,0.0055648538206625455,0.1268435699210321,0.1268435699210321,True,Q4_worst_basis_fit
100025,4,0.6213790177693236,0.19865840499050055,0.18928061981240046,0.2086905223310379,-0.019409902518637445,False,1.6117121447474003,1.5612456550785119,0.9686876531684894,0.06164423059892443,1.5612456550785119,0.9686876531684894,0.06164423059892443,0.0,-0.023301458361105015,-3.975693351829396e-16,-0.0447400774652126,0.0447400774652126,True,Q4_worst_basis_fit
100025,5,0.6572303151351303,0.2352601954250744,0.25421403820380134,0.2273781976722506,0.026835840531550748,True,2.1084671471176737,2.102897944946144,0.9973586488273517,0.005275725609279358,2.102897944946144,0.9973586488273517,0.005275725609279358,0.0,-2.131586824366466e-17,0.002994748945359766,2.5207700510287978e-17,0.0024956241211331383,True,Q4_worst_basis_fit
100026,1,0.16795857404000317,0.16795857404000317,0.05608206176609018,0.1679585740400031,-0.11187651227391293,False,2.1229232797578588,0.538249141395492,0.2535414946586693,0.9357167104862479,0.538249141395492,0.2535414946586693,0.9357167104862479,0.0,-0.12343581564407477,1.5902773407317584e-15,-0.22090116588340705,0.22090116588340705,True,Q2
100026,2,0.3096875291952201,0.19707413364304832,0.07564721271337667,0.1665287723523428,-0.09088155963896614,False,1.262754487173241,0.7260262196095588,0.5749543771052569,0.6694274642475061,0.7260262196095588,0.5749543771052569,0.6694274642475061,0.0,-0.04306261733835945,0.014557226342807175,-0.07706501007344557,0.07706501007344557,True,Q3
100026,3,0.8583125463817891,0.5824014123789335,0.07564721271337303,0.1236787983075693,-0.04803158559419626,False,8.002035849596494,0.7260262196095589,0.0907301883240337,0.9917680329266854,0.7260262196095589,0.0907301883240337,0.9917680329266854,0.0,-0.7929482751079685,-4.65139844194609e-16,-1.4596084732260703e-16,0.3171793100431874,True,Q1_best_basis_fit
100026,4,0.5248286299949396,0.6684017349123241,0.10679440618936996,0.1903869945209588,-0.08359258833158885,False,6.701919761878664,1.0249622718407063,0.15293562266603317,0.9766106953197528,1.0249622718407063,0.15293562266603317,0.9766106953197528,0.0,0.688845396715382,0.016404150479358504,-0.12268542090236668,0.27553815868615283,True,Q1_best_basis_fit
100026,5,0.5446505226150772,0.10903653374218064,0.12415876508209801,0.1686015025008398,-0.04444273741874179,False,1.0989677349878388,1.0942965902488653,0.9957495160319468,0.008482901322143799,1.0942965902488653,0.9957495160319468,0.008482901322143799,0.0,-9.664607093952213e-17,0.001979290918539508,4.631576155586514e-17,0.0016494090987829236,True,Q4_worst_basis_fit
100027,1,0.038649491161367955,0.038649491161367955,0.011817479143970624,0.0386494911613679,-0.026832012017397273,False,0.4801330229158468,0.11813430199057177,0.24604494244770422,0.9394618862959059,0.11813430199057177,0.24604494244770422,0.9394618862959059,0.0,-0.02532233573913175,3.975693351829396e-16,-0.05594910571607964,0.05594910571607964,True,Q2
100027,2,0.04081352654472631,0.013040399015852251,0.01482485123772016,0.0275014476334997,-0.01267659639577954,False,0.1513878276163962,0.1374274219697381,0.907783830004929,0.17592851798158227,0.1374274219697381,0.907783830004929,0.17592851798158227,0.0,-0.00803550321216268,-3.975693351829396e-16,0.007887259681823024,0.007887259681823024,True,Q4_worst_basis_fit
100027,3,0.12996474591401588,0.08877341060900097,0.044592936478081144,0.107472079495643,-0.06287914301756185,False,1.1692641360827123,0.42300565019335423,0.361770824178799,0.8691218707729925,0.42300565019335423,0.361770824178799,0.8691218707729925,0.0,-0.0655220787582821,0.0,-0.11725854050775829,0.11725854050775829,True,Q2
100027,4,0.16054768955942436,0.06372785602537233,0.067810226555068,0.1260848163624417,-0.0582745898073737,False,0.6710755389714483,0.5990542968860056,0.8926778910823824,0.2031261827727101,0.5990542968860056,0.8926778910823824,0.2031261827727101,0.0,-0.0013849832346555014,0.0008449229623791939,-0.06290882747807369,0.06290882747807369,True,Q4_worst_basis_fit
100027,5,0.3663623540527943,0.24188945869722583,0.12121836989946135,0.1339019897560332,-0.012683619856571862,False,2.750097214594915,1.0142394103791246,0.3688012936402761,0.8639856058092589,1.0142394103791246,0.3688012936402761,0.8639856058092589,0.0,-0.25238747061331995,0.0035034031413414346,-0.0044907698248296815,0.10095498824532798,True,Q2
100028,1,0.10342465047300478,0.10342465047300478,0.00196684452526938,0.003465466168959,-0.0014986216436896202,False,1.4721240872228945,0.015030926928034273,0.01021036681519799,0.9998957484094991,0.015030926928034273,0.01021036681519799,0.9998957484094991,0.0,0.14793945127614394,0.0,-0.004954439832640626,0.059175780510457576,True,Q1_best_basis_fit
100028,2,0.10869904757706089,0.0855963984222869,0.01556957974727626,0.0262889195852204,-0.01071933983794414,False,0.8709626686769445,0.11898511167244404,0.13661333137640796,0.9813367976902397,0.11898511167244404,0.13661333137640796,0.9813367976902397,0.0,0.034909024348229116,0.0,-0.22727134038042218,0.22727134038042218,True,Q1_best_basis_fit
100028,3,0.7117603558326728,0.7414710240112156,0.022839699204716627,0.1193627521864451,-0.09652305298172847,False,10.253973204011501,0.2785332320195961,0.027163444498824116,0.9992621472829593,0.2785332320195961,0.027163444498824116,0.9992621472829593,0.0,-0.9640768414528892,0.0,-0.1809749272919105,0.38563073658115565,True,Q1_best_basis_fit
100028,4,0.48841137459986567,1.081032065478513,0.18623890047559627,0.184585004068457,0.0016538964071392825,True,14.445608289677235,1.5779108638254304,0.10923118169783118,0.9880685489448954,1.5779108638254304,0.10923118169783118,0.9880685489448954,0.0,1.4389666127721432,0.008041143275821797,-0.03632520864461946,0.5755866451088573,True,Q1_best_basis_fit
100028,5,0.4780277968696324,0.22506751068952233,0.22158509334289406,0.2321732840849327,-0.01058819074203865,False,1.964648615526627,1.8528732678727158,0.9431066976707437,0.11054975680858437,1.8528732678727158,0.9431066976707437,0.11054975680858437,0.0,-0.038765930810789544,0.0020288478399877207,-0.06937564488860692,0.06937564488860692,True,Q4_worst_basis_fit
100029,1,0.014685625355030653,0.014685625355030653,0.008334908038757475,0.0146856253550306,-0.0063507173162731245,False,0.18063133161748007,0.06369664306094086,0.3526334135421764,0.8756496756535924,0.06369664306094086,0.3526334135421764,0.8756496756535924,0.0,0.02139007360773341,0.0,-0.020995457372494263,0.020995457372494263,True,Q2
100029,2,0.014692357577471638,0.008342501451092109,0.008334908038757473,0.0104322855815657,-0.0020973775428082264,False,0.06369666224854692,0.06369664306094086,0.9999996987659104,6.024680883065514e-07,0.06369664306094086,0.9999996987659104,6.024680883065514e-07,0.0,-2.8076484953507953e-18,9.667989772184974e-07,2.4724229985862984e-18,8.056658143487479e-07,True,Q4_worst_basis_fit
100029,3,0.08210048959213344,0.07849691253475226,0.08879235329254995,0.0788597695898164,0.009932583702733547,True,0.8627082296911283,0.7547278791315953,0.8748356085600427,0.23466265799537966,0.7547278791315953,0.8748356085600427,0.23466265799537966,0.0,0.02143089018565595,0.0037857052339784025,0.04171259160445183,0.04171259160445183,True,Q4_worst_basis_fit
100029,4,0.1058958800413049,0.11329191437440422,0.12320055682301366,0.0954614452878987,0.027739111535114963,True,1.0569581541416078,1.0538777643891954,0.9970856086020605,0.005820289118658395,1.0538777643891954,0.9970856086020605,0.005820289118658395,0.0,9.298700354271768e-19,0.0015768215813805368,-1.9617283058409596e-18,0.0013140179844837807,True,Q4_worst_basis_fit
100029,5,0.5155696035755715,0.5214274796020727,0.16677074468333933,0.1801504114291368,-0.013379666745797464,False,5.285072254381038,1.4046822612217555,0.2657829815017856,0.9293594067440215,1.4046822612217555,0.2657829815017856,0.9293594067440215,0.0,-0.34879624965890776,0.017286117289482695,-0.42833312560507847,0.42833312560507847,True,Q2
100030,1,0.0054066421710547595,0.0054066421710547595,0.003068569720715247,0.0054066421710547,-0.0023380724503394524,False,0.06650101383679254,0.02345047951328366,0.3526334135421764,0.8756496756535924,0.02345047951328366,0.3526334135421764,0.8756496756535924,0.0,0.007874943777584574,4.969616689786745e-17,-0.007729662338950025,0.007729662338950025,True,Q2
100030,2,0.37030378070866365,0.3679106498365137,0.0178791277492261,0.070102145435653,-0.052223017686426905,False,1.8743297964962724,0.19407675278171105,0.10354461266341877,0.9892785131883826,0.19407675278171105,0.10354461266341877,0.9892785131883826,0.0,0.030427103950603985,0.0357353632342392,-0.10502293677099948,0.10502293677099948,True,Q1_best_basis_fit
100030,3,0.7512641670918574,0.5315876437934924,0.13908772973891273,0.2355610252953909,-0.09647329555647818,False,6.782337352735693,1.1639289014652503,0.1716117675856647,0.9705494012261238,1.1639289014652503,0.1716117675856647,0.9705494012261238,0.0,-0.6040990315915707,0.004957185988890462,-0.19112420597577157,0.2416396126366283,True,Q1_best_basis_fit
100030,4,1.319196443152445,0.6695727138719392,0.13908772973890887,0.1799920887045508,-0.04090435896564193,False,8.274545807774372,1.1639289014652505,0.1406637812520994,0.9802137006438615,1.1639289014652505,0.1406637812520994,0.9802137006438615,0.0,-0.815161879308719,-5.943152034925079e-16,1.7895368437954747e-16,0.3260647517234876,True,Q1_best_basis_fit
100030,5,1.3655728409158183,0.14884477886004172,0.13941562833646803,0.1576998553183108,-0.01828422698184276,False,1.3085844710745906,1.1678300579956258,0.8924376559631803,0.20355503021894428,1.1678300579956258,0.8924376559631803,0.20355503021894428,0.0,-0.002959021623482843,0.0,-0.12373748348310443,0.12373748348310443,True,Q4_worst_basis_fit
100031,1,0.09297742718862406,0.09297742718862406,0.034222178388181125,0.092977427188624,-0.05875524880044288,False,1.2027748938084366,0.31563993372700894,0.2624264401858061,0.9311323634914055,0.31563993372700894,0.2624264401858061,0.9311323634914055,0.0,-0.07725416120156393,0.0,-0.10737604491248044,0.10737604491248044,True,Q2
100031,2,0.15687687976103584,0.22336349985884252,0.03422217838818194,0.0586805094418841,-0.02445833105370216,False,2.9075606122552657,0.315639933727009,0.10855833319401761,0.9882150882941366,0.315639933727009,0.10855833319401761,0.9882150882941366,0.0,0.28327308268035023,-9.93923337957349e-17,0.014392724946759907,0.1133092330721401,True,Q1_best_basis_fit
100031,3,0.21849498763210334,0.13826034874474238,0.14529663142759294,0.1214833621150637,0.023813269312529237,True,1.4103222065192724,1.208194120122236,0.8566794981581577,0.26610023743548716,1.208194120122236,0.8566794981581577,0.26610023743548716,0.0,2.8029727374474175e-17,0.0060218458545431225,0.1429185904404203,0.1429185904404203,True,Q4_worst_basis_fit
100031,4,0.14582051496576656,0.29794244605749914,0.17796996214165567,0.1400368740458085,0.03793308809584717,True,2.9795526372798853,1.4894137639006824,0.49987831906886826,0.7501216661248827,1.4894137639006824,0.49987831906886826,0.7501216661248827,0.0,-0.2566644972044068,0.0014940503863588494,7.345808531768194e-17,0.10266579888176272,True,Q3
100031,5,0.2082115813512549,0.23458872128095548,0.19375830469951308,0.2149287379152025,-0.021170433215689427,False,2.0764671649675788,1.5992439808866508,0.770175424811796,0.4068298150159695,1.5992439808866508,0.770175424811796,0.4068298150159695,0.0,-0.0796097304750106,0.0,-0.14246985111924307,0.14246985111924307,True,Q3
100032,1,0.07819636316276735,0.07819636316276735,0.04333251438668121,0.0781963631627673,-0.034863848776086094,False,0.9512595321524658,0.4158850072313145,0.4371940497566098,0.8088613628574151,0.4158850072313145,0.4371940497566098,0.8088613628574151,0.0,-0.009961477515191261,1.5902773407317584e-15,-0.17068207992425413,0.17068207992425413,True,Q2
100032,2,0.14481522795209104,0.09082747896692048,0.0731773239234575,0.1270888733758636,-0.053911549452406116,False,1.1345293386253286,0.6762438798727777,0.5960567583841947,0.6447163407845258,0.6762438798727777,0.5960567583841947,0.6447163407845258,0.0,-0.06961337457342823,-1.1927080055488188e-15,-0.06185361810002973,0.06185361810002973,True,Q3
100032,3,0.3230948435300466,0.22442590298339513,0.09081200696063452,0.1045390872854119,-0.013727080324777388,False,2.8983079390729185,0.7961765253730034,0.2747039107334041,0.924537761427774,0.7961765253730034,0.2747039107334041,0.924537761427774,0.0,-0.29088928268468217,-3.975693351829396e-16,0.047290750173035884,0.11635571307387287,True,Q2
100032,4,0.4929807009323143,0.19152034826309597,0.08185321273028012,0.1059839627946775,-0.024130750064397383,False,2.493196064632976,0.7345672856977082,0.2946287683178435,0.9131938888795105,0.7345672856977082,0.2946287683178435,0.9131938888795105,0.0,-0.2300363924829614,1.987846675914698e-16,-0.023155957948405807,0.09201455699318456,True,Q2
100032,5,0.5173858454002654,0.07467257804188608,0.08185321273027851,0.1085964750010016,-0.026743262270723087,False,0.8140980932275806,0.7345672856977083,0.9023080778698747,0.18584013261077226,0.7345672856977083,0.9023080778698747,0.18584013261077226,0.0,-0.03492093022978776,-2.013615894938206e-16,5.552994049535381e-17,0.013968372091915104,True,Q4_worst_basis_fit
100033,1,0.08377817671026887,0.08377817671026887,0.027973879319770092,0.0837781767102688,-0.055804297390498706,False,1.0589196930877567,0.2684800817089693,0.25354149465866943,0.9357167104862479,0.2684800817089693,0.25354149465866943,0.9357167104862479,0.0,-0.061570108191931094,7.951386703658792e-16,-0.11018608020854417,0.11018608020854417,True,Q2
100033,2,0.09404106226968809,0.031709299993012086,0.03933241327129461,0.094041062269688,-0.054708648998393394,False,0.35403236734303245,0.34861894345601124,0.9847092402097349,0.03034771224556676,0.34861894345601124,0.9847092402097349,0.03034771224556676,0.0,-3.4883565185292504e-17,0.001148266032438431,-0.004089139122084607,0.004089139122084607,True,Q4_worst_basis_fit
100033,3,0.3048619098089613,0.2344595949827158,0.11065713637743221,0.2504140837381226,-0.13975694736069036,False,2.586149550775389,0.9557260919245342,0.36955561662626385,0.8634286462199819,0.9557260919245342,0.36955561662626385,0.8634286462199819,0.0,-0.16635544145227768,-0.004515648797191979,-0.20398169424169219,0.20398169424169219,True,Q2
100033,4,0.23751171862374815,0.19953349144996116,0.14264222558364348,0.2203818636231665,-0.07773963803952302,False,1.8873073665665,1.201517027220142,0.6366302852968841,0.5947018798428079,1.201517027220142,0.6366302852968841,0.5947018798428079,0.0,0.1550135605602924,0.0016641749004155,-0.036998767400809394,0.06200542422411696,True,Q3
100033,5,0.25712932801197164,0.17429563186665267,0.1426422255836418,0.1709408684158275,-0.028298642832185694,False,1.2196792830766041,1.201517027220142,0.9851089904465309,0.02956027694141672,1.201517027220142,0.9851089904465309,0.02956027694141672,0.0,2.884184968658037e-18,-0.00410064693604352,-2.822991406609132e-17,0.003417205780036267,True,Q4_worst_basis_fit
100034,1,0.13902179462279687,0.13902179462279687,3.077944935136668e-17,0.0,3.077944935136668e-17,True,0.7340749465926383,1.3310781426550259e-16,1.813272812038474e-16,1.0,1.3310781426550259e-16,1.813272812038474e-16,1.0,0.0,5.383810041237753e-18,0.014354658855534098,-8.782037597132586e-18,0.011962215712945081,True,Q1_best_basis_fit
100034,2,0.1443856291516536,0.011365935950696765,7.59612503118523e-18,0.0113659359506967,-0.011365935950696694,False,0.16318034660304093,7.261014545337351e-17,4.449686924002427e-16,1.0,7.261014545337351e-17,4.449686924002427e-16,1.0,0.0,-0.016237051358138195,3.000417922149325e-18,-3.7504921037620444e-18,0.006494820543255278,True,Q1_best_basis_fit
100034,3,0.40905575294501634,0.30704010211021027,0.011148405240103642,0.0252285786762543,-0.014080173436150659,False,4.322640452066241,0.08519781933711262,0.01970967057794217,0.999611528885709,0.08519781933711262,0.01970967057794217,0.999611528885709,0.0,0.4215601937901593,-1.987846675914698e-16,0.028082597420564882,0.16862407751606373,True,Q1_best_basis_fit
100034,4,0.5921490475318641,0.23008582180482273,0.011148405240102114,0.0160408357319847,-0.004892430491882585,False,1.172533584182224,0.0851978193371126,0.07266130410800409,0.9947203348853242,0.0851978193371126,0.07266130410800409,0.9947203348853242,0.0,-6.466094544879954e-17,0.022868003421502494,-6.109479241955817e-17,0.019056669517918744,True,Q1_best_basis_fit
100034,5,0.3889899048438474,0.3193723329982322,0.036927635128279734,0.0711293151313888,-0.03420168000310907,False,4.419541782203162,0.31323232881887436,0.0708743902094589,0.9949768208124373,0.31323232881887436,0.0708743902094589,0.9949768208124373,0.0,-0.41532448039306696,0.00040728136157677563,-0.07565118682692507,0.16612979215722679,True,Q1_best_basis_fit
100035,1,0.08103832634789526,0.08103832634789526,0.029693537932721142,0.0810383263478952,-0.051344788415174064,False,1.047094145059785,0.27434112086275847,0.26200234444735115,0.9313547715040915,0.27434112086275847,0.26200234444735115,0.9313547715040915,0.0,-0.06695752684415018,0.0,-0.09421913177428477,0.09421913177428477,True,Q2
100035,2,0.08334628068132663,0.14055062420634581,0.02969353793272115,0.0512267823199931,-0.02153324438727195,False,1.7479874680917855,0.2743411208627585,0.15694684651386362,0.9753676873693538,0.2743411208627585,0.15694684651386362,0.9753676873693538,0.0,0.17177573273466668,-1.7639492341239006e-18,9.171524625485835e-18,0.06871029309386667,True,Q1_best_basis_fit
100035,3,0.3945435382795613,0.3667131160343172,0.07899465498951735,0.1614204043722638,-0.08242574938274644,False,1.9323155921148576,0.720364569640974,0.37279861145898946,0.8610211952942495,0.720364569640974,0.37279861145898946,0.8610211952942495,0.0,-0.018766299344627594,-0.03177158989011931,-0.13492648381668887,0.13492648381668887,True,Q2
100035,4,0.40875183746555066,0.10452099884674983,0.1083118403431715,0.1809329368082742,-0.07262109646510269,False,1.221705067226873,0.9419990926781421,0.7710527834810159,0.4054776050861776,0.9419990926781421,0.7710527834810159,0.4054776050861776,0.0,-0.0407173130193855,0.0011927262889438078,-0.09643807332255701,0.09643807332255701,True,Q3
100035,5,0.3617749802187941,0.20113692252095308,0.14929063427809078,0.1747741985372666,-0.025483564259175834,False,1.6437893046895586,1.2888028844734487,0.7840438435732786,0.3852752513548402,1.2888028844734487,0.7840438435732786,0.3852752513548402,0.0,0.0880534436589965,0.011551851919835196,-0.018572216889202867,0.0352213774635986,True,Q4_worst_basis_fit
100036,1,0.4032817977637571,0.4032817977637571,1.0797174672328963e-14,0.0,1.0797174672328963e-14,True,2.214612706428985,5.692095637322557e-14,2.5702442782877997e-14,1.0,5.692095637322557e-14,2.5702442782877997e-14,1.0,0.0,-3.2464121887863695e-17,0.04080745054374029,0.16075524891536283,0.16075524891536283,True,Q1_best_basis_fit
100036,2,0.3817836863842961,0.24731267820736522,0.017284867407707676,0.0517659585051929,-0.03448109109748523,False,1.931400351243595,0.16589199377400393,0.08589208015168319,0.9926225505672168,0.16589199377400393,0.08589208015168319,0.9926225505672168,0.0,0.197912283537345,-0.013243827972442588,-0.06808322023587586,0.079164913414938,True,Q1_best_basis_fit
100036,3,0.29201569930296645,0.24051713300999683,0.15607405470202557,0.1272226586006503,0.02885139610137527,True,2.272647037791128,1.3258322761342372,0.5833867970201232,0.6596598450626014,1.3258322761342372,0.5833867970201232,0.6596598450626014,0.0,-0.18366623770559834,0.00010950626238027468,3.171841925935816e-17,0.07346649508223933,True,Q3
100036,4,0.5123263182028942,0.397866131209875,0.3848987763546603,0.4058172236346564,-0.02091844727999609,False,4.046710597594658,3.209873019532694,0.7932054793937141,0.37082506745978827,3.209873019532694,0.7932054793937141,0.37082506745978827,0.0,-0.09860002494172428,0.013504742978956083,-0.34673140976691386,0.34673140976691386,True,Q4_worst_basis_fit
100036,5,0.6183498455036242,0.5993469057152752,0.40084842548853716,0.3719346180545548,0.028913807433982364,True,4.682807598739696,3.347323667198507,0.7148112743516061,0.489044842059833,3.347323667198507,0.7148112743516061,0.489044842059833,0.0,-0.3216550865701503,-0.010244339042212924,-2.485533480423019e-17,0.1286620346280601,True,Q3
100037,1,0.19506332075518254,0.19506332075518254,0.07580729283600401,0.0571282853669797,0.018679007469024317,True,1.2103913947864091,0.660564352771858,0.5457444225208029,0.7021630252874353,0.660564352771858,0.5457444225208029,0.7021630252874353,0.0,-0.02214464463460713,0.019216111635325668,-0.008881286076193717,0.01601342636277139,True,Q3
100037,2,0.27453453333244726,0.1751728966485886,0.16246856683528094,0.1603298471593384,0.0021387196759425353,True,1.6736828621399698,1.3696200742915914,0.8183271187591633,0.33034072670332615,1.3696200742915914,0.8183271187591633,0.33034072670332615,0.0,-0.049626460187743485,0.003574255370661332,-0.11734564285915483,0.11734564285915483,True,Q4_worst_basis_fit
100037,3,0.36011516606509497,0.2381886254456061,0.24598607342475073,0.2296586659603935,0.016327407464357235,True,2.1563482811379706,2.066411339146054,0.9582920148945261,0.08167641418938931,2.066411339146054,0.9582920148945261,0.08167641418938931,0.0,-0.03543250061133999,0.003514342855689355,-0.06341012658577794,0.06341012658577794,True,Q4_worst_basis_fit
100037,4,0.37059398427590456,0.2697446960281129,0.281219201372437,0.236612924343407,0.04460627702903,True,2.38129423546744,2.3723003909569798,0.9962231275847797,0.007539480065199777,2.3723003909569798,0.9962231275847797,0.007539480065199777,0.0,-3.937415840200804e-17,0.0016021033842660067,0.041164099898365225,0.041164099898365225,True,Q4_worst_basis_fit
100037,5,0.4458846073766435,0.32678021024801657,0.2910911018756639,0.2758327814716427,0.015258320404021197,True,2.7092694476181545,2.420096975356069,0.893265517567361,0.20207671512511471,2.420096975356069,0.893265517567361,0.20207671512511471,0.0,-0.0876593293182813,7.951386703658792e-16,-0.0965239952959065,0.0965239952959065,True,Q4_worst_basis_fit
100038,1,0.3861776619294841,0.3861776619294841,1.699439445934976e-16,0.0,1.699439445934976e-16,True,5.544339242923694,1.900395703982448e-15,3.4276324386317914e-16,1.0,1.900395703982448e-15,3.4276324386317914e-16,1.0,0.0,0.5516823741849773,-3.058660338624867e-18,2.0301482215312158e-16,0.22067294967399093,True,Q1_best_basis_fit
100038,2,0.10104983863360036,0.4800261928147621,0.05949596810566511,0.1330802462589672,-0.07358427815330208,False,6.395089140270486,0.5241786180108106,0.08196580321453345,0.9932816071033964,0.5241786180108106,0.08196580321453345,0.9932816071033964,0.0,-0.5853707244540703,0.0018657198421320007,-0.15584902409616128,0.23414828978162813,True,Q1_best_basis_fit
100038,3,0.09205310756965997,0.07602377344697726,0.052306527299094935,0.0876122362434354,-0.03530570894434047,False,0.7067797740066655,0.4363459317797716,0.6173718431501926,0.6188520072853341,0.4363459317797716,0.6173718431501926,0.6188520072853341,0.0,0.07036092085086555,0.0,-0.06906286259247353,0.06906286259247353,True,Q3
100038,4,0.8685506259675213,0.854988518905806,0.1683844406682775,0.1552602498680754,0.013124190800202107,True,8.012249044023799,1.420538964154096,0.1772959073474697,0.9685661612378375,1.420538964154096,0.1772959073474697,0.9685661612378375,0.0,0.7562776085838413,0.04106808826713438,1.1720225484568303e-16,0.3025110434335365,True,Q1_best_basis_fit
100038,5,0.7744873580280068,0.25309507080772525,0.1992847169725463,0.1753029476960689,0.023981769276477383,True,2.293017111268288,1.6890605277827333,0.7366105204720862,0.4574049411298424,1.6890605277827333,0.7366105204720862,0.4574049411298424,0.0,-0.15414555387575016,0.0014041320071203516,-1.5809022927554262e-16,0.06165822155030006,True,Q3
100039,1,0.06000334182933273,0.06000334182933273,0.0483176149816073,0.0600033418293327,-0.011685726847725404,False,0.6771580840096267,0.4273239811737295,0.6310549800180109,0.601769612194468,0.4273239811737295,0.6310549800180109,0.601769612194468,0.0,0.022386208230035922,0.001357042111247562,-0.1382859146909343,0.1382859146909343,True,Q3
100039,2,0.4712278477955504,0.45904589271024343,0.0655517496859628,0.1236037493350133,-0.05805199964905049,False,5.174068299231962,0.6012164738306888,0.11619801654337135,0.9864980209513864,0.6012164738306888,0.11619801654337135,0.9864980209513864,0.0,-0.46864860504402694,-0.010664681475412913,-0.1271717502629455,0.18745944201761078,True,Q1_best_basis_fit
100039,3,0.519885362525051,0.1441976405335681,0.180666496069609,0.1742870069786563,0.006379489090952706,True,1.5182091279357157,1.4888941455242923,0.9806910774859571,0.0382450105394323,1.4888941455242923,0.9806910774859571,0.0382450105394323,0.0,7.83436697090458e-17,0.0058059256746665466,6.151492076139631e-17,0.0048382713955554555,True,Q4_worst_basis_fit
100039,4,0.5596079211075384,0.19962882608990068,0.180666496069609,0.166949879547183,0.013716616522426006,True,1.595758233523987,1.4888941455242923,0.933032406943186,0.12945052759380493,1.4888941455242923,0.933032406943186,0.12945052759380493,0.0,-0.057129223268986104,-5.427536104976042e-19,-5.737789023491634e-18,0.02285168930759444,True,Q4_worst_basis_fit
100039,5,0.8756917935613757,0.43176791452146707,0.19812878699330014,0.2493900683612774,-0.05126128136797725,False,4.587553396092097,1.6515635045343997,0.36000965262688445,0.87039305001547,1.6515635045343997,0.36000965262688445,0.87039305001547,0.0,-0.37928178455872397,0.0,-0.14613952887422432,0.15171271382348958,True,Q2
100040,1,0.05618508436484806,0.05618508436484806,0.07819948549044414,0.056185084364848,0.02201440112559614,True,0.7102142512968466,0.6866786128374817,0.9668612134769347,0.06517939387390959,0.6866786128374817,0.9668612134769347,0.06517939387390959,0.0,-2.9191024427872235e-18,0.0035456594741817907,5.014435047745458e-18,0.0029547162284848257,True,Q4_worst_basis_fit
100040,2,0.14831688786302258,0.17175880354279272,0.13962610178981472,0.1005645431554678,0.03906155863434692,True,1.250601578746354,1.2255439420237015,0.9799635334318295,0.03967147314380348,1.2255439420237015,0.9799635334318295,0.03967147314380348,0.0,0.0008568231559380505,-0.004869115974135727,-0.0008410159953708303,0.004057596645113106,True,Q4_worst_basis_fit
100040,3,0.20833918472648297,0.20023719078456748,0.21863498026411152,0.1611353815713803,0.05749959869273122,True,1.923730402435054,1.9115804056098138,0.9936841478359645,0.012591814339513063,1.9115804056098138,0.9936841478359645,0.012591814339513063,0.0,-0.014880561470997922,0.0035400018162436613,0.014606036415422284,0.014606036415422284,True,Q4_worst_basis_fit
100040,4,0.3258460192683582,0.33573098894765074,0.382867370777205,0.2776608871912595,0.10520648358594553,True,3.375096457957166,3.3535447410335424,0.993614488595485,0.012730248053132942,3.3535447410335424,0.993614488595485,0.012730248053132942,0.0,1.93902641404872e-18,0.007446584164532633,-2.041010589703962e-17,0.006205486803777195,True,Q4_worst_basis_fit
100040,5,0.3686203161204649,0.4250910394430444,0.4226154447808947,0.3310205137179078,0.09159493106298688,True,3.693554551096715,3.644496530503225,0.9867179379876971,0.026387710853307156,3.644496530503225,0.9867179379876971,0.026387710853307156,0.0,-0.0264356896590432,0.0014629298972203492,-0.08402848429245297,0.08402848429245297,True,Q4_worst_basis_fit
100041,1,0.023796797296650317,0.023796797296650317,0.033120842051857946,0.0237967972966503,0.009324044755207647,True,0.3008062507400496,0.2908378966119713,0.9668612134769343,0.06517939387391014,0.2908378966119713,0.9668612134769343,0.06517939387391014,0.0,-1.4194807639127284e-18,0.0015017391329437294,1.9820570965750628e-18,0.0012514492774531078,True,Q4_worst_basis_fit
100041,2,0.42696440008330283,0.414175643713716,0.09654711279939215,0.167653721983618,-0.07110660918422584,False,2.751262082640492,0.8267549873351772,0.30050026587859946,0.9096995902068911,0.8267549873351772,0.30050026587859946,0.9096995902068911,0.0,-0.13700905884596615,0.03754860197790404,-0.1205676353326032,0.1205676353326032,True,Q2
100041,3,0.6083951926937238,0.22756077298136573,0.09654711279938791,0.1156843181878886,-0.019137205388500694,False,1.3555720337686041,0.8267549873351774,0.6098938062603203,0.6280295450852988,0.8267549873351774,0.6098938062603203,0.6280295450852988,0.0,-1.525056174110747e-17,0.021007051557089946,5.003593026020603e-17,0.017505876297574954,True,Q3
100041,4,0.6033303695792035,0.09590834907709647,0.09501909202356466,0.0906991874048064,0.004319904618758266,True,0.812519114720811,0.8060295398506224,0.992013018829202,0.015910170473373064,0.8060295398506224,0.992013018829202,0.015910170473373064,0.0,0.012969552846825952,0.0,-0.012730283164495385,0.012730283164495385,True,Q4_worst_basis_fit
100041,5,0.8269756258822367,0.3482606730110605,0.15426458332505777,0.1712649245394024,-0.017000341214344628,False,3.929633848323127,1.2923136855414488,0.3288636385532233,0.8918487072375348,1.2923136855414488,0.3288636385532233,0.8918487072375348,0.0,-0.3390545647986984,0.002239500934237125,-0.09575373246234625,0.13562182591947936,True,Q2
100042,1,0.11903374722348783,0.11903374722348783,0.13378335034430386,0.1190337472234878,0.014749603120816052,True,1.2824804963101961,1.1747668780558045,0.9160114960310954,0.16092293913887445,1.1747668780558045,0.9160114960310954,0.16092293913887445,0.0,-1.513274623273131e-17,0.006065899276629892,0.08899452563643731,0.08899452563643731,True,Q4_worst_basis_fit
100042,2,0.16264874376097016,0.20910733665741366,0.13378335034430655,0.1145769863650931,0.01920636397921345,True,2.0033133278911204,1.1747668780558043,0.586411951490622,0.6561210231489604,1.1747668780558043,0.586411951490622,0.6561210231489604,0.0,-0.16146565928398532,4.2389056979695886e-16,-1.0459278026280397e-17,0.06458626371359413,True,Q3
100042,3,0.4655150968728877,0.381395057782903,0.24477295130661036,0.2263331378016194,0.018439813504990965,True,2.8596713803573697,2.052533615625284,0.7177515674436625,0.4848326874321657,2.052533615625284,0.7177515674436625,0.4848326874321657,0.0,0.016769226149496996,0.03410148995083445,-0.23024093238516513,0.23024093238516513,True,Q3
100042,4,0.751094823624205,0.3282843016108126,0.26313609300534974,0.2937218358666918,-0.03058574286134208,False,2.8046408151478177,2.1703386826575244,0.7738383720780079,0.4011741738996585,2.1703386826575244,0.7738383720780079,0.4011741738996585,0.0,-0.09409949768474281,0.028060981699181774,-0.031882845698827066,0.037639799073897126,True,Q4_worst_basis_fit
100042,5,0.8987575605599354,0.2384220308803536,0.27075752840775696,0.2773567824655362,-0.006599254057779225,False,2.421381886577483,2.2359823705617967,0.9234323519790839,0.14727269131837728,2.2359823705617967,0.9234323519790839,0.14727269131837728,0.0,-0.04212768559580667,0.014225592837287922,-0.04452475626347028,0.04452475626347028,True,Q4_worst_basis_fit
100043,1,0.10337911484535979,0.10337911484535979,0.06472556133642825,0.1033791148453597,-0.038653553508931446,False,1.1392328591264484,0.5362454862515503,0.4707075309105266,0.7784344203441156,0.5362454862515503,0.4707075309105266,0.7784344203441156,0.0,-0.05995813543810316,0.0024174993164195508,-0.10730128815013829,0.10730128815013829,True,Q3
100043,2,0.2129519318187152,0.15895369219367086,0.06472556133642271,0.0772625512157263,-0.012536989879303587,False,1.7011725281475927,0.5362454862515504,0.315221106253972,0.9006356541720221,0.5362454862515504,0.315221106253972,0.9006356541720221,0.0,-0.16064316119154587,-8.604001610379378e-16,6.509553786694043e-17,0.06425726447661835,True,Q2
100043,3,0.32700388935412056,0.15024159046863844,0.08929553114002431,0.1733841869692399,-0.0840886558292156,False,1.6266240968062204,0.788432222278231,0.4847046246433154,0.7650614268493827,0.788432222278231,0.4847046246433154,0.7650614268493827,0.0,-0.08552046500942073,1.5902773407317584e-15,-0.15304772224251104,0.15304772224251104,True,Q3
100043,4,0.5078101992093905,0.2076055793856253,0.10791560047019354,0.1854428007825403,-0.07752720031234676,False,2.4703177801556215,0.9462854035251871,0.3830622161759182,0.8532633385383941,0.9462854035251871,0.3830622161759182,0.8532633385383941,0.0,-0.20220176008623952,0.002191735798853149,-0.07714759718495626,0.0808807040344958,True,Q2
100043,5,0.4110277569528822,0.19481886779487118,0.13224250087868444,0.166994571937263,-0.034752071058578554,False,1.9936370357386086,1.1579691491833297,0.5808324827564822,0.6626336269749408,1.1579691491833297,0.5808324827564822,0.6626336269749408,0.0,0.16122358953214977,0.0017920581595251574,7.920774496364413e-17,0.0644894358128599,True,Q3
100044,1,0.04781229067232127,0.04781229067232127,0.06654606953005321,0.0478122906723212,0.01873377885773201,True,0.6043769553165407,0.5843486364148456,0.9668612134769345,0.06517939387390959,0.5843486364148456,0.9668612134769345,0.06517939387390959,0.0,-2.2432872179076934e-18,0.0030172794680433834,7.792703114739563e-19,0.0025143995567028198,True,Q4_worst_basis_fit
100044,2,0.14990119145746236,0.1632620249408644,0.07770428568927268,0.1104388953048578,-0.03273460961558512,False,1.5870525831036821,0.6408804426907319,0.40381802689700996,0.8369310011530058,0.6408804426907319,0.40381802689700996,0.8369310011530058,0.0,-0.06035495413868538,0.0,-0.21313850931634482,0.21313850931634482,True,Q2
100044,3,0.16495176062919298,0.13646977930576967,0.15248287960132478,0.1348674424152497,0.017615437186075084,True,1.330187462423179,1.2763817290601982,0.9595502627389346,0.07926329327764159,1.2763817290601982,0.9595502627389346,0.07926329327764159,0.0,-8.47225852885243e-17,0.003431684039896095,0.07173520333289289,0.07173520333289289,True,Q4_worst_basis_fit
100044,4,0.21698207475927658,0.18722191652181372,0.15248287960132773,0.1266197829063911,0.025863096694936638,True,1.575150644895197,1.2763817290601982,0.8103235923476528,0.3433756756847949,1.2763817290601982,0.8103235923476528,0.3433756756847949,0.0,-0.09184302340875937,4.618833225316466e-16,-5.525352816537951e-17,0.03673720936350375,True,Q4_worst_basis_fit
100044,5,0.15911684543486415,0.17648111340015402,0.15248287960132773,0.122785881523481,0.02969699807784673,True,1.6519629446397126,1.2763817290601982,0.7726454961969941,0.4030189372065007,1.2763817290601982,0.7726454961969941,0.4030189372065007,0.0,0.1043523758160567,-8.141304157536891e-19,7.32783334694822e-17,0.04174095032642268,True,Q4_worst_basis_fit
100045,1,0.04736774091977358,0.04736774091977358,0.06592733659911393,0.0473677409197735,0.01855959567934043,True,0.5987575712177355,0.5789154718860818,0.9668612134769345,0.06517939387390959,0.5789154718860818,0.9668612134769345,0.06517939387390959,0.0,-3.4088651689214035e-18,0.0029892253668995323,2.608861477543245e-18,0.002491021139082944,True,Q4_worst_basis_fit
100045,2,0.2530033608952715,0.22528338673512058,0.06592733659911393,0.0473677409197735,0.01855959567934043,True,1.3408668257071297,0.5789154718860818,0.43174718084384,0.8135943718333964,0.5789154718860818,0.43174718084384,0.8135943718333964,0.0,3.565831393322076e-18,0.0236505950384328,6.613633252161577e-18,0.019708829198694,True,Q2
100045,3,0.28710005248019116,0.10698184511460898,0.1234725668382041,0.0887130719727889,0.0347594948654152,True,1.0924059854912378,1.0842267105491628,0.9925126051571413,0.014918728604184528,1.0842267105491628,0.9925126051571413,0.014918728604184528,0.0,-3.5436319298331636e-18,0.0026091705032451943,-1.2441219929271163e-17,0.002174308752704329,True,Q4_worst_basis_fit
100045,4,0.29902080968448835,0.1482077553695327,0.12997305335997428,0.1207594690397153,0.009213584320258983,True,1.27463516465514,1.0974608066492488,0.8609999449891007,0.2586790947287656,1.0974608066492488,0.8609999449891007,0.2586790947287656,0.0,-0.03896738485585127,0.0,-0.06973616774977065,0.06973616774977065,True,Q4_worst_basis_fit
100045,5,0.42639982275984484,0.25132899210131465,0.20830063889235373,0.2561301919171595,-0.04782955302480579,False,2.399493613373281,1.7184112951932764,0.7161558112161347,0.4871208540613601,1.7184112951932764,0.7161558112161347,0.4871208540613601,0.0,-0.08913176526372683,0.0027333953313955343,-0.20426450482070965,0.20426450482070965,True,Q3
100046,1,0.10206286403282851,0.10206286403282851,0.0804077700957076,0.1020628640328285,-0.021655093937120895,False,1.1177547556748824,0.6623421367161492,0.592564812051493,0.6488669435183787,0.6623421367161492,0.592564812051493,0.6488669435183787,0.0,-0.05531704414206601,0.003083004177340377,-0.0906952312328849,0.0906952312328849,True,Q3
100046,2,0.5120559662812054,0.43965044769672323,0.14289540370157228,0.1224182842556624,0.02047711944590988,True,4.111219297082485,1.1891022114150087,0.28923346712710063,0.9163440014936364,1.1891022114150087,0.28923346712710063,0.9163440014936364,0.0,-0.3722014608625826,0.02391950153102452,8.380882793312949e-17,0.14888058434503304,True,Q2
100046,3,0.6422773192933396,0.2797130253278223,0.22634703125277292,0.1972820530504287,0.029064978202344216,True,2.327901650290007,1.9584194822551015,0.8412810231957712,0.29224624001067623,1.9584194822551015,0.8412810231957712,0.29224624001067623,0.0,0.08715112519497475,0.020596979711907923,-0.08554331170391391,0.08554331170391391,True,Q4_worst_basis_fit
100046,4,0.732195377954278,0.35499876882476666,0.41173747429179136,0.3220233834685767,0.08971409082321469,True,3.611412854141355,3.582171105017903,0.9919029614434918,0.01612851507963098,3.582171105017903,0.9919029614434918,0.01612851507963098,0.0,0.015857937158424675,0.008409776321467458,2.45029690981724e-17,0.007008146934556215,True,Q4_worst_basis_fit
100046,5,0.8895852383117743,0.29929017624383786,0.41173747429179147,0.3187464526103619,0.09299102168142959,True,3.7050916714715436,3.582171105017903,0.9668238798515826,0.06525158534873265,3.582171105017903,0.9668238798515826,0.06525158534873265,0.0,-1.8195653414421538e-18,0.018507465956584403,1.5395670849294163e-17,0.015422888297153669,True,Q4_worst_basis_fit
100047,1,0.13892703055686345,0.13892703055686345,0.03418709619754826,0.1023859634807651,-0.06819886728321684,False,1.334986750035428,0.32811160281312307,0.24577892088023767,0.9395927220509459,0.32811160281312307,0.24577892088023767,0.9395927220509459,0.0,-0.07524530965440715,0.006410219810244936,-0.13465926840751904,0.13465926840751904,True,Q2
100047,2,0.13877121446015828,0.034124853553386646,0.03397150273928598,0.0667436399513434,-0.03277213721205742,False,0.32676482406513263,0.32673324198625575,0.9999033492085103,0.0001932922416038041,0.32673324198625575,0.9999033492085103,0.0001932922416038041,0.0,0.0005749055618658653,-7.392304826057784e-16,-0.0005642993773055313,0.0005642993773055313,True,Q4_worst_basis_fit
100047,3,0.1655501936350671,0.05577561665979837,0.05653713640680498,0.0677102970659188,-0.01117316065911382,False,0.6727465679535893,0.48096627149521404,0.714929357362986,0.4888760139805478,0.48096627149521404,0.714929357362986,0.4888760139805478,0.0,-0.05952574720765411,0.0,0.05842758239094263,0.05842758239094263,True,Q3
100047,4,0.13205644921489706,0.16565050545440696,0.08397420999856191,0.0726010895953589,0.011373120403203013,True,1.9141294089331216,0.6886855981490894,0.3597905109942081,0.8705507881985266,0.6886855981490894,0.3597905109942081,0.8705507881985266,0.0,0.17723574547243573,0.0025451317305014197,3.9180356008194916e-17,0.07089429818897429,True,Q2
100047,5,0.148537257526927,0.10169331829587278,0.10833942797599078,0.1065130513321109,0.0018263766438798706,True,0.9466425982394255,0.9110269996260758,0.9623769322449803,0.07383064028274056,0.9110269996260758,0.9623769322449803,0.07383064028274056,0.0,-5.714180006905258e-18,0.0014499619144158972,-0.053405664795995365,0.053405664795995365,True,Q4_worst_basis_fit
100048,1,0.14316631714507028,0.14316631714507028,0.03931476103905431,0.1177426612877662,-0.07842790024871188,False,1.506579349516457,0.3773245081770354,0.25045113508169303,0.9372742289362915,0.3773245081770354,0.25045113508169303,0.9372742289362915,0.0,-0.08653122661483137,-0.004585767644922931,-0.1548565847343279,0.1548565847343279,True,Q2
100048,2,0.19952163485101326,0.24141693763166408,0.039314761039053285,0.0768704573902283,-0.03755569635117501,False,3.112877652206903,0.3773245081770354,0.1212140502565296,0.9853071540204075,0.3773245081770354,0.1212140502565296,0.9853071540204075,0.0,0.30745898049095244,1.2998948971365363e-16,-2.0096517194934753e-17,0.12298359219638097,True,Q1_best_basis_fit
100048,3,0.2859502271848303,0.30567043638789504,0.08642563393526066,0.2259402955386476,-0.13951466160338694,False,2.447831756681737,0.8727972232770632,0.3565593186274455,0.8728654522999317,0.8727972232770632,0.3565593186274455,0.8728654522999317,0.0,-0.09738573509525429,0.02066925180223023,-0.2713040828375163,0.2713040828375163,True,Q2
100048,4,0.6316692425654464,0.7237552972328946,0.19811208816060077,0.2421361584099272,-0.04402407024932642,False,3.6385310977162826,1.6660910491855565,0.4579021051190893,0.7903256621275065,1.6660910491855565,0.4579021051190893,0.7903256621275065,0.0,-0.040379663401058634,-0.061868094749588654,-0.0726046168511892,0.0726046168511892,True,Q2
100048,5,0.638072878525773,0.21543459317497998,0.2040237017165573,0.2333771787657167,-0.029353477049159415,False,1.7790367954614619,1.7357057634131765,0.9756435436530442,0.048119675728130584,1.7357057634131765,0.9756435436530442,0.048119675728130584,0.0,-0.03314140456732446,5.963540027744094e-16,-0.01748545877835518,0.01748545877835518,True,Q4_worst_basis_fit
100049,1,0.716677491293454,0.716677491293454,0.0713128185335022,0.0512371238822221,0.020075694651280097,True,8.190690967974582,0.626206003799095,0.07645337936048942,0.9941548807843611,0.626206003799095,0.07645337936048942,0.9941548807843611,0.0,0.8062850557741119,0.019900076611997525,1.666960840196463e-16,0.32251402230964477,True,Q1_best_basis_fit
100049,2,0.2125673298688273,0.6502254398977728,0.07131281853350221,0.0512371238822221,0.02007569465128011,True,8.656368295933461,0.6262060037990949,0.0723404992014111,0.9947668521752906,0.6262060037990949,0.0723404992014111,0.9947668521752906,0.0,-0.859084120384904,9.53211028433936e-18,-1.7028104214121705e-16,0.3436336481539616,True,Q1_best_basis_fit
100049,3,0.295930920084592,0.17164261979930703,0.08979934852050202,0.1572697376793027,-0.06747038915880067,False,1.7477634776762587,0.7505271450838993,0.4294214604379785,0.8155972093153137,0.7505271450838993,0.4294214604379785,0.8155972093153137,0.0,-0.09487575049724029,1.5902773407317584e-15,-0.16978997375718025,0.16978997375718025,True,Q2
100049,4,0.276080102567199,0.15942621658840636,0.09563735338584904,0.1442135494426981,-0.048576196056849055,False,0.9942413399141601,0.8180230391345632,0.8227610402975086,0.32306427056856135,0.8180230391345632,0.8227610402975086,0.32306427056856135,0.0,-0.029182667990329685,-0.007761393940417643,-0.03130622792120797,0.03130622792120797,True,Q4_worst_basis_fit
100049,5,0.3637311468230257,0.1720975139672397,0.1576073243588243,0.1994406103175448,-0.04183328595872049,False,1.5907701059716757,1.3299390012436765,0.8360346955547809,0.3010459878286247,1.3299390012436765,0.8360346955547809,0.3010459878286247,0.0,-0.06828929645738875,0.002339829294420752,-0.05284466324609163,0.05284466324609163,True,Q4_worst_basis_fit
100050,1,0.08223161153250826,0.08223161153250826,1.5521607719879676e-17,0.0,1.5521607719879676e-17,True,0.43420649264193895,1.08560572683365e-16,2.5002061121386234e-16,1.0,1.08560572683365e-16,2.5002061121386234e-16,1.0,0.0,-3.359807385803984e-19,0.008490803545941302,1.1384122811097797e-18,0.007075669621617753,True,Q1_best_basis_fit
100050,2,0.09193812879280837,0.020907132138907412,0.01612653354743808,0.0209071321389073,-0.004780598591469221,False,0.22954317828330256,0.12885188338939846,0.5613405040090943,0.684896838558816,0.12885188338939846,0.5613405040090943,0.684896838558816,0.0,-0.023769054118365766,0.000555954164325483,0.023330549098542264,0.023330549098542264,True,Q3
100050,3,0.10546959186680954,0.19904727078732184,0.01612653354743872,0.0165143484769541,-0.0003878149295153781,False,0.999564672214397,0.12885188338939846,0.12890800062385654,0.9833827273751597,0.12885188338939846,0.12890800062385654,0.9833827273751597,0.0,-9.33954999349847e-19,-0.019383163200318618,3.144186300207963e-18,0.016152636000265515,True,Q1_best_basis_fit
100050,4,0.9380852093127564,0.840996360613377,0.02662931788594262,0.0903093264374495,-0.06368000855150688,False,6.841593238419818,0.2510177174190075,0.036689950523422867,0.9986538475305888,0.2510177174190075,0.036689950523422867,0.9986538475305888,0.0,-0.5476951311388317,-0.05392891243610159,-0.23323687748048716,0.23323687748048716,True,Q1_best_basis_fit
100050,5,0.9401570492448288,0.04444957417625266,0.051868540664866854,0.1102959138469973,-0.05842737318213045,False,0.4451519678018265,0.43088001253058306,0.9679391392074065,0.06309382279042497,0.43088001253058306,0.9679391392074065,0.06309382279042497,0.0,3.854884050472989e-17,0.001335890096532211,-0.019193797121848346,0.019193797121848346,True,Q4_worst_basis_fit
100051,1,0.12190390890073716,0.12190390890073716,8.346587106972282e-17,0.0,8.346587106972282e-17,True,1.7501701745440863,8.568339948907339e-16,4.895718184169928e-16,1.0,8.568339948907339e-16,4.895718184169928e-16,1.0,0.0,-0.17414844128676746,2.8039378431931417e-18,-6.515270594172573e-18,0.06965937651470698,True,Q1_best_basis_fit
100051,2,0.32826934305450545,0.20636915033721692,0.006515261083438054,0.0114795127812647,-0.004964251697826646,False,2.9127231470655235,0.04979062249407366,0.017094182996498015,0.9997077889076822,0.04979062249407366,0.017094182996498015,0.9997077889076822,0.0,-0.2848401879883814,0.0,-0.01641180511073608,0.11393607519535257,True,Q1_best_basis_fit
100051,3,0.5117722564187507,0.1885458861148106,0.016785062741714585,0.0259421363000691,-0.009157073558354514,False,2.5587493329102577,0.12827401877055103,0.050131529931716816,0.9974868297067054,0.12827401877055103,0.050131529931716816,0.9974868297067054,0.0,-0.2464203246460116,1.987846675914698e-16,-0.02586941354813402,0.09856812985840464,True,Q1_best_basis_fit
100051,4,0.8681992273578832,0.36341878543976885,0.009681539214929815,0.0596855267570165,-0.05000398754208669,False,4.2604670230436446,0.11455312669905363,0.026887457661206766,0.9992770646205168,0.11455312669905363,0.026887457661206766,0.9992770646205168,0.0,-0.40045723608653844,-0.009768392123186805,-0.06634663196761022,0.16018289443461536,True,Q1_best_basis_fit
100051,5,1.0717074159474038,0.31499743846174566,0.03340710170867289,0.1011841364483414,-0.0677770347396685,False,3.585850502552484,0.33212740288149095,0.09262165353660887,0.9914212292961444,0.33212740288149095,0.09262165353660887,0.9914212292961444,0.0,-0.3383102220233912,0.008908764457243533,-0.04597459578182775,0.13532408880935648,True,Q1_best_basis_fit
100052,1,0.721532479403315,0.721532479403315,6.145684198520355e-16,0.0,6.145684198520355e-16,True,10.359016678003268,5.55555424028711e-15,5.3630131246761925e-16,1.0,5.55555424028711e-15,5.3630131246761925e-16,1.0,0.0,-1.0307606848618793,1.440826307457232e-17,-3.3893288477138706e-16,0.4123042739447517,True,Q1_best_basis_fit
100052,2,1.0043423832690226,0.28423757705036207,0.042730866098458484,0.0307014464566814,0.012029419641777082,True,2.274612679740378,0.3752246152747278,0.16496198171090629,0.9727875445900106,0.3752246152747278,0.16496198171090629,0.9727875445900106,0.0,-0.20901970337448955,-0.015403099670288273,2.8557885223268187e-16,0.08360788134979583,True,Q1_best_basis_fit
100052,3,1.1165764237278473,0.7448243923414712,0.06829357032086389,0.0947813058294157,-0.02648773550855181,False,4.371635072103849,0.5122737112441861,0.11718126119746186,0.9862685520241722,0.5122737112441861,0.11718126119746186,0.9862685520241722,0.0,0.3409837210389586,0.06774828003845695,-0.43461295516363607,0.43461295516363607,True,Q1_best_basis_fit
100052,4,1.4344753304347901,0.3649396710128765,0.05563987860930623,0.1616382815412551,-0.10599840293194887,False,4.522970526143732,0.4730291527553038,0.10458373540598918,0.98906224228853,0.4730291527553038,0.10458373540598918,0.98906224228853,0.0,-0.38331213954563814,-1.5902773407317584e-15,-0.1978159286355097,0.1978159286355097,True,Q1_best_basis_fit
100052,5,1.6247449849577345,0.2430451913451538,0.10276538804941125,0.1546106614858594,-0.05184527343644814,False,2.7541722718264943,0.857841223779301,0.3114697045477128,0.9029866231489605,0.857841223779301,0.3114697045477128,0.9029866231489605,0.0,-0.2727759619710844,0.0022348382872938726,0.04384358561399209,0.10911038478843375,True,Q2
100053,1,0.36908383311015935,0.36908383311015935,7.669629897459163e-17,0.0,7.669629897459163e-17,True,2.970887558167663,5.640599496620651e-16,1.898624362646552e-16,1.0,5.640599496620651e-16,1.898624362646552e-16,1.0,0.0,-0.2727759619710842,0.022390784583894596,-9.784924606681678e-17,0.10911038478843368,True,Q1_best_basis_fit
100053,2,0.950775379110134,0.5894277595327454,0.06668640607884577,0.4516547885456757,-0.38496838246682996,False,5.566719251714871,0.5855809476768942,0.10519318851880331,0.9889343930892475,0.5855809476768942,0.10519318851880331,0.9889343930892475,0.0,-0.5630040766081811,0.02715796965314636,0.10418226698910811,0.22520163064327242,True,Q1_best_basis_fit
100053,3,1.0589620668154962,0.37889958981162586,0.1909395140763861,0.2856018513905768,-0.09466233731419071,False,2.6321535515245005,1.5809769181292344,0.6006400793804595,0.6392314950418353,1.5809769181292344,0.6006400793804595,0.6392314950418353,0.0,0.19170638174934604,0.028639442432831227,-0.19139202764827984,0.19139202764827984,True,Q3
100053,4,1.305942840812031,0.37040297383183807,0.20198737291323593,0.202260593812959,-0.0002732208997230645,False,3.9565609572807117,1.667355802741089,0.4214154213074577,0.822409042684258,1.667355802741089,0.4214154213074577,0.822409042684258,0.0,-0.3318348134797676,0.003079495423565213,-0.07977897508088969,0.13273392539190704,True,Q2
100053,5,1.5232245647269893,0.3699175049971683,0.26886696509011315,0.2218233624573337,0.04704360263277946,True,3.562629162596223,2.2237251084393774,0.6241809088035603,0.6103981930851615,2.2237251084393774,0.6241809088035603,0.6103981930851615,0.0,-0.26969014988725737,0.0031013561219496587,-0.022523508693958402,0.10787605995490294,True,Q3
100054,1,0.23450914551710952,0.23450914551710952,0.10862017796694826,0.0780418672133533,0.03057831075359496,True,2.9134612786192027,0.953806187658598,0.32737905070447415,0.8928229571598374,0.953806187658598,0.32737905070447415,0.8928229571598374,0.0,-0.27277596197108434,0.004924970544543892,-1.0308052154905933e-16,0.10911038478843374,True,Q2
100054,2,0.42033931166781185,0.25889740107594855,0.1095150307595443,0.0823789271641522,0.027136103595392105,True,2.8188511888794343,0.9545404542664354,0.33862747279181127,0.8853314346706311,0.9545404542664354,0.33862747279181127,0.8853314346706311,0.0,-0.2602054994951787,0.0,-0.012338555439565739,0.10408219979807147,True,Q2
100054,3,0.6746421150567236,0.3239496679077303,0.19579542756111495,0.2310898458276734,-0.035294418266558436,False,3.36791832817679,1.622871035069343,0.4818617546310507,0.7678092494238851,1.622871035069343,0.4818617546310507,0.7678092494238851,0.0,-0.22638948654205748,0.003125755638725535,-0.19694293824671347,0.19694293824671347,True,Q3
100054,4,1.1202699294641079,0.5609397845606693,0.3375210468516935,0.290529935509239,0.046991111342454484,True,4.2927808598832495,2.8388114406600913,0.6612989419490886,0.5626837093770161,2.8388114406600913,0.6612989419490886,0.5626837093770161,0.0,-0.2140137389840128,0.04618249757583668,-0.01259229740775522,0.08560549559360511,True,Q3
100054,5,1.4190304732585715,0.5441391485936884,0.3375210468516936,0.2726584412975305,0.06486260555416312,True,5.168874974411583,2.8388114406600913,0.5492126342218709,0.6983654824110734,2.8388114406600913,0.5492126342218709,0.6983654824110734,0.0,-0.4298102057018913,2.2795651640834932e-17,-6.88437339339696e-17,0.17192408228075653,True,Q3
100055,1,0.2469921184612847,0.2469921184612847,1.6170134842039143e-15,3.128069921957626e-17,1.585732784984338e-15,True,2.4547851373361396,8.526610406758385e-15,3.4734650609833866e-15,1.0,8.526610406758385e-15,3.4734650609833866e-15,1.0,0.0,-0.2727759619710843,0.008899046116099334,0.12296629673404647,0.12296629673404647,True,Q1_best_basis_fit
100055,2,0.3560423468927738,0.4479497105333803,2.6793256597293783e-16,0.0,2.6793256597293783e-16,True,6.431198393396521,2.0045598609095038e-15,3.1169305287919004e-16,1.0,2.0045598609095038e-15,3.1169305287919004e-16,1.0,0.0,0.6399281579048272,1.5894118911589014e-16,3.2153933251990125e-16,0.25597126316193086,True,Q1_best_basis_fit
100055,3,0.28486607420829463,0.31154836969013666,1.9022462345959567e-16,0.0,1.9022462345959567e-16,True,2.8496960469136887,1.396356500216774e-15,4.900019080031613e-16,1.0,1.396356500216774e-15,4.900019080031613e-16,1.0,0.0,-0.27277596197108445,0.015218682674879809,-3.198938509918481e-16,0.10911038478843378,True,Q1_best_basis_fit
100055,4,0.551000278989592,0.4561336574341241,0.021642107169125617,0.0676303755032432,-0.04598826833411759,False,5.687524985411535,0.21173217259121624,0.03722747119956535,0.9986141153880855,0.21173217259121624,0.03722747119956535,0.9986141153880855,0.0,-0.5350971035416802,0.008603084648166167,-0.09335112240721948,0.21403884141667207,True,Q1_best_basis_fit
100055,5,0.7385249096155712,0.19454680679349926,0.018699703079827917,0.0436402137221051,-0.024940510642277185,False,2.6920397731514227,0.19362083424546248,0.07192346717032387,0.9948270148701993,0.19362083424546248,0.07192346717032387,0.9948270148701993,0.0,-0.26484083188794416,-5.466578358765419e-16,-0.007788738293332849,0.10593633275517766,True,Q1_best_basis_fit
100056,1,0.7282759942550909,0.7282759942550909,0.1456045417693089,0.1312189521758297,0.014385589593479187,True,8.564510393185433,1.2338783135916982,0.14406875080371953,0.9792441950418558,1.2338783135916982,0.14406875080371953,0.9792441950418558,0.0,-0.8217673964299224,-0.006190948486473505,-0.06919798053409454,0.32870695857196897,True,Q1_best_basis_fit
100056,2,1.426680761213306,0.8034837824904653,0.24138346477106495,0.1883307004955018,0.05305276427556316,True,6.400442764323427,2.0720061187452163,0.32372855988881616,0.8951998195123132,2.0720061187452163,0.32372855988881616,0.8951998195123132,0.0,-0.5416031830029384,-0.03597364945959388,-0.10515938442391361,0.21664127320117538,True,Q2
100056,3,2.0223524343921193,0.8024998592297707,0.31006464496561514,0.2328796956795959,0.07718494928601924,True,4.7288031257700105,2.665628940637519,0.5637005537640063,0.6822416856861526,2.665628940637519,0.5637005537640063,0.6822416856861526,0.0,-0.2895447715592296,-0.05199315051821955,0.01645944905809453,0.11581790862369183,True,Q3
100056,4,2.619436348839699,0.8786395199337057,0.47312004110457434,0.3457755586361032,0.12734448246847113,True,5.411183267334024,4.096120243337839,0.756973113083252,0.42699170606905024,4.096120243337839,0.756973113083252,0.42699170606905024,0.0,-0.2727759619710843,-0.0436716150511093,-4.933119884809045e-17,0.10911038478843371,True,Q3
100056,5,2.8886383440421106,0.6333823061813348,0.47312004110457434,0.3437781326231672,0.12934190848140714,True,5.656273784749152,4.09612024333784,0.724172909448282,0.4755735972212103,4.09612024333784,0.724172909448282,0.4755735972212103,0.0,-0.38813124349862227,8.684057767943304e-18,6.711882374921719e-17,0.1552524973994489,True,Q3
100057,1,0.2517908346172475,0.2517908346172475,0.023424572735425944,0.070153587622148,-0.046729014886722056,False,1.4867246166225518,0.2248179857399908,0.15121696595750075,0.9771334292066081,0.2248179857399908,0.15121696595750075,0.9771334292066081,0.0,0.13128092902138247,-0.019226560155732767,-0.09226685440271293,0.09226685440271293,True,Q1_best_basis_fit
100057,2,0.25425720750436925,0.20024536494254158,0.023974733456125132,0.046069111884642,-0.02209437842851687,False,2.761258064447839,0.2283527985088509,0.08269882538288358,0.9931609042802914,0.2283527985088509,0.08269882538288358,0.9931609042802914,0.0,-0.27424253634701357,-9.318031293350146e-16,0.0014395181782956936,0.10969701453880543,True,Q1_best_basis_fit
100057,3,0.42129985961051425,0.4630157834673191,0.023974733456125177,0.0358044879960706,-0.01182975453994542,False,3.2993005460467906,0.22835279850885085,0.06921248771424061,0.9952096315444061,0.22835279850885085,0.06921248771424061,0.9952096315444061,0.0,-0.2727759619710842,0.035620587410415794,3.350184712980209e-17,0.10911038478843368,True,Q1_best_basis_fit
100057,4,0.6450546341912122,0.22991903846220255,0.03165390995690244,0.0620498609724382,-0.030395951015535758,False,3.1544365773359813,0.31550489491983885,0.10001941303454338,0.9899961170162254,0.31550489491983885,0.10001941303454338,0.9899961170162254,0.0,-0.2877145297685386,0.0,-0.07852038317213197,0.11508581190741544,True,Q1_best_basis_fit
100057,5,0.9644004480896391,0.344142406302373,0.07770322715563792,0.1369568282004799,-0.059253601044841994,False,4.336951642813746,0.6995232107598778,0.16129375385565473,0.9739843249671515,0.6995232107598778,0.16129375385565473,0.9739843249671515,0.0,-0.39670019543997287,0.0004656731490596458,-0.09376931948701138,0.15868007817598914,True,Q1_best_basis_fit
100058,1,0.23784064116354092,0.23784064116354092,0.11661114832628289,0.0837832520956245,0.03282789623065839,True,2.9388285329617445,1.023975810989993,0.3484299269267107,0.878596586021847,1.023975810989993,0.3484299269267107,0.878596586021847,0.0,-0.2727759619710842,0.005287290825755833,-9.783569353966071e-17,0.10911038478843368,True,Q2
100058,2,0.5779416345130323,0.34925481013872534,0.1680857915338964,0.1257289717041873,0.042356819829709125,True,3.4640460129138106,1.4662662929568662,0.4232814135524442,0.8208328449410447,1.4662662929568662,0.4232814135524442,0.8208328449410447,0.0,-0.2947179050283171,0.017227642599742528,-0.016634290325014275,0.11788716201132683,True,Q2
100058,3,0.8256323003403545,0.37557478610389505,0.175722484047203,0.1716086695387378,0.004113814508465208,True,3.988116800967115,1.4829665315283502,0.3718463138212833,0.8617303188975237,1.4829665315283502,0.3718463138212833,0.8617303188975237,0.0,-0.3338471039884998,7.951386703658792e-16,-0.10929312860360076,0.13353884159539992,True,Q2
100058,4,1.4131127260962129,0.6226998839639543,0.2930829141979889,0.3550454769450889,-0.06196256274710005,False,5.749697836811521,2.4190923605743877,0.42073382449535623,0.8229830489255108,2.4190923605743877,0.42073382449535623,0.8229830489255108,0.0,-0.40688090329925297,0.03598741686593418,-0.23999467039241265,0.23999467039241265,True,Q2
100058,5,1.521741340883885,0.31278852297184284,0.318882903829094,0.3667027215574922,-0.04781981772839816,False,2.8185663554722726,2.628481150701008,0.9325596133643572,0.13033256752172062,2.628481150701008,0.9325596133643572,0.13033256752172062,0.0,-0.06029796669162775,0.004957521843459692,-0.10357884541363148,0.10357884541363148,True,Q4_worst_basis_fit
100059,1,0.17439206993593254,0.17439206993593254,0.02299550508604653,0.0405167484719752,-0.01752124338592867,False,2.3371451566582127,0.1757351698016228,0.0751922358356634,0.9943461276700339,0.1757351698016228,0.0751922358356634,0.9943461276700339,0.0,-0.21376204794224163,0.0,-0.057925191801520906,0.08550481917689665,True,Q1_best_basis_fit
100059,2,0.8246127808969503,0.6506307321123901,0.016864862336309076,0.0964791068353737,-0.07961424449906462,False,9.070197567880328,0.20010644426706195,0.02206197194377389,0.9995132693939521,0.20010644426706195,0.02206197194377389,0.9995132693939521,0.0,-0.8629791624375619,0.0,-0.12829362810189074,0.34519166497502474,True,Q1_best_basis_fit
100059,3,1.117717501416509,0.5667597982861424,0.016864862336309183,0.0727020565319245,-0.05583719419561532,False,2.992247424179573,0.20010644426706198,0.06687496583673323,0.9955277389443358,0.20010644426706198,0.06687496583673323,0.9955277389443358,0.0,0.11537127030175463,0.05379917077926501,5.157549734513545e-16,0.046148508120701856,True,Q1_best_basis_fit
100059,4,1.3120612627212738,0.2110702737482391,0.022013945997954348,0.083463984611389,-0.06145003861343465,False,2.861492081541714,0.26697731634571764,0.09330003674232629,0.9912951031438806,0.26697731634571764,0.09330003674232629,0.9912951031438806,0.0,-0.2899600155476997,0.0,0.022087246706092696,0.11598400621907987,True,Q1_best_basis_fit
100059,5,1.5936871278580842,0.2767277928418641,0.0220139459979544,0.074092811637614,-0.0520788656396596,False,2.8161060809407394,0.2669773163457177,0.09480371430345128,0.9910122557542695,0.2669773163457177,0.09480371430345128,0.9910122557542695,0.0,-0.2727759619710842,0.011470784251321395,1.81603863891322e-18,0.10911038478843368,True,Q1_best_basis_fit
100060,1,0.36598253245181567,0.36598253245181567,2.346336373238467e-17,0.0,2.346336373238467e-17,True,2.963348851612836,3.078242246215395e-16,1.0387714711820133e-16,1.0,3.078242246215395e-16,1.0387714711820133e-16,1.0,0.0,-0.2727759619710843,0.0220054657212801,-4.933119884809045e-17,0.10911038478843371,True,Q1_best_basis_fit
100060,2,0.5839190173589179,0.25264802764048233,0.02081740984511552,0.0623454695259757,-0.04152805968086018,False,3.4650030547341277,0.19979566767614249,0.057661036518616565,0.9966752048675988,0.19979566767614249,0.057661036518616565,0.9966752048675988,0.0,-0.31859478322887075,7.951386703658792e-16,-0.08199752221375904,0.1274379132915483,True,Q1_best_basis_fit
100060,3,1.03615490865212,0.7928226016562105,0.011134026835704216,0.0387205518341075,-0.02758652499840328,False,5.664471373556014,0.1337652477616249,0.023614780434074365,0.9994423421450505,0.1337652477616249,0.023614780434074365,0.9994423421450505,0.0,-0.47077780101177036,-0.05781554514785105,-0.03247212839225253,0.18831112040470815,True,Q1_best_basis_fit
100060,4,0.9990738047170846,0.5103552650882145,0.011134026835703333,0.0367969562671327,-0.025662929431429365,False,3.417892272581699,0.13376524776162485,0.03913676532016192,0.9984683136002745,0.13376524776162485,0.03913676532016192,0.9984683136002745,0.0,-0.2727759619710842,0.039831340670782964,1.8171228410857054e-16,0.10911038478843368,True,Q1_best_basis_fit
100060,5,0.9590689191092949,0.04830700013899555,0.011134026835705758,0.0377884685901192,-0.026654441754413442,False,0.5068204219879263,0.13376524776162485,0.2639302639719034,0.9303408157597214,0.13376524776162485,0.2639302639719034,0.9303408157597214,0.0,0.027808442239852578,-3.975693351829396e-16,0.05611998729560666,0.05611998729560666,True,Q2
100061,1,0.4668919539491977,0.4668919539491977,0.07464174899076052,0.0536289073755882,0.02101284161517232,True,2.667274720248404,0.6554377223236609,0.24573311378387744,0.93961523679008,0.6554377223236609,0.24573311378387744,0.93961523679008,0.0,-0.17095039662049505,-0.0377823406117122,-4.423544863740858e-17,0.06838015864819802,True,Q2
100061,2,0.5637196960235061,0.16138881440858374,0.07590914134775371,0.0596627741283351,0.016246367219418613,True,1.7286255100467713,0.6573716001231207,0.3802857219811214,0.8553827696572972,0.6573716001231207,0.3802857219811214,0.8553827696572972,0.0,-0.15402997914076602,0.0,-0.016608260001125814,0.06161199165630641,True,Q2
100061,3,0.740812662721763,0.271921026987761,0.08801815404279223,0.1390262432469141,-0.051008089204121865,False,3.08150029797205,0.7251373260044348,0.23531957030205422,0.9446246998328566,0.7251373260044348,0.23531957030205422,0.9446246998328566,0.0,-0.2510729848585329,0.0,-0.14338766315940266,0.14338766315940266,True,Q2
100061,4,0.8354348517043466,0.1621647472819593,0.08801815404279223,0.1069203191608318,-0.018902165118039577,False,1.8740335292722998,0.7251373260044348,0.3869393555012917,0.850277935164245,0.7251373260044348,0.3869393555012917,0.850277935164245,0.0,-0.170950396620495,0.003634749525518694,3.247185506594086e-17,0.06838015864819799,True,Q2
100061,5,1.4137567859586289,0.6426763359089545,0.1679208489179447,0.1473308055193225,0.020590043398622193,True,7.8918666210328885,1.4014962909250612,0.1775874274395217,0.9684627056154126,1.4014962909250612,0.1775874274395217,0.9684627056154126,0.0,-0.8160745139226208,0.003672781074733977,0.1522561237650733,0.3264298055690483,True,Q1_best_basis_fit
100062,1,0.1582234074147564,0.1582234074147564,0.09480757118788967,0.0681177293202119,0.02668984186767777,True,1.9217271965843237,0.8325161100675816,0.4332124307483888,0.8123269898450725,0.8325161100675816,0.4332124307483888,0.8123269898450725,0.0,-0.170950396620495,0.0042986902112797,-3.187554387107383e-17,0.06838015864819799,True,Q2
100062,2,0.46426047710772245,0.3887770730232532,0.09480757118788968,0.0681177293202119,0.026689841867677783,True,2.3924225621111086,0.8325161100675819,0.34798037907356866,0.8789096557798155,0.8325161100675819,0.34798037907356866,0.8789096557798155,0.0,-0.17095039662049497,-0.0281953220491308,-4.5211230592645535e-17,0.06838015864819799,True,Q2
100062,3,0.9507801517234855,0.5654431225357177,0.2275379312535063,0.2440060281430094,-0.016468096889503098,False,6.589389219700913,1.8934732407995427,0.2873518588245552,0.9174289092300729,1.8934732407995427,0.2873518588245552,0.9174289092300729,0.0,-0.5715658727339167,0.005166098689824289,-0.17741159447407004,0.22862634909356666,True,Q2
100062,4,0.920482171751079,0.4158089303871635,0.418992719164176,0.4788966865092108,-0.05990396734503478,False,3.9383957945732146,3.46097327065831,0.8787774137447655,0.22775025709206131,3.46097327065831,0.8787774137447655,0.22775025709206131,0.0,0.23860575438302137,0.007363538465878558,-0.28328591509505047,0.28328591509505047,True,Q4_worst_basis_fit
100062,5,1.1439242011774347,0.5822906541220074,0.4189927191641796,0.4022069779255969,0.016785741238582674,True,3.949196405001897,3.46097327065831,0.8763740558141847,0.23196851429579635,3.46097327065831,0.8763740558141847,0.23196851429579635,0.0,-0.17095039662049502,-0.015960666017924334,-9.27534958561349e-17,0.068380158648198,True,Q4_worst_basis_fit
100063,1,0.0648990203818889,0.0648990203818889,8.74505199539632e-18,0.0,8.74505199539632e-18,True,0.9317529753865329,1.249000902703301e-16,1.34048501662703e-16,1.0,1.249000902703301e-16,1.34048501662703e-16,1.0,0.0,-0.09271288625984128,-5.591697194683218e-19,-3.152066662071186e-17,0.03708515450393651,True,Q1_best_basis_fit
100063,2,0.4633047288598249,0.40856899482344927,8.995727965837101e-17,0.0,8.995727965837101e-17,True,2.469781213522454,7.06405300511493e-16,2.8601938367812055e-16,1.0,7.06405300511493e-16,2.8601938367812055e-16,1.0,0.0,-0.17095039662049505,-0.034696286339163794,7.589415207398531e-19,0.06838015864819802,True,Q1_best_basis_fit
100063,3,0.7442381923117041,0.37788305440488684,0.17655416468019008,0.2687458784295728,-0.09219171374938273,False,4.28410103625792,1.4534598250436968,0.33926833488345226,0.8848969969454097,1.4534598250436968,0.33926833488345226,0.8848969969454097,0.0,-0.28043195055202946,0.006867899996758657,-0.3393676389968031,0.3393676389968031,True,Q2
100063,4,0.9278403470919545,0.3150415377593084,0.17933718030317708,0.2174612566794863,-0.03812407637630921,False,2.447170148142903,1.4785141692197028,0.6041730160617196,0.6349749666628852,1.4785141692197028,0.6041730160617196,0.6349749666628852,0.0,-0.19817054287009067,-0.007304781482711468,0.02671797352066258,0.07926821714803627,True,Q3
100063,5,1.1259090755446648,0.32965333209042874,0.1942587026123257,0.2545393153098255,-0.06028061269749979,False,3.208358769394386,1.6337198518230753,0.5092073453279847,0.7407078794640265,1.6337198518230753,0.5092073453279847,0.7407078794640265,0.0,-0.2544236418423923,0.0,-0.06510702114884266,0.10176945673695692,True,Q3
100064,1,0.4710485216350797,0.4710485216350797,0.03852029469532765,0.0898081364749273,-0.05128784177959965,False,6.631432845953715,0.33697344386113326,0.05081457532465906,0.9974178789345746,0.33697344386113326,0.05081457532465906,0.9974178789345746,0.0,-0.6354124238894729,0.0,-0.07734419831566264,0.25416496955578916,True,Q1_best_basis_fit
100064,2,0.570703974744564,0.11461873100866168,0.06609546111687757,0.1179890586538056,-0.05189359753692803,False,1.350978796925523,0.5798589710513876,0.4292139686951388,0.8157753690769685,0.5798589710513876,0.4292139686951388,0.8157753690769685,0.0,-0.11857274256923629,0.0012978207107353045,-0.00881006728953663,0.04742909702769452,True,Q2
100064,3,0.7172843040414991,0.17290064507393987,0.10714319542143019,0.1139470056117463,-0.006803810190316104,False,1.957189910939341,0.9184714541548039,0.4692807013878328,0.7797756233049438,0.9184714541548039,0.4692807013878328,0.7797756233049438,0.0,-0.17095039662049502,0.00367789040485577,-9.27128382746667e-17,0.068380158648198,True,Q2
100064,4,0.9319436773152958,0.27123200125620556,0.19651083493084,0.1581553185088535,0.03835551642198651,True,2.8327251844046666,1.6275846382323864,0.5745649621053671,0.669875104320858,1.6275846382323864,0.5745649621053671,0.669875104320858,0.0,-0.17095039662049502,0.004174684774614957,-0.17086326002601251,0.17086326002601251,True,Q3
100064,5,1.073855274623158,0.3019835951956596,0.252340712983101,0.1919221569056303,0.06041855607747071,True,2.7157173743147305,2.099117613312598,0.7729514246092262,0.40254609519456763,2.099117613312598,0.7729514246092262,0.40254609519456763,0.0,-0.17095039662049505,0.0025644525190811986,5.5416283541165345e-17,0.06838015864819802,True,Q4_worst_basis_fit
100065,1,0.14700252335579925,0.14700252335579925,0.0323230891853541,0.0232236245727399,0.0090994646126142,True,1.867205831060148,0.2838327375840833,0.15200934619132528,0.9768931586704859,0.2838327375840833,0.15200934619132528,0.9768931586704859,0.0,-0.17095039662049497,0.0014655680508307359,-0.04027206304927771,0.06838015864819799,True,Q1_best_basis_fit
100065,2,0.32701833645768,0.21054258428690062,0.04922789097935047,0.0864675021909755,-0.03723961121162503,False,2.58351077324902,0.43693199345133804,0.1691233487297802,0.9713972929144251,0.43693199345133804,0.1691233487297802,0.9713972929144251,0.0,-0.24713042830947135,-1.987846675914698e-16,-0.02059484939767689,0.09885217132378854,True,Q1_best_basis_fit
100065,3,0.3116533193553391,0.057826761648453455,0.04922789097934916,0.0673556672074786,-0.018127776228129437,False,0.48955406498367104,0.436931993451338,0.8925101938759548,0.2034255538275057,0.436931993451338,0.8925101938759548,0.2034255538275057,0.0,0.021970640995411794,-1.6743948883785404e-16,7.252468146911684e-17,0.008788256398164718,True,Q4_worst_basis_fit
100065,4,0.4442214087507295,0.16774530999273246,0.08057566275148473,0.077900221758428,0.0026754409930567213,True,1.8450576597918724,0.6682086693953113,0.3621614023003959,0.8688391186838108,0.6682086693953113,0.3621614023003959,0.8688391186838108,0.0,-0.17095039662049505,0.0015281633087920196,-4.4204955451307426e-17,0.06838015864819802,True,Q2
100065,5,0.7994043670111379,0.39999119626228014,0.08057566275148473,0.0741898830985144,0.006385779652970325,True,5.022029277204043,0.6682086693953112,0.13305551053404627,0.9822962311165243,0.6682086693953112,0.13305551053404627,0.9822962311165243,0.0,-0.47421201911334915,0.0,-0.0687468916698945,0.18968480764533965,True,Q1_best_basis_fit
100066,1,0.5474301770482703,0.5474301770482703,9.832519201132249e-17,0.0,9.832519201132249e-17,True,3.0658084228322475,5.442900511648723e-16,1.775355717308806e-16,1.0,5.442900511648723e-16,1.775355717308806e-16,1.0,0.0,-0.170950396620495,-0.04965349798591699,-3.198396408832238e-17,0.06838015864819799,True,Q1_best_basis_fit
100066,2,0.6387347938123147,0.1388581852877798,0.048382167623778526,0.0347618165598851,0.013620351063893428,True,1.7733329559085846,0.42484933937355046,0.23957674612541935,0.9426029827159563,0.42484933937355046,0.23957674612541935,0.9426029827159563,0.0,-0.17095039662049505,0.0021937061359926973,-4.4208343583096443e-17,0.06838015864819802,True,Q2
100066,3,1.514875522921589,0.9000645412726144,0.05371055997065655,0.1908786936703544,-0.13716813369969785,False,9.78460360806671,0.45567921981684356,0.04657104549857987,0.9978311377211692,0.45567921981684356,0.04657104549857987,0.9978311377211692,0.0,-0.9781955739381907,-0.02779519340091754,0.05430832879697781,0.39127822957527625,True,Q1_best_basis_fit
100066,4,1.6558789765868291,0.6072542653558515,0.18164188598098646,0.2061395625412747,-0.02449767656028823,False,5.436735764808559,1.5662744834434272,0.288090970611771,0.9170035926519676,1.5662744834434272,0.288090970611771,0.9170035926519676,0.0,-0.48817003087975713,0.03407004524034794,3.9237276622250405e-16,0.19526801235190286,True,Q2
100066,5,1.9763803613139688,0.45430670108877924,0.18164188598098652,0.183462689189476,-0.0018208032084894854,False,2.8842229618455972,1.5662744834434272,0.5430490305926895,0.7050977503723401,1.5662744834434272,0.5430490305926895,0.7050977503723401,0.0,-0.20241777837482697,-0.02569987550861699,3.800128614561693e-17,0.08096711134993079,True,Q3
100067,1,0.1642871441286251,0.1642871441286251,0.03393985458251133,0.0341721405588613,-0.00023228597634997183,False,1.7524072584087518,0.28777754446726467,0.16421841617374772,0.9730323117893858,0.28777754446726467,0.16421841617374772,0.9730323117893858,0.0,-0.16272628187780816,-0.003474380466998447,-0.02720734398084916,0.06509051275112326,True,Q1_best_basis_fit
100067,2,0.42350212433948026,0.2824473932013077,0.053223606296955335,0.1549285969019638,-0.10170499060500848,False,3.4799699959783523,0.490980150411577,0.14108746655257978,0.9800943267817747,0.490980150411577,0.14108746655257978,0.9800943267817747,0.0,-0.27870239912170813,0.0,-0.19283335922066583,0.19283335922066583,True,Q1_best_basis_fit
100067,3,0.6584380198052893,0.4350274149356475,0.17928686078887568,0.2532216780941188,-0.0739348173052431,False,2.623125063951483,1.4817247640219189,0.5648700416097754,0.6809218360917706,1.4817247640219189,0.5648700416097754,0.6809218360917706,0.0,0.018325389126727588,0.041320270721249164,-0.12304106710878594,0.12304106710878594,True,Q3
100067,4,0.8680391014397028,0.2587600056202169,0.19327163252444954,0.2525294490294136,-0.05925781650496406,False,2.8300110139946186,1.609206009693803,0.5686218186912197,0.6766692273082896,1.609206009693803,0.5686218186912197,0.6766692273082896,0.0,-0.20755468863741544,0.0078036026820048595,-0.06550716856921056,0.08302187545496617,True,Q3
100067,5,1.03920445349236,0.33210271493574905,0.2892793996043854,0.2869576700244049,0.0023217295799805027,True,3.0419075572642407,2.3835369369174018,0.7835665259535537,0.38602349940507885,2.3835369369174018,0.7835665259535537,0.38602349940507885,0.0,-0.18117897305215294,0.004368470637451367,-0.01830509603141464,0.07247158922086118,True,Q4_worst_basis_fit
100068,1,0.22688398351571593,0.22688398351571593,0.11127144802370441,0.0830793033472941,0.028192144676410305,True,1.3271959381766356,0.9709237897204331,0.731560248032656,0.4648196034983988,0.9709237897204331,0.731560248032656,0.4648196034983988,0.0,-0.0633754684400487,-0.013129855022596362,0.010515200743251317,0.02535018737601948,True,Q3
100068,2,0.458954209934606,0.33290566612494765,0.19036376247720957,0.203603835306465,-0.013240072829255434,False,3.5629571044385715,1.5815720384180194,0.4438930899414332,0.8029589247022466,1.5815720384180194,0.4438930899414332,0.8029589247022466,0.0,-0.2723735016213156,0.0028333205020408,-0.13859054652819905,0.13859054652819905,True,Q2
100068,3,0.6561511655811663,0.34283268283919355,0.19036376247721476,0.1704716417766584,0.01989212070055635,True,2.412944474578561,1.5815720384180194,0.6554531424492281,0.5703811780534318,1.5815720384180194,0.6554531424492281,0.5703811780534318,0.0,-0.1709503966204949,-0.011883488192614486,-7.237049501340742e-18,0.06838015864819796,True,Q3
100068,4,0.9239513866108501,0.40654579082088876,0.21785411896990187,0.3039823993850294,-0.08612828041512754,False,4.239527766750709,1.824359944318254,0.43032149915991563,0.8148234073607628,1.824359944318254,0.43032149915991563,0.8148234073607628,0.0,-0.3020242141766532,0.0,-0.23457016072574724,0.23457016072574724,True,Q2
100068,5,1.0505705063908006,0.2954650837407845,0.21924948183178394,0.2422683091839409,-0.023018827352156962,False,2.5797951961057186,1.8416388502141021,0.7138701758163258,0.490389372079968,1.8416388502141021,0.7138701758163258,0.490389372079968,0.0,-0.18332931692349747,0.0,0.012150546945533785,0.07333172676939899,True,Q3
100069,1,0.29812123144514946,0.29812123144514946,0.10168889778993045,0.1811986295135902,-0.07950973172365974,False,3.6312936840754015,0.8569473921229223,0.23598955817893805,0.9443089284305096,0.8569473921229223,0.23598955817893805,0.9443089284305096,0.0,-0.291267641307699,0.00359228870824699,-0.18026154980137807,0.18026154980137807,True,Q2
100069,2,0.6452741713185168,0.4204169267401553,0.10168889778993552,0.1301184424231942,-0.028429544633258683,False,5.070692370177835,0.8569473921229223,0.16900007524867222,0.9714389745659431,0.8569473921229223,0.16900007524867222,0.9714389745659431,0.0,-0.49729528132972095,7.861786048027163e-16,-9.046828981300885e-17,0.19891811253188837,True,Q1_best_basis_fit
100069,3,1.2675786528359931,0.6847127924218457,0.22250146651270142,0.2370103678313417,-0.014508901318640272,False,8.32444338436625,1.836194338358973,0.22057863253745522,0.9513450668679063,1.836194338358973,0.22057863253745522,0.9513450668679063,0.0,-0.7767145814473025,0.005071656829806587,-0.10079269462396598,0.310685832578921,True,Q1_best_basis_fit
100069,4,1.4475527098723424,0.342534057091737,0.2592702452206082,0.2651429032688361,-0.005872658048227897,False,3.1400627512435144,2.1402863824997436,0.6816062454968954,0.5354129260996259,2.1402863824997436,0.6816062454968954,0.5354129260996259,0.0,-0.2077492238069609,0.0013479881717258172,-0.06585530938663625,0.08309968952278436,True,Q3
100069,5,1.5674835822495303,0.32536205322464634,0.25939709206940953,0.2405061743371722,0.018890917732237333,True,2.7509006695767915,2.1415394759920474,0.7784866606330463,0.39395851921640823,2.1415394759920474,0.7784866606330463,0.39395851921640823,0.0,-0.1721593480551963,7.454425034680117e-17,0.001186648011510777,0.06886373922207853,True,Q4_worst_basis_fit
100070,1,0.7034000052615226,0.7034000052615226,0.19107645404386311,0.1590302966034136,0.0320461574404495,True,5.388333802889218,1.6433015602453147,0.3049739716132988,0.9069908766384108,1.6433015602453147,0.3049739716132988,0.9069908766384108,0.0,-0.42110235939315993,0.05025104986183393,-0.06796538187209353,0.16844094375726398,True,Q2
100070,2,0.9173098269121993,0.3015538651448629,0.2740065692000064,0.2237634369016981,0.05024313229830829,True,3.2392494906088216,2.4006578202761713,0.7411154427086023,0.4507479005788325,2.4006578202761713,0.7411154427086023,0.4507479005788325,0.0,-0.18453063199089953,0.010177261203941,-0.07967632765683434,0.07967632765683434,True,Q3
100070,3,1.5924783480447928,0.6952513505839629,0.27400656920000666,0.2217608798918676,0.052245689308139054,True,7.469285635694458,2.4006578202761717,0.3214039383905513,0.8966995083870427,2.4006578202761717,0.3214039383905513,0.8966995083870427,0.0,-0.6910162504573892,0.026229780998171026,-1.9607796289400348e-16,0.2764065001829557,True,Q2
100070,4,1.8117529583024934,0.5398565019279358,0.3756820885284558,0.3877029886619059,-0.012020900133450085,False,4.962505997391887,3.161525040206968,0.6370823615867771,0.5941260645550148,3.161525040206968,0.6370823615867771,0.5941260645550148,0.0,-0.31511584597858605,-0.0014469517383162748,-0.19834321047419587,0.19834321047419587,True,Q3
100070,5,1.9565266402880301,0.4534633616596915,0.37568208852845264,0.3455236359838394,0.030158452544613246,True,3.790615627691581,3.161525040206968,0.8340399952744041,0.304377286282672,3.161525040206968,0.8340399952744041,0.304377286282672,0.0,-0.2080919031792255,-4.901065102774058e-16,5.682026820654194e-17,0.08323676127169019,True,Q4_worst_basis_fit
100071,1,0.24818276255018845,0.24818276255018845,0.031606759006843,0.0946581849104984,-0.06305142590365541,False,3.212486626106693,0.30334674514441085,0.09442739548834969,0.9910834669812868,0.30334674514441085,0.09442739548834969,0.9910834669812868,0.0,-0.261419996395038,0.0,-0.17163082268166288,0.17163082268166288,True,Q1_best_basis_fit
100071,2,0.501514580966843,0.29446908142360834,0.022473245549278948,0.0586996063379876,-0.03622636078870865,False,2.128850192788938,0.24796960519700467,0.11648053302996754,0.9864322854250547,0.24796960519700467,0.11648053302996754,0.9864322854250547,0.0,-0.16718199361521577,0.02306760584652786,-0.024216815688586642,0.0668727974460863,True,Q1_best_basis_fit
100071,3,0.7220206324388236,0.6239756733882719,0.022473245549278542,0.0513007150984668,-0.02882746954918826,False,3.5506903599789763,0.24796960519700464,0.06983701197715052,0.9951227917581034,0.24796960519700464,0.06983701197715052,0.9951227917581034,0.0,-0.19185397198337473,-0.05810200689252905,-6.548581121812447e-17,0.07674158879334989,True,Q1_best_basis_fit
100071,4,0.8556581742522369,0.15345863374080906,0.03739758661595562,0.056326118380358,-0.01892853176440238,False,1.9568712240522068,0.3293431255732013,0.16830086800050714,0.9716748178302759,0.3293431255732013,0.16830086800050714,0.9716748178302759,0.0,-0.19185397198337464,0.0011191559876365974,3.9393808310903e-17,0.07674158879334986,True,Q1_best_basis_fit
100071,5,1.4218815616789227,0.600360740343838,0.10808218917813316,0.1982457601296508,-0.09016357095151765,False,6.466674787476822,0.9441373507060328,0.14600043789652487,0.978683872134023,0.9441373507060328,0.14600043789652487,0.978683872134023,0.0,-0.5767441497604932,-0.014052673406592877,-0.17715593625718148,0.23069765990419727,True,Q1_best_basis_fit
100072,1,0.12443998647245155,0.12443998647245155,0.013673557027311573,0.0240920157534976,-0.010418458726186026,False,1.6861242548116064,0.10449541582125557,0.06197373385921136,0.9961592563115477,0.10449541582125557,0.06197373385921136,0.9961592563115477,0.0,-0.15676319594437838,3.975693351829396e-16,-0.0344434014583347,0.06270527837775135,True,Q1_best_basis_fit
100072,2,0.4346903789064745,0.32120352559203513,0.04617479691279217,0.0391517482917935,0.007023048620998673,True,3.147397782610968,0.39242862739177975,0.12468351778091268,0.9844540203937768,0.39242862739177975,0.12468351778091268,0.9844540203937768,0.0,-0.30355454017474587,0.013953441653674521,0.0035043861714430385,0.12142181606989835,True,Q1_best_basis_fit
100072,3,0.7686607105268695,0.3406744938209376,0.1514848319365174,0.1492243555365092,0.0022604764000082045,True,3.313217373188623,1.2765657619026127,0.385294901636367,0.8515478387730223,1.2765657619026127,0.385294901636367,0.8515478387730223,0.0,-0.27603127749111656,0.018361766185347742,-0.043932310254707424,0.11041251099644663,True,Q2
100072,4,0.972815350286313,0.2796800096476069,0.17507208306410724,0.2469519486577974,-0.07187986559369017,False,2.201179688867436,1.4530774217295606,0.6601357576932787,0.5642207814147207,1.4530774217295606,0.6601357576932787,0.5642207814147207,0.0,-0.02953200640339641,0.02261553448252122,-0.20972560279468322,0.20972560279468322,True,Q3
100072,5,1.1973164670102097,0.35367751218372684,0.23499970904028672,0.2377810453740131,-0.0027813363337263752,False,3.395044350859222,1.9397406179732908,0.5713447064343589,0.6735652264294363,1.9397406179732908,0.5713447064343589,0.6735652264294363,0.0,-0.30939859838264333,0.0027291404920543843,0.11977676010916848,0.12375943935305733,True,Q3
100073,1,0.11029027637145396,0.11029027637145396,0.015056069664734145,0.0265279229701492,-0.011471853305415055,False,1.3479146340989347,0.11506078901835119,0.0853620742052912,0.9927133162873704,0.11506078901835119,0.0853620742052912,0.9927133162873704,0.0,-0.15321522073691202,-7.951386703658792e-16,0.0742870087306531,0.0742870087306531,True,Q1_best_basis_fit
100073,2,0.4401486441890195,0.36762155263177004,0.09556619207790572,0.1517411108264446,-0.056174918748538874,False,2.179162797138721,0.7872107521632855,0.36124458126621245,0.8695023525057989,0.7872107521632855,0.36124458126621245,0.8695023525057989,0.0,-0.079865713855735,-0.029084900709340607,-0.1564775969527076,0.1564775969527076,True,Q2
100073,3,0.7226023491119143,0.35951123522506884,0.2524508530519718,0.298914308494091,-0.04646345544211922,False,3.886470799117892,2.084825649283668,0.5364315743107754,0.712241166082463,2.084825649283668,0.5364315743107754,0.712241166082463,0.0,-0.27574504398287114,0.006449465352682911,-0.15013175483308075,0.15013175483308075,True,Q3
100073,4,0.8715229994484522,0.3538877507573795,0.29109151818059636,0.2804792815449491,0.010612236635647254,True,3.090179149427379,2.413168004887333,0.7809152441322056,0.39017138148193775,2.413168004887333,0.7809152441322056,0.39017138148193775,0.0,-0.19185397198337473,0.0017734294006830167,3.415236843329339e-17,0.07674158879334989,True,Q4_worst_basis_fit
100073,5,1.0222642660689385,0.3929668703582401,0.3335357551542286,0.2926196115574779,0.04091614359675072,True,3.3824206792827898,2.77728011247254,0.821092458866304,0.32580717399288694,2.77728011247254,0.821092458866304,0.32580717399288694,0.0,-0.19185397198337462,0.0019439265853028356,-5.760501667687046e-17,0.07674158879334984,True,Q4_worst_basis_fit
100074,1,0.1703889535531142,0.1703889535531142,0.08942821182306798,0.0642527453264455,0.025175466496622487,True,2.092190832007973,0.785279341137159,0.3753382956866749,0.8591211637910222,0.785279341137159,0.3753382956866749,0.8591211637910222,0.0,-0.19185397198337473,0.004054783537210848,-6.54722586909684e-17,0.07674158879334989,True,Q2
100074,2,0.5202744461283403,0.41409981871142887,0.15492476070771394,0.1124519490240236,0.04247281168369034,True,3.453210099867213,1.3579952542730405,0.3932559024790469,0.8453497951653903,1.3579952542730405,0.3932559024790469,0.8453497951653903,0.0,-0.30946043888758135,-0.013554402120601067,0.0039006084779326274,0.12378417555503254,True,Q2
100074,3,0.8820625021952696,0.48513339410500295,0.15492476070771394,0.1120405147639048,0.04288424594380914,True,2.9189869323154434,1.3579952542730405,0.46522827465891764,0.7835626524578867,1.3579952542730405,0.46522827465891764,0.7835626524578867,0.0,-0.19185397198337473,-0.0336360642666509,-6.548581121812447e-17,0.07674158879334989,True,Q2
100074,4,1.0703922639891945,0.3347580966303351,0.3030252910432045,0.2182427259643862,0.08478256507881832,True,3.301959113293559,2.6584599055136833,0.8051159370238193,0.3517883279502574,2.6584599055136833,0.8051159370238193,0.3517883279502574,0.0,-0.19185397198337464,0.00671506894683517,3.9410748969848086e-17,0.07674158879334986,True,Q4_worst_basis_fit
100074,5,1.2152389942060697,0.3855038673531618,0.3030252910432045,0.2181403300942693,0.08488496094893522,True,3.384431144209597,2.6584599055136833,0.7854968212492744,0.3829947438072854,2.6584599055136833,0.7854968212492744,0.3829947438072854,0.0,-0.2084113673158353,1.763949234124165e-18,5.64013737366117e-17,0.08336454692633412,True,Q4_worst_basis_fit
100075,1,0.1660748616422436,0.1660748616422436,0.06757347554705515,0.0509175538039051,0.016655921743150046,True,2.077957347536164,0.5888267344955942,0.28336805622779826,0.9197025447096794,0.5888267344955942,0.28336805622779826,0.9197025447096794,0.0,-0.19990044542261554,0.0030378836862306716,0.007493904381410249,0.07996017816904621,True,Q2
100075,2,0.41293240493532707,0.291646187654614,0.1679986929320858,0.1643383587863329,0.003660334145752897,True,3.203761511896403,1.4078704336663341,0.43944295742318634,0.8068898871711636,1.4078704336663341,0.43944295742318634,0.8068898871711636,0.0,-0.2506485235571423,0.004081272032964777,-0.10884213548550387,0.10884213548550387,True,Q2
100075,3,0.6229371712750936,0.34987859212749256,0.3118655267859809,0.3472362629691283,-0.0353707361831474,False,3.347342107576207,2.580907641420769,0.7710319287590209,0.40550976483414425,2.580907641420769,0.7710319287590209,0.40550976483414425,0.0,-0.1606432668047939,0.005334609746574316,-0.14590244020912402,0.14590244020912402,True,Q3
100075,4,0.9974177645298553,0.6180347340258834,0.3205805994782244,0.3157600212894916,0.004820578188732827,True,5.153686343483542,2.6570692066352017,0.5155667282691487,0.7341909487018458,2.6570692066352017,0.5155667282691487,0.7341909487018458,0.0,-0.45045692756387284,-0.011861984776727478,0.05240012359085258,0.18018277102554914,True,Q3
100075,5,1.1125049214194251,0.37963238189893134,0.320580599478227,0.2744878793155543,0.046092720162672685,True,3.152743083442132,2.6570692066352017,0.8427801239466177,0.2897216626805237,2.6570692066352017,0.8427801239466177,0.2897216626805237,0.0,-0.1556335565544478,3.975693351829396e-16,-0.042235279443201344,0.06225342262177912,True,Q4_worst_basis_fit
100076,1,0.5441578700391265,0.5441578700391265,0.1438142136541186,0.221604784236656,-0.07779057058253741,False,6.106202561384781,1.189018511428456,0.1947230704313234,0.9620829258417979,1.189018511428456,0.1947230704313234,0.9620829258417979,0.0,-0.4958944383704291,0.013611950748091083,-0.2926141230894938,0.2926141230894938,True,Q1_best_basis_fit
100076,2,0.7111525103654934,0.28065042268239704,0.2250981795361878,0.2179350671647914,0.007163112371396385,True,2.6884661034979205,1.863711858857445,0.6932249792670249,0.5194391281202329,1.863711858857445,0.6932249792670249,0.5194391281202329,0.0,-0.19185397198337453,0.003752552446853777,-1.2332799712022613e-18,0.07674158879334982,True,Q3
100076,3,0.41819748214412933,0.9742530306678814,0.32750273567372584,0.358525501324673,-0.031022765650947137,False,8.707805194946188,2.7013793614657784,0.3102250568298884,0.9037604141148925,2.7013793614657784,0.3102250568298884,0.9037604141148925,0.0,0.8645687213385617,-0.027336474975898768,-0.1856175732802449,0.34582748853542467,True,Q2
100076,4,0.7782830332042951,0.7023004905019364,0.46604239568697664,0.5384502178490079,-0.07240782216203129,False,7.0807231563987925,3.843509777960454,0.5428131693705756,0.7053538631578709,3.843509777960454,0.5428131693705756,0.7053538631578709,0.0,-0.5014663618920753,0.005066658785449621,-0.27486140049257024,0.27486140049257024,True,Q3
100076,5,0.9355320085421495,0.5526153045249793,0.4716249476855906,0.4927900186743854,-0.021165070988794776,False,4.543228559073253,3.8932843649997255,0.8569422194761636,0.26565003247926666,3.8932843649997255,0.8569422194761636,0.26565003247926666,0.0,-0.21831280304969108,0.0,-0.04735081629236963,0.08732512121987643,True,Q4_worst_basis_fit
100077,1,0.2402060635713791,0.2402060635713791,0.040755266958804756,0.1220567915561362,-0.08130152459733145,False,3.254632731356539,0.391149803647009,0.1201824709370439,0.9855561736794666,0.391149803647009,0.1201824709370439,0.9855561736794666,0.0,-0.2815557315198789,0.0,-0.12425590199979017,0.12425590199979017,True,Q1_best_basis_fit
100077,2,0.7850008059693867,0.5682953441398827,0.11699397910514797,0.2384666804626035,-0.12147270135745553,False,7.43029847746867,1.002178380971393,0.13487727094818025,0.9818081217815712,1.002178380971393,0.13487727094818025,0.9818081217815712,0.0,-0.749076716201475,0.002473570082998674,0.05663117206991209,0.29963068648059,True,Q1_best_basis_fit
100077,3,1.0533665048617555,0.33764789839174103,0.1014487150400529,0.1623768075499249,-0.060928092509871995,False,3.9526224456537635,0.9157108162138338,0.2316717138568936,0.9463282169986096,0.9157108162138338,0.2316717138568936,0.9463282169986096,0.0,-0.37013733080734307,-0.0008043969354463428,-0.04088159097771028,0.14805493232293723,True,Q2
100077,4,1.2640845406843784,0.27897960694828405,0.13689960514809693,0.210990137580763,-0.07409053243266606,False,2.978083224290955,1.2248177817715054,0.41127721743341117,0.8308510504202307,1.2248177817715054,0.41127721743341117,0.8308510504202307,0.0,-0.24534840027216356,-0.0001349725695454892,-0.0784602757282017,0.09813936010886543,True,Q2
100077,5,1.427406982387764,0.26582618962306537,0.20263715288478176,0.2228251508635431,-0.020187997978761335,False,2.579569220749036,1.7043880786173538,0.6607258548861294,0.5634413446849934,1.7043880786173538,0.6607258548861294,0.5634413446849934,0.0,-0.19185397198337473,0.0034781117612532417,5.3552811057205885e-17,0.07674158879334989,True,Q3
100078,1,0.19491320130668638,0.19491320130668638,0.020432976971366097,0.0611941424303639,-0.0407611654589978,False,2.6434150921318524,0.19610606252070192,0.07418663194608115,0.9944963436404967,0.19610606252070192,0.07418663194608115,0.9944963436404967,0.0,-0.23682666198568803,7.951386703658792e-16,-0.08048328276997084,0.09473066479427521,True,Q1_best_basis_fit
100078,2,0.45911368682288045,0.26536470553542335,0.09729410163273773,0.1575015139669298,-0.060207412334192065,False,3.039875448303519,0.8161566197801823,0.2684835723238791,0.9279165713922084,0.8161566197801823,0.2684835723238791,0.9279165713922084,0.0,-0.2518546524973552,4.978166715879492e-05,-0.12215858092193667,0.12215858092193667,True,Q2
100078,3,0.6592547699407786,0.28795044094261985,0.09729410163273383,0.1214717057296298,-0.02417760409689597,False,2.189547831583609,0.8161566197801823,0.3727512174008503,0.8610565299261841,0.8161566197801823,0.3727512174008503,0.8610565299261841,0.0,-0.19185397198337464,-0.012527345318506512,-2.8514517136368767e-17,0.07674158879334986,True,Q2
100078,4,0.8011590180646833,0.21258246651088034,0.09875323545899499,0.1081032751491744,-0.009350039690179404,False,2.1861846537667944,0.8344263672018393,0.38168155913276736,0.8543191874179799,0.8344263672018393,0.38168155913276736,0.8543191874179799,0.0,-0.2048003604034963,-9.93923337957349e-17,0.012707546088300685,0.08192014416139852,True,Q2
100078,5,0.9495733633076496,0.22111641534213516,0.13465467320669638,0.1222545755171164,0.01240009768957999,True,2.2279722875813945,1.1130306264349579,0.49957112691164723,0.7504286891562268,1.1130306264349579,0.49957112691164723,0.7504286891562268,0.0,-0.19185397198337464,0.0016845191967109964,-6.022743068156977e-17,0.07674158879334986,True,Q3
100079,1,0.28420604260140164,0.28420604260140164,0.051657864388630154,0.1508739108395276,-0.09921604645089743,False,3.748633684512247,0.4904605151224961,0.1308371413160132,0.9828816424522536,0.4904605151224961,0.1308371413160132,0.9828816424522536,0.0,-0.30633469121625556,1.5902773407317584e-15,-0.19243034684113128,0.19243034684113128,True,Q1_best_basis_fit
100079,2,0.4767294442025273,0.1986316742692078,0.10866550348123712,0.1357513631834398,-0.02708585970220269,False,2.3517978250664826,0.9069998469712006,0.3856623376822626,0.8512645612934524,0.9069998469712006,0.3856623376822626,0.8512645612934524,0.0,-0.19185397198337467,0.003939501402623417,-0.07260678155850298,0.07674158879334987,True,Q2
100079,3,0.6059762063509165,0.20382857839885624,0.10705559232277645,0.113714783716027,-0.006659191393250552,False,2.029243969022767,0.8885803791417579,0.43788740669249143,0.8082546190601246,0.8885803791417579,0.43788740669249143,0.8082546190601246,0.0,-0.17716653442612995,-4.969616689786745e-16,-0.014416475361394492,0.07086661377045197,True,Q2
100079,4,0.7684270582173002,0.23593441166867618,0.111818703187911,0.1300103039439289,-0.018191600756017903,False,2.447727622602151,0.939548333840974,0.38384513258961017,0.8526629141872646,0.939548333840974,0.38384513258961017,0.8526629141872646,0.0,-0.21315440639862823,0.0,-0.0381193316672381,0.0852617625594513,True,Q2
100079,5,1.00431232462138,0.307983181263946,0.177068378406367,0.2178163616314463,-0.040747983225079304,False,3.2603852264074744,1.4797305013274857,0.45385143121813204,0.7940188783812532,1.4797305013274857,0.45385143121813204,0.7940188783812532,0.0,-0.2551496832043284,0.0024260775755108473,-0.1051877144754027,0.1051877144754027,True,Q2
100080,1,0.21247948738471292,0.21247948738471292,0.02633548076306573,0.0788713834037028,-0.05253590264063707,False,2.855696895868702,0.25275550617384174,0.08850922047767035,0.9921661178904352,0.25275550617384174,0.08850922047767035,0.9921661178904352,0.0,-0.249817988390741,0.0,-0.10373260578269446,0.10373260578269446,True,Q1_best_basis_fit
100080,2,0.22679634795461037,0.026920164638293803,0.02633548076306729,0.0932957675550063,-0.06696028679193902,False,0.29643414714547694,0.25275550617384174,0.852653139349025,0.2729826239582521,0.25275550617384174,0.852653139349025,0.2729826239582521,0.0,-0.004529345827674222,1.987846675914698e-16,-0.02632723620522784,0.02632723620522784,True,Q4_worst_basis_fit
100080,3,0.4254098809360911,0.2083506907773747,0.02633548076306576,0.0619519371975849,-0.035616456434519134,False,2.865859289212642,0.2527555061738418,0.08819536504295125,0.9922215775849406,0.2527555061738418,0.08819536504295125,0.9922215775849406,0.0,-0.28405243065853486,-1.979693794282106e-16,-2.375177262704792e-17,0.11362097226341394,True,Q1_best_basis_fit
100080,4,1.0466955700699787,1.044089570514557,0.047500331071479954,0.1772840331625519,-0.12978370209107193,False,5.383986235135353,0.5597587442603281,0.10396734311974998,0.9891907915646202,0.5597587442603281,0.10396734311974998,0.9891907915646202,0.0,0.26958874276780576,-0.09612075587986275,-0.2700207521445944,0.2700207521445944,True,Q1_best_basis_fit
100080,5,1.1518722347429735,0.16156716621413447,0.04750033107147583,0.1462087123369914,-0.09870838126551557,False,2.007829264136933,0.5597587442603281,0.2787880196083012,0.9222772401228815,0.5597587442603281,0.2787880196083012,0.9222772401228815,0.0,-0.19185397198337462,-0.00041292457779643446,-1.2550910695940595e-16,0.07674158879334984,True,Q2
100081,1,0.12798536532522883,0.12798536532522883,0.03183415042880813,0.0228723298664722,0.008961820562335934,True,1.6828218500869534,0.27953931052378755,0.1661134305507998,0.9724063281906447,0.27953931052378755,0.1661134305507998,0.9724063281906447,0.0,-0.1649572031989594,0.0014433989748491574,-5.0923620788928536e-17,0.06598288127958377,True,Q1_best_basis_fit
100081,2,0.4978175998045242,0.40604449046104124,0.03183415042880818,0.0228723298664722,0.008961820562335982,True,2.399598176215723,0.2795393105237876,0.11649421694620304,0.9864290974180909,0.2795393105237876,0.11649421694620304,0.9864290974180909,0.0,-0.1649572031989594,-0.03348166467099519,-2.7972416050126014e-17,0.06598288127958377,True,Q1_best_basis_fit
100081,3,0.690248895726432,0.2643921867024421,0.05775309679713231,0.142898396333367,-0.0851452995362347,False,3.256315554952981,0.5083163368691295,0.15610168249694376,0.9756322647216233,0.5083163368691295,0.15610168249694376,0.9756322647216233,0.0,-0.26231873026889696,1.5902773407317584e-15,-0.17423852817527413,0.17423852817527413,True,Q1_best_basis_fit
100081,4,0.8734754227135111,0.22149763512490084,0.09142835334890467,0.1190080217195111,-0.027579668370606422,False,1.8989563504824132,0.7689096521072565,0.4049117042168567,0.8360465117882008,0.7689096521072565,0.4049117042168567,0.8360465117882008,0.0,-0.17284817886283876,-0.005410310901417334,0.0077453984598946195,0.06913927154513551,True,Q2
100081,5,0.8143618633438813,0.12239244037976293,0.09120911357511273,0.0987839160145925,-0.007574802439479764,False,1.1438381986714663,0.766177691671442,0.6698304817598628,0.55132712570535,0.766177691671442,0.6698304817598628,0.55132712570535,0.0,0.08507481502408183,3.727212517340059e-17,-0.0019050344985044785,0.034029926009632734,True,Q3
100082,1,0.4597848498039689,0.4597848498039689,0.12362425156501855,0.0888220550321976,0.03480219653282095,True,3.803717251515379,1.0855586714584238,0.28539415515860006,0.918550176201309,1.0855586714584238,0.28539415515860006,0.918550176201309,0.0,-0.34886449446136225,-0.01953007808488943,-5.936006894358137e-17,0.1395457977845449,True,Q2
100082,2,0.6142682522768054,0.24958909806651608,0.17253481482931773,0.1239635154408174,0.04857129938850033,True,2.246241506429267,1.5150479132966321,0.6744813097613109,0.5450749627826664,1.5150479132966321,0.6744813097613109,0.5450749627826664,0.0,-0.16495720319895935,-0.0008595107727695214,2.5756577860108765e-17,0.06598288127958374,True,Q3
100082,3,0.7554176408889124,0.2847564803381473,0.23861359608981905,0.1714400669368153,0.06717352915300376,True,2.6761964626948456,2.0952932380500435,0.7829370030405575,0.38700964926987,2.0952932380500435,0.7829370030405575,0.38700964926987,0.0,-0.16495720319895943,0.002996092051434799,4.9615801918367897e-17,0.06598288127958377,True,Q4_worst_basis_fit
100082,4,0.9371623130567404,0.41394705151553335,0.4016104501291969,0.2885507095193214,0.1130597406098755,True,3.91509296483212,3.526587228370615,0.9007671746363846,0.18861849709758494,3.526587228370615,0.9007671746363846,0.18861849709758494,0.0,-0.1649572031989594,0.007390474933364045,-2.799952110443815e-17,0.06598288127958377,True,Q4_worst_basis_fit
100082,5,1.1159338905709846,0.5023959996775458,0.4107524831739011,0.3318717355050565,0.07888074766884462,True,4.369094545742543,3.5354485163297564,0.8091947837967636,0.345203801876109,3.5354485163297564,0.8091947837967636,0.345203801876109,0.0,-0.22232540352305044,0.0,-0.10266633124348681,0.10266633124348681,True,Q4_worst_basis_fit
100083,1,0.18332672800598623,0.18332672800598623,0.11478777761349933,0.2010627451552657,-0.08627496754176638,False,2.1111314882226,0.9550028065164851,0.4523653840815568,0.7953655592847456,0.9550028065164851,0.4523653840815568,0.7953655592847456,0.0,-0.16959246675567372,0.0041786808273650555,-0.05250136085215466,0.06783698670226948,True,Q2
100083,2,0.23897011368663756,0.15338241978472214,0.13137105274929503,0.2385376749336255,-0.10716662218433046,False,1.4008420320904311,1.1467035434369506,0.8185816224587166,0.32992412737285526,1.1467035434369506,0.8185816224587166,0.32992412737285526,0.0,-0.029681242633275203,0.0,-0.12541085801891208,0.12541085801891208,True,Q4_worst_basis_fit
100083,3,0.21653107580537723,0.292865094074068,0.2166842737628648,0.2505953696128228,-0.033911095849957995,False,2.759804357517488,1.8938684214648218,0.6862328542623228,0.5290844697309856,1.8938684214648218,0.6862328542623228,0.5290844697309856,0.0,0.24908286452253525,0.002713973722461748,-0.2180000416943702,0.2180000416943702,True,Q3
100083,4,0.371509054637092,0.27807072336097466,0.2531286988992149,0.2644872018741595,-0.011358502974944618,False,2.834716033783766,2.1605518391279968,0.7621757570701366,0.419088115334564,2.1605518391279968,0.7621757570701366,0.419088115334564,0.0,-0.18101625369392288,0.009266138782742623,0.015762784004064164,0.07240650147756915,True,Q3
100083,5,0.47935020652183974,0.3392922835124667,0.2573425035424485,0.2593178819862602,-0.0019753784438117372,False,2.929467205529835,2.217119678602093,0.7568337595372042,0.42720266042478117,2.217119678602093,0.7568337595372042,0.42720266042478117,0.0,-0.2005299602300007,0.0,0.03491649059109822,0.08021198409200028,True,Q3
100084,1,0.27165819752467485,0.27165819752467485,0.1220727107775971,0.1541106516204448,-0.032037940842847695,False,3.1698661764008706,1.008041284497638,0.31800752094909834,0.8988712166198087,1.008041284497638,0.31800752094909834,0.8988712166198087,0.0,-0.2430609303200514,0.00489894112600013,-0.1654858738863063,0.1654858738863063,True,Q2
100084,2,0.3715704777864841,0.18956937221139206,0.12207271077758942,0.1235015615785972,-0.0014288508010077694,False,1.7617759754136013,1.0080412844976383,0.5721733628822965,0.6726176428079639,1.0080412844976383,0.5721733628822965,0.6726176428079639,0.0,-0.14377193698453852,-1.204370261689448e-15,-4.559946338766961e-17,0.05750877479381541,True,Q3
100084,3,0.5270331371550995,0.258197919356176,0.22091848255131608,0.1804882667245486,0.04043021582676748,True,2.4993091496139472,1.856010747189085,0.7426095117027726,0.44853111312856975,1.856010747189085,0.7426095117027726,0.44853111312856975,0.0,-0.16495720319895937,0.004521826820797959,5.839783951550048e-17,0.06598288127958375,True,Q3
100084,4,0.6916500254064593,0.3668110507314355,0.34161187195701287,0.2616405632857835,0.07997130867122937,True,3.358287660615986,2.9070735571740762,0.8656416158944684,0.2506645928316136,2.9070735571740762,0.8656416158944684,0.2506645928316136,0.0,-0.16495720319895946,0.005486515566397357,-5.969888212248309e-17,0.06598288127958378,True,Q4_worst_basis_fit
100084,5,0.7936047071192733,0.3855507802909856,0.3385343600673796,0.2680675123464345,0.07046684772094508,True,3.216170846528669,2.8985745667422504,0.9012501838547502,0.18774810610177894,2.8985745667422504,0.9012501838547502,0.18774810610177894,0.0,-0.1269375869876688,0.0,-0.03731820872248635,0.05077503479506752,True,Q4_worst_basis_fit
100085,1,0.24627742998743452,0.24627742998743452,0.010557311343561795,0.0444013211141265,-0.033844009770564704,False,2.241070652377288,0.12165812979387784,0.05428571815209175,0.9970530608047117,0.12165812979387784,0.05428571815209175,0.9970530608047117,0.0,-0.18534753261399453,0.014243353562121178,-0.07856790827333904,0.07856790827333904,True,Q1_best_basis_fit
100085,2,0.3678671776244736,0.13038383324790156,0.03174410715443801,0.0432915083471063,-0.01154740119266829,False,1.6794350789289754,0.2616523313104012,0.15579782427628255,0.9757270379507765,0.2616523313104012,0.15579782427628255,0.9757270379507765,0.0,-0.16495720319895943,0.0011961175504408427,4.9615801918367897e-17,0.06598288127958377,True,Q1_best_basis_fit
100085,3,0.7681632730574094,0.40818373020450466,0.031744107154438005,0.0385872443989138,-0.006843137244475793,False,2.507532810117976,0.26165233131040116,0.10434652350494698,0.9891118030324315,0.26165233131040116,0.10434652350494698,0.9891118030324315,0.0,-0.1649572031989594,0.0364315151740396,-2.7972416050126014e-17,0.06598288127958377,True,Q1_best_basis_fit
100085,4,0.9269488219528599,0.2185969497650109,0.07208047575570233,0.1214681970910038,-0.04938772133530148,False,2.610185371497091,0.6042263078770082,0.23148789142529358,0.9464133561234715,0.6042263078770082,0.23148789142529358,0.9464133561234715,0.0,-0.21381113558455983,0.001321455776049609,-0.11868521247057989,0.11868521247057989,True,Q2
100085,5,1.073670943743007,0.20301842122680996,0.15121605178338482,0.1472211085634787,0.003994943219906122,True,2.0898103697486845,1.2518853966889232,0.5990425805186678,0.6411479867255354,1.2518853966889232,0.5990425805186678,0.6411479867255354,0.0,-0.16544891576577384,0.003678302710476657,1.1384122811097797e-16,0.06617956630630953,True,Q3
100086,1,0.5313206310741119,0.5313206310741119,0.14679170211501255,0.165338482921744,-0.018546780806731444,False,6.738908190162198,1.2182231453674204,0.18077455738985207,0.9673205594005031,1.2182231453674204,0.18077455738985207,0.9673205594005031,0.0,-0.6168148891264534,0.006055857532286697,-0.13522014387304462,0.24672595565058136,True,Q1_best_basis_fit
100086,2,0.5701681513771678,0.16583436296062157,0.14679170211501485,0.1385310029154728,0.00826069919954206,True,1.340443376404787,1.2182231453674204,0.9088210414637772,0.17404431459269543,1.2182231453674204,0.9088210414637772,0.17404431459269543,0.0,-0.055643918604009725,3.6364491903196835e-16,1.6366132848743474e-16,0.02225756744160389,True,Q4_worst_basis_fit
100086,3,1.2145435384378085,0.6625356798132075,0.2618037636759922,0.2901307581049479,-0.0283269944289557,False,8.090246391230018,2.1608986266515995,0.2670992355676652,0.928657998359169,2.1608986266515995,0.2670992355676652,0.928657998359169,0.0,-0.7190124866745408,0.011881713636651931,-0.17456017719803874,0.2876049946698163,True,Q2
100086,4,1.4159624926892889,0.2750197929122464,0.26180376367599806,0.2497640501837299,0.01203971349226815,True,2.8653126770423323,2.1608986266515995,0.7541580519170943,0.4312456327286135,2.1608986266515995,0.7541580519170943,0.4312456327286135,0.0,-0.16495720319895932,0.013071488164722917,-0.03253760913640166,0.06598288127958372,True,Q3
100086,5,1.5791026600267166,0.2724335129641035,0.26180376367599756,0.2331470566462418,0.028656707029755757,True,2.757204448594152,2.160898626651599,0.7837281082849702,0.3857702522840619,2.160898626651599,0.7837281082849702,0.3857702522840619,0.0,-0.16495720319895943,0.00839704983860923,4.9629354445523965e-17,0.06598288127958377,True,Q4_worst_basis_fit
100087,1,0.1914941371723885,0.1914941371723885,0.032297658243157154,0.0967273394116414,-0.06442968116848424,False,2.6192634330850777,0.3099776697043534,0.11834535838926626,0.9859943761477161,0.3099776697043534,0.11834535838926626,0.9859943761477161,0.0,-0.2360438869458309,0.0,-0.07225588268112045,0.09441755477833236,True,Q1_best_basis_fit
100087,2,0.4946080635131494,0.309443991608725,0.08290088809800353,0.2124124429896728,-0.12951155489166927,False,3.555620162493279,0.7956435700560937,0.22377068800795946,0.9499266791884444,0.7956435700560937,0.22377068800795946,0.9499266791884444,0.0,-0.2763341881858845,0.007278357242063461,-0.19932064051112758,0.19932064051112758,True,Q1_best_basis_fit
100087,3,0.5095784794807421,0.15921696166716756,0.11211404860516916,0.2537162213644028,-0.14160217275923365,False,1.5458048691206492,1.153337566666831,0.7461081212164391,0.44332267145487536,1.153337566666831,0.7461081212164391,0.44332267145487536,0.0,0.12239349478903962,0.0,-0.2659788523220224,0.2659788523220224,True,Q3
100087,4,0.5971735762508752,0.20520893186565273,0.12687707817966729,0.2513613984397621,-0.12448432026009479,False,1.4475767581873265,1.294575981883555,0.8943055866029785,0.2002175177707025,1.294575981883555,0.8943055866029785,0.2002175177707025,0.0,-0.015820829908068577,0.01010148914675384,-0.05819593124279293,0.05819593124279293,True,Q4_worst_basis_fit
100087,5,0.7025182246272819,0.15849013842383228,0.11529645695567126,0.2229011958045748,-0.10760473884890354,False,1.8903856624731183,1.225824883084124,0.6484522748021824,0.579509647303875,1.225824883084124,0.6484522748021824,0.579509647303875,0.0,-0.13363291117233755,-3.975693351829396e-16,-0.03074640368375012,0.05345316446893502,True,Q3
100088,1,0.4100699940630249,0.4100699940630249,4.438763902395242e-17,0.0,4.438763902395242e-17,True,5.887360623267404,4.839349969133127e-16,8.219897300001565e-17,1.0,4.839349969133127e-16,8.219897300001565e-17,1.0,0.0,-0.5858142772328927,3.0550646764069138e-18,-7.813032436236916e-17,0.23432571089315707,True,Q1_best_basis_fit
100088,2,0.5844566745769904,0.17455692121070587,0.01991083169683649,0.0596303843767375,-0.039719552679901,False,2.3568798649187204,0.19109475878389973,0.0810795499712455,0.9934261065764604,0.19109475878389973,0.0810795499712455,0.9934261065764604,0.0,-0.20878065892179273,0.0,-0.078426609098025,0.08351226356871709,True,Q1_best_basis_fit
100088,3,0.7725946365094649,0.18974089493332708,0.059764112575062235,0.1229219482590513,-0.06315783568398906,False,2.457822810005617,0.5136698347315654,0.20899384310392638,0.9563215735446514,0.5136698347315654,0.20899384310392638,0.9563215735446514,0.0,-0.21133860534417623,0.0013106131900596852,-0.08665911748804003,0.08665911748804003,True,Q1_best_basis_fit
100088,4,0.9783381725046649,0.23070232082654035,0.0899076167055078,0.1757322241294674,-0.0858246074239596,False,2.847053527251246,0.7846042317177679,0.27558464363516283,0.9240531041924803,0.7846042317177679,0.27558464363516283,0.9240531041924803,0.0,-0.2328278641146168,0.0,-0.12146157132203299,0.12146157132203299,True,Q2
100088,5,1.1791388148286526,0.23016910270089908,0.08990761670550311,0.1307205639089457,-0.0408129472034426,False,1.9908077304964802,0.7846042317177678,0.3941135146798422,0.8446745375467017,0.7846042317177678,0.3941135146798422,0.8446745375467017,0.0,-0.16495720319895946,0.01513963823316879,1.3341107732434132e-16,0.06598288127958378,True,Q2
100089,1,0.07148794398047552,0.07148794398047552,5.323135097517404e-17,0.0,5.323135097517404e-17,True,1.0263499220191956,6.104649410399668e-16,5.947922126198101e-16,1.0,6.104649410399668e-16,5.947922126198101e-16,1.0,0.0,0.10212563425782223,-1.0044530448768763e-18,1.6984981456962367e-17,0.04085025370312889,True,Q1_best_basis_fit
100089,2,0.04591879398812555,0.025569149992349993,4.274546205672042e-18,0.0,4.274546205672042e-18,True,0.36709539594414514,6.088854689467823e-17,1.6586573290595731e-16,1.0,6.088854689467823e-17,1.6586573290595731e-16,1.0,0.0,-0.036527357131928555,-1.9478413015917788e-20,-1.1876160665794314e-17,0.014610942852771421,True,Q1_best_basis_fit
100089,3,0.10850016348808701,0.1542973223590357,1.4299593669446352e-17,0.0,1.4299593669446352e-17,True,1.676780100145539,1.962615573354719e-16,1.1704668806508202e-16,1.0,1.962615573354719e-16,1.1704668806508202e-16,1.0,0.0,-0.1649572031989594,-0.004919595760585599,-2.7985968577282083e-17,0.06598288127958377,True,Q1_best_basis_fit
100089,4,0.23052308023995075,0.1259132509247712,0.006035721535681015,0.010634591864497,-0.004598870328815985,False,1.769369736342704,0.0461259078667435,0.026069117674684533,0.9993204011036635,0.0461259078667435,0.026069117674684533,0.9993204011036635,0.0,-0.1804468195598911,0.0,0.015203855114582337,0.07217872782395643,True,Q1_best_basis_fit
100089,5,0.2541494630201771,0.07340436414123377,0.006035721535693507,0.0075545369496863,-0.001518815413992793,False,0.7754438937016166,0.0461259078667435,0.05948323049725672,0.9964617452896102,0.0461259078667435,0.05948323049725672,0.9964617452896102,0.0,-0.06995917343872272,-1.5902773407317584e-15,0.22025358701497805,0.22025358701497805,True,Q1_best_basis_fit
100090,1,0.4120856953916586,0.4120856953916586,0.049443359653696325,0.4806073341755626,-0.4311639745218663,False,4.188142168127551,0.4341677877813762,0.1036659622219762,0.9892533682765918,0.4341677877813762,0.1036659622219762,0.9892533682765918,0.0,0.2733089439943343,0.011406287344589228,0.3845318879898336,0.3845318879898336,True,Q1_best_basis_fit
100090,2,0.3552538446646644,0.3281293498611364,0.14465346787524566,0.2174643483314784,-0.07281088045623274,False,2.942150540032943,1.1928924738367384,0.4054491629865349,0.8356109762335183,1.1928924738367384,0.4054491629865349,0.8356109762335183,0.0,-0.18261638576945333,0.018474606165206922,-0.1961119317324289,0.1961119317324289,True,Q2
100090,3,0.38573286603209034,0.2857909107686811,0.2699981189569659,0.256065255923011,0.013932863033954912,True,2.7180852817663945,2.2662902222367296,0.8337818674931133,0.30480779743969644,2.2662902222367296,0.8337818674931133,0.30480779743969644,0.0,-0.13820476267088652,0.005859126702688857,-0.02625889630011703,0.055281905068354606,True,Q4_worst_basis_fit
100090,4,0.6105022280209179,0.5364544007976023,0.30987887521371527,0.3807751571942929,-0.07089628198057762,False,5.500876185480987,2.5676033551267494,0.4667626153636546,0.782132660898881,2.5676033551267494,0.4667626153636546,0.782132660898881,0.0,-0.3626711904550319,0.0,-0.3538296406794963,0.3538296406794963,True,Q2
100090,5,0.7628914544816842,0.40806114908147717,0.320033510579799,0.3428685917558567,-0.022835081176057703,False,3.5197680955571577,2.6730725030936693,0.7594456312243316,0.4232423332142765,2.6730725030936693,0.7594456312243316,0.4232423332142765,0.0,-0.21101074316923954,0.0,-0.0539253022912313,0.08440429726769581,True,Q3
100091,1,0.1601679650206193,0.1601679650206193,0.034027557105696174,0.1019081643855143,-0.06788060727981812,False,0.9542564857133148,0.3265804219594619,0.3422354753138935,0.8828748794366734,0.3265804219594619,0.3422354753138935,0.8828748794366734,0.0,0.0021316996342997797,0.01295035137543783,-0.13403086120769492,0.13403086120769492,True,Q2
100091,2,0.2365534026123126,0.18338758781880493,0.0352727787034202,0.0671479168508731,-0.031875138147452894,False,2.0842704520377584,0.33459791449374254,0.16053478768391666,0.9742285819432798,0.33459791449374254,0.16053478768391666,0.9742285819432798,0.0,-0.204468479643092,-0.004351949347851734,0.003257704209557348,0.0817873918572368,True,Q1_best_basis_fit
100091,3,0.7246644392888955,0.5032356005229807,0.0850136144451464,0.2170649684686577,-0.1320513540235113,False,4.349165634901097,0.8420425516580744,0.19361013636750649,0.9625151150957555,0.8420425516580744,0.19361013636750649,0.9625151150957555,0.0,-0.3062428699006191,0.03159021047716994,-0.2564787576799276,0.2564787576799276,True,Q1_best_basis_fit
100091,4,0.8551408724099664,0.18426617576303606,0.08501361444514526,0.1603086578983374,-0.07529504345319214,False,2.191224193130822,0.8420425516580743,0.38427950654148424,0.8523292608522334,0.8420425516580743,0.38427950654148424,0.8523292608522334,0.0,-0.2011495458566842,-0.0014959948536339375,7.08492238401387e-17,0.08045981834267368,True,Q2
100091,5,0.6314498747247652,0.28535738239161346,0.08501361444514524,0.1369638221690603,-0.051950207723915065,False,3.39791150861206,0.8420425516580742,0.24781179542901693,0.938589314046247,0.8420425516580742,0.24781179542901693,0.938589314046247,0.0,0.32755873120959256,-1.6282608315031188e-18,2.9226511581363427e-18,0.13102349248383702,True,Q2
100092,1,0.2053767767711627,0.2053767767711627,0.049194549440951314,0.035345499951761,0.013849049489190315,True,2.4637965965158743,0.4319829568878888,0.17533223217321117,0.9692586083611592,0.4319829568878888,0.17533223217321117,0.9692586083611592,0.0,-0.2011495458566843,0.0022305405124349153,-0.1214932166797723,0.1214932166797723,True,Q1_best_basis_fit
100092,2,0.6059843478794097,0.43174115667708773,0.11481213771350235,0.091059462227317,0.023752675486185343,True,5.43809136445793,0.9930217762850257,0.18260483499324406,0.9666554742370901,0.9930217762850257,0.18260483499324406,0.9666554742370901,0.0,-0.5234859412904183,0.0028785804562496916,-0.02765859438923113,0.2093943765161673,True,Q1_best_basis_fit
100092,3,0.9384631404255495,0.4018524798423225,0.137563038338278,0.2396774760399314,-0.1021144377016534,False,4.485674287378358,1.1386194980481124,0.253834635575731,0.9355679777821359,1.1386194980481124,0.253834635575731,0.9355679777821359,0.0,-0.3453577357089962,0.0,-0.2580754791637373,0.2580754791637373,True,Q2
100092,4,0.9062858012146469,0.17689189125379107,0.1375630383382775,0.1799059133169963,-0.0423428749787188,False,1.3702362404914823,1.1386194980481124,0.8309658323149498,0.3094957855251227,1.1386194980481124,0.8309658323149498,0.3094957855251227,0.0,0.07320547433642371,-0.003902622735224772,1.5853746267169289e-16,0.029282189734569485,True,Q4_worst_basis_fit
100092,5,1.0578368658440829,0.2255007549341725,0.1375630383382775,0.1556511977750867,-0.01808815943680922,False,2.3676992860829156,1.1386194980481124,0.48089700611086744,0.7687380695136043,1.1386194980481124,0.48089700611086744,0.7687380695136043,0.0,-0.2011495458566843,0.0092337074975129,-3.40168431617327e-17,0.08045981834267371,True,Q3
100093,1,0.2955738676099801,0.2955738676099801,0.0028364972967396228,0.0049977439975073,-0.002161246700767677,False,4.22146727507561,0.021676946525817104,0.0051349317934553575,0.9999736324754765,0.021676946525817104,0.0051349317934553575,0.9999736324754765,0.0,-0.41791087546490985,0.0,-0.0071450768027634965,0.16716435018596393,True,Q1_best_basis_fit
100093,2,0.5721414790003905,0.27701699243738853,0.04307799253566224,0.1369935050309624,-0.09391551249530014,False,3.6547297220422035,0.4223147495126713,0.11555293595737873,0.98664751899163,0.4223147495126713,0.11555293595737873,0.98664751899163,0.0,-0.3019605508277374,0.0,-0.18041172584946208,0.18041172584946208,True,Q1_best_basis_fit
100093,3,0.7313297532071424,0.19517839377210602,0.0664975852684247,0.1050737831971957,-0.038576197928771,False,2.538810407397068,0.579084570594797,0.22809287724186827,0.947973639351526,0.579084570594797,0.22809287724186827,0.947973639351526,0.0,-0.2631717934095865,-3.975693351829396e-16,0.060878025878903584,0.10526871736383461,True,Q2
100093,4,1.070916183083043,0.3788261524903575,0.06649758526842207,0.075651102882962,-0.009153517614539933,False,2.6507365067835216,0.5790845705947969,0.21846176302807044,0.9522744580946672,0.5790845705947969,0.21846176302807044,0.9522744580946672,0.0,-0.2011495458566843,0.030234991759454242,-0.017155008492757983,0.08045981834267371,True,Q1_best_basis_fit
100093,5,1.2810924224659306,0.23445692053214426,0.09145077452473588,0.140666441099701,-0.04921566657496512,False,3.127018600206999,0.8355998095498239,0.2672193281787674,0.9285938306476882,0.8355998095498239,0.2672193281787674,0.9285938306476882,0.0,-0.2532865033033208,0.0,-0.14237183352166488,0.14237183352166488,True,Q2
100094,1,0.15392474883475327,0.15392474883475327,0.005026879972798675,0.0088570714448138,-0.003830191472015125,False,2.181463165130634,0.03841618621928817,0.017610284158516912,0.9996898778918563,0.03841618621928817,0.017610284158516912,0.9996898778918563,0.0,-0.21405014801514957,0.0,-0.009913343049879779,0.08562005920605983,True,Q1_best_basis_fit
100094,2,0.3198648664712014,0.16802950106953563,0.0641499914519642,0.0478991274114275,0.016250864040536703,True,2.086654134764081,0.5573456347638452,0.26710015113590413,0.9286575092631772,0.5573456347638452,0.26710015113590413,0.9286575092631772,0.0,-0.19907005176357495,0.002507403926773135,-0.0020411304041724723,0.07962802070542999,True,Q2
100094,3,0.8696202820602692,0.5784361359172518,0.2583677271477935,0.288895603114079,-0.030527875966285534,False,5.044020932888446,2.142684277461616,0.4247968646384291,0.8195476237933602,2.142684277461616,0.4247968646384291,0.8195476237933602,0.0,-0.3338341021710984,0.03724221508399959,-0.23745274442137607,0.23745274442137607,True,Q2
100094,4,1.7247912974727113,0.9324216384366638,0.35844866748112186,0.3835675234845583,-0.02511885600343644,False,6.229529584399485,2.9629122182696213,0.4756237494544687,0.7737820489548728,2.9629122182696213,0.4756237494544687,0.7737820489548728,0.0,-0.2639320740578942,0.08619910112071377,-0.18060160279690576,0.18060160279690576,True,Q3
100094,5,1.8421390623436666,0.4268997334753176,0.35720948068298447,0.33543011642787,0.021779364255114453,True,3.529066045743503,2.953744791459192,0.8369763425146942,0.2994706020707253,2.953744791459192,0.8369763425146942,0.2994706020707253,0.0,-0.18838467876219872,-1.1927080055488188e-15,-0.012529373571249931,0.07535387150487949,True,Q4_worst_basis_fit
100095,1,0.25790058388329784,0.25790058388329784,0.07382061425070262,0.0530389351480695,0.020781679102633115,True,2.9166747446045314,0.6482272443937096,0.22224872539965096,0.9506055040582305,0.6482272443937096,0.22224872539965096,0.9506055040582305,0.0,-0.20114954585668432,0.0033471161440872268,-0.23285318983660047,0.23285318983660047,True,Q1_best_basis_fit
100095,2,0.47577834624976845,0.29368377320454375,0.12122833803001883,0.0871006293316245,0.03412770869839432,True,2.3429147900218315,1.0645198810830931,0.45435706224432254,0.7935596599887088,1.0645198810830931,0.45435706224432254,0.7935596599887088,0.0,-0.20114954585668424,-0.0101510113696693,8.760353553682876e-17,0.0804598183426737,True,Q2
100095,3,0.6969303050954152,0.3061557022604787,0.1711441331466823,0.1690854199051293,0.0020587132415530174,True,3.202885489754242,1.4359050650984075,0.44831607926407163,0.7990126930732906,1.4359050650984075,0.44831607926407163,0.7990126930732906,0.0,-0.2643783781795852,0.0017796816215446454,-0.06528027932620449,0.10575135127183408,True,Q2
100095,4,0.8992166133224082,0.32035189616900195,0.22513282106443203,0.2342850863730689,-0.009152265308636887,False,3.368236036736007,1.8662016061762545,0.5540590344092094,0.6930185863895345,1.8662016061762545,0.5540590344092094,0.6930185863895345,0.0,-0.25866232731474276,0.00520744944964667,-0.061304474190405696,0.1034649309258971,True,Q3
100095,5,0.8399536427469279,0.18794416831538147,0.2272665817953152,0.2077170302258415,0.01954955156947369,True,1.9932955947020419,1.882098980020996,0.9442146889921423,0.10845862109147175,1.882098980020996,0.9442146889921423,0.10845862109147175,0.0,0.02613706620912301,0.011032768456600938,0.021490247984487322,0.021490247984487322,True,Q4_worst_basis_fit
100096,1,0.2531225352825335,0.2531225352825335,0.15670814041683082,0.1125923020433924,0.04411583837343841,True,2.845851331601531,1.3760720778005466,0.4835361786190526,0.7661927639664836,1.3760720778005466,0.4835361786190526,0.7661927639664836,0.0,-0.20114954585668424,0.0071053370380448795,-0.13306022528123276,0.13306022528123276,True,Q3
100096,2,0.5441542506792669,0.33012418354112766,0.15670814041682918,0.1125923020433924,0.04411583837343677,True,2.8693092208069366,1.3760720778005466,0.4795830535872162,0.7700000947119614,1.3760720778005466,0.4795830535872162,0.7700000947119614,0.0,-0.20114954585668424,0.021789118188322642,-0.0739531984002657,0.0804598183426737,True,Q3
100096,3,0.6674196502154506,0.22694794013285702,0.16061661708336064,0.1310804249384304,0.02953619214493025,True,2.169778524706455,1.3842942271253116,0.6379887215966384,0.5929703911154869,1.3842942271253116,0.6379887215966384,0.5929703911154869,0.0,-0.1505587195372402,0.0,-0.04965749800155569,0.06022348781489608,True,Q3
100096,4,0.48578469422261317,1.0186647765629424,0.4076815796220348,0.4014826951630442,0.006198884458990583,True,10.085977537898533,3.4426344893507026,0.341328788053993,0.8834946584455923,3.4426344893507026,0.341328788053993,0.8834946584455923,0.0,1.0131014259569715,-0.014518982106634173,-0.25863412956502374,0.4052405703827886,True,Q2
100096,5,0.41092897220817803,0.46528897111809503,0.4076815796220194,0.3609889153877583,0.046692664234261105,True,3.8151924117994844,3.4426344893507026,0.9023488510575381,0.18576655099514094,3.4426344893507026,0.9023488510575381,0.18576655099514094,0.0,-0.1636211789949484,-2.4209524796150453e-15,-4.476221764090848e-16,0.06544847159797937,True,Q4_worst_basis_fit
100097,1,0.15834561732356325,0.15834561732356325,0.04449040147865695,0.0319656445925051,0.012524756886151851,True,2.0615149959757844,0.3906752963953969,0.18950883071819574,0.9640864030798222,0.3906752963953969,0.18950883071819574,0.9640864030798222,0.0,-0.2011495458566843,0.0020172487409577168,-3.40168431617327e-17,0.08045981834267371,True,Q1_best_basis_fit
100097,2,0.34924060161188064,0.19716967924111828,0.049549962516352006,0.0557890275636455,-0.0062390650472934975,False,2.5044503934533524,0.41078260338611067,0.16402105805724831,0.9730970925137807,0.41078260338611067,0.16402105805724831,0.9730970925137807,0.0,-0.233805547032031,0.0025468063396513006,-0.03801334172508812,0.09352221881281239,True,Q1_best_basis_fit
100097,3,0.48939147683873724,0.17485421893490505,0.04938019258641191,0.0452162711780463,0.004163921408365606,True,2.0506846196141746,0.4094464976576761,0.19966331913812826,0.960134558990746,0.4094464976576761,0.19966331913812826,0.960134558990746,0.0,-0.1994421367197539,-8.696829207126804e-17,-0.0016759098827443407,0.07977685468790155,True,Q1_best_basis_fit
100097,4,0.6407275038586473,0.18681073224316042,0.07622297543457024,0.0602825098472226,0.015940465587347637,True,2.1214446768249946,0.6403197273024325,0.30183192345168786,0.9088974899854545,0.6403197273024325,0.30183192345168786,0.9088974899854545,0.0,-0.20114954585668424,0.0012279149741924295,-3.139442915703339e-17,0.0804598183426737,True,Q2
100097,5,0.8019690877788963,0.21676525902623908,0.12829828470407265,0.095844595642743,0.032453689061329644,True,2.301742011402098,1.0939730174150795,0.4752804667056017,0.7741084779681054,1.0939730174150795,0.4752804667056017,0.7741084779681054,0.0,-0.20114954585668432,0.0023680002175106765,4.777265822514254e-18,0.08045981834267373,True,Q3
100098,1,0.28988335407782406,0.28988335407782406,0.08261919576209094,0.1921184087571558,-0.10949921299506486,False,2.7076374417333082,0.7337366370360555,0.2709877717477382,0.9265656275631957,0.7337366370360555,0.2709877717477382,0.9265656275631957,0.0,-0.1684170785982275,0.01407308846265486,-0.22772439558386096,0.22772439558386096,True,Q2
100098,2,0.6750258798226711,0.4215355737007492,0.08261919576208143,0.1341739879367173,-0.05155479217463588,False,3.8772205556877517,0.7337366370360554,0.18924294517104231,0.9641871077029899,0.7337366370360554,0.18924294517104231,0.9641871077029899,0.0,-0.3586716020754122,0.02395990749644518,1.3248950547772864e-16,0.1434686408301649,True,Q1_best_basis_fit
100098,3,0.7814002547908281,0.3583461723604817,0.15052650213667199,0.1760255253042815,-0.02549902316760952,False,2.773623482573986,1.2508314138323633,0.4509737611074605,0.7966226667925911,1.2508314138323633,0.4509737611074605,0.7966226667925911,0.0,-0.21781209136594892,-0.013046098206930125,-0.0618416649809872,0.08712483654637956,True,Q2
100098,4,0.5166496396936021,0.6760427936898207,0.2575253924290783,0.2282084418719189,0.029316950557159382,True,7.218982823114514,2.1295049041307283,0.2949868362773009,0.9129827664231089,2.1295049041307283,0.2949868362773009,0.9129827664231089,0.0,0.6761134849013978,0.022581131176667615,0.0018512183604580527,0.2704453939605591,True,Q2
100098,5,0.6621491713628744,0.37210740356398,0.2659194920951472,0.25902267660539,0.00689681548975718,True,3.344831332663086,2.1922206023528372,0.6554054253633878,0.5704437284042367,2.1922206023528372,0.6554054253633878,0.5704437284042367,0.0,-0.24283261707923934,0.0,-0.02803953139985754,0.09713304683169574,True,Q3
100099,1,0.15457640706229356,0.15457640706229356,1.9428902930940238e-17,0.0,1.9428902930940238e-17,True,2.2192480927654334,2.7894008272968645e-16,1.256912571600301e-16,1.0,2.7894008272968645e-16,1.256912571600301e-16,1.0,0.0,-0.22082343866041937,-9.295887862629931e-20,-6.22764010245322e-18,0.08832937546416775,True,Q1_best_basis_fit
100099,2,0.3461567380455415,0.1927446356708213,0.08970483481670244,0.167788194063521,-0.07808335924681856,False,2.2406778730190413,0.7601154104849063,0.33923457701697346,0.8849199017561151,0.7601154104849063,0.33923457701697346,0.8849199017561151,0.0,-0.1473337287928641,0.003109723321896714,-0.17638945536593417,0.17638945536593417,True,Q2
100099,3,0.5020015414652572,0.22149390350126985,0.12728970591869057,0.141270682001335,-0.013980976082644425,False,2.2805102629773377,1.0516717957419859,0.46115635295101354,0.7873348181329203,1.0516717957419859,0.46115635295101354,0.7873348181329203,0.0,-0.20114954585668438,0.0017640922956545554,7.975662231346492e-17,0.08045981834267375,True,Q2
100099,4,0.7596736828801542,0.295155316124231,0.17778875235880146,0.1570179842031069,0.020770768155694563,True,2.6914981790298915,1.470556309608963,0.546370910099966,0.7014788285965349,1.470556309608963,0.546370910099966,0.7014788285965349,0.0,-0.202099752215697,0.01923608014014635,0.0009326764120396239,0.0808399008862788,True,Q3
100099,5,0.7195678553850446,0.20678539035944646,0.2152336966379831,0.1761123059421857,0.039121390695797426,True,1.9701325453254794,1.790148455256123,0.9086436643583177,0.17436669122148896,1.790148455256123,0.9086436643583177,0.17436669122148896,0.0,0.08313252501220876,0.0017431981281659295,-0.0059848459086822335,0.0332530100048835,True,Q4_worst_basis_fit
100100,1,0.6876604586416902,0.6876604586416902,0.023544062339246413,0.0827527757695187,-0.059208713430272286,False,6.695790873666663,0.24418512045765034,0.03646845086186702,0.9986700520917355,0.24418512045765034,0.03646845086186702,0.9986700520917355,0.0,-0.6041342120520431,0.03334236466538541,-0.12808369026794966,0.24165368482081723,True,Q1_best_basis_fit
100100,2,0.7869034085318657,0.13181928198316625,0.09212460919915723,0.1416216945933983,-0.04949708539424107,False,1.5045552465435252,0.7712220022500981,0.5125913481886805,0.7372501097621109,0.7712220022500981,0.5125913481886805,0.7372501097621109,0.0,-0.1060695192897145,0.003286064417995665,-0.06496922164515924,0.06496922164515924,True,Q3
100100,3,0.9811104131050439,0.2710173647974874,0.2252609331054408,0.1989161532168301,0.026344779888610698,True,2.77696997012232,1.8778230462875944,0.6762129466617459,0.5427360507670388,1.8778230462875944,0.6762129466617459,0.5427360507670388,0.0,-0.2011495458566843,0.006145538673197803,-3.40168431617327e-17,0.08045981834267371,True,Q3
100100,4,1.3487000153213144,0.5023578563111301,0.261446364127576,0.3836996337519371,-0.12225326962436112,False,5.302361127675501,2.183032657778696,0.41170953943224053,0.8304952551404924,2.183032657778696,0.41170953943224053,0.8304952551404924,0.0,-0.37543358858227466,3.1805546814635168e-15,-0.31189933028813316,0.31189933028813316,True,Q2
100100,5,1.6031092858371832,0.4454911249210529,0.3038803073212648,0.348652074006117,-0.044771766684852166,False,4.212567642302856,2.5215748656403196,0.5985838281428443,0.6416974006858578,2.5215748656403196,0.5985838281428443,0.6416974006858578,0.0,-0.3259896371043655,0.0018074397243152433,-0.031824787007631264,0.1303958548417462,True,Q3
100101,1,0.3279660130460059,0.3279660130460059,0.0683961456526068,0.0632080521333827,0.005188093519224099,True,3.585316977268466,0.5824597219820257,0.1624569670338555,0.9736077338621608,0.5824597219820257,0.1624569670338555,0.9736077338621608,0.0,-0.3631336125848567,-0.004867069802969127,0.041262631625007644,0.1452534450339427,True,Q1_best_basis_fit
100101,2,0.5643091183342743,0.29896490089013417,0.1543052083754738,0.1761138198610327,-0.021808611485558904,False,2.015253227610294,1.2780629260523515,0.6341947049343721,0.5977970762332048,1.2780629260523515,0.6341947049343721,0.5977970762332048,0.0,-0.08286418963547924,-0.014199987455456583,-0.1482940425754763,0.1482940425754763,True,Q3
100101,3,0.5906978294937515,0.33511592517927613,0.15430520837546877,0.3440688576794141,-0.18976364930394532,False,2.1064431915714388,1.2780629260523515,0.6067398025098873,0.631866812050263,1.2780629260523515,0.6067398025098873,0.631866812050263,0.0,0.12294248119395859,-0.017403375231033382,0.05642079210001995,0.05642079210001995,True,Q3
100101,4,0.7743165000479838,0.31101761011553136,0.16586592498154892,0.2109162629378342,-0.04505033795628527,False,1.8809628536586962,1.382756151563509,0.7351320887990339,0.4595808120179693,1.382756151563509,0.7351320887990339,0.4595808120179693,0.0,-0.05489110412943272,-0.017403375231032584,-0.09823331126018482,0.09823331126018482,True,Q3
100101,5,1.1627921963652657,0.5160375298059292,0.21411212735474527,0.1977798667494394,0.016332260605305876,True,4.225194599011567,1.77045542185608,0.41902340362506774,0.8244193872144636,1.77045542185608,0.41902340362506774,0.8244193872144636,0.0,-0.3738249325013836,-0.015158754823609826,-0.00011455143159560827,0.14952997300055343,True,Q2
100102,1,0.6744295715602885,0.6744295715602885,1.0338910413441097e-16,0.0,1.0338910413441097e-16,True,7.764233907546756,1.0114613123884174e-15,1.3027187542679355e-16,1.0,1.0114613123884174e-15,1.3027187542679355e-16,1.0,0.0,-0.7674779383466398,-0.017403375231032598,-8.44593492366208e-17,0.30699117533865594,True,Q1_best_basis_fit
100102,2,1.0879246172298425,0.4136442589507235,1.2919697840072124e-16,0.0,1.2919697840072124e-16,True,4.060903223864616,1.0470144814400682e-15,2.578279815404372e-16,1.0,1.0470144814400682e-15,2.578279815404372e-16,1.0,0.0,-0.39425161329585684,-0.017403375231032598,1.1888276821303556e-16,0.15770064531834274,True,Q1_best_basis_fit
100102,3,1.304832557154692,0.2663913564617621,0.10539945866174597,0.1523352485457949,-0.04693578988404892,False,1.8797635577527512,0.8802972167916943,0.4683020974425558,0.780693145530903,0.8802972167916943,0.4683020974425558,0.780693145530903,0.0,-0.11850528287933178,-0.013466789608528651,-0.09470587153604246,0.09470587153604246,True,Q2
100102,4,1.4148980533316784,0.24617488708919458,0.10218879900864723,0.1039072762302183,-0.001718477221571063,False,1.248920441021342,0.844699405803986,0.6763436469285488,0.5425592712593905,0.844699405803986,0.6763436469285488,0.5425592712593905,0.0,0.02946630449022069,-0.01740337523103219,-0.028922693357431684,0.028922693357431684,True,Q3
100102,5,1.5310647548167824,0.2267782077075381,0.14494831392218957,0.1467788743820003,-0.0018305604598107261,False,1.3978484239691908,1.1968027456709334,0.8561749079149882,0.26696452705676144,1.1968027456709334,0.8561749079149882,0.26696452705676144,0.0,-0.02951817389135899,-0.010368339643456834,-0.05266335379206115,0.05266335379206115,True,Q4_worst_basis_fit
100103,1,0.17479724122563547,0.17479724122563547,0.017900864877121152,0.0315402874145651,-0.013639422537443945,False,0.9708583000542539,0.13680114948573474,0.14090743157687374,0.9801450957264086,0.13680114948573474,0.14090743157687374,0.9801450957264086,0.0,0.04593941715771144,-0.01740337523103219,-0.04509190067972689,0.04509190067972689,True,Q1_best_basis_fit
100103,2,0.4492837658215223,0.29426684357552807,0.01790086487711795,0.0224054105736011,-0.004504545696483151,False,1.487014885654125,0.13680114948573474,0.09199716210342918,0.9915365221649154,0.13680114948573474,0.09199716210342918,0.9915365221649154,0.0,-3.3823950736733344e-17,-0.028954903342479486,7.643625316022806e-17,0.024129086118732906,True,Q1_best_basis_fit
100103,3,0.7178521927913243,0.3682532475507338,0.15526126930617945,0.1488251039512438,0.006436165354935658,True,3.1844200959394047,1.353879483306775,0.42515731044191274,0.8192412613777991,1.353879483306775,0.42515731044191274,0.8192412613777991,0.0,-0.24760365704037962,-0.010445567172254252,-0.1066314745091979,0.1066314745091979,True,Q2
100103,4,0.8813328509549824,0.27547265765609563,0.15521799002169362,0.1416883380657684,0.013529651955925232,True,1.6203040140001959,1.3539878647408947,0.835638159901967,0.3017088657156545,1.3539878647408947,0.835638159901967,0.3017088657156545,0.0,0.0007460897525209729,-0.017403375231033504,-0.0007323254647166661,0.01450281269252792,True,Q4_worst_basis_fit
100103,5,1.1203688046929727,0.3389711522201472,0.15557243414008048,0.1387249828978121,0.016847451242268385,True,1.8709496946078392,1.3532803152071928,0.7233119731157964,0.4768197895473334,1.3532803152071928,0.7233119731157964,0.4768197895473334,0.0,-0.005446845814278877,-0.02524936987651635,0.005346359306912085,0.021041141563763625,True,Q3
100104,1,0.7729601431862408,0.7729601431862408,0.1106189478212686,0.4357188768658322,-0.32509992904456364,False,8.92577642159313,0.9134291474538972,0.10233609988752806,0.9895273226598099,0.9134291474538972,0.10233609988752806,0.9895273226598099,0.0,-0.8449284776939124,-0.012932699817090559,-0.1179903957637114,0.33797139107756496,True,Q1_best_basis_fit
100104,2,0.7641498764993316,0.330212953996404,0.11061894782126445,0.3248661819161143,-0.21424723409484986,False,2.1930955757033486,0.9134291474538972,0.4165022070052515,0.8265259115597546,0.9134291474538972,0.4165022070052515,0.8265259115597546,0.0,0.17753114902762954,-0.017403375231033243,4.969982758673552e-16,0.07101245961105182,True,Q2
100104,3,0.6830861900573384,0.1470428176398298,0.11061894782126445,0.1968606976003775,-0.08624174977911304,False,1.1068274794770316,0.9134291474538972,0.8252678618762576,0.31893295615419015,0.9134291474538972,0.8252678618762576,0.31893295615419015,0.0,2.792192120976294e-17,0.012223120920826114,-9.134403303190375e-18,0.010185934100688429,True,Q4_worst_basis_fit
100104,4,1.6045148162134868,1.0000585481995736,0.11061894782126468,0.141906411512612,-0.031287463691347314,False,11.663133730582102,0.913429147453897,0.07831764331560212,0.9938663467454901,0.913429147453897,0.07831764331560212,0.9938663467454901,0.0,-1.1535664388358653,-0.01740337523103259,-2.4860755815092617e-16,0.46142657553434613,True,Q1_best_basis_fit
100104,5,1.6476694982840976,0.2321862593236016,0.16643384617695628,0.155798262002214,0.01063558417474228,True,1.645092039828531,1.378209989351436,0.8377707483741078,0.29814017316868735,1.378209989351436,0.8377707483741078,0.29814017316868735,0.0,0.07738104011818853,-0.008790830826369288,3.3184717994350077e-16,0.03095241604727541,True,Q4_worst_basis_fit
100105,1,0.1738483562041446,0.1738483562041446,0.007801115042635775,0.0375500324753372,-0.029748917432701423,False,0.9936239083357153,0.09444313278832855,0.09504917504100464,0.9909656543240245,0.09444313278832855,0.09504917504100464,0.9909656543240245,0.0,-0.010298839849728708,-0.017403375231032584,-0.07745508240677847,0.07745508240677847,True,Q1_best_basis_fit
100105,2,0.6167207870307382,0.49361817047083606,0.027809539198920978,0.0905308222970282,-0.06272128309810723,False,4.855677056575213,0.2941358819266508,0.06057566813022561,0.9963305884305768,0.2941358819266508,0.06057566813022561,0.9963305884305768,0.0,0.4982230041153853,-0.017403375231032584,-0.08416161758912795,0.1992892016461541,True,Q1_best_basis_fit
100105,3,0.5765886143309183,0.06548792279298404,0.03711759231423334,0.0700927187441258,-0.03297512642989246,False,0.4553138769997674,0.3518360778835515,0.7727330434159625,0.40288364361310414,0.3518360778835515,0.7727330434159625,0.40288364361310414,0.0,-0.025015718953096597,0.004122549252939368,0.024554214751843807,0.024554214751843807,True,Q4_worst_basis_fit
100105,4,0.6866760103744717,0.2697879173911269,0.054142021184689464,0.0682969391832542,-0.01415491799856474,False,1.6278674132083577,0.4673544495228438,0.28709613923761557,0.9175758068348556,0.4673544495228438,0.28709613923761557,0.9175758068348556,0.0,-0.11846740737588109,-0.021775204715703867,0.035456512730571293,0.04738696295035243,True,Q2
100105,5,0.8984358692273244,0.3480148586666525,0.10268848750906222,0.0952555663903619,0.0074329211187003225,True,1.9719175718907949,0.84691354264981,0.429487294358728,0.8155406639844194,0.84691354264981,0.429487294358728,0.8155406639844194,0.0,-0.10933020440984546,-0.026590781900759263,-0.016573531379814405,0.04373208176393818,True,Q2
100106,1,0.27982576621672395,0.27982576621672395,0.10536740984320972,0.1479132631714894,-0.042545853328279676,False,2.120826471311953,0.8689360105214993,0.40971575104113606,0.8321330033487978,0.8689360105214993,0.40971575104113606,0.8321330033487978,0.0,-0.13032177443598758,-0.013296751072438195,-0.1436524459231503,0.1436524459231503,True,Q2
100106,2,0.6933809708640399,0.5526960582172051,0.10536740984321054,0.1144725649637617,-0.009105155120551156,False,2.7425703149284897,0.8689360105214993,0.3168327192165923,0.89961702803382,0.8689360105214993,0.3168327192165923,0.89961702803382,0.0,-8.822843226554115e-17,-0.05086733360770001,1.478851763270228e-16,0.042389444673083344,True,Q2
100106,3,1.0641204414336018,0.4675658258275938,0.13687609426206485,0.2703521116164841,-0.13347601735441925,False,3.0699430704370547,1.2248281880599186,0.3989742350126203,0.8408195597960945,1.2248281880599186,0.3989742350126203,0.8408195597960945,0.0,-0.12851865036119603,-0.03282487615177302,-0.2594895104694021,0.2594895104694021,True,Q2
100106,4,1.2554740858183555,0.383044553591251,0.19517200686870645,0.2418093242022514,-0.04663731733354495,False,2.118560737150686,1.6583951031614237,0.78279327756817,0.38723468459408183,1.6583951031614237,0.78279327756817,0.38723468459408183,0.0,0.12013756627499333,-0.017403375231033382,-0.10059272284777533,0.10059272284777533,True,Q4_worst_basis_fit
100106,5,1.4195328822692241,0.33691775560734194,0.1938790793793828,0.2221199764094968,-0.02824089703011398,False,1.8756590627879597,1.650843739992184,0.8801406250976057,0.22535248005279607,1.650843739992184,0.8801406250976057,0.22535248005279607,0.0,0.003453302631208312,-0.017403375231032834,-0.0033895941415387886,0.014502812692527362,True,Q4_worst_basis_fit
100107,1,0.17293163443068202,0.17293163443068202,0.015736036044131048,0.0277259843591286,-0.011989948314997553,False,0.9530823669543447,0.12025719617256043,0.1261771283806797,0.9840793322736054,0.12025719617256043,0.1261771283806797,0.9840793322736054,0.0,0.04038376520925416,-0.017403375231032584,-0.03963874255604098,0.03963874255604098,True,Q1_best_basis_fit
100107,2,0.33973120170397486,0.2096874451879884,0.10568899243084268,0.1022878340511252,0.003401158379717481,True,1.2413819953172904,0.9121446789142754,0.7347816243147108,0.46009596456943513,0.9121446789142754,0.7347816243147108,0.46009596456943513,0.0,-0.03216480960719974,-0.012713216438975147,-0.057562255375993104,0.057562255375993104,True,Q3
100107,3,0.5142429389582969,0.27603310654205515,0.181973828078595,0.1497915518875062,0.03218227619108879,True,1.7340514672615712,1.5806724523272002,0.9115487528310862,0.16907887121209142,1.5806724523272002,0.9115487528310862,0.16907887121209142,0.0,-1.9417254627748964e-17,-0.013943093103075031,2.81079413216867e-17,0.011619244252562527,True,Q4_worst_basis_fit
100107,4,0.5223985015623133,0.19981351732499467,0.21213493071609693,0.1893802783952245,0.022754652320872426,True,1.8964894683463944,1.8075791717506955,0.9531184865090643,0.09156515067467064,1.8075791717506955,0.9531184865090643,0.09156515067467064,0.0,-0.036437612399860896,0.004202715430608984,-0.04676910138521745,0.04676910138521745,True,Q4_worst_basis_fit
100107,5,0.6906919224689411,0.35086798544608083,0.21600338505933764,0.2037233243029169,0.012280060756420741,True,2.1006404125004225,1.8206413838738016,0.866707777799374,0.24881762790207096,1.8206413838738016,0.866707777799374,0.24881762790207096,0.0,-0.013327699941887552,-0.018717519780578007,-0.0709129471685615,0.0709129471685615,True,Q4_worst_basis_fit
100108,1,0.5355123307673394,0.5355123307673394,9.472572298618685e-17,0.0,9.472572298618685e-17,True,5.784969278165433,1.0355470984145593e-15,1.7900649919146307e-16,1.0,1.0355470984145593e-15,1.7900649919146307e-16,1.0,0.0,0.5687732356167515,-0.0174033752310326,2.0025214125807267e-16,0.2275092942467006,True,Q1_best_basis_fit
100108,2,0.8484448298767233,0.3137130261195,0.02644214240408667,0.0791908213231812,-0.05274867891909453,False,2.3470367722608203,0.25377919422829903,0.10812748961910904,0.9883084459886695,0.25377919422829903,0.10812748961910904,0.9883084459886695,0.0,0.24253169307549452,-0.017403375231032584,-0.10415273443193734,0.10415273443193734,True,Q1_best_basis_fit
100108,3,0.6684264818746148,0.6690689308565191,0.12334073215643811,0.113874906780991,0.009465825375447101,True,6.520179113401399,1.0256390464627814,0.15730228090739268,0.9752559924213318,1.0256390464627814,0.15730228090739268,0.9752559924213318,0.0,-0.6325966666575839,-0.021163460877255208,0.0033839293731166512,0.25303866666303354,True,Q1_best_basis_fit
100108,4,1.111111337217811,0.5150747497313779,0.12334073215643818,0.1050332435043205,0.018307488652117676,True,2.584286061997641,1.0256390464627816,0.39687519951640626,0.8424900760088128,1.0256390464627816,0.39687519951640626,0.8424900760088128,0.0,-8.844800129882263e-18,-0.046384765996316406,1.4094628242311558e-16,0.038653971663597006,True,Q2
100108,5,1.2770236148046386,0.2718375046420357,0.16633886428141756,0.1315387096443376,0.03480015463707997,True,1.6045953657181609,1.3969316933126377,0.8705819069142205,0.24208714335359927,1.3969316933126377,0.8705819069142205,0.24208714335359927,0.0,-5.846316860178818e-18,-0.01543845614987228,-1.745565497701662e-17,0.012865380124893567,True,Q4_worst_basis_fit
100109,1,0.3319931559023144,0.3319931559023144,0.026995176259008803,0.0475639374890848,-0.020568761230075998,False,2.9562052137997856,0.20630126913712332,0.06978584171832648,0.9951299362956647,0.20630126913712332,0.06978584171832648,0.9951299362956647,0.0,-0.2989964166555123,-0.017403375231033382,0.06800027904007347,0.11959856666220492,True,Q1_best_basis_fit
100109,2,0.483525479969614,0.19445328020547187,0.059586508498946096,0.0722160515996054,-0.0126295431006593,False,1.0270983540046452,0.49545316194879974,0.4823814194785079,0.7673081661418998,0.49545316194879974,0.4823814194785079,0.7673081661418998,0.0,-0.01645078386770934,-0.015291805289294785,-0.06926768652110343,0.06926768652110343,True,Q3
100109,3,0.8390301807253874,0.39956895109642077,0.07037974207308574,0.1183831491658337,-0.04800340709274796,False,3.71725512476239,0.6106947181807667,0.16428646882820636,0.9730099561599588,0.6106947181807667,0.16428646882820636,0.9730099561599588,0.0,-0.30244725855193494,-0.017403375231032584,-0.15833555339261732,0.15833555339261732,True,Q1_best_basis_fit
100109,4,0.9822457386254995,0.23349012905045444,0.0954109944419308,0.104886057043841,-0.009475062601910209,False,1.1813410746901438,0.8011387364503904,0.6781604005943183,0.5400984710657539,0.8011387364503904,0.6781604005943183,0.5400984710657539,0.0,-2.070977765461672e-17,-0.016977128988015094,1.3931997916438732e-17,0.014147607490012579,True,Q3
100109,5,1.1295645223749755,0.23760965006023452,0.09617373211697017,0.0941649699633304,0.002008762153639765,True,1.2051352217146947,0.810830126936239,0.6728125710097252,0.5473232442912834,0.810830126936239,0.6728125710097252,0.5473232442912834,0.0,-0.006741803212290049,-0.017403375231032636,0.006617426594839103,0.014502812692527197,True,Q3
100110,1,0.34633031752707805,0.34633031752707805,0.1386983575906246,0.2439919745986417,-0.10529361700801709,False,2.4876529875486932,1.159884762995519,0.46625665589253146,0.7826047308359135,1.159884762995519,0.46625665589253146,0.7826047308359135,0.0,0.26692090639062344,-0.012418758549229691,-0.2638814462717359,0.2638814462717359,True,Q2
100110,2,0.4849109446582805,0.28366241950012483,0.14697768308981754,0.223904887614394,-0.07692720452457646,False,1.6503736596120873,1.25384767101874,0.7597356293928317,0.42280177343107794,1.25384767101874,0.7597356293928317,0.42280177343107794,0.0,-0.036041552885589474,-0.017403375231033382,-0.06450008865848461,0.06450008865848461,True,Q3
100110,3,0.636033005957058,0.2826549592171967,0.14732285852586652,0.1799714461538602,-0.03264858762799369,False,1.5415016076509174,1.2584157319140161,0.8163570674646953,0.333561138400443,1.2584157319140161,0.8163570674646953,0.333561138400443,0.0,-0.002967404719374062,-0.017403375231033108,0.002912660350548395,0.014502812692527591,True,Q4_worst_basis_fit
100110,4,0.7891449655242934,0.2778647639891327,0.14732285852586666,0.1612825731183079,-0.013959714592441247,False,1.5718225518826605,1.2584157319140161,0.8006092865932867,0.35902477022058865,1.2584157319140161,0.8006092865932867,0.35902477022058865,0.0,-0.030660837069357096,-0.017403375231032584,-1.7564075194265172e-17,0.014502812692527154,True,Q4_worst_basis_fit
100110,5,1.0872295944050576,0.46733879653003113,0.14744375253048708,0.1531538188787038,-0.005710066348216719,False,2.668392672448336,1.2600249593321529,0.47220372486484136,0.7770236422237692,1.2600249593321529,0.47220372486484136,0.7770236422237692,0.0,-0.15307574837188542,-0.03484572983925992,0.00101922760474326,0.061230299348754166,True,Q3
100111,1,0.4025042447758939,0.4025042447758939,0.0344430537111361,0.1031525233689593,-0.06870946965782321,False,4.655048098422558,0.3305681621403679,0.07101283491622493,0.9949571772771609,0.3305681621403679,0.07101283491622493,0.9949571772771609,0.0,-0.4156072843563992,-0.011252105864979017,-0.13566745732546742,0.16624291374255967,True,Q1_best_basis_fit
100111,2,0.530422351634967,0.15233028533271786,0.05573320150514055,0.1295571370135369,-0.07382393550839636,False,1.1067827594253907,0.5349009453769134,0.4832935287631498,0.7664273650556626,0.5349009453769134,0.4832935287631498,0.7664273650556626,0.0,-0.04685931072037588,-0.011252105864979812,-0.08385958578239242,0.08385958578239242,True,Q3
100111,3,0.6239384504017019,0.1545952853671714,0.08607345509832778,0.1174650616609145,-0.031391606562586716,False,0.8702476027606941,0.7535830975679038,0.8659410208971624,0.2501461483275801,0.7535830975679038,0.8659410208971624,0.2501461483275801,0.0,-1.0019965135766813e-17,-0.00851122801067207,5.800481622797449e-18,0.007092690008893392,True,Q4_worst_basis_fit
100111,4,0.7349221875101477,0.17359376122487313,0.0860734550983278,0.1026850477196623,-0.016611592621334506,False,1.7536079643037217,0.7535830975679036,0.42973293513018307,0.8153296044643978,0.7535830975679036,0.42973293513018307,0.8153296044643978,0.0,-0.15755345843877047,-0.000215181149018708,-3.944717138658002e-17,0.0630213833755082,True,Q2
100111,5,0.8051188398483232,0.17849217179261742,0.08516248733104068,0.09670596939754,-0.011543482066499328,False,0.9396504444119809,0.7401321427450697,0.7876675280116887,0.37957986531595567,0.7401321427450697,0.7876675280116887,0.37957986531595567,0.0,0.008048182876534363,-0.011252105864979614,-0.007899705424539698,0.009376754887483012,True,Q4_worst_basis_fit
100112,1,0.26948714931135387,0.26948714931135387,0.0804755424379498,0.1851333636858441,-0.1046578212478943,False,2.396431904697849,0.6840548905936675,0.28544724732327237,0.9185198689955666,0.6840548905936675,0.28544724732327237,0.9185198689955666,0.0,-0.07648767790901365,-0.008605074156316594,-0.3638720429429173,0.3638720429429173,True,Q2
100112,2,0.34031757250115713,0.17268772885326578,0.08410370425945705,0.1460169942402468,-0.06191328998078975,False,0.9698134523370228,0.7335843605955364,0.7564180088735316,0.42783179585180187,0.7335843605955364,0.7564180088735316,0.42783179585180187,0.0,-0.03378832541903491,-0.0112521058649818,0.03316497918767498,0.03316497918767498,True,Q3
100112,3,0.5396776303191682,0.2917481574340177,0.2192809480716075,0.2641422498569936,-0.04486130178538608,False,2.177247276285674,1.813654184138189,0.8330033083023234,0.3061054883573844,1.813654184138189,0.8330033083023234,0.3061054883573844,0.0,-0.08447019103743936,-0.005626054030455793,-0.09201196754301477,0.09201196754301477,True,Q4_worst_basis_fit
100112,4,1.231698423537033,0.9438374354830432,0.21928094807161064,0.6660247098706009,-0.4467437617989903,False,4.841561694890328,1.813654184138189,0.3746010685048747,0.8596740394750062,1.813654184138189,0.3746010685048747,0.8596740394750062,0.0,1.0564863475090503e-17,-0.08147918226198994,-0.36216730422843785,0.36216730422843785,True,Q2
100112,5,1.3404817778590785,0.30544499248937046,0.21928094807160806,0.425472691174819,-0.20619174310321095,False,1.942534189148338,1.8136541841381888,0.9336536748078272,0.12829081551783994,1.8136541841381888,0.9336536748078272,0.12829081551783994,0.0,-0.03892044692223369,-0.011252105864980107,-5.171644362755856e-17,0.015568178768893475,True,Q4_worst_basis_fit
100113,1,0.11826390629748414,0.11826390629748414,0.05225312601386748,0.0375430385199435,0.014710087493923982,True,0.6524617491043084,0.45884066707842064,0.7032453131671114,0.5054460295084915,0.45884066707842064,0.7032453131671114,0.5054460295084915,0.0,-7.370724908769574e-18,-0.009070786180241165,1.5720931501039814e-18,0.007558988483534305,True,Q3
100113,2,0.24227661941676015,0.17417546295933622,0.11898726762526096,0.0854904559695682,0.033496811655692765,True,1.1263498799051381,1.0448407859182238,0.9276343031227747,0.13949459966992406,1.0448407859182238,0.9276343031227747,0.13949459966992406,0.0,3.4055429086203175e-18,-0.008226299066096187,-2.168404344971009e-18,0.006855249221746823,True,Q4_worst_basis_fit
100113,3,0.545340961967815,0.4324282801609045,0.25651990952782167,0.3577041073357925,-0.10118419780797083,False,3.865206561586359,2.1153760640798716,0.547286679346751,0.7004772906096066,2.1153760640798716,0.547286679346751,0.7004772906096066,0.0,-0.19337760157137512,-0.006629730221765493,-0.34606922974469995,0.34606922974469995,True,Q3
100113,4,0.726565965030541,0.42278125880015965,0.25651990952782455,0.2773769812254137,-0.020857071697589158,False,2.450998238887993,2.1153760640798716,0.863067149750221,0.25511509502202967,2.1153760640798716,0.863067149750221,0.25511509502202967,0.0,-1.2774374693993032e-16,-0.024208257720205687,1.8778381627448937e-16,0.020173548100171405,True,Q4_worst_basis_fit
100113,5,1.0369772755552704,0.5263931886764044,0.25651990952782455,0.2450435675601923,0.011476341967632253,True,4.407624932956613,2.1153760640798716,0.4799355880448947,0.7696618313280011,2.1153760640798716,0.4799355880448947,0.7696618313280011,0.0,-0.3804796217701994,-0.011252105864979694,-1.1525069093520912e-16,0.15219184870807975,True,Q3
100114,1,0.23369637616977296,0.23369637616977296,0.04857095202086449,0.14546376574713,-0.0968928137262655,False,1.989111356504983,0.46616105754158305,0.23435644063722144,0.9450770587318525,0.46616105754158305,0.23435644063722144,0.9450770587318525,0.0,-0.10690397054785106,-0.014842550218437996,-0.19131571828131136,0.19131571828131136,True,Q2
100114,2,0.3616994603741442,0.1610908073733575,0.06761713434773499,0.1503856736790567,-0.08276853933132171,False,1.1129393929422298,0.6489573200446274,0.5831021205287801,0.6599919170348401,0.6489573200446274,0.5831021205287801,0.6599919170348401,0.0,-0.0419203748291212,-0.011252105864980608,-0.07502084889789282,0.07502084889789282,True,Q3
100114,3,0.5538973283476306,0.27284632412006227,0.11362062156063366,0.1435971985249279,-0.029976576964294233,False,1.3839589906122596,0.9646992841659389,0.697057709592362,0.5141105494978504,0.9646992841659389,0.697057709592362,0.5141105494978504,0.0,0.017724725794349222,-0.019210298436892117,-0.017397729978818968,0.017397729978818968,True,Q3
100114,4,0.6392062463531788,0.19665255576688492,0.11238616578981162,0.1310783858295484,-0.01869222003973678,False,1.1129766169723683,0.9481770316973356,0.8519289778761595,0.2742170166548821,0.9481770316973356,0.8519289778761595,0.2742170166548821,0.0,0.011718207724886607,-0.011252105864979614,-0.011502023568583744,0.011502023568583744,True,Q4_worst_basis_fit
100114,5,0.8930114675261689,0.35444012039488104,0.11397716612599001,0.1401946073949336,-0.026217441268943598,False,2.598960812873547,0.9635917207553018,0.3707603885300234,0.8625367342970661,0.9635917207553018,0.3707603885300234,0.8625367342970661,0.0,-0.20468229907607108,-0.0179236625149291,-0.055886735675416466,0.08187291963042843,True,Q2
100115,1,0.17370482882478813,0.17370482882478813,0.04110551391919994,0.1231057362307149,-0.08200022231151496,False,1.4291307908105861,0.3945113085519558,0.27604982769155345,0.9237964926314637,0.3945113085519558,0.27604982769155345,0.9237964926314637,0.0,-0.054448830994525785,-0.011252105864979017,-0.17793539524068228,0.17793539524068228,True,Q2
100115,2,0.5598979941896821,0.4158820975518743,0.13738017152626522,0.2813982045751926,-0.14401803304892738,False,2.902196690225655,1.1817988493986045,0.407208392656087,0.8341813249504461,1.1817988493986045,0.407208392656087,0.8341813249504461,0.0,-0.1490858978305606,-0.026877480577329672,-0.21392751901488696,0.21392751901488696,True,Q2
100115,3,0.565640396789088,0.22002163369332245,0.18889135286842856,0.3513809966056866,-0.16248964373725805,False,1.9609298865369635,1.6352128781493325,0.8338966575888886,0.30461636446207985,1.6352128781493325,0.8338966575888886,0.30461636446207985,0.0,-0.0032428235945820357,0.008791903344077288,-0.20881020023551944,0.20881020023551944,True,Q4_worst_basis_fit
100115,4,0.7861725042288663,0.34984297552748245,0.2134784161158128,0.3344036997120235,-0.12092528359621069,False,2.943959508485231,1.8593018283922973,0.631565014068068,0.601125633005201,1.8593018283922973,0.631565014068068,0.601125633005201,0.0,-0.1877069140697962,-0.011252105864979812,-0.09859991401558604,0.09859991401558604,True,Q3
100115,5,0.9824706608894581,0.371694555707222,0.22649765133242825,0.3098341467173133,-0.08333649538488505,False,2.3785747484007875,1.9791468540666046,0.8320725911167036,0.30765520311233496,1.9791468540666046,0.8320725911167036,0.30765520311233496,0.0,-0.06642498330865193,-0.01983903451066726,-0.052059039965342585,0.052059039965342585,True,Q4_worst_basis_fit
100116,1,0.2395313570303467,0.2395313570303467,0.12516785499152788,0.1799349776185483,-0.05476712262702041,False,1.9691417989630158,1.0317760076398086,0.5239724270660242,0.7254528956745399,1.0317760076398086,0.5239724270660242,0.7254528956745399,0.0,-0.09344641636478176,-0.007633582900064988,-0.18579125556079182,0.18579125556079182,True,Q3
100116,2,0.3925034950457444,0.25256035496342316,0.1399721505831892,0.2225903964882815,-0.08261824590509229,False,1.7276504436683857,1.182333160821124,0.6843590178523794,0.5316527346841267,1.182333160821124,0.6843590178523794,0.5316527346841267,0.0,-0.06735786526420479,-0.011252105864979812,-0.12054387043696366,0.12054387043696366,True,Q3
100116,3,0.9436960077239129,0.6590189542586815,0.13997215058318685,0.174583755727402,-0.03461160514421516,False,7.093813706159597,1.1823331608211243,0.16667101925646818,0.9722207713400101,1.1823331608211243,0.16667101925646818,0.9722207713400101,0.0,-0.6936285602440065,-0.011252105864980072,-1.8640145850457035e-16,0.2774514240976026,True,Q1_best_basis_fit
100116,4,1.7100043943429013,0.8660691083710419,0.1603831862264212,0.2912831520159496,-0.13089996578952842,False,10.0518190736329,1.419698436720562,0.14123796163866473,0.980051838192155,1.419698436720562,0.14123796163866473,0.980051838192155,0.0,-0.922259412927671,-0.011252105864979017,-0.21304988134092118,0.3689037651710684,True,Q1_best_basis_fit
100116,5,1.4566589561641643,0.3335282017158142,0.1623807112564569,0.2177004982485657,-0.055319786992108794,False,2.703501846529388,1.4498751049642082,0.5362952153428269,0.712387442000391,1.4498751049642082,0.5362952153428269,0.712387442000391,0.0,0.20159740071224136,0.01843222957278794,0.017092519600588323,0.08063896028489655,True,Q3
100117,1,0.1228344861159133,0.1228344861159133,0.02060767685561925,0.2023632015524251,-0.18175552469680584,False,0.7283931585453831,0.15748702095855785,0.2162115598024875,0.9532525614077754,0.15748702095855785,0.2162115598024875,0.9532525614077754,0.0,0.052885973399623115,-0.011252105864979415,-0.05191030290392312,0.05191030290392312,True,Q1_best_basis_fit
100117,2,0.23884107055296847,0.14962369340727708,0.025957653993550028,0.1122471235175491,-0.08628946952399907,False,1.0060874397939115,0.19837236517039752,0.19717209193172358,0.961123166163268,0.19837236517039752,0.19717209193172358,0.961123166163268,0.0,0.013729774131614182,-0.011252105864979017,-0.1916214525790706,0.1916214525790706,True,Q1_best_basis_fit
100117,3,0.8734585720642993,0.6931034606416553,0.049925542540481836,0.4342625569725462,-0.38433701443206436,False,8.458764634672743,0.381538638223408,0.04510571634295971,0.9979654743531885,0.381538638223408,0.04510571634295971,0.9979654743531885,0.0,0.8947654399248391,-0.011252105864980608,-0.19719032479884288,0.3579061759699357,True,Q1_best_basis_fit
100117,4,0.9145947794775601,0.09644081943898801,0.04992554254048143,0.2292239343108297,-0.1792983917703483,False,0.47640715247282994,0.38153863822340806,0.8008667297352713,0.35861248120313205,0.38153863822340806,0.8008667297352713,0.35861248120313205,0.0,1.2847209281007094e-16,-0.005578834201773733,-8.826760936747613e-17,0.004649028501478111,True,Q4_worst_basis_fit
100117,5,0.8027507462202839,0.3625968684088481,0.04272770179157827,0.2988121453502524,-0.25608444355867416,False,2.1852617499212945,0.37961155983779904,0.17371445770808522,0.9698232871831859,0.37961155983779904,0.17371445770808522,0.9698232871831859,0.0,0.18140145167856783,0.031046416849199412,-0.16282846498359382,0.16282846498359382,True,Q1_best_basis_fit
100118,1,0.23121975300208106,0.23121975300208106,4.407713272373943e-17,0.0,4.407713272373943e-17,True,2.119079551604736,2.280353229183044e-16,1.0761055324497747e-16,1.0,2.280353229183044e-16,1.0761055324497747e-16,1.0,0.0,-0.202933815717117,-0.011252105864979699,-3.854338723185968e-17,0.08117352628684679,True,Q1_best_basis_fit
100118,2,0.361206096276249,0.16010287000113094,0.0608884237579443,0.0437473635276175,0.0171410602303268,True,0.8661568852380689,0.5346682027604279,0.6172879438734368,0.6189555943485048,0.5346682027604279,0.6172879438734368,0.6189555943485048,0.0,-7.649761307396355e-18,-0.013325354855369264,3.496552006265752e-17,0.011104462379474387,True,Q3
100118,3,1.0986172041318873,0.7935005023110053,0.24982197727994737,0.2304831692314898,0.019338808048457584,True,6.8224760515478,2.1111387589304353,0.30943879362559085,0.904247632999539,2.1111387589304353,0.30943879362559085,0.904247632999539,0.0,-0.5892354279607296,-0.027892242382907283,-0.13049180114128991,0.23569417118429184,True,Q2
100118,4,1.2129154220307057,0.3908798031348526,0.3464780699549938,0.2775617346890796,0.06891633526591423,True,2.975700973666873,2.9549540357923565,0.9930278821500835,0.013895625272519752,2.9549540357923565,0.9930278821500835,0.013895625272519752,0.0,5.680232848725317e-17,-0.006859316061263471,3.1821333762449555e-17,0.0057160967177195595,True,Q4_worst_basis_fit
100118,5,1.2940007423933788,0.4224235969516606,0.3470151241961878,0.2687578181150275,0.07825730608116027,True,3.0127518452500777,2.956692180862608,0.9813925383612813,0.03686868564880097,2.956692180862608,0.9813925383612813,0.03686868564880097,0.0,-0.006487351901786392,-0.0112521058649797,0.0020421915130680677,0.009376754887483085,True,Q4_worst_basis_fit
100119,1,0.12340035424981885,0.12340035424981885,0.0653177629614693,0.0469297719735221,0.018387990987947196,True,0.7132460419526107,0.5735627361577724,0.8041583162348358,0.35332940243035393,0.5735627361577724,0.8041583162348358,0.35332940243035393,0.0,-7.327739948795688e-18,-0.008290519389922011,6.071532165918825e-18,0.006908766158268343,True,Q4_worst_basis_fit
100119,2,0.27646134628608765,0.21305635765734357,0.06531776296146928,0.0469297719735221,0.018387990987947182,True,1.548964357014292,0.5735627361577725,0.3702878852960465,0.8628868820029819,0.5735627361577725,0.3702878852960465,0.8628868820029819,0.0,-0.13122476035205827,-0.011252105864979704,-3.857049228617182e-17,0.05248990414082331,True,Q2
100119,3,0.6062063663560409,0.38661890680579614,0.2173482094201417,0.2046300318260924,0.012718177594049307,True,3.462910666134103,1.8274269731734514,0.5277141541781498,0.7215177714800399,1.8274269731734514,0.5277141541781498,0.7215177714800399,0.0,-0.26046853672787956,-0.004945297684963869,-0.09780978692965425,0.10418741469115182,True,Q3
100119,4,0.7266991268753773,0.3350290255182929,0.2639411958129571,0.2239803807149897,0.039960815097967395,True,2.29125171828148,2.2157175210328464,0.9670336538556807,0.06484591231053138,2.2157175210328464,0.9670336538556807,0.06484591231053138,0.0,-0.032959942235914814,-0.009318238308234545,-0.0017993748242516071,0.013183976894365925,True,Q4_worst_basis_fit
100119,5,0.8324908981478896,0.3768359380396566,0.3203446785202263,0.2473306907800121,0.0730139877402142,True,2.7418040585112435,2.7056473742393155,0.9868128124766288,0.02620047313196594,2.7056473742393155,0.9868128124766288,0.02620047313196594,0.0,-8.181805945675708e-18,-0.008678475889783389,8.917562868693274e-18,0.007232063241486158,True,Q4_worst_basis_fit
100120,1,0.10897568817432232,0.10897568817432232,0.0005986687067886936,0.0010548195971444,-0.0004561508903557064,False,0.5755614518176653,0.0045751178958122795,0.00794896510418431,0.9999368139537724,0.0045751178958122795,0.00794896510418431,0.9999368139537724,0.0,0.0015363778034872943,-0.011252105864979689,-0.0015080338325484514,0.009376754887483074,True,Q1_best_basis_fit
100120,2,0.13181144106919498,0.02329778898563459,0.0005986687067886069,0.00074931685267,-0.0001506481458813931,False,0.12066741972587608,0.004575117895812268,0.03791510505657372,0.9985624448085489,0.004575117895812268,0.03791510505657372,0.9985624448085489,0.0,8.60279339018286e-18,-0.0023579257369780444,-1.845176572298768e-17,0.0019649381141483703,True,Q1_best_basis_fit
100120,3,0.2633657597341875,0.16292994271637717,0.03113949860573782,0.0951329504399512,-0.06399345183421337,False,1.3304947215280711,0.30071553329998296,0.22601783264093797,0.948915939328293,0.30071553329998296,0.22601783264093797,0.948915939328293,0.0,-0.06980551826697663,-0.011252105864979017,-0.12492419878144824,0.12492419878144824,True,Q1_best_basis_fit
100120,4,0.7062318470354972,0.46341983024734135,0.15587655032415057,0.3205245139497799,-0.1646479636256293,False,3.5169324111792983,1.3124707939958482,0.3731862431657452,0.8607320279118373,1.3124707939958482,0.3731862431657452,0.8607320279118373,0.0,-0.21292847709860524,-0.02627716336767404,-0.23834550560346945,0.23834550560346945,True,Q2
100120,5,0.8412607887689496,0.2784575674098517,0.20260215726590708,0.3226360655475723,-0.12003390828166521,False,1.9063431488643694,1.7292165172399643,0.9070856515365969,0.17719562077642748,1.7292165172399643,0.9070856515365969,0.17719562077642748,0.0,-0.011927148809520506,-0.009602021318923262,-0.11932723264359622,0.11932723264359622,True,Q4_worst_basis_fit
100121,1,0.08229530539202388,0.08229530539202388,0.0015151204434991166,0.0026695544926843,-0.0011544340491851832,False,0.4357166927978467,0.011578782349503236,0.02657410776519246,0.999293816796484,0.011578782349503236,0.02657410776519246,0.999293816796484,0.0,0.0038882897880009653,-0.008496107287124998,-0.003816556408032372,0.007080089405937499,True,Q1_best_basis_fit
100121,2,0.21584838889791969,0.14490264056265678,0.052739733215332214,0.0494820191024035,0.003257714112928717,True,0.7674675404968232,0.4482829795802268,0.584106761427368,0.6588192912548319,0.4482829795802268,0.584106761427368,0.6588192912548319,0.0,0.03183894770578177,-0.011143604659890416,-0.03125156470242971,0.03125156470242971,True,Q3
100121,3,1.0885124107768878,0.9543113941857745,0.052739733215330944,0.0449211899424759,0.007818543272855041,True,12.349131676070742,0.4482829795802272,0.03630076926371088,0.9986822541508629,0.4482829795802272,0.03630076926371088,0.9986822541508629,0.0,-1.2272133959372578,-0.008496107287125215,-1.6238638038401643e-16,0.4908853583749031,True,Q1_best_basis_fit
100121,4,1.1591241314422596,0.14541217548523894,0.10538582958253544,0.1699072402302003,-0.06452141064766485,False,0.9672164000813469,0.9073508559375457,0.938105325614034,0.1199583980545873,0.9073508559375457,0.938105325614034,0.1199583980545873,0.0,-0.00016840401675124677,-0.006091594292420149,-0.026476081361779508,0.026476081361779508,True,Q4_worst_basis_fit
100121,5,1.2886385960348987,0.23218932331165193,0.1435151670472715,0.1997602403373618,-0.05624507329009032,False,1.7599711350128855,1.2005822546371223,0.6821601961263599,0.5346574668208461,1.2005822546371223,0.6821601961263599,0.5346574668208461,0.0,-0.07351836733392741,-0.007081391661535222,-0.1344448816711899,0.1344448816711899,True,Q3
100122,1,0.0870421370966292,0.0870421370966292,0.0105701662709426,0.1059461634849269,-0.09537599721398429,False,0.49116735598842753,0.08077882862344675,0.1644629424952052,0.9729519405458188,0.08077882862344675,0.1644629424952052,0.9729519405458188,0.0,0.02712647020579873,-0.0084961072871249,-0.02662602566576362,0.02662602566576362,True,Q1_best_basis_fit
100122,2,0.17091299213901168,0.1023404669824732,0.008480048820254259,0.2592760790352716,-0.25079603021501734,False,0.7389644811621953,0.10128895458675433,0.13706877281497162,0.9812121515189977,0.10128895458675433,0.13706877281497162,0.9812121515189977,0.0,-0.03540978729932224,-0.008496107287125097,-0.06336947876342905,0.06336947876342905,True,Q1_best_basis_fit
100122,3,0.2513501306029872,0.10256899645349159,0.06252604252838732,0.1560745552040131,-0.09354851267562576,False,0.6042236214883878,0.5254339481407083,0.8696017988280623,0.24379271147499826,0.5254339481407083,0.8696017988280623,0.24379271147499826,0.0,-1.3594998913545493e-17,-0.0058339209422786946,3.1726466072357074e-17,0.004861600785232245,True,Q4_worst_basis_fit
100122,4,0.44638160556305895,0.2640417670420752,0.09481778860442103,0.2364417424944339,-0.14162395389001287,False,2.500392487334737,0.8654861704154162,0.34614012591997934,0.8801870132281009,0.8654861704154162,0.34614012591997934,0.8801870132281009,0.0,-0.1385640593432526,-0.008496107287124303,-0.24797472353342373,0.24797472353342373,True,Q2
100122,5,0.5112260175096768,0.16448932951557566,0.09466979145546109,0.1525400008461294,-0.05787020939066831,False,0.9664550446252246,0.8632316350836766,0.8931937805947546,0.2022048703068493,0.8632316350836766,0.8931937805947546,0.2022048703068493,0.0,0.0012373890824337566,-0.008496107287125694,-0.0012145610253549355,0.007080089405938079,True,Q4_worst_basis_fit
100123,1,0.1957107475798781,0.1957107475798781,0.0055596087567896645,0.0189809874942477,-0.013421378737458035,False,1.5758636971985676,0.05678788570540277,0.03603603903456581,0.9987014038906993,0.05678788570540277,0.03603603903456581,0.9987014038906993,0.0,-0.13354931377837323,0.012842521416703842,-0.02862791090290132,0.05341972551134929,True,Q1_best_basis_fit
100123,2,0.1741671898260606,0.10404134216273206,0.021227758789267488,0.0591976840850232,-0.03796992529575571,False,0.7490733333406395,0.20708195908252516,0.2764508491565205,0.9235749280006388,0.20708195908252516,0.2764508491565205,0.9235749280006388,0.0,-0.0345011912786608,-0.008496107287125097,-0.06174345215815368,0.06174345215815368,True,Q2
100123,3,0.5422897376961878,0.5372301275212148,0.021227758789267182,0.0409117504531897,-0.019683991663922516,False,2.7702809146709324,0.2070819590825252,0.07475124922741758,0.9944122507389405,0.2070819590825252,0.07475124922741758,0.9944122507389405,0.0,8.819692446066727e-18,-0.0540205991886965,-2.970713952610282e-17,0.045017165990580414,True,Q1_best_basis_fit
100123,4,0.6403287385700139,0.12214851123047907,0.03967149077104202,0.0921652407344714,-0.05249374996342938,False,0.9452693385759424,0.3935905501151516,0.41637926255822455,0.8266283097114691,0.3935905501151516,0.41637926255822455,0.8266283097114691,0.0,-0.0392029656699616,-0.008496107287124303,-0.09162202970573069,0.09162202970573069,True,Q2
100123,5,0.5674960783117713,0.1068023617306733,0.03967149077103652,0.0713415827437861,-0.03167009197274958,False,0.5663849392774067,0.39359055011515154,0.6949170481427241,0.5170902962006028,0.39359055011515154,0.6949170481427241,0.5170902962006028,0.0,-1.7349819073788337e-17,0.007964295591148833,1.6534083130403943e-17,0.006636912992624027,True,Q3
100124,1,0.6364131454527455,0.6364131454527455,0.02309881022317321,0.0406987814618374,-0.017599971238664188,False,6.528950671231391,0.17652464347249833,0.027037215068926986,0.9992689890013166,0.17652464347249833,0.027037215068926986,0.9992689890013166,0.0,-0.5549286796555691,0.025215982828422558,-0.2535278572081639,0.2535278572081639,True,Q1_best_basis_fit
100124,2,0.6026295873175032,0.10281005616837052,0.01786153919715471,0.0276344650655501,-0.009772925868395392,False,0.5066275441530387,0.1338632926613485,0.26422426930050996,0.9301855355126116,0.1338632926613485,0.26422426930050996,0.9301855355126116,0.0,-0.01343810527784803,-0.0084961072871247,-0.024048880040620665,0.024048880040620665,True,Q2
100124,3,0.6005548348442818,0.15392029064509333,0.13901617239496183,0.1118841330596411,0.02713203933532074,True,1.2126243900805271,1.2068928668433372,0.9952734554210894,0.009430748934164734,1.2068928668433372,0.9952734554210894,0.009430748934164734,0.0,-2.715905000904655e-18,-0.00230277694742154,-1.3145951341386741e-18,0.00191898078951795,True,Q4_worst_basis_fit
100124,4,0.7113692839669263,0.32374781548546894,0.16918442425017377,0.3191203772074975,-0.1499359529573237,False,2.6012147186295365,1.4024063807527534,0.5391351858456416,0.7093332513831856,1.4024063807527534,0.5391351858456416,0.7093332513831856,0.0,-0.18411049870964244,-0.008496107287125097,-0.09121564679432723,0.09121564679432723,True,Q3
100124,5,0.7960127274573586,0.2297465021408363,0.1680695776467879,0.2374056634630618,-0.0693360858162739,False,1.5611066566915648,1.3902761025342818,0.8905708630316636,0.2068835379190379,1.3902761025342818,0.8905708630316636,0.2068835379190379,0.0,0.011355306094308019,-0.008496107287124303,-0.13637086327843592,0.13637086327843592,True,Q4_worst_basis_fit
100125,1,0.42757410139883023,0.42757410139883023,0.05797822047864642,0.0879058786058093,-0.02992765812716288,False,2.3252283308650634,0.48037518394486817,0.20659269352965107,0.9573194589801637,0.48037518394486817,0.20659269352965107,0.9573194589801637,0.0,-0.05472215051991545,-0.041331056505882764,-0.08099289265329201,0.08099289265329201,True,Q1_best_basis_fit
100125,2,0.6315063035487094,0.2435313083276054,0.05797822047864448,0.0654432953160787,-0.007465074837434221,False,1.1934831809921471,0.4803751839448681,0.40249849482213096,0.837994961665919,0.4803751839448681,0.40249849482213096,0.837994961665919,0.0,-2.174501454161481e-17,-0.021364339436973693,-1.1926223897340549e-18,0.017803616197478077,True,Q2
100125,3,0.7100749374063658,0.17687559784091278,0.0567560270513523,0.0552389408139763,0.0015170862373759947,True,1.2367988860442953,0.46788390213688374,0.3783023314593499,0.8568873460124201,0.46788390213688374,0.3783023314593499,0.8568873460124201,0.0,0.01157511110352436,-0.008496107287124303,0.21250352847786402,0.21250352847786402,True,Q2
100125,4,0.8051385029918425,0.15213128460231168,0.07895166154849817,0.0683053552210741,0.010646306327424068,True,0.9395542652957781,0.6528106176431497,0.6948088489999462,0.51724066335137,0.6528106176431497,0.6948088489999462,0.51724066335137,0.0,-0.05545379192861097,-0.007472198028658566,-9.722582981763761e-17,0.022181516771444386,True,Q3
100125,5,0.8869680744587896,0.13500248218462874,0.07800442803258566,0.0695450158429669,0.00845941218961875,True,0.7827997803411206,0.6465019842753592,0.8258842177927452,0.31791525880086535,0.6465019842753592,0.8258842177927452,0.31791525880086535,0.0,0.009834788743171516,-0.008496107287124998,-0.009653350970708706,0.009653350970708706,True,Q4_worst_basis_fit
100126,1,0.14247450910069354,0.14247450910069354,4.190119454022938e-17,0.0,4.190119454022938e-17,True,1.159871942474551,3.8005887153050736e-16,3.276731315007616e-16,1.0,3.8005887153050736e-16,3.276731315007616e-16,1.0,0.0,-0.10700846805303402,-0.008496107287125,-5.586351693731562e-17,0.04280338722121361,True,Q1_best_basis_fit
100126,2,0.39557866271029385,0.2712472855224408,0.053254621884670734,0.1185620725035665,-0.06530745061889576,False,1.7607439388403407,0.4678255711471484,0.2656976751856759,0.9294047454009271,0.4678255711471484,0.2656976751856759,0.9294047454009271,0.0,-0.0766707328563509,-0.021643935372213166,-0.13999478746021865,0.13999478746021865,True,Q2
100126,3,1.0242624627052965,0.747999526536012,0.16391105718842147,0.3585118547445089,-0.19460079755608745,False,9.382708132389725,1.3591955686905988,0.1448617552110106,0.9790150718771853,1.3591955686905988,0.1448617552110106,0.9790150718771853,0.0,-0.8790632486645451,0.011798241730973004,-0.13924183145820515,0.35162529946581805,True,Q1_best_basis_fit
100126,4,1.1483773864394091,0.34336703461182366,0.311652889028014,0.3533702615211773,-0.04171737249316326,False,2.639671739209546,2.5997820166225933,0.9848883775984594,0.029994883671474404,2.5997820166225933,0.9848883775984594,0.029994883671474404,0.0,0.04052679747091325,-0.006379789294171238,-0.039779136077242774,0.039779136077242774,True,Q4_worst_basis_fit
100126,5,1.2187153002557713,0.39140094830378813,0.3467478599093576,0.3237768520836813,0.022971007825676293,True,2.923810157275198,2.9024600492268835,0.9926978473635882,0.014550983839698328,2.9024600492268835,0.9926978473635882,0.014550983839698328,0.0,-1.527803008276049e-17,-0.006896803147072779,-2.290377089375628e-17,0.005747335955893983,True,Q4_worst_basis_fit
100127,1,0.25914566261938143,0.25914566261938143,6.181276478403048e-17,1.2247992218125378e-08,-1.2247992156312612e-08,False,1.3683634207369233,1.868230904677787e-16,1.3653031616934508e-16,1.0,1.868230904677787e-16,1.3653031616934508e-16,1.0,0.0,-4.955864840230631e-18,-0.026758015879976938,-1.1221492485224971e-17,0.022298346566647448,True,Q1_best_basis_fit
100127,2,0.2783404409429627,0.06077321294074958,0.064741547220053,0.0477340758085641,0.0170074714114889,True,0.5684877001510257,0.5660156687997479,0.9956515658111493,0.008677959497806698,0.5660156687997479,0.9956515658111493,0.008677959497806698,0.0,-0.004216768203921006,0.0008048867051173096,0.004138974867440595,0.004138974867440595,True,Q4_worst_basis_fit
100127,3,0.359179843740584,0.12918150230823508,0.06513298028322012,0.0501578758125546,0.014975104470665523,True,0.722297513375062,0.5665971144704606,0.7844373045435752,0.38465811524041027,0.5665971144704606,0.7844373045435752,0.38465811524041027,0.0,0.013810816992378848,-0.0084961072871249,-0.013556027190947829,0.013556027190947829,True,Q4_worst_basis_fit
100127,4,0.5038543741190068,0.2387797733460533,0.11278110981299956,0.1385913093501294,-0.025810199537129833,False,1.8128536513593254,0.9330000209055804,0.5146582131469865,0.735126923640351,0.9330000209055804,0.5146582131469865,0.735126923640351,0.0,-0.10402009468008735,-0.009396883496747669,-0.12306275445498871,0.12306275445498871,True,Q3
100127,5,0.5972012866687277,0.2129465870747357,0.1790203658092965,0.1585933613627764,0.020427004446520097,True,1.5313905136942119,1.505006403380512,0.9827711416012022,0.034160883235869854,1.505006403380512,0.9827711416012022,0.034160883235869854,0.0,0.006453390401230495,-0.005444238413777581,-0.006334334587241029,0.006334334587241029,True,Q4_worst_basis_fit
100128,1,0.11774445786443742,0.11774445786443742,0.08783156231217534,0.0631055780924416,0.024725984219733738,True,0.8050592326479992,0.7712589794371912,0.9580151970934707,0.08220688213795846,0.7712589794371912,0.9580151970934707,0.08220688213795846,0.0,-1.074325871919373e-17,-0.004513717820630423,8.253489038045903e-18,0.0037614315171920197,True,Q4_worst_basis_fit
100128,2,0.20789377787789265,0.17374374132224313,0.09470681018109488,0.0982368225729145,-0.0035300123918196175,False,1.1228295815193279,0.7908933042354326,0.7043751939321511,0.5038555861730446,0.7908933042354326,0.7043751939321511,0.5038555861730446,0.0,-0.04016312666703475,-0.008496107287125097,-0.0718760714625441,0.0718760714625441,True,Q3
100128,3,0.4198946193958055,0.4317327594509568,0.11948221614873487,0.2249705497764599,-0.10548833362772501,False,4.8045000896870205,1.0264135868985669,0.21363587631141673,0.954359712352653,1.0264135868985669,0.21363587631141673,0.954359712352653,0.0,0.5208392295066864,0.008403961033820266,-0.20607712016734409,0.20833569180267456,True,Q1_best_basis_fit
100128,4,0.4646121690812251,0.21160544817308974,0.14176178561265756,0.1852161239848221,-0.04345433837216453,False,1.4010534605663485,1.171196261287603,0.8359397369563398,0.3012047561773654,1.171196261287603,0.8359397369563398,0.3012047561773654,0.0,-0.08028339629168531,-0.008496107287125097,0.07880228256679447,0.07880228256679447,True,Q4_worst_basis_fit
100128,5,0.5707928595234129,0.23314037724122758,0.14176178561266112,0.1405470196335941,0.0012147659790670284,True,1.3688213231610329,1.171196261287603,0.8556239163362445,0.2679077137934275,1.171196261287603,0.8556239163362445,0.2679077137934275,0.0,0.05568655605815052,-0.008496107287124532,5.036119091195168e-17,0.022274622423260206,True,Q4_worst_basis_fit
100129,1,0.09713198208735385,0.09713198208735385,0.015375458267748438,0.0270906671953687,-0.011715208927620261,False,0.6314882711877136,0.11750160561157379,0.18607092320269833,0.9653776115384956,0.11750160561157379,0.18607092320269833,0.9653776115384956,0.0,0.039458405848072656,-0.008496107287124303,-0.1261209352096343,0.1261209352096343,True,Q1_best_basis_fit
100129,2,0.1779216685887413,0.09693318380331033,0.05122699108526944,0.0449954265651092,0.006231564520160236,True,0.5420761938642189,0.434595960981404,0.8017248606388037,0.3572372478336908,0.434595960981404,0.8017248606388037,0.3572372478336908,0.0,-2.1515054271171668e-17,-0.006335650084151507,2.6834003769016235e-18,0.00527970840345959,True,Q4_worst_basis_fit
100129,3,0.24980290633334148,0.11695879190021434,0.05116784052191231,0.0423473198119829,0.008820520709929412,True,0.6142344053610587,0.43415944561821035,0.7068302293535693,0.5003910268719807,0.43415944561821035,0.7068302293535693,0.5003910268719807,0.0,-0.00054567287359775,-0.008496107287124998,0.0005356059902854236,0.007080089405937499,True,Q3
100129,4,0.26758419588886473,0.06341569239676484,0.05116784052191232,0.0412939711023401,0.009873869419572218,True,0.44450574868217996,0.43415944561821035,0.9767240286663488,0.0460101718257776,0.43415944561821035,0.9767240286663488,0.0460101718257776,0.0,-2.7646168623596664e-18,-0.0018644759770745378,1.599198204416119e-18,0.0015537299808954482,True,Q4_worst_basis_fit
100129,5,0.37208981597119906,0.18006795980856088,0.054179409204030894,0.0991510448645756,-0.044971635660544705,False,1.4155659559777558,0.44740486316208733,0.3160607679725224,0.9001055909486194,0.44740486316208733,0.3160607679725224,0.9001055909486194,0.0,-0.054174610350192505,-0.008496107287124303,-0.18388314435197353,0.18388314435197353,True,Q2
100130,1,0.3310648405182885,0.3310648405182885,0.13932231777518733,0.1573537171629689,-0.01803139938778156,False,1.9866767611550145,1.1560434008160416,0.5818980839862147,0.6613946198531722,1.1560434008160416,0.5818980839862147,0.6613946198531722,0.0,-0.07212128538208754,-0.021158901674736927,-0.1290685036817173,0.1290685036817173,True,Q3
100130,2,0.5209187294286962,0.39629436145367963,0.18447127417309767,0.276502397265266,-0.09203112309216832,False,3.433783410815629,1.5343933207726823,0.4468520978753918,0.8003232026243612,1.5343933207726823,0.4468520978753918,0.8003232026243612,0.0,0.354540883556536,-0.007479497429042103,-0.19926242463990324,0.19926242463990324,True,Q2
100130,3,0.5976935206297601,0.3063442595766143,0.23876844209218323,0.3098262710855295,-0.07105782899334628,False,2.240087277028352,1.987213146087012,0.8871141613389291,0.2130284647519285,1.987213146087012,0.8871141613389291,0.2130284647519285,0.0,-0.053818820641918286,-0.006541745218683819,-0.11633673914522308,0.11633673914522308,True,Q4_worst_basis_fit
100130,4,0.7686784907481616,0.3728050995675391,0.23876844209218484,0.2612191388803597,-0.02245069678817485,False,2.2260820921837268,1.987213146087012,0.8926953561436762,0.20309500111951506,1.987213146087012,0.8926953561436762,0.20309500111951506,0.0,-3.289443960910227e-17,-0.019617481813236692,3.6266562669640123e-17,0.016347901511030577,True,Q4_worst_basis_fit
100130,5,0.8514901449036876,0.3270235483457295,0.28601181306807105,0.2702290453265594,0.01578276774151166,True,2.3829769242849435,2.361179340015522,0.9908527925523398,0.018210743491229753,2.361179340015522,0.9908527925523398,0.018210743491229753,0.0,-1.742953259420107e-17,-0.006288342042859764,2.1412992906588713e-17,0.0052402850357164705,True,Q4_worst_basis_fit
100131,1,0.20793498402904695,0.20793498402904695,0.0025685339146296377,0.0045256080338664,-0.001957074119236762,False,1.4086768420522484,0.01962912934233144,0.013934444548498787,0.9998058312551248,0.01962912934233144,0.013934444548498787,0.9998058312551248,0.0,-0.006591689943322245,-0.014957104659453753,0.2655498472772679,0.2655498472772679,True,Q1_best_basis_fit
100131,2,0.2918178087158253,0.1892525790121246,0.021706991050014012,0.0577978793974051,-0.03609088834739109,False,1.3608295378669326,0.2007335468101808,0.14750822290705548,0.9782413241748025,0.2007335468101808,0.14750822290705548,0.9782413241748025,0.0,-0.042328334742225915,-0.014957104659450571,-0.16979401863533952,0.16979401863533952,True,Q1_best_basis_fit
100131,3,0.5523749770278932,0.30990477517081544,0.12371613489191062,0.249060059035869,-0.1253439241439584,False,2.488924086694967,1.0589298236121891,0.42545685875792943,0.8189864613358353,1.0589298236121891,0.42545685875792943,0.8189864613358353,0.0,-0.09446626931453536,-0.014961717668835374,-0.29823896689119095,0.29823896689119095,True,Q2
100131,4,0.7772545404800365,0.3305964474292309,0.16340907716332004,0.2106299433926012,-0.04722086622928115,False,1.7966605076851825,1.35634325648409,0.7549246230338768,0.4300888135371591,1.35634325648409,0.7549246230338768,0.4300888135371591,0.0,-0.03047235139174293,-0.02223640063468878,-0.0007897256603633145,0.01853033386224065,True,Q3
100131,5,0.9482263436677725,0.41602212734304883,0.22259026147891514,0.2920694739770956,-0.06947921249818045,False,3.036187583010193,1.8554402951959994,0.6111085841924314,0.6265462983263219,1.8554402951959994,0.6111085841924314,0.6265462983263219,0.0,0.2635407459292472,-0.01291286380799958,-0.1274506243817659,0.1274506243817659,True,Q3
100132,1,0.46154758468371965,0.46154758468371965,0.11529170601897165,0.1795515242076085,-0.06425981818863685,False,4.4210356514115325,0.9537330127781463,0.21572615286955257,0.9534622269681025,0.9537330127781463,0.21572615286955257,0.9534622269681025,0.0,0.4761095148970619,-0.01061161413546815,-0.18415796406330107,0.19044380595882476,True,Q1_best_basis_fit
100132,2,0.3733288206733947,0.1922567093707794,0.11345454731954538,0.1323891268163852,-0.018934579496839826,False,1.7058479840155172,0.9352117189722883,0.5482386049258778,0.6994344320689272,0.9352117189722883,0.5482386049258778,0.6994344320689272,0.0,-0.13644374719843888,-0.0017159652170385105,-0.017179582279834713,0.054577498879375554,True,Q3
100132,3,0.48583494858934784,0.21241520223811006,0.11345454731954449,0.1176707557337361,-0.004216208414191611,False,1.1791938642582007,0.9352117189722883,0.7930941190578573,0.37100171831584117,0.9352117189722883,0.7930941190578573,0.37100171831584117,0.0,1.0492506814343994e-18,-0.014045126180946266,5.7462715141731735e-18,0.011704271817455222,True,Q4_worst_basis_fit
100132,4,0.6143147282516294,0.25427336636012465,0.1716470797705849,0.1505847176021582,0.021062362168426718,True,1.553553333226322,1.4211247334046386,0.9147576095461982,0.16321851577732538,1.4211247334046386,0.9147576095461982,0.16321851577732538,0.0,-1.5043347850287714e-19,-0.012273356671371215,4.87890977618477e-19,0.01022779722614268,True,Q4_worst_basis_fit
100132,5,0.6069919732851337,0.1718565190544007,0.1837610844702383,0.2464195025291155,-0.06265841805887717,False,1.693695086544205,1.5155081906137247,0.8947939937087196,0.19934370882279995,1.5155081906137247,0.8947939937087196,0.19934370882279995,0.0,0.08294887582486551,0.008035763275679298,-0.11152007203498132,0.11152007203498132,True,Q4_worst_basis_fit
100133,1,0.38615581963976375,0.38615581963976375,0.009017736753197681,0.0455369928911996,-0.036519256138001915,False,2.2394755137787747,0.1061133204694711,0.047383112615695,0.9977548406388483,0.1061133204694711,0.047383112615695,0.9977548406388483,0.0,-0.09490137000284295,-0.03523945122617585,-0.10626256982120179,0.10626256982120179,True,Q1_best_basis_fit
100133,2,0.9788757755239756,0.6022100441148914,0.009665546009021826,0.038264150838982,-0.028598604829960173,False,3.178912374552535,0.11661185586849587,0.03668294124807709,0.9986543618213901,0.11661185586849587,0.03668294124807709,0.9986543618213901,0.0,-0.009007169135129375,-0.06208190670548788,-0.006603186352560301,0.05173492225457324,True,Q1_best_basis_fit
100133,3,1.123312166208246,0.14920731715889712,0.019143325940558682,0.036213271339119,-0.01706994539856032,False,0.8222809098396503,0.17987027238949058,0.21874552873246972,0.9521503936595522,0.17987027238949058,0.21874552873246972,0.9521503936595522,0.0,-0.030672188887498758,-0.014957104659451964,0.03010633091396877,0.03010633091396877,True,Q1_best_basis_fit
100133,4,1.3995785603140067,0.29094570864357233,0.019143325940558172,0.0274652976907297,-0.008321971750171527,False,1.4784066299651564,0.1798702723894906,0.12166495248585962,0.9851976393366135,0.1798702723894906,0.12166495248585962,0.9851976393366135,0.0,1.0201446295908834e-17,-0.02869511893283405,-3.436920886779049e-17,0.023912599110695043,True,Q1_best_basis_fit
100133,5,1.2050616987091616,0.26219327237983925,0.055519781076391564,0.1283181484478044,-0.07279836737141283,False,1.8297975702334357,0.5289385619603257,0.2890694416502294,0.9164388579040246,0.5289385619603257,0.2890694416502294,0.9164388579040246,0.0,-0.0800654071385463,0.022245290824758464,-0.14328533166446109,0.14328533166446109,True,Q2
100134,1,0.3158159973860493,0.3158159973860493,0.020851327280575465,0.0367388492413189,-0.015887521960743434,False,1.716774081188645,0.1593490348017803,0.0928188726448221,0.9913846568809443,0.1593490348017803,0.0928188726448221,0.9913846568809443,0.0,0.05351125930561727,-0.03238727776298075,-0.052524053180134186,0.052524053180134186,True,Q1_best_basis_fit
100134,2,0.45918486680446996,0.5167942952524932,0.02024712282992904,0.0620178985008955,-0.04177077567096646,False,5.4360795355485685,0.16722375045159216,0.030761829248091968,0.9990537098613113,0.16722375045159216,0.030761829248091968,0.9990537098613113,0.0,-0.4951266789717171,0.017873774530146692,-0.12133989803309188,0.19805067158868683,True,Q1_best_basis_fit
100134,3,0.6479347696635035,0.22168347283527207,0.10194254134254775,0.2678747251712566,-0.16593218382870883,False,1.6773604030288969,0.8860737399259864,0.5282548332045737,0.7209468311960081,0.8860737399259864,0.5282548332045737,0.7209468311960081,0.0,-0.00815692761347205,-0.01183660853877393,-0.26767449340519506,0.26767449340519506,True,Q3
100134,4,0.6829413878210647,0.3509205645879271,0.24838990906907932,0.3455066799947993,-0.09711677092571996,False,2.7816419999592386,2.0452335094285,0.7352612268072132,0.4593909283539517,2.0452335094285,0.7352612268072132,0.4593909283539517,0.0,0.2149500227170481,-0.008537934214838788,-0.12746177094316363,0.12746177094316363,True,Q3
100134,5,0.7764741947362332,0.3476539026419957,0.24864459093668903,0.2995219053437177,-0.05087731440702867,False,2.2248684218690027,2.047522097733753,0.9202890731011096,0.15306802193070057,2.047522097733753,0.9202890731011096,0.15306802193070057,0.0,-0.002721892179910873,-0.014957104659451367,0.09383120380872448,0.09383120380872448,True,Q4_worst_basis_fit
100135,1,0.08908059942839533,0.08908059942839533,0.07407726267006695,0.0594866483698879,0.01459061430017905,True,0.6636440076638414,0.6396745287803018,0.9638820231830062,0.0709314453846348,0.6396745287803018,0.9638820231830062,0.0709314453846348,0.0,0.02042704079500088,-0.0014079638926370232,-0.020050191136443112,0.020050191136443112,True,Q4_worst_basis_fit
100135,2,0.21596919449766416,0.2112182782178391,0.07802165493853208,0.091245437058704,-0.013223782120171917,False,1.224874113344576,0.6518240014548777,0.5321559124758068,0.7168100848170413,0.6518240014548777,0.5321559124758068,0.7168100848170413,0.0,-0.04209282990903148,-0.014957104659452162,-0.07532947510995243,0.07532947510995243,True,Q3
100135,3,0.34310805108395626,0.19294658631403847,0.0792277729793563,0.0795851386181594,-0.00035736563880309213,False,1.0146780189696754,0.6583207678281219,0.6487977028383783,0.5790615407916433,0.6583207678281219,0.6487977028383783,0.5790615407916433,0.0,-0.013356085533906738,-0.014957104659451863,0.013109684876874146,0.013109684876874146,True,Q3
100135,4,0.5291712905315926,0.2512342139312444,0.09556788911806798,0.1624330226189714,-0.06686513350090344,False,1.6912731697486834,0.809801168523197,0.4788115740306637,0.7707394765742782,0.809801168523197,0.4788115740306637,0.7707394765742782,0.0,-0.0764955227560118,-0.014957104659452162,-0.13689665413147725,0.13689665413147725,True,Q3
100135,5,0.6943054798431341,0.25860574933051794,0.18284163892794508,0.1779657282406019,0.0048759106873431934,True,1.6413763396994612,1.5097019970077288,0.9197780914059952,0.1540082625695447,1.5097019970077288,0.9197780914059952,0.1540082625695447,0.0,2.406201411554632e-17,-0.01089023119060778,-0.0701836906319046,0.0701836906319046,True,Q4_worst_basis_fit
100136,1,0.3597160607367962,0.3597160607367962,0.04392282938488679,0.131543234306506,-0.08762040492161921,False,3.0749753529033694,0.4215505717796791,0.13709071566432365,0.9812061356786436,0.4215505717796791,0.13709071566432365,0.9812061356786436,0.0,0.3168936951152967,-0.014957104659451367,-0.0839096358197759,0.12675747804611867,True,Q1_best_basis_fit
100136,2,0.3705497390399799,0.17418765129453298,0.081475743916654,0.2022717488147095,-0.12079600489805549,False,1.6822541762219678,0.7907147719335469,0.470032877974092,0.7790690936233924,0.7907147719335469,0.470032877974092,0.7790690936233924,0.0,-0.08139106795278887,-0.007338132493054821,-0.16566270936458577,0.16566270936458577,True,Q2
100136,3,0.5699561841658954,0.2671273911324201,0.10858817026399609,0.2224207557069183,-0.11383258544292221,False,1.5324660083124537,1.0509041076263228,0.6857601421016671,0.5297330275047014,1.0509041076263228,0.6857601421016671,0.5297330275047014,0.0,0.10346021484168252,-0.014957104659452162,-0.1067939037454312,0.1067939037454312,True,Q3
100136,4,0.6971613489889061,0.23288728841407477,0.11061828899399756,0.1792349558463703,-0.06861666685237275,False,1.317687529146382,1.070386960211301,0.812322296853423,0.3401324860347793,1.070386960211301,0.812322296853423,0.3401324860347793,0.0,-0.004468292988107266,-0.014957104659452262,-0.007996472704710666,0.012464253882876886,True,Q4_worst_basis_fit
100136,5,0.8351646882013402,0.23271262219064082,0.10413870376460563,0.1700226743072366,-0.06588397054263098,False,1.2898861234121894,1.0295180664198467,0.7981464779979334,0.3629621996594944,1.0295180664198467,0.7981464779979334,0.3629621996594944,0.0,0.017375602168930884,-0.014957104659451964,-0.01705504718447128,0.01705504718447128,True,Q4_worst_basis_fit
100137,1,0.14887150779581965,0.14887150779581965,0.056626332194619024,0.0406851174489551,0.01594121474566392,True,0.805406475528718,0.497242289992138,0.6173805464696789,0.6188412608408007,0.497242289992138,0.6173805464696789,0.6188412608408007,0.0,-3.865140046826224e-18,-0.012389598252435142,3.686287386450715e-18,0.010324665210362618,True,Q3
100137,2,0.3469671553858238,0.2511505929610014,0.07570699618776618,0.1498806635305239,-0.07417366734275772,False,1.864093272538523,0.6458494819261632,0.3464684366607069,0.8799596223978857,0.6458494819261632,0.3464684366607069,0.8799596223978857,0.0,-0.0945188238204712,-0.014957104659452162,-0.16915121653244955,0.16915121653244955,True,Q2
100137,3,0.8141981584997371,0.5406773769575897,0.1771253602374731,0.3007711090781336,-0.12364574884066049,False,5.132622793139954,1.489056894689229,0.29011617543362805,0.9158326047517643,1.489056894689229,0.29011617543362805,0.9158326047517643,0.0,-0.4839894129536205,-0.011274466985589517,-0.004630824751236149,0.19359576518144822,True,Q2
100137,4,0.9209405769544742,0.30965005254475403,0.2277276034246533,0.2611168707769971,-0.033389267352343766,False,2.0449142465252073,1.882010997869884,0.920337369191821,0.15297912686907778,1.882010997869884,0.920337369191821,0.15297912686907778,0.0,5.608055905982438e-17,-0.012582730445641763,0.10300431549197908,0.10300431549197908,True,Q4_worst_basis_fit
100137,5,1.1004225924147322,0.3993328228040076,0.3058231023515898,0.3301262699523323,-0.02430316760074247,False,2.7283813536264288,2.520367694321599,0.9237593164795866,0.1466687252171669,2.520367694321599,0.9237593164795866,0.1466687252171669,0.0,-0.029912842905864722,-0.011769429296522211,-0.13613991655356467,0.13613991655356467,True,Q4_worst_basis_fit
100138,1,0.4427784416964724,0.4427784416964724,0.12895204135826405,0.2406760894078131,-0.11172404804954905,False,3.2036555197846037,1.0746918492984279,0.3354579924906172,0.887467935274165,1.0746918492984279,0.3354579924906172,0.887467935274165,0.0,-0.2067881188576254,-0.026728936388185468,-0.17964636023001884,0.17964636023001884,True,Q2
100138,2,0.5703636606480521,0.2617826202970705,0.16507743639789918,0.184180152836744,-0.019102716438844813,False,1.5379022540548735,1.3907884550493204,0.9043412553576348,0.18216689385817741,1.3907884550493204,0.9043412553576348,0.18216689385817741,0.0,-3.751414556499263e-17,-0.012835592933088127,3.323079658668071e-17,0.010696327444240107,True,Q4_worst_basis_fit
100138,3,0.7351638958166677,0.3402741918265575,0.2763108298777349,0.2271084691905483,0.049202360687186614,True,2.344130482690184,2.2900346158228886,0.976922843132344,0.04562175856621764,2.2900346158228886,0.976922843132344,0.04562175856621764,0.0,-1.3651793489631071e-17,-0.009790847175814008,2.7267684638010437e-17,0.00815903931317834,True,Q4_worst_basis_fit
100138,4,0.7291716577210635,0.3898294257058281,0.37639427002867293,0.2869183960906774,0.08947587393799555,True,3.6466628097497313,3.145548177706326,0.8625826795108055,0.255951121007959,3.145548177706326,0.8625826795108055,0.255951121007959,0.0,0.19020537526753664,0.0013640547284824085,-0.023311269563309946,0.07608215010701466,True,Q4_worst_basis_fit
100138,5,0.8741805013354166,0.49629933672505205,0.3836728523652546,0.3155537079700951,0.06811914439515954,True,3.338735470887752,3.187258116935352,0.9546303217870318,0.08868094872478816,3.187258116935352,0.9546303217870318,0.08868094872478816,0.0,-0.03818152695959076,-0.014957104659452162,-0.0683297937196983,0.0683297937196983,True,Q4_worst_basis_fit
100139,1,0.18705217428135834,0.18705217428135834,4.532443105655288e-17,0.0,4.532443105655288e-17,True,1.2083385560970807,2.3224352052298427e-16,1.9220070347927e-16,1.0,2.3224352052298427e-16,1.9220070347927e-16,1.0,0.0,0.09307911701869709,-0.014957104659451997,3.1496073110703904e-17,0.037231646807478834,True,Q1_best_basis_fit
100139,2,0.3192714662884216,0.14918624320913923,0.006567358069595951,0.0115713046543441,-0.00500394658474815,False,0.8539588678938884,0.05018875563679579,0.058771865395081495,0.9965458678379824,0.05018875563679579,0.058771865395081495,0.9965458678379824,0.0,-0.016853967897876663,-0.014957104659452162,-0.05284956760743291,0.05284956760743291,True,Q1_best_basis_fit
100139,3,0.4752303079216472,0.21088379768326385,0.04627234238044112,0.1201394375623059,-0.07386709518186478,False,1.7042618218599752,0.4248305869818742,0.2492754232552297,0.9378617633609261,0.4248305869818742,0.2492754232552297,0.9378617633609261,0.0,-0.08790998004705064,-0.014957104659452162,-0.1573240066819513,0.1573240066819513,True,Q2
100139,4,0.6231323767761889,0.1822532542130736,0.05528790339028108,0.1026531981425523,-0.04736529475227123,False,0.9774422358735154,0.5111984925279719,0.522996115541423,0.7264750631285826,0.5111984925279719,0.522996115541423,0.7264750631285826,0.0,-0.01984697528868486,-0.014957104659451765,-0.03551821614863774,0.03551821614863774,True,Q3
100139,5,0.7659878257062305,0.18529281243973011,0.05528790339028044,0.0754893113080904,-0.020201407917809965,False,0.9218944855633726,0.5111984925279719,0.5545086780897457,0.6925201259231628,0.5111984925279719,0.5545086780897457,0.6925201259231628,0.0,-9.193097095707507e-18,-0.015002025163657695,1.2305694657710475e-17,0.012501687636381414,True,Q3
100140,1,0.7118191354277743,0.7118191354277743,0.05722922992640897,0.1713942405750734,-0.11416501064866444,False,5.799475879147235,0.5492591195933023,0.09470840659381556,0.9910303177204605,0.5492591195933023,0.09470840659381556,0.9910303177204605,0.0,-0.43818204869183175,-0.0514295241512596,-0.22541973699332382,0.22541973699332382,True,Q1_best_basis_fit
100140,2,0.5289934407459296,0.2520169953894632,0.07787046783405457,0.1273798275891807,-0.04950935975512613,False,1.9591015271062122,0.6800480137927092,0.34712239482412516,0.8795060430115642,0.6800480137927092,0.34712239482412516,0.8795060430115642,0.0,0.17404293189229034,0.014666775014629202,-0.024773606068544056,0.06961717275691613,True,Q2
100140,3,0.6953613895781932,0.27062633570537237,0.21430855137895624,0.1945382215209831,0.01977032985797314,True,1.8293708062760534,1.7760410040256829,0.970848008469682,0.05745414445045227,1.7760410040256829,0.970848008469682,0.05745414445045227,0.0,-3.0126543450169453e-17,-0.008574620434265545,-8.432382396506011e-17,0.007145517028554621,True,Q4_worst_basis_fit
100140,4,0.9223174994067584,0.4004715099662578,0.2380737035601896,0.3095758732447499,-0.0715021696845603,False,2.8504370666602705,1.9733082553261887,0.6922826953124861,0.5207446697708795,1.9733082553261887,0.6922826953124861,0.5207446697708795,0.0,-0.11477386922311389,-0.014957104659450571,-0.20539971637925963,0.20539971637925963,True,Q3
100140,5,1.1175007438672497,0.4139408472484892,0.23807370356018037,0.2631683760394044,-0.025094672479224034,False,2.358773934898639,1.9733082553261887,0.8365821862496481,0.300130245649759,1.9733082553261887,0.8365821862496481,0.300130245649759,0.0,-5.060718992021349e-17,-0.025269325890572535,2.1521413123837263e-17,0.021057771575477113,True,Q4_worst_basis_fit
100141,1,0.09749706641774646,0.09749706641774646,0.013079090118307362,0.0230445994807601,-0.009965509362452739,False,0.5572091145453155,0.09995240870730075,0.17938042666237117,0.9678226625304257,0.09995240870730075,0.17938042666237117,0.9678226625304257,0.0,-0.033565181409543454,-0.0093809983571485,0.03294595186569725,0.03294595186569725,True,Q1_best_basis_fit
100141,2,0.23522728247053265,0.17571134253269172,0.013079090118311256,0.1867173224586984,-0.17363823234038714,False,1.5401106316713862,0.09995240870730077,0.06489949919950143,0.9957880550036539,0.09995240870730077,0.06489949919950143,0.9957880550036539,0.0,0.0980144064518665,-0.009380998357147705,0.13309316746876818,0.13309316746876818,True,Q1_best_basis_fit
100141,3,0.10278401724356204,0.301355915893679,0.059062017462265644,0.1659138947586544,-0.10685187729638876,False,2.265971946757692,0.5293335708842873,0.23360111392451,0.9454305195732281,0.5293335708842873,0.23360111392451,0.9454305195732281,0.0,-0.10215474303956931,0.024309634716825363,-0.21175239206508362,0.21175239206508362,True,Q2
100141,4,0.1395135924032093,0.1690794457755601,0.08799700827010365,0.1688594030181684,-0.08086239474806475,False,1.1948732866413156,0.8062706188842428,0.6747749973979241,0.5446787028866316,0.8062706188842428,0.6747749973979241,0.5446787028866316,0.0,-0.027925007997689693,-0.009380998357149294,-0.11412593261502291,0.11412593261502291,True,Q3
100141,5,0.41318288955237314,0.31735187270496124,0.1232065775208146,0.140825757780131,-0.017619180259316414,False,3.0205631093397476,1.054522426009703,0.34911451535280347,0.8781190551699771,1.054522426009703,0.34911451535280347,0.8781190551699771,0.0,-0.2800570431838037,-0.005871550925419765,-2.935477382004503e-17,0.11202281727352148,True,Q2
100142,1,0.15635724982768529,0.15635724982768529,0.10330457775672632,0.108152986795082,-0.004848409038355692,False,1.1380206580880938,0.8789836917275063,0.7723793812356827,0.40343009144198394,0.8789836917275063,0.7723793812356827,0.40343009144198394,0.0,-0.0074358475401641606,-0.004890786823566106,-0.1360168583442595,0.1360168583442595,True,Q4_worst_basis_fit
100142,2,0.1488122170771527,0.09830468464787362,0.10153879105980781,0.0999599841088427,0.0015788069509651143,True,0.9084890442211824,0.8805616645763804,0.96925953062126,0.060535962299854695,0.8805616645763804,0.96925953062126,0.060535962299854695,0.0,0.027282230001050872,0.0011543998178989373,-0.02677891191578486,0.02677891191578486,True,Q4_worst_basis_fit
100142,3,0.48795360064836535,0.4484636720585244,0.10153879105980898,0.0998839940943502,0.0016547969654587824,True,2.2890839093873616,0.8805616645763804,0.3846786310301964,0.852022350828734,0.8805616645763804,0.3846786310301964,0.852022350828734,0.0,-1.1088751921488675e-17,-0.04109997604970165,-0.04700708137333402,0.04700708137333402,True,Q2
100142,4,0.3631747459962043,0.343765829403207,0.24722406105706024,0.2020644053791751,0.04515965567788513,True,2.6633698670946715,2.1253062288284688,0.7979763738736191,0.36323370673951016,2.1253062288284688,0.7979763738736191,0.36323370673951016,0.0,-0.05048761421747309,0.030403984397091865,0.04955619001510372,0.04955619001510372,True,Q4_worst_basis_fit
100142,5,0.5335622701416683,0.40351334524589094,0.3083094602047459,0.2655247118192918,0.0427847483854541,True,3.0388674805999685,2.6189323223616565,0.8618119543154927,0.257280155398911,2.6189323223616565,0.8618119543154927,0.257280155398911,0.0,-0.128399970426001,-0.0069041778641293445,-0.06444370692852246,0.06444370692852246,True,Q4_worst_basis_fit
100143,1,0.11419594372012795,0.11419594372012795,0.07315222291763199,0.0525587066248098,0.02059351629282219,True,0.7132979684029672,0.6423580237646966,0.9005465488747977,0.18901591330969147,0.6423580237646966,0.9005465488747977,0.18901591330969147,0.0,-8.074491882598181e-19,-0.006064187943815017,-6.559423143537302e-18,0.005053489953179181,True,Q4_worst_basis_fit
100143,2,0.2546829458769231,0.21053062957308155,0.08888916794691368,0.1386373881965562,-0.04974822024964251,False,1.6084852402835477,0.7378581870342134,0.45872860288363104,0.7895680688964319,0.7378581870342134,0.45872860288363104,0.7895680688964319,0.0,-0.08762873678942704,-0.009380998357147705,-0.12928973357446302,0.12928973357446302,True,Q2
100143,3,0.2837543302171106,0.11874292298040956,0.08888916794690915,0.1024037801993033,-0.013514612252394143,False,1.2409944886077018,0.7378581870342134,0.5945700756995562,0.6464864250826239,0.7378581870342134,0.5945700756995562,0.6464864250826239,0.0,-0.09633013205919613,0.004725770399827334,5.2678673055639447e-17,0.038532052823678456,True,Q3
100143,4,0.2832314003823047,0.08838687726161913,0.08888916794690915,0.0874488132611819,0.0014403546857272576,True,0.7378689504653999,0.7378581870342134,0.999985412814593,2.9174158027944763e-05,0.7378581870342134,0.999985412814593,2.9174158027944763e-05,0.0,-1.418459431571942e-17,7.793470284007419e-05,3.371932283900963e-17,6.494558570006182e-05,True,Q4_worst_basis_fit
100143,5,0.33758708954296035,0.2586818449938244,0.17793470437576042,0.1899316138877798,-0.011996909512019371,False,1.941796293736773,1.4673065620529961,0.7556439193883342,0.42900226709143674,1.4673065620529961,0.7556439193883342,0.42900226709143674,0.0,0.16114063041473806,-0.005757862686442502,-0.20334091871287288,0.20334091871287288,True,Q3
100144,1,0.4075527253702128,0.4075527253702128,0.08143384250183193,0.261453646215751,-0.18001980371391907,False,4.563505572284678,0.8068359484903473,0.17680178882446554,0.9687411274684691,0.8068359484903473,0.17680178882446554,0.9687411274684691,0.0,-0.3144140130774626,-0.009380998357146115,-0.37143810265684096,0.37143810265684096,True,Q1_best_basis_fit
100144,2,0.5376677181921296,0.273902092650795,0.08143384250181397,0.1747154884137381,-0.09328164591192413,False,1.3968478422986388,0.8068359484903473,0.5776119087979018,0.6663644828148443,0.8068359484903473,0.5776119087979018,0.6663644828148443,0.0,1.7531682557710984e-17,-0.022297567257771753,-9.595189226496714e-17,0.018581306048143127,True,Q3
100144,3,0.6391237579023469,0.17218972228303514,0.11085453495503,0.2208013924319625,-0.1099468574769325,False,1.3031129288760144,1.0891250127873948,0.835787128385571,0.30145987602500124,1.0891250127873948,0.835787128385571,0.30145987602500124,0.0,-0.06478582950590735,-0.0093809983571485,0.050257193772928206,0.050257193772928206,True,Q4_worst_basis_fit
100144,4,0.8874214365143067,0.30810637606749064,0.19674831958165612,0.3953777137716306,-0.1986293941899745,False,3.3223566909998605,1.8293439555985624,0.5506163623412822,0.6968216215220538,1.8293439555985624,0.5506163623412822,0.6968216215220538,0.0,-0.16593579105421521,-0.005194948236439116,-0.2969592700011547,0.2969592700011547,True,Q3
100144,5,1.1083371817207586,0.33763834459143655,0.2397147846468297,0.3988781300954785,-0.15916334544864882,False,3.0532913644137802,2.1595035249799115,0.707270701430267,0.49976815489833804,2.1595035249799115,0.707270701430267,0.49976815489833804,0.0,-0.1738862071388252,-0.007576141871623668,-0.11309939814286346,0.11309939814286346,True,Q3
100145,1,0.07685758521408977,0.07685758521408977,2.0905624958981247e-17,0.0768575852140897,-0.07685758521408967,False,0.4058300924279714,9.545561653963892e-17,2.3521078973851804e-16,1.0,9.545561653963892e-17,2.3521078973851804e-16,1.0,0.0,3.826781387284394e-18,0.007935909871038902,5.719166459861036e-18,0.006613258225865752,True,Q1_best_basis_fit
100145,2,0.34137079246872504,0.40395836547942865,0.03208594303732635,0.1181545081112195,-0.08606856507389316,False,4.327563256877313,0.3079457271513659,0.07115915097531669,0.9949363752324721,0.3079457271513659,0.07115915097531669,0.9949363752324721,0.0,0.4622075461823891,-0.009380998357147705,-0.12638305372895478,0.18488301847295563,True,Q1_best_basis_fit
100145,3,0.4102924515788053,0.11527867326282815,0.038860951233797916,0.0773131672199619,-0.03845221598616398,False,0.6121557842725827,0.35261170561084887,0.5760162930255623,0.6682052301690895,0.35261170561084887,0.5760162930255623,0.6682052301690895,0.0,-0.018012102366482853,-0.009380998357149097,0.01767980486461564,0.01767980486461564,True,Q3
100145,4,0.49206423607587707,0.11933438264981897,0.02927733418819732,0.0550126400157201,-0.02573530582752278,False,0.595875839631679,0.2901913409146963,0.48699967613063233,0.7628313154486592,0.2901913409146963,0.48699967613063233,0.7628313154486592,0.0,0.025535179721206024,-0.0093809983571483,-0.025064092212461125,0.025064092212461125,True,Q3
100145,5,0.48831046184561433,0.19537100556789908,0.05972917008468945,0.1291532941677777,-0.06942412408308826,False,1.830532057714092,0.5824099917876078,0.3181643224073891,0.898771463947047,0.5824099917876078,0.3181643224073891,0.898771463947047,0.0,-0.12484134702692555,-0.0093809983571485,-0.11999098587593865,0.11999098587593865,True,Q2
100146,1,0.4095097756926461,0.4095097756926461,4.3555405911645386e-17,0.0,4.3555405911645386e-17,True,4.841942891881112,4.54378355600607e-16,9.384215504947426e-17,1.0,4.54378355600607e-16,9.384215504947426e-17,1.0,0.0,-0.4794207562099016,-0.0093809983571484,-8.689880412471318e-17,0.19176830248396065,True,Q1_best_basis_fit
100146,2,0.49986926671039256,0.09906069615008659,0.01639017207200115,0.0117760774875212,0.00461409458447995,True,0.5187058864524092,0.14392397279832114,0.27746739830284545,0.9230118428790501,0.14392397279832114,0.27746739830284545,0.9230118428790501,0.0,-0.022954910418317907,-0.008637848102865435,8.931115395849343e-17,0.009181964167327163,True,Q2
100146,3,0.5747179572310169,0.12644149378178546,0.0838461091310451,0.0602420934824141,0.023604015648630995,True,0.8041259759406841,0.7362622598963489,0.9156056164397042,0.16166635514406924,0.7362622598963489,0.9156056164397042,0.16166635514406924,0.0,-4.999140403137012e-18,-0.006322464447621135,7.508100044462118e-18,0.005268720373017613,True,Q4_worst_basis_fit
100146,4,0.6570587352050784,0.15914700738289628,0.08586894938146643,0.1254615124848485,-0.039592563103382064,False,0.9062833581218456,0.7403992539688684,0.8169622087105843,0.33257274953872373,0.7403992539688684,0.8169622087105843,0.33257274953872373,0.0,-0.026246938983959772,-0.0093809983571485,0.025762720535798044,0.025762720535798044,True,Q4_worst_basis_fit
100146,5,0.5114505303368572,0.20426783107458568,0.08586894938146705,0.0981125673592146,-0.012243617977747548,False,1.2948991644338197,0.7403992539688683,0.5717813975828764,0.6730660333781726,0.7403992539688683,0.5717813975828764,0.6730660333781726,0.0,7.25408072362917e-18,0.02077386243412872,3.469446951953614e-18,0.0173115520284406,True,Q3
100147,1,0.33562232287977506,0.33562232287977506,5.121372726282687e-17,0.0,5.121372726282687e-17,True,3.786873816075517,5.23691153334427e-16,1.3829115486006563e-16,1.0,5.23691153334427e-16,1.3829115486006563e-16,1.0,0.0,-0.3737722176662339,-0.009380998357148397,-4.342229700804445e-17,0.14950888706649357,True,Q1_best_basis_fit
100147,2,0.477138841976825,0.15935393815447016,0.08584436962934736,0.0616778118119647,0.024166557817382653,True,1.1577682353467569,0.753809213542608,0.6510881802840607,0.5760841814943906,0.753809213542608,0.6510881802840607,0.5760841814943906,0.0,-0.08285830545961773,-0.005488710630204656,4.470978708787099e-17,0.03314332218384709,True,Q3
100147,3,0.5838028804961912,0.2248458163765597,0.19656194515496825,0.1412266257531844,0.05533531940178385,True,1.7403802755444602,1.7260328886964924,0.9917561770553396,0.016419685272577866,1.7260328886964924,0.9917561770553396,0.016419685272577866,0.0,-3.681484397784226e-17,-0.004360929327751839,1.2332799712022613e-17,0.0036341077731265325,True,Q4_worst_basis_fit
100147,4,0.7749981431506547,0.34017681094225644,0.19656194515496828,0.1412266257531844,0.05533531940178388,True,2.582544248583439,1.7260328886964926,0.6683459110693826,0.553313743156837,1.7260328886964926,0.6683459110693826,0.553313743156837,0.0,-0.18509309150374242,-0.0093809983571484,-4.7596475372113645e-17,0.07403723660149697,True,Q3
100147,5,1.1144545937953814,0.477498948742392,0.19656194515496836,0.1412266258238794,0.055335319331088956,True,4.332449737771021,1.7260328886964926,0.3983965177134427,0.8412802146738025,1.7260328886964926,0.3983965177134427,0.8412802146738025,0.0,-0.39216109480322126,-0.009934673205947354,-7.456600441269057e-17,0.1568644379212885,True,Q2
100148,1,0.19342433897043687,0.19342433897043687,0.0718674275697074,0.0941041061772982,-0.022236678607590793,False,1.5562394900301009,0.5929690363632615,0.3810268536186498,0.854818536821472,0.5929690363632615,0.3810268536186498,0.854818536821472,0.0,-0.14592974706400627,-0.006524289784170052,0.023158042224869963,0.05837189882560251,True,Q2
100148,2,0.25811898355720586,0.2778368793483756,0.16843905458306607,0.2230217590662976,-0.05458270448323152,False,2.362111668921693,1.3877305112391811,0.5874957265981764,0.6548487712288809,1.3877305112391811,0.5874957265981764,0.6548487712288809,0.0,0.2030813176176718,-0.005705688489264455,-0.05391078141647161,0.08123252704706872,True,Q3
100148,3,0.4020764615124271,0.33780762052634483,0.2771638806948095,0.2524167381827266,0.02474714251208293,True,2.5443549899028843,2.284192886304313,0.8977492902401557,0.19404621187329651,2.284192886304313,0.8977492902401557,0.19404621187329651,0.0,-0.06469091475065827,-0.004975848195944878,-0.11949951452736039,0.11949951452736039,True,Q4_worst_basis_fit
100148,4,0.6369439980150152,0.4953035442268534,0.3602344473165685,0.4410241041585278,-0.08078965684195927,False,4.080056273156988,2.994385928081745,0.7339079972455396,0.461379051579041,2.994385928081745,0.7339079972455396,0.461379051579041,0.0,-0.15916553948198064,-0.007139827324631865,-0.3089557172834671,0.3089557172834671,True,Q3
100148,5,0.7527016443365491,0.4517367610523708,0.37116217180895694,0.4255589979385498,-0.054396826129592846,False,3.251595598783478,3.1112468556545325,0.9568369623881106,0.08446302740789358,3.1112468556545325,0.9568369623881106,0.08446302740789358,0.0,-0.04893853586247456,-0.009380998357150885,-0.08758057434334676,0.08758057434334676,True,Q4_worst_basis_fit
100149,1,0.10888885826696952,0.10888885826696952,0.06468619954541693,0.0464760037218501,0.01821019582356683,True,0.65679048359915,0.5680169056739296,0.8648372956947403,0.2520564519754084,0.5680169056739296,0.8648372956947403,0.2520564519754084,0.0,-5.20271644607001e-18,-0.006448047702870974,-1.0842021724855044e-18,0.005373373085725812,True,Q4_worst_basis_fit
100149,2,0.24219291255986622,0.19671231431941996,0.13874511073097595,0.1245029919671737,0.014242118763802256,True,1.3599586114924287,1.1763840538457326,0.8650145996389993,0.2517497424113817,1.1763840538457326,0.8650145996389993,0.2517497424113817,0.0,-0.03616471202998044,-0.006294525115452001,-0.06472049469252918,0.06472049469252918,True,Q4_worst_basis_fit
100149,3,0.35643563439131937,0.25283298089180173,0.2139524340292989,0.1677070215690858,0.0462454124602131,True,1.859553683946231,1.8343746206347444,0.9864596201073081,0.026897417897745246,1.8343746206347444,0.9864596201073081,0.026897417897745246,0.0,-6.97296118470728e-18,-0.005963709729996487,2.3418766925686896e-17,0.004969758108330406,True,Q4_worst_basis_fit
100149,4,0.4748581448090976,0.36749053773419854,0.21395243402929887,0.1632133361683591,0.050739097860939775,True,2.9359436230263327,1.8343746206347444,0.6247989934983474,0.6096262177234519,1.8343746206347444,0.6247989934983474,0.6096262177234519,0.0,0.2230458406574705,-0.009380998357148403,7.478284484718767e-17,0.0892183362629882,True,Q3
100149,5,0.5635898859847355,0.28797662433597815,0.21425435465888612,0.1612735715938127,0.05298078306507342,True,2.070329569126024,1.8351643763798684,0.8864117113269897,0.21427427802235732,1.8351643763798684,0.8864117113269897,0.21427427802235732,0.0,-0.0036703264659334214,-0.009380998357149294,0.1849785416592174,0.1849785416592174,True,Q4_worst_basis_fit
100150,1,0.32039108460735655,0.32039108460735655,5.927267686091944e-17,3.8877092968584704e-08,-3.8877092909312025e-08,False,1.6917568138149757,2.2168457460509177e-16,1.3103808584945768e-16,1.0,2.2168457460509177e-16,1.3103808584945768e-16,1.0,0.0,6.354241147247397e-18,0.03308189422758766,-2.710505431213761e-18,0.027568245189656383,True,Q1_best_basis_fit
100150,2,0.41589003324132295,0.3016055690092594,8.699560236108283e-17,1.9438545959978584e-08,-1.9438545872982983e-08,False,3.3023716239083196,6.323156304052511e-16,1.9147319030585441e-16,1.0,6.323156304052511e-16,1.9147319030585441e-16,1.0,0.0,0.32511258954778494,-0.009380998357148396,4.3639137442541553e-17,0.13004503581911397,True,Q1_best_basis_fit
100150,3,0.5372702086065542,0.5995039382636355,0.08983698041194975,0.0645464861483064,0.025290494263643354,True,3.087618664769143,0.7888687847994088,0.2554942402054664,0.9347226932218314,0.7888687847994088,0.2554942402054664,0.9347226932218314,0.0,6.222549355961733e-17,-0.05837372170631475,-6.071532165918825e-17,0.04864476808859563,True,Q2
100150,4,0.2985526344236548,0.5020401380822525,0.0898369804119632,0.0645464981366619,0.0252904822753013,True,3.2225857765833275,0.7888687847994088,0.24479372761205098,0.940076030921797,0.7888687847994088,0.24479372761205098,0.940076030921797,0.0,6.955519303565372e-17,0.048104252337183365,-0.41771727043948603,0.41771727043948603,True,Q2
100150,5,0.2194678324263739,0.19970607472817667,0.13150633386154834,0.1994956538370328,-0.06798931997548446,False,1.3376589652737187,1.1508394280992753,0.8603384404961428,0.2598177678046649,1.1508394280992753,0.8603384404961428,0.2598177678046649,0.0,-0.04967786260756847,-0.007514250641698532,-0.019922943929750376,0.019922943929750376,True,Q4_worst_basis_fit
100151,1,0.13372185143498147,0.13372185143498147,0.10185930337072002,0.0846743684781284,0.017184934892591625,True,1.3558343101724486,0.8541814216373236,0.6300042824028256,0.6030946041541008,0.8541814216373236,0.6300042824028256,0.6030946041541008,0.0,-0.03004825260813002,0.004315640015673909,-0.17511345386132107,0.17511345386132107,True,Q3
100151,2,0.3843296125587934,0.32033910574612195,0.1876805693403784,0.1568271569007354,0.030853412439643013,True,3.394454082895954,1.5667492897091528,0.46156149161177984,0.7869609894611089,1.5667492897091528,0.46156149161177984,0.7869609894611089,0.0,-0.2446318384471591,0.0035421341116600043,-0.16422696736792794,0.16422696736792794,True,Q2
100151,3,0.5529477855048972,0.2877094277167579,0.20864996271746422,0.2159733860736364,-0.007323423356172171,False,2.6792693017951605,1.725572272415869,0.6440458490901618,0.5852049442697326,1.725572272415869,0.6440458490901618,0.5852049442697326,0.0,-0.09235092772631501,0.0,-0.2866105383942802,0.2866105383942802,True,Q3
100151,4,0.7857837887686201,0.2796045854446921,0.26371191288044454,0.2350643611969629,0.028647551683481653,True,3.098692576413703,2.1788576793363332,0.7031538707392689,0.5055746340643834,2.1788576793363332,0.7031538707392689,0.5055746340643834,0.0,-0.15308562433575093,0.00999860722825141,-0.17277682306761416,0.17277682306761416,True,Q3
100151,5,0.9350243080437144,0.3337534217448016,0.2837927451464745,0.2734787567544237,0.010313988392050832,True,2.9824859867005538,2.3749163729478666,0.7962875210606353,0.3659261838031085,2.3749163729478666,0.7962875210606353,0.3659261838031085,0.0,-0.07746384834891427,0.0,-0.2599685692550379,0.2599685692550379,True,Q4_worst_basis_fit
100152,1,0.18551389069396834,0.18551389069396834,0.04419016923920577,0.1131991335792044,-0.06900896433999863,False,2.2173898247809203,0.4672550667356549,0.21072301383985112,0.9555958114382499,0.4672550667356549,0.21072301383985112,0.9555958114382499,0.0,-0.09495732505929877,0.0,-0.3085662494547156,0.3085662494547156,True,Q1_best_basis_fit
100152,2,0.2833100336067996,0.10689146094691364,0.06881187397093667,0.1102097870058457,-0.04139791303490903,False,1.3467773168339217,0.7012929122914436,0.5207192781803615,0.7288514333313234,0.7012929122914436,0.5207192781803615,0.7288514333313234,0.0,-0.058282022460102084,0.0,-0.1474005566426047,0.1474005566426047,True,Q3
100152,3,0.678380300494842,0.40163307110275304,0.08304237310138962,0.1041705238994975,-0.021128150798107884,False,5.357802084246798,0.8742232492018716,0.1631682610621796,0.9733761185819444,0.8742232492018716,0.1631682610621796,0.9733761185819444,0.0,-0.4702605653953398,0.0,-0.17511345386132116,0.1881042261581359,True,Q1_best_basis_fit
100152,4,0.28187522564488215,0.5001543692102824,0.11565536090407824,0.1233992178077632,-0.007743856903684954,False,6.379437925293819,1.125811456859476,0.17647502335523146,0.9688565661317705,1.125811456859476,0.17647502335523146,0.9688565661317705,0.0,0.6328326935972032,0.0021201643266468254,-0.027482302673001602,0.25313307743888125,True,Q1_best_basis_fit
100152,5,0.46919667561211786,0.25896493547236127,0.12969663860719785,0.1326175214557803,-0.00292088284858244,False,2.977499806848204,1.2900277064087002,0.433258703641779,0.8122868957186451,1.2900277064087002,0.433258703641779,0.8122868957186451,0.0,-0.20777714539199535,0.0,-0.17511345386132135,0.17511345386132135,True,Q2
100153,1,0.18043626802177654,0.18043626802177654,0.01432175339314667,0.0274784576061566,-0.013156704213009929,False,1.278368371421777,0.1762565646232592,0.1378761932503305,0.9809901553347975,0.1762565646232592,0.1378761932503305,0.9809901553347975,0.0,-0.03004825260813005,-0.014412333517806568,-0.17511345386132104,0.17511345386132104,True,Q1_best_basis_fit
100153,2,0.3703082780441453,0.19128042098167378,0.029150512644438548,0.0471669300501834,-0.018016417405744854,False,2.1611671559351042,0.35497389338332985,0.16425101242561593,0.9730216049171602,0.35497389338332985,0.16425101242561593,0.9730216049171602,0.0,-0.03146517247169786,0.0,-0.4147938265136062,0.4147938265136062,True,Q1_best_basis_fit
100153,3,0.36677245906582423,0.3286136728977149,0.11093584519387026,0.2257184646173617,-0.11478261942349144,False,3.131138980906136,1.1216357494043465,0.35821972650979256,0.8716786275392494,1.1216357494043465,0.35821972650979256,0.8716786275392494,0.0,0.3681300370186058,0.004816711180437769,-0.35799748483267846,0.35799748483267846,True,Q2
100153,4,0.4293135602080777,0.17231141507557696,0.15451001923785898,0.2024063460363968,-0.04789632679853781,False,1.8421269516824692,1.4218714838402364,0.7718640034779357,0.40422596013501333,1.4218714838402364,0.7718640034779357,0.40422596013501333,0.0,-0.06265589009518764,0.00028687747122541605,-0.14310738060359526,0.14310738060359526,True,Q3
100153,5,0.5876870720501857,0.25059217557095365,0.19923718212987768,0.2554452148210957,-0.056208032691218046,False,2.8481611916143446,1.8748596561024813,0.658270206624017,0.5666803350711739,1.8748596561024813,0.658270206624017,0.5666803350711739,0.0,-0.09807063898183335,0.0,-0.2968465535918767,0.2968465535918767,True,Q3
100154,1,0.20712370185819742,0.20712370185819742,0.014321753393147682,0.0274784576061566,-0.013156704213008916,False,1.4030744988984993,0.1762565646232592,0.12562167209341454,0.9842191955004547,0.1762565646232592,0.12562167209341454,0.9842191955004547,0.0,-0.030048252608129992,0.018318929468412896,-0.17511345386132116,0.17511345386132116,True,Q1_best_basis_fit
100154,2,0.32386847630958404,0.11943084693296462,0.02805841989170674,0.043318344139457,-0.015259924247750262,False,1.407716720354624,0.34256124305848806,0.24334529675273872,0.9407830665483216,0.34256124305848806,0.24334529675273872,0.9407830665483216,0.0,-0.02410250385949371,3.1805546814635168e-15,-0.25926713955189323,0.25926713955189323,True,Q2
100154,3,0.47170855516511156,0.3640445735416546,0.13229468714252757,0.2661370921842649,-0.13384240504173733,False,3.226448850163156,1.2211702294251054,0.37848739779753615,0.8567472897084496,1.2211702294251054,0.37848739779753615,0.8567472897084496,0.0,-0.15376191539026215,-0.014869541609503514,-0.3545223636637947,0.3545223636637947,True,Q2
100154,4,0.682651652452799,0.34164534150474224,0.1445177828960276,0.1728660638889695,-0.0283482809929419,False,2.0918159587778704,1.3684382318880588,0.6541867252449683,0.5720397285132642,1.3684382318880588,0.6541867252449683,0.5720397285132642,0.0,-0.030048252608130113,-0.023491088177958242,-0.17511345386132113,0.17511345386132113,True,Q3
100154,5,0.7798546833065958,0.20079763293955882,0.18359318188920792,0.1630806367043584,0.020512545184849518,True,1.96663637154569,1.6738564181806745,0.8511265439808259,0.2755836061312552,1.6738564181806745,0.8511265439808259,0.2755836061312552,0.0,-0.03004825260813006,0.001503158166729523,-0.17511345386132096,0.17511345386132096,True,Q4_worst_basis_fit
100155,1,0.3412743862747738,0.3412743862747738,0.0860681785363714,0.0735675389129724,0.012500639623399007,True,3.1557110071024765,0.7183016844685092,0.22761960231841455,0.9481893166404068,0.7183016844685092,0.22761960231841455,0.9481893166404068,0.0,-0.23267773845120077,0.01825185093832405,-0.17511345386132118,0.17511345386132118,True,Q2
100155,2,0.4984982218879547,0.2629318384036426,0.11280201468224951,0.1683767886993868,-0.055574774017137285,False,2.5057252902749245,0.9767985953155797,0.389826689743953,0.8480351519632717,0.9767985953155797,0.389826689743953,0.8480351519632717,0.0,-0.11168769438332117,-0.0052608414683785465,-0.30318954865094705,0.30318954865094705,True,Q2
100155,3,0.5923679829943751,0.16662819325769956,0.1262306039200899,0.1591101906402052,-0.03287958672011532,False,1.6062845112043187,1.1445707035183204,0.7125578909181995,0.4922612520902073,1.1445707035183204,0.7125578909181995,0.4922612520902073,0.0,-0.05345176286126132,-1.5902773407317584e-15,-0.15214170486702588,0.15214170486702588,True,Q3
100155,4,0.6795555310166138,0.16877645163345043,0.1377922375039277,0.1504695638200416,-0.012677326316113902,False,1.6464596746790234,1.2859252653405893,0.7810244521119413,0.390000805203242,1.2859252653405893,0.7810244521119413,0.390000805203242,0.0,-0.029684194676744494,0.0,-0.17547079544507138,0.17547079544507138,True,Q4_worst_basis_fit
100155,5,0.7884609432944725,0.20891440136391304,0.20209546773480364,0.1862122750987905,0.01588319263601315,True,2.0417034476584206,1.7574815918425155,0.8607918029712531,0.25903747193749915,1.7574815918425155,0.8607918029712531,0.25903747193749915,0.0,-0.03004825260813006,0.002755555178517984,-0.175113453861321,0.175113453861321,True,Q4_worst_basis_fit
100156,1,0.31145210637479437,0.31145210637479437,0.12260918419375738,0.1628112918325934,-0.04020210763883603,False,2.6099713349722893,1.0124698468334927,0.38792374202234003,0.8495151703753849,1.0124698468334927,0.38792374202234003,0.8495151703753849,0.0,-0.08907688421582868,0.01723184189271529,-0.3363652412183726,0.3363652412183726,True,Q2
100156,2,0.391478340657999,0.15836154599022179,0.13011683497533894,0.1366695550316163,-0.006552720056277356,False,1.4532950665301803,1.084209894808177,0.7460356260596042,0.4434308446498546,1.084209894808177,0.7460356260596042,0.4434308446498546,0.0,-0.010441995941545995,-1.5902773407317584e-15,-0.19435800316145152,0.19435800316145152,True,Q3
100156,3,0.817105143810174,0.5472491155466338,0.1401386922718707,0.1327566945835619,0.0073819976883088,True,3.147082211791825,1.1925005627554341,0.37892259639333387,0.8564176659425347,1.1925005627554341,0.37892259639333387,0.8564176659425347,0.0,-0.03004825260813005,0.05523366739312231,-0.10314162225066549,0.10314162225066549,True,Q2
100156,4,0.9678104589827434,0.2661647978072004,0.28575086356753476,0.2311082391335975,0.054642624433937276,True,2.5941377403317483,2.3578621822737045,0.9089194245993167,0.17386547958604692,2.3578621822737045,0.9089194245993167,0.17386547958604692,0.0,-0.0300482526081301,0.006488000050117035,-0.17511345386132093,0.17511345386132093,True,Q4_worst_basis_fit
100156,5,1.0808635176523895,0.34298665945502943,0.3041075449298451,0.270886143126712,0.0332214018031331,True,2.9265990630716967,2.5224132893744824,0.8618923313421042,0.25714160917367246,2.5224132893744824,0.8618923313421042,0.25714160917367246,0.0,-0.07214098597435586,0.0,-0.19671570287950263,0.19671570287950263,True,Q4_worst_basis_fit
100157,1,0.10519082011325903,0.10519082011325903,0.04978270771856327,0.0486928035142066,0.0010899042043566662,True,1.1129502162058087,0.41119439429313365,0.3694634210099249,0.863496780535643,0.41119439429313365,0.3694634210099249,0.863496780535643,0.0,-0.03004825260813002,0.001918252564790981,-0.17511345386132113,0.17511345386132113,True,Q2
100157,2,0.3187042378996672,0.2388244002239694,0.0894294799554074,0.1735314289980529,-0.08410194904264551,False,2.7330219100530355,0.8473932299193484,0.31005723986417083,0.903864508007812,0.8473932299193484,0.31005723986417083,0.903864508007812,0.0,-0.12758647266058268,0.0,-0.34175318989436415,0.34175318989436415,True,Q2
100157,3,0.4266984089052882,0.16869324073391612,0.12906697734363184,0.1800732156321229,-0.051006238288491046,False,1.7925122641077134,1.1512028103780685,0.6422286940118207,0.5875423045878713,1.1512028103780685,0.6422286940118207,0.5875423045878713,0.0,-0.09977925754245807,0.0,-0.1066688861385357,0.1066688861385357,True,Q3
100157,4,0.536274101982207,0.22840718914286498,0.17127399999962978,0.2054801299065755,-0.034206129906945715,False,1.7328688953268907,1.544991153075841,0.8915799442429208,0.2050852030237903,1.544991153075841,0.8915799442429208,0.2050852030237903,0.0,-0.00030953284274058235,-0.006615672905411467,-0.15309566989996443,0.15309566989996443,True,Q4_worst_basis_fit
100157,5,0.6488951337064135,0.2296656315266773,0.2258918992339214,0.2227469300261423,0.003144969207779097,True,2.2801255867667445,2.0277963615618053,0.8893353828098801,0.20908257688240395,2.0277963615618053,0.8893353828098801,0.20908257688240395,0.0,-0.03004825260813005,0.0032167530716854607,-0.17511345386132107,0.17511345386132107,True,Q4_worst_basis_fit
100158,1,0.2809238908161417,0.2809238908161417,0.11712152810880752,0.0954820971631189,0.021639430945688626,True,3.2489969516029102,0.9863052607390391,0.30357223334803074,0.9078438991400888,0.9863052607390391,0.30357223334803074,0.9078438991400888,0.0,-0.24867326962143482,0.0050108002973815145,-0.17511345386132116,0.17511345386132116,True,Q2
100158,2,0.41213182156909595,0.20568383116040312,0.13200336790457093,0.1366002440816018,-0.004596876177030862,False,1.927808927857086,1.0903000149016617,0.5655643560659394,0.6801369591477194,1.0903000149016617,0.5655643560659394,0.6801369591477194,0.0,-0.06443217986855969,-1.5902773407317584e-15,-0.2366470499237516,0.2366470499237516,True,Q3
100158,3,0.2737043229054735,0.5190110023753916,0.13629770202313551,0.1139763326190425,0.022321369404093017,True,6.1924402381864825,1.1323896467077927,0.18286646348635965,0.9665598565319918,1.1323896467077927,0.18286646348635965,0.9665598565319918,0.0,0.6685206471924495,1.5902773407317584e-15,-0.22836681595219538,0.26740825887697983,True,Q1_best_basis_fit
100158,4,0.9314252302041816,0.7350021961234078,0.27956884869391924,0.2137395363120794,0.06582931238183984,True,4.454691285470929,2.328377888207079,0.5226799656804801,0.7268056534762521,2.328377888207079,0.5226799656804801,0.7268056534762521,0.0,0.23151276202024568,0.06490606892296785,-0.2142443679321977,0.2142443679321977,True,Q3
100158,5,0.9139253406067529,0.31796232901690274,0.2898592484106165,0.2326814325548074,0.05717781585580911,True,2.6526607221370297,2.398182320144702,0.9040667357613245,0.18266333728986361,2.398182320144702,0.9040667357613245,0.18266333728986361,0.0,-0.05489723631517218,0.0,-0.15072289832894628,0.15072289832894628,True,Q4_worst_basis_fit
100159,1,0.5944787207657024,0.5944787207657024,0.014321753393146692,0.0274784576061566,-0.013156704213009907,False,6.786621522993566,0.17625656462325917,0.025971179330700724,0.9993254978441726,0.17625656462325917,0.025971179330700724,0.9993254978441726,0.0,-0.6139260062632105,-0.01792421348728774,-0.17511345386132107,0.2455704025052842,True,Q1_best_basis_fit
100159,2,0.7311323266014723,0.17855788163427497,0.1030564915759773,0.0797644718609598,0.023292019715017487,True,1.2451085943394669,0.8586811927322169,0.6896436155335908,0.5243916835537568,0.8586811927322169,0.6896436155335908,0.5243916835537568,0.0,0.039935344661059066,-0.008167586600696854,-0.21658881926436258,0.21658881926436258,True,Q3
100159,3,0.7764143514469923,0.3937176287191323,0.13502700954584046,0.1970486234874,-0.06202161394155953,False,3.0238484943611335,1.1788311254530603,0.38984463925733787,0.8480211572423161,1.1788311254530603,0.38984463925733787,0.8480211572423161,0.0,-0.1419298068894299,0.029046241236766617,-0.2525607028050843,0.2525607028050843,True,Q2
100159,4,0.8679897061445796,0.19064249299056824,0.17838651460565935,0.186991304649908,-0.008604790044248661,False,1.7943153882845082,1.5278875112629784,0.8515155815075222,0.27492121444990636,1.5278875112629784,0.8515155815075222,0.27492121444990636,0.0,-0.03004825260813006,0.001637883139318999,-0.15449207800842302,0.15449207800842302,True,Q4_worst_basis_fit
100159,5,0.9905419569871231,0.1920145019170593,0.18904638764307868,0.1817906236454898,0.007255763997588871,True,1.9966127629628085,1.6522158088531216,0.8275093896531893,0.31522821003580614,1.6522158088531216,0.8275093896531893,0.31522821003580614,0.0,-0.03004825260813005,0.008672508429858063,-0.17511345386132107,0.17511345386132107,True,Q4_worst_basis_fit
100160,1,0.3702779043579416,0.3702779043579416,0.014321753393147597,0.0274784576061566,-0.013156704213009001,False,4.720806235325101,0.17625656462325928,0.037336115027208114,0.9986060145146751,0.17625656462325928,0.037336115027208114,0.9986060145146751,0.0,-0.4384158449544584,-0.005111904901761013,-0.09749653265667903,0.17536633798178336,True,Q1_best_basis_fit
100160,2,0.434819490568566,0.11346259767946133,0.028643506786297186,0.0463949754137686,-0.017751468627471415,False,1.1110027080739726,0.35251312924651845,0.31729277227202535,0.8993252966639327,0.35251312924651845,0.31729277227202535,0.8993252966639327,0.0,-0.0300482526081301,0.004377256453304635,-0.17511345386132096,0.17511345386132096,True,Q2
100160,3,0.4316905081930118,0.6290986727251113,0.0690088698409352,0.1298547799515514,-0.0608459101106162,False,4.621337581074569,0.7722025069786528,0.16709502247595978,0.9720792534637585,0.7722025069786528,0.16709502247595978,0.9720792534637585,0.0,0.4886857698315718,0.034873406547273285,-0.27864071437229576,0.27864071437229576,True,Q1_best_basis_fit
100160,4,0.5252169497766428,0.18447471466328982,0.08330370902096981,0.153238200337492,-0.06993449131652218,False,2.0177165007043336,0.9476902975041602,0.4696845652862261,0.7793964091318888,0.9476902975041602,0.4696845652862261,0.7793964091318888,0.0,0.2303400438387733,0.0,-0.3836009553609824,0.3836009553609824,True,Q2
100160,5,0.5686694278366579,0.12127755098360707,0.08992153658225077,0.1596248872031667,-0.06970335062091593,False,1.449947274650965,1.0839487791752571,0.7475780658549726,0.4411270354525383,1.0839487791752571,0.7475780658549726,0.4411270354525383,0.0,-0.008594405943860746,-1.5902773407317584e-15,-0.19617150776875794,0.19617150776875794,True,Q3
100161,1,0.10480373320028111,0.10480373320028111,0.010584109316875107,0.0203072201551705,-0.009723110838295392,False,1.3297932752021693,0.13025770634217196,0.09795335017194218,0.9904051411900929,0.13025770634217196,0.09795335017194218,0.9904051411900929,0.0,0.16222919165101418,0.0,-0.12941292086559475,0.12941292086559475,True,Q1_best_basis_fit
100161,2,0.24133293167277697,0.1929099187496907,0.02116821863376148,0.034286967388229,-0.01311874875446752,False,1.2234256019920118,0.26051541268434397,0.21293931748703504,0.9546568470681557,0.26051541268434397,0.21293931748703504,0.9546568470681557,0.0,-0.022206358513177926,-0.018028618828697763,-0.12941292086559492,0.12941292086559492,True,Q1_best_basis_fit
100161,3,0.6719582518232583,0.4491863206728499,0.0306821939767457,0.0406494885760141,-0.0099672945992684,False,2.3953560167273102,0.37165354760627217,0.1551558703637087,0.97592665589168,0.37165354760627217,0.1551558703637087,0.97592665589168,0.0,-0.010490435682482958,-0.044865343852062596,-0.10956499520203462,0.10956499520203462,True,Q1_best_basis_fit
100161,4,0.684352364837189,0.08616077898436242,0.056627473260757934,0.0628308188861453,-0.006203345625387373,False,0.9943892910350984,0.5481029387873034,0.5511955365255008,0.6961834805143653,0.5481029387873034,0.5511955365255008,0.6961834805143653,0.0,-0.022206358513177902,0.0011404867404471975,-0.144237913951959,0.144237913951959,True,Q3
100161,5,0.7084345707295596,0.14257250307518157,0.0869821879935055,0.1430676101586689,-0.05608542216516339,False,1.58633064884539,0.9242278124817409,0.5826199053485095,0.6605540458916938,0.9242278124817409,0.5826199053485095,0.6605540458916938,0.0,-0.08611516527865899,0.0,-0.11856774573743806,0.11856774573743806,True,Q3
100162,1,0.15527247463872065,0.15527247463872065,0.04001952445131946,0.1016525410201478,-0.06163301656882834,False,1.8743296537743794,0.4093620051849621,0.21840448629760548,0.952299480365079,0.4093620051849621,0.21840448629760548,0.952299480365079,0.0,-0.08727040129152892,1.5902773407317584e-15,-0.24585175858729075,0.24585175858729075,True,Q1_best_basis_fit
100162,2,0.29037248631070006,0.16070444205943407,0.05053715817655345,0.0827021892311122,-0.03216503105455874,False,1.1170760080334983,0.5372095560936564,0.48090689642449724,0.7687285569713579,0.5372095560936564,0.48090689642449724,0.7687285569713579,0.0,-0.022206358513177937,-0.012060148502992966,-0.1294129208655948,0.1294129208655948,True,Q3
100162,3,0.47727797991558674,0.19279412878215957,0.10185938722059201,0.1892472886924043,-0.08738790147181227,False,2.478095675861626,1.0542832321047126,0.4254408909123905,0.8190000483396714,1.0542832321047126,0.4254408909123905,0.8190000483396714,0.0,-0.11223914224762073,0.0,-0.2905359044250406,0.2905359044250406,True,Q2
100162,4,0.6979575652308145,0.24854385438688642,0.16403319328585717,0.2916540328641716,-0.1276208395783144,False,3.1250130474966182,1.6752521494389132,0.5360784495862896,0.7126198958891599,1.6752521494389132,0.5360784495862896,0.7126198958891599,0.0,-0.13607852496667816,0.0,-0.3331989468256791,0.3331989468256791,True,Q3
100162,5,0.7661036857723343,0.17306230959153157,0.1873520891042801,0.2371648259689308,-0.04981273686465068,False,1.9811893445343218,1.8275329880865527,0.9224423668178541,0.1491000798994756,1.8275329880865527,0.9224423668178541,0.1491000798994756,0.0,-0.022206358513177985,0.001556358660899022,-0.12941292086559453,0.12941292086559453,True,Q4_worst_basis_fit
100163,1,0.06324123775101999,0.06324123775101999,0.0092023614962586,0.0116278571096761,-0.0024254956134175006,False,0.709925531694024,0.10732226661735515,0.1511739778695701,0.9771464284150907,0.10732226661735515,0.1511739778695701,0.9771464284150907,0.0,-0.0021147884347649686,0.0,-0.14913383023989865,0.14913383023989865,True,Q1_best_basis_fit
100163,2,0.10163729436530222,0.0383257696275859,0.019585729055935735,0.0284281729025581,-0.008842443846622364,False,0.5094964293333935,0.23106419721453006,0.45351485096146016,0.7943242799574046,0.23106419721453006,0.45351485096146016,0.7943242799574046,0.0,0.03836121432445758,0.0,-0.12941292086559483,0.12941292086559483,True,Q2
100163,3,0.5413802454428187,0.4618374042037949,0.17617125286407992,0.2101245249578621,-0.03395327209378218,False,5.4106490874855675,1.4551539062115275,0.26894257651585485,0.9276698905370135,1.4551539062115275,0.26894257651585485,0.9276698905370135,0.0,-0.39659584811661097,0.0066334373422653175,-0.3551619308648981,0.3551619308648981,True,Q2
100163,4,0.5073608526129262,0.2780248756548888,0.20668353006636944,0.2220343890538486,-0.015350858987479149,False,2.332463099016607,1.7080273960369576,0.7322848523336045,0.46375889504275103,1.7080273960369576,0.7322848523336045,0.46375889504275103,0.0,0.18725384965470865,-0.005638740436868111,-0.12941292086559467,0.12941292086559467,True,Q3
100163,5,0.5342324206336321,0.20954361813258768,0.21363720254366608,0.211214908176444,0.0024222943672220776,True,1.830921020115538,1.773718719097993,0.9687576359716843,0.061508642746553766,1.773718719097993,0.9687576359716843,0.061508642746553766,0.0,0.038441786954851474,-1.5902773407317584e-15,-0.12941292086559483,0.12941292086559483,True,Q4_worst_basis_fit
100164,1,0.21697803912214203,0.21697803912214203,0.04061344189175901,0.1033344981392704,-0.0627210562475114,False,2.4920192589665717,0.41503863353363557,0.16654712119108986,0.9722620564229604,0.41503863353363557,0.16654712119108986,0.9722620564229604,0.0,-0.08857876900801,0.0,-0.386895991151937,0.386895991151937,True,Q1_best_basis_fit
100164,2,0.41973162266233704,0.21883999669014453,0.06939363649936822,0.1411847669394262,-0.07179113044005797,False,1.713553242436556,0.7331922508141553,0.42787830144781835,0.8169201591501298,0.7331922508141553,0.42787830144781835,0.8169201591501298,0.0,-0.03795995665858661,-0.015094838306515349,-0.2305720234557001,0.2305720234557001,True,Q2
100164,3,0.5012908546182933,0.10689916623794748,0.07994095089624817,0.1174034517994717,-0.03746250090322353,False,1.203881128051837,0.8616475294156678,0.7157247583156456,0.4877380703340106,0.8616475294156678,0.7157247583156456,0.4877380703340106,0.0,-0.02220635851317796,-0.00134687086599106,-0.14651946935576213,0.14651946935576213,True,Q3
100164,4,1.0723174277851375,0.6001865444345315,0.20978797442440786,0.3419518220826892,-0.13216384765828135,False,7.731867485505334,1.8988712446638034,0.24559024688712683,0.9396854306339201,1.8988712446638034,0.24559024688712683,0.9396854306339201,0.0,-0.6274080942701713,0.0036701350733744633,-0.3607345850355038,0.3607345850355038,True,Q2
100164,5,1.1238717791737238,0.19649608769239285,0.21997126507516682,0.2618314271927685,-0.04186016211760166,False,2.159801751926085,2.0163641868857143,0.933587624460229,0.12841414745470658,2.0163641868857143,0.933587624460229,0.12841414745470658,0.0,-0.02220635851317795,0.002773689962126052,-0.12941292086559464,0.12941292086559464,True,Q4_worst_basis_fit
100165,1,0.3454261143683308,0.3454261143683308,0.054272247657749254,0.1264622791118343,-0.07219003145408505,False,2.7301284278255054,0.5020804044677715,0.1839035846631101,0.9661794715480583,0.5020804044677715,0.1839035846631101,0.9661794715480583,0.0,0.31558250959539885,0.016647274564750143,-0.27089957554119876,0.27089957554119876,True,Q1_best_basis_fit
100165,2,0.4934825509314452,0.17221437923526012,0.07441679442067545,0.1066293323001379,-0.03221253787946245,False,1.5550427030525755,0.6942163290387601,0.4464291094231699,0.8007010502596354,0.6942163290387601,0.4464291094231699,0.8007010502596354,0.0,0.1651085143216565,0.0056965248345066215,-0.12344108643584319,0.12344108643584319,True,Q2
100165,3,0.39511291007917076,0.4623227519130905,0.08459332794073429,0.0994640863676386,-0.014870758426904301,False,6.003180495893936,0.8091379996993899,0.13478488615373554,0.9818330344645245,0.8091379996993899,0.13478488615373554,0.9818330344645245,0.0,-0.5516204929768226,0.0,-0.12941292086559497,0.22064819719072903,True,Q1_best_basis_fit
100165,4,0.4590033512382683,0.11622141686856055,0.09559314881260078,0.1016745973487933,-0.006081448536192524,False,1.2074474138472642,0.9317832861049042,0.7716967839915967,0.404484073577027,0.9317832861049042,0.7716967839915967,0.404484073577027,0.0,-0.02411107093645384,0.0,-0.1275433476596712,0.1275433476596712,True,Q3
100165,5,0.47679212895297535,0.12658253470338757,0.10597382345052586,0.1066410612690426,-0.0006672378185167416,False,1.1666259879506946,1.053428825568623,0.9029704776413264,0.18464431650819468,1.053428825568623,0.9029704776413264,0.18464431650819468,0.0,0.0596744005352977,0.0,-0.12941292086559483,0.12941292086559483,True,Q4_worst_basis_fit
100166,1,0.13118773896216077,0.13118773896216077,0.1271654829601942,0.0994943247876506,0.027671158172543592,True,1.3532878335107965,1.0825698973610558,0.7999553905340117,0.3600713731555768,1.0825698973610558,0.7999553905340117,0.3600713731555768,0.0,-0.02220635851317793,0.005549229802354376,-0.1294129208655948,0.1294129208655948,True,Q4_worst_basis_fit
100166,2,0.3370412863963902,0.3193341941101665,0.13235660285812298,0.1086004259657813,0.023756176892341677,True,3.012470353362788,1.1058294592100977,0.36708393095907893,0.8652493876316302,1.1058294592100977,0.36708393095907893,0.8652493876316302,0.0,0.3042105136836683,0.014064279083378662,-0.12941292086559478,0.12941292086559478,True,Q2
100166,3,0.34739690648535165,0.17721244343848042,0.13490550509596536,0.1016816273638983,0.03322387773206706,True,1.5116944132957124,1.125775996188096,0.7447113558710199,0.44540499643674714,1.125775996188096,0.7447113558710199,0.44540499643674714,0.0,0.0187230951818467,1.5902773407317584e-15,-0.24302197156587863,0.24302197156587863,True,Q3
100166,4,0.5616577537444641,0.7025682465832142,0.3123890733335134,0.2691037429041841,0.043285330429329305,True,3.7857208862389826,2.5982987900614,0.6863418799590225,0.5289348238143148,2.5982987900614,0.6863418799590225,0.5289348238143148,0.0,-0.08418140557151722,-0.049633191031765965,-0.06544331119033386,0.06544331119033386,True,Q3
100166,5,0.7547504118653896,0.5224431425281209,0.32659777833584197,0.2906127113633935,0.035985066972448465,True,3.5666505978731937,2.6962171120437177,0.7559521287707525,0.4285363790069676,2.6962171120437177,0.7559521287707525,0.4285363790069676,0.0,-0.11974841329099158,-0.02003944681365678,-0.2399362637326178,0.2399362637326178,True,Q3
100167,1,0.26085974209320395,0.26085974209320395,0.010584109316891152,0.0203072201551705,-0.009723110838279347,False,1.7546713462013723,0.13025770634217193,0.07423481703520284,0.9944891919397499,0.13025770634217193,0.07423481703520284,0.9944891919397499,0.0,-0.02220635851317788,-0.021601241331539855,-0.26053962998678837,0.26053962998678837,True,Q1_best_basis_fit
100167,2,0.3226922226456897,0.08268245113672507,0.05229150732316006,0.053713323359333,-0.001421816036172939,False,0.8832257302290173,0.43874609659144886,0.49675420628618183,0.7532352585369855,0.43874609659144886,0.49675420628618183,0.7532352585369855,0.0,-0.02220635851317799,0.001822865188369807,-0.12941292086559475,0.12941292086559475,True,Q3
100167,3,0.34051561911565204,0.3350917245268141,0.060148215876482274,0.0642822353328877,-0.004134019456405423,False,1.9668957612679407,0.5266246173336853,0.26774403997606955,0.9283131290572929,0.5266246173336853,0.26774403997606955,0.9283131290572929,0.0,-0.0222063585131779,0.03394001555726985,-0.12941292086559486,0.12941292086559486,True,Q2
100167,4,0.45088446512473135,0.12340512494024258,0.06912558822218952,0.1500394356386656,-0.08091384741647607,False,1.054722713001056,0.6293671249855008,0.5967133515070807,0.6439331761331872,0.6293671249855008,0.5967133515070807,0.6439331761331872,0.0,-0.02220635851317794,0.007249441705692805,-0.12941292086559478,0.12941292086559478,True,Q3
100167,5,0.5429554314320014,0.12763161643677248,0.08486222348709116,0.1091167216518518,-0.024254498164760635,False,1.3793969913635666,0.8202282547505029,0.5946281309050034,0.646417385936422,0.8202282547505029,0.5946281309050034,0.646417385936422,0.0,-0.04359868060782322,1.5902773407317584e-15,-0.16769669504412538,0.16769669504412538,True,Q3
100168,1,0.21472641747096874,0.21472641747096874,0.04103362091968459,0.0812818649471043,-0.0402482440274197,False,2.487875681160225,0.4846390236260125,0.1948003380136745,0.9620528283097581,0.4846390236260125,0.1948003380136745,0.9620528283097581,0.0,0.315061757749249,0.0012757500747229995,-0.3623906007450541,0.3623906007450541,True,Q1_best_basis_fit
100168,2,0.2419558679385191,0.11947519230420087,0.127275158160804,0.119816929697297,0.007458228463507008,True,1.3268182443348686,1.0626183325931498,0.8008770885765429,0.3585958889931602,1.0626183325931498,0.8008770885765429,0.3585958889931602,0.0,-0.022206358513178,0.004475822054983314,-0.1294129208655947,0.1294129208655947,True,Q4_worst_basis_fit
100168,3,0.30263312066518916,0.32948512380328615,0.13468176669735693,0.1200777647663411,0.014604001931015825,True,3.6354442966269644,1.142801972262838,0.31435001584899863,0.9011840675357343,1.142801972262838,0.31435001584899863,0.9011840675357343,0.0,-0.3018767215021067,0.0,-0.12941292086559492,0.12941292086559492,True,Q2
100168,4,0.7056434545596778,0.44887856920252855,0.29376844933185453,0.2566761575642285,0.03709229176762602,True,3.4841131396727585,2.422301216320089,0.6952418360752777,0.5166387893706768,2.422301216320089,0.6952418360752777,0.5166387893706768,0.0,-0.055186014661463854,0.03940902202511058,-0.23104262581721793,0.23104262581721793,True,Q3
100168,5,0.8737686354142662,0.39202498797756297,0.3314068564521516,0.2936702126976829,0.037736643754468724,True,3.469931224664931,2.7378879611837323,0.7890323421174184,0.3774279630927012,2.7378879611837323,0.7890323421174184,0.3774279630927012,0.0,-0.1384400122894816,0.0011276764759053023,-0.2052466119464996,0.2052466119464996,True,Q4_worst_basis_fit
100169,1,0.11262023268377166,0.11262023268377166,0.010584109316875116,0.0203072201551705,-0.009723110838295383,False,1.436168625378797,0.13025770634217199,0.0906980587379256,0.9917738621411718,0.13025770634217199,0.0906980587379256,0.9917738621411718,0.0,0.17349256696437584,0.0,-0.12941292086559478,0.12941292086559478,True,Q1_best_basis_fit
100169,2,0.10688056402977054,0.06150489856136214,0.019601307357133356,0.0252017463610953,-0.005600439003961944,False,0.73939739478305,0.23133903691040755,0.31287510416274295,0.9021091691951527,0.23133903691040755,0.31287510416274295,0.9021091691951527,0.0,-0.002348195105693966,0.0,-0.14890472958789475,0.14890472958789475,True,Q2
100169,3,0.12245855032532389,0.07428940083154634,0.04179667716935505,0.0470860721539679,-0.005289394984612852,False,0.8597138873552684,0.3977461035751906,0.4626493876919611,0.7859555440682534,0.3977461035751906,0.4626493876919611,0.7859555440682534,0.0,-0.022206358513177954,0.0008758565750687414,-0.1294129208655947,0.1294129208655947,True,Q2
100169,4,0.21044902082830175,0.11186434961552491,0.051826119873952,0.1404345922157017,-0.0886084723417497,False,0.9688033932933312,0.5177332558490887,0.5344048745423119,0.7144114300654159,0.5177332558490887,0.5344048745423119,0.7144114300654159,0.0,-0.022206358513177937,0.0059193915726897224,-0.1294129208655948,0.1294129208655948,True,Q3
100169,5,0.2842104460117664,0.10802837544753267,0.09967872684093704,0.1353150923770868,-0.03563636553614977,False,1.15591397737353,0.8627064330807168,0.7463413800401999,0.44297454443969,0.8627064330807168,0.7463413800401999,0.44297454443969,0.0,-0.02220635851317794,0.0022274293788250954,-0.12941292086559486,0.12941292086559486,True,Q3
100170,1,0.09859254633834794,0.09859254633834794,0.009079345032776163,0.0106005463410163,-0.0015212013082401363,False,1.0753278050935138,0.10617913750707617,0.0987411810651009,0.990250179161869,0.10617913750707617,0.0987411810651009,0.990250179161869,0.0,0.0031121312716689835,1.5902773407317584e-15,-0.23636897980323993,0.23636897980323993,True,Q1_best_basis_fit
100170,2,0.2047510605672841,0.11345610471859494,0.06910141868249138,0.0590443656397269,0.010057053042764483,True,1.1722098977975073,0.5737708643138582,0.4894779214814085,0.7604113643822401,0.5737708643138582,0.4894779214814085,0.7604113643822401,0.0,-0.022206358513177947,0.00272452002526173,-0.1850609214125772,0.1850609214125772,True,Q3
100170,3,0.1775500142205333,0.1962887727296827,0.07587546897086433,0.0697905142680559,0.00608495470280844,True,2.1628077477598544,0.6345635514572422,0.2933980387829184,0.9139175908383371,0.6345635514572422,0.2933980387829184,0.9139175908383371,0.0,0.23925383452123353,0.0,-0.12941292086559472,0.12941292086559472,True,Q2
100170,4,0.386236627786426,0.29923003646496743,0.12543929473762072,0.2507156594469361,-0.12527636470931536,False,3.4395026939460736,1.221532980056046,0.35514813877194706,0.8738697995268219,1.221532980056046,0.35514813877194706,0.8738697995268219,0.0,-0.17084989721753102,3.1805546814635168e-15,-0.3954259157933203,0.3954259157933203,True,Q2
100170,5,0.6389026529838394,0.33811927682336396,0.1462868377231447,0.2380427570177743,-0.09175591929462959,False,3.942455503643122,1.473123847841644,0.37365642972517205,0.8603808725250376,1.473123847841644,0.37365642972517205,0.8603808725250376,0.0,-0.28488430857665464,-3.1805546814635168e-15,-0.23403277694058897,0.23403277694058897,True,Q2
100171,1,0.09367951438495552,0.09367951438495552,0.020042437306462754,0.0384544579655244,-0.018412020659061647,False,1.0356132803304432,0.24666052049203316,0.23817821302303963,0.9432711388411515,0.24666052049203316,0.23817821302303963,0.9432711388411515,0.0,0.021060270607577095,1.5902773407317584e-15,-0.2450608053488135,0.2450608053488135,True,Q2
100171,2,0.31897948391428127,0.2376271035374318,0.07979101744844429,0.0898330845153773,-0.010042067066933016,False,1.9670393159460169,0.6916699264247061,0.35162994497243094,0.8763563817986851,0.6916699264247061,0.35162994497243094,0.8763563817986851,0.0,-0.0728517407353284,0.013875065013709924,-0.24506080534881355,0.24506080534881355,True,Q2
100171,3,0.5139148920077461,0.23369395757161296,0.11319991899779697,0.1702746729329135,-0.057074753935116546,False,2.605700087155872,1.0913165773419906,0.4188189510839543,0.8245906862129363,1.0913165773419906,0.4188189510839543,0.8245906862129363,0.0,-0.0987642914846471,0.0,-0.3465555883944704,0.3465555883944704,True,Q2
100171,4,0.6396534186071402,0.1859460590738907,0.13173786890406283,0.1628477101634914,-0.03110984125942856,False,1.9850087923558213,1.3162806333435884,0.6631107320091101,0.5602841570943422,1.3162806333435884,0.6631107320091101,0.5602841570943422,0.0,-0.042050732374364005,-0.00031872165339618893,-0.2550518490611302,0.2550518490611302,True,Q3
100171,5,0.7863761667169628,0.22308058256186594,0.19964392140368578,0.201621996679086,-0.001978075275400226,False,2.317995138969987,1.8095740134119527,0.7806634202934724,0.3905646242156974,1.8095740134119527,0.7806634202934724,0.3905646242156974,0.0,-0.042050732374363915,0.0029458167316916443,-0.24506080534881344,0.24506080534881344,True,Q4_worst_basis_fit
100172,1,0.3109366447708546,0.3109366447708546,0.08308287563113353,0.164673538365827,-0.08159066273469345,False,3.044471049267734,0.7579788684766505,0.24896898548566,0.9380144442662413,0.7579788684766505,0.24896898548566,0.9380144442662413,0.0,-0.12159714000009784,0.010329081945563917,-0.4238659115519636,0.4238659115519636,True,Q2
100172,2,0.49752294425109317,0.22854593888898064,0.17014682112075638,0.223054421391788,-0.05290760027103161,False,2.3848722547840833,1.473714649162099,0.6179428043601954,0.6181466905394573,1.473714649162099,0.6179428043601954,0.6181466905394573,0.0,-0.05826755152556977,0.0031070162759956354,-0.3110179343913282,0.3110179343913282,True,Q3
100172,3,0.6557375861714297,0.259222885249944,0.19299123290897086,0.2354475554544408,-0.04245632254546994,False,2.585429076785155,1.7511221557786112,0.6773042708856819,0.5412589246400148,1.7511221557786112,0.6773042708856819,0.5412589246400148,0.0,-0.0704605929777286,3.1805546814635168e-15,-0.2959031909005437,0.2959031909005437,True,Q3
100172,4,0.858394461940629,0.3535876372541958,0.37555800770113384,0.3248388251787106,0.050719182522423245,True,3.462198613421419,3.1195891671096554,0.9010428099117083,0.18812185470641318,3.1195891671096554,0.9010428099117083,0.18812185470641318,0.0,-0.042050732374364005,0.00827637898700387,-0.24506080534881342,0.24506080534881342,True,Q4_worst_basis_fit
100172,5,0.973652614378646,0.411521334841653,0.38718700361162567,0.321503329060736,0.06568367455088969,True,3.5174909004707797,3.235350953909482,0.9197894310050564,0.15398740261139465,3.235350953909482,0.9197894310050564,0.15398740261139465,0.0,-0.023874830759053358,0.0,-0.26290138760061715,0.26290138760061715,True,Q4_worst_basis_fit
100173,1,0.45046574318667976,0.45046574318667976,0.042173434531228654,0.1028066680847522,-0.06063323355352354,False,5.740275211321291,0.46615636780981873,0.08120801715054343,0.9934052579504771,0.46615636780981873,0.08120801715054343,0.9934052579504771,0.0,-0.45084745856115993,0.0,-0.3525125633218787,0.3525125633218787,True,Q1_best_basis_fit
100173,2,0.5847887467039716,0.14647187676743476,0.08863602199046595,0.1184904711800307,-0.029854449189564744,False,1.665913570616203,0.8287556092258853,0.4974781548356904,0.7525154854612768,0.8287556092258853,0.4974781548356904,0.7525154854612768,0.0,-0.04205073237436387,0.002193497762947273,-0.2450608053488136,0.2450608053488136,True,Q3
100173,3,1.0402552772096547,0.643576461293656,0.13528584789274722,0.1447237795715204,-0.009437931678773187,False,3.7323276797950533,1.212584788214217,0.32488701213951326,0.8944484293430598,1.212584788214217,0.32488701213951326,0.8944484293430598,0.0,-0.09382429237192473,0.06647352409869275,-0.0026656059984435706,0.055394603415577295,True,Q2
100173,4,1.1835881081223696,0.18033516868114755,0.1526623018264024,0.158462841217138,-0.005800539390735604,False,2.031436600584017,1.4152027930687454,0.6966512234060809,0.5146770729268109,1.4152027930687454,0.6966512234060809,0.5146770729268109,0.0,-0.04205073237436387,0.004288074943822025,-0.2450608053488136,0.2450608053488136,True,Q3
100173,5,1.3836574731343751,0.2859807106840433,0.18958705236516168,0.2391915592228657,-0.04960450685770401,False,3.093808000450559,1.8692027958540252,0.6041754354445423,0.6349720432053976,1.8692027958540252,0.6041754354445423,0.6349720432053976,0.0,-0.10479118520458627,0.0,-0.357341338401007,0.357341338401007,True,Q3
100174,1,0.3478992789451848,0.3478992789451848,0.09376669570031215,0.2437210850404973,-0.14995438934018515,False,4.227165895689285,0.9472089124036231,0.2240765883755718,0.9497896825419646,0.9472089124036231,0.2240765883755718,0.9497896825419646,0.0,-0.20487353418552207,6.3611093629270335e-15,-0.5364490589509949,0.5364490589509949,True,Q1_best_basis_fit
100174,2,0.5678219196035866,0.2571627482480312,0.12653273343285593,0.2105090985097084,-0.08397636507685247,False,2.2468203231848762,1.28386276308289,0.5714131877100923,0.6734869689109908,1.28386276308289,0.5714131877100923,0.6734869689109908,0.0,-0.07430288425333109,-0.013268704924248762,-0.24567411956002852,0.24567411956002852,True,Q3
100174,3,0.9158522005441029,0.3689503916996514,0.21729068830028597,0.3352446678738487,-0.11795397957356274,False,4.400831771512181,2.06882604521053,0.4700988705368429,0.7790070519199845,2.06882604521053,0.4700988705368429,0.7790070519199845,0.0,-0.1285020746680308,0.0034062132452521974,-0.6322318361962636,0.6322318361962636,True,Q2
100174,4,1.4568794856149998,0.6442460011445935,0.3061146055598538,0.3301213312966448,-0.024006725736790968,False,7.371337034799967,2.770430762492563,0.3758382976403606,0.8587455740267957,2.770430762492563,0.3758382976403606,0.8587455740267957,0.0,-0.6007802188863216,0.005265700089829684,-0.24506080534881375,0.24506080534881375,True,Q2
100174,5,1.5864419837244355,0.36622554862229806,0.3391705137678513,0.321118017916819,0.018052495851032302,True,3.391438887489504,3.069834129875165,0.9051715899110877,0.18066439281783364,3.069834129875165,0.9051715899110877,0.18066439281783364,0.0,-0.04205073237436397,0.0009017585270452442,-0.24506080534881325,0.24506080534881325,True,Q4_worst_basis_fit
100175,1,0.1523516767598319,0.1523516767598319,0.07997156373678452,0.0749939093613727,0.004977654375411825,True,1.5934053371409143,0.6609633823807699,0.4148118290897359,0.8279311464472278,0.6609633823807699,0.4148118290897359,0.8279311464472278,0.0,-0.042050732374363894,0.003166324574188217,-0.2450608053488135,0.2450608053488135,True,Q2
100175,2,0.5293783090768714,0.45674047915529925,0.10699438705880134,0.1559883637731181,-0.04899397671431675,False,3.0618214078489747,0.951103625441588,0.3106332795908459,0.9035069656106354,0.951103625441588,0.3106332795908459,0.9035069656106354,0.0,-0.1033655376937192,-0.03460544074644036,-0.32459029363044195,0.32459029363044195,True,Q2
100175,3,0.6479854592549062,0.1729026709263738,0.12205443943181815,0.1423559265610531,-0.020301487129234935,False,1.7843172712343036,1.123294156472292,0.6295372322968392,0.6036828731520356,1.123294156472292,0.6295372322968392,0.6036828731520356,0.0,-0.025874789460240303,0.0,-0.26093832527425187,0.26093832527425187,True,Q3
100175,4,0.7904600052975148,0.2154503294139482,0.18591176507501297,0.1822618222923603,0.003649942782652682,True,2.2346139720867866,1.6234776335351297,0.7265136859495471,0.4721778641280028,1.6234776335351297,0.7265136859495471,0.4721778641280028,0.0,-0.04205073237436392,0.0025501037215702443,-0.2648702827380668,0.2648702827380668,True,Q3
100175,5,0.9196964291153781,0.2453598676486483,0.20155840205090725,0.1932504542018068,0.008307947849100439,True,2.3481220838130366,1.8020240538412293,0.76743201142037,0.41104810784728507,1.8020240538412293,0.76743201142037,0.41104810784728507,0.0,-0.04641011194938731,0.0,-0.2515989543348497,0.2515989543348497,True,Q3
100176,1,0.5722575613209633,0.5722575613209633,0.05101867902645454,0.1230210867190949,-0.07200240769264035,False,5.118118017744906,0.538835011176563,0.10527991134795658,0.9889161402665664,0.538835011176563,0.10527991134795658,0.9889161402665664,0.0,-0.3486853449619698,-0.03404635851969393,-0.36783965280738373,0.36783965280738373,True,Q1_best_basis_fit
100176,2,0.8277564079381684,0.2550503420059446,0.11561408140272492,0.2364885709888869,-0.12087448958616198,False,3.2864067507315813,1.2072053204603905,0.3673328994323836,0.8650665409945983,1.2072053204603905,0.3673328994323836,0.8650665409945983,0.0,-0.14064568572370323,3.1805546814635168e-15,-0.4215066774925252,0.4215066774925252,True,Q2
100176,3,0.9590240680351069,0.19015087687457044,0.18300489085109228,0.2181825974852981,-0.03517770663420583,False,2.187370150969204,1.6885572193784923,0.7719576947826173,0.40408131746590736,1.6885572193784923,0.7719576947826173,0.40408131746590736,0.0,-0.0197225109418375,0.004841587455501028,-0.26697710306182043,0.26697710306182043,True,Q3
100176,4,0.979548175876683,0.5143074302727535,0.20348467431693107,0.3312207502252301,-0.12773607590829905,False,3.388672646891517,1.9427573535944982,0.5733092440713092,0.671316510662384,1.9427573535944982,0.5733092440713092,0.671316510662384,0.0,-0.06802074832248739,0.045093095596938484,-0.21956989901529386,0.21956989901529386,True,Q3
100176,5,1.0250562403566776,0.2994201491780665,0.2636311910823439,0.37151914740922,-0.10788795632687609,False,2.8325731123261657,2.4738349722578428,0.8733525576066349,0.23725531012194945,2.4738349722578428,0.8733525576066349,0.23725531012194945,0.0,0.16096427836582813,0.001736034141467438,-0.36146718101924913,0.36146718101924913,True,Q4_worst_basis_fit
100177,1,0.16474996428313524,0.16474996428313524,0.055862208515927915,0.1647499642831352,-0.1088877557672073,False,1.9331561886275044,0.6596158510340029,0.34121187667837366,0.8835744552136223,0.6596158510340029,0.34121187667837366,0.8835744552136223,0.0,0.12835095387376613,6.3611093629270335e-15,-0.5131195132172224,0.5131195132172224,True,Q2
100177,2,0.35284705513945297,0.22176171622836968,0.10478707935007966,0.2396515066083486,-0.13486442725826894,False,2.5780123471035883,1.177147512618007,0.45661050225013045,0.7915068492348836,1.177147512618007,0.45661050225013045,0.7915068492348836,0.0,-0.10612524249717238,0.002999254086631981,-0.31388327364857777,0.31388327364857777,True,Q2
100177,3,1.283840737060553,0.9726513761112419,0.18008324343699386,0.3678929903265105,-0.18780974688951665,False,13.022391852725269,1.9455235405616966,0.14939832578871032,0.9776801402515304,1.9455235405616966,0.14939832578871032,0.9776801402515304,0.0,-1.1327944888685904,3.1805546814635168e-15,-0.46392078587132124,0.46392078587132124,True,Q1_best_basis_fit
100177,4,1.4113625362582864,0.2196867495859448,0.20224797213203177,0.3178876851355294,-0.11563971300349762,False,2.6437011418163667,2.2018246800965438,0.8328568782868438,0.30634942029029333,2.2018246800965438,0.8328568782868438,0.30634942029029333,0.0,-0.04804176864054114,-1.5902773407317584e-15,-0.23918029512475705,0.23918029512475705,True,Q4_worst_basis_fit
100177,5,1.5371482874183788,0.2744479366278352,0.23434175244458066,0.3116180493077786,-0.07727629686319792,False,2.977098096609828,2.5143232086895484,0.8445550422247541,0.2867267806527438,2.5143232086895484,0.8445550422247541,0.2867267806527438,0.0,-0.07526441364979805,-0.004244286077927075,-0.2124598689429719,0.2124598689429719,True,Q4_worst_basis_fit
100178,1,0.18326460926288551,0.18326460926288551,0.1358214491267079,0.1137657098207284,0.02205573930597951,True,1.8588806739022652,1.137379742600071,0.611862697034996,0.6256240399770607,1.137379742600071,0.611862697034996,0.6256240399770607,0.0,-0.04205073237436387,0.005733083617152554,-0.2450608053488136,0.2450608053488136,True,Q3
100178,2,0.37249529239660234,0.22060137200061947,0.1471033280680735,0.1332220773106184,0.01388125075745511,True,1.9762319411317972,1.214971981563857,0.6147921993751588,0.6220305515874549,1.214971981563857,0.6147921993751588,0.6220305515874549,0.0,-0.04205073237436396,0.011626224210015084,-0.24506080534881344,0.24506080534881344,True,Q3
100178,3,0.6492792468403235,0.3624021605573642,0.18288355205021276,0.2444672256344379,-0.061583673584225146,False,3.734360670852221,1.5887255550073016,0.4254344170363002,0.8190055568009834,1.5887255550073016,0.4254344170363002,0.8190055568009834,0.0,-0.1360721428575196,0.0,-0.5047731296779484,0.5047731296779484,True,Q2
100178,4,0.8039381935608259,0.25172655080895134,0.19779944009723416,0.2179267202850396,-0.020127280187805435,False,2.5203817515559606,1.7660665621046443,0.7007139140784372,0.5090000106168766,1.7660665621046443,0.7007139140784372,0.5090000106168766,0.0,-0.03777382101726713,0.0,-0.3314131911787809,0.3314131911787809,True,Q3
100178,5,1.0758249602042829,0.3294082872659999,0.21472908123443118,0.2177580536198644,-0.003028972385433204,False,2.7321496433126438,1.9633618800289983,0.7186143280382274,0.4835934475381669,1.9633618800289983,0.7186143280382274,0.4835934475381669,0.0,-0.042050732374363964,0.02391179642053016,-0.24803621813428475,0.24803621813428475,True,Q3
100179,1,0.1323646287157225,0.1323646287157225,0.02004243730645391,0.0384544579655244,-0.01841202065907049,False,1.462768860353107,0.24666052049203316,0.1686257666385448,0.9715653508255631,0.24666052049203316,0.1686257666385448,0.9715653508255631,0.0,-0.04205073237436387,-0.0010713677141146341,-0.2450608053488136,0.2450608053488136,True,Q1_best_basis_fit
100179,2,0.27833291281248485,0.1610520796071327,0.11117276902129691,0.1721158442187413,-0.06094307519744438,False,1.8256868643180124,1.0355862183733415,0.5672310178778582,0.6782489723572488,1.0355862183733415,0.5672310178778582,0.6782489723572488,0.0,0.07445229063263403,0.002879612790071885,-0.40534265088600435,0.40534265088600435,True,Q3
100179,3,0.4722146061229784,0.238374299524915,0.12923040880503417,0.1727148198457966,-0.04348441104076242,False,2.0427453901573873,1.248764514216533,0.6113167701826606,0.6262918064934402,1.248764514216533,0.6113167701826606,0.6262918064934402,0.0,-0.04205073237436397,0.01433707053306779,-0.2450608053488137,0.2450608053488137,True,Q3
100179,4,0.6532802084619549,0.2252298943051444,0.1619021807550221,0.2208166172869101,-0.05891443653188799,False,2.6072535152800445,1.6189533868118133,0.620942066938942,0.6144309495055944,1.6189533868118133,0.620942066938942,0.6144309495055944,0.0,-0.07896372287514294,0.001984509609309927,-0.3111204218006339,0.3111204218006339,True,Q3
100179,5,0.7990068194939065,0.3572169598626638,0.23614520703058609,0.2929932640892078,-0.0568480570586217,False,3.16308571829978,2.245855362196548,0.7100203921769591,0.4958710426928772,2.245855362196548,0.7100203921769591,0.4958710426928772,0.0,-0.08851743067081051,-0.00707298246309468,-0.328217770568983,0.328217770568983,True,Q3
100180,1,0.35080780196799694,0.35080780196799694,0.028806365102887678,0.0522765156793934,-0.02347015057650572,False,2.7178409907608905,0.29426863009705256,0.10827293837181723,0.9882769708163327,0.29426863009705256,0.10827293837181723,0.9882769708163327,0.0,-0.06622447964143524,-0.02131775003397706,-0.43102576522057434,0.43102576522057434,True,Q1_best_basis_fit
100180,2,0.47538339911369165,0.1547368977291579,0.09666467359384737,0.1072070994807867,-0.010542425886939336,False,1.6677220022279564,0.8236189754463349,0.4938586732956927,0.7561036108106183,0.8236189754463349,0.4938586732956927,0.7561036108106183,0.0,-0.04205073237436397,0.00321905242804354,-0.24506080534881325,0.24506080534881325,True,Q3
100180,3,0.4893210641799814,0.17173804039782964,0.1118729644798234,0.1252978359500689,-0.013424871470245514,False,1.6336765055303113,1.0015617324264767,0.6130722508623931,0.624142415222519,1.0015617324264767,0.6130722508623931,0.624142415222519,0.0,0.16875327945639376,0.0,-0.2450608053488135,0.2450608053488135,True,Q3
100180,4,0.5546596119691001,0.35700649311899696,0.12199955357774395,0.304243191845327,-0.18224363826758305,False,4.02054911266987,1.0997587742175299,0.2735344708890345,0.925178893235456,1.0997587742175299,0.2735344708890345,0.925178893235456,0.0,0.4880459990746036,0.0,-0.47011957585211506,0.47011957585211506,True,Q2
100180,5,0.6860934744630164,0.25421150686101796,0.15546731533746247,0.2505679402177614,-0.09510062488029894,False,2.7892957513646355,1.497646235223709,0.5369262956396791,0.711710153050652,1.497646235223709,0.5369262956396791,0.711710153050652,0.0,-0.09445441244296307,0.0,-0.35203179621980013,0.35203179621980013,True,Q3
100181,1,0.21995107115723045,0.21995107115723045,0.07361370224851821,0.1416260035704856,-0.0680123013219674,False,2.541432939982863,0.6662796468287746,0.26216692022307203,0.9312685059407494,0.6662796468287746,0.26216692022307203,0.9312685059407494,0.0,0.31364646609961605,0.002099891786315315,-0.3346713633381995,0.3346713633381995,True,Q2
100181,2,0.34706958734647836,0.4496696373204908,0.09135792603756734,0.130561801099671,-0.039203875062103655,False,5.776948868282444,0.8575608491747776,0.14844528984549255,0.9779639959226877,0.8575608491747776,0.14844528984549255,0.9779639959226877,0.0,-0.510808619290426,-3.1805546814635168e-15,-0.18166338268156837,0.2043234477161704,True,Q1_best_basis_fit
100181,3,0.5177697495808267,0.23770349009682173,0.26225071875055994,0.2264387400099163,0.03581197874064365,True,2.488793235893805,2.1660495247745573,0.8703212036803288,0.24254100242442345,2.1660495247745573,0.8703212036803288,0.24254100242442345,0.0,-0.033747353432077014,0.007951146950144011,-0.19667085787779898,0.19667085787779898,True,Q4_worst_basis_fit
100181,4,0.7385050558361886,0.39396840018409907,0.27240149975599687,0.2316185944067383,0.040782905349258575,True,3.700998006958354,2.258938229840809,0.6103592127295702,0.6274616314361394,2.258938229840809,0.6103592127295702,0.6274616314361394,0.0,-0.2249431083672593,0.0,-0.19667085787779912,0.19667085787779912,True,Q3
100181,5,1.1828886974198913,0.6112014042582754,0.2831129983116649,0.2398944688804929,0.04321852943117202,True,6.460553689604748,2.3647844359742365,0.36603432919058554,0.8660188698539981,2.3647844359742365,0.36603432919058554,0.8660188698539981,0.0,-0.5357120170424984,0.0,-0.1966708578777991,0.21428480681699935,True,Q2
100182,1,0.147898504142959,0.147898504142959,0.0666832862528054,0.147898504142959,-0.0812152178901536,False,1.601455996218828,0.6772314058001235,0.4228848044524007,0.8211684421632548,0.6772314058001235,0.4228848044524007,0.8211684421632548,0.0,0.16047324211354672,3.1805546814635168e-15,-0.39496328647829976,0.39496328647829976,True,Q2
100182,2,0.22108427428014413,0.14437734980695924,0.1260096599997533,0.1561180449654724,-0.030108384965719104,False,1.6255494042330954,1.1268511294641754,0.6932124772890574,0.5194564613307681,1.1268511294641754,0.6932124772890574,0.5194564613307681,0.0,-0.03374735343207733,0.003690998437046031,-0.196670857877799,0.196670857877799,True,Q3
100182,3,0.5845682972510124,0.47824966179146833,0.235519167537311,0.3190383496267083,-0.08351918208939729,False,3.6956260841312663,2.0711661875525103,0.5604371601461355,0.6859101895273348,2.0711661875525103,0.5604371601461355,0.6859101895273348,0.0,-0.14284251589116329,-0.020360898449827008,-0.3753893638037029,0.3753893638037029,True,Q3
100182,4,0.940066892004273,0.5104725030958951,0.3968691615843281,0.5521072097142417,-0.15523804812991354,False,5.245391506157019,3.4536278957745896,0.6584118443248203,0.5664938432527886,3.4536278957745896,0.6584118443248203,0.5664938432527886,0.0,-0.2025516955207036,0.005330252420922813,-0.49876369680780164,0.49876369680780164,True,Q3
100182,5,1.0048140063369013,0.43896298039946047,0.40749674916025974,0.649907226733873,-0.24241047757361328,False,3.656996990257694,3.575950368189139,0.9778379303334226,0.04383298200124863,3.575950368189139,0.9778379303334226,0.04383298200124863,0.0,0.06820660551212393,-0.004484372025435304,-0.20736645924316685,0.20736645924316685,True,Q4_worst_basis_fit
100183,1,0.2511065529278245,0.2511065529278245,0.06587169864084651,0.1688389925695144,-0.1029672939286679,False,3.0388190899037575,0.6704270187963072,0.2206209053456816,0.9513264161244518,0.6704270187963072,0.2206209053456816,0.9513264161244518,0.0,-0.14375824497242776,3.1805546814635168e-15,-0.3935467327957368,0.3935467327957368,True,Q1_best_basis_fit
100183,2,0.37646068328547205,0.13666041723331523,0.0897651045268768,0.1558711518981859,-0.0661060473713091,False,1.719816439921285,0.9400159038527592,0.5465792057993022,0.701251171787804,0.9400159038527592,0.5465792057993022,0.701251171787804,0.0,-0.05125692820702778,-3.1805546814635168e-15,-0.22800605392059292,0.22800605392059292,True,Q3
100183,3,0.8197182909895078,0.5519090706004403,0.11824279074584705,0.154652563849299,-0.03640977310345196,False,4.881209734998503,1.2077486284251961,0.24742813646493855,0.9387793172854877,1.2077486284251961,0.24742813646493855,0.9387793172854877,0.0,-0.47208299221941313,0.028669416179085586,0.08624205424637027,0.18883319688776526,True,Q2
100183,4,0.8450637492695415,0.2448481714145032,0.13420853732663005,0.1485951313883255,-0.014386594061695457,False,1.9324825811495656,1.4017726717372205,0.7253740268661855,0.4738325211479344,1.4017726717372205,0.7253740268661855,0.4738325211479344,0.0,-0.03374735343207714,-0.01286061371986034,-0.1966708578777991,0.1966708578777991,True,Q3
100183,5,1.0793043513654823,0.27804672798307084,0.2243851624292768,0.2699326482482501,-0.04554748581897328,False,3.2165257934966207,2.1139103205517995,0.6572029749694033,0.5680842496913658,2.1139103205517995,0.6572029749694033,0.5680842496913658,0.0,-0.1104774153283791,0.004478053015677329,-0.3339872440721712,0.3339872440721712,True,Q3
100184,1,0.22306242163779183,0.22306242163779183,0.09980499334229222,0.0848331897167497,0.014971803625542512,True,1.5466406089086437,0.8336827528564505,0.5390281026208941,0.7094487045849189,0.8336827528564505,0.5390281026208941,0.7094487045849189,0.0,-0.033747353432077194,-0.011734161340337113,-0.19667085787779912,0.19667085787779912,True,Q3
100184,2,0.4978219381093466,0.46051399214769756,0.10911457242708628,0.1008025794859775,0.008311992941108778,True,5.592649569658744,0.9014350294416312,0.16118210487066786,0.974020329069461,0.9014350294416312,0.16118210487066786,0.974020329069461,0.0,0.6034742635144307,0.0,-0.1966708578777989,0.24138970540577226,True,Q1_best_basis_fit
100184,3,0.47654648365503904,0.31949314905581183,0.11974519145126078,0.1155393829198973,0.004205808531363486,True,2.1742384980056704,1.004248680421327,0.4618852445775744,0.7866620208415143,1.004248680421327,0.4618852445775744,0.7866620208415143,0.0,-0.0337473534320772,0.030179064545851363,-0.1966708578777992,0.1966708578777992,True,Q2
100184,4,0.5347247429896935,0.24798690096216308,0.2536081727950449,0.2855579708449533,-0.03194979804990844,False,2.4906607903002076,2.125413383899842,0.8533532113956228,0.2717882966007775,2.125413383899842,0.8533532113956228,0.2717882966007775,0.0,-0.01839230815723056,0.004847041554741171,-0.24867276055228452,0.24867276055228452,True,Q4_worst_basis_fit
100184,5,0.47844923760484687,0.4860419194316652,0.3135895518701945,0.2916137336882739,0.02197581818192057,True,4.375599540782817,2.612962816061226,0.597166809189708,0.6433918020021829,2.612962816061226,0.597166809189708,0.6433918020021829,0.0,-0.2833842299755626,-0.003489990918292271,-0.1966708578777992,0.1966708578777992,True,Q3
100185,1,0.3700199290022296,0.3700199290022296,0.10989168074962838,0.139905979556932,-0.030014298807303608,False,2.7664815853405194,0.9067837722326149,0.32777509781291425,0.8925634852537345,0.9067837722326149,0.32777509781291425,0.8925634852537345,0.0,-0.0698988689332074,-0.019913733106583016,-0.41005635082277336,0.41005635082277336,True,Q2
100185,2,0.5427980688736522,0.23889509516795054,0.135724166622944,0.2041062172291334,-0.0683820506061894,False,2.457969420253259,1.1878414079387893,0.4832612636069325,0.7664585510970309,1.1878414079387893,0.4832612636069325,0.7664585510970309,0.0,-0.09462486470007676,0.0,-0.30561746421738994,0.30561746421738994,True,Q3
100185,3,0.6640584924403382,0.22028966553622878,0.2141066422525057,0.209612731620138,0.004493910632367704,True,2.1425180450848704,1.795850159886337,0.8381960488063003,0.29742738376550637,1.795850159886337,0.8381960488063003,0.29742738376550637,0.0,-0.03374735343207727,0.0032905301728750522,-0.1966708578777991,0.1966708578777991,True,Q4_worst_basis_fit
100185,4,0.7732965831418246,0.2712097692673119,0.2553033651740525,0.2242976196614667,0.03100574551258581,True,2.4334359052329413,2.139876824907533,0.8793643671920313,0.22671830971295848,2.139876824907533,0.8793643671920313,0.22671830971295848,0.0,-0.03374735343207725,0.0014564514402772865,-0.19667085787779903,0.19667085787779903,True,Q4_worst_basis_fit
100185,5,0.895980171116887,0.3329536548421592,0.32864354987535516,0.2718207950128383,0.05682275486251687,True,2.9694229817824866,2.7307479200944202,0.919622410430462,0.15429462223406687,2.7307479200944202,0.919622410430462,0.15429462223406687,0.0,-0.033747353432077236,0.002997594227281661,-0.19667085787779903,0.19667085787779903,True,Q4_worst_basis_fit
100186,1,0.2538816939434739,0.2538816939434739,0.06531557095366095,0.0609583727689079,0.004357198184753046,True,2.1962369237116257,0.5399807275388757,0.2458663369643708,0.9395497443477224,0.5399807275388757,0.2458663369643708,0.9395497443477224,0.0,-0.1344072216932561,-0.010609941648587733,-0.19667085787779912,0.19667085787779912,True,Q2
100186,2,0.4444750143407907,0.2236649776838202,0.09350468033946759,0.1530542457792588,-0.059549565439791216,False,2.433905648421859,0.8507122144607285,0.3495255516631588,0.8778318887345645,0.8507122144607285,0.3495255516631588,0.8778318887345645,0.0,-0.10241516792957367,0.0,-0.3195590180281843,0.3195590180281843,True,Q2
100186,3,0.5003791590598391,0.159769393930575,0.16626789458222307,0.1704274216829666,-0.004159527100743521,False,1.4811221175523195,1.405432719701207,0.9488972604256322,0.0995939891567299,1.405432719701207,0.9488972604256322,0.0995939891567299,0.0,-0.03374735343207733,0.003051715449049436,-0.02971285993399093,0.02971285993399093,True,Q4_worst_basis_fit
100186,4,1.0116015232292601,0.7094600454074099,0.24300428693497408,0.3856637635187252,-0.14265947658375114,False,5.478092055106805,2.212785221735358,0.4039335592530885,0.8368376797091317,2.212785221735358,0.4039335592530885,0.8368376797091317,0.0,-0.2571242749997436,0.052989414138611635,-0.4449286614062035,0.4449286614062035,True,Q2
100186,5,1.1051240114488863,0.2693723042502213,0.25500873135559843,0.3008723255680079,-0.045863594212409486,False,2.6200327226259326,2.3654804979784454,0.9028438757847415,0.18487293595798637,2.3654804979784454,0.9028438757847415,0.18487293595798637,0.0,-0.02515829472060918,0.0,-0.20510146075245592,0.20510146075245592,True,Q4_worst_basis_fit
100187,1,0.15059240795439843,0.15059240795439843,0.016084837938123018,0.0721384892712668,-0.056053651333143786,False,1.793625395351221,0.19795469169663152,0.11036568294009284,0.9878194160291669,0.19795469169663152,0.11036568294009284,0.9878194160291669,0.0,-0.10498218382628179,0.0,-0.19667085787779923,0.19667085787779923,True,Q1_best_basis_fit
100187,2,0.49080262290855203,0.3384829343188818,0.03216967587625235,0.0751863531756738,-0.043016677299421456,False,3.730744735745577,0.39590938339326304,0.10612073766396185,0.9887383890376565,0.39590938339326304,0.10612073766396185,0.9887383890376565,0.0,-0.3003945086600762,-0.010180898580604102,-0.19667085787779903,0.19667085787779903,True,Q1_best_basis_fit
100187,3,0.8067739746891921,0.30999914060836936,0.06862474377084457,0.1307332247642336,-0.06210848099338903,False,4.045311597110172,0.7837345887548421,0.19373899140790898,0.9624652032082461,0.7837345887548421,0.19373899140790898,0.9624652032082461,0.0,-0.3000943731454738,0.0,-0.27773491791681393,0.27773491791681393,True,Q1_best_basis_fit
100187,4,1.0289890248030318,0.24394669307283384,0.1191667576376021,0.2092666554898986,-0.0900998978522965,False,2.587399759075383,1.3057982440382732,0.5046758775709653,0.745302258597976,1.3057982440382732,0.5046758775709653,0.745302258597976,0.0,-0.087364820615837,-0.0063186119015200245,-0.33328545625435485,0.33328545625435485,True,Q3
100187,5,1.241048261167551,0.2707132726746926,0.15416539057805786,0.2256235188198508,-0.07145812824179293,False,2.546098112455434,1.6815470491785742,0.6604407901457126,0.5638179627117068,1.6815470491785742,0.6604407901457126,0.5638179627117068,0.0,-0.07566938931690499,-0.01015828989342198,-0.27169467940677344,0.27169467940677344,True,Q3
100188,1,0.3014593520487584,0.3014593520487584,0.10558879536652724,0.2361254621309619,-0.13053666676443465,False,3.4538404713671365,0.9730031642524054,0.28171630169915196,0.9206359253569524,0.9730031642524054,0.28171630169915196,0.9206359253569524,0.0,0.4259682473107541,0.0028660226159173286,-0.4736223647689988,0.4736223647689988,True,Q2
100188,2,0.32313858041051663,0.23289535915270315,0.1719578758164166,0.2112956266836419,-0.039337750867225296,False,2.370852294837008,1.4739308556195634,0.6216881831185075,0.6135038029708091,1.4739308556195634,0.6216881831185075,0.6135038029708091,0.0,-0.033747353432077375,0.0027556541400470098,-0.34985341357125477,0.34985341357125477,True,Q3
100188,3,0.676112727257188,0.503976069261482,0.26214511292971954,0.235410155155261,0.02673495777445853,True,5.485393027264359,2.1817578535022024,0.39773956809623084,0.8418032359706238,2.1817578535022024,0.39773956809623084,0.8418032359706238,0.0,0.5543859084586612,0.00382752069056621,-0.19723867339516282,0.2217543633834645,True,Q2
100188,4,0.6168485993932435,0.3352485276119313,0.281463040660789,0.2712249339599248,0.010238106700864169,True,2.9070375647667435,2.403280290624365,0.8267111232933796,0.3165487186229985,2.403280290624365,0.8267111232933796,0.3165487186229985,0.0,-0.11525662491367092,-1.5902773407317584e-15,-0.13576836816756357,0.13576836816756357,True,Q4_worst_basis_fit
100188,5,0.6735058325081941,0.2645872402630102,0.2928343706237131,0.3311634805089746,-0.0383291098852615,False,2.817849264363997,2.5327100185751,0.8988096171804084,0.19214127206400755,2.5327100185751,0.8988096171804084,0.19214127206400755,0.0,-0.033747353432077194,0.008493708974826143,-0.19667085787779912,0.19667085787779912,True,Q4_worst_basis_fit
100189,1,0.4733740689571555,0.4733740689571555,0.04215293441366305,0.1020855959679273,-0.059932661554264244,False,6.167145961949248,0.44395955375959323,0.07198784599858425,0.9948177500284842,0.44395955375959323,0.07198784599858425,0.9948177500284842,0.0,-0.5136959047272667,0.0,-0.2999840343590029,0.2999840343590029,True,Q1_best_basis_fit
100189,2,0.37623592995265936,0.18933335936387252,0.05818697229925279,0.0939628221756306,-0.0357758498763778,False,2.1500432676561507,0.6396893968966338,0.2975239645265303,0.911479490532416,0.6396893968966338,0.2975239645265303,0.911479490532416,0.0,0.25093136292280216,0.0,-0.196670857877799,0.196670857877799,True,Q2
100189,3,0.6642802207167661,0.317994702196954,0.19418490287101328,0.1570877294382671,0.03709717343274618,True,2.9016284179874745,1.6051137970612663,0.5531768944331434,0.6939953234653028,1.6051137970612663,0.5531768944331434,0.6939953234653028,0.0,-0.19009022098652215,-0.002750504209168529,-0.14886707507996721,0.14886707507996721,True,Q3
100189,4,0.8295654553219366,0.29538805842874677,0.2647384473436107,0.2352127657471719,0.029525681596438785,True,2.8096062463888836,2.1915205559707918,0.780009853262356,0.39158462881363787,2.1915205559707918,0.780009853262356,0.39158462881363787,0.0,-0.07035003529761101,0.002747635104853021,-0.2621751449144764,0.2621751449144764,True,Q4_worst_basis_fit
100189,5,0.9458160436006745,0.3322353274166296,0.3232287521176803,0.2696442082623737,0.05358454385530664,True,2.9148290153443326,2.6731366030558394,0.9170817872965554,0.15896099540895525,2.6731366030558394,0.9170817872965554,0.15896099540895525,0.0,-0.03374735343207731,0.0022786774683829308,-0.19667085787779898,0.19667085787779898,True,Q4_worst_basis_fit
100190,1,0.2569363606900488,0.2569363606900488,0.1387627042596284,0.1813905391224363,-0.04262783486280791,False,2.7805649771983023,1.1491808490733462,0.4132904134580811,0.8291910341436484,1.1491808490733462,0.4132904134580811,0.8291910341436484,0.0,-0.11924916466458413,0.005190543660152416,-0.340295404579001,0.340295404579001,True,Q2
100190,2,0.3563890192056854,0.1882369617203933,0.15082357334811447,0.167007318620951,-0.01618374527283653,False,1.7616037487784555,1.274553415293313,0.7235187914291867,0.4765205584488489,1.274553415293313,0.7235187914291867,0.4765205584488489,0.0,-0.04885062496311798,0.0,-0.18184622008410178,0.18184622008410178,True,Q3
100190,3,0.5697529607465472,0.3076163475529254,0.27498027131800795,0.2363470482510655,0.038633223066942446,True,2.967147896983819,2.2706326459140302,0.7652576564256153,0.41438071928197495,2.2706326459140302,0.7652576564256153,0.41438071928197495,0.0,-0.033747353432077194,0.005389897794318864,-0.35825604803592576,0.35825604803592576,True,Q3
100190,4,0.7635582392865746,0.26896142677792706,0.2850064355295456,0.4818384369227982,-0.19683200139325263,False,2.7473957174761257,2.3616056155231555,0.8595797105240547,0.2611227212553825,2.3616056155231555,0.8595797105240547,0.2611227212553825,0.0,-0.03374735343207727,0.015570452102938764,-0.19667085787779903,0.19667085787779903,True,Q4_worst_basis_fit
100190,5,0.8961408638323398,0.4229529824434332,0.34235908866088066,0.3670346997995375,-0.02467561113865685,False,3.4434222859538575,2.8531728337674167,0.8285863878519516,0.3134445978664553,2.8531728337674167,0.8285863878519516,0.3134445978664553,0.0,-0.08005207009084356,-0.004834169209160169,-0.2795379401946267,0.2795379401946267,True,Q4_worst_basis_fit
100191,1,0.18932121865578355,0.18932121865578355,0.10149015678025117,0.0923468766706904,0.009143280109560767,True,1.7906265136719817,0.8428781795736348,0.4707169100524324,0.7784255905906903,0.8428781795736348,0.4707169100524324,0.7784255905906903,0.0,-0.051111986196486096,0.0009130084851369792,-0.2594766755275268,0.2594766755275268,True,Q3
100191,2,0.3779313081759077,0.254716475417009,0.17165920555840453,0.1755499939960252,-0.003890788437620668,False,2.4526388661523435,1.416637852068543,0.5775974080892469,0.666381234168584,1.416637852068543,0.5775974080892469,0.666381234168584,0.0,-0.06434563840855471,0.0023866081456969356,-0.3289864806582557,0.3289864806582557,True,Q3
100191,3,0.4451514116009283,0.1902573268085194,0.182287285367119,0.1723028711252729,0.009984414241846096,True,1.7212836425919915,1.5163938938125883,0.8809668879029894,0.22389734241852177,1.5163938938125883,0.8809668879029894,0.22389734241852177,0.0,0.019378482359504415,0.0,-0.2010609386626164,0.2010609386626164,True,Q4_worst_basis_fit
100191,4,0.5044574074998703,0.19942082461960706,0.19814249548964305,0.1957145748323829,0.002427920657260163,True,1.853479268285129,1.6876959228427808,0.9105555976378771,0.17088850361032848,1.6876959228427808,0.9105555976378771,0.17088850361032848,0.0,0.044102461556903054,1.5902773407317584e-15,-0.2115503801919505,0.2115503801919505,True,Q4_worst_basis_fit
100191,5,0.5258927859035084,0.2858888629083364,0.2634490532977167,0.2325100960013298,0.030938957296386876,True,2.6109590796380475,2.211296247566378,0.8469287262337815,0.2827117326800245,2.211296247566378,0.8469287262337815,0.2827117326800245,0.0,0.17777925082973753,0.002601244160644424,-0.19749847591678615,0.19749847591678615,True,Q4_worst_basis_fit
100192,1,0.3131185620633305,0.3131185620633305,0.08617281666894613,0.2264962539905903,-0.14032343732164418,False,3.816915019691404,0.8656288947138204,0.2267875732752903,0.9485673966079048,0.8656288947138204,0.2267875732752903,0.9485673966079048,0.0,-0.18844414446355248,0.0,-0.4765587335469849,0.4765587335469849,True,Q2
100192,2,0.43597485714324463,0.15007607386380029,0.12923664770128457,0.1914495323379952,-0.062212884636710625,False,1.734820912468289,1.2100843370801544,0.6975269483917256,0.513456156267327,1.2100843370801544,0.6975269483917256,0.513456156267327,0.0,-0.04065358122799623,0.0029923403470812414,-0.2013710334095936,0.2013710334095936,True,Q3
100192,3,0.5335619290033854,0.1723642933931557,0.1400908680741321,0.1652255610132701,-0.025134692939138004,False,1.7743160767757513,1.36246066901214,0.7678793462143306,0.4103613096574522,1.36246066901214,0.7678793462143306,0.4103613096574522,0.0,-0.02095851522304932,-1.5902773407317584e-15,-0.2143532510488245,0.2143532510488245,True,Q3
100192,4,0.6316148656134957,0.18367459316697476,0.15253824665679822,0.161544401623249,-0.009006154966450797,False,1.8920228199094775,1.5174332603855678,0.8020163628143598,0.3567697537780251,1.5174332603855678,0.8020163628143598,0.3567697537780251,0.0,-0.01879089905019543,0.0,-0.2164808778065291,0.2164808778065291,True,Q4_worst_basis_fit
100192,5,0.8428227425773827,0.31832698414865324,0.1835788970340857,0.2111781356316434,-0.027599238597557696,False,2.623068982583217,1.8511721885172574,0.7057276041189774,0.5019485487844879,1.8511721885172574,0.7057276041189774,0.5019485487844879,0.0,-0.07361773462967831,-0.011952400864011335,-0.2563278981468541,0.2563278981468541,True,Q3
100193,1,0.14386252573425742,0.14386252573425742,0.016443883191304107,0.0315500857156875,-0.015106202524383393,False,1.2489333963134772,0.20237343018010231,0.16203700755977496,0.9737440081810734,0.20237343018010231,0.16203700755977496,0.9737440081810734,0.0,-0.03450066080785863,0.0068171500686025595,-0.20106093866261657,0.20106093866261657,True,Q1_best_basis_fit
100193,2,0.3326646511860064,0.2953095024613265,0.03288776638260241,0.0532695638183729,-0.020381797435770496,False,1.8825293350641101,0.40474686036020463,0.2150016219250155,0.9537743025696127,0.40474686036020463,0.2150016219250155,0.9537743025696127,0.0,-0.03450066080785869,-0.027535098502055832,-0.20106093866261646,0.20106093866261646,True,Q1_best_basis_fit
100193,3,0.43970002876101105,0.11854364785957228,0.062162496762356745,0.0906557713721545,-0.028493274609797753,False,1.4960435626273545,0.6740849718364141,0.4505784381389168,0.7969790710842943,0.6740849718364141,0.4505784381389168,0.7969790710842943,0.0,-0.07009812838134588,1.5902773407317584e-15,-0.16612019340320397,0.16612019340320397,True,Q2
100193,4,0.5928379079256183,0.17246260457305623,0.10436796310466215,0.1462404228750603,-0.04187245977039816,False,2.1054791877141885,1.054527577964161,0.5008492053103635,0.7491500735399774,1.054527577964161,0.5008492053103635,0.7491500735399774,0.0,-0.07145672869762111,0.0010965060384454583,-0.27571969321074685,0.27571969321074685,True,Q3
100193,5,0.6390576294382613,0.22413511039390888,0.1332075908778535,0.1601189441976873,-0.026911353319833797,False,1.9709304270344663,1.3214073459579356,0.670448498756079,0.5504988105157199,1.3214073459579356,0.670448498756079,0.5504988105157199,0.0,-0.06887508932948014,0.011904254626628027,-0.1673206691355109,0.1673206691355109,True,Q3
100194,1,0.15316096566055623,0.15316096566055623,0.11630147728797428,0.0967629889178577,0.019538488370116583,True,1.5529552121363224,0.9751314897940813,0.6279199053349658,0.6057165924841276,0.9751314897940813,0.6279199053349658,0.6057165924841276,0.0,-0.0345006608078586,0.0049254582109655555,-0.20106093866261657,0.20106093866261657,True,Q3
100194,2,0.3067634805773573,0.2301956942505288,0.13042246010434635,0.13762896201487,-0.007206501910523633,False,2.2171654768485536,1.081493872763839,0.48778220843536607,0.7620685171339171,1.081493872763839,0.48778220843536607,0.7620685171339171,0.0,-0.0861964082705082,0.0,-0.27270146617450847,0.27270146617450847,True,Q3
100194,3,0.5998048636412063,0.3304721646850207,0.14104674494722977,0.1443444344508168,-0.0032976895035870257,False,2.295111412470958,1.187643096956335,0.5174664247247575,0.7322284992825769,1.187643096956335,0.5174664247247575,0.7322284992825769,0.0,-0.034500660807858595,0.03066854075052838,-0.2010609386626165,0.2010609386626165,True,Q3
100194,4,1.3616303650191515,0.8541505821439385,0.251439022407936,0.3433183777497077,-0.09187935534177172,False,10.4195326669242,2.1198362265122026,0.20344830178818077,0.9586087884995054,2.1198362265122026,0.20344830178818077,0.9586087884995054,0.0,-0.9013238446148099,0.0038000595208850935,-0.355796829879629,0.36052953784592395,True,Q1_best_basis_fit
100194,5,1.4633855172697898,0.2929458313804048,0.2693176317045367,0.2776394232812272,-0.008321791576690496,False,2.5785767112896574,2.2916058657644616,0.8887095953869569,0.2101952550671512,2.2916058657644616,0.8887095953869569,0.2101952550671512,0.0,-0.0345006608078588,0.00031264137341653874,-0.20106093866261626,0.20106093866261626,True,Q4_worst_basis_fit
100195,1,0.09932451080097913,0.09932451080097913,0.014911448802193382,0.021422979745266,-0.006511530943072618,False,1.130768125054384,0.17451429595104048,0.15433252148193272,0.9761814728130288,0.17451429595104048,0.15433252148193272,0.9761814728130288,0.0,-0.014255856875358857,1.5902773407317584e-15,-0.22093225494577462,0.22093225494577462,True,Q1_best_basis_fit
100195,2,0.18947268164267803,0.08759985144756186,0.02857343960098787,0.0327887878839746,-0.004215348282986732,False,1.0487540815685203,0.3332076563799991,0.31771762535756004,0.8990555105371532,0.3332076563799991,0.31771762535756004,0.8990555105371532,0.0,0.008325424945882207,0.0,-0.22695127228491183,0.22695127228491183,True,Q2
100195,3,0.5590401369720659,0.3923406019611908,0.1516447589706904,0.1938737236028835,-0.04222896463219308,False,3.083481051689224,1.2874705320278461,0.4175380067026943,0.8256620129587408,1.2874705320278461,0.4175380067026943,0.8256620129587408,0.0,-0.14260444167549044,0.027542202997695137,-0.2672889305857262,0.2672889305857262,True,Q2
100195,4,0.8290922636967979,0.35490032217792694,0.22383477205940944,0.2524137401477658,-0.02857896808835636,False,3.77877306621966,1.9006226361460525,0.5029734791794372,0.7470176792421321,1.9006226361460525,0.5029734791794372,0.7470176792421321,0.0,-0.2182320631830456,0.0024077844747434547,-0.2995637094145761,0.2995637094145761,True,Q3
100195,5,1.018698237419527,0.33449880778765323,0.25357613220924285,0.3054567996353313,-0.051880667426088434,False,3.2250694270922575,2.2526588622610833,0.6984838352122219,0.5121203319472256,2.2526588622610833,0.6984838352122219,0.5121203319472256,0.0,-0.10328615136896914,0.0,-0.32415969230657793,0.32415969230657793,True,Q3
100196,1,0.16167514506363403,0.16167514506363403,0.044420144701779504,0.1080481806422383,-0.0636280359404588,False,1.987440274245289,0.46652278191178337,0.2347354976938569,0.9448992461224173,0.46652278191178337,0.2347354976938569,0.9448992461224173,0.0,-0.09644918355619765,0.0,-0.2507810882137772,0.2507810882137772,True,Q2
100196,2,0.5889369553357278,0.4238070463639921,0.060810916195601805,0.0982984089031407,-0.0374874927075389,False,5.718981391996002,0.666503344377969,0.11654231736280406,0.9864178882637075,0.666503344377969,0.11654231736280406,0.9864178882637075,0.0,-0.5009278970252148,0.0,-0.2010609386626166,0.2010609386626166,True,Q1_best_basis_fit
100196,3,0.8029376256360357,0.24551758068012194,0.1713726940552393,0.3136942075900608,-0.14232151353482148,False,2.8113224109249755,1.6180620410819246,0.5755519305768823,0.6687399752092238,1.6180620410819246,0.5755519305768823,0.6687399752092238,0.0,-0.0413397497668303,0.003957201001205539,-0.4333460412719428,0.4333460412719428,True,Q3
100196,4,0.8847541741596135,0.19117256527410048,0.17554710770143206,0.2521871990960229,-0.07664009139459083,False,1.9777553556309362,1.676927483524565,0.8478942952929575,0.2810752640096591,1.676927483524565,0.8478942952929575,0.2810752640096591,0.0,0.03205987259521641,-3.1805546814635168e-15,-0.26639352551493567,0.26639352551493567,True,Q4_worst_basis_fit
100196,5,1.2070772719611564,0.3852625741900227,0.21065710976332877,0.2560084379022322,-0.04535132813890344,False,3.292238375688116,1.9828542849840172,0.6022815053814496,0.6372569882754548,1.9828542849840172,0.6022815053814496,0.6372569882754548,0.0,-0.1652247867734921,0.024468514580075304,-0.18597792978028332,0.18597792978028332,True,Q3
100197,1,0.10518343338207319,0.10518343338207319,0.018201722390793543,0.0342945848900884,-0.01609286249929486,False,1.2189254940565584,0.21116992914904373,0.1732426880713395,0.9699869710298166,0.21116992914904373,0.1732426880713395,0.9699869710298166,0.0,-0.03940552450694134,1.5902773407317584e-15,-0.19624656267679702,0.19624656267679702,True,Q1_best_basis_fit
100197,2,0.21830408982220723,0.25649710640610024,0.10618461349952239,0.1024303436395571,0.003754269859965298,True,2.9540965183814327,0.8786710591031398,0.2974415540033096,0.9115285219520962,0.8786710591031398,0.2974415540033096,0.9115285219520962,0.0,0.32992929807585386,0.003980916621789263,-0.1966906317067198,0.1966906317067198,True,Q2
100197,3,0.22437148488649836,0.15916302110415226,0.11575675110762992,0.1093250824942769,0.006431668613353023,True,1.493070863970591,0.9749466534115345,0.6529808309424877,0.5736160344216583,0.9749466534115345,0.6529808309424877,0.5736160344216583,0.0,-0.01902918765882926,0.0,-0.21624698528158184,0.21624698528158184,True,Q3
100197,4,0.3910328798874177,0.3169651532795229,0.12793481778704768,0.1260099430591249,0.0019248747279227707,True,1.9558926508678884,1.1103771104008682,0.5677086162720436,0.6777069270104816,1.1103771104008682,0.5677086162720436,0.6777069270104816,0.0,-0.03450066080785868,-0.02137858321854363,-0.20106093866261646,0.20106093866261646,True,Q3
100197,5,0.48469895659176143,0.28366623328773377,0.17990838143610308,0.2084974063506465,-0.02858902491454343,False,2.7213860453485,1.5996998795690864,0.5878254142970111,0.6544612823065473,1.5996998795690864,0.5878254142970111,0.6544612823065473,0.0,-0.09153220712385388,0.01248870972461094,-0.3014577765836136,0.3014577765836136,True,Q3
100198,1,0.4495476959282862,0.4495476959282862,0.07289480764880871,0.0749878409643774,-0.0020930333155686903,False,5.788084269240777,0.6016381625218461,0.10394426455037825,0.989195589867081,0.6016381625218461,0.10394426455037825,0.989195589867081,0.0,0.6338588539346917,0.002814066728870132,-0.2235115704457503,0.25354354157387665,True,Q1_best_basis_fit
100198,2,0.28216418948048466,0.6300522257360983,0.16212252417834322,0.1894576945069364,-0.027335170328593172,False,7.6760325926578625,1.347978904157017,0.17560880414269747,0.9691615479075717,1.347978904157017,0.17560880414269747,0.9691615479075717,0.0,-0.6494860101068112,0.003065241098671357,-0.3160828098548846,0.3160828098548846,True,Q1_best_basis_fit
100198,3,1.0841640523320235,0.9062369400040162,0.17181761428409995,0.1684050679188037,0.003412546365296254,True,11.512592013439866,1.447641687758351,0.12574420131177808,0.984188395836463,1.447641687758351,0.12574420131177808,0.984188395836463,0.0,-1.069794187226526,-1.5902773407317584e-15,-0.21546153652428696,0.4279176748906104,True,Q1_best_basis_fit
100198,4,1.2609890700453328,0.27642632147414337,0.19843645205667243,0.2325934629479785,-0.03415701089130607,False,2.758152588615559,1.7586878277955942,0.6376325352899924,0.5934247499396565,1.7586878277955942,0.6376325352899924,0.5934247499396565,0.0,-0.09217349570344878,0.0,-0.3042724449969908,0.3042724449969908,True,Q3
100198,5,1.6535482673656277,0.5168175860310892,0.2520902903965432,0.2834356972667619,-0.031345406870218695,False,4.804499733793385,2.2514380335353326,0.4686102941580795,0.7804043922090782,2.2514380335353326,0.4686102941580795,0.7804043922090782,0.0,-0.3287680856645659,-0.009141395626211446,-0.26962266058752654,0.26962266058752654,True,Q2
100199,1,0.2816936044612922,0.2816936044612922,0.016443883191298938,0.0315500857156875,-0.015106202524388563,False,3.6010148255662475,0.20237343018010226,0.056198999444074686,0.9968416724614849,0.20237343018010226,0.056198999444074686,0.9968416724614849,0.0,-0.29091536950802266,0.0,-0.20106093866261665,0.20106093866261665,True,Q1_best_basis_fit
100199,2,0.544850857466256,0.3074659640782742,0.039051622502083244,0.0627353800946663,-0.023683757592583052,False,1.9761454994310723,0.4363488675439188,0.22080806685010926,0.9512437976139176,0.4363488675439188,0.22080806685010926,0.9512437976139176,0.0,-0.05166543039833669,-0.028678497724283224,-0.18421283449736117,0.18421283449736117,True,Q1_best_basis_fit
100199,3,0.8060699515701235,0.26735204589562933,0.05432986794051804,0.0756791989549144,-0.02134933101439636,False,2.5054406865545897,0.6320867170054759,0.2522856439577915,0.9363519538528025,0.6320867170054759,0.2522856439577915,0.9363519538528025,0.0,-0.16017425857086862,-0.012847194370585057,-0.20421860238729142,0.20421860238729142,True,Q2
100199,4,0.9046343104982809,0.1244628355998419,0.08402749223078623,0.1021769470900555,-0.018149454859269262,False,1.4701676159100554,0.8715559975931889,0.5928276396250797,0.6485553896965566,0.8715559975931889,0.5928276396250797,0.6485553896965566,0.0,-0.0345006608078586,0.0013027294987535086,-0.20106093866261657,0.20106093866261657,True,Q3
100199,5,1.0696225643287942,0.28177299940734696,0.12094813037440089,0.1680358059556969,-0.04708767558129601,False,1.8463656557339596,1.2764321292568035,0.6913214212432919,0.522074692530155,1.2764321292568035,0.6913214212432919,0.522074692530155,0.0,0.05792996880565035,-0.015666852348501067,-0.29233946283434853,0.29233946283434853,True,Q3
100200,1,0.571587666469404,0.571587666469404,0.14593496679826387,0.4652292286837065,-0.31929426188544263,False,3.5598541499777006,1.2457571535763627,0.3499461216927009,0.8775377119122374,1.2457571535763627,0.3499461216927009,0.8775377119122374,0.0,0.2493279798416924,0.0491810764831811,-0.5862154657967097,0.5862154657967097,True,Q2
100200,2,0.9227119557232473,0.6414917486122601,0.22373074321909464,0.3330948574351371,-0.10936411421604247,False,7.244751574970476,1.8853781652022457,0.26024055424011266,0.9322748539287989,1.8853781652022457,0.26024055424011266,0.9322748539287989,0.0,-0.5950321081807763,0.003179763388034792,-0.31008774778262954,0.31008774778262954,True,Q2
100200,3,1.058503374894613,0.3165529870457716,0.31408963992104333,0.3196780707401019,-0.005588430819058576,False,2.8952432848166554,2.6359884202758264,0.910454894792288,0.17107188454876388,2.6359884202758264,0.910454894792288,0.17107188454876388,0.0,-0.03450066080785869,0.003743801012517212,-0.2010609386626161,0.2010609386626161,True,Q4_worst_basis_fit
100200,4,1.191903240897842,0.36346671740756786,0.3272674085647107,0.3102260032455204,0.017041405319190295,True,3.1575969197962017,2.7153195837035917,0.8599323006303301,0.2605164383326275,2.7153195837035917,0.8599323006303301,0.2605164383326275,0.0,-0.04844600108462951,0.0,-0.2715921583374237,0.2715921583374237,True,Q4_worst_basis_fit
100200,5,1.3420199862709161,0.3916822293506037,0.3455198879412073,0.3242792027275042,0.021240685213703092,True,3.3916266772933548,2.8523964795606034,0.8410113349612295,0.2926999344667307,2.8523964795606034,0.8410113349612295,0.2926999344667307,0.0,-0.07455668217601996,0.0,-0.27274533410900614,0.27274533410900614,True,Q4_worst_basis_fit
100201,1,0.46041206161706655,0.46041206161706655,0.09068742425676891,0.1487432837912921,-0.05805585953452318,False,2.645761928579097,0.7534848302970796,0.2847893539316811,0.9188950238871757,0.7534848302970796,0.2847893539316811,0.9188950238871757,0.0,-0.08933300892168418,-0.040579557686198066,-0.15298454308172055,0.15298454308172055,True,Q2
100201,2,0.8534870544212747,0.6226775958832271,0.19471227978101777,0.2881188253882524,-0.09340654560723463,False,7.48782909794201,1.621132178866831,0.21650229427810933,0.9531267565723149,1.621132178866831,0.21650229427810933,0.9531267565723149,0.0,0.7814301494329607,0.00376847948111224,-0.19277088952537125,0.3125720597731843,True,Q1_best_basis_fit
100201,3,0.979373387080937,0.3400325424822624,0.2604109323209112,0.2642235374564485,-0.0038126051355372725,False,2.2375527312549175,2.147136565897912,0.9595914929315223,0.07918416669345207,2.147136565897912,0.9595914929315223,0.07918416669345207,0.0,0.006027437955299499,-0.012277184265709425,-0.0059162403541286115,0.010230986888091188,True,Q4_worst_basis_fit
100201,4,1.0947503751875676,0.28809832468451263,0.2604109323209111,0.2420528640955949,0.018358068225316215,True,2.7285632185369786,2.1471365658979114,0.7869110568195591,0.3807709886551247,2.1471365658979114,0.7869110568195591,0.3807709886551247,0.0,0.16753488789724535,-2.3338405251298724e-17,1.6939480908241675e-17,0.06701395515889814,True,Q4_worst_basis_fit
100201,5,1.0345502885242601,0.3361688202555504,0.28292963149170347,0.3430232809407407,-0.06009364944903722,False,2.934819077296279,2.363155290778755,0.8052132784130008,0.35163157626738717,2.363155290778755,0.8052132784130008,0.35163157626738717,0.0,-0.10460681186348222,0.0,-0.18720471509355352,0.18720471509355352,True,Q4_worst_basis_fit
100202,1,0.10396697738166266,0.10396697738166266,0.03471500327075948,0.1039669773816626,-0.06925197411090313,False,1.314097347343651,0.3331782055725019,0.2535414946586694,0.9357167104862479,0.3331782055725019,0.2535414946586694,0.9357167104862479,0.0,-0.07640722557038426,0.0,-0.13673863718033888,0.13673863718033888,True,Q2
100202,2,0.1096157086407112,0.03793869439447335,0.04252977827641141,0.0721430358233055,-0.02961325754689409,False,0.41829871622912185,0.38476731548083226,0.9198386238175236,0.1538969061334844,0.38476731548083226,0.9198386238175236,0.1538969061334844,0.0,-0.02076612558857975,0.0,0.02038302030102687,0.02038302030102687,True,Q4_worst_basis_fit
100202,3,0.12141304438402696,0.04816643833441244,0.054686235092970076,0.0609342413857027,-0.006248006292732623,False,0.5328287382517892,0.4690876968555754,0.8803723657899006,0.22494449755349344,0.4690876968555754,0.8803723657899006,0.22494449755349344,0.0,-0.03198006393151896,0.0,0.031390077535829286,0.031390077535829286,True,Q4_worst_basis_fit
100202,4,0.21410236948876196,0.10780517156574478,0.08657407793618084,0.1342469231416909,-0.04767284520551006,False,1.4024049728246197,0.7722314267072222,0.5506479523898515,0.6967868325288638,0.7722314267072222,0.5506479523898515,0.6967868325288638,0.0,-0.07036522966950885,1.5902773407317584e-15,-0.12592586025816352,0.12592586025816352,True,Q3
100202,5,0.20804049355324272,0.08445974146690796,0.07821225534066038,0.1027179594463666,-0.02450570410570621,False,0.7366329674842595,0.7157026101719314,0.9715864504628278,0.056019769277043,0.7157026101719314,0.9715864504628278,0.056019769277043,0.0,0.02206357124184212,-1.5902773407317584e-15,-0.021656529939457877,0.021656529939457877,True,Q4_worst_basis_fit
100203,1,0.2787256371941476,0.2787256371941476,3.8857805861880476e-17,0.0,3.8857805861880476e-17,True,4.001654266026929,5.578801654593729e-16,1.394123850717539e-16,1.0,5.578801654593729e-16,1.394123850717539e-16,1.0,0.0,-0.39817948170592515,-1.761988123478611e-18,2.440201156585332e-17,0.15927179268237007,True,Q1_best_basis_fit
100203,2,0.2987784880602121,0.03688900668458705,0.0513428319205846,0.036889006684587,0.0144538252359976,True,0.46629988296270475,0.4508472706854733,0.9668612134769347,0.06517939387390947,0.4508472706854733,0.9668612134769347,0.06517939387390947,0.0,-5.876163623978889e-17,0.0023279462444161262,5.563312397566245e-18,0.0019399552036801053,True,Q4_worst_basis_fit
100203,3,0.5672070868435386,0.5120573637684303,0.08060968870813211,0.1888825699820969,-0.1082728812739648,False,2.4813272815672347,0.7121467792525107,0.2870023573845973,0.9176296468556839,0.7121467792525107,0.2870023573845973,0.9176296468556839,0.0,0.11255067021668581,-0.042943418236265664,-0.22296061321046315,0.22296061321046315,True,Q2
100203,4,0.6518891834527855,0.16772165838476355,0.14620870865519917,0.1946275355442023,-0.04841882688900315,False,1.2912329044692261,1.2201796171366428,0.9449725242544137,0.10702692840424155,1.2201796171366428,0.9449725242544137,0.10702692840424155,0.0,-0.025612497894990247,-0.0017122182122889633,-0.042684939744766295,0.042684939744766295,True,Q4_worst_basis_fit
100203,5,0.7907767393232834,0.539251235688978,0.189424996114473,0.2641053505239326,-0.07468035440945958,False,5.110323467896068,1.60464567795997,0.314000804066637,0.9014034950455054,1.60464567795997,0.314000804066637,0.9014034950455054,0.0,-0.4145893565048448,0.03099495158346665,-0.13216689922069258,0.16583574260193792,True,Q2
100204,1,0.2787436982195208,0.2787436982195208,5.4616917849090285e-18,0.0,5.4616917849090285e-18,True,1.4718466693565166,1.1605872240380422e-16,7.885245441669849e-17,1.0,1.1605872240380422e-16,7.885245441669849e-17,1.0,0.0,-3.956636144637505e-18,-0.028781605460396795,-5.312590645178972e-18,0.02398467121699733,True,Q1_best_basis_fit
100204,2,0.29419183897580053,0.09596269224709252,0.0005943686121828083,0.0959626922470925,-0.0953683236349097,False,1.0162146194038086,0.004542255914521607,0.004469780130880671,0.9999800210655816,0.004542255914521607,0.004469780130880671,0.9999800210655816,0.0,0.0015253423679458668,-1.5902773407317584e-15,0.21817328605348102,0.21817328605348102,True,Q1_best_basis_fit
100204,3,0.32305706697163905,0.18684322283560967,0.07242559172662656,0.116009560217295,-0.04358396849066844,False,2.127848378163804,0.6340638528303916,0.29798356844276086,0.9112057929381184,0.6340638528303916,0.29798356844276086,0.9112057929381184,0.0,-0.10420887903442408,0.002302571468980573,-0.2569466543983269,0.2569466543983269,True,Q2
100204,4,0.3712869521960923,0.1480109463674203,0.17945017492759255,0.1514366487292375,0.028013526198355038,True,1.5066033725497763,1.4847301068711125,0.9854817358853741,0.028825748236349757,1.4847301068711125,0.9854817358853741,0.028825748236349757,0.0,-3.716540097134704e-17,0.0050019772417529244,3.6700243538634325e-17,0.004168314368127438,True,Q4_worst_basis_fit
100204,5,0.386043311251522,0.18863226739040057,0.17945017492759258,0.1410395377049207,0.03841063722267188,True,1.5144024322147815,1.4847301068711127,0.9804065783886298,0.038802941052299755,1.4847301068711127,0.9804065783886298,0.038802941052299755,0.0,-0.02968335141077651,5.427536104956178e-19,6.0852843078345344e-18,0.011873340564310605,True,Q4_worst_basis_fit
100205,1,0.2329400345792516,0.2329400345792516,1.3897280756724624e-17,0.0,1.3897280756724624e-17,True,1.2299901889988374,1.7255742394301918e-16,1.4029170759766302e-16,1.0,1.7255742394301918e-16,1.4029170759766302e-16,1.0,0.0,-1.7795456345731625e-18,0.0240521611219178,3.382710778154774e-17,0.02004346760159817,True,Q1_best_basis_fit
100205,2,0.3058659896081396,0.10521991317041698,0.14644710720455398,0.1052199131704169,0.04122719403413708,True,1.3300448455070852,1.2859687733057226,0.9668612134769347,0.06517939387390925,1.2859687733057226,0.9668612134769347,0.06517939387390925,0.0,-7.052244879369874e-18,0.006640089358746118,-2.1751806085490433e-17,0.005533407798955099,True,Q4_worst_basis_fit
100205,3,0.3129137020217153,0.15505150497266135,0.14821284818045918,0.1137798112473643,0.03443303693309488,True,1.3023316776802896,1.288014823236672,0.9890067525124484,0.021865643484780484,1.288014823236672,0.9890067525124484,0.021865643484780484,0.0,-0.024370067701953522,0.0,0.02392047484194621,0.02392047484194621,True,Q4_worst_basis_fit
100205,4,0.42190683605707796,0.27824831203324435,0.2165219053721403,0.2010957876896785,0.015426117682461798,True,2.7310447507688247,1.8188251992504718,0.6659814705483859,0.5564686808862095,1.8188251992504718,0.6659814705483859,0.5564686808862095,0.0,-0.16223012235056722,0.00257270832872883,-0.11983765559323988,0.11983765559323988,True,Q3
100205,5,0.29754415245954885,0.40300830777115293,0.218954250314326,0.1832688018654404,0.035685448448885604,True,2.2868876222217156,1.8331277304634046,0.8015819022547849,0.35746645397760046,1.8331277304634046,0.8015819022547849,0.35746645397760046,0.0,-0.07575127430080174,-0.023056534052378497,0.024900717648143514,0.030300509720320695,True,Q4_worst_basis_fit
100206,1,0.24118541720290934,0.24118541720290934,0.09035315559832914,0.2404800535358333,-0.15012689793750417,False,3.135722077554221,0.8269845287258833,0.2637301738714386,0.9304463953897408,0.8269845287258833,0.2637301738714386,0.9304463953897408,0.0,-0.20580244911730286,2.504958703595693e-05,-0.26906619163688145,0.26906619163688145,True,Q2
100206,2,0.39466072590354717,0.20878361297149867,0.1875393109850854,0.3494909456456951,-0.16195163466060972,False,2.2634982174480656,1.6051997658337034,0.7091676739394356,0.4970812102393304,1.6051997658337034,0.7091676739394356,0.4970812102393304,0.0,-0.12924383793279998,0.004148978513288482,-0.08500824023300445,0.08500824023300445,True,Q3
100206,3,0.66498180126058,0.41033142503558523,0.29687693143270394,0.3889176878337621,-0.09204075640105819,False,3.4259896376116785,2.5571857231116177,0.7464078977466726,0.44287525018139273,2.5571857231116177,0.7464078977466726,0.44287525018139273,0.0,-0.18418389518159356,-0.004177228335946248,-0.12554471351741553,0.12554471351741553,True,Q3
100206,4,0.7190971868422211,0.371230190717332,0.2968769314327006,0.3090704307566603,-0.012193499323959689,False,2.9049399671614666,2.5571857231116173,0.880288664144184,0.22509186777924783,2.5571857231116173,0.880288664144184,0.22509186777924783,0.0,2.635367215791996e-17,0.026950666806936086,2.2822455730819868e-17,0.022458889005780074,True,Q4_worst_basis_fit
100206,5,0.721789811822255,0.3001987270842867,0.29790551509861096,0.2853240067221972,0.012581508376413753,True,2.572261841685753,2.5713588986284384,0.9996489692290724,0.0007019383192529149,2.5713588986284384,0.9996489692290724,0.0007019383192529149,0.0,-0.008624196651932974,-9.93923337957349e-17,0.008465092570424921,0.008465092570424921,True,Q4_worst_basis_fit
100207,1,0.0802745617241751,0.0802745617241751,0.11172768530590368,0.0802745617241751,0.03145312358172858,True,1.0147201592312087,0.9810935644937948,0.9668612134769347,0.06517939387390936,0.9810935644937948,0.9668612134769347,0.06517939387390936,0.0,-1.8831662604987557e-18,0.005065868693664168,6.640738306473715e-18,0.00422155724472014,True,Q4_worst_basis_fit
100207,2,0.0834490765880623,0.11489579144741568,0.11238669852227062,0.0834490765880623,0.02893762193420832,True,0.98421764190697,0.9814825859211419,0.9972210862014942,0.005550105235112124,0.9814825859211419,0.9972210862014942,0.005550105235112124,0.0,-0.009278884188765522,-9.93923337957349e-17,0.009107702059477897,0.009107702059477897,True,Q4_worst_basis_fit
100207,3,0.1065626451454448,0.13504150686845734,0.11739643783850268,0.1052902715359818,0.012106166302520871,True,1.1007149018389946,1.0012580545479535,0.9096434080024938,0.17254887027760857,1.0012580545479535,0.9096434080024938,0.17254887027760857,0.0,-0.05786086290254587,0.0,0.056793412817753436,0.056793412817753436,True,Q4_worst_basis_fit
100207,4,0.15296065775480752,0.20100418149578175,0.11739643783850331,0.0971609993036227,0.02023543853488062,True,2.079884554405358,1.0012580545479535,0.4814007837248518,0.7682532854290984,1.0012580545479535,0.4814007837248518,0.7682532854290984,0.0,0.18139727387389096,9.905253391541069e-17,7.34668793998232e-17,0.07255890954955638,True,Q3
100207,5,0.23481271874904744,0.18500183792971953,0.18635869998083807,0.1669335006134996,0.01942519936733847,True,1.7041458910715843,1.602875397452376,0.9405740470051374,0.11532046210037772,1.602875397452376,0.9405740470051374,0.11532046210037772,0.0,5.1722438217520076e-17,0.0031459285246790048,0.12053595028821062,0.12053595028821062,True,Q4_worst_basis_fit
100208,1,0.09815848265170508,0.09815848265170508,0.03277552288355499,0.098158482651705,-0.06538295976815,False,1.2406805018324427,0.3145639888284655,0.2535414946586693,0.9357167104862479,0.3145639888284655,0.2535414946586693,0.9357167104862479,0.0,-0.07213845698411446,0.0,-0.12909923404055254,0.12909923404055254,True,Q2
100208,2,0.1494456438772176,0.20744162708360797,0.12531710647955163,0.1239874665704803,0.0013296399090713257,True,2.4614056168717298,1.036509511297144,0.42110471520515724,0.8226708188319835,1.036509511297144,0.42110471520515724,0.8226708188319835,0.0,0.21409471896726007,0.005000093575701182,0.021685108647272803,0.08563788758690402,True,Q2
100208,3,0.941407563788594,0.907166765744566,0.26210007259834467,0.3157594614948366,-0.05365938889649191,False,5.447887853500453,2.16443426118859,0.3972978738536013,0.8421543994314079,2.16443426118859,0.3972978738536013,0.8421543994314079,0.0,0.46950493247213543,-0.055152937683020126,-0.22211145365594637,0.22211145365594637,True,Q2
100208,4,0.9665977070559024,0.37319209930341674,0.43271966248568305,0.3747864552531481,0.05793320723253498,True,3.643630014984393,3.6093361645205593,0.9905879986928418,0.01873541684571045,3.6093361645205593,0.9905879986928418,0.01873541684571045,0.0,0.036049470512072274,0.008005086672657117,-0.035384409390885205,0.035384409390885205,True,Q4_worst_basis_fit
100208,5,0.8370410995541308,0.39015000286587054,0.4778809350068932,0.4234127409802771,0.054468194026616124,True,4.123472992950773,3.972610601787369,0.9634137554868654,0.07183393573869434,3.972610601787369,0.9634137554868654,0.07183393573869434,0.0,-0.039150274002533944,0.016577823764791225,-0.08399504997618222,0.08399504997618222,True,Q4_worst_basis_fit
100209,1,0.3213230072621706,0.3213230072621706,0.038488201416882604,0.1152672213497949,-0.0767790199329123,False,2.125658380143653,0.3693915793057067,0.17377749066185463,0.969801383739269,0.3693915793057067,0.17377749066185463,0.969801383739269,0.0,-0.08471198071108474,0.03026749175778542,-0.15160085592442524,0.15160085592442524,True,Q1_best_basis_fit
100209,2,0.7967148815641256,0.634609927121617,0.04644290923751854,0.0795686369783723,-0.03312572774085376,False,8.690668296316176,0.42181301097122154,0.048536314652582103,0.9976442261599455,0.42181301097122154,0.048536314652582103,0.9976442261599455,0.0,0.8575211410202741,-5.963540027744094e-16,0.020761838396606724,0.3430084564081096,True,Q1_best_basis_fit
100209,3,0.8106131474304229,0.09624914992972977,0.12752206045827819,0.11522010783888,0.01230195261939819,True,1.0843905443178288,1.0539712236803518,0.9719480026851274,0.05531708007639158,1.0539712236803518,0.9719480026851274,0.05531708007639158,0.0,-1.9733017550142065e-17,0.004987326807041764,-3.185928083848655e-16,0.004156105672534804,True,Q4_worst_basis_fit
100209,4,1.0803297865980481,0.3430696878016735,0.12752206045827813,0.1079065043197504,0.019615556138527737,True,4.0273195912476885,1.0539712236803518,0.26170538488449707,0.9315102915224572,1.0539712236803518,0.26170538488449707,0.9315102915224572,0.0,0.38676684395278726,1.8996376367353026e-18,1.72910148065858e-16,0.15470673758111492,True,Q2
100209,5,1.0971699798163717,0.18380874909448808,0.13028360634365255,0.1219787371074496,0.008304869236202952,True,1.5341811418166742,1.0825994524960842,0.7056529525673498,0.5020539105329815,1.0825994524960842,0.7056529525673498,0.5020539105329815,0.0,-0.025736399805729244,-3.1805546814635168e-15,0.26820928275318173,0.26820928275318173,True,Q3
100210,1,0.1036503327294847,0.1036503327294847,0.03460927431324274,0.1036503327294847,-0.06904105841624197,False,1.3100950967448854,0.33216346897369226,0.2535414946586693,0.9357167104862479,0.33216346897369226,0.2535414946586693,0.9357167104862479,0.0,-0.07617451764740785,1.5902773407317584e-15,-0.1363221822703312,0.1363221822703312,True,Q2
100210,2,0.10108650353419846,0.03388387394403653,0.031038124355679583,0.0661107413336133,-0.03507261697793372,False,0.3187516637496376,0.3096423221158693,0.971421822472672,0.05633964282387249,0.3096423221158693,0.971421822472672,0.05633964282387249,0.0,0.009574442711482486,-1.5902773407317584e-15,-0.00939780795058327,0.00939780795058327,True,Q4_worst_basis_fit
100210,3,0.14536028812180732,0.09659193053808647,0.031038124355679597,0.0539503618431629,-0.022912237487483306,False,0.4994644470921225,0.30964232211586923,0.6199486748628537,0.6156636405357918,0.30964232211586923,0.6199486748628537,0.6156636405357918,0.0,-3.632643584983509e-18,-0.007663529134306298,2.9002408113987244e-18,0.006386274278588582,True,Q3
100210,4,0.36230351458428944,0.3261214971074096,0.10928896581142743,0.2444725370680534,-0.135183571256626,False,2.933822891184963,1.0223026489352645,0.3484541115303519,0.8785797321575931,1.0223026489352645,0.3484541115303519,0.8785797321575931,0.0,-0.17790226707362056,0.017547109957761587,-0.228718767632341,0.228718767632341,True,Q2
100210,5,0.39108371524265795,0.11513297331331217,0.13919331189728262,0.1969133341145025,-0.05772002221721986,False,1.20747466348203,1.196278809220966,0.9907278764518519,0.0184582748212041,1.196278809220966,0.9907278764518519,0.0184582748212041,0.0,2.919830648845781e-17,0.0032079387146137523,1.4307402918661838e-16,0.002673282262178127,True,Q4_worst_basis_fit
100211,1,0.07003099094490359,0.07003099094490359,0.009963639493827333,0.0700309909449035,-0.06006735145107617,False,0.7027294024501185,0.09562630605657647,0.1360784189805752,0.9814826638877471,0.09562630605657647,0.1360784189805752,0.9814826638877471,0.0,-0.021929827987315624,0.0,0.17752518931098538,0.17752518931098538,True,Q1_best_basis_fit
100211,2,0.08310248725362943,0.049074742469422256,0.020290775424446687,0.07272083588727,-0.05243006046282332,False,0.6000951333221964,0.15252492698038306,0.2541679119042131,0.9353986725582522,0.15252492698038306,0.2541679119042131,0.9353986725582522,0.0,0.07344673243759291,7.951386703658792e-16,-0.07209174537318835,0.07209174537318835,True,Q2
100211,3,0.05926396247129511,0.027367961568843087,0.011164969458469532,0.0494735749930891,-0.03830860553461957,False,0.31321944217397396,0.08904910064510825,0.2843025963747391,0.9191720336945822,0.08904910064510825,0.2843025963747391,0.9191720336945822,0.0,-0.02447597790184737,-5.963540027744094e-16,-0.01630868730701222,0.01630868730701222,True,Q2
100211,4,0.14021194777037246,0.16324818841420502,0.08558064649266983,0.0875060183858282,-0.0019253718931583619,False,1.1688766589189716,0.714133075040867,0.6109567417500907,0.626731859710113,0.714133075040867,0.6109567417500907,0.626731859710113,0.0,-0.026954587840449486,-0.007569329825116521,-0.1385658245920787,0.1385658245920787,True,Q3
100211,5,0.27029239926454535,0.20639979331858538,0.08558064649266989,0.0740914225718603,0.011489223920809588,True,1.101829195628382,0.714133075040867,0.6481341008881064,0.5799221872659659,0.714133075040867,0.6481341008881064,0.5799221872659659,0.0,-3.788891959032491e-17,-0.01639407468760569,-0.007452968802841989,0.013661728906338075,True,Q3
100212,1,0.12115550372208772,0.12115550372208772,0.04045432322748869,0.1211555037220877,-0.08070118049459901,False,1.5313528397850706,0.3882614878489047,0.2535414946586694,0.9357167104862479,0.3882614878489047,0.2535414946586694,0.9357167104862479,0.0,-0.08903938668914146,0.0,-0.15934519674492065,0.15934519674492065,True,Q2
100212,2,0.15172873294680658,0.07208015545442381,0.07084890114030218,0.1064867886655109,-0.03563788752520872,False,0.8701002773173119,0.5973380949286531,0.6865163826523104,0.5286952563499865,0.5973380949286531,0.6865163826523104,0.5286952563499865,0.0,-0.08006192239544624,0.0,0.07858489454687087,0.07858489454687087,True,Q3
100212,3,0.3855181251007467,0.25442079191368744,0.07084890114030219,0.0739123860810818,-0.003063484940779612,False,3.4188764138667747,0.5973380949286531,0.17471766236003228,0.9694737384594457,0.5973380949286531,0.17471766236003228,0.9694737384594457,0.0,-0.33495829699997626,1.0855072210080968e-18,-4.9682268702449953e-17,0.1339833187999905,True,Q1_best_basis_fit
100212,4,0.47904494122400754,0.14959875327718128,0.17076217303831132,0.1574919190103288,0.013270254027982514,True,1.5628251517391145,1.446647391265386,0.9256617028818319,0.1431504118179071,1.446647391265386,0.9256617028818319,0.1431504118179071,0.0,-0.06268602500637292,0.0063140074950298435,0.06152955758864622,0.06152955758864622,True,Q4_worst_basis_fit
100212,5,0.5760180020776913,0.24665222035416173,0.2348459079271405,0.1945570433951128,0.04028886453202771,True,2.2729042528679244,1.945848570959086,0.856106705112561,0.2670813094613145,1.945848570959086,0.856106705112561,0.2670813094613145,0.0,-0.05786904262691443,0.0029043856657484214,-0.15189090433310817,0.15189090433310817,True,Q4_worst_basis_fit
100213,1,0.25727255770030766,0.25727255770030766,0.029312909741635515,0.1388297227325993,-0.10951681299096379,False,1.9627749904410903,0.3623347508742134,0.18460330534005157,0.9659216196575277,0.3623347508742134,0.18460330534005157,0.9659216196575277,0.0,-0.049836625469404636,-0.017797193405500632,-0.28894409390479286,0.28894409390479286,True,Q1_best_basis_fit
100213,2,0.3976431312826056,0.280388371386908,0.1344312538907488,0.2478839608963575,-0.1134527070056087,False,2.62793416452564,1.1558135316305627,0.4398182980505506,0.806559864699917,1.1558135316305627,0.4398182980505506,0.806559864699917,0.0,0.2798240417982945,-0.0029455812395099783,-0.18220198347718666,0.18220198347718666,True,Q2
100213,3,0.6614794330792916,0.6040879859342372,0.263316196561518,0.2737825764283645,-0.010466379866846509,False,5.631182295154793,2.168856519946823,0.3851511825168509,0.8516585666058715,2.168856519946823,0.3851511825168509,0.8516585666058715,0.0,-0.5154400946948199,-0.008127533580644893,5.1906179007743525e-17,0.20617603787792796,True,Q2
100213,4,0.5058279712185687,0.3647262950340056,0.26331619656151795,0.2600021097378987,0.0033140868236192222,True,3.685659408351326,2.168856519946823,0.5884582050724537,0.653716940882906,2.168856519946823,0.5884582050724537,0.653716940882906,0.0,0.296516853247718,-3.799275273483317e-18,1.71766547204087e-16,0.11860674129908719,True,Q3
100213,5,0.6785317468263882,0.4071273432655658,0.3697352926603209,0.447658854773539,-0.0779235621132181,False,3.6877222911607035,3.0476902783288815,0.8264424589763854,0.3169928620010656,3.0476902783288815,0.8264424589763854,0.3169928620010656,0.0,-0.12493294013238744,0.0037230542123998065,-0.22090642308472042,0.22090642308472042,True,Q4_worst_basis_fit
100214,1,0.8044578870002053,0.8044578870002053,0.07102394447871778,0.051029572476518,0.01999437200219978,True,6.939302353542073,0.6236693677332692,0.08987493784802815,0.9919224955468131,0.6236693677332692,0.08987493784802815,0.9919224955468131,0.0,-0.6564615477234357,-0.040264927083658614,-1.7748389563587708e-16,0.26258461908937425,True,Q1_best_basis_fit
100214,2,1.1473242303323457,0.43768538137004087,0.07102394447871788,0.051029572476518,0.019994372002199876,True,2.2538278419215545,0.6236693677332692,0.2767156195929965,0.923428465873264,0.6236693677332692,0.2767156195929965,0.923428465873264,0.0,-3.738625481526035e-17,-0.042352082711934684,2.553296116203363e-16,0.035293402259945574,True,Q2
100214,3,1.8475612646066224,0.8094022248160364,0.1839759306840202,0.2890388757350819,-0.1050629450510617,False,6.284757685715119,1.5296041641588738,0.24338315662281987,0.9407646390723119,1.5296041641588738,0.24338315662281987,0.9407646390723119,0.0,-0.4499394074906362,-0.04650304580274173,-0.3253111597751965,0.3253111597751965,True,Q2
100214,4,1.7860789773923575,0.24543336229278548,0.2881683890538478,0.3022320388656122,-0.01406364981176439,False,2.51656883135749,2.3801330894229435,0.9457850148048802,0.10549070577053254,2.3801330894229435,0.9457850148048802,0.10549070577053254,0.0,-2.2961602950930953e-16,0.01598337112901199,1.2191853429599497e-16,0.013319475940843324,True,Q4_worst_basis_fit
100214,5,1.8008715453947657,0.31520754316345134,0.32633894242385647,0.3010427458026188,0.025296196621237665,True,2.7039377655703967,2.7024528259476646,0.9994508232986572,0.0010980518076362245,2.7024528259476646,0.9994508232986572,0.0010980518076362245,0.0,-5.884883937063397e-18,0.0017521068587555593,1.2197274440461925e-18,0.0014600890489629662,True,Q4_worst_basis_fit
100215,1,0.3727551600464503,0.3727551600464503,0.1145707590411094,0.082317264903949,0.0322534941371604,True,4.815340145162559,1.0060589196549141,0.20892790318573662,0.9563491312704114,1.0060589196549141,0.20892790318573662,0.9563491312704114,0.0,-0.46782385130868454,0.005194777102637055,-5.2705778109951584e-17,0.1871295405234738,True,Q1_best_basis_fit
100215,2,0.4007821913905697,0.1632049231763671,0.18289133661338852,0.1314045113311998,0.05148682528218873,True,1.6137836894356183,1.605989713845639,0.9951703715677624,0.009635931553681587,1.605989713845639,0.9951703715677624,0.009635931553681587,0.0,-6.492861041561857e-17,0.003097737813805934,7.196391919872536e-17,0.0025814481781716117,True,Q4_worst_basis_fit
100215,3,0.3768890411741411,0.19695019603086106,0.18543884330446478,0.1454404906913761,0.03999835261308868,True,1.6501849468443763,1.6093042663408976,0.9752266068226751,0.04893306534513142,1.6093042663408976,0.9752266068226751,0.04893306534513142,0.0,0.03466718107191639,0.0,0.005393565554087249,0.013866872428766556,True,Q4_worst_basis_fit
100215,4,0.4549349996787092,0.22436075647767786,0.18543884330446478,0.1394029113991672,0.04603593190529759,True,1.965927141264577,1.6093042663408976,0.8185981222608877,0.3298971142309487,1.6093042663408976,0.8185981222608877,0.3298971142309487,0.0,-0.11235592768570703,5.766757111506532e-19,-1.186438240981746e-17,0.04494237107428281,True,Q4_worst_basis_fit
100215,5,0.6620579915708495,0.3964092692622845,0.18340375226331898,0.1419599399539666,0.041443812309352374,True,2.177991439412118,1.60613430409794,0.7374382998178665,0.4561847539617345,1.60613430409794,0.7374382998178665,0.4561847539617345,0.0,-0.041904228094509686,-0.0280277028344642,0.04113115507781473,0.04113115507781473,True,Q3
100216,1,0.09188853854893919,0.09188853854893919,0.05465146787621377,0.0918885385489391,-0.037237070672725324,False,0.9280664585244183,0.5245189769068289,0.5651739399576936,0.6805784175926974,0.5245189769068289,0.5651739399576936,0.6805784175926974,0.0,0.07656367707377175,1.5902773407317584e-15,-0.21526621152852757,0.21526621152852757,True,Q3
100216,2,0.15853979692547385,0.11371128476451905,0.12898471928941557,0.17509871680656,-0.04611399751714443,False,1.316856704424504,1.1044634781291134,0.8387119679903128,0.2965622347498166,1.1044634781291134,0.8387119679903128,0.2965622347498166,0.0,0.006305105096434481,0.0042508511651598215,-0.1567269209729854,0.1567269209729854,True,Q4_worst_basis_fit
100216,3,0.3656803168459388,0.30965315040776675,0.2732600378452839,0.3698432058990668,-0.09658316805378286,False,3.1083548945726323,2.284827988656632,0.735060205849105,0.4596864937770714,2.284827988656632,0.735060205849105,0.4596864937770714,0.0,-0.12553796730323016,0.005512922389843182,-0.22466318381919115,0.22466318381919115,True,Q3
100216,4,0.6941932961845341,0.490060980894956,0.31952879439722487,0.5580002717531449,-0.23847147735592006,False,4.996401118966848,2.8341541481368053,0.5672391148456971,0.6782397865890699,2.8341541481368053,0.5672391148456971,0.6782397865890699,0.0,-0.19016518634371424,6.3611093629270335e-15,-0.5657294053216777,0.5657294053216777,True,Q3
100216,5,0.8148300879351501,0.3359381891943163,0.3195287943971792,0.4421564324905714,-0.12262763809339222,False,3.0052152578629427,2.8341541481368053,0.9430785833798203,0.11060278557031133,2.8341541481368053,0.9430785833798203,0.11060278557031133,0.0,1.6331298411401263e-17,0.019543893322668388,1.3064636178450328e-16,0.016286577768890323,True,Q4_worst_basis_fit
100217,1,0.2968286910798392,0.2968286910798392,6.475226854595412e-17,0.0,6.475226854595412e-17,True,1.5673406183742742,3.262158568099691e-16,2.0813335211610661e-16,1.0,3.262158568099691e-16,2.0813335211610661e-16,1.0,0.0,7.927691928071124e-18,0.030648966180349308,2.905661822261152e-17,0.025540805150291092,True,Q1_best_basis_fit
100217,2,0.297456479249219,0.029095013297610783,0.01651303600353258,0.0290950132976107,-0.01258197729407812,False,0.3578649780532106,0.1261951487980997,0.3526334135421764,0.8756496756535923,0.1261951487980997,0.3526334135421764,0.8756496756535923,0.0,-0.04237779876637585,0.0,0.041595989048766255,0.041595989048766255,True,Q2
100217,3,0.17945306495338456,0.48431591806299523,0.01651303600353269,0.0206683393033823,-0.0041553032998496095,False,2.4932236390640248,0.1261951487980997,0.05061525441234559,0.9974380960207735,0.1261951487980997,0.05061525441234559,0.9974380960207735,0.0,5.219159360887795e-18,-0.04869188524608218,-1.7564075194265172e-17,0.040576571038401815,True,Q1_best_basis_fit
100217,4,0.5094649058659907,0.369932087967592,0.1007724117153534,0.0882240790903906,0.012548332624962799,True,4.7762564821702505,0.8453029076856187,0.17698021679554513,0.9686780028630019,0.8453029076856187,0.17698021679554513,0.9686780028630019,0.0,-0.45248876014651823,0.004235364708260419,-0.048554404283500704,0.1809955040586073,True,Q1_best_basis_fit
100217,5,0.7587754148127858,0.3463748928574317,0.25807557494601174,0.3416717374177114,-0.08359616247169965,False,3.5928284156353727,2.138750418343113,0.5952832061324271,0.6456379044966983,2.138750418343113,0.5952832061324271,0.6456379044966983,0.0,-0.18494865363512747,0.0056086103327706105,-0.2806192071668403,0.2806192071668403,True,Q3
100218,1,0.102567562934343,0.102567562934343,0.14275551492261362,0.102567562934343,0.04018795198827062,True,1.296517496418172,1.2535524798809512,0.9668612134769348,0.06517939387390925,1.2535524798809512,0.9668612134769348,0.06517939387390925,0.0,-2.0734833376035681e-19,0.0064727080913056486,-4.391018798566293e-18,0.005393923409421374,True,Q4_worst_basis_fit
100218,2,0.11312735030826622,0.15335836627449578,0.14496330766062174,0.1131273503082662,0.03183595735235553,True,1.2784504551929585,1.256675408149894,0.9829676254135497,0.0337746473888475,1.256675408149894,0.9829676254135497,0.0337746473888475,0.0,0.029732629141179627,1.987846675914698e-16,-0.02918410469986062,0.02918410469986062,True,Q4_worst_basis_fit
100218,3,0.11497188405965886,0.14653577206978163,0.14496330766062046,0.1097631265917133,0.035200181068907155,True,1.2578224682262336,1.2566754081498939,0.9990880588435049,0.0018230506763172727,1.2566754081498939,0.9990880588435049,0.0018230506763172727,0.0,0.005343896422145095,-2.0014039387020427e-16,1.6447987101308652e-18,0.002137558568858038,True,Q4_worst_basis_fit
100218,4,0.6455418988053082,0.6906662475547634,0.14925779409616588,0.1268895631725166,0.022368230923649285,True,8.645468520083806,1.2750454543711949,0.14748135990654615,0.9782492484801157,1.2750454543711949,0.14748135990654615,0.9782492484801157,0.0,-0.836493625938804,0.0,-0.0476575920782216,0.33459745037552163,True,Q1_best_basis_fit
100218,5,0.645761438317862,0.14902475767720424,0.14919269331167584,0.119746856895422,0.02944583641625384,True,1.2746977921161113,1.274687093797007,0.9999916071721701,1.6785585220224775e-05,1.274687093797007,0.9999916071721701,1.6785585220224775e-05,0.0,-0.0006608904513376709,0.0,0.0006486979686660297,0.0006486979686660297,True,Q4_worst_basis_fit
100219,1,0.003541994908435535,0.003541994908435535,0.0020102788353813187,0.0035419949084355,-0.0015317160730541814,False,0.043566088704140825,0.015362858574422435,0.3526334135421765,0.8756496756535923,0.015362858574422435,0.3526334135421765,0.8756496756535923,0.0,0.005159026597645009,0.0,-0.005063849942772475,0.005063849942772475,True,Q2
100219,2,0.06719366213119618,0.06584032125088242,0.09145195140742962,0.0671936621311961,0.024258289276233524,True,0.827395348820084,0.799986085880748,0.9668728341554937,0.06515692257212291,0.799986085880748,0.9668728341554937,0.06515692257212291,0.0,-2.3761959598394998e-18,0.0041299599399123345,-2.4530074152484538e-18,0.003441633283260279,True,Q4_worst_basis_fit
100219,3,0.11882423641742364,0.14636142827951376,0.09145195140742965,0.0666562179338235,0.024795733473606155,True,0.9002086566457849,0.799986085880748,0.8886673994688405,0.2102702531212881,0.799986085880748,0.8886673994688405,0.2102702531212881,0.0,-7.506787572191003e-18,-0.008072063755991999,2.054563116860031e-17,0.006726719796659999,True,Q4_worst_basis_fit
100219,4,0.25153884918869773,0.22284051379709807,0.09145195140742964,0.0663890117233406,0.02506293968408904,True,2.4187968098965578,0.799986085880748,0.3307372006642262,0.8906129040967914,0.799986085880748,0.3307372006642262,0.8906129040967914,0.0,0.22713454533117952,-1.9165986870667267e-18,2.952298685856646e-17,0.09085381813247181,True,Q2
100219,5,0.23331846961651148,0.14305816539970023,0.1043964436307963,0.1244322297408692,-0.02003578611007291,False,1.2369731945864464,0.8607071212006009,0.6958171163024746,0.5158385406605086,0.8607071212006009,0.6958171163024746,0.5158385406605086,0.0,0.010178340137236536,1.5902773407317584e-15,-0.206290167554235,0.206290167554235,True,Q3
100220,1,0.5193071807750447,0.5193071807750447,0.12070595682084163,0.175366679788745,-0.05466072296790338,False,2.982344319691522,0.9939866074201075,0.3332903584797748,0.8889175369444232,0.9939866074201075,0.3332903584797748,0.8889175369444232,0.0,-0.07869112996813578,0.05352823940276186,0.06219499610694967,0.06219499610694967,True,Q2
100220,2,0.507393139086379,0.19525369603883355,0.12643982256680353,0.1702676108290646,-0.04382778826226108,False,1.6237096874480559,1.0456587460365474,0.6439936610096743,0.5852721645793568,1.0456587460365474,0.6439936610096743,0.5852721645793568,0.0,-0.027116431466213963,-0.0037861687695598147,-0.22387988624431948,0.22387988624431948,True,Q3
100220,3,0.4869785320226722,0.2659999502549488,0.24379461648672174,0.2201648420050228,0.02362977448169895,True,2.043956465183907,2.030759197353914,0.9935432735213341,0.012871763640511347,2.030759197353914,0.9935432735213341,0.012871763640511347,0.0,0.014130220382479363,-0.003974348558494054,-0.013869538045770664,0.013869538045770664,True,Q4_worst_basis_fit
100220,4,0.6261421170930797,0.3944075915802553,0.45525708632966405,0.3617798219226549,0.09347726440700915,True,3.897921583218831,3.8667532210659754,0.9920038509017112,0.015928359796175573,3.8667532210659754,0.9920038509017112,0.015928359796175573,0.0,-7.054153430287184e-18,0.009619912128523495,5.149960319306146e-18,0.008016593440436247,True,Q4_worst_basis_fit
100220,5,0.6170985021011148,0.6268072190430376,0.4632687355251345,0.5184115489718404,-0.05514281344670591,False,5.088705120038554,3.896107703152026,0.7656383325906901,0.4137979436677478,3.896107703152026,0.7656383325906901,0.4137979436677478,0.0,0.343854060088217,-0.011157695774406376,-0.08193686022736656,0.1375416240352868,True,Q3
100221,1,0.5386062592726123,0.5386062592726123,0.10344917234267713,0.2121444559903041,-0.10869528364762697,False,6.956674701733473,0.8944567144357102,0.12857532553776424,0.983468385662858,0.8944567144357102,0.12857532553776424,0.983468385662858,0.0,-0.6128734022815523,0.003407386922099327,-0.23049073876288595,0.2451493609126209,True,Q1_best_basis_fit
100221,2,0.6365012063447051,0.17102011147292828,0.1294173046926936,0.2444703689620135,-0.11505306426931988,False,1.6656551266410895,1.1336208175649523,0.6805855542563473,0.5368033033375805,1.1336208175649523,0.6805855542563473,0.5368033033375805,0.0,-0.07214427151365595,0.0,-0.13401487501886247,0.13401487501886247,True,Q3
100221,3,0.8914267864504167,0.5254618347474028,0.12941730469268353,0.1843410573338185,-0.05492375264113497,False,2.53126522654171,1.1336208175649525,0.4478475055392512,0.7994326117822703,1.1336208175649525,0.4478475055392512,0.7994326117822703,0.0,1.9180466947415462e-17,-0.04425689892256912,-2.7321894746634712e-17,0.03688074910214094,True,Q2
100221,4,0.9069376796343005,0.14721049543808634,0.15902223965819037,0.1792650130897855,-0.02024277343159514,False,1.375663386109213,1.372431086856832,0.9976503705157678,0.004693738209751275,1.372431086856832,0.9976503705157678,0.004693738209751275,0.0,-2.4777093710417938e-17,0.001842994727276368,5.5382402223275173e-17,0.0015358289393969733,True,Q4_worst_basis_fit
100221,5,0.5582866451676337,0.41069699376581215,0.1590222396581904,0.4537225406350419,-0.2947003009768515,False,3.6014075854788064,1.372431086856832,0.38108185599169486,0.8547766190339252,1.372431086856832,0.38108185599169486,0.8547766190339252,0.0,0.31577901694665234,0.019702953983034097,2.4990860075790877e-17,0.12631160677866093,True,Q2
100222,1,0.3309708549571335,0.3309708549571335,0.10162207936922833,0.0783033203893611,0.023318758979867238,True,1.796300835473582,0.8826398768217852,0.49136528770198085,0.7585601540415496,0.8826398768217852,0.49136528770198085,0.7585601540415496,0.0,-0.07675901731261496,-0.025988265288039845,-0.01731238059704882,0.030703606925045986,True,Q3
100222,2,0.33574424408817444,0.3240951233186094,0.25069459188148935,0.2332673686193536,0.01742722326213575,True,2.7863422677724543,2.1249883015714577,0.762644390873876,0.4183735330686146,2.1249883015714577,0.762644390873876,0.4183735330686146,0.0,-0.07382401791675626,0.024467437717135398,-0.1488318756475858,0.1488318756475858,True,Q3
100222,3,0.2903406820350615,0.2658512801512232,0.25069459188148674,0.1983076057667075,0.05238698611477924,True,2.340310773775464,2.1249883015714572,0.9079940687293245,0.1755467711523666,2.1249883015714572,0.9079940687293245,0.1755467711523666,0.0,0.09756841905235449,-3.9783839649318547e-16,1.265072017146891e-16,0.03902736762094179,True,Q4_worst_basis_fit
100222,4,0.41090073591300413,0.3730833885505417,0.3976038659446279,0.3019633055920152,0.0956405603526127,True,3.4315715384891106,3.382949017708293,0.9858308299170049,0.028137574785149444,3.382949017708293,0.9858308299170049,0.028137574785149444,0.0,-0.059694481234846275,0.006450807185280587,0.058593203516898944,0.058593203516898944,True,Q4_worst_basis_fit
100222,5,0.37313726218715126,0.29179482037070326,0.3976038659446286,0.2944616943890417,0.10314217155558691,True,3.5021854240947827,3.382949017708293,0.9659537140534731,0.06693342230630128,3.382949017708293,0.9659537140534731,0.06693342230630128,0.0,1.793751424687268e-17,0.017717935670332304,-3.7025504190379976e-17,0.014764946391943588,True,Q4_worst_basis_fit
100223,1,0.2358447749453406,0.2358447749453406,0.15548652727640114,0.1393886247824228,0.016097902493978328,True,1.541049021942379,1.3274047076518019,0.8613643620361316,0.25805143581408796,1.3274047076518019,0.8613643620361316,0.25805143581408796,0.0,-0.08434724403892005,-0.008028707208624891,0.08279115814104811,0.08279115814104811,True,Q4_worst_basis_fit
100223,2,0.3424091576623874,0.2656354484328031,0.1554865272764012,0.1284140261031421,0.0270725011732591,True,2.526809395964827,1.3274047076518019,0.5253283883507767,0.7240300843927756,1.3274047076518019,0.5253283883507767,0.7240300843927756,0.0,-0.1492677624372192,0.0,-0.18400320027801362,0.18400320027801362,True,Q3
100223,3,0.4986007263625682,0.381215070558301,0.2788593099155874,0.2899197846707668,-0.011060474755179406,False,3.29651933147641,2.3148109920968327,0.7021985189026936,0.5069172400508635,2.3148109920968327,0.7021985189026936,0.5069172400508635,0.0,-0.05991006411976304,0.024678315000617006,-0.332708065466242,0.332708065466242,True,Q3
100223,4,0.6490767742424991,0.31425173527032985,0.32218226207720185,0.2824468331887796,0.03973542888842224,True,2.940590856077751,2.692902451521746,0.9157691713404905,0.1613668248223512,2.692902451521746,0.9157691713404905,0.1613668248223512,0.0,0.02098740744163506,0.022870258733336594,-0.02060021982068859,0.02060021982068859,True,Q4_worst_basis_fit
100223,5,0.7844938056502373,0.39810032198205236,0.34524020694059865,0.3852006639442095,-0.03996045700361084,False,3.3695764583103784,2.8457091423929497,0.8445302184417225,0.28676871013877636,2.8457091423929497,0.8445302184417225,0.28676871013877636,0.0,-0.11716355001502356,0.0,-0.17394290618402486,0.17394290618402486,True,Q4_worst_basis_fit
100224,1,0.9317686713787009,0.9317686713787009,0.13788493605212568,0.3653101350531957,-0.22742519900107003,False,8.810169400476825,1.1847181405001685,0.13447166412442071,0.9819173715476089,1.1847181405001685,0.13447166412442071,0.9819173715476089,0.0,-0.8344831489019585,-0.03504377790091471,-0.05206582224790084,0.33379325956078343,True,Q1_best_basis_fit
100224,2,1.403018286181516,0.5608949358145019,0.13788493605212318,0.2161828702505809,-0.07829793419845771,False,6.885116120459915,1.1847181405001688,0.17206944948679115,0.9703921045533126,1.1847181405001688,0.17206944948679115,0.9703921045533126,0.0,-0.6748763503892553,-4.095754433201629e-16,-8.067132806722862e-17,0.26995054015570213,True,Q1_best_basis_fit
100224,3,1.5663243254198955,0.39317662709338796,0.2120714256138827,0.2517667079261244,-0.039695282312241675,False,3.9196835890301864,1.7574346068171727,0.44836134522072474,0.7989721041118621,1.7574346068171727,0.44836134522072474,0.7989721041118621,0.0,-0.21204205951289143,0.014627265310810992,-0.35377237320851607,0.35377237320851607,True,Q2
100224,4,1.7244091861947688,0.31351102216196086,0.2120714256138771,0.2048578712135231,0.007213554400353983,True,2.8725408940388233,1.7574346068171727,0.6118049043145912,0.6256947590566139,1.7574346068171727,0.6118049043145912,0.6256947590566139,0.0,-0.2260928309890014,-8.700340376242262e-16,1.3912250892485898e-16,0.09043713239560056,True,Q3
100224,5,1.94631181563077,0.44393200339334354,0.2120714256138772,0.1844577832755967,0.02761364233828051,True,2.399277998376914,1.7574346068171727,0.732484775839256,0.46346605316371503,1.7574346068171727,0.732484775839256,0.46346605316371503,0.0,-0.056707272518769856,-0.029933290824644798,3.426078865054194e-17,0.024944409020537333,True,Q3
100225,1,0.2046137956604141,0.2046137956604141,6.2249435167403e-18,0.0,6.2249435167403e-18,True,1.0804195236370897,1.0534062261980111e-16,9.749973997617686e-17,1.0,1.0534062261980111e-16,9.749973997617686e-17,1.0,0.0,-5.962285923247202e-18,-0.021127343163291,-7.860465750519907e-18,0.0176061193027425,True,Q1_best_basis_fit
100225,2,0.5225679582806056,0.3794129963336131,0.0722672676313051,0.068547417336884,0.0037198502944210954,True,4.996515538427977,0.6142788673860052,0.12294145042912685,0.9848853997663826,0.6142788673860052,0.12294145042912685,0.9848853997663826,0.0,0.47857363429608557,0.0030814352161194305,0.04799275894156821,0.19142945371843423,True,Q1_best_basis_fit
100225,3,0.4576365936940476,0.18824581959658798,0.10029652074711388,0.1765745784059463,-0.0762780576588324,False,1.9874484815286912,0.8429758501268865,0.4241497870065504,0.8200969581822979,0.8429758501268865,0.4241497870065504,0.8200969581822979,0.0,-0.1081840359151808,0.0,-0.19360652772405443,0.19360652772405443,True,Q2
100225,4,0.418642398646749,0.21036108070964157,0.17277047193401793,0.2652441417880412,-0.09247366985402325,False,2.108687818331008,1.4902023040564096,0.7066965015408874,0.5005800547098705,1.4902023040564096,0.7066965015408874,0.5005800547098705,0.0,-0.0892912292213545,0.0027050995540788578,-0.15979589501830724,0.15979589501830724,True,Q3
100225,5,0.9101973603113994,0.6427339189421846,0.17277047193401918,0.2011620353421332,-0.028391563408114023,False,3.5972422855399904,1.4902023040564094,0.4142624226471061,0.8283866451825505,1.4902023040564094,0.4142624226471061,0.8283866451825505,0.0,0.25059185947487067,-0.04091117151946361,-5.128276275856436e-17,0.10023674378994826,True,Q2
100226,1,0.5744590795602237,0.5744590795602237,3.058333442859777e-16,0.0,3.058333442859777e-16,True,8.24748899857691,2.7976739077293704e-15,3.3921523365621996e-16,1.0,2.7976739077293704e-15,3.3921523365621996e-16,1.0,0.0,0.8206558279431765,7.020442024773774e-18,2.6197007011601164e-16,0.3282623311772706,True,Q1_best_basis_fit
100226,2,0.5551024195284401,0.06368115416769658,0.0036737953660220053,0.0064730147141857,-0.002799219348163695,False,0.6743883824444533,0.02807570653683244,0.04163136149390136,0.9982668297401641,0.02807570653683244,0.04163136149390136,0.9982668297401641,0.0,-0.009428148808994318,1.5902773407317584e-15,-0.1319300623039649,0.1319300623039649,True,Q1_best_basis_fit
100226,3,0.5398201454970288,0.04798800177557063,0.03052751567831348,0.0531157614059885,-0.022588245727675017,False,0.5770353565977384,0.2332959476765021,0.40430095835381685,0.8365407350741852,0.2332959476765021,0.40430095835381685,0.8365407350741852,0.0,-0.06891534393067741,-2.3854160110976376e-15,0.10389693803653664,0.10389693803653664,True,Q2
100226,4,0.6721993913778681,0.6568672544427513,0.030527515678307433,0.0422005960989474,-0.011673080420639966,False,4.6891594110081405,0.2332959476765021,0.049752189513716044,0.9975247196385912,0.2332959476765021,0.049752189513716044,0.9975247196385912,0.0,-0.3891860166601923,0.05037294038967729,-9.768661574094395e-17,0.15567440666407692,True,Q1_best_basis_fit
100226,5,0.6611176257742084,0.08272790762396504,0.06338398726249272,0.0792115624896458,-0.01582757522715307,False,0.7816182286828235,0.5194824645255279,0.6646242954197159,0.5582745459378462,0.5194824645255279,0.6646242954197159,0.5582745459378462,0.0,-0.015147515864732383,-0.0014600549581725436,-0.10163423029075835,0.10163423029075835,True,Q3
100227,1,0.1377999923007755,0.1377999923007755,0.011231001676832926,0.054359186466619,-0.04312818478978607,False,1.7458573573230356,0.13525012664041314,0.07746917356856425,0.9939985271466036,0.13525012664041314,0.07746917356856425,0.9939985271466036,0.0,-0.13455147362712488,7.951386703658792e-16,-0.11415795340963962,0.11415795340963962,True,Q1_best_basis_fit
100227,2,0.20535658018318168,0.12299399662118626,0.011231001676827938,0.0431455755092699,-0.031914573832441964,False,0.640372059825729,0.13525012664041314,0.21120553991256294,0.9553922199102428,0.13525012664041314,0.21120553991256294,0.9553922199102428,0.0,-2.725998643122723e-19,0.012239838883918908,3.802839119992907e-17,0.01019986573659909,True,Q1_best_basis_fit
100227,3,0.3184481387250726,0.1192647018755427,0.011231001676827945,0.0386771797475842,-0.027446178070756257,False,1.5992221883973847,0.13525012664041314,0.08457244254217747,0.9928475019624501,0.13525012664041314,0.08457244254217747,0.9928475019624501,0.0,-0.19059897958936248,0.0,0.12979532466153568,0.12979532466153568,True,Q1_best_basis_fit
100227,4,0.31342498541726943,0.026373279783969,0.011322378623746859,0.0366207090476451,-0.025298330423898237,False,0.24936033854683398,0.13689278780155792,0.5489757858018275,0.698625586603266,0.13689278780155792,0.5489757858018275,0.698625586603266,0.0,-0.001127412688747196,0.0,0.046748728745857386,0.046748728745857386,True,Q3
100227,5,0.9778391134139431,0.6675085112832168,0.08917190576100968,0.1649256140286545,-0.07575370826764481,False,6.9004000310417615,0.7586217673467638,0.10993880991450777,0.9879134580745818,0.7586217673467638,0.10993880991450777,0.9879134580745818,0.0,-0.6183784092233855,0.03012560902843914,-0.14968967267735286,0.2473513636893542,True,Q1_best_basis_fit
100228,1,0.38887983994216585,0.38887983994216585,3.144340957620178e-16,0.0,3.144340957620178e-16,True,5.5831343185430935,3.0323522101633278e-15,5.431272180022732e-16,1.0,3.0323522101633278e-15,5.431272180022732e-16,1.0,0.0,-0.5555426284888085,1.0750003063253013e-17,-2.0104110641200958e-16,0.22221705139552342,True,Q1_best_basis_fit
100228,2,0.3823841239568161,0.01577897934723684,0.00895544715497048,0.0157789793472365,-0.006823532192266019,False,0.19407944722488396,0.06843889797328874,0.3526334135421725,0.8756496756535952,0.06843889797328874,0.3526334135421725,0.8756496756535952,0.0,0.02298257796537629,0.0,-0.02255858230462655,0.02255858230462655,True,Q2
100228,3,0.6042620996692968,0.5527207641984363,0.05574591418093448,0.0500139999472682,0.005731914233666285,True,3.387456974315128,0.47365066863919336,0.1398248515717179,0.9804490108829471,0.47365066863919336,0.1398248515717179,0.9804490108829471,0.0,0.24483358978723374,-0.045513956571242346,-0.015351348631487242,0.0979334359148935,True,Q1_best_basis_fit
100228,4,0.6117540816558624,0.1413363287947128,0.17536905893852353,0.1350572762725616,0.04031178266596194,True,1.5442629105620953,1.518924088096298,0.9835916395501759,0.03254748660699691,1.518924088096298,0.9835916395501759,0.03254748660699691,0.0,1.2702507737759052e-17,0.005447941691084664,6.86435500454885e-17,0.00453995140923722,True,Q4_worst_basis_fit
100228,5,0.680807130548591,0.22764277980751066,0.17678060380150784,0.16247900949252,0.014301594308987836,True,1.7064754323646836,1.519443417046856,0.8903986475453356,0.20719024844943734,1.519443417046856,0.8903986475453356,0.20719024844943734,0.0,-0.04438906498570036,-0.0047090428632299485,-0.07943882540615127,0.07943882540615127,True,Q4_worst_basis_fit
100229,1,0.09542787232949576,0.09542787232949576,0.13281835565389272,0.0954278723294957,0.03739048332439701,True,1.2062673868964862,1.1662931494723874,0.9668612134769344,0.06517939387390981,1.1662931494723874,0.9668612134769344,0.06517939387390981,0.0,-5.8821752113216895e-18,0.006022145247924941,3.3745792618611326e-18,0.005018454373270784,True,Q4_worst_basis_fit
100229,2,0.5124422515738343,0.5575928351237077,0.2625187529862218,0.2359582905392145,0.0265604624470073,True,3.3027729776923045,2.225367972495642,0.6737877497261525,0.5460100683189676,2.225367972495642,0.6737877497261525,0.5460100683189676,0.0,-0.13035816650323676,-0.03358031549401239,-0.12333957410338772,0.12333957410338772,True,Q3
100229,3,0.6137573617329485,0.33588555615590054,0.28310395330883165,0.3258144121043455,-0.04271045879551383,False,2.9170405683787135,2.338322212761417,0.8016077109483098,0.3574250777482111,2.338322212761417,0.8016077109483098,0.3574250777482111,0.0,-0.10957441915788269,0.0,-0.17669016222133557,0.17669016222133557,True,Q4_worst_basis_fit
100229,4,0.8730828039705434,0.5095561377641507,0.2921313270930437,0.3209516579533999,-0.028820330860356236,False,2.926327687698468,2.4091276359569034,0.8232596937397882,0.3222434766634702,2.4091276359569034,0.8232596937397882,0.3222434766634702,0.0,-0.04407835123908795,-0.029147393011855184,-0.07888277100229323,0.07888277100229323,True,Q4_worst_basis_fit
100229,5,1.099898962696761,0.46777991428621346,0.29213132709304285,0.2813994429204568,0.010731884172586026,True,4.381381999445213,2.409127635956903,0.5498556474331514,0.6976587669858699,2.409127635956903,0.5498556474331514,0.6976587669858699,0.0,-0.3641429957771761,-1.3080362012941504e-16,8.46416904393124e-18,0.14565719831087046,True,Q3
100230,1,0.791502156480848,0.791502156480848,4.001955406516429e-15,0.0,4.001955406516429e-15,True,11.314745818477798,2.053522480147727e-14,1.8149081853824556e-15,1.0,2.053522480147727e-14,1.8149081853824556e-15,1.0,0.0,-1.1372821419832677,-3.975693351829396e-16,0.038627467998548964,0.45491285679330706,True,Q1_best_basis_fit
100230,2,0.8822363860304939,0.10451089449577478,0.015919254791332046,0.0476761240641186,-0.03175686927278655,False,1.1660436017525582,0.15278548885789486,0.1310289672086524,0.9828314097522339,0.15278548885789486,0.1310289672086524,0.9828314097522339,0.0,-0.03503805205681793,0.0,-0.1942806633462205,0.1942806633462205,True,Q1_best_basis_fit
100230,3,0.8917983767484224,0.07654555776135073,0.09707555197655575,0.0863398992189621,0.010735652757593653,True,0.8646214613844259,0.8091190733478644,0.9358072977419605,0.12426470149288982,0.8091190733478644,0.9358072977419605,0.12426470149288982,0.0,0.013142709381597483,0.0040223722569955826,0.025043095975825158,0.025043095975825158,True,Q4_worst_basis_fit
100230,4,2.1530596478349078,1.3262047667410182,0.3055552404880201,0.5198487629738945,-0.2142935224858744,False,16.079283261932847,2.5324012758461767,0.1574946615836758,0.9751954315726434,2.5324012758461767,0.1574946615836758,0.9751954315726434,0.0,-1.5127673909012502,-0.0026571439648742333,-0.2192670033040749,0.6051069563605,True,Q1_best_basis_fit
100230,5,2.189742297233972,0.35409983894130476,0.3055552404880148,0.4980792745090287,-0.19252403402101392,False,2.5611568891076573,2.532401275846177,0.9887724124266752,0.02232911642393276,2.532401275846177,0.9887724124266752,0.02232911642393276,0.0,1.8653059501215167e-16,-0.007482215306024631,-0.0017284884639541362,0.006235179421687193,True,Q4_worst_basis_fit
100231,1,0.13806927826146934,0.13806927826146934,0.04610190242276863,0.1380692782614693,-0.09196737583870068,False,1.745135589034162,0.4424642856257589,0.25354149465866943,0.9357167104862479,0.4424642856257589,0.25354149465866943,0.9357167104862479,0.0,-0.10146962770435333,1.5902773407317584e-15,-0.18159039938845234,0.18159039938845234,True,Q2
100231,2,0.3357655576494196,0.19747600091046505,0.10189636927012209,0.2854065446629842,-0.18351017539286213,False,2.5664844223339363,1.0223694437007231,0.3983540421301253,0.8413140571185904,1.0223694437007231,0.3983540421301253,0.8413140571185904,0.0,-0.11632857017879213,0.0,-0.30808635164721904,0.30808635164721904,True,Q2
100231,3,0.5009405552136779,0.20480324977402725,0.15702627764061022,0.3635593977868075,-0.2065331201461973,False,2.5466314173703872,1.5510878973921534,0.6090743587047172,0.6290284255684375,1.5510878973921534,0.6090743587047172,0.6290284255684375,0.0,-0.1214048194125673,0.0,-0.21726648794893696,0.21726648794893696,True,Q3
100231,4,0.5842917782693197,0.16576551875830792,0.18542905034458726,0.2991547630591286,-0.11372571271454132,False,1.8361012553285656,1.672435142839084,0.9108621531549501,0.17033013794992835,1.672435142839084,0.9108621531549501,0.17033013794992835,0.0,1.787161897861819e-17,0.0032294149618867568,-0.16036059770198383,0.16036059770198383,True,Q4_worst_basis_fit
100231,5,0.6205109245259289,0.21602739971763632,0.2437848316654515,0.3074090458676108,-0.0636242142021593,False,2.1520351559941338,2.140316075697845,0.9945544196786716,0.010861506297620616,2.140316075697845,0.9945544196786716,0.010861506297620616,0.0,-5.10463359328604e-17,0.004385780302796813,6.013256299147729e-17,0.0036548169189973448,True,Q4_worst_basis_fit
100232,1,0.015270158357123682,0.015270158357123682,0.008666662982812021,0.0152701583571236,-0.006603495374311579,False,0.18782101349958386,0.06623196512530945,0.35263341354217637,0.8756496756535924,0.06623196512530945,0.35263341354217637,0.8756496756535924,0.0,0.02224146424576547,0.0,-0.02183114107213708,0.02183114107213708,True,Q2
100232,2,0.06393476173201515,0.051502151047752485,0.03628652826375983,0.059000536870292,-0.022714008606532166,False,0.6250045813216968,0.2773072033895672,0.4436882731373678,0.8031407162803805,0.2773072033895672,0.4436882731373678,0.8031407162803805,0.0,0.07088152006570832,7.951386703658792e-16,-0.06957385749711174,0.06957385749711174,True,Q2
100232,3,0.10837764122518874,0.05874499192915752,0.06204381808476195,0.0875799759179653,-0.025536157833203357,False,0.696014408636799,0.47414835488356233,0.6812335333865007,0.5359208729897436,0.47414835488356233,0.6812335333865007,0.5359208729897436,0.0,0.06610154816886149,0.0,-0.07947889337516983,0.07947889337516983,True,Q3
100232,4,0.41901100419063636,0.3952235514548228,0.12920248286083402,0.1093437770388376,0.01985870582199642,True,2.297736591720485,1.0956004086383853,0.4768172350939619,0.7726453243173494,1.0956004086383853,0.4768172350939619,0.7726453243173494,0.0,-0.03344905149109327,0.039155382319827126,0.032831964377986564,0.032831964377986564,True,Q3
100232,5,0.5120908716685655,0.13098556261476388,0.13009538974326038,0.1103478429930849,0.019747546750175482,True,1.2231742157939334,1.1036727870460092,0.9023022009417043,0.18585073817575637,1.1036727870460092,0.9023022009417043,0.18585073817575637,0.0,0.007721743347167063,0.010242257474742548,-0.007579288237146286,0.008535214562285457,True,Q4_worst_basis_fit
100233,1,0.20731441411121493,0.20731441411121493,0.16453142124237122,0.2073144141112149,-0.04278299286884368,False,2.185456839526491,1.3614355943658272,0.6229524050727997,0.6119303010140145,1.3614355943658272,0.6229524050727997,0.6119303010140145,0.0,0.21157822166934703,0.0066563344147347004,-0.20476493890508368,0.20476493890508368,True,Q3
100233,2,0.25729638698321394,0.3261185062445389,0.2508036479659496,0.2572963869832139,-0.006492739017264271,False,3.2753671821748322,2.1001499536936867,0.6411952727386108,0.5888686222176585,2.1001499536936867,0.6411952727386108,0.5888686222176585,0.0,-0.2087354823743285,0.003949508404485799,-0.12354430287261502,0.12354430287261502,True,Q3
100233,3,0.3904505616065413,0.3551066341458578,0.40233192326434203,0.3904505616065413,0.011881361657800737,True,3.5295807899744056,3.3307114004202436,0.9436563712837965,0.10951265293549761,3.3307114004202436,0.9436563712837965,0.10951265293549761,0.0,0.13571243942677505,0.009745263658845135,-0.23483698692945398,0.23483698692945398,True,Q4_worst_basis_fit
100233,4,0.4154232136334238,0.39606143673039396,0.41214223606890654,0.4154232136334238,-0.0032809775645172845,False,3.447920265230449,3.4007253384428346,0.9863120596889847,0.027188520912072578,3.4007253384428346,0.9863120596889847,0.027188520912072578,0.0,0.07404124387912332,7.951386703658792e-16,-0.1160147769252457,0.1160147769252457,True,Q4_worst_basis_fit
100233,5,0.6254902443000674,0.38259241845785813,0.45326746083064573,0.6254902443000674,-0.17222278346942166,False,3.9541193485229558,3.7452571462352213,0.947178579127675,0.1028527392416787,3.7452571462352213,0.947178579127675,0.1028527392416787,0.0,-1.2563254517009702e-17,0.024797629130735938,5.095750210681871e-18,0.020664690942279948,True,Q4_worst_basis_fit
100234,1,0.9456495506096241,0.9456495506096241,0.10952841724634668,0.3019832975988233,-0.19245488035247663,False,11.181218394170877,0.9166535713552872,0.08198154611067858,0.9932790260973027,0.9166535713552872,0.08198154611067858,0.9932790260973027,0.0,-1.0783390602821923,0.024309209911780375,-0.07800582043607021,0.4313356241128769,True,Q1_best_basis_fit
100234,2,1.0637772298373536,0.17082701084288293,0.10952841724634443,0.2016674413094538,-0.09213902406310936,False,1.2195679038926683,0.9166535713552874,0.7516215935410188,0.43506498012285966,0.9166535713552874,0.7516215935410188,0.43506498012285966,0.0,3.110381113074041e-16,0.015730246252169337,2.515891141252613e-16,0.013108538543474449,True,Q3
100234,3,1.1996713894877389,0.18952900023787636,0.10952841724634446,0.1537321533074608,-0.04420373606111633,False,1.2961206582324798,0.9166535713552872,0.7072285790161913,0.49982773702273875,0.9166535713552872,0.7072285790161913,0.49982773702273875,0.0,-5.468047548137361e-18,0.017918765154969908,1.83772268236293e-17,0.014932304295808257,True,Q3
100234,4,1.2275649025694537,0.1602012093130412,0.18072990204774753,0.1820072719686662,-0.001277369920918675,False,1.5446397244976402,1.5357357030309697,0.9942355351054005,0.011495700733677894,1.5357357030309697,0.9942355351054005,0.011495700733677894,0.0,-4.701517761088716e-18,0.0032385261377518527,-2.757939276260002e-18,0.0026987717814598773,True,Q4_worst_basis_fit
100234,5,1.2238784234686704,0.18384578918850766,0.18072990204774753,0.1730858074737222,0.0076440945740253174,True,1.5359375163702667,1.5357357030309697,0.9998686057621837,0.0002627712111868963,1.5357357030309697,0.9998686057621837,0.0002627712111868963,0.0,1.3943399152084885e-18,-0.0004868721385155995,-4.682398132421772e-18,0.0004057267820963329,True,Q4_worst_basis_fit
100235,1,0.4102408022322427,0.4102408022322427,2.6376734226765646e-17,0.0,2.6376734226765646e-17,True,2.1661890914719377,3.5594047807460947e-16,1.6431643916771176e-16,1.0,3.5594047807460947e-16,1.6431643916771176e-16,1.0,0.0,1.6917923414886957e-17,-0.0423592993526321,-7.535205098774256e-17,0.035299416127193416,True,Q1_best_basis_fit
100235,2,0.4620199632628615,0.09938881169560912,0.07386624022026393,0.0993888116956091,-0.025522571475345174,False,0.847083430204228,0.645864778603655,0.7624571034850013,0.41865916534526193,0.645864778603655,0.7624571034850013,0.41865916534526193,0.0,0.055818732169007325,-0.0005135449544498303,-0.0045914998657601,0.02232749286760293,True,Q3
100235,3,0.47474266342612276,0.17267648796103818,0.09194060916730534,0.1433706213553768,-0.051430012188071444,False,1.7549970735619551,0.7663140569711566,0.4366469144109967,0.8093394721353557,0.7663140569711566,0.4366469144109967,0.8093394721353557,0.0,-0.09719113909744781,0.0,-0.16460647279928423,0.16460647279928423,True,Q2
100235,4,0.5262943273498145,0.1501927188126116,0.16340430411500925,0.2106724143980932,-0.04726811028308395,False,1.4899532480485116,1.374238504189886,0.9223366612273339,0.14929508335601416,1.374238504189886,0.9223366612273339,0.14929508335601416,0.0,0.0472688917396216,0.0024242636184701816,-0.16021822076256179,0.16021822076256179,True,Q4_worst_basis_fit
100235,5,0.569263169667652,0.22960097263223395,0.18263827949889738,0.2753395175182047,-0.0927012380193073,False,2.0872230946296764,1.6041065912285974,0.7685362409777305,0.4093520463038197,1.6041065912285974,0.7685362409777305,0.4093520463038197,0.0,-0.08026977641552203,-1.5902773407317584e-15,-0.14365107163481827,0.14365107163481827,True,Q3
100236,1,0.00903565152944125,0.00903565152944125,1.4931357365669307e-18,0.0,1.4931357365669307e-18,True,0.12972453432382186,1.6457031883953286e-17,1.2686136797279072e-16,1.0,1.6457031883953286e-17,1.2686136797279072e-16,1.0,0.0,0.0129080736134875,1.484805038242683e-20,3.250902364697178e-18,0.005163229445395,True,Q1_best_basis_fit
100236,2,0.09330377155816467,0.09794482442446259,0.11542010987517515,0.0979448244244625,0.01747528545071264,True,1.08707963990981,0.9860845512132647,0.9070950416246188,0.17717858546003118,0.9860845512132647,0.9070950416246188,0.17717858546003118,0.0,-0.022671591158523234,0.005065986321543501,-0.040573158553840895,0.040573158553840895,True,Q4_worst_basis_fit
100236,3,0.23248223103800325,0.2683983830522188,0.11542010987517679,0.0917860444454525,0.02363406542972428,True,1.4539988004679187,0.9860845512132645,0.6781880087493385,0.5400610247886071,0.9860845512132645,0.6781880087493385,0.5400610247886071,0.0,-1.2715487653926511e-17,-0.020894786104993644,1.485356976305141e-17,0.01741232175416137,True,Q3
100236,4,0.34624453194394667,0.2372639764136905,0.14023439650176237,0.2279912822056173,-0.08775688570385493,False,2.370591613915482,1.1709240887358672,0.49393749723169894,0.7560257488284854,1.1709240887358672,0.49393749723169894,0.7560257488284854,0.0,-0.12389669917981619,1.5902773407317584e-15,-0.22172596466527209,0.22172596466527209,True,Q3
100236,5,0.35569089119695757,0.15511563928854233,0.16146024576248758,0.1843324622032678,-0.02287221644078022,False,1.3375228129527368,1.336554346975787,0.9992759256383734,0.0014476244395721372,1.336554346975787,0.9992759256383734,0.0014476244395721372,0.0,-7.101176834870697e-17,0.000995134158771238,1.271633623053936e-16,0.0008292784656426985,True,Q4_worst_basis_fit
100237,1,0.13066640975820223,0.13066640975820223,2.060684273010892e-17,0.0,2.060684273010892e-17,True,0.6899561182112324,1.2626858982282165e-16,1.8300959508871854e-16,1.0,1.2626858982282165e-16,1.8300959508871854e-16,1.0,0.0,8.376332793784128e-18,0.013491925820847898,-9.568084172184577e-18,0.01124327151737325,True,Q1_best_basis_fit
100237,2,0.3948824109557951,0.318258155242262,0.07043176103037473,0.0506040981042011,0.019827662926173627,True,4.006560746914185,0.6184693372432674,0.154364148283439,0.9761717097247284,0.6184693372432674,0.154364148283439,0.9761717097247284,0.0,-0.36101056469132004,0.0031934614310390502,-0.1036744737470174,0.14440422587652801,True,Q1_best_basis_fit
100237,3,0.5887924501110687,0.23848921707354664,0.1009918162399096,0.2234085701272087,-0.12241675388729908,False,2.5816027157272017,0.8867596981084426,0.34349192953132396,0.8820132943468479,0.8867596981084426,0.34349192953132396,0.8820132943468479,0.0,-0.14573426460286243,3.1805546814635168e-15,-0.260806547856101,0.260806547856101,True,Q2
100237,4,0.8704538192503464,0.3541799568112728,0.10099181623989031,0.1573518805291689,-0.05636006428927859,False,4.15342742405836,0.8867596981084427,0.21350070858875872,0.9544174474320979,0.8867596981084427,0.21350070858875872,0.9544174474320979,0.0,-0.40375240678840857,-2.999799205208474e-15,-1.223504910851389e-16,0.16150096271536343,True,Q1_best_basis_fit
100237,5,1.037143127847947,0.2549841327296073,0.25050166457625667,0.2914945799620978,-0.040992915385841155,False,2.532178650992454,2.071013685583891,0.8178781875331681,0.33107527035745976,2.071013685583891,0.8178781875331681,0.33107527035745976,0.0,-0.09409767350324583,0.006285396939483661,-0.1326568731620484,0.1326568731620484,True,Q4_worst_basis_fit
100238,1,0.10508252856789918,0.10508252856789918,0.035087490420566046,0.1050825285678991,-0.06999503814733304,False,1.328197428846242,0.3367531613114778,0.2535414946586694,0.9357167104862479,0.3367531613114778,0.2535414946586694,0.9357167104862479,0.0,-0.07722706445835326,0.0,-0.1382058237116057,0.1382058237116057,True,Q2
100238,2,0.1472236805440113,0.08346096603170985,0.1109199871481117,0.1158854741676674,-0.004965487019555695,False,0.9421604313070379,0.9149864736940344,0.9711578233281294,0.056852482188569864,0.9149864736940344,0.9711578233281294,0.056852482188569864,0.0,-2.3691652918551497e-17,0.004392907494998832,8.418829869349942e-17,0.00366075624583236,True,Q4_worst_basis_fit
100238,3,0.24367228502069738,0.22002137687340748,0.2639520153398406,0.2107950033137874,0.05315701202605319,True,2.258860254289478,2.2303842019195232,0.9873936192750836,0.025053840614851164,2.2303842019195232,0.9873936192750836,0.025053840614851164,0.0,-5.9594864339422324e-18,0.006991639052501149,6.112189747387031e-18,0.0058263658770842915,True,Q4_worst_basis_fit
100238,4,0.3834521605108407,0.3525656658572927,0.28776756521741975,0.3265946064960122,-0.038827041278592433,False,3.14942631056513,2.3736806369980155,0.7536866727236061,0.4319563993588198,2.3736806369980155,0.7536866727236061,0.4319563993588198,0.0,-0.12441882810767972,0.0,-0.2226603684143353,0.2226603684143353,True,Q3
100238,5,0.4856883858438374,0.34083800029563266,0.30461319519862073,0.367930156890607,-0.06331696169198625,False,2.8515164928998797,2.5234148338138773,0.8849378357435569,0.2168850268695095,2.5234148338138773,0.8849378357435569,0.2168850268695095,0.0,-0.07982250855397324,1.5902773407317584e-15,-0.1428506395109425,0.1428506395109425,True,Q4_worst_basis_fit
100239,1,0.7271800173110247,0.7271800173110247,0.1509909744267265,0.2101418532737956,-0.0591508788470691,False,9.471562347323875,1.2475040919445677,0.13171048726687012,0.9826523475439236,1.2475040919445677,0.13171048726687012,0.9826523475439236,0.0,-0.8780765693805788,0.005844176672323245,-0.1799138030148688,0.3512306277522315,True,Q1_best_basis_fit
100239,2,0.7595591948093399,0.22459911310840158,0.2558638637495744,0.2290565077438245,0.026807356005749933,True,2.1493767952513223,2.131214453295096,0.991549949735964,0.016828697178607244,2.131214453295096,0.991549949735964,0.016828697178607244,0.0,-3.985759797500992e-18,0.004821702612351018,0.028226934304074074,0.028226934304074074,True,Q4_worst_basis_fit
100239,3,0.8419893683021313,0.2149751004477991,0.25586386374957537,0.2122500999888291,0.04361376376074627,True,2.255225847777047,2.1312144532950956,0.9450115408156623,0.10695318772520768,2.1312144532950956,0.9450115408156623,0.10695318772520768,0.0,6.224556320118365e-18,0.014422461242293044,2.3310346708438345e-18,0.012018717701910871,True,Q4_worst_basis_fit
100239,4,0.9379455609408766,0.2936196199583071,0.26569180713108226,0.2496295561282678,0.01606225100281447,True,2.4952974357212163,2.195671587278466,0.8799237941924348,0.22573411641398966,2.195671587278466,0.8799237941924348,0.22573411641398966,0.0,-0.05050362649459165,0.0,-0.17162521341150908,0.17162521341150908,True,Q4_worst_basis_fit
100239,5,0.6978176141858692,0.5155904968860561,0.36875118629423825,0.3528052097917301,0.015945976502508175,True,5.2559149230576265,3.0607857780520344,0.5823507082704876,0.6608676525768614,3.0607857780520344,0.5823507082704876,0.6608676525768614,0.0,0.45603423207881105,0.0033519290714203874,-0.11076835348293011,0.18241369283152442,True,Q3
100240,1,0.26522148440921794,0.26522148440921794,0.11371907216088982,0.2652214844092179,-0.15150241224832806,False,1.7280955752860259,0.9427349030888531,0.5455340066667413,0.7023926475701318,0.9427349030888531,0.5455340066667413,0.7023926475701318,0.0,0.12964901980292082,0.020439358535382268,-0.15093564474960325,0.15093564474960325,True,Q3
100240,2,0.3248965478972142,0.1534327540404872,0.16289625208389602,0.2318678285477005,-0.06897157646380447,False,1.4623530226869308,1.3515343087880056,0.9242189046149016,0.14581941635243134,1.3515343087880056,0.9242189046149016,0.14581941635243134,0.0,0.0654431207966922,0.002491167510068114,-0.046441389684405525,0.046441389684405525,True,Q4_worst_basis_fit
100240,3,0.3807804483236362,0.22411270027791888,0.24910670327345127,0.2455481898716534,0.003558513401797886,True,2.1043573959398354,2.0947403380289935,0.9954299312800207,0.009119251911853476,2.0947403380289935,0.9954299312800207,0.009119251911853476,0.0,-1.4005967094112237e-17,0.0039296293521516425,-3.97089045672816e-18,0.0032746911267930354,True,Q4_worst_basis_fit
100240,4,0.6855247619873109,0.4964387399469506,0.24910670327345127,0.2232083208443691,0.025898382429082184,True,5.3794956017240505,2.0947403380289935,0.3893934474744546,0.8483727430639592,2.0947403380289935,0.3893934474744546,0.8483727430639592,0.0,0.49303099580430826,-2.4423912472518866e-18,7.461494905150043e-17,0.1972123983217233,True,Q2
100240,5,0.7181537092868202,0.3041981814210365,0.3266782510014346,0.2672765741300036,0.059401676871431,True,2.7758124129688095,2.769948264619094,0.9978874118718117,0.004220713227777173,2.769948264619094,0.9978874118718117,0.004220713227777173,0.0,6.027278950263291e-17,0.003526432037146048,-9.110008754309451e-17,0.0029386933642883734,True,Q4_worst_basis_fit
100241,1,0.11598937935386266,0.11598937935386266,0.0467820168284996,0.1159893793538626,-0.069207362525363,False,1.5362925383917851,0.44899170247553577,0.2922566446528128,0.9145860536562795,0.44899170247553577,0.2922566446528128,0.9145860536562795,0.0,-0.10296654978176184,0.0,-0.12335982225297132,0.12335982225297132,True,Q2
100241,2,0.33083406137117727,0.22639297267329525,0.11050317418150427,0.2185899939301527,-0.10808681974864842,False,1.9413230035892604,0.9886168108404885,0.5092490064830331,0.7406654493960437,0.9886168108404885,0.5092490064830331,0.7406654493960437,0.0,-0.08101063492916458,0.013944726357684541,-0.1842522076013109,0.1842522076013109,True,Q3
100241,3,0.43473109737246013,0.20428246225428237,0.11050317418150116,0.1608246107913879,-0.05032143660988675,False,1.2842541285687523,0.9886168108404884,0.7697984291802593,0.4074103784316052,0.9886168108404884,0.7697984291802593,0.4074103784316052,0.0,-3.165320036619733e-17,0.016029481917582692,4.6024382222009663e-17,0.013357901597985578,True,Q3
100241,4,0.5196065970033266,0.1676297655961691,0.13983473904006447,0.2176504086085712,-0.07781566956850675,False,1.6642200773707974,1.2423441424722206,0.7465023162290689,0.4427342918646352,1.2423441424722206,0.7465023162290689,0.4427342918646352,0.0,-0.06656057066252367,0.0,-0.11911702923901067,0.11911702923901067,True,Q3
100241,5,0.4370675183856338,0.3564340275999883,0.1758847805409,0.2846166879495778,-0.10873190740867777,False,3.556549079328719,1.5266084376388773,0.4292386815387395,0.8157541542708846,1.5266084376388773,0.4292386815387395,0.8157541542708846,0.0,0.33602799201338535,-0.00020463732373573567,-0.057161284894983,0.13441119680535413,True,Q2
100242,1,0.40383655190744466,0.40383655190744466,0.20943976635140535,0.240889726751049,-0.03144996039964365,False,2.6899678854914155,1.7419046271745904,0.6475559193735027,0.5806713312843378,1.7419046271745904,0.6475559193735027,0.5806713312843378,0.0,-0.08055249174159665,-0.020411906617895492,-0.24452938399186616,0.24452938399186616,True,Q3
100242,2,0.6137489649794514,0.3872802793540802,0.27254990505305554,0.3002969416525831,-0.02774703659952754,False,3.763553868608589,2.2531938335302417,0.5986878126878685,0.6415729029390157,2.2531938335302417,0.5986878126878685,0.6415729029390157,0.0,-0.26619897147162086,0.0023703103686866832,-0.10498822178727729,0.10647958858864834,True,Q3
100242,3,0.6826841430124104,0.5557494053439589,0.39752825714109025,0.3905559451431845,0.006972311997905767,True,4.294856632000855,3.29551774944414,0.7673172894502066,0.41122417731078775,3.29551774944414,0.7673172894502066,0.41122417731078775,0.0,0.28721296657741974,-0.01586732610997043,-0.09163576774299682,0.11488518663096789,True,Q3
100242,4,0.7037174314383134,0.4431612296742861,0.4701131626416679,0.4233278529924804,0.046785309649187534,True,4.059028792505858,3.878390454402165,0.9554971528072913,0.08702519097715977,3.878390454402165,0.9554971528072913,0.08702519097715977,0.0,0.15562650497893885,0.0018674603988952931,-0.1998306224940542,0.1998306224940542,True,Q4_worst_basis_fit
100242,5,0.6378401107197189,0.41181491924830455,0.4701131626416635,0.4125283494477885,0.057584813193874984,True,3.9067774847466468,3.878390454402165,0.9927339014173922,0.014479400976603496,3.878390454402165,0.9927339014173922,0.014479400976603496,0.0,-5.932479390327677e-17,0.009192771234445502,-4.824699667560495e-18,0.0076606426953712515,True,Q4_worst_basis_fit
100243,1,0.05980745839969869,0.05980745839969869,0.07913097173990165,0.0598074583996986,0.019323513340203047,True,0.7171948017186917,0.6892407511492993,0.9610230714132296,0.07643465621148249,0.6892407511492993,0.9610230714132296,0.07643465621148249,0.0,-0.010008421615514584,0.0035555602720661007,0.009823780565136307,0.009823780565136307,True,Q4_worst_basis_fit
100243,2,0.1221130948272823,0.1352340588800674,0.09087518768977647,0.1200109089196017,-0.02913572122982523,False,1.2861676165172438,0.7504415127461203,0.5834710057295701,0.659561585472924,0.7504415127461203,0.5834710057295701,0.659561585472924,0.0,-0.06278558515644683,7.951386703658792e-16,-0.11236130202050322,0.11236130202050322,True,Q3
100243,3,0.7719135472500974,0.8410764766412683,0.09087518768977215,0.0930062579236085,-0.002131070233836352,False,4.2328029810716865,0.7504415127461203,0.17729185981534132,0.9685675964432173,0.7504415127461203,0.17729185981534132,0.9685675964432173,0.0,0.15585138398849563,-0.07548285745897539,-8.196568423990414e-17,0.06290238121581282,True,Q1_best_basis_fit
100243,4,0.78494044067219,0.15946577150712404,0.10791623318974805,0.1736605777468484,-0.06574434455710035,False,1.572317222263179,0.933133281243403,0.5934764741050534,0.647785674683834,0.933133281243403,0.5934764741050534,0.647785674683834,0.0,-0.0760659931967148,0.0,-0.13612796653513395,0.13612796653513395,True,Q3
100243,5,0.8225737388557665,0.20040335456470507,0.15930779882645837,0.1649201111114389,-0.00561231228498052,False,2.0740920769224584,1.3196763690157782,0.6362670122986614,0.5951642890605349,1.3196763690157782,0.6362670122986614,0.5951642890605349,0.0,0.15873372142420217,0.002432693727823276,1.5243882545146192e-16,0.06349348856968087,True,Q3
100244,1,0.029492354636221553,0.029492354636221553,0.0410480287522209,0.0294923546362215,0.011555674115999396,True,0.37280162170673664,0.36044742834954446,0.9668612134769344,0.06517939387390959,0.36044742834954446,0.9668612134769344,0.06517939387390959,0.0,-1.0124927108827711e-18,0.001861167388296695,-1.1248597539537109e-18,0.0015509728235805792,True,Q4_worst_basis_fit
100244,2,0.03549161198999671,0.047087820412912346,0.04231567367691813,0.0354916119899967,0.006824061686921429,True,0.3853280504183504,0.36363403769311325,0.9436998871437364,0.10943052300489908,0.36363403769311325,0.9436998871437364,0.10943052300489908,0.0,0.01613072407900911,1.987846675914698e-16,-0.01583313531309487,0.01583313531309487,True,Q4_worst_basis_fit
100244,3,0.37640400066865115,0.37971336393662114,0.04231567367691687,0.0335247737813014,0.008790899895615469,True,5.0444759293933386,0.36363403769311337,0.07208559279156773,0.9948036673118883,0.36363403769311337,0.07208559279156773,0.9948036673118883,0.0,0.5006382825840536,-2.0153119999713202e-16,1.4598401553953764e-16,0.20025531303362146,True,Q1_best_basis_fit
100244,4,0.44832500346974014,0.1287416384542631,0.04231567367691688,0.0326046432689067,0.009711030408010184,True,0.6648046510058655,0.3636340376931133,0.5469787811245397,0.7008142129995129,0.3636340376931133,0.5469787811245397,0.7008142129995129,0.0,1.537931782717458e-17,-0.010882983659502698,-1.5829351718288365e-16,0.009069153049585582,True,Q3
100244,5,0.4726653722924196,0.0871671428554623,0.105034244056063,0.0772014095941071,0.027832834461955905,True,0.9249027237708076,0.913360226781086,0.9875203124684689,0.024803632462177427,0.913360226781086,0.9875203124684689,0.024803632462177427,0.0,5.999914283819937e-19,0.0028484341533231523,7.467442462993912e-18,0.0023736951277692937,True,Q4_worst_basis_fit
100245,1,0.03810632536581855,0.03810632536581855,0.02162745609674117,0.0381063253658185,-0.016478869269077327,False,0.46870297501623803,0.16528033001734946,0.3526334135421764,0.8756496756535924,0.16528033001734946,0.3526334135421764,0.8756496756535924,0.0,0.0555030572270374,3.975693351829396e-16,-0.054479105281435944,0.054479105281435944,True,Q2
100245,2,0.10099676698910949,0.08350719122619851,0.11090861040131025,0.09362056166012,0.01728804874119025,True,0.9792496148620258,0.9456919738679124,0.9657312696529969,0.0673631148144106,0.9456919738679124,0.9657312696529969,0.0673631148144106,0.0,0.008761567247695145,0.004782047082527969,-0.008599928875360152,0.008599928875360152,True,Q4_worst_basis_fit
100245,3,0.1107090215861602,0.12110983509795507,0.11090861040131,0.0892221787076869,0.02168643169362311,True,0.9491327750294591,0.9456919738679123,0.9963747947051559,0.007237268476258496,0.9456919738679123,0.9963747947051559,0.007237268476258496,0.0,-3.112390625254866e-18,-0.001578944245885939,-5.624298769768554e-19,0.0013157868715716159,True,Q4_worst_basis_fit
100245,4,0.11408226231548446,0.11360764221426163,0.11168725930093487,0.0900986225602011,0.021588636740733774,True,0.9520711023643593,0.950325060383953,0.9981660592616768,0.0036645181380147163,0.950325060383953,0.9981660592616768,0.0036645181380147163,0.0,0.007293430035932414,4.969616689786745e-17,-0.007158876693314683,0.007158876693314683,True,Q4_worst_basis_fit
100245,5,0.23114110756827705,0.23554563464163683,0.11168725930093457,0.0882858856031452,0.02340137369778937,True,1.2816385452224512,0.950325060383953,0.7414922592071442,0.45018922953588525,0.950325060383953,0.7414922592071442,0.45018922953588525,0.0,-3.663250140833561e-18,-0.01681572439635105,-6.2341624917916505e-18,0.014013103663625875,True,Q3
100246,1,0.6134896369487636,0.6134896369487636,0.06426654093095183,0.0588129572533674,0.005453583677584424,True,6.642610826144323,0.5477447957185683,0.0824592633912447,0.9932004698809733,0.5477447957185683,0.0824592633912447,0.9932004698809733,0.0,0.6545172417809197,0.020206172647012258,-0.013074330835770285,0.2618068967123679,True,Q1_best_basis_fit
100246,2,0.6000310183030652,0.0759901798224843,0.0674093504081734,0.0671000128471765,0.00030933756099690846,True,0.6153824239925487,0.5716772204075489,0.928978791266991,0.1369984053761204,0.5716772204075489,0.928978791266991,0.1369984053761204,0.0,-0.02882417223213951,-1.987846675914698e-16,0.02829240752021137,0.02829240752021137,True,Q4_worst_basis_fit
100246,3,0.4315010784781695,0.2942097749110021,0.12711186334703434,0.2350279199812248,-0.10791605663419046,False,2.859163153899295,1.0284721531888554,0.3597109006480573,0.8706080679549635,1.0284721531888554,0.3597109006480573,0.8706080679549635,0.0,-0.1690176558777779,-0.008870742752762813,-0.25738319318065084,0.25738319318065084,True,Q2
100246,4,0.8454243004502159,0.549918211438085,0.12711186334702587,0.1544008727563071,-0.027289009409281223,False,2.8200558228696035,1.0284721531888552,0.36469921795459814,0.8669944804233045,1.0284721531888552,0.36469921795459814,0.8669944804233045,0.0,-6.077268776867146e-17,0.051347374008546484,2.0404684886177193e-16,0.042789478340455406,True,Q2
100246,5,0.8427356843886284,0.1712126528382276,0.1854964777244613,0.1863740241999791,-0.0008775464755177986,False,1.6375428510086263,1.584012264066089,0.9673104206649824,0.06431055007293462,1.584012264066089,0.9673104206649824,0.06431055007293462,0.0,-0.02224411318115448,0.0036845094442050997,-0.03980814247566693,0.03980814247566693,True,Q4_worst_basis_fit
100247,1,0.10380479523022076,0.10380479523022076,0.11807503142021568,0.084835028774423,0.033240002645792674,True,1.196139443720961,1.0368303356200927,0.8668139329932236,0.2486336055688192,1.0368303356200927,0.8668139329932236,0.2486336055688192,0.0,0.0527255149246803,0.005353665059427738,3.550762114890027e-18,0.02109020596987212,True,Q4_worst_basis_fit
100247,2,0.33537668932636566,0.32433633618978064,0.2950582598067903,0.2815220007856527,0.013536259021137587,True,3.2831870586307175,2.482409582854136,0.7560975169929695,0.4283165447970664,2.482409582854136,0.7560975169929695,0.4283165447970664,0.0,0.2519091778319221,0.007262076473355895,-0.16609096445071517,0.16609096445071517,True,Q3
100247,3,0.24831256249235137,0.3717239970135281,0.2950582598067823,0.2509385404377526,0.0441197193690297,True,3.177666972834195,2.482409582854136,0.7812050803549274,0.38971862242765143,2.482409582854136,0.7812050803549274,0.38971862242765143,0.0,-0.197389148065971,-1.2491474345553036e-15,3.969783781837524e-17,0.07895565922638839,True,Q4_worst_basis_fit
100247,4,0.2759129956059182,0.32267606824204254,0.33398088514621393,0.2652413825547284,0.06873950259148554,True,2.821865522652494,2.820413734955008,0.9994855220116508,0.0010286912890979938,2.820413734955008,0.9994855220116508,0.0010286912890979938,0.0,3.8624414659984383e-17,0.00176982908144645,1.8688934948218883e-17,0.0014748575678720417,True,Q4_worst_basis_fit
100247,5,0.46030798125430056,0.6007253089394846,0.3446372880435689,0.2861214712748161,0.05851581676875284,True,5.590152704475699,2.876332798096855,0.5145356397498674,0.7352530754271948,2.876332798096855,0.5145356397498674,0.7352530754271948,0.0,-0.4814577710363491,-0.0027251908701036707,0.01589029305185202,0.19258310841453966,True,Q3
100248,1,0.1127672718462904,0.1127672718462904,0.15695166676759695,0.1127672718462904,0.04418439492130655,True,1.4254481318392105,1.3782105104984883,0.9668612134769344,0.06517939387390981,1.3782105104984883,0.9668612134769344,0.06517939387390981,0.0,-1.2532294981406773e-17,0.0071163788178619045,2.5343225781848666e-17,0.005930315681551587,True,Q4_worst_basis_fit
100248,2,0.15397854789857274,0.18876753490557344,0.16530321744171544,0.1539785478985727,0.011324669543142735,True,1.6248271205966112,1.3953753432839884,0.8587838826641621,0.2624902428762669,1.3953753432839884,0.8587838826641621,0.2624902428762669,0.0,-0.0500378269391154,0.0,-0.0895478694854263,0.0895478694854263,True,Q4_worst_basis_fit
100248,3,0.3088989733632778,0.23231534320053318,0.27648828602516073,0.2182332343771765,0.058255051647984224,True,2.5224322231015335,2.36313855664113,0.9368491787404543,0.12231361629333648,2.36313855664113,0.9368491787404543,0.12231361629333648,0.0,-0.02620085016592577,0.016798904749516227,0.039277312250726774,0.039277312250726774,True,Q4_worst_basis_fit
100248,4,0.3612768277692129,0.32944047032337953,0.35094499535985874,0.2643871480083301,0.08655784735152866,True,3.020619629301012,3.015662430554442,0.9983588801785953,0.0032795463685411086,3.015662430554442,0.9983588801785953,0.0032795463685411086,0.0,2.044018802416191e-18,0.0033826371193016393,3.0235688085189505e-17,0.0028188642660846993,True,Q4_worst_basis_fit
100248,5,0.3790387418006399,0.35271936772473794,0.35056621751307887,0.2854795605225907,0.06508665699048816,True,3.037636962496218,3.0147663510177396,0.9924709200734495,0.015001472808560568,3.0147663510177396,0.9924709200734495,0.015001472808560568,0.0,0.0047398629263537715,0.0,-0.08699170826754042,0.08699170826754042,True,Q4_worst_basis_fit
100249,1,0.09728011672303247,0.09728011672303247,0.03248223287114215,0.0972801167230324,-0.06479788385189025,False,1.229578338761678,0.31174912980955954,0.2535414946586694,0.9357167104862479,0.31174912980955954,0.2535414946586694,0.9357167104862479,0.0,-0.07149292986256459,0.0,-0.12794399645399243,0.12794399645399243,True,Q2
100249,2,0.20236423481698176,0.27176635689380757,0.03248223287114214,0.0635111096155535,-0.031028876744411356,False,3.6268955514340626,0.3117491298095596,0.08595481325242328,0.992611770078741,0.3117491298095596,0.08595481325242328,0.992611770078741,0.0,0.3410624797574954,0.0,0.06003814024742232,0.13642499190299814,True,Q1_best_basis_fit
100249,3,0.31545565640160084,0.18241421682893413,0.14305041252697062,0.1235814584662015,0.019468954060769122,True,1.4299301934751274,1.1882255590880917,0.8309675287017848,0.3094929662432483,1.1882255590880917,0.8309675287017848,0.3094929662432483,0.0,-6.366070219171671e-17,0.015555812515178416,-5.860112742284151e-17,0.012963177095982013,True,Q4_worst_basis_fit
100249,4,0.18573581332281647,0.2878115644017318,0.1443325149329472,0.1198925132277361,0.024440001705211087,True,2.9028280712985914,1.1972118488576216,0.4124294720362285,0.8299019305959178,1.1972118488576216,0.4124294720362285,0.8299019305959178,0.0,-0.2630825781956531,4.6590156466750734e-18,-0.00016663750558906903,0.10523303127826125,True,Q2
100249,5,0.4530217209024777,0.40586689518983743,0.20738292883292198,0.3630025579851562,-0.1556196291522342,False,4.507884362158278,1.7609404269068427,0.3906356697365995,0.8474037735294384,1.7609404269068427,0.3906356697365995,0.8474037735294384,0.0,-0.3129514078951052,0.0,-0.29255951810118186,0.29255951810118186,True,Q2
100250,1,0.5995198194978438,0.5995198194978438,0.15757233033805984,0.217416862397573,-0.05984453205951315,False,7.116959640772718,1.2993909254337073,0.1825766887856943,0.9666657527120517,1.2993909254337073,0.1825766887856943,0.9666657527120517,0.0,-0.6274086438057754,0.012134666790925192,-0.209051093584104,0.2509634575223102,True,Q1_best_basis_fit
100250,2,1.0366149921182635,0.5471697519033295,0.15833211925304666,0.170235600995202,-0.01190348174215533,False,6.405174158852489,1.3064147539299138,0.20396240937872684,0.9583993355604247,1.3064147539299138,0.20396240937872684,0.9583993355604247,0.0,-0.6260638916039948,0.0004204755858710134,0.007157554695901725,0.25042555664159794,True,Q1_best_basis_fit
100250,3,1.3642585412741073,0.569648576746825,0.23272450740558906,0.3569396832914512,-0.12421517588586214,False,3.4559302832760657,1.9697275959532001,0.5699558250596385,0.6751503574805868,1.9697275959532001,0.5699558250596385,0.6751503574805868,0.0,-0.15387018801304223,-0.03619625174903243,-0.17348913094114324,0.17348913094114324,True,Q3
100250,4,2.1780922766962556,0.974182780525036,0.29742800568991806,0.517242731680197,-0.2198147259902789,False,11.736284294510066,2.587407528282564,0.2204622402929424,0.951396400605017,2.587407528282564,0.2204622402929424,0.951396400605017,0.0,-1.031905569889824,0.0,-0.3391251844594565,0.41276222795592965,True,Q1_best_basis_fit
100250,5,1.9614143018059331,0.42784626764935707,0.3186087314859344,0.5511544978320586,-0.23254576634612423,False,3.6647337797280652,2.7935952682534073,0.7622914613079209,0.41891172801703447,2.7935952682534073,0.7622914613079209,0.41891172801703447,0.0,0.22765083622443033,0.02082943394805213,-0.059794573383902525,0.09106033448977213,True,Q3
100251,1,0.23391420741163133,0.23391420741163133,0.013243347756381158,0.0254093739511863,-0.01216602619480514,False,1.8800627956613423,0.16298472090488494,0.0866911048295876,0.9924846523434254,0.16298472090488494,0.0866911048295876,0.9924846523434254,0.0,-0.10760628744416798,-0.016738157764795897,-0.16192768459593349,0.16192768459593349,True,Q1_best_basis_fit
100251,2,0.40257153388847056,0.16912569755636586,0.026486695512765272,0.0429015069275784,-0.01641481141481313,False,1.9773075651276577,0.3259694418097699,0.16485520389374775,0.9728227617491508,0.3259694418097699,0.16485520389374775,0.9728227617491508,0.0,-0.13689380525418457,-0.002734503924978446,-0.1619276845959333,0.1619276845959333,True,Q1_best_basis_fit
100251,3,0.31088771027136547,0.2960360735672083,0.03973004326913734,0.1478923543826363,-0.10816231111349894,False,3.4937128361918575,0.4889541627146548,0.13995259073656843,0.9804132723461225,0.4889541627146548,0.13995259073656843,0.9804132723461225,0.0,0.3874799200350575,-0.0027345039249768556,-0.1619276845959332,0.1619276845959332,True,Q1_best_basis_fit
100251,4,0.49950588328135526,0.2585922096110981,0.08815988856305482,0.2120328519405132,-0.12387296337745837,False,3.1264305640110357,0.9810684464699706,0.31379825215478785,0.9015306569446002,0.9810684464699706,0.31379825215478785,0.9015306569446002,0.0,-0.18573633180860416,-0.0027345039249752658,-0.30174948429459103,0.30174948429459103,True,Q2
100251,5,0.8348145058071869,0.3787463320509959,0.2075515370767128,0.3367388417273927,-0.1291873046506799,False,4.254921321976633,1.9072702020223522,0.4482504041076664,0.7990715752173136,1.9072702020223522,0.4482504041076664,0.7990715752173136,0.0,-0.20643408293683457,0.0028866216943722435,-0.4577334853630624,0.4577334853630624,True,Q2
100252,1,0.17876348953341673,0.17876348953341673,0.08441142142717864,0.0714211390201718,0.012990282407006837,True,1.8097080505114507,0.7056389912853281,0.38991868941838653,0.8479634156422478,0.7056389912853281,0.38991868941838653,0.8479634156422478,0.0,-0.10760628744416802,0.0008105345709694494,-0.16192768459593343,0.16192768459593343,True,Q2
100252,2,0.40711440181993797,0.2799553578813131,0.18123359906360492,0.1673926768265364,0.01384092223706851,True,2.710924670679819,1.499784073386979,0.5532370890301713,0.6939287233214222,1.499784073386979,0.5532370890301713,0.6939287233214222,0.0,-0.1431896850560066,0.0010647139423478247,-0.22560785697971972,0.22560785697971972,True,Q3
100252,3,1.2718877146090315,0.9641008957821225,0.29284139198186954,0.3012915206827872,-0.008450128700917658,False,11.46422342492222,2.4168434720314145,0.210816152342025,0.9555565499117041,2.4168434720314145,0.210816152342025,0.9555565499117041,0.0,-1.0218423510252472,0.001200677725668557,-0.29686474275510205,0.4087369404100989,True,Q1_best_basis_fit
100252,4,1.4652650021018032,0.44511214731517057,0.4156456358463027,0.3499698481241592,0.0656757877221435,True,3.817386602578395,3.4321071687985794,0.8990724613746,0.19166870919781864,3.4321071687985794,0.8990724613746,0.19166870919781864,0.0,-0.10760628744416792,0.0026002737180778183,-0.16192768459593337,0.16192768459593337,True,Q4_worst_basis_fit
100252,5,1.7885822220214254,0.6469163840741274,0.4425446755728978,0.4153211925030895,0.027223483069808263,True,4.8797407346438835,3.664883523367769,0.7510406233980434,0.4359379820058783,3.664883523367769,0.7510406233980434,0.4359379820058783,0.0,-0.21516775107212416,-0.015596284397504968,-0.2709388822662181,0.2709388822662181,True,Q3
100253,1,0.1054834493295518,0.1054834493295518,0.013243347756386976,0.1054834493295518,-0.09224010157316481,False,0.7209392816729887,0.16298472090488494,0.22607274294538063,0.9488911148971518,0.16298472090488494,0.22607274294538063,0.9488911148971518,0.0,0.038897833810230896,0.007860565386026974,-0.1619276845959334,0.1619276845959334,True,Q1_best_basis_fit
100253,2,0.24687395556551248,0.1896131584849326,0.1321487225224649,0.1463363883697041,-0.014187665847239211,False,1.9339850901722078,1.09326411788915,0.5652908719124626,0.6804462301324476,1.09326411788915,0.5652908719124626,0.6804462301324476,0.0,-0.10774400196647152,0.0025896052759617682,-0.14246142455357722,0.14246142455357722,True,Q3
100253,3,0.5242409825183729,0.3877215376067302,0.17003683619241938,0.2891262396141434,-0.11908940342172403,False,4.054615379166323,1.485867299170766,0.3664631932304952,0.8657047280073087,1.485867299170766,0.3664631932304952,0.8657047280073087,0.0,-0.2341167722396543,-0.002734503924978446,-0.38833128910874926,0.38833128910874926,True,Q2
100253,4,0.8803924775170149,0.40389784796242945,0.2186156224072494,0.2517812263832513,-0.03316560397600188,False,3.435347495983162,1.8671969758720708,0.5435249208574453,0.7045806604069078,1.8671969758720708,0.5435249208574453,0.7045806604069078,0.0,-0.20899313423033136,0.028455230518342145,-0.11836957096309916,0.11836957096309916,True,Q3
100253,5,1.1657971941753564,0.4756364285856234,0.36692375271464495,0.4338979580657298,-0.06697420535108484,False,4.500634828468334,3.1014502806675686,0.6891139581131183,0.5251219527336715,3.1014502806675686,0.6891139581131183,0.5251219527336715,0.0,-0.22881220134358404,0.0026119935921055455,-0.2725287585041477,0.2725287585041477,True,Q3
100254,1,0.2085292408874782,0.2085292408874782,0.1641008327521313,0.1280576750745137,0.03604315767761759,True,2.202533880030297,1.398129411351648,0.6347822496752767,0.5970514954971946,1.398129411351648,0.6347822496752767,0.5970514954971946,0.0,-0.107606287444168,0.006801876785574241,-0.16192768459593343,0.16192768459593343,True,Q3
100254,2,0.7485333884622112,0.6158180760093789,0.17057407411914888,0.4146070854966238,-0.2440330113774749,False,3.805389267157144,1.4263442461873765,0.37482216563167586,0.8595083441511806,1.4263442461873765,0.37482216563167586,0.8595083441511806,0.0,-0.10760628744416803,0.060812232568379525,-0.16192768459593332,0.16192768459593332,True,Q2
100254,3,0.963308762586647,0.392060888087287,0.3138523420482015,0.3168752684567396,-0.0030229264085380736,False,3.7335674946801682,2.611994714566056,0.6995975613907602,0.5105632520961015,2.611994714566056,0.6995975613907602,0.5105632520961015,0.0,-0.17961410967064742,0.0031260629237468657,-0.24069976163865928,0.24069976163865928,True,Q3
100254,4,1.1662234129369007,0.45780976516167615,0.3367929365082188,0.2841218224157854,0.05267111409243341,True,4.053765130507595,2.77946488047799,0.6856502019716069,0.5298838005362947,2.77946488047799,0.6856502019716069,0.5298838005362947,0.0,-0.18467388471931667,-0.002734503924978446,-0.29984812528069016,0.29984812528069016,True,Q3
100254,5,1.1069164992878413,0.37357291553988925,0.38641867206284297,0.3515560321273905,0.034862639935452466,True,3.394581903934123,3.1929594216107247,0.94060461994164,0.115262948944443,3.1929594216107247,0.94060461994164,0.115262948944443,0.0,0.12329470393238247,-0.0010031349179919313,-0.031049983479929773,0.049317881572952985,True,Q4_worst_basis_fit
100255,1,0.15493174500025086,0.15493174500025086,0.015688930058322625,0.1549317450002508,-0.1392428149419282,False,1.71864317676465,0.17551481918148779,0.1021240601623281,0.9895706763359612,0.17551481918148779,0.1021240601623281,0.9895706763359612,0.0,-0.11441786149347677,-0.0027345039249768556,-0.1552417743361321,0.1552417743361321,True,Q1_best_basis_fit
100255,2,0.5758198804375169,0.47261634903329863,0.028927258167108172,0.103819063740937,-0.07489180557382882,False,2.8512580101970735,0.3381235053323938,0.1185874810778781,0.9859370093316039,0.3381235053323938,0.1185874810778781,0.9859370093316039,0.0,-0.10760628744416811,-0.04476265089774371,-0.16192768459593332,0.16192768459593332,True,Q1_best_basis_fit
100255,3,0.7383034780533939,0.18824831976012726,0.04595851456171154,0.0919647537732543,-0.04600623921154277,False,1.8449891449338702,0.5206164533048612,0.2821785996597403,0.920375237894068,0.5206164533048612,0.2821785996597403,0.920375237894068,0.0,-0.11815945676378346,-0.007743457404020975,-0.15156920614195582,0.15156920614195582,True,Q2
100255,4,0.8876668524307386,0.16789722517820685,0.066051737599252,0.0971163000136966,-0.031064562414444608,False,1.9192443105053145,0.7199753952834697,0.37513483371687506,0.8592738565322126,0.7199753952834697,0.37513483371687506,0.8592738565322126,0.0,-0.12654594930594196,-0.0027345039249768556,-0.14333743238078606,0.14333743238078606,True,Q2
100255,5,0.8597375117339997,0.1804384341192666,0.07926153773319047,0.1574071378974433,-0.07814560016425282,False,1.7112591392797611,0.8819602576664576,0.5153867333252982,0.734376515112278,0.8819602576664576,0.5153867333252982,0.734376515112278,0.0,0.18202483676849385,-0.002734503924978446,-0.16192768459593324,0.16192768459593324,True,Q3
100256,1,0.0816513330373978,0.0816513330373978,0.013243347756384092,0.0816513330373978,-0.0684079852810137,False,0.7344799817001559,0.16298472090488494,0.22190491907977122,0.9507582068882002,0.16298472090488494,0.22190491907977122,0.9507582068882002,0.0,0.08931302066382228,-0.002734503924978446,-0.16192768459593335,0.16192768459593335,True,Q1_best_basis_fit
100256,2,0.28706974996115797,0.2696499510219466,0.12267027852389338,0.1711664331337315,-0.048496154609838124,False,2.9150557110944226,1.0271798874694853,0.3523705854265965,0.8758349705261177,1.0271798874694853,0.3523705854265965,0.8758349705261177,0.0,-0.1714066854587136,0.0015836939667880695,-0.27610509924418364,0.27610509924418364,True,Q2
100256,3,0.5569600545203176,0.32991730098222477,0.15616087494436995,0.271321656358775,-0.11516078141440503,False,3.5160151446548467,1.4278353562322992,0.4060947685060282,0.8350870389920354,1.4278353562322992,0.4060947685060282,0.8350870389920354,0.0,-0.20045297322337388,-0.0027345039249752658,-0.32808643706188706,0.32808643706188706,True,Q2
100256,4,0.7379502849109101,0.29320611565696875,0.24598252551614047,0.270065887504604,-0.024083361988463503,False,2.6685656436827196,2.083638806514182,0.7808085259010842,0.39033804588017595,2.083638806514182,0.7808085259010842,0.39033804588017595,0.0,-0.107606287444168,0.0012812674505177446,-0.16192768459593343,0.16192768459593343,True,Q4_worst_basis_fit
100256,5,0.8938242357992823,0.33902334310861304,0.25782396917004735,0.2543524307920216,0.0034715383780257736,True,2.8638439584728568,2.2226230308664885,0.776097812274556,0.39767218578264807,2.2226230308664885,0.776097812274556,0.39767218578264807,0.0,-0.13113398404103044,-0.002734503924978446,-0.13883404031815902,0.13883404031815902,True,Q4_worst_basis_fit
100257,1,0.18292523653854875,0.18292523653854875,0.09450242287338964,0.0785187765058567,0.01598364636753294,True,1.846017066705919,0.792565067937729,0.4293378876241934,0.8156689782503954,0.792565067937729,0.4293378876241934,0.8156689782503954,0.0,-0.107606287444168,0.0012704335884581863,-0.16192768459593343,0.16192768459593343,True,Q2
100257,2,0.3354757480958215,0.23738402951046864,0.20548413321219494,0.1642325467230139,0.041251586489181036,True,2.1498448485628106,1.727659913214298,0.8036207423848531,0.35419370240881753,1.727659913214298,0.8036207423848531,0.35419370240881753,0.0,-0.1076062874441681,0.0020210928750207186,-0.05909859802574271,0.05909859802574271,True,Q4_worst_basis_fit
100257,3,0.5816008795920542,0.40973278996158896,0.37554811983770847,0.3008742885699924,0.0746738312677161,True,3.7830972051208214,3.1622500535922833,0.8358891887080893,0.30128926420093227,3.1622500535922833,0.8358891887080893,0.30128926420093227,0.0,-0.14098073122225946,0.004582068191431106,-0.1820973861571871,0.1820973861571871,True,Q4_worst_basis_fit
100257,4,0.7477083544472265,0.43747386861514415,0.3820809077528633,0.305032630249198,0.07704827750366527,True,3.814388505094148,3.194454450701562,0.8374748525052813,0.29863587142125736,3.194454450701562,0.8374748525052813,0.29863587142125736,0.0,-0.10760628744416813,0.00015613795658416332,-0.2631015830461237,0.2631015830461237,True,Q4_worst_basis_fit
100257,5,0.9617137309247092,0.5622479715893173,0.5466919796095577,0.4235927898109077,0.12309918979865003,True,4.890393817455098,4.592213690626799,0.9390273793975414,0.11822758074178574,4.592213690626799,0.9390273793975414,0.11822758074178574,0.0,-0.10760628744416811,0.004464584446503934,-0.16192768459593337,0.16192768459593337,True,Q4_worst_basis_fit
100258,1,0.5059456177065634,0.5059456177065634,0.12372247972640604,0.0991190909264904,0.024603388799915638,True,4.303962856852703,1.0756899010765844,0.24993010786881853,0.9375349411806807,1.0756899010765844,0.24993010786881853,0.9375349411806807,0.0,-0.3065814759756122,0.03377445556481507,-0.21290091818595347,0.21290091818595347,True,Q2
100258,2,0.605441132480782,0.22490524283054414,0.16837396301435104,0.1282872547605701,0.04008670825378094,True,1.9649456910785705,1.4305260226089018,0.728023186138889,0.4699822404441808,1.4305260226089018,0.728023186138889,0.4699822404441808,0.0,-0.107606287444168,-0.000981687553204992,-0.07884340336273613,0.07884340336273613,True,Q3
100258,3,1.0012772709045796,0.4253947539418924,0.19887188438555456,0.2508781285194862,-0.05200624413393165,False,4.305187956114129,1.648991281496315,0.38302422526163005,0.8532924428627281,1.648991281496315,0.38302422526163005,0.8532924428627281,0.0,-0.20925960460235585,0.013508620780252082,-0.47916713012690315,0.47916713012690315,True,Q2
100258,4,0.7677529462181205,1.0157336078413228,0.20780339445868062,0.2083176603072881,-0.0005142658486074758,False,12.673255384094276,1.7397355709345632,0.137276139256062,0.9811552615909502,1.7397355709345632,0.137276139256062,0.9811552615909502,0.0,1.2959635464619452,-0.002734503924978446,-0.1619276845959331,0.518385418584778,True,Q1_best_basis_fit
100258,5,0.5385060783053432,0.5402126982999682,0.29289295799955,0.3400879360616866,-0.04719497806213657,False,3.9035190634243366,2.49418397216368,0.6389578049032693,0.5917329235531956,2.49418397216368,0.6389578049032693,0.5917329235531956,0.0,-0.22481185086485303,-0.02043963310101759,-0.16543005592759585,0.16543005592759585,True,Q3
100259,1,0.15194248036609517,0.15194248036609517,0.012846645287778008,0.1519424803660951,-0.13909583507831708,False,1.6558412843711823,0.15594714476923674,0.09418000761374831,0.9911301261658743,0.15594714476923674,0.09418000761374831,0.9911301261658743,0.0,-0.10332546417665177,-0.0027345039249768556,-0.16612953280274956,0.16612953280274956,True,Q1_best_basis_fit
100259,2,0.2009673104773879,0.08122847868730129,0.02472010250879994,0.0698302545937282,-0.04511015208492826,False,0.784025048045305,0.2929819923940559,0.37368958188836576,0.8603560963880984,0.2929819923940559,0.37368958188836576,0.8603560963880984,0.0,-0.0899288145622269,-0.0027345039249792413,0.08575070656561674,0.08575070656561674,True,Q2
100259,3,0.2688625603873804,0.36951510740857196,0.03784511829972804,0.052014469078446,-0.014169350778717962,False,4.617023529017368,0.45421568282880875,0.09837846395499712,0.9903216778298554,0.45421568282880875,0.09837846395499712,0.9903216778298554,0.0,0.5016835825166776,-0.0027345039249768556,-0.16192768459593324,0.200673433006671,True,Q1_best_basis_fit
100259,4,0.23849494934281373,0.20768235450322692,0.06271865882027909,0.1078592302679157,-0.04514057144763661,False,2.4393737368187756,0.774075032491856,0.3173253121521834,0.8993046462675194,0.774075032491856,0.3173253121521834,0.8993046462675194,0.0,-0.14628411768758934,-0.0027345039249768556,-0.23114566440212442,0.23114566440212442,True,Q2
100259,5,0.3856608550337177,0.20943017279267578,0.20368652675943205,0.259156586866883,-0.055470060107450925,False,2.202735897420505,1.8089142572938257,0.8212125018764797,0.32561002676177275,1.8089142572938257,0.8212125018764797,0.32561002676177275,0.0,0.09200921679724913,0.0032631553255849976,-0.35305277288536724,0.35305277288536724,True,Q4_worst_basis_fit
100260,1,0.19571277101200305,0.19571277101200305,0.171064459051294,0.1330417672279417,0.0380226918233523,True,1.888317646195999,1.4589776912761343,0.7726336160736693,0.40303729531292587,1.4589776912761343,0.7726336160736693,0.40303729531292587,0.0,-0.053992416169541174,0.004751761447667145,-0.16192768459593332,0.16192768459593332,True,Q4_worst_basis_fit
100260,2,0.5037217980805292,0.5718221631497747,0.25995846318190846,0.2671997366436338,-0.007241273461725317,False,6.252868174376891,2.174287756860901,0.3477264666750427,0.8790863043736904,2.174287756860901,0.3477264666750427,0.8790863043736904,0.0,0.660253604557513,0.000726897577636141,-0.2874541332049669,0.2874541332049669,True,Q2
100260,3,0.7726236766043963,0.4236291597133747,0.2672823901331161,0.2435287835037929,0.023753606629323215,True,4.1879714989643375,2.21859116098289,0.5297531660689514,0.719361583039922,2.21859116098289,0.5297531660689514,0.719361583039922,0.0,0.39565460064930064,-0.0027345039249768556,-0.15704750179487917,0.15826184025972026,True,Q3
100260,4,0.7028937946731066,0.2940209614141571,0.27487333243772466,0.2314255581941015,0.04344777424362317,True,2.4566531000077974,2.2719310842239793,0.9248074480750939,0.14473118398483265,2.2719310842239793,0.9248074480750939,0.14473118398483265,0.0,-0.10760628744416821,0.0022614251390176594,0.05938004952647694,0.05938004952647694,True,Q4_worst_basis_fit
100260,5,0.5856949180299676,0.42028351888349313,0.2985257478251366,0.2954117414146279,0.003114006410508685,True,3.774473768591326,2.4749951404887507,0.6557192584259091,0.5700322541293759,2.4749951404887507,0.6557192584259091,0.5700322541293759,0.0,-0.17858734845074667,-0.002734503924978446,-0.28895563876125385,0.28895563876125385,True,Q3
100261,1,0.34938954669563066,0.34938954669563066,0.126202427752904,0.2039897844929147,-0.0777873567400107,False,3.2929843700205494,1.0423832329792904,0.31654666887252353,0.899798206425709,1.0423832329792904,0.31654666887252353,0.899798206425709,0.0,-0.24286314203944964,-0.008553532888828933,-0.19285159174965724,0.19285159174965724,True,Q2
100261,2,0.6585273629296642,0.42050640842806186,0.28690942466081537,0.2639280685132023,0.022981356147613097,True,3.241498608883654,2.4126496858316835,0.7443007006757841,0.4460164669735367,2.4126496858316835,0.7443007006757841,0.4460164669735367,0.0,-0.18329522725054698,-0.008385216073983895,-0.08624864383335137,0.08624864383335137,True,Q3
100261,3,1.0737600768272593,0.6232769151243561,0.2903605636359597,0.2463051682215054,0.0440553954144543,True,5.251830991188784,2.4292677523993387,0.46255634586775973,0.7860416268974655,2.4292677523993387,0.46255634586775973,0.7860416268974655,0.0,-0.42025498297238867,-0.015563091681439429,-0.11567157320880803,0.16810199318895547,True,Q2
100261,4,1.2696927736547832,0.40616017297377405,0.29396165648694705,0.3085480537302856,-0.014586397243338545,False,3.929695545720302,2.4488523123840973,0.6231659129550275,0.6116642449309271,2.4488523123840973,0.6231659129550275,0.6116642449309271,0.0,-0.2783057997000446,0.0028033899548798053,-0.08624864383335129,0.11132231988001784,True,Q3
100261,5,1.5071014563160867,0.4746581686889268,0.3200008235395851,0.2894491104907092,0.030551713048875884,True,3.3884427930738488,2.6409648640879477,0.7794037041104,0.392529866018988,2.6409648640879477,0.7794037041104,0.392529866018988,0.0,-0.08537947364044181,-0.015563091681439429,-0.28184447774032945,0.28184447774032945,True,Q4_worst_basis_fit
100262,1,0.33975913412014397,0.33975913412014397,0.04766366849838307,0.1281977080166604,-0.08053403951827731,False,3.6576224184086588,0.47384700274251407,0.12955055184418768,0.9832166545168665,0.47384700274251407,0.12955055184418768,0.9832166545168665,0.0,-0.27289336011378157,-0.01054015773974082,-0.24659377467880877,0.24659377467880877,True,Q1_best_basis_fit
100262,2,0.5738154921901011,0.373554306276846,0.07655998119210268,0.1532766002935142,-0.07671661910141152,False,3.219886051782036,0.767838046936295,0.23846745958955207,0.9431332707169053,0.767838046936295,0.23846745958955207,0.9431332707169053,0.0,-0.23156149436262244,0.02249954629236099,-0.17262612367794775,0.17262612367794775,True,Q2
100262,3,0.6912798625794542,0.30430998031422507,0.08354442425813266,0.1188684348071221,-0.03532401054898944,False,2.3563082065854837,0.8522156495076427,0.36167409981675736,0.8691918455217382,0.8522156495076427,0.36167409981675736,0.8691918455217382,0.0,-0.18329522725054698,-0.01978089693514921,-0.03478878762791095,0.07331809090021879,True,Q2
100262,4,0.9752193768108116,0.31053091663419874,0.09053329313215713,0.1102359085900677,-0.019702615457910563,False,2.7168596876230815,0.9370380402771916,0.34489747282348054,0.8810457332399765,0.9370380402771916,0.34489747282348054,0.8810457332399765,0.0,-0.18329522725054698,-0.016654617157888275,-0.16423175195716921,0.16423175195716921,True,Q2
100262,5,1.2241798877698296,0.29777964965183507,0.10104547840801786,0.1189558337208277,-0.017910355312809836,False,2.548275943739262,1.0427987986283735,0.4092173774156509,0.8325411380210568,1.0427987986283735,0.4092173774156509,0.8325411380210568,0.0,-0.1928183727685923,-0.015563091681439429,-0.07690118671642512,0.07712734910743692,True,Q2
100263,1,0.2789465539347313,0.2789465539347313,0.08203304324297428,0.119631162043031,-0.037598118800056715,False,2.3163027780336742,0.6977504018782696,0.3012345400157897,0.9092577519014756,0.6977504018782696,0.3012345400157897,0.9092577519014756,0.0,-0.18329522725054692,-0.01198825700001359,-0.08624864383335136,0.08624864383335136,True,Q2
100263,2,0.6401817546715887,0.4197439598147442,0.10729288836698894,0.2172214263356302,-0.10992853796864127,False,3.9400911063611055,0.9166511136058605,0.23264718730132083,0.9458752862407842,0.9166511136058605,0.23264718730132083,0.9458752862407842,0.0,-0.282721260310292,-0.015563091681439429,-0.26418181912333955,0.26418181912333955,True,Q2
100263,3,0.901277878047736,0.34592283844954175,0.18249632230432095,0.2735648014871934,-0.09106847918287247,False,2.6327703290206066,1.5511055487133352,0.5891533840288864,0.6528982900873115,1.5511055487133352,0.5891533840288864,0.6528982900873115,0.0,-0.12467818998482252,-0.012955728943690474,-0.21021505894697468,0.21021505894697468,True,Q3
100263,4,1.5932288546773323,0.8245196089432136,0.24506863971193227,0.3365609757667078,-0.09149233605477552,False,8.489602619867824,2.1067478490221663,0.2481562380896182,0.9384184814972087,2.1067478490221663,0.2481562380896182,0.9384184814972087,0.0,-0.7590758015883283,-0.013698488183961027,-0.18074547733933208,0.30363032063533135,True,Q2
100263,5,1.8837401871214232,0.5189861073185361,0.34832087360332,0.4165096714900571,-0.0681887978867371,False,5.253577155599561,2.94316583150908,0.5602213014749553,0.6861520933737072,2.94316583150908,0.5602213014749553,0.6861520933737072,0.0,-0.24407772570289138,0.02017518476828766,-0.47737609288919347,0.47737609288919347,True,Q3
100264,1,0.2066238016984786,0.2066238016984786,0.008121379931958347,0.0126161022897879,-0.004494722357829554,False,2.1702527725899294,0.08100889096925484,0.037326938130151865,0.9986066996898278,0.08100889096925484,0.037326938130151865,0.9986066996898278,0.0,-0.15887275268299753,0.005767757581775118,-0.15960013473727142,0.15960013473727142,True,Q1_best_basis_fit
100264,2,0.22424477242974483,0.1677385854898728,0.012169683306222891,0.0164690933375201,-0.004299410031297208,False,0.9122533875470074,0.14194406947710442,0.1555971963653467,0.9757895124832437,0.14194406947710442,0.1555971963653467,0.9757895124832437,0.0,0.05504529824935847,-0.015563091681438634,-0.0862486438333513,0.0862486438333513,True,Q1_best_basis_fit
100264,3,0.6304985307144769,0.4069305083908065,0.06321340756072724,0.1739313409168302,-0.11071793335610297,False,4.198886194756958,0.6997942892267995,0.16666188526390993,0.9722238160002793,0.6997942892267995,0.16666188526390993,0.9722238160002793,0.0,-0.30068246223267114,-0.015563091681439429,-0.3011456420676476,0.3011456420676476,True,Q1_best_basis_fit
100264,4,0.5566536205210775,0.38965803449996445,0.07024841753913084,0.1254585911698912,-0.05521017363076035,False,3.310268565077773,0.7859713114664734,0.2374343035964538,0.943624951475667,0.7859713114664734,0.2374343035964538,0.943624951475667,0.0,0.3342295183945943,-0.015563091681438634,-0.08624864383335121,0.13369180735783773,True,Q2
100264,5,0.8874395476859037,0.375548483519764,0.11084174334950951,0.1975439855184404,-0.0867022421689309,False,3.6275952115587966,1.1901269268254004,0.32807600005459175,0.8923661381881796,1.1901269268254004,0.32807600005459175,0.8923661381881796,0.0,-0.25749112744169306,-0.01556309168143784,-0.21902988540794663,0.21902988540794663,True,Q2
100265,1,0.49806712840287465,0.49806712840287465,0.00705389437668669,0.0135340044592222,-0.00648011008253551,False,2.9285691434030143,0.08681166027094928,0.029643029076675178,0.9991212908271594,0.08681166027094928,0.029643029076675178,0.9991212908271594,0.0,-0.18329522725054698,-0.04395088973745968,-0.011016108777840733,0.07331809090021879,True,Q1_best_basis_fit
100265,2,0.7417701418505791,0.2470292080346555,0.012209404656723533,0.0128671497961346,-0.0006577451394110673,False,2.100920416292229,0.1423822261377976,0.06777135632251995,0.9954070432622061,0.1423822261377976,0.06777135632251995,0.9954070432622061,0.0,-0.15475020131213593,-0.015563091681438634,-0.11426705490931757,0.11426705490931757,True,Q1_best_basis_fit
100265,3,1.0564394340405339,0.3893029908984423,0.05150519786276368,0.1581845084763236,-0.10667931061355991,False,3.371560867011641,0.6339179923429397,0.18801914524082383,0.96464880102291,0.6339179923429397,0.18801914524082383,0.96464880102291,0.0,-0.15735449038812405,-0.022277123159253134,-0.39914656693594425,0.39914656693594425,True,Q1_best_basis_fit
100265,4,1.472927251810858,0.4135209759264235,0.05853888821550898,0.1221381572576864,-0.06359926904217741,False,2.8408435229720075,0.7206959824309442,0.2536908409784475,0.935640957203648,0.7206959824309442,0.2536908409784475,0.935640957203648,0.0,-0.183295227250547,-0.03414212399488681,-0.0862486438333511,0.0862486438333511,True,Q2
100265,5,1.6521372770734755,0.2893662944110138,0.18811849055919377,0.1795364457195227,0.008582044839671066,True,2.6335126815207133,1.5585618249929531,0.5918186139483356,0.6497507281842709,1.5585618249929531,0.5918186139483356,0.6497507281842709,0.0,-0.183295227250547,-0.0011918342135222605,-0.08624864383335144,0.08624864383335144,True,Q3
100266,1,0.3387365952474744,0.3387365952474744,0.20970497972633217,0.1558702816359502,0.053834698090381966,True,2.811049741748884,1.8163346330667653,0.6461410504734576,0.5825017428930568,1.8163346330667653,0.6461410504734576,0.5825017428930568,0.0,-0.18329522725054698,-0.0061951810161525464,-0.08624864383335136,0.08624864383335136,True,Q3
100266,2,0.5888769433015423,0.429841858493466,0.33526206997163543,0.2575845809765568,0.07767748899507865,True,3.6891028495977514,2.88053718542713,0.7808232252839509,0.39031509085716853,2.88053718542713,0.7808232252839509,0.39031509085716853,0.0,-0.2106006474310348,-0.0012456738433896696,-0.05944696956374021,0.08424025897241391,True,Q4_worst_basis_fit
100266,3,0.8574459577701987,0.5431796538032506,0.38305825230008833,0.2795339402863283,0.10352431201376006,True,4.126520340966678,3.2974983555174844,0.799099018798248,0.36144075815567733,3.2974983555174844,0.799099018798248,0.36144075815567733,0.0,-0.14448282412315602,-0.01340842779862682,-0.25380433317716516,0.25380433317716516,True,Q4_worst_basis_fit
100266,4,1.2802857075063716,0.7132184435999596,0.38628371210878926,0.2862454261587411,0.10003828595004816,True,5.89226098622367,3.3049664191840864,0.5608995302331691,0.6853917169842102,3.3049664191840864,0.5608995302331691,0.6853917169842102,0.0,-0.4522527525866066,-0.015563091681440225,-0.08624864383335142,0.18090110103464263,True,Q3
100266,5,1.5359362000631207,0.5717668110679966,0.3907194604542905,0.2965371710096458,0.09418228944464474,True,4.06793445701835,3.3177125740891076,0.8155767033967581,0.3348346408764765,3.3177125740891076,0.8155767033967581,0.3348346408764765,0.0,-0.1974172907411884,-0.015563091681438634,-0.0723871121964418,0.07896691629647537,True,Q4_worst_basis_fit
100267,1,0.2994650514647675,0.2994650514647675,0.12978863433680873,0.0985585133588295,0.03123012097797924,True,2.4493524655060868,1.1156060554658656,0.4554697909658985,0.7925472695174807,1.1156060554658656,0.4554697909658985,0.7925472695174807,0.0,-0.18329522725054698,-0.00982013607447848,-0.08624864383335139,0.08624864383335139,True,Q2
100267,2,1.1378419033657043,0.9316725888902437,0.1331177450772468,0.1043575085124273,0.028760236564819505,True,10.734590937738657,1.1256934147755795,0.1048659815082546,0.9890031259223104,1.1256934147755795,0.1048659815082546,0.9890031259223104,0.0,-1.0331725730535026,-0.015563091681439429,-0.08624864383335135,0.4132690292214011,True,Q1_best_basis_fit
100267,3,1.3545343191993178,0.3126181231947773,0.1365977780002423,0.109270547494291,0.027327230505951303,True,2.4738848969507727,1.1423077456903188,0.4617465214724779,0.7867901499080665,1.1423077456903188,0.4617465214724779,0.7867901499080665,0.0,-0.18329522725054717,-0.010934593119068638,-0.08624864383335139,0.08624864383335139,True,Q2
100267,4,1.665510283975109,0.4088251820495728,0.1403002679619489,0.1355748079776927,0.004725459984256192,True,3.342252234718975,1.1651698744719972,0.34861817500436726,0.8784653680566243,1.1651698744719972,0.34861817500436726,0.8784653680566243,0.0,-0.2742818452270245,-0.015563091681439429,-0.08624864383335124,0.1097127380908098,True,Q2
100267,5,1.9996095412061226,0.4651119587361387,0.28081829750036114,0.3213219095810512,-0.04050361208069009,False,3.3376736282991932,2.317794552717746,0.6944341511002813,0.5177612097856317,2.317794552717746,0.6944341511002813,0.5177612097856317,0.0,-0.09075008399763468,-0.017871608922947896,-0.3291286198585753,0.3291286198585753,True,Q3
100268,1,0.7603510956571513,0.7603510956571513,0.09116273386352716,0.0708969962728658,0.02026573759066136,True,4.979837028014308,0.7775203112398945,0.15613368607565214,0.9756222720724297,0.7775203112398945,0.15613368607565214,0.9756222720724297,0.0,0.4290939844714271,-0.05414262393788765,-0.08624864383335126,0.17163759378857085,True,Q1_best_basis_fit
100268,2,0.9221511445042518,0.7953993305641877,0.0945974196237673,0.0769091209457335,0.0176882986780338,True,9.14057056389002,0.7919258977123924,0.08663856289681841,0.9924937594191741,0.7919258977123924,0.08663856289681841,0.9924937594191741,0.0,-0.8764453904201583,-0.015563091681439429,-0.0862486438333515,0.3505781561680633,True,Q1_best_basis_fit
100268,3,1.1842649019299365,0.3897951726843175,0.2505162850248409,0.1907767919793893,0.05973949304545162,True,3.040052279477895,2.1318314602965844,0.7012482892770219,0.5082508367860503,2.1318314602965844,0.7012482892770219,0.5082508367860503,0.0,-0.1832952272505468,-0.008627464406335586,-0.0862486438333513,0.0862486438333513,True,Q3
100268,4,1.6333107105177163,0.6470311137061919,0.42951032202343953,0.3969728413269102,0.03253748069652934,True,5.545310488618148,3.5735748886145737,0.6444318845535163,0.5847075461708033,3.5735748886145737,0.6444318845535163,0.5847075461708033,0.0,-0.3111417825353196,-0.008622512766741282,-0.3150432847503562,0.3150432847503562,True,Q3
100268,5,1.8445211915727768,0.5706619017309753,0.43322810168652476,0.3575678344609222,0.07566026722560254,True,4.208227889747861,3.595842588468344,0.8544790545275797,0.2698655453736536,3.595842588468344,0.8544790545275797,0.2698655453736536,0.0,-0.18329522725054706,-0.010283250909385963,-0.08624864383335133,0.08624864383335133,True,Q4_worst_basis_fit
100269,1,0.25405541223044864,0.25405541223044864,0.056396845178728165,0.0451050956880066,0.011291749490721564,True,2.127993593267142,0.48843454610773723,0.22952820330527215,0.9473168038874537,0.48843454610773723,0.22952820330527215,0.9473168038874537,0.0,-0.1581391435908297,-0.013070914772483028,-0.11094063376393021,0.11094063376393021,True,Q2
100269,2,0.5420719813564492,0.33200913590965664,0.1609267812127432,0.1195322815842284,0.0413944996285148,True,2.593130242103478,1.3811143417655658,0.5326050806631458,0.7163318280518038,1.3811143417655658,0.5326050806631458,0.7163318280518038,0.0,-0.18329522725054698,-0.010962675643468716,-0.08624864383335139,0.08624864383335139,True,Q3
100269,3,0.7640257683302508,0.5067187790127673,0.18472415893926783,0.2306591289390519,-0.04593496999978408,False,4.772139567416782,1.5232182576207782,0.3191897965476552,0.8981178737798664,1.5232182576207782,0.3191897965476552,0.8981178737798664,0.0,-0.2844990087995465,0.02285684542018261,-0.4191946618199779,0.4191946618199779,True,Q2
100269,4,1.0340538560159451,0.43361346778965126,0.18913858490285326,0.1897602709924646,-0.0006216860896113285,False,2.8701826814758857,1.5624853578116606,0.5443853340402047,0.7036446080819347,1.5624853578116606,0.5443853340402047,0.7036446080819347,0.0,-0.18329522725054706,-0.02224459114542482,-0.08624864383335112,0.08624864383335112,True,Q3
100269,5,1.6570135932330803,0.9174224790799179,0.19006968045888223,0.1692904966362354,0.02077918382264682,True,4.96850649271996,1.571033074136338,0.3161982532252447,0.9000186646573041,1.571033074136338,0.3161982532252447,0.9000186646573041,0.0,-0.1375814127106459,-0.08513474747438877,-0.12388303731711729,0.12388303731711729,True,Q2
100270,1,0.26321269859673746,0.26321269859673746,0.013187568404447353,0.0233743203298046,-0.010186751925357248,False,2.3732888044715232,0.12251978113474005,0.051624471873755955,0.9973349139037557,0.12251978113474005,0.051624471873755955,0.9973349139037557,0.0,-0.1999956554639398,-0.015563091681438634,-0.0698563146115426,0.07999826218557592,True,Q1_best_basis_fit
100270,2,0.7498977869943918,0.48699524939754846,0.02016024699439976,0.0288082521248224,-0.008648005130422638,False,3.4758288445175745,0.20644974349068945,0.05939583124650187,0.9964721352305371,0.20644974349068945,0.05939583124650187,0.9964721352305371,0.0,-0.18329522725054698,-0.04047668219725706,-0.2625373110519339,0.2625373110519339,True,Q1_best_basis_fit
100270,3,1.0019820125529146,0.29701355193164847,0.12372853445128604,0.1007179753756135,0.023010559075672538,True,2.38733501354214,1.028480114119205,0.43080678173995657,0.8144055168068614,1.028480114119205,0.43080678173995657,0.8144055168068614,0.0,-0.1779476055759662,-0.010455143205798212,-0.09149760954388987,0.09149760954388987,True,Q2
100270,4,1.5832400572507461,0.6329702341159582,0.12758999311463728,0.1055785157075125,0.02201147740712478,True,3.6400452964261,1.0554265699800212,0.2899487462467209,0.9159297245499547,1.0554265699800212,0.2899487462467209,0.9159297245499547,0.0,-0.18329522725054698,-0.05402722343597939,-0.08624864383335128,0.08624864383335128,True,Q2
100270,5,2.1910593123806463,0.6890193600933615,0.1443256706943468,0.1569305142158673,-0.012604843521520498,False,5.315360562043038,1.2075494500255508,0.22718109823981747,0.9483887486025504,1.2075494500255508,0.22718109823981747,0.9483887486025504,0.0,-0.48208919429352454,-0.03775401544943362,0.01414823203463112,0.1928356777174098,True,Q2
100271,1,0.18090118809590477,0.18090118809590477,0.02054919274057285,0.1632328642654988,-0.14268367152492595,False,2.0524425108985933,0.2528971152350229,0.12321763649511447,0.9848174140565579,0.2528971152350229,0.12321763649511447,0.9848174140565579,0.0,-0.10775739528883937,0.0012810483559269486,-0.2512569526986307,0.2512569526986307,True,Q1_best_basis_fit
100271,2,0.4270662224828138,0.2541530456650998,0.03882957167034022,0.0943736319110235,-0.055544060240683285,False,2.526225207764258,0.4636954207577337,0.18355268537919078,0.9663084116900879,0.4636954207577337,0.18355268537919078,0.9663084116900879,0.0,-0.13880444124302949,-0.00993279715532208,-0.2778874961149048,0.2778874961149048,True,Q1_best_basis_fit
100271,3,0.7619661885631662,0.3495838343623061,0.19717886602249088,0.1684228078539948,0.02875605816849608,True,3.3520000773530896,1.6307542628084115,0.4865018571527416,0.7633159429869334,1.6307542628084115,0.4865018571527416,0.7633159429869334,0.0,-0.19067461889177104,-0.00236474520205898,-0.2804537748631881,0.2804537748631881,True,Q3
100271,4,1.1356018646310913,0.5216946336782919,0.21804157510791758,0.2097161348416962,0.008325440266221368,True,3.9470621077947814,1.8316212453530543,0.46404672521770346,0.7846606368147253,1.8316212453530543,0.46404672521770346,0.7846606368147253,0.0,-0.24545375287559637,-0.022647447686646373,-0.24116809783428267,0.24116809783428267,True,Q2
100271,5,1.3241240828270953,0.38354546146505974,0.2326551477637033,0.2174310742326783,0.015224073531025006,True,3.9356407823037256,1.9934386216320275,0.5065092908365405,0.7434483382962649,1.9934386216320275,0.5065092908365405,0.7434483382962649,0.0,-0.2422000701276642,0.014983682464865066,-0.25125695269863063,0.25125695269863063,True,Q3
100272,1,0.7747326257084476,0.7747326257084476,0.08925027193790026,0.2301872699907767,-0.14093699805287646,False,6.047828699379636,0.905248909304935,0.14968163853546185,0.9775954070853393,0.905248909304935,0.14968163853546185,0.9775954070853393,0.0,-0.34244403147512387,-0.05941564909459557,-0.4773612096148077,0.4773612096148077,True,Q1_best_basis_fit
100272,2,1.2702483302164924,0.5345351235600885,0.10963509291929183,0.1995607713805844,-0.08992567846129257,False,6.3050069011811685,1.152773418094855,0.18283460052659048,0.9665715088502821,1.152773418094855,0.18283460052659048,0.9665715088502821,0.0,-0.5336039397756106,-0.009932797155325261,-0.25125695269863035,0.25125695269863035,True,Q1_best_basis_fit
100272,3,1.3766405091993925,0.3334411427844661,0.18035655755377053,0.3161070553727749,-0.13575049781900436,False,2.5511326933749836,1.878943630838706,0.7365134850563124,0.45754788633020504,1.878943630838706,0.7365134850563124,0.45754788633020504,0.0,0.1843230221827513,-0.00993279715532208,-0.4463759755676821,0.4463759755676821,True,Q3
100272,4,1.6721885550892557,0.34140881200259326,0.17359673038732265,0.25092550915303,-0.07732877876570737,False,3.45960625940878,1.976007066637402,0.5711653056654737,0.673770193604066,1.976007066637402,0.5711653056654737,0.673770193604066,0.0,-0.11598444659463458,-0.009932797155325261,-0.41046938022012786,0.41046938022012786,True,Q3
100272,5,2.16251573893139,0.6135127896264734,0.21061864549500173,0.2668854700466615,-0.056266824551659794,False,4.383905450330784,2.328047494016022,0.5310441843220778,0.7179920742976991,2.328047494016022,0.5310441843220778,0.7179920742976991,0.0,-0.21917726538841814,-0.04330917386713513,-0.2249256171380322,0.2249256171380322,True,Q3
100273,1,0.5605216706886375,0.5605216706886375,0.11876828656952008,0.1933093481242291,-0.074541061554709,False,4.793943793727169,1.0135913843278748,0.21143163706970233,0.9552966628460257,1.0135913843278748,0.21143163706970233,0.9552966628460257,0.0,-0.2845719293220186,-0.02956861256723715,-0.4354901216253353,0.4354901216253353,True,Q1_best_basis_fit
100273,2,0.8737074847868528,0.38236139556416887,0.2358953189783586,0.2253435543507354,0.010551764627623222,True,3.4298419002859144,1.9498539997792887,0.5684967577125778,0.6768114364702866,1.9498539997792887,0.5684967577125778,0.6768114364702866,0.0,-0.19067461889177087,-0.004987759718185742,-0.2512569526986306,0.2512569526986306,True,Q3
100273,3,1.1614513810167562,0.4416281612205614,0.29590045866000614,0.3410968164542451,-0.04519635779423897,False,3.6583845624344558,2.443628028587168,0.6679527498774122,0.5538391239312033,2.443628028587168,0.6679527498774122,0.5538391239312033,0.0,-0.16986425517750595,-0.0076251921206108,-0.2716833949952571,0.2716833949952571,True,Q3
100273,4,1.6200212045069973,0.6834473404079102,0.3691073060620375,0.4968543199398447,-0.12774701387780718,False,4.9558924316939414,3.061971896368706,0.6178447047774428,0.6182679207784747,3.061971896368706,0.6178447047774428,0.6182679207784747,0.0,-0.2412851708013809,-0.02665580747933391,-0.341829772787353,0.341829772787353,True,Q3
100273,5,1.9255870886339925,0.5901215084554255,0.4620597692744276,0.4876673192088066,-0.025607549934379026,False,4.753597703902532,3.8210897016044956,0.8038311063781268,0.35385555241891653,3.8210897016044956,0.8038311063781268,0.35385555241891653,0.0,-0.19067461889177095,-0.006157066506548532,-0.25125695269863063,0.25125695269863063,True,Q4_worst_basis_fit
100274,1,0.26749497630388885,0.26749497630388885,0.13083338703600728,0.1201002515138892,0.010733135522118076,True,2.38434386156803,1.0863740353860634,0.45562808825385814,0.7924030451941344,1.0863740353860634,0.45562808825385814,0.7924030451941344,0.0,-0.1272992026904044,-0.004547652887888893,-0.22582751155860725,0.22582751155860725,True,Q2
100274,2,0.6643750881902906,0.46711408508612,0.16419070679662653,0.3143388014348429,-0.15014809463821635,False,4.586791204111862,1.410241145724887,0.3074570179825639,0.9054701820932693,1.410241145724887,0.3074570179825639,0.9054701820932693,0.0,-0.2824667039286172,-0.00993279715532208,-0.4155283880004924,0.4155283880004924,True,Q2
100274,3,1.1506257971794442,0.6649271912865573,0.1793565162075506,0.2424969954276119,-0.0631404792200613,False,4.114831829271338,1.5884648103947676,0.38603395625916886,0.850977784614894,1.5884648103947676,0.38603395625916886,0.850977784614894,0.0,-0.19067461889177115,-0.04990024936882498,-0.25125695269863024,0.25125695269863024,True,Q2
100274,4,1.1856574268763944,0.7499053346923447,0.3001831927157004,0.2982924797443285,0.0018907129713718884,True,5.392018581157909,2.5381696282494777,0.47072716646766793,0.7784159347493205,2.5381696282494777,0.47072716646766793,0.7784159347493205,0.0,0.5040272328766976,-0.02893564822238953,-0.20013677746576614,0.20161089315067904,True,Q3
100274,5,1.473148531656652,0.5234991074180172,0.39142625206125414,0.3964927607090664,-0.005066508647812273,False,4.390976087904628,3.329751941603176,0.7583170290485759,0.42495528345494127,3.329751941603176,0.7583170290485759,0.42495528345494127,0.0,-0.13313222091413088,-0.007076163865157811,-0.3864842219420524,0.3864842219420524,True,Q3
100275,1,0.22646148188317092,0.22646148188317092,0.08361519118756935,0.2264614818831709,-0.14284629069560154,False,1.6385587843406126,0.7264145188171857,0.4433252720374684,0.8034627031729046,0.7264145188171857,0.4433252720374684,0.8034627031729046,0.0,0.13151876427537798,-0.008853536182473599,-0.3963237302409946,0.3963237302409946,True,Q2
100275,2,0.8086989977927865,0.6531706367462139,0.10360584402645989,0.1868414561751404,-0.0832356121486805,False,5.0127989755919335,0.9608311798611381,0.19167558574352742,0.9632604698298757,0.9608311798611381,0.19167558574352742,0.9632604698298757,0.0,-0.19067461889177098,-0.04779287847023198,-0.6005461041018005,0.6005461041018005,True,Q1_best_basis_fit
100275,3,0.871708170944191,0.2441931667147538,0.13198166334686828,0.1780599748976331,-0.046078311550764806,False,2.0971690380651187,1.2506339723287945,0.596343904391536,0.6443739476950586,1.2506339723287945,0.596343904391536,0.6443739476950586,0.0,0.009514291261388292,0.011928585313525761,-0.3533083617932901,0.3533083617932901,True,Q3
100275,4,1.3128153897292507,0.5509657797227036,0.19331194098842605,0.1983452575421299,-0.005033316553703843,False,4.613015148253204,1.7942928818381025,0.38896314539906546,0.8487076715212655,1.7942928818381025,0.38896314539906546,0.8487076715212655,0.0,-0.3245647680416658,-0.021901252244056126,-0.2485351023696694,0.2485351023696694,True,Q2
100275,5,1.5713092109733189,0.5314526762267768,0.2619294037770183,0.3401325964203469,-0.07820319264332859,False,5.388547329072912,2.440320798271139,0.4528717387531958,0.7949071882386571,2.440320798271139,0.4528717387531958,0.7949071882386571,0.0,-0.3037923348637099,0.020420906746058766,-0.4536928114474514,0.4536928114474514,True,Q2
100276,1,0.2811566412315965,0.2811566412315965,0.01947652091656824,0.0326182560964588,-0.013141735179890559,False,2.795426059446505,0.2330422384853903,0.08336555270273638,0.9930501846225673,0.2330422384853903,0.08336555270273638,0.9930501846225673,0.0,-0.17797735278695132,-0.009932797155325261,-0.26371997242169404,0.26371997242169404,True,Q1_best_basis_fit
100276,2,0.6830776056288322,0.5199959001184206,0.12087169419460378,0.2104476657677113,-0.08957597157310751,False,4.860705202259982,1.114374156281356,0.2292618272268864,0.9474390145765893,1.114374156281356,0.2292618272268864,0.9474390145765893,0.0,-0.29575589336522984,0.02495765380105978,-0.43931076773262756,0.43931076773262756,True,Q2
100276,3,1.1078369600057842,0.4384478434641147,0.19326198467423966,0.3470386363697453,-0.15377665169550564,False,5.400972554835893,1.86528244755522,0.3453604751027838,0.8807261422367795,1.86528244755522,0.3453604751027838,0.8807261422367795,0.0,-0.3261334135967488,0.0023683353338561316,-0.49526432692167893,0.49526432692167893,True,Q2
100276,4,1.5930594162994955,0.5472153833717612,0.3779662917056462,0.4922434381359779,-0.11427714643033166,False,6.2085238713302475,3.4018187687860877,0.5479271464985459,0.699775842129961,3.4018187687860877,0.5479271464985459,0.699775842129961,0.0,-0.36197193194912,0.010381270028204673,-0.43403590436177203,0.43403590436177203,True,Q3
100276,5,2.0412021207812927,0.566854014437812,0.39410401303494824,0.4271849782767752,-0.033080965241826965,False,4.990466157698162,3.5978870246754346,0.7209520936486923,0.4802280786635672,3.5978870246754346,0.7209520936486923,0.4802280786635672,0.0,-0.19067461889177115,0.03941695407048562,-0.2512569526986304,0.2512569526986304,True,Q3
100277,1,0.36517170367659746,0.36517170367659746,0.04738143456314811,0.1124488163634154,-0.06506738180026729,False,3.86457440908227,0.505528843327912,0.13081100007800373,0.9828884822585925,0.505528843327912,0.13081100007800373,0.9828884822585925,0.0,-0.250128082353287,-0.00993279715532208,-0.35765507812055225,0.35765507812055225,True,Q1_best_basis_fit
100277,2,0.6587787011298611,0.2993677826976284,0.07993092979096374,0.1255602855080493,-0.045629355717085554,False,3.1553078315865632,0.8247508111061195,0.2613852134647082,0.9316777701820089,0.8247508111061195,0.2613852134647082,0.9316777701820089,0.0,-0.22369767094853982,-0.009932797155325261,-0.21884312867528186,0.21884312867528186,True,Q2
100277,3,1.2997538023829522,0.6782618637144779,0.17945384607216702,0.306554912207121,-0.12710106613495398,False,5.792536273543643,1.7317759672412922,0.2989667885466448,0.9106188593461058,1.7317759672412922,0.2989667885466448,0.9106188593461058,0.0,-0.31764237950261054,-0.03761375676931101,-0.5433965268367034,0.5433965268367034,True,Q2
100277,4,2.0177617974669477,0.7990702034591177,0.19443296037562646,0.24774223559609,-0.053309275220463526,False,8.399800836522475,1.9440216346294172,0.2314366343278972,0.9464370842909752,1.9440216346294172,0.2314366343278972,0.9464370842909752,0.0,-0.7214670042186625,-0.021271042097195575,-0.26549600778181165,0.288586801687465,True,Q2
100277,5,2.5633648677779446,0.6592758207495104,0.21479039513941944,0.5800080753200176,-0.3652176801805982,False,4.728237653875037,2.1885161792820553,0.4628608668788999,0.7857598179121132,2.1885161792820553,0.4628608668788999,0.7857598179121132,0.0,-0.19067461889177104,-0.04459187145371287,-0.42424791810399914,0.42424791810399914,True,Q2
100278,1,0.3986086761450115,0.3986086761450115,0.05853762205937229,0.1435078266203505,-0.0849702045609782,False,4.281667320077352,0.6118965256171783,0.14291080550511429,0.9795765016698794,0.6118965256171783,0.14291080550511429,0.9795765016698794,0.0,-0.27477766439653184,-0.00993279715532208,-0.401768056055517,0.401768056055517,True,Q1_best_basis_fit
100278,2,0.8104624050501156,0.5383861497419744,0.12965801152053075,0.2540954677651554,-0.12443745624462466,False,4.703804974282103,1.2943095303310068,0.27516224363203856,0.9242857396793827,1.2943095303310068,0.27516224363203856,0.9242857396793827,0.0,-0.2424690529456289,0.03012580301687206,-0.48675123380739155,0.48675123380739155,True,Q2
100278,3,0.9927959475030488,0.4684274848075639,0.1488865778814642,0.3957263979574482,-0.24683982007598398,False,3.4957067990706316,1.5304286755562233,0.4378023568690323,0.8083290963199204,1.5304286755562233,0.4378023568690323,0.8083290963199204,0.0,-0.19067461889177126,-0.027522431599568426,-0.2512569526986303,0.2512569526986303,True,Q2
100278,4,1.301832662919979,0.39887271367833554,0.24972418946623925,0.3359868057565444,-0.08626261629030513,False,3.5886501024439434,2.2165601016216425,0.617658461634953,0.6184980247707432,2.2165601016216425,0.617658461634953,0.6184980247707432,0.0,-0.19067461889177093,-0.005115909260544838,-0.25125695269863074,0.25125695269863074,True,Q3
100278,5,1.5846268817027482,0.5037278981891145,0.285308672541949,0.2958617557142373,-0.010553083172288258,False,3.4943657423994683,2.6595664011918867,0.761101326321282,0.42072477107198536,2.6595664011918867,0.761101326321282,0.42072477107198536,0.0,-0.06015990253736987,-0.024590707744880598,-0.311453260860717,0.311453260860717,True,Q3
100279,1,0.30560545590553806,0.30560545590553806,0.10087453704181165,0.077576565606195,0.023297971435616655,True,2.843464567315893,0.8496481328644163,0.29880735727487795,0.9107141632384034,0.8496481328644163,0.29880735727487795,0.9107141632384034,0.0,-0.15317743677527373,0.01318820405919231,-0.29359259468264337,0.29359259468264337,True,Q2
100279,2,0.478702123416341,0.3614578717076216,0.29247226642102436,0.3663730436282102,-0.07390077720718585,False,3.0961249421947947,2.4243263590539317,0.7830195500235092,0.38688038428098115,2.4243263590539317,0.7830195500235092,0.38688038428098115,0.0,0.05775565626469986,-0.0032883237619889005,-0.48648026453712667,0.48648026453712667,True,Q4_worst_basis_fit
100279,3,1.072372971874341,0.676041900089113,0.4265168087584892,0.4234764852578911,0.0030403235005980744,True,5.64936665079749,3.528458031258758,0.6245758594480082,0.609904995794782,3.528458031258758,0.6245758594480082,0.609904995794782,0.0,-0.24565269264601344,0.04930552919795173,-0.3237249934784622,0.3237249934784622,True,Q3
100279,4,1.322308548117873,0.6705267613702777,0.45752625877327924,0.4644218176526974,-0.006895558879418173,False,5.660632757709708,3.8366568150402416,0.6777787889198014,0.5406159132904074,3.8366568150402416,0.6777787889198014,0.5406159132904074,0.0,-0.2608547151378652,-0.00993279715532208,-0.4155032319817975,0.4155032319817975,True,Q3
100279,5,1.4646483606572716,0.6348753699011713,0.4716267859314035,0.4241115769665728,0.04751520896483069,True,4.913984896277881,3.987312121801839,0.8114213221986184,0.341595437881446,3.987312121801839,0.8114213221986184,0.341595437881446,0.0,-0.19067461889177095,-0.01159786118074511,-0.2512569526986305,0.2512569526986305,True,Q4_worst_basis_fit
100280,1,0.6600090529808775,0.6600090529808775,0.16837995139591225,0.2074870553247161,-0.039107103928803844,False,7.372052576037631,1.3902965796173292,0.18859016064757816,0.9644337513069207,1.3902965796173292,0.18859016064757816,0.9644337513069207,0.0,-0.5801450323574504,-0.003514039043971524,-0.41959392218326136,0.41959392218326136,True,Q1_best_basis_fit
100280,2,1.0270748402878578,0.5233466928404451,0.18169694059595984,0.1878891776504363,-0.006192237054476468,False,3.9306389349672015,1.5189129882409125,0.3864290293185087,0.8506726052999551,1.5189129882409125,0.3864290293185087,0.8506726052999551,0.0,-0.19067461889177106,0.04109493961874731,-0.28743782957276,0.28743782957276,True,Q2
100280,3,1.4235466639234398,0.6378991957409528,0.22743349260309073,0.3260638343854311,-0.09863034178234034,False,6.405721038737929,2.059134230345896,0.3214523732603241,0.8966683717253052,2.059134230345896,0.3214523732603241,0.8966683717253052,0.0,-0.4342610494404212,-0.014195791921955253,-0.47524862795174055,0.47524862795174055,True,Q2
100280,4,1.7089016313029777,0.5348039744362104,0.2824548186886811,0.3848666180713946,-0.1024117993827135,False,5.062297277373624,2.62242703532058,0.518031022603462,0.7316438596204115,2.62242703532058,0.518031022603462,0.7316438596204115,0.0,-0.3117254073737034,-0.009932797155325261,-0.3352477461846913,0.3352477461846913,True,Q3
100280,5,2.029627559573857,0.5667598475778306,0.306762075268691,0.3382360356346784,-0.03147396036598743,False,5.332824145990514,2.8677358191587303,0.5377518066697996,0.7108229944233664,2.8677358191587303,0.5377518066697996,0.7108229944233664,0.0,-0.3655018037070594,-0.009932797155325261,-0.23882443712630136,0.23882443712630136,True,Q3
100281,1,0.4437834998583266,0.4437834998583266,0.1260838216440294,0.2052705911793685,-0.0791867695353391,False,4.431486436132672,1.058388203808036,0.23883367783286827,0.9429584743328256,1.058388203808036,0.23883367783286827,0.9429584743328256,0.0,-0.3289340427381778,-0.010808446963914184,-0.2824030011813775,0.2824030011813775,True,Q2
100281,2,0.9743765925105163,0.8185479961951119,0.12296072797821106,0.1427109111814992,-0.01975018320328814,False,4.055888962313438,1.0185127780323153,0.25111949254433386,0.9369390004642763,1.0185127780323153,0.25111949254433386,0.9369390004642763,0.0,0.11208040729934912,-0.0749136575846896,-0.16848053959583686,0.16848053959583686,True,Q2
100281,3,1.115681921458936,0.534933953053192,0.12797991252070162,0.1367150894613772,-0.008735176940675576,False,5.3338214823500945,1.0691612577078868,0.20044938910044133,0.9598200424092599,1.0691612577078868,0.20044938910044133,0.9598200424092599,0.0,0.45829542651814925,-0.0152901593809806,0.1751581084964526,0.1833181706072597,True,Q1_best_basis_fit
100281,4,1.3960406653483886,0.37572143642591227,0.21510410683290837,0.1876917756597776,0.02741233117313077,True,2.2535050450436946,1.7739771350446392,0.7872079713982812,0.38030360976700284,1.7739771350446392,0.7872079713982812,0.38030360976700284,0.0,0.10695357280456103,-0.021285722016327367,-0.09082904991211477,0.09082904991211477,True,Q4_worst_basis_fit
100281,5,1.1045914749828636,0.7292269890881297,0.23612818444466038,0.2726214179358843,-0.03649323349122391,False,7.311442365588943,1.9664278037828955,0.26895210349162046,0.9276647660274326,1.9664278037828955,0.26895210349162046,0.9276647660274326,0.0,-0.5910038213770485,0.03324688056563121,-0.27576553777327784,0.27576553777327784,True,Q2
100282,1,0.190334021168988,0.190334021168988,0.007428505492253822,0.0142527164051888,-0.0068242109129349774,False,2.3588446811480015,0.09142196645942555,0.03875709460231707,0.9984978876179871,0.09142196645942555,0.03875709460231707,0.9984978876179871,0.0,-0.20506323316057481,0.0022036242264267102,-0.09082904991211473,0.09082904991211473,True,Q1_best_basis_fit
100282,2,0.5055684750241928,0.34539337717953106,0.014857010984493955,0.0240644653178176,-0.009207454333323643,False,3.5593157418706642,0.18284393291885118,0.051370529107022736,0.9973610687392646,0.18284393291885118,0.051370529107022736,0.9973610687392646,0.0,-0.31652398707851165,-0.015290159380979806,-0.09082904991211468,0.12660959483140466,True,Q1_best_basis_fit
100282,3,0.5345863259936166,0.20233259901268041,0.02228551647674034,0.0323415652142655,-0.010056048737525157,False,1.3843829542777275,0.2742658993782768,0.19811418403469813,0.9607507700842658,0.2742658993782768,0.19811418403469813,0.9607507700842658,0.0,0.07687860705774316,-0.01529015938097901,0.09518980133604622,0.09518980133604622,True,Q1_best_basis_fit
100282,4,0.9718150967893953,0.46683366068179694,0.0981317972568807,0.2250184862349296,-0.1268866889780489,False,5.000328650395506,1.0134319075350313,0.20267305979075453,0.9589236308350533,1.0134319075350313,0.20267305979075453,0.9589236308350533,0.0,-0.3563976349120706,-0.01529015938097901,-0.36165762272738333,0.36165762272738333,True,Q1_best_basis_fit
100282,5,1.3523248207561862,0.4175435487806186,0.14631527587548432,0.2715505109934999,-0.1252352351180156,False,4.176811100136155,1.4927301862415552,0.35738513197134897,0.8722758674458215,1.4927301862415552,0.35738513197134897,0.8722758674458215,0.0,-0.2950003258650033,-0.01529015938097583,-0.2517807844707379,0.2517807844707379,True,Q2
100283,1,0.3429641467908621,0.3429641467908621,0.007428505492252657,0.0142527152676348,-0.006824209775382143,False,3.1257005491112686,0.09142196645942562,0.029248472469769905,0.9991445268581851,0.09142196645942562,0.029248472469769905,0.9991445268581851,0.0,0.3263672109913269,-0.015290159380978215,-0.09082904991211459,0.13054688439653075,True,Q1_best_basis_fit
100283,2,0.34224054668278847,0.2907516704034263,0.07227314513754905,0.0617125995226386,0.010560545614910453,True,2.5102196294583345,0.5999134816559962,0.23898844332814337,0.9428845239555909,0.5999134816559962,0.23898844332814337,0.9428845239555909,0.0,-0.20506323316057481,-0.012339892434113134,-0.09082904991211473,0.09082904991211473,True,Q2
100283,3,0.5816654092346394,0.4118568093903154,0.08278154248394272,0.0981905188052893,-0.015408976321346579,False,2.994490636884845,0.6993049360301157,0.23353051347577408,0.9454634992757412,0.6993049360301157,0.23353051347577408,0.9454634992757412,0.0,-0.2643880588188416,-0.025341186503281824,0.016815735959763208,0.10575522352753663,True,Q2
100283,4,0.8780742049294746,0.38364970758623124,0.10467325516413319,0.1462768075283407,-0.04160355236420753,False,3.446129487118814,0.9220254013878643,0.26755390499233295,0.9284149079233537,0.9220254013878643,0.26755390499233295,0.9284149079233537,0.0,-0.25874806054852684,-0.01529015938097901,-0.18690360411154897,0.18690360411154897,True,Q2
100283,5,1.17733339599474,0.38332581489380396,0.19198774210455463,0.182929559863398,0.00905818224115662,True,3.009234577271142,1.6041776170169135,0.5330849343329115,0.7158204527872754,1.6041776170169135,0.5330849343329115,0.7158204527872754,0.0,-0.22399354352020093,-0.011234496799560463,-0.07224797667728844,0.08959741740808037,True,Q3
100284,1,1.2022457306820105,1.2022457306820105,0.10623177477225892,0.3511349712884,-0.24490319651614106,False,11.234131459839222,0.9154072997953108,0.08148447461806822,0.9933602803962174,0.9154072997953108,0.08148447461806822,0.9933602803962174,0.0,-1.0496920451063616,-0.05276057936403327,-0.10405186473818147,0.4198768180425446,True,Q1_best_basis_fit
100284,2,1.6641039627242786,0.5136588671584112,0.10967802734445276,0.1927879610906252,-0.08310993374617245,False,3.223486320137229,0.9267122866217652,0.2874875816387251,0.9173508904035174,0.9267122866217652,0.2874875816387251,0.9173508904035174,0.0,-0.20506323316057454,-0.0390555888431726,-0.09082904991211463,0.09082904991211463,True,Q2
100284,3,1.9456956236242808,0.36189202017253297,0.11671923304321556,0.2687835787369211,-0.15206434569370553,False,2.8749340618708423,0.9657122739403582,0.33590762541243396,0.88716606718978,0.9657122739403582,0.33590762541243396,0.88716606718978,0.0,-0.24054830804014324,-0.01529015938097901,-0.05599862386232363,0.09621932321605729,True,Q2
100284,4,2.255237110369805,0.38358271147386996,0.12091472417439315,0.1814499205708946,-0.06053519639650144,False,3.1625031246476447,0.9990240452967443,0.3158966192035153,0.9002093259757893,0.9990240452967443,0.3158966192035153,0.9002093259757893,0.0,-0.25945210609249125,-0.01529015938097901,-0.09082904991211474,0.1037808424369965,True,Q2
100284,5,2.4055393907231943,0.26423074156808485,0.16439693712931253,0.1724760554919291,-0.008079118362616572,False,2.6107954895215975,1.3588652477714342,0.5204793915207939,0.7291012030021442,1.3588652477714342,0.5204793915207939,0.7291012030021442,0.0,-0.20506323316057473,0.0011276078450730464,-0.05339113281538079,0.08202529326422989,True,Q3
100285,1,0.3510732287041634,0.3510732287041634,0.037204645016440725,0.0973518044362209,-0.06014715941978018,False,3.5326970370634676,0.3745384152371352,0.1060205308600332,0.9887596470361567,0.3745384152371352,0.1060205308600332,0.9887596470361567,0.0,-0.2708103106769618,-0.01529015938097901,-0.20849024898155846,0.20849024898155846,True,Q1_best_basis_fit
100285,2,0.7328967505320552,0.4101039428503605,0.04456378644595339,0.0738645372839027,-0.029300750837949308,False,2.9556882607521726,0.4637677758167213,0.15690686395279732,0.9753802360444983,0.4637677758167213,0.15690686395279732,0.9753802360444983,0.0,-0.2050632331605748,-0.033744969589690914,-0.09082904991211464,0.09082904991211464,True,Q1_best_basis_fit
100285,3,1.3853899526843994,0.6712442813310183,0.09537322713852185,0.1854645979370951,-0.09009137079857325,False,5.383932862047617,0.968169604199706,0.17982572015793893,0.9676627103696787,0.968169604199706,0.17982572015793893,0.9676627103696787,0.0,-0.30078527317582526,-0.04836841768500853,-0.45919009361684393,0.45919009361684393,True,Q1_best_basis_fit
100285,4,1.6440587576017736,0.3053819073673817,0.10273177503000609,0.1430031734711764,-0.040271398441170295,False,2.693714565296206,1.05734804056103,0.3925241576012201,0.8459247856994525,1.05734804056103,0.3925241576012201,0.8459247856994525,0.0,-0.20506323316057473,-0.015084086016750901,-0.09082904991211471,0.09082904991211471,True,Q2
100285,5,2.3436796655195096,1.0573369217020248,0.13024570806854815,0.145953106494951,-0.01570739842640284,False,12.36846011343966,1.2693256568921911,0.10262600560217941,0.9894679029741414,1.2693256568921911,0.10262600560217941,0.9894679029741414,0.0,-1.220635226892206,0.024113436133037548,0.008709957208929631,0.4882540907568824,True,Q1_best_basis_fit
100286,1,0.3922311686909813,0.3922311686909813,0.0684306217176133,0.0549871517579936,0.013443469959619696,True,3.571654204258691,0.5782749354506126,0.1619067531120739,0.973786203296706,0.5782749354506126,0.1619067531120739,0.973786203296706,0.0,-0.2050632331605747,-0.01234179243339973,-0.38062440303883377,0.38062440303883377,True,Q1_best_basis_fit
100286,2,0.8256796760326909,0.4659678186687961,0.10361080868239028,0.2151895358468215,-0.11157872716443121,False,4.671261175702235,0.9422442997843238,0.20171090083454288,0.9593127124845172,0.9422442997843238,0.20171090083454288,0.9593127124845172,0.0,-0.33665934911379486,-0.01529015938097901,-0.3263339176695931,0.3263339176695931,True,Q1_best_basis_fit
100286,3,0.5878188089642997,0.6536491270245448,0.10956133922537775,0.1578596214208157,-0.04829828219543794,False,6.602653626993148,1.0144685865737857,0.15364558613621765,0.9763930338608581,1.0144685865737857,0.15364558613621765,0.9763930338608581,0.0,0.6660071678614488,-0.015290159380982191,-0.0739257395833269,0.2664028671445795,True,Q1_best_basis_fit
100286,4,0.9088590049798797,0.5299913832805372,0.28089694377973884,0.2365407033868357,0.044356240392903146,True,5.138337163565725,2.316220465630125,0.4507723786702223,0.7968042626279898,2.316220465630125,0.4507723786702223,0.7968042626279898,0.0,0.48210508707592187,-0.0072577051054869305,-0.09547366338449034,0.19284203483036874,True,Q2
100286,5,0.933801485586469,0.697890269177627,0.3803921395815599,0.3493902892063734,0.03100185037518649,True,5.975520808745133,3.13704621276429,0.5249828949090505,0.7243929600529129,3.13704621276429,0.5249828949090505,0.7243929600529129,0.0,-0.4676042915815696,-0.011559128132328369,-0.1124554332716561,0.18704171663262784,True,Q3
100287,1,0.24729029317841053,0.24729029317841053,0.13899151591918008,0.2472902931784105,-0.10829877725923043,False,1.8483602258368956,1.1592847247190443,0.6271963162343782,0.6066247809020259,1.1592847247190443,0.6271963162343782,0.6066247809020259,0.0,-0.001522664728984355,-0.010240401787777843,-0.28860439701842505,0.28860439701842505,True,Q3
100287,2,0.674586526186765,0.5316734235126903,0.186050090135731,0.3728742965559862,-0.18682420642025518,False,5.080214493594765,1.6621026463187076,0.32717174607771377,0.89295864856846,1.6621026463187076,0.32717174607771377,0.89295864856846,0.0,-0.35051075836598905,-0.01529015938097583,-0.351122447943179,0.351122447943179,True,Q2
100287,3,0.9928732923314915,0.4414296344277931,0.19259033136801537,0.2873408577361278,-0.0947505263681124,False,3.6572810178183515,1.7338306714407936,0.4740764144164841,0.77525155329401,1.7338306714407936,0.4740764144164841,0.77525155329401,0.0,-0.25086490354423996,-0.01529015938097901,-0.17983761691075947,0.17983761691075947,True,Q3
100287,4,1.060419770364154,0.35130001568261887,0.19384211947140503,0.2492703749035481,-0.05542825543214305,False,2.053558992575872,1.7788425789450153,0.866224240635879,0.2496555649347948,1.7788425789450153,0.866224240635879,0.2496555649347948,0.0,0.08652016336735373,-0.015290159380979806,-0.10900310040105862,0.10900310040105862,True,Q4_worst_basis_fit
100287,5,1.3312850861804637,0.4196423910162206,0.20636229408793044,0.2489979925543254,-0.04263569846639495,False,3.286262348848456,1.9017567761024219,0.5786990125024009,0.6651074529287462,1.9017567761024219,0.5786990125024009,0.6651074529287462,0.0,-0.21800505232856682,-0.015290159380979806,-0.11398977460084796,0.11398977460084796,True,Q3
100288,1,0.3415314758388127,0.3415314758388127,0.1590757450214275,0.1198320456343354,0.03924369938709209,True,2.9844308245883067,1.3710990354476886,0.45941726112443154,0.7889357801809258,1.3710990354476886,0.45941726112443154,0.7889357801809258,0.0,-0.2050632331605748,-0.008226256272824072,-0.16439426853607714,0.16439426853607714,True,Q2
100288,2,0.6610887881454491,0.43881230670319105,0.16253750126900307,0.1258824070913249,0.03665509417767818,True,3.642983951077902,1.3802124810548217,0.37886866908827266,0.8564585315832809,1.3802124810548217,0.37886866908827266,0.8564585315832809,0.0,-0.29772562053279517,-0.01529015938097901,-0.09082904991211474,0.11909024821311806,True,Q2
100288,3,1.0132467753855123,0.4473819706537965,0.16879844449814857,0.142899287058408,0.025899157439740583,True,3.805649808726147,1.408353677539996,0.3700691730255154,0.8630488071762111,1.408353677539996,0.3700691730255154,0.8630488071762111,0.0,-0.23527760284234123,-0.01529015938097901,-0.3050638942738988,0.3050638942738988,True,Q2
100288,4,2.1365563723818743,1.251597647075697,0.17273724433255075,0.3815895591478256,-0.20885231481527486,False,14.944774610666348,1.4323042154657715,0.09583980038370808,0.9908147326624109,1.4323042154657715,0.09583980038370808,0.9908147326624109,0.0,-1.45077922815739,-0.01529015938097901,-0.0908290499121148,0.580311691262956,True,Q1_best_basis_fit
100288,5,2.190383238066085,0.2940132788012627,0.17681386212107036,0.248446172668992,-0.07163231054792163,False,1.7810989881882395,1.4615904358418002,0.8206115693370596,0.3265966522701683,1.4615904358418002,0.8206115693370596,0.3265966522701683,0.0,0.0836100310912878,-0.01529015938097901,-0.09082904991211434,0.09082904991211434,True,Q4_worst_basis_fit
100289,1,0.4830135184704087,0.4830135184704087,0.13994077881909162,0.2450388332780791,-0.10509805445898748,False,4.829614994106925,1.175778159897364,0.24345173711197338,0.9407312516971627,1.175778159897364,0.24345173711197338,0.9407312516971627,0.0,-0.3369226687966354,-0.01037445033528922,-0.3640063657624979,0.3640063657624979,True,Q2
100289,2,0.6611797154521878,0.30405468352125153,0.14727967612233034,0.1922237724906882,-0.04494409636835786,False,1.999255628980031,1.2610785837258494,0.6307740568269499,0.6021240892340718,1.2610785837258494,0.6307740568269499,0.6021240892340718,0.0,-0.11024433678243371,-0.015290159380979806,-0.0699287466178021,0.0699287466178021,True,Q3
100289,3,1.1558762768323563,0.5789142825735133,0.21728661760616708,0.3901854081047183,-0.17289879049855122,False,5.6983534700147835,1.9455545626985078,0.3414239872861836,0.8834296609056039,1.9455545626985078,0.3414239872861836,0.8834296609056039,0.0,-0.38452671340668754,-0.01529015938097901,-0.41199751963869763,0.41199751963869763,True,Q2
100289,4,1.5394410092581725,0.53640248339831,0.2779285711100808,0.4116569916196088,-0.133728420509528,False,4.460999603841609,2.4898121871028502,0.5581287622080795,0.688492284796077,2.4898121871028502,0.5581287622080795,0.688492284796077,0.0,-0.28612800602394767,-0.016462531598788882,-0.216511697145453,0.216511697145453,True,Q3
100289,5,1.777429651940285,0.48680171253673876,0.3475744756396741,0.4890572936621948,-0.14148281802252072,False,3.6489717779477915,3.0532867970535347,0.836752647829665,0.29984500635004463,3.0532867970535347,0.836752647829665,0.29984500635004463,0.0,-0.1765769712232723,-0.012401900588636546,-0.03854852258688809,0.07063078848930891,True,Q4_worst_basis_fit
100290,1,0.506397860201204,0.506397860201204,0.13386708713544984,0.3181274370913218,-0.18426034995587195,False,6.004623724759358,1.172804565962427,0.19531691238645074,0.9618513037358235,1.172804565962427,0.19531691238645074,0.9618513037358235,0.0,-0.42890378955255964,0.006584379624921774,-0.4515337367015245,0.4515337367015245,True,Q1_best_basis_fit
100290,2,1.0890812929753324,0.7202020813980162,0.14081870242937816,0.2208342488235797,-0.08001554639420153,False,7.881163068803045,1.2503997804665965,0.15865675783517336,0.9748280331932312,1.2503997804665965,0.15865675783517336,0.9748280331932312,0.0,-0.7515041107130747,-0.015290159380978613,-0.06226214516559929,0.30060164428522984,True,Q1_best_basis_fit
100290,3,1.3315866170233672,0.3320422772407514,0.13389717156067193,0.1728512598529023,-0.03895408829223038,False,2.578105313869379,1.2531825408154373,0.48608663659848095,0.7637197817203764,1.2531825408154373,0.48608663659848095,0.7637197817203764,0.0,-0.16740480320365084,-0.01529015938097901,-0.1277927357495396,0.1277927357495396,True,Q3
100290,4,1.6147658754081267,0.3920139825458607,0.20264873326893953,0.2018071533361146,0.0008415799328249374,True,3.0645612403836036,1.7593871618015575,0.5741073595192139,0.6704007397458761,1.7593871618015575,0.5741073595192139,0.6704007397458761,0.0,-0.21748993650962783,-0.011705230196218785,-0.0786316014493217,0.08699597460385114,True,Q3
100290,5,1.9574508884445843,0.49844449920192424,0.2081063493930028,0.1956135812483964,0.012492768144606398,True,4.13395620567556,1.8236398077169103,0.4411367022256338,0.8053984099494925,1.8236398077169103,0.4411367022256338,0.8053984099494925,0.0,-0.3324186317816509,-0.01529015938097901,-0.09082904991211466,0.13296745271266036,True,Q2
100291,1,0.39228441441527806,0.39228441441527806,0.16559519707870152,0.2193805677671177,-0.053785370688416184,False,3.83839371503964,1.3669210811817476,0.3561179969177891,0.8731799722712615,1.3669210811817476,0.3561179969177891,0.8731799722712615,0.0,-0.23576453206630546,-0.0041488371614623485,-0.3373672802857146,0.3373672802857146,True,Q2
100291,2,0.5126035367905606,0.21705675759444054,0.172827818512589,0.1798261988893855,-0.006998380376796509,False,2.3220292827768296,1.436512951782509,0.6186454935937052,0.6172777532562008,1.436512951782509,0.6186454935937052,0.6172777532562008,0.0,-0.12898727225874904,0.004696255890761475,-0.14627832398685495,0.14627832398685495,True,Q3
100291,3,0.7351340144514066,0.35717363492282034,0.24899293347957765,0.2111093718345299,0.03788356164504775,True,2.7627190328362436,2.055437289831216,0.7439907082122198,0.44647782609387954,2.055437289831216,0.7439907082122198,0.44647782609387954,0.0,-0.1289872722587489,-0.007243710241396733,-0.14627832398685509,0.14627832398685509,True,Q3
100291,4,1.2826633164067687,0.826388457462136,0.2564134651919947,0.2118630711235881,0.04455039406840661,True,4.922210417223996,2.122882270936547,0.4312863715675527,0.8139920657000949,2.122882270936547,0.4312863715675527,0.8139920657000949,0.0,-0.27610438614914024,-0.05910962755405059,-0.14627832398685525,0.14627832398685525,True,Q2
100291,5,1.586974422891276,0.4688196774043136,0.35821643204151016,0.3399277850255848,0.018288647015925363,True,4.787156423089331,2.99253033837637,0.62511647289043,0.6092293953210283,2.99253033837637,0.62511647289043,0.6092293953210283,0.0,-0.24444209254039886,0.005817739596536793,-0.35289667275376635,0.35289667275376635,True,Q3
100292,1,0.16140579372331954,0.16140579372331954,0.11664865595374471,0.1614057937233195,-0.044757137769574795,False,1.1154516783640547,0.9667834346658032,0.8667192433505577,0.24879775320583664,0.9667834346658032,0.8667192433505577,0.24879775320583664,0.0,0.045062755381465834,-0.00578682837331176,-0.13340667890997368,0.13340667890997368,True,Q4_worst_basis_fit
100292,2,0.5959659646233151,0.5329500285476679,0.12606845973300967,0.1485347939610206,-0.02246633422801092,False,4.141288604753424,1.0466458969911143,0.25273435321309434,0.9361253467059589,1.0466458969911143,0.25273435321309434,0.9361253467059589,0.0,0.43778069939439535,-0.022766943693338967,-0.2137534668869586,0.2137534668869586,True,Q2
100292,3,0.5993439227934456,0.30311986953893416,0.13824038976506586,0.1569554563634203,-0.018715066598354424,False,2.4691845512395445,1.1731106462533873,0.47510043170506605,0.7742795797936599,1.1731106462533873,0.47510043170506605,0.7742795797936599,0.0,-0.14692737371482328,-0.010472672849866072,-0.1783839920786884,0.1783839920786884,True,Q3
100292,4,0.4782226535018999,0.33375566655978073,0.2958780132014064,0.4030303658354475,-0.1071523526340411,False,3.216528257148045,2.443077102867524,0.7595385171693451,0.4231012409361924,2.443077102867524,0.7595385171693451,0.4231012409361924,0.0,-0.12898727225874895,0.020573002409266912,-0.14627832398685497,0.14627832398685497,True,Q3
100292,5,0.6981894505830023,0.4347461286736637,0.32073837044419445,0.4041151326546587,-0.08337676221046425,False,3.1541792010101757,2.6654363165836887,0.8450491068262833,0.2858920070521008,2.6654363165836887,0.8450491068262833,0.2858920070521008,0.0,0.20913562702509095,-0.010472672849864481,-0.2912847134459217,0.2912847134459217,True,Q4_worst_basis_fit
100293,1,0.664048992979884,0.664048992979884,0.011963455900778193,0.0229537734004274,-0.010990317499649207,False,3.7086982839797344,0.1472332039386837,0.039699428927577926,0.9984239553428242,0.1472332039386837,0.039699428927577926,0.9984239553428242,0.0,-0.12898727225874895,-0.06325045208342733,-0.14627832398685503,0.14627832398685503,True,Q1_best_basis_fit
100293,2,0.8148014621024178,0.17868005784541302,0.02392691180156446,0.0387553611830117,-0.014828449381447239,False,1.5654699029825216,0.2944664078773674,0.18810097039639803,0.9646180249359334,0.2944664078773674,0.18810097039639803,0.9646180249359334,0.0,-0.09044324183404101,-0.010472672849864481,-0.14627832398685509,0.14627832398685509,True,Q1_best_basis_fit
100293,3,0.9257960765342728,0.4398495036213456,0.08425459508710896,0.090481092672956,-0.006226497585847035,False,4.694006432959543,0.7183089350426378,0.15302683225973945,0.9765827886085495,0.7183089350426378,0.15302683225973945,0.9765827886085495,0.0,0.49635139024852065,-0.007678025747689849,-0.12987759818541864,0.19854055609940827,True,Q1_best_basis_fit
100293,4,0.7324865424878358,0.2730620503462055,0.09315774835627108,0.0983917645590787,-0.005234016202807626,False,2.2069841281020692,0.8223126819343904,0.37259564827117775,0.8611724828893808,0.8223126819343904,0.37259564827117775,0.8611724828893808,0.0,-0.12898727225874898,0.018797064493124724,-0.14627832398685509,0.14627832398685509,True,Q2
100293,5,1.31263522688464,0.774730836282044,0.10717546376208648,0.1282002192290103,-0.02102475546692381,False,8.846353522307401,1.0025318990757273,0.11332713490905529,0.9871569604933048,1.0025318990757273,0.11332713490905529,0.9871569604933048,0.0,0.9042034766100013,-0.010472672849864481,-0.10766592656982904,0.3616813906440005,True,Q1_best_basis_fit
100294,1,0.19966936888628906,0.19966936888628906,0.010800551793605298,0.0152949996592865,-0.0044944478656812024,False,1.8056508581654325,0.12621390243919078,0.06989939492922012,0.995114074588529,0.12621390243919078,0.06989939492922012,0.995114074588529,0.0,-0.11346536755231118,-0.010472672849864481,-0.16151387177319412,0.16151387177319412,True,Q1_best_basis_fit
100294,2,0.38328378016436193,0.19166150193179257,0.023060577523322644,0.0369380619607609,-0.013877484437438258,False,1.7487104072669006,0.27892644827709007,0.15950408204697,0.9745584478103535,0.27892644827709007,0.15950408204697,0.9745584478103535,0.0,-0.13493830801742257,-0.010472672849866867,-0.08590707765124855,0.08590707765124855,True,Q1_best_basis_fit
100294,3,0.6258049791625846,0.24530505900640087,0.045422354815534575,0.0838140303686032,-0.038391675553068626,False,2.41062430373107,0.5447437535625673,0.2259762140120442,0.9489347507007828,0.5447437535625673,0.2259762140120442,0.9489347507007828,0.0,-0.15782585537652485,-0.010472672849866072,-0.19788795284458807,0.19788795284458807,True,Q1_best_basis_fit
100294,4,0.8498927479893127,0.2645763675249354,0.18842433568705247,0.153934189019026,0.03449014666802647,True,2.25697710813245,1.5572664282848605,0.6899788317186036,0.5239292117802309,1.5572664282848605,0.6899788317186036,0.5239292117802309,0.0,-0.09609690875461582,-0.0031379189554057653,-0.17856190737140237,0.17856190737140237,True,Q3
100294,5,1.0086006383875852,0.28253497581267284,0.19600356840809954,0.1623499997426453,0.03365356866545424,True,2.4343562592233066,1.622879351764436,0.6666564705209679,0.5555691503125259,1.622879351764436,0.6666564705209679,0.5555691503125259,0.0,-0.1289872722587489,-0.002885830036194416,-0.14627832398685514,0.14627832398685514,True,Q3
100295,1,0.3432977838577467,0.3432977838577467,0.058641465520815964,0.1531293090301382,-0.09448784350932223,False,3.6081900013287163,0.5909701561288021,0.1637857640288281,0.9731742235014931,0.5909701561288021,0.1637857640288281,0.9731742235014931,0.0,-0.23206148604897714,-0.010472672849864481,-0.33074029622700013,0.33074029622700013,True,Q1_best_basis_fit
100295,2,0.8431520790985436,0.5639432033656848,0.1731381921045869,0.2888585714759424,-0.11572037937135551,False,4.231435389638339,1.5312745588889456,0.3618806428283486,0.8690424003461412,1.5312745588889456,0.3618806428283486,0.8690424003461412,0.0,-0.2644559178930708,-0.031714943913236204,-0.27073800248741187,0.27073800248741187,True,Q2
100295,3,0.9898344815915289,0.2608156995492255,0.18372599986320115,0.2213116416807847,-0.03758564181758356,False,2.4473186720742577,1.6472770479766132,0.6730946266921756,0.5469436235181209,1.6472770479766132,0.6730946266921756,0.5469436235181209,0.0,-0.12898727225874904,-0.0014199681968558146,-0.14627832398685475,0.14627832398685475,True,Q3
100295,4,1.256041298155024,0.3828723745443248,0.21675799572227364,0.2538488811466816,-0.03709088542440794,False,3.325733954492236,1.9574176377274806,0.5885671146615616,0.6535887515389642,1.9574176377274806,0.5885671146615616,0.6535887515389642,0.0,-0.17882509034566554,-0.010472672849864481,-0.2354682569333023,0.2354682569333023,True,Q3
100295,5,1.4760038158608846,0.38122160617407685,0.27107683385855375,0.2577103887904442,0.013366445068109523,True,3.053778359490882,2.4333258625391125,0.7968246467450868,0.3650704823395676,2.4333258625391125,0.7968246467450868,0.3650704823395676,0.0,-0.12898727225874895,-0.007155904925876217,-0.1462783239868549,0.1462783239868549,True,Q4_worst_basis_fit
100296,1,0.21390137119331504,0.21390137119331504,0.01196345590078627,0.0229537059303029,-0.010990250029516629,False,2.0244599346901446,0.14723320393868372,0.07272715128403794,0.9947107614661087,0.14723320393868372,0.07272715128403794,0.9947107614661087,0.0,-0.14329478106438193,-0.010472672849864481,-0.14627832398685503,0.14627832398685503,True,Q1_best_basis_fit
100296,2,0.9630078395911665,0.7595385649126204,0.06433707220531155,0.1650430119192496,-0.10070593971393806,False,6.616669362298438,0.68777313168447,0.10394551911621554,0.9891953290556604,0.68777313168447,0.10394551911621554,0.9891953290556604,0.0,-0.4952613937989804,-0.04985729406278672,-0.32736973755034837,0.32736973755034837,True,Q1_best_basis_fit
100296,3,0.8764904144554673,0.34823177803530075,0.13036465720591722,0.1587397554749303,-0.028375098269013077,False,3.20388221857574,1.1400867057187047,0.3558453862968537,0.8733740610512429,1.1400867057187047,0.3558453862968537,0.8733740610512429,0.0,0.3352404476240453,-0.006455500451708072,-0.1462783239868548,0.1462783239868548,True,Q2
100296,4,0.9917560060475447,0.6850444029522956,0.34534790213274125,0.2747778746114784,0.07057002752126285,True,7.348803134163194,2.867324921352391,0.39017576998664455,0.847762868515329,2.867324921352391,0.39017576998664455,0.847762868515329,0.0,0.7321011285207315,-0.00036698121242109786,-0.21112481253713228,0.2928404514082926,True,Q2
100296,5,1.5362411853460685,0.7562480959798927,0.35720314685004284,0.3522336765850523,0.004969470264990561,True,4.092610063198878,2.9497781657162454,0.7207571989916457,0.48050906010171723,2.9497781657162454,0.7207571989916457,0.48050906010171723,0.0,0.07071535554402061,-0.054202310719803436,-0.1585523856589961,0.1585523856589961,True,Q3
100297,1,0.19459679223312162,0.19459679223312162,0.010247202338814168,0.0127203530196061,-0.002473150680791932,False,1.7093471993261637,0.12116700707164241,0.0708849595444432,0.9949753225103827,0.12116700707164241,0.0708849595444432,0.9949753225103827,0.0,-0.0947538445080236,-0.010472672849864481,-0.17988019400542568,0.17988019400542568,True,Q1_best_basis_fit
100297,2,0.5373834460520379,0.42367426771027306,0.12624001219004807,0.1941279791153794,-0.06788796692533133,False,4.614659617105636,1.061709404012875,0.23007317811205985,0.9470663327134163,1.061709404012875,0.23007317811205985,0.9470663327134163,0.0,-0.3316945821977279,0.01107370664964914,-0.32510083705520854,0.32510083705520854,True,Q2
100297,3,0.9357696035121621,0.4568194261588785,0.24052567576708014,0.3612657298170633,-0.12074005404998314,False,4.409383423555391,2.0403196457715524,0.4627222107453731,0.7858881556829145,2.0403196457715524,0.4627222107453731,0.7858881556829145,0.0,-0.23643105686739097,-0.006757922068412404,-0.41339021376464075,0.41339021376464075,True,Q2
100297,4,1.131456709649102,0.3777692440142489,0.24884938607975562,0.3212824844370869,-0.07243309835733128,False,2.8393775555632113,2.134251690134838,0.7516618161445929,0.43500451415021224,2.134251690134838,0.7516618161445929,0.43500451415021224,0.0,-0.12658702893804255,-0.010472672849867663,-0.14863428625457167,0.14863428625457167,True,Q3
100297,5,1.3452986078862137,0.4037850897488515,0.26255821797157564,0.2991636056624872,-0.03660538769091154,False,3.116779216125612,2.2961840231098507,0.7367169324121001,0.4572481614973051,2.2961840231098507,0.7367169324121001,0.4572481614973051,0.0,-0.14816497095572298,-0.010472672849864481,-0.1579059681172769,0.1579059681172769,True,Q3
100298,1,0.37535078213841006,0.37535078213841006,0.06937126651990987,0.1840669999939395,-0.11469573347402963,False,4.0086187958995785,0.693745098159277,0.17306337506297925,0.9700490682118106,0.693745098159277,0.17306337506297925,0.9700490682118106,0.0,-0.2556933198452536,-0.010472672849864481,-0.37303190835206634,0.37303190835206634,True,Q1_best_basis_fit
100298,2,0.8690274182014998,0.5193285262476662,0.07672061780951653,0.1312128579110659,-0.05449224010154938,False,5.017485859480884,0.8106555549574699,0.16156608661401217,0.9738963996562335,0.8106555549574699,0.16156608661401217,0.9738963996562335,0.0,-0.42602689393074517,-0.024716237528186975,-0.15826988096283276,0.17041075757229807,True,Q1_best_basis_fit
100298,3,1.0865407372710518,0.27946945764878917,0.25244017460212503,0.2182157856135958,0.034224388988529225,True,2.6899756154004555,2.0823589184157254,0.7741181393964888,0.4007411062573184,2.0823589184157254,0.7741181393964888,0.4007411062573184,0.0,-0.10779045028485902,0.004329982877888582,-0.16708409494148393,0.16708409494148393,True,Q4_worst_basis_fit
100298,4,1.9797494018936148,1.10428762490586,0.28814692757328103,0.3498298454533881,-0.06168291788010705,False,9.32194722919161,2.446960269135269,0.26249454207084877,0.9310966153830154,2.446960269135269,0.26249454207084877,0.9310966153830154,0.0,-0.7430367128094325,-0.04854582311977451,-0.3622855728182076,0.3622855728182076,True,Q2
100298,5,2.207304784367974,0.47644215280604685,0.3807280595797534,0.3510816010432674,0.02964645853648601,True,3.662700908109604,3.1682109286484876,0.8649930770032945,0.2517869767363726,3.1682109286484876,0.8649930770032945,0.2517869767363726,0.0,-0.12898727225874904,-0.00640379943864903,-0.1462783239868547,0.1462783239868547,True,Q4_worst_basis_fit
100299,1,0.28586220972947207,0.28586220972947207,0.011963455900776056,0.0229537214539652,-0.010990265553189143,False,2.0245921747743476,0.1472332039386837,0.07272240097198522,0.9947114523968698,0.1472332039386837,0.07272240097198522,0.9947114523968698,0.0,-0.1289872722587489,0.022967991419259724,-0.10237688073531243,0.10237688073531243,True,Q1_best_basis_fit
100299,2,0.669721006259391,0.525530116095401,0.023926911801562346,0.0387553352097833,-0.01482842340822095,False,5.844839249649151,0.29446640787736733,0.05038058281843138,0.9974617968748751,0.29446640787736733,0.05038058281843138,0.9974617968748751,0.0,-0.4388358787304972,-0.010472672849864481,-0.40861321109465254,0.40861321109465254,True,Q1_best_basis_fit
100299,3,0.7820055310930452,0.23847054122331834,0.11567144032109664,0.103660081080528,0.012011359240568634,True,2.069349410832607,0.9563196616055756,0.46213542120989537,0.7864308524631526,0.9563196616055756,0.46213542120989537,0.7864308524631526,0.0,-0.12898727225874898,-0.006092982319547203,-0.1462783239868549,0.1462783239868549,True,Q2
100299,4,1.023085200227301,0.320923320008667,0.17356246325259264,0.2033476556681237,-0.02978519241553107,False,3.2661571946623567,1.463937631136427,0.44821407663073715,0.7991041415100557,1.463937631136427,0.44821407663073715,0.7991041415100557,0.0,-0.18430076486727698,-0.0010990871944290919,-0.293695548192295,0.293695548192295,True,Q2
100299,5,1.2652748422151059,0.2936242143903246,0.18203827824600377,0.1814638394178227,0.000574438828181062,True,2.5720222727356368,1.5587649883343029,0.6060464580177916,0.6327076907240892,1.5587649883343029,0.6060464580177916,0.6327076907240892,0.0,-0.12898727225874904,0.01870498513475617,-0.14627832398685478,0.14627832398685478,True,Q3
100300,1,0.6677610344325812,0.6677610344325812,0.011963455900786285,0.022953705930303,-0.010990250029516714,False,8.443969996994742,0.14723320393868364,0.017436490654406018,0.9996959687936589,0.14723320393868364,0.017436490654406018,0.9996959687936589,0.0,-0.7932666988811533,-0.010472672849864481,-0.1462783239868553,0.31730667955246133,True,Q1_best_basis_fit
100300,2,1.1232081335842983,0.48559605575703657,0.11326998893802098,0.1695878466830415,-0.056317857745020516,False,3.670194524423685,0.9626590923914075,0.26229102735162785,0.9312034169708276,0.9626590923914075,0.26229102735162785,0.9312034169708276,0.0,-0.1965130975685365,-0.031310685172604505,-0.3246423025806934,0.3246423025806934,True,Q2
100300,3,1.3811268593162085,0.3129172863383648,0.12201999939460914,0.140038988040679,-0.01801898864606985,False,2.760758012683155,1.0639984357859553,0.3854008322706506,0.8514661984850899,1.0639984357859553,0.3854008322706506,0.8514661984850899,0.0,-0.1684705682175304,-0.010472672849869254,-0.2239415540662544,0.2239415540662544,True,Q2
100300,4,0.7269954234243583,0.8581050220700993,0.18792943512184973,0.2032996073895179,-0.01537017226766818,False,10.75882111810365,1.6223291027234394,0.15079060102538364,0.9772621946424036,1.6223291027234394,0.15079060102538364,0.9772621946424036,0.0,1.0767946579032286,0.0012382010778012494,-0.06292490985089291,0.43071786316129146,True,Q1_best_basis_fit
100300,5,1.030939297562922,0.4417231135328005,0.22473903940328083,0.290403521002092,-0.06566448159881116,False,3.9947543231970037,2.0419694119093266,0.5111627015588627,0.738712692535045,2.0419694119093266,0.5111627015588627,0.738712692535045,0.0,-0.2243847488601118,-0.010472672849864481,-0.31700198059832824,0.31700198059832824,True,Q3
