assembly_id,component_index,zero_quality,deterministic_quality,structured_quality,deterministic_z_adj,deterministic_theta_adj,deterministic_locator_offset,deterministic_utilization,least_squares_success
100001,1,0.027705836311958568,0.03855485602153698,0.0277010497531896,-1.287300763231113e-19,0.0017481239141562792,-0.00012846836293050096,0.0014567699284635661,True
100001,2,0.12363005484612404,0.13650132394491998,0.10159373423819,0.012066795331417973,0.007238783256268703,-0.011844180232825515,0.011844180232825515,True
100001,3,0.3465435732604848,0.30808989151909966,0.3309599979772978,-0.14190006859971352,0.0067599545224857486,-0.253944857325669,0.253944857325669,True
100001,4,0.4263375268795231,0.3151158018139796,0.3199195471204686,-0.10396273185572474,1.5902773407317584e-15,-0.065166843713859,0.065166843713859,True
100001,5,0.46869754416773357,0.3914315652655237,0.3398119891241024,-3.850670242702873e-17,0.003495376960007969,1.8018084853993477e-17,0.002912814133339974,True
100002,1,0.46799643475892394,2.8241406006276728e-05,4.975972214397733e-05,0.2988750268812797,0.031932494322852535,0.03298246318038151,0.11955001075251188,True
100002,2,0.55758631055669,2.824140600608331e-05,3.5348009997244766e-05,0.1295639275182897,-3.1575777857863713e-17,-4.1081062927806196e-17,0.051825571007315885,True
100002,3,0.4195726965662235,2.82414060060617e-05,2.9622444949604568e-05,-2.6307534170097917e-19,-0.017281515440427796,-5.480641981914225e-17,0.014401262867023163,True
100002,4,0.4239709580572922,0.1680311671005754,0.1780462019770173,-0.07531431742269679,0.007812382705732941,-0.13478276495016078,0.13478276495016078,True
100002,5,0.4635510198011304,0.203984941594216,0.2090657065341715,-0.04264835947655496,0.008264977082047542,-0.06062645578323917,0.06062645578323917,True
100003,1,0.08200916040858065,0.013547636342522146,0.0520622846411376,-0.02730871534189078,-0.007347028596536977,-0.021016518546340797,0.021016518546340797,True
100003,2,0.11256614995564221,0.07285534122030189,0.0719048251004718,-4.9623945579656e-18,0.0030350572794968405,4.336808689942018e-19,0.0025292143995807007,True
100003,3,0.5487078123950531,0.13465160130383413,0.1110443244279986,0.6831614890485991,0.0028028630631208125,-0.0020805908527800473,0.2732645956194396,True
100003,4,0.5926656279702631,0.1935044116029642,0.1432323269765281,-5.005034638254215e-17,0.002674142082897301,0.08753498907482099,0.08753498907482099,True
100003,5,0.4916328895506952,0.2115516085456289,0.2203657714941582,-0.0975497659612774,0.0,-0.1745754011512791,0.1745754011512791,True
100004,1,0.18648380156176256,1.277577862901601e-16,0.0,-0.2664054308025179,-3.316886114552083e-18,4.235912984405681e-18,0.10656217232100715,True
100004,2,0.6033871393269551,0.011790403768495815,0.020774008750129,-0.19936386575429904,0.03333027411097683,-0.029699778158902124,0.07974554630171962,True
100004,3,0.8997780337590401,0.011790403768495817,0.0147573144974077,-2.6562238342099588e-17,0.0361660694909553,0.008086310050129199,0.030138391242462752,True
100004,4,1.0987561905822265,0.011790403768498927,0.0123669687865762,-0.286075740730565,3.975693351829396e-16,-0.06094103699995964,0.11443029629222601,True
100004,5,1.0842060442014714,0.011790403768495727,0.0113372373242603,0.021064870902811405,-4.279612218756786e-16,5.569177958718262e-17,0.008425948361124562,True
100005,1,0.010736279134060205,0.006093434708939281,0.0107362791340602,0.01563772705614148,0.0,-0.015349233379506307,0.015349233379506307,True
100005,2,0.5156919322292562,0.0060934347089393465,0.0076267729362681,-0.7430216215389346,-2.137092341275661e-18,-1.0347711273685733e-16,0.29720864861557383,True
100005,3,0.5066329484346691,0.01860416005591314,0.0277700872191074,0.0321065733195218,3.975693351829396e-16,-0.03151425300673911,0.03151425300673911,True
100005,4,0.5070086223104987,0.01808447302313081,0.0204951708516538,-0.0013336852467290522,-4.0999337690740647e-16,0.0013090806632802198,0.0013090806632802198,True
100005,5,0.6642064751889215,0.03586426963273527,0.16092821807686,-0.11668779587551192,0.0,-0.20882488618693654,0.20882488618693654,True
100006,1,0.43561497983783004,0.05145053647020888,0.1126869361753456,-0.12197229782776069,-0.042091839827905896,-0.0723652569812333,0.0723652569812333,True
100006,2,0.46199408414331145,0.05145053647020728,0.0661689075573195,0.17815330841496768,-2.048894879620534e-16,1.4964137276044065e-16,0.07126132336598708,True
100006,3,0.6388680062349692,0.20410316308838952,0.319690957973997,-0.34324446266865605,0.006533933506334721,-0.2493137304809476,0.2493137304809476,True
100006,4,0.7366653797888905,0.20178437501685653,0.2329064298770528,-0.09999980566587906,-1.5902773407317584e-15,-0.20757028928661056,0.20757028928661056,True
100006,5,0.8737619534818086,0.2288983082258148,0.281047868782925,-0.0692363813244778,-0.008366167897378237,-0.12390566932555816,0.12390566932555816,True
100007,1,0.2528089646541437,0.01577564947052871,0.0472460445672734,-0.2351956093376163,0.011078740878850784,-0.062138574276085434,0.09407824373504652,True
100007,2,0.24337421253787894,0.008720836442521467,0.0291757821243892,0.021594725865828814,-1.987846675914698e-16,-0.021196334089415472,0.021196334089415472,True
100007,3,0.40169709967068423,0.09084596150527692,0.0775923842435052,-0.2097521291619618,0.00393513994950602,0.15274711067536348,0.15274711067536348,True
100007,4,0.38085945471875526,0.13124265406499325,0.1052363574528793,-0.006708973843386886,-0.015534135979015594,0.03511504984341035,0.03511504984341035,True
100007,5,0.22899600894528185,0.1790899815466004,0.1494604718638093,0.5749474207615043,0.0021298604737670633,-0.055338995304404594,0.2299789683046017,True
100008,1,0.028963051148748236,0.005813649292999746,0.0102433134313518,-0.014919707059573406,3.975693351829396e-16,-0.043389776137701085,0.043389776137701085,True
100008,2,0.12275837662640982,0.01875453225852156,0.0399605095601447,-0.02886799338526391,0.009244159544714683,-0.051662261574931985,0.051662261574931985,True
100008,3,0.30372530810642456,0.09973646317983238,0.2090282526578651,-0.1895916761193515,0.0,-0.15187399828959983,0.15187399828959983,True
100008,4,0.7322321550225085,0.1979362583805,0.3425984685156013,-0.10450096886932057,-0.0508374264762954,-0.2705930256867247,0.2705930256867247,True
100008,5,0.8062418738495909,0.19793625838050252,0.2543130560859588,2.5744945689488544e-17,-0.010015654897310673,-0.016355394408128235,0.016355394408128235,True
100009,1,0.11606973124539825,0.03572889776676032,0.1013910163723597,-0.10079410128588903,2.7121109290975853e-05,-0.12456309005266666,0.12456309005266666,True
100009,2,0.13439306943240445,0.06463766744793291,0.0861623283857213,8.029682559030085e-18,0.0022391403368314635,5.186552142627532e-17,0.0018659502806928864,True
100009,3,0.720615168944725,0.1729993668769685,0.1439265883443738,0.6007658353388523,0.046389146042279505,-0.019716402798294144,0.24030633413554092,True
100009,4,0.6603433574059829,0.17299936687696846,0.1415979411780221,-1.6775798143767887e-16,-0.007822703762505104,-1.229485263598562e-16,0.006518919802087587,True
100009,5,0.6601391083490844,0.22866798897284132,0.179855197966761,-0.03504892142519916,0.0025250290627299847,0.0016757442095655798,0.014019568570079664,True
100010,1,0.4980139628210128,0.14451702800088198,0.1970915885199971,0.5302922427431124,0.017033556341449756,-0.18818776147734517,0.21211689709724496,True
100010,2,0.444514117705495,0.14538409144905398,0.1551132954118096,-0.008331095394098398,-0.006494695857286482,0.008177398611182813,0.008177398611182813,True
100010,3,0.39332719643962366,0.1546265192899585,0.1838107604650725,-0.04320420053785879,3.1805546814635168e-15,-0.2769981092250827,0.2769981092250827,True
100010,4,0.34647291408390296,0.1848316004289749,0.3148976409003261,-0.12405800877805653,-3.1805546814635168e-15,-0.23521253827089247,0.23521253827089247,True
100010,5,0.3657680375530181,0.19688884710657764,0.2781225731446263,-0.04830447579569355,0.004119309003683471,0.009236507999802157,0.01932179031827742,True
100011,1,0.026745844820357696,0.015179752418254417,0.0267458448203576,-0.03895616125141662,-3.975693351829396e-16,0.038237475847414756,0.038237475847414756,True
100011,2,0.1711984394183364,0.01517975241825131,0.0189995512305938,1.7146031103761352e-17,-0.017265248288911,-2.0491421059976034e-17,0.014387706907425834,True
100011,3,0.26349581486912155,0.06548729164629266,0.0525436956415725,-9.576001969802381e-18,-0.006769966952145191,2.2876665839444144e-17,0.00564163912678766,True
100011,4,0.3456566411741116,0.11271572784630142,0.0852265061883726,-0.11251655341949049,0.000819221387679506,-1.7377727945869226e-17,0.04500662136779619,True
100011,5,0.335734328085826,0.11107662280048677,0.0858503490022155,0.019809736188579497,0.0,-0.019444274916254004,0.019444274916254004,True
100012,1,0.06615865042627014,0.020637806197150374,0.0661586504262701,-0.045423516198002854,7.951386703658792e-16,-0.09142985374596382,0.09142985374596382,True
100012,2,0.23149720948734903,0.05024825792447755,0.0621272834143587,0.2583735247459749,0.011152751621248033,7.554178636792752e-17,0.10334940989838996,True
100012,3,0.29692256042597787,0.17234099999187485,0.2102783220815916,-0.29047878464307303,0.008706981130794897,-0.14688835568948594,0.14688835568948594,True
100012,4,0.3689673515243596,0.29136567612194575,0.2557807402848544,-7.976013409721157e-18,0.005464404005884337,9.170995126511761e-17,0.004553670004903615,True
100012,5,0.39232203756967876,0.2899658110917173,0.2783814258308629,0.014758813178971188,0.0,-0.09526088760354975,0.09526088760354975,True
100013,1,0.10681966444481056,0.03566752726656719,0.1068196644448105,-0.07850371725846615,0.0,-0.14049052601216355,0.14049052601216355,True
100013,2,0.15030330716103044,0.03566752726656719,0.0697391784280697,-3.3862683773403254e-17,0.007558966354809798,2.211772431870429e-17,0.006299138629008165,True
100013,3,0.13756217192594503,0.020253106103229005,0.0555731133745151,0.04264848322852823,0.0,-0.034095270498420385,0.034095270498420385,True
100013,4,0.17417774566740232,0.044360146969944086,0.1025228036202572,-0.05700695800455938,4.969616689786745e-17,-0.004190710748079025,0.022802783201823752,True
100013,5,0.16604024071253398,0.033596410228260466,0.0866541918555078,0.029447216638920942,1.987846675914698e-16,-0.02890395764966145,0.02890395764966145,True
100014,1,0.3540522312707649,0.033453387924335935,0.1001886014108135,-0.01260251611257036,-0.033878899268545336,-0.13176927100253585,0.13176927100253585,True
100014,2,0.3471933731274531,0.04259418307582394,0.0731467912688007,-4.1476207895990946e-17,0.0009881268941479052,0.07820594127047104,0.07820594127047104,True
100014,3,0.3499351846095996,0.03664481171504751,0.0856727469061298,0.019008197402270176,0.0,-0.0597122847355975,0.0597122847355975,True
100014,4,0.41834837432143623,0.08843074928732568,0.2242888641177027,-0.1182970483027142,0.0,-0.21170480993933188,0.21170480993933188,True
100014,5,0.4271643180003009,0.10231197378907499,0.1796789024586036,-2.1638934846336185e-17,0.0014302429404259916,-4.7898019101336176e-17,0.0011918691170216596,True
100015,1,0.004337663101278144,0.002461864726780994,0.0043376631012781,-0.006317942258421112,-4.969616689786745e-17,0.006201385268753946,0.006201385268753946,True
100015,2,0.0068623561248448185,0.0038947682408493715,0.0055406390507198,-0.003677294517970457,4.969616689786745e-17,0.0036094536986652627,0.0036094536986652627,True
100015,3,0.010298787027005594,0.005845133639571929,0.0076379400659996,-0.005005269313909669,0.0,0.004912929260797419,0.004912929260797419,True
100015,4,0.03262212327832857,0.03881070292178851,0.0300340173239626,-1.4167213068790955e-18,0.0017061756743442826,1.8600843521704435e-18,0.0014218130619535689,True
100015,5,0.06438542880561367,0.0833430773641939,0.0615447942791199,-5.331695420915139e-19,0.0020229459539008133,-5.285485590866834e-19,0.0016857882949173446,True
100016,1,0.23659960739030253,0.14823375984056758,0.1854846460895635,0.26720716548764323,0.005891868470101832,-0.13826580158007845,0.13826580158007845,True
100016,2,0.4111696831970048,0.1482337598405667,0.1451141765845809,-5.923056156617339e-17,0.022520587572766666,3.8977068100853884e-17,0.01876715631063889,True
100016,3,1.116405518544199,0.25019560613712233,0.2009564080647485,0.9619303477670387,0.004673554293172366,2.8155375166732943e-16,0.38477213910681546,True
100016,4,0.48641476961715197,0.45410075185331833,0.3403122166261103,-1.064374038849896,-6.107880565270343e-05,-4.053063240523668e-16,0.4257496155399584,True
100016,5,0.4071650229883021,0.4673416837445636,0.3964020808153755,-0.12485967253221794,-0.006629189032362328,-0.12447498700903888,0.12447498700903888,True
100017,1,0.0092007472245479,1.01313587164294e-18,0.0,0.013143924606496998,-1.2297294362554257e-21,2.3166418476129617e-18,0.005257569842598799,True
100017,2,0.03253694305416133,0.010466371789111816,0.0313454396238878,-0.02303633457721051,0.0,-0.0632993580388512,0.0632993580388512,True
100017,3,0.25049397010722046,0.11246353504073706,0.1822490321239878,-0.0923546305553856,-0.008008992601813088,-0.16527816872246115,0.16527816872246115,True
100017,4,0.3470799708175773,0.1482423128268973,0.2097012448693675,-0.047470057404110505,0.0011870098005763384,-0.14616752137436054,0.14616752137436054,True
100017,5,0.3116204018492063,0.14824231282689473,0.170398241583146,0.026368219058465987,-3.975693351829396e-16,0.04788523677576209,0.04788523677576209,True
100018,1,0.7986555949243231,0.12496470498548479,0.1343755550580685,0.8740203945781359,-0.017785306743950256,-0.10385152056984442,0.3496081578312543,True
100018,2,0.815886018888586,0.20561517634959103,0.1710702940919061,1.9488149829523564e-16,0.003674364291576594,-3.9471735342050396e-16,0.003061970242980495,True
100018,3,0.9800664624721069,0.20561517634959103,0.1635752425906957,-9.901559212559316e-18,-0.022758916102136,1.4690939437178585e-17,0.01896576341844667,True
100018,4,0.8795705536841478,0.23957859587262892,0.3437341185948407,-0.17003996829837476,0.0,-0.304304119901456,0.304304119901456,True
100018,5,0.9454927829709754,0.2938660920090236,0.3035282557387521,-0.00978508358973707,-0.0063390641411132645,7.639559557875986e-17,0.00528255345092772,True
100019,1,0.2685695913542498,0.02956374401397737,0.0885396173304343,-0.06506937763947339,0.025859822226144174,-0.11644838500775405,0.11644838500775405,True
100019,2,0.2789133826025034,0.035072824698661076,0.0737481003889149,-0.012125407774770008,-5.963540027744094e-16,-0.02169967201401147,0.02169967201401147,True
100019,3,0.5556068057854002,0.10254853965121344,0.2571813933313974,-0.44443796000559543,-0.01875890318202917,-0.27963215659317436,0.27963215659317436,True
100019,4,0.5508048990450947,0.1050642590098296,0.1837696359846681,-0.006709251074972562,-3.3793393490549868e-15,0.022547523040219813,0.022547523040219813,True
100019,5,0.5640808402962245,0.12016297025907471,0.1622896372649866,2.3969140589132383e-18,0.0017392868324086269,1.2265037076242269e-18,0.0014494056936738557,True
100020,1,0.27969099389334384,6.177038414085043e-17,0.0,-9.317255810881988e-18,-0.028879418203437892,1.2793585635328952e-17,0.024066181836198245,True
100020,2,0.32207988732384313,7.648204939973381e-15,0.1076622222302053,0.08163152999054477,-7.951386703658792e-16,0.11883459382166549,0.11883459382166549,True
100020,3,0.33979479922451045,2.2131612531282234e-17,0.0673126447639782,-0.24622798675618776,7.888971031823397e-16,-9.508969599528739e-17,0.09849119470247511,True
100020,4,0.6182810853442022,0.17770911583544965,0.1562012696129458,-0.37036992113699047,0.00805754670774599,-1.7911019889460533e-16,0.1481479684547962,True
100020,5,0.9707971254392219,0.17770911583544965,0.151342341141245,-0.5061010866318026,2.9173006564307685e-18,2.860473442917608e-17,0.20244043465272105,True
100021,1,0.22523643461420537,0.03182834679515401,0.0795912558430696,-0.07318561253752602,0.020537882729094594,-0.08005768832727693,0.08005768832727693,True
100021,2,0.22551019248917759,0.03202253210843221,0.0488465121000319,-0.0005116773433588828,6.212020862233431e-18,0.0005022376289102325,0.0005022376289102325,True
100021,3,0.8724619045876787,0.09348880029266383,0.1538290390403061,-0.4471091155898438,0.04193407904474282,-0.2403927205577526,0.2403927205577526,True
100021,4,0.9089958212467928,0.1105444958856463,0.1424085244170673,-0.03775220536515707,-7.951386703658792e-16,-0.06756147829799908,0.06756147829799908,True
100021,5,0.9843378409587321,0.13686908391592045,0.1298305292830048,-0.1330878923845979,-0.000591035872995204,0.02203168883600998,0.05323515695383916,True
100022,1,0.04480094156035554,0.0623548156795,0.0448009415603555,-4.41087691175422e-18,0.002827242937610842,5.380353280959316e-18,0.0023560357813423687,True
100022,2,0.07404693937646849,0.10305996025174077,0.0740469393764684,-7.546343375424102e-19,0.0018456206038907816,-9.41900637346782e-19,0.0015380171699089847,True
100022,3,0.16382693151201994,0.11916636508776426,0.1638269315120199,-0.08783196701668648,0.0,-0.15718439429091532,0.15718439429091532,True
100022,4,0.268092453366664,0.14847386586693356,0.268092453366664,-0.13371714730135417,0.0,-0.04633895107903223,0.05348685892054167,True
100022,5,0.28960345579979807,0.19231942413404635,0.2067098923679152,-3.640808812087419e-17,0.0021138314234983467,6.661067097207818e-17,0.0017615261862486222,True
100023,1,0.0942048098644081,0.031455375205906584,0.0942048098644081,-0.0692328308314803,0.0,-0.12389931535091542,0.12389931535091542,True
100023,2,0.1277653069661956,0.06305343557043751,0.0826525445200526,-7.091332055617114e-18,0.002242847878007955,-0.037927601852313274,0.037927601852313274,True
100023,3,0.20316177937167337,0.06305343557042731,0.0698547215479381,-0.17113688362054905,-1.5902773407317584e-15,0.13328185863162323,0.13328185863162323,True
100023,4,0.21678913028037106,0.0657870706503805,0.077236041078202,-0.011849293251473776,1.1927080055488188e-15,-0.02120553650078791,0.02120553650078791,True
100023,5,0.44971741031637164,0.06721951242110615,0.0717670005961089,0.533861969062126,-0.0286955295662499,0.01189209958590682,0.2135447876248504,True
100024,1,0.009504180868201869,1.966566496018192e-18,0.0,-1.3535155243630125e-19,0.0009813517173737998,1.0333801956502464e-18,0.0008177930978114998,True
100024,2,0.053287549554571066,0.06326212931669019,0.0454528319523599,-1.6145205384406418e-18,0.002868381637817633,-2.439454888092385e-19,0.0023903180315146943,True
100024,3,0.5736767151031554,0.06326212931669022,0.0454528319523599,0.774043365619171,-3.3413269146443337e-18,3.1396151470878963e-16,0.3096173462476684,True
100024,4,0.45520144965837706,0.20597577239587944,0.3505672231049712,-0.20904138775640446,0.004637171132445679,-0.3741011960939054,0.3741011960939054,True
100024,5,0.4518401601118228,0.20596465112232773,0.2581004692392147,0.00010126875661729996,-1.1927080055488188e-15,-0.03201794386261277,0.03201794386261277,True
100025,1,0.5661063534676134,0.048829175470128904,0.083891347413735,0.09405629350431202,0.05519998295472584,-0.08987091057869928,0.08987091057869928,True
100025,2,0.5712819031823074,0.07330796218962163,0.1584049158350347,-0.0747954359022005,0.0,-0.1338541727726399,0.1338541727726399,True
100025,3,0.6241079130042695,0.18445206579469048,0.1822662454103595,0.06592866037925886,0.0055648538206625455,0.1268435699210321,0.1268435699210321,True
100025,4,0.6213790177693236,0.18928061981240046,0.2086905223310379,-0.023301458361105015,-3.975693351829396e-16,-0.0447400774652126,0.0447400774652126,True
100025,5,0.6572303151351303,0.25421403820380134,0.2273781976722506,-2.131586824366466e-17,0.002994748945359766,2.5207700510287978e-17,0.0024956241211331383,True
100026,1,0.16795857404000317,0.05608206176609018,0.1679585740400031,-0.12343581564407477,1.5902773407317584e-15,-0.22090116588340705,0.22090116588340705,True
100026,2,0.3096875291952201,0.07564721271337667,0.1665287723523428,-0.04306261733835945,0.014557226342807175,-0.07706501007344557,0.07706501007344557,True
100026,3,0.8583125463817891,0.07564721271337303,0.1236787983075693,-0.7929482751079685,-4.65139844194609e-16,-1.4596084732260703e-16,0.3171793100431874,True
100026,4,0.5248286299949396,0.10679440618936996,0.1903869945209588,0.688845396715382,0.016404150479358504,-0.12268542090236668,0.27553815868615283,True
100026,5,0.5446505226150772,0.12415876508209801,0.1686015025008398,-9.664607093952213e-17,0.001979290918539508,4.631576155586514e-17,0.0016494090987829236,True
100027,1,0.038649491161367955,0.011817479143970624,0.0386494911613679,-0.02532233573913175,3.975693351829396e-16,-0.05594910571607964,0.05594910571607964,True
100027,2,0.04081352654472631,0.01482485123772016,0.0275014476334997,-0.00803550321216268,-3.975693351829396e-16,0.007887259681823024,0.007887259681823024,True
100027,3,0.12996474591401588,0.044592936478081144,0.107472079495643,-0.0655220787582821,0.0,-0.11725854050775829,0.11725854050775829,True
100027,4,0.16054768955942436,0.067810226555068,0.1260848163624417,-0.0013849832346555014,0.0008449229623791939,-0.06290882747807369,0.06290882747807369,True
100027,5,0.3663623540527943,0.12121836989946135,0.1339019897560332,-0.25238747061331995,0.0035034031413414346,-0.0044907698248296815,0.10095498824532798,True
100028,1,0.10342465047300478,0.00196684452526938,0.003465466168959,0.14793945127614394,0.0,-0.004954439832640626,0.059175780510457576,True
100028,2,0.10869904757706089,0.01556957974727626,0.0262889195852204,0.034909024348229116,0.0,-0.22727134038042218,0.22727134038042218,True
100028,3,0.7117603558326728,0.022839699204716627,0.1193627521864451,-0.9640768414528892,0.0,-0.1809749272919105,0.38563073658115565,True
100028,4,0.48841137459986567,0.18623890047559627,0.184585004068457,1.4389666127721432,0.008041143275821797,-0.03632520864461946,0.5755866451088573,True
100028,5,0.4780277968696324,0.22158509334289406,0.2321732840849327,-0.038765930810789544,0.0020288478399877207,-0.06937564488860692,0.06937564488860692,True
100029,1,0.014685625355030653,0.008334908038757475,0.0146856253550306,0.02139007360773341,0.0,-0.020995457372494263,0.020995457372494263,True
100029,2,0.014692357577471638,0.008334908038757473,0.0104322855815657,-2.8076484953507953e-18,9.667989772184974e-07,2.4724229985862984e-18,8.056658143487479e-07,True
100029,3,0.08210048959213344,0.08879235329254995,0.0788597695898164,0.02143089018565595,0.0037857052339784025,0.04171259160445183,0.04171259160445183,True
100029,4,0.1058958800413049,0.12320055682301366,0.0954614452878987,9.298700354271768e-19,0.0015768215813805368,-1.9617283058409596e-18,0.0013140179844837807,True
100029,5,0.5155696035755715,0.16677074468333933,0.1801504114291368,-0.34879624965890776,0.017286117289482695,-0.42833312560507847,0.42833312560507847,True
100030,1,0.0054066421710547595,0.003068569720715247,0.0054066421710547,0.007874943777584574,4.969616689786745e-17,-0.007729662338950025,0.007729662338950025,True
100030,2,0.37030378070866365,0.0178791277492261,0.070102145435653,0.030427103950603985,0.0357353632342392,-0.10502293677099948,0.10502293677099948,True
100030,3,0.7512641670918574,0.13908772973891273,0.2355610252953909,-0.6040990315915707,0.004957185988890462,-0.19112420597577157,0.2416396126366283,True
100030,4,1.319196443152445,0.13908772973890887,0.1799920887045508,-0.815161879308719,-5.943152034925079e-16,1.7895368437954747e-16,0.3260647517234876,True
100030,5,1.3655728409158183,0.13941562833646803,0.1576998553183108,-0.002959021623482843,0.0,-0.12373748348310443,0.12373748348310443,True
100031,1,0.09297742718862406,0.034222178388181125,0.092977427188624,-0.07725416120156393,0.0,-0.10737604491248044,0.10737604491248044,True
100031,2,0.15687687976103584,0.03422217838818194,0.0586805094418841,0.28327308268035023,-9.93923337957349e-17,0.014392724946759907,0.1133092330721401,True
100031,3,0.21849498763210334,0.14529663142759294,0.1214833621150637,2.8029727374474175e-17,0.0060218458545431225,0.1429185904404203,0.1429185904404203,True
100031,4,0.14582051496576656,0.17796996214165567,0.1400368740458085,-0.2566644972044068,0.0014940503863588494,7.345808531768194e-17,0.10266579888176272,True
100031,5,0.2082115813512549,0.19375830469951308,0.2149287379152025,-0.0796097304750106,0.0,-0.14246985111924307,0.14246985111924307,True
100032,1,0.07819636316276735,0.04333251438668121,0.0781963631627673,-0.009961477515191261,1.5902773407317584e-15,-0.17068207992425413,0.17068207992425413,True
100032,2,0.14481522795209104,0.0731773239234575,0.1270888733758636,-0.06961337457342823,-1.1927080055488188e-15,-0.06185361810002973,0.06185361810002973,True
100032,3,0.3230948435300466,0.09081200696063452,0.1045390872854119,-0.29088928268468217,-3.975693351829396e-16,0.047290750173035884,0.11635571307387287,True
100032,4,0.4929807009323143,0.08185321273028012,0.1059839627946775,-0.2300363924829614,1.987846675914698e-16,-0.023155957948405807,0.09201455699318456,True
100032,5,0.5173858454002654,0.08185321273027851,0.1085964750010016,-0.03492093022978776,-2.013615894938206e-16,5.552994049535381e-17,0.013968372091915104,True
100033,1,0.08377817671026887,0.027973879319770092,0.0837781767102688,-0.061570108191931094,7.951386703658792e-16,-0.11018608020854417,0.11018608020854417,True
100033,2,0.09404106226968809,0.03933241327129461,0.094041062269688,-3.4883565185292504e-17,0.001148266032438431,-0.004089139122084607,0.004089139122084607,True
100033,3,0.3048619098089613,0.11065713637743221,0.2504140837381226,-0.16635544145227768,-0.004515648797191979,-0.20398169424169219,0.20398169424169219,True
100033,4,0.23751171862374815,0.14264222558364348,0.2203818636231665,0.1550135605602924,0.0016641749004155,-0.036998767400809394,0.06200542422411696,True
100033,5,0.25712932801197164,0.1426422255836418,0.1709408684158275,2.884184968658037e-18,-0.00410064693604352,-2.822991406609132e-17,0.003417205780036267,True
100034,1,0.13902179462279687,3.077944935136668e-17,0.0,5.383810041237753e-18,0.014354658855534098,-8.782037597132586e-18,0.011962215712945081,True
100034,2,0.1443856291516536,7.59612503118523e-18,0.0113659359506967,-0.016237051358138195,3.000417922149325e-18,-3.7504921037620444e-18,0.006494820543255278,True
100034,3,0.40905575294501634,0.011148405240103642,0.0252285786762543,0.4215601937901593,-1.987846675914698e-16,0.028082597420564882,0.16862407751606373,True
100034,4,0.5921490475318641,0.011148405240102114,0.0160408357319847,-6.466094544879954e-17,0.022868003421502494,-6.109479241955817e-17,0.019056669517918744,True
100034,5,0.3889899048438474,0.036927635128279734,0.0711293151313888,-0.41532448039306696,0.00040728136157677563,-0.07565118682692507,0.16612979215722679,True
100035,1,0.08103832634789526,0.029693537932721142,0.0810383263478952,-0.06695752684415018,0.0,-0.09421913177428477,0.09421913177428477,True
100035,2,0.08334628068132663,0.02969353793272115,0.0512267823199931,0.17177573273466668,-1.7639492341239006e-18,9.171524625485835e-18,0.06871029309386667,True
100035,3,0.3945435382795613,0.07899465498951735,0.1614204043722638,-0.018766299344627594,-0.03177158989011931,-0.13492648381668887,0.13492648381668887,True
100035,4,0.40875183746555066,0.1083118403431715,0.1809329368082742,-0.0407173130193855,0.0011927262889438078,-0.09643807332255701,0.09643807332255701,True
100035,5,0.3617749802187941,0.14929063427809078,0.1747741985372666,0.0880534436589965,0.011551851919835196,-0.018572216889202867,0.0352213774635986,True
100036,1,0.4032817977637571,1.0797174672328963e-14,0.0,-3.2464121887863695e-17,0.04080745054374029,0.16075524891536283,0.16075524891536283,True
100036,2,0.3817836863842961,0.017284867407707676,0.0517659585051929,0.197912283537345,-0.013243827972442588,-0.06808322023587586,0.079164913414938,True
100036,3,0.29201569930296645,0.15607405470202557,0.1272226586006503,-0.18366623770559834,0.00010950626238027468,3.171841925935816e-17,0.07346649508223933,True
100036,4,0.5123263182028942,0.3848987763546603,0.4058172236346564,-0.09860002494172428,0.013504742978956083,-0.34673140976691386,0.34673140976691386,True
100036,5,0.6183498455036242,0.40084842548853716,0.3719346180545548,-0.3216550865701503,-0.010244339042212924,-2.485533480423019e-17,0.1286620346280601,True
100037,1,0.19506332075518254,0.07580729283600401,0.0571282853669797,-0.02214464463460713,0.019216111635325668,-0.008881286076193717,0.01601342636277139,True
100037,2,0.27453453333244726,0.16246856683528094,0.1603298471593384,-0.049626460187743485,0.003574255370661332,-0.11734564285915483,0.11734564285915483,True
100037,3,0.36011516606509497,0.24598607342475073,0.2296586659603935,-0.03543250061133999,0.003514342855689355,-0.06341012658577794,0.06341012658577794,True
100037,4,0.37059398427590456,0.281219201372437,0.236612924343407,-3.937415840200804e-17,0.0016021033842660067,0.041164099898365225,0.041164099898365225,True
100037,5,0.4458846073766435,0.2910911018756639,0.2758327814716427,-0.0876593293182813,7.951386703658792e-16,-0.0965239952959065,0.0965239952959065,True
100038,1,0.3861776619294841,1.699439445934976e-16,0.0,0.5516823741849773,-3.058660338624867e-18,2.0301482215312158e-16,0.22067294967399093,True
100038,2,0.10104983863360036,0.05949596810566511,0.1330802462589672,-0.5853707244540703,0.0018657198421320007,-0.15584902409616128,0.23414828978162813,True
100038,3,0.09205310756965997,0.052306527299094935,0.0876122362434354,0.07036092085086555,0.0,-0.06906286259247353,0.06906286259247353,True
100038,4,0.8685506259675213,0.1683844406682775,0.1552602498680754,0.7562776085838413,0.04106808826713438,1.1720225484568303e-16,0.3025110434335365,True
100038,5,0.7744873580280068,0.1992847169725463,0.1753029476960689,-0.15414555387575016,0.0014041320071203516,-1.5809022927554262e-16,0.06165822155030006,True
100039,1,0.06000334182933273,0.0483176149816073,0.0600033418293327,0.022386208230035922,0.001357042111247562,-0.1382859146909343,0.1382859146909343,True
100039,2,0.4712278477955504,0.0655517496859628,0.1236037493350133,-0.46864860504402694,-0.010664681475412913,-0.1271717502629455,0.18745944201761078,True
100039,3,0.519885362525051,0.180666496069609,0.1742870069786563,7.83436697090458e-17,0.0058059256746665466,6.151492076139631e-17,0.0048382713955554555,True
100039,4,0.5596079211075384,0.180666496069609,0.166949879547183,-0.057129223268986104,-5.427536104976042e-19,-5.737789023491634e-18,0.02285168930759444,True
100039,5,0.8756917935613757,0.19812878699330014,0.2493900683612774,-0.37928178455872397,0.0,-0.14613952887422432,0.15171271382348958,True
100040,1,0.05618508436484806,0.07819948549044414,0.056185084364848,-2.9191024427872235e-18,0.0035456594741817907,5.014435047745458e-18,0.0029547162284848257,True
100040,2,0.14831688786302258,0.13962610178981472,0.1005645431554678,0.0008568231559380505,-0.004869115974135727,-0.0008410159953708303,0.004057596645113106,True
100040,3,0.20833918472648297,0.21863498026411152,0.1611353815713803,-0.014880561470997922,0.0035400018162436613,0.014606036415422284,0.014606036415422284,True
100040,4,0.3258460192683582,0.382867370777205,0.2776608871912595,1.93902641404872e-18,0.007446584164532633,-2.041010589703962e-17,0.006205486803777195,True
100040,5,0.3686203161204649,0.4226154447808947,0.3310205137179078,-0.0264356896590432,0.0014629298972203492,-0.08402848429245297,0.08402848429245297,True
100041,1,0.023796797296650317,0.033120842051857946,0.0237967972966503,-1.4194807639127284e-18,0.0015017391329437294,1.9820570965750628e-18,0.0012514492774531078,True
100041,2,0.42696440008330283,0.09654711279939215,0.167653721983618,-0.13700905884596615,0.03754860197790404,-0.1205676353326032,0.1205676353326032,True
100041,3,0.6083951926937238,0.09654711279938791,0.1156843181878886,-1.525056174110747e-17,0.021007051557089946,5.003593026020603e-17,0.017505876297574954,True
100041,4,0.6033303695792035,0.09501909202356466,0.0906991874048064,0.012969552846825952,0.0,-0.012730283164495385,0.012730283164495385,True
100041,5,0.8269756258822367,0.15426458332505777,0.1712649245394024,-0.3390545647986984,0.002239500934237125,-0.09575373246234625,0.13562182591947936,True
100042,1,0.11903374722348783,0.13378335034430386,0.1190337472234878,-1.513274623273131e-17,0.006065899276629892,0.08899452563643731,0.08899452563643731,True
100042,2,0.16264874376097016,0.13378335034430655,0.1145769863650931,-0.16146565928398532,4.2389056979695886e-16,-1.0459278026280397e-17,0.06458626371359413,True
100042,3,0.4655150968728877,0.24477295130661036,0.2263331378016194,0.016769226149496996,0.03410148995083445,-0.23024093238516513,0.23024093238516513,True
100042,4,0.751094823624205,0.26313609300534974,0.2937218358666918,-0.09409949768474281,0.028060981699181774,-0.031882845698827066,0.037639799073897126,True
100042,5,0.8987575605599354,0.27075752840775696,0.2773567824655362,-0.04212768559580667,0.014225592837287922,-0.04452475626347028,0.04452475626347028,True
100043,1,0.10337911484535979,0.06472556133642825,0.1033791148453597,-0.05995813543810316,0.0024174993164195508,-0.10730128815013829,0.10730128815013829,True
100043,2,0.2129519318187152,0.06472556133642271,0.0772625512157263,-0.16064316119154587,-8.604001610379378e-16,6.509553786694043e-17,0.06425726447661835,True
100043,3,0.32700388935412056,0.08929553114002431,0.1733841869692399,-0.08552046500942073,1.5902773407317584e-15,-0.15304772224251104,0.15304772224251104,True
100043,4,0.5078101992093905,0.10791560047019354,0.1854428007825403,-0.20220176008623952,0.002191735798853149,-0.07714759718495626,0.0808807040344958,True
100043,5,0.4110277569528822,0.13224250087868444,0.166994571937263,0.16122358953214977,0.0017920581595251574,7.920774496364413e-17,0.0644894358128599,True
100044,1,0.04781229067232127,0.06654606953005321,0.0478122906723212,-2.2432872179076934e-18,0.0030172794680433834,7.792703114739563e-19,0.0025143995567028198,True
100044,2,0.14990119145746236,0.07770428568927268,0.1104388953048578,-0.06035495413868538,0.0,-0.21313850931634482,0.21313850931634482,True
100044,3,0.16495176062919298,0.15248287960132478,0.1348674424152497,-8.47225852885243e-17,0.003431684039896095,0.07173520333289289,0.07173520333289289,True
100044,4,0.21698207475927658,0.15248287960132773,0.1266197829063911,-0.09184302340875937,4.618833225316466e-16,-5.525352816537951e-17,0.03673720936350375,True
100044,5,0.15911684543486415,0.15248287960132773,0.122785881523481,0.1043523758160567,-8.141304157536891e-19,7.32783334694822e-17,0.04174095032642268,True
100045,1,0.04736774091977358,0.06592733659911393,0.0473677409197735,-3.4088651689214035e-18,0.0029892253668995323,2.608861477543245e-18,0.002491021139082944,True
100045,2,0.2530033608952715,0.06592733659911393,0.0473677409197735,3.565831393322076e-18,0.0236505950384328,6.613633252161577e-18,0.019708829198694,True
100045,3,0.28710005248019116,0.1234725668382041,0.0887130719727889,-3.5436319298331636e-18,0.0026091705032451943,-1.2441219929271163e-17,0.002174308752704329,True
100045,4,0.29902080968448835,0.12997305335997428,0.1207594690397153,-0.03896738485585127,0.0,-0.06973616774977065,0.06973616774977065,True
100045,5,0.42639982275984484,0.20830063889235373,0.2561301919171595,-0.08913176526372683,0.0027333953313955343,-0.20426450482070965,0.20426450482070965,True
100046,1,0.10206286403282851,0.0804077700957076,0.1020628640328285,-0.05531704414206601,0.003083004177340377,-0.0906952312328849,0.0906952312328849,True
100046,2,0.5120559662812054,0.14289540370157228,0.1224182842556624,-0.3722014608625826,0.02391950153102452,8.380882793312949e-17,0.14888058434503304,True
100046,3,0.6422773192933396,0.22634703125277292,0.1972820530504287,0.08715112519497475,0.020596979711907923,-0.08554331170391391,0.08554331170391391,True
100046,4,0.732195377954278,0.41173747429179136,0.3220233834685767,0.015857937158424675,0.008409776321467458,2.45029690981724e-17,0.007008146934556215,True
100046,5,0.8895852383117743,0.41173747429179147,0.3187464526103619,-1.8195653414421538e-18,0.018507465956584403,1.5395670849294163e-17,0.015422888297153669,True
100047,1,0.13892703055686345,0.03418709619754826,0.1023859634807651,-0.07524530965440715,0.006410219810244936,-0.13465926840751904,0.13465926840751904,True
100047,2,0.13877121446015828,0.03397150273928598,0.0667436399513434,0.0005749055618658653,-7.392304826057784e-16,-0.0005642993773055313,0.0005642993773055313,True
100047,3,0.1655501936350671,0.05653713640680498,0.0677102970659188,-0.05952574720765411,0.0,0.05842758239094263,0.05842758239094263,True
100047,4,0.13205644921489706,0.08397420999856191,0.0726010895953589,0.17723574547243573,0.0025451317305014197,3.9180356008194916e-17,0.07089429818897429,True
100047,5,0.148537257526927,0.10833942797599078,0.1065130513321109,-5.714180006905258e-18,0.0014499619144158972,-0.053405664795995365,0.053405664795995365,True
100048,1,0.14316631714507028,0.03931476103905431,0.1177426612877662,-0.08653122661483137,-0.004585767644922931,-0.1548565847343279,0.1548565847343279,True
100048,2,0.19952163485101326,0.039314761039053285,0.0768704573902283,0.30745898049095244,1.2998948971365363e-16,-2.0096517194934753e-17,0.12298359219638097,True
100048,3,0.2859502271848303,0.08642563393526066,0.2259402955386476,-0.09738573509525429,0.02066925180223023,-0.2713040828375163,0.2713040828375163,True
100048,4,0.6316692425654464,0.19811208816060077,0.2421361584099272,-0.040379663401058634,-0.061868094749588654,-0.0726046168511892,0.0726046168511892,True
100048,5,0.638072878525773,0.2040237017165573,0.2333771787657167,-0.03314140456732446,5.963540027744094e-16,-0.01748545877835518,0.01748545877835518,True
100049,1,0.716677491293454,0.0713128185335022,0.0512371238822221,0.8062850557741119,0.019900076611997525,1.666960840196463e-16,0.32251402230964477,True
100049,2,0.2125673298688273,0.07131281853350221,0.0512371238822221,-0.859084120384904,9.53211028433936e-18,-1.7028104214121705e-16,0.3436336481539616,True
100049,3,0.295930920084592,0.08979934852050202,0.1572697376793027,-0.09487575049724029,1.5902773407317584e-15,-0.16978997375718025,0.16978997375718025,True
100049,4,0.276080102567199,0.09563735338584904,0.1442135494426981,-0.029182667990329685,-0.007761393940417643,-0.03130622792120797,0.03130622792120797,True
100049,5,0.3637311468230257,0.1576073243588243,0.1994406103175448,-0.06828929645738875,0.002339829294420752,-0.05284466324609163,0.05284466324609163,True
100050,1,0.08223161153250826,1.5521607719879676e-17,0.0,-3.359807385803984e-19,0.008490803545941302,1.1384122811097797e-18,0.007075669621617753,True
100050,2,0.09193812879280837,0.01612653354743808,0.0209071321389073,-0.023769054118365766,0.000555954164325483,0.023330549098542264,0.023330549098542264,True
100050,3,0.10546959186680954,0.01612653354743872,0.0165143484769541,-9.33954999349847e-19,-0.019383163200318618,3.144186300207963e-18,0.016152636000265515,True
100050,4,0.9380852093127564,0.02662931788594262,0.0903093264374495,-0.5476951311388317,-0.05392891243610159,-0.23323687748048716,0.23323687748048716,True
100050,5,0.9401570492448288,0.051868540664866854,0.1102959138469973,3.854884050472989e-17,0.001335890096532211,-0.019193797121848346,0.019193797121848346,True
100051,1,0.12190390890073716,8.346587106972282e-17,0.0,-0.17414844128676746,2.8039378431931417e-18,-6.515270594172573e-18,0.06965937651470698,True
100051,2,0.32826934305450545,0.006515261083438054,0.0114795127812647,-0.2848401879883814,0.0,-0.01641180511073608,0.11393607519535257,True
100051,3,0.5117722564187507,0.016785062741714585,0.0259421363000691,-0.2464203246460116,1.987846675914698e-16,-0.02586941354813402,0.09856812985840464,True
100051,4,0.8681992273578832,0.009681539214929815,0.0596855267570165,-0.40045723608653844,-0.009768392123186805,-0.06634663196761022,0.16018289443461536,True
100051,5,1.0717074159474038,0.03340710170867289,0.1011841364483414,-0.3383102220233912,0.008908764457243533,-0.04597459578182775,0.13532408880935648,True
100052,1,0.721532479403315,6.145684198520355e-16,0.0,-1.0307606848618793,1.440826307457232e-17,-3.3893288477138706e-16,0.4123042739447517,True
100052,2,1.0043423832690226,0.042730866098458484,0.0307014464566814,-0.20901970337448955,-0.015403099670288273,2.8557885223268187e-16,0.08360788134979583,True
100052,3,1.1165764237278473,0.06829357032086389,0.0947813058294157,0.3409837210389586,0.06774828003845695,-0.43461295516363607,0.43461295516363607,True
100052,4,1.4344753304347901,0.05563987860930623,0.1616382815412551,-0.38331213954563814,-1.5902773407317584e-15,-0.1978159286355097,0.1978159286355097,True
100052,5,1.6247449849577345,0.10276538804941125,0.1546106614858594,-0.2727759619710844,0.0022348382872938726,0.04384358561399209,0.10911038478843375,True
100053,1,0.36908383311015935,7.669629897459163e-17,0.0,-0.2727759619710842,0.022390784583894596,-9.784924606681678e-17,0.10911038478843368,True
100053,2,0.950775379110134,0.06668640607884577,0.4516547885456757,-0.5630040766081811,0.02715796965314636,0.10418226698910811,0.22520163064327242,True
100053,3,1.0589620668154962,0.1909395140763861,0.2856018513905768,0.19170638174934604,0.028639442432831227,-0.19139202764827984,0.19139202764827984,True
100053,4,1.305942840812031,0.20198737291323593,0.202260593812959,-0.3318348134797676,0.003079495423565213,-0.07977897508088969,0.13273392539190704,True
100053,5,1.5232245647269893,0.26886696509011315,0.2218233624573337,-0.26969014988725737,0.0031013561219496587,-0.022523508693958402,0.10787605995490294,True
100054,1,0.23450914551710952,0.10862017796694826,0.0780418672133533,-0.27277596197108434,0.004924970544543892,-1.0308052154905933e-16,0.10911038478843374,True
100054,2,0.42033931166781185,0.1095150307595443,0.0823789271641522,-0.2602054994951787,0.0,-0.012338555439565739,0.10408219979807147,True
100054,3,0.6746421150567236,0.19579542756111495,0.2310898458276734,-0.22638948654205748,0.003125755638725535,-0.19694293824671347,0.19694293824671347,True
100054,4,1.1202699294641079,0.3375210468516935,0.290529935509239,-0.2140137389840128,0.04618249757583668,-0.01259229740775522,0.08560549559360511,True
100054,5,1.4190304732585715,0.3375210468516936,0.2726584412975305,-0.4298102057018913,2.2795651640834932e-17,-6.88437339339696e-17,0.17192408228075653,True
100055,1,0.2469921184612847,1.6170134842039143e-15,3.128069921957626e-17,-0.2727759619710843,0.008899046116099334,0.12296629673404647,0.12296629673404647,True
100055,2,0.3560423468927738,2.6793256597293783e-16,0.0,0.6399281579048272,1.5894118911589014e-16,3.2153933251990125e-16,0.25597126316193086,True
100055,3,0.28486607420829463,1.9022462345959567e-16,0.0,-0.27277596197108445,0.015218682674879809,-3.198938509918481e-16,0.10911038478843378,True
100055,4,0.551000278989592,0.021642107169125617,0.0676303755032432,-0.5350971035416802,0.008603084648166167,-0.09335112240721948,0.21403884141667207,True
100055,5,0.7385249096155712,0.018699703079827917,0.0436402137221051,-0.26484083188794416,-5.466578358765419e-16,-0.007788738293332849,0.10593633275517766,True
100056,1,0.7282759942550909,0.1456045417693089,0.1312189521758297,-0.8217673964299224,-0.006190948486473505,-0.06919798053409454,0.32870695857196897,True
100056,2,1.426680761213306,0.24138346477106495,0.1883307004955018,-0.5416031830029384,-0.03597364945959388,-0.10515938442391361,0.21664127320117538,True
100056,3,2.0223524343921193,0.31006464496561514,0.2328796956795959,-0.2895447715592296,-0.05199315051821955,0.01645944905809453,0.11581790862369183,True
100056,4,2.619436348839699,0.47312004110457434,0.3457755586361032,-0.2727759619710843,-0.0436716150511093,-4.933119884809045e-17,0.10911038478843371,True
100056,5,2.8886383440421106,0.47312004110457434,0.3437781326231672,-0.38813124349862227,8.684057767943304e-18,6.711882374921719e-17,0.1552524973994489,True
100057,1,0.2517908346172475,0.023424572735425944,0.070153587622148,0.13128092902138247,-0.019226560155732767,-0.09226685440271293,0.09226685440271293,True
100057,2,0.25425720750436925,0.023974733456125132,0.046069111884642,-0.27424253634701357,-9.318031293350146e-16,0.0014395181782956936,0.10969701453880543,True
100057,3,0.42129985961051425,0.023974733456125177,0.0358044879960706,-0.2727759619710842,0.035620587410415794,3.350184712980209e-17,0.10911038478843368,True
100057,4,0.6450546341912122,0.03165390995690244,0.0620498609724382,-0.2877145297685386,0.0,-0.07852038317213197,0.11508581190741544,True
100057,5,0.9644004480896391,0.07770322715563792,0.1369568282004799,-0.39670019543997287,0.0004656731490596458,-0.09376931948701138,0.15868007817598914,True
100058,1,0.23784064116354092,0.11661114832628289,0.0837832520956245,-0.2727759619710842,0.005287290825755833,-9.783569353966071e-17,0.10911038478843368,True
100058,2,0.5779416345130323,0.1680857915338964,0.1257289717041873,-0.2947179050283171,0.017227642599742528,-0.016634290325014275,0.11788716201132683,True
100058,3,0.8256323003403545,0.175722484047203,0.1716086695387378,-0.3338471039884998,7.951386703658792e-16,-0.10929312860360076,0.13353884159539992,True
100058,4,1.4131127260962129,0.2930829141979889,0.3550454769450889,-0.40688090329925297,0.03598741686593418,-0.23999467039241265,0.23999467039241265,True
100058,5,1.521741340883885,0.318882903829094,0.3667027215574922,-0.06029796669162775,0.004957521843459692,-0.10357884541363148,0.10357884541363148,True
100059,1,0.17439206993593254,0.02299550508604653,0.0405167484719752,-0.21376204794224163,0.0,-0.057925191801520906,0.08550481917689665,True
100059,2,0.8246127808969503,0.016864862336309076,0.0964791068353737,-0.8629791624375619,0.0,-0.12829362810189074,0.34519166497502474,True
100059,3,1.117717501416509,0.016864862336309183,0.0727020565319245,0.11537127030175463,0.05379917077926501,5.157549734513545e-16,0.046148508120701856,True
100059,4,1.3120612627212738,0.022013945997954348,0.083463984611389,-0.2899600155476997,0.0,0.022087246706092696,0.11598400621907987,True
100059,5,1.5936871278580842,0.0220139459979544,0.074092811637614,-0.2727759619710842,0.011470784251321395,1.81603863891322e-18,0.10911038478843368,True
100060,1,0.36598253245181567,2.346336373238467e-17,0.0,-0.2727759619710843,0.0220054657212801,-4.933119884809045e-17,0.10911038478843371,True
100060,2,0.5839190173589179,0.02081740984511552,0.0623454695259757,-0.31859478322887075,7.951386703658792e-16,-0.08199752221375904,0.1274379132915483,True
100060,3,1.03615490865212,0.011134026835704216,0.0387205518341075,-0.47077780101177036,-0.05781554514785105,-0.03247212839225253,0.18831112040470815,True
100060,4,0.9990738047170846,0.011134026835703333,0.0367969562671327,-0.2727759619710842,0.039831340670782964,1.8171228410857054e-16,0.10911038478843368,True
100060,5,0.9590689191092949,0.011134026835705758,0.0377884685901192,0.027808442239852578,-3.975693351829396e-16,0.05611998729560666,0.05611998729560666,True
100061,1,0.4668919539491977,0.07464174899076052,0.0536289073755882,-0.17095039662049505,-0.0377823406117122,-4.423544863740858e-17,0.06838015864819802,True
100061,2,0.5637196960235061,0.07590914134775371,0.0596627741283351,-0.15402997914076602,0.0,-0.016608260001125814,0.06161199165630641,True
100061,3,0.740812662721763,0.08801815404279223,0.1390262432469141,-0.2510729848585329,0.0,-0.14338766315940266,0.14338766315940266,True
100061,4,0.8354348517043466,0.08801815404279223,0.1069203191608318,-0.170950396620495,0.003634749525518694,3.247185506594086e-17,0.06838015864819799,True
100061,5,1.4137567859586289,0.1679208489179447,0.1473308055193225,-0.8160745139226208,0.003672781074733977,0.1522561237650733,0.3264298055690483,True
100062,1,0.1582234074147564,0.09480757118788967,0.0681177293202119,-0.170950396620495,0.0042986902112797,-3.187554387107383e-17,0.06838015864819799,True
100062,2,0.46426047710772245,0.09480757118788968,0.0681177293202119,-0.17095039662049497,-0.0281953220491308,-4.5211230592645535e-17,0.06838015864819799,True
100062,3,0.9507801517234855,0.2275379312535063,0.2440060281430094,-0.5715658727339167,0.005166098689824289,-0.17741159447407004,0.22862634909356666,True
100062,4,0.920482171751079,0.418992719164176,0.4788966865092108,0.23860575438302137,0.007363538465878558,-0.28328591509505047,0.28328591509505047,True
100062,5,1.1439242011774347,0.4189927191641796,0.4022069779255969,-0.17095039662049502,-0.015960666017924334,-9.27534958561349e-17,0.068380158648198,True
100063,1,0.0648990203818889,8.74505199539632e-18,0.0,-0.09271288625984128,-5.591697194683218e-19,-3.152066662071186e-17,0.03708515450393651,True
100063,2,0.4633047288598249,8.995727965837101e-17,0.0,-0.17095039662049505,-0.034696286339163794,7.589415207398531e-19,0.06838015864819802,True
100063,3,0.7442381923117041,0.17655416468019008,0.2687458784295728,-0.28043195055202946,0.006867899996758657,-0.3393676389968031,0.3393676389968031,True
100063,4,0.9278403470919545,0.17933718030317708,0.2174612566794863,-0.19817054287009067,-0.007304781482711468,0.02671797352066258,0.07926821714803627,True
100063,5,1.1259090755446648,0.1942587026123257,0.2545393153098255,-0.2544236418423923,0.0,-0.06510702114884266,0.10176945673695692,True
100064,1,0.4710485216350797,0.03852029469532765,0.0898081364749273,-0.6354124238894729,0.0,-0.07734419831566264,0.25416496955578916,True
100064,2,0.570703974744564,0.06609546111687757,0.1179890586538056,-0.11857274256923629,0.0012978207107353045,-0.00881006728953663,0.04742909702769452,True
100064,3,0.7172843040414991,0.10714319542143019,0.1139470056117463,-0.17095039662049502,0.00367789040485577,-9.27128382746667e-17,0.068380158648198,True
100064,4,0.9319436773152958,0.19651083493084,0.1581553185088535,-0.17095039662049502,0.004174684774614957,-0.17086326002601251,0.17086326002601251,True
100064,5,1.073855274623158,0.252340712983101,0.1919221569056303,-0.17095039662049505,0.0025644525190811986,5.5416283541165345e-17,0.06838015864819802,True
100065,1,0.14700252335579925,0.0323230891853541,0.0232236245727399,-0.17095039662049497,0.0014655680508307359,-0.04027206304927771,0.06838015864819799,True
100065,2,0.32701833645768,0.04922789097935047,0.0864675021909755,-0.24713042830947135,-1.987846675914698e-16,-0.02059484939767689,0.09885217132378854,True
100065,3,0.3116533193553391,0.04922789097934916,0.0673556672074786,0.021970640995411794,-1.6743948883785404e-16,7.252468146911684e-17,0.008788256398164718,True
100065,4,0.4442214087507295,0.08057566275148473,0.077900221758428,-0.17095039662049505,0.0015281633087920196,-4.4204955451307426e-17,0.06838015864819802,True
100065,5,0.7994043670111379,0.08057566275148473,0.0741898830985144,-0.47421201911334915,0.0,-0.0687468916698945,0.18968480764533965,True
100066,1,0.5474301770482703,9.832519201132249e-17,0.0,-0.170950396620495,-0.04965349798591699,-3.198396408832238e-17,0.06838015864819799,True
100066,2,0.6387347938123147,0.048382167623778526,0.0347618165598851,-0.17095039662049505,0.0021937061359926973,-4.4208343583096443e-17,0.06838015864819802,True
100066,3,1.514875522921589,0.05371055997065655,0.1908786936703544,-0.9781955739381907,-0.02779519340091754,0.05430832879697781,0.39127822957527625,True
100066,4,1.6558789765868291,0.18164188598098646,0.2061395625412747,-0.48817003087975713,0.03407004524034794,3.9237276622250405e-16,0.19526801235190286,True
100066,5,1.9763803613139688,0.18164188598098652,0.183462689189476,-0.20241777837482697,-0.02569987550861699,3.800128614561693e-17,0.08096711134993079,True
100067,1,0.1642871441286251,0.03393985458251133,0.0341721405588613,-0.16272628187780816,-0.003474380466998447,-0.02720734398084916,0.06509051275112326,True
100067,2,0.42350212433948026,0.053223606296955335,0.1549285969019638,-0.27870239912170813,0.0,-0.19283335922066583,0.19283335922066583,True
100067,3,0.6584380198052893,0.17928686078887568,0.2532216780941188,0.018325389126727588,0.041320270721249164,-0.12304106710878594,0.12304106710878594,True
100067,4,0.8680391014397028,0.19327163252444954,0.2525294490294136,-0.20755468863741544,0.0078036026820048595,-0.06550716856921056,0.08302187545496617,True
100067,5,1.03920445349236,0.2892793996043854,0.2869576700244049,-0.18117897305215294,0.004368470637451367,-0.01830509603141464,0.07247158922086118,True
100068,1,0.22688398351571593,0.11127144802370441,0.0830793033472941,-0.0633754684400487,-0.013129855022596362,0.010515200743251317,0.02535018737601948,True
100068,2,0.458954209934606,0.19036376247720957,0.203603835306465,-0.2723735016213156,0.0028333205020408,-0.13859054652819905,0.13859054652819905,True
100068,3,0.6561511655811663,0.19036376247721476,0.1704716417766584,-0.1709503966204949,-0.011883488192614486,-7.237049501340742e-18,0.06838015864819796,True
100068,4,0.9239513866108501,0.21785411896990187,0.3039823993850294,-0.3020242141766532,0.0,-0.23457016072574724,0.23457016072574724,True
100068,5,1.0505705063908006,0.21924948183178394,0.2422683091839409,-0.18332931692349747,0.0,0.012150546945533785,0.07333172676939899,True
100069,1,0.29812123144514946,0.10168889778993045,0.1811986295135902,-0.291267641307699,0.00359228870824699,-0.18026154980137807,0.18026154980137807,True
100069,2,0.6452741713185168,0.10168889778993552,0.1301184424231942,-0.49729528132972095,7.861786048027163e-16,-9.046828981300885e-17,0.19891811253188837,True
100069,3,1.2675786528359931,0.22250146651270142,0.2370103678313417,-0.7767145814473025,0.005071656829806587,-0.10079269462396598,0.310685832578921,True
100069,4,1.4475527098723424,0.2592702452206082,0.2651429032688361,-0.2077492238069609,0.0013479881717258172,-0.06585530938663625,0.08309968952278436,True
100069,5,1.5674835822495303,0.25939709206940953,0.2405061743371722,-0.1721593480551963,7.454425034680117e-17,0.001186648011510777,0.06886373922207853,True
100070,1,0.7034000052615226,0.19107645404386311,0.1590302966034136,-0.42110235939315993,0.05025104986183393,-0.06796538187209353,0.16844094375726398,True
100070,2,0.9173098269121993,0.2740065692000064,0.2237634369016981,-0.18453063199089953,0.010177261203941,-0.07967632765683434,0.07967632765683434,True
100070,3,1.5924783480447928,0.27400656920000666,0.2217608798918676,-0.6910162504573892,0.026229780998171026,-1.9607796289400348e-16,0.2764065001829557,True
100070,4,1.8117529583024934,0.3756820885284558,0.3877029886619059,-0.31511584597858605,-0.0014469517383162748,-0.19834321047419587,0.19834321047419587,True
100070,5,1.9565266402880301,0.37568208852845264,0.3455236359838394,-0.2080919031792255,-4.901065102774058e-16,5.682026820654194e-17,0.08323676127169019,True
100071,1,0.24818276255018845,0.031606759006843,0.0946581849104984,-0.261419996395038,0.0,-0.17163082268166288,0.17163082268166288,True
100071,2,0.501514580966843,0.022473245549278948,0.0586996063379876,-0.16718199361521577,0.02306760584652786,-0.024216815688586642,0.0668727974460863,True
100071,3,0.7220206324388236,0.022473245549278542,0.0513007150984668,-0.19185397198337473,-0.05810200689252905,-6.548581121812447e-17,0.07674158879334989,True
100071,4,0.8556581742522369,0.03739758661595562,0.056326118380358,-0.19185397198337464,0.0011191559876365974,3.9393808310903e-17,0.07674158879334986,True
100071,5,1.4218815616789227,0.10808218917813316,0.1982457601296508,-0.5767441497604932,-0.014052673406592877,-0.17715593625718148,0.23069765990419727,True
100072,1,0.12443998647245155,0.013673557027311573,0.0240920157534976,-0.15676319594437838,3.975693351829396e-16,-0.0344434014583347,0.06270527837775135,True
100072,2,0.4346903789064745,0.04617479691279217,0.0391517482917935,-0.30355454017474587,0.013953441653674521,0.0035043861714430385,0.12142181606989835,True
100072,3,0.7686607105268695,0.1514848319365174,0.1492243555365092,-0.27603127749111656,0.018361766185347742,-0.043932310254707424,0.11041251099644663,True
100072,4,0.972815350286313,0.17507208306410724,0.2469519486577974,-0.02953200640339641,0.02261553448252122,-0.20972560279468322,0.20972560279468322,True
100072,5,1.1973164670102097,0.23499970904028672,0.2377810453740131,-0.30939859838264333,0.0027291404920543843,0.11977676010916848,0.12375943935305733,True
100073,1,0.11029027637145396,0.015056069664734145,0.0265279229701492,-0.15321522073691202,-7.951386703658792e-16,0.0742870087306531,0.0742870087306531,True
100073,2,0.4401486441890195,0.09556619207790572,0.1517411108264446,-0.079865713855735,-0.029084900709340607,-0.1564775969527076,0.1564775969527076,True
100073,3,0.7226023491119143,0.2524508530519718,0.298914308494091,-0.27574504398287114,0.006449465352682911,-0.15013175483308075,0.15013175483308075,True
100073,4,0.8715229994484522,0.29109151818059636,0.2804792815449491,-0.19185397198337473,0.0017734294006830167,3.415236843329339e-17,0.07674158879334989,True
100073,5,1.0222642660689385,0.3335357551542286,0.2926196115574779,-0.19185397198337462,0.0019439265853028356,-5.760501667687046e-17,0.07674158879334984,True
100074,1,0.1703889535531142,0.08942821182306798,0.0642527453264455,-0.19185397198337473,0.004054783537210848,-6.54722586909684e-17,0.07674158879334989,True
100074,2,0.5202744461283403,0.15492476070771394,0.1124519490240236,-0.30946043888758135,-0.013554402120601067,0.0039006084779326274,0.12378417555503254,True
100074,3,0.8820625021952696,0.15492476070771394,0.1120405147639048,-0.19185397198337473,-0.0336360642666509,-6.548581121812447e-17,0.07674158879334989,True
100074,4,1.0703922639891945,0.3030252910432045,0.2182427259643862,-0.19185397198337464,0.00671506894683517,3.9410748969848086e-17,0.07674158879334986,True
100074,5,1.2152389942060697,0.3030252910432045,0.2181403300942693,-0.2084113673158353,1.763949234124165e-18,5.64013737366117e-17,0.08336454692633412,True
100075,1,0.1660748616422436,0.06757347554705515,0.0509175538039051,-0.19990044542261554,0.0030378836862306716,0.007493904381410249,0.07996017816904621,True
100075,2,0.41293240493532707,0.1679986929320858,0.1643383587863329,-0.2506485235571423,0.004081272032964777,-0.10884213548550387,0.10884213548550387,True
100075,3,0.6229371712750936,0.3118655267859809,0.3472362629691283,-0.1606432668047939,0.005334609746574316,-0.14590244020912402,0.14590244020912402,True
100075,4,0.9974177645298553,0.3205805994782244,0.3157600212894916,-0.45045692756387284,-0.011861984776727478,0.05240012359085258,0.18018277102554914,True
100075,5,1.1125049214194251,0.320580599478227,0.2744878793155543,-0.1556335565544478,3.975693351829396e-16,-0.042235279443201344,0.06225342262177912,True
100076,1,0.5441578700391265,0.1438142136541186,0.221604784236656,-0.4958944383704291,0.013611950748091083,-0.2926141230894938,0.2926141230894938,True
100076,2,0.7111525103654934,0.2250981795361878,0.2179350671647914,-0.19185397198337453,0.003752552446853777,-1.2332799712022613e-18,0.07674158879334982,True
100076,3,0.41819748214412933,0.32750273567372584,0.358525501324673,0.8645687213385617,-0.027336474975898768,-0.1856175732802449,0.34582748853542467,True
100076,4,0.7782830332042951,0.46604239568697664,0.5384502178490079,-0.5014663618920753,0.005066658785449621,-0.27486140049257024,0.27486140049257024,True
100076,5,0.9355320085421495,0.4716249476855906,0.4927900186743854,-0.21831280304969108,0.0,-0.04735081629236963,0.08732512121987643,True
100077,1,0.2402060635713791,0.040755266958804756,0.1220567915561362,-0.2815557315198789,0.0,-0.12425590199979017,0.12425590199979017,True
100077,2,0.7850008059693867,0.11699397910514797,0.2384666804626035,-0.749076716201475,0.002473570082998674,0.05663117206991209,0.29963068648059,True
100077,3,1.0533665048617555,0.1014487150400529,0.1623768075499249,-0.37013733080734307,-0.0008043969354463428,-0.04088159097771028,0.14805493232293723,True
100077,4,1.2640845406843784,0.13689960514809693,0.210990137580763,-0.24534840027216356,-0.0001349725695454892,-0.0784602757282017,0.09813936010886543,True
100077,5,1.427406982387764,0.20263715288478176,0.2228251508635431,-0.19185397198337473,0.0034781117612532417,5.3552811057205885e-17,0.07674158879334989,True
100078,1,0.19491320130668638,0.020432976971366097,0.0611941424303639,-0.23682666198568803,7.951386703658792e-16,-0.08048328276997084,0.09473066479427521,True
100078,2,0.45911368682288045,0.09729410163273773,0.1575015139669298,-0.2518546524973552,4.978166715879492e-05,-0.12215858092193667,0.12215858092193667,True
100078,3,0.6592547699407786,0.09729410163273383,0.1214717057296298,-0.19185397198337464,-0.012527345318506512,-2.8514517136368767e-17,0.07674158879334986,True
100078,4,0.8011590180646833,0.09875323545899499,0.1081032751491744,-0.2048003604034963,-9.93923337957349e-17,0.012707546088300685,0.08192014416139852,True
100078,5,0.9495733633076496,0.13465467320669638,0.1222545755171164,-0.19185397198337464,0.0016845191967109964,-6.022743068156977e-17,0.07674158879334986,True
100079,1,0.28420604260140164,0.051657864388630154,0.1508739108395276,-0.30633469121625556,1.5902773407317584e-15,-0.19243034684113128,0.19243034684113128,True
100079,2,0.4767294442025273,0.10866550348123712,0.1357513631834398,-0.19185397198337467,0.003939501402623417,-0.07260678155850298,0.07674158879334987,True
100079,3,0.6059762063509165,0.10705559232277645,0.113714783716027,-0.17716653442612995,-4.969616689786745e-16,-0.014416475361394492,0.07086661377045197,True
100079,4,0.7684270582173002,0.111818703187911,0.1300103039439289,-0.21315440639862823,0.0,-0.0381193316672381,0.0852617625594513,True
100079,5,1.00431232462138,0.177068378406367,0.2178163616314463,-0.2551496832043284,0.0024260775755108473,-0.1051877144754027,0.1051877144754027,True
100080,1,0.21247948738471292,0.02633548076306573,0.0788713834037028,-0.249817988390741,0.0,-0.10373260578269446,0.10373260578269446,True
100080,2,0.22679634795461037,0.02633548076306729,0.0932957675550063,-0.004529345827674222,1.987846675914698e-16,-0.02632723620522784,0.02632723620522784,True
100080,3,0.4254098809360911,0.02633548076306576,0.0619519371975849,-0.28405243065853486,-1.979693794282106e-16,-2.375177262704792e-17,0.11362097226341394,True
100080,4,1.0466955700699787,0.047500331071479954,0.1772840331625519,0.26958874276780576,-0.09612075587986275,-0.2700207521445944,0.2700207521445944,True
100080,5,1.1518722347429735,0.04750033107147583,0.1462087123369914,-0.19185397198337462,-0.00041292457779643446,-1.2550910695940595e-16,0.07674158879334984,True
100081,1,0.12798536532522883,0.03183415042880813,0.0228723298664722,-0.1649572031989594,0.0014433989748491574,-5.0923620788928536e-17,0.06598288127958377,True
100081,2,0.4978175998045242,0.03183415042880818,0.0228723298664722,-0.1649572031989594,-0.03348166467099519,-2.7972416050126014e-17,0.06598288127958377,True
100081,3,0.690248895726432,0.05775309679713231,0.142898396333367,-0.26231873026889696,1.5902773407317584e-15,-0.17423852817527413,0.17423852817527413,True
100081,4,0.8734754227135111,0.09142835334890467,0.1190080217195111,-0.17284817886283876,-0.005410310901417334,0.0077453984598946195,0.06913927154513551,True
100081,5,0.8143618633438813,0.09120911357511273,0.0987839160145925,0.08507481502408183,3.727212517340059e-17,-0.0019050344985044785,0.034029926009632734,True
100082,1,0.4597848498039689,0.12362425156501855,0.0888220550321976,-0.34886449446136225,-0.01953007808488943,-5.936006894358137e-17,0.1395457977845449,True
100082,2,0.6142682522768054,0.17253481482931773,0.1239635154408174,-0.16495720319895935,-0.0008595107727695214,2.5756577860108765e-17,0.06598288127958374,True
100082,3,0.7554176408889124,0.23861359608981905,0.1714400669368153,-0.16495720319895943,0.002996092051434799,4.9615801918367897e-17,0.06598288127958377,True
100082,4,0.9371623130567404,0.4016104501291969,0.2885507095193214,-0.1649572031989594,0.007390474933364045,-2.799952110443815e-17,0.06598288127958377,True
100082,5,1.1159338905709846,0.4107524831739011,0.3318717355050565,-0.22232540352305044,0.0,-0.10266633124348681,0.10266633124348681,True
100083,1,0.18332672800598623,0.11478777761349933,0.2010627451552657,-0.16959246675567372,0.0041786808273650555,-0.05250136085215466,0.06783698670226948,True
100083,2,0.23897011368663756,0.13137105274929503,0.2385376749336255,-0.029681242633275203,0.0,-0.12541085801891208,0.12541085801891208,True
100083,3,0.21653107580537723,0.2166842737628648,0.2505953696128228,0.24908286452253525,0.002713973722461748,-0.2180000416943702,0.2180000416943702,True
100083,4,0.371509054637092,0.2531286988992149,0.2644872018741595,-0.18101625369392288,0.009266138782742623,0.015762784004064164,0.07240650147756915,True
100083,5,0.47935020652183974,0.2573425035424485,0.2593178819862602,-0.2005299602300007,0.0,0.03491649059109822,0.08021198409200028,True
100084,1,0.27165819752467485,0.1220727107775971,0.1541106516204448,-0.2430609303200514,0.00489894112600013,-0.1654858738863063,0.1654858738863063,True
100084,2,0.3715704777864841,0.12207271077758942,0.1235015615785972,-0.14377193698453852,-1.204370261689448e-15,-4.559946338766961e-17,0.05750877479381541,True
100084,3,0.5270331371550995,0.22091848255131608,0.1804882667245486,-0.16495720319895937,0.004521826820797959,5.839783951550048e-17,0.06598288127958375,True
100084,4,0.6916500254064593,0.34161187195701287,0.2616405632857835,-0.16495720319895946,0.005486515566397357,-5.969888212248309e-17,0.06598288127958378,True
100084,5,0.7936047071192733,0.3385343600673796,0.2680675123464345,-0.1269375869876688,0.0,-0.03731820872248635,0.05077503479506752,True
100085,1,0.24627742998743452,0.010557311343561795,0.0444013211141265,-0.18534753261399453,0.014243353562121178,-0.07856790827333904,0.07856790827333904,True
100085,2,0.3678671776244736,0.03174410715443801,0.0432915083471063,-0.16495720319895943,0.0011961175504408427,4.9615801918367897e-17,0.06598288127958377,True
100085,3,0.7681632730574094,0.031744107154438005,0.0385872443989138,-0.1649572031989594,0.0364315151740396,-2.7972416050126014e-17,0.06598288127958377,True
100085,4,0.9269488219528599,0.07208047575570233,0.1214681970910038,-0.21381113558455983,0.001321455776049609,-0.11868521247057989,0.11868521247057989,True
100085,5,1.073670943743007,0.15121605178338482,0.1472211085634787,-0.16544891576577384,0.003678302710476657,1.1384122811097797e-16,0.06617956630630953,True
100086,1,0.5313206310741119,0.14679170211501255,0.165338482921744,-0.6168148891264534,0.006055857532286697,-0.13522014387304462,0.24672595565058136,True
100086,2,0.5701681513771678,0.14679170211501485,0.1385310029154728,-0.055643918604009725,3.6364491903196835e-16,1.6366132848743474e-16,0.02225756744160389,True
100086,3,1.2145435384378085,0.2618037636759922,0.2901307581049479,-0.7190124866745408,0.011881713636651931,-0.17456017719803874,0.2876049946698163,True
100086,4,1.4159624926892889,0.26180376367599806,0.2497640501837299,-0.16495720319895932,0.013071488164722917,-0.03253760913640166,0.06598288127958372,True
100086,5,1.5791026600267166,0.26180376367599756,0.2331470566462418,-0.16495720319895943,0.00839704983860923,4.9629354445523965e-17,0.06598288127958377,True
100087,1,0.1914941371723885,0.032297658243157154,0.0967273394116414,-0.2360438869458309,0.0,-0.07225588268112045,0.09441755477833236,True
100087,2,0.4946080635131494,0.08290088809800353,0.2124124429896728,-0.2763341881858845,0.007278357242063461,-0.19932064051112758,0.19932064051112758,True
100087,3,0.5095784794807421,0.11211404860516916,0.2537162213644028,0.12239349478903962,0.0,-0.2659788523220224,0.2659788523220224,True
100087,4,0.5971735762508752,0.12687707817966729,0.2513613984397621,-0.015820829908068577,0.01010148914675384,-0.05819593124279293,0.05819593124279293,True
100087,5,0.7025182246272819,0.11529645695567126,0.2229011958045748,-0.13363291117233755,-3.975693351829396e-16,-0.03074640368375012,0.05345316446893502,True
100088,1,0.4100699940630249,4.438763902395242e-17,0.0,-0.5858142772328927,3.0550646764069138e-18,-7.813032436236916e-17,0.23432571089315707,True
100088,2,0.5844566745769904,0.01991083169683649,0.0596303843767375,-0.20878065892179273,0.0,-0.078426609098025,0.08351226356871709,True
100088,3,0.7725946365094649,0.059764112575062235,0.1229219482590513,-0.21133860534417623,0.0013106131900596852,-0.08665911748804003,0.08665911748804003,True
100088,4,0.9783381725046649,0.0899076167055078,0.1757322241294674,-0.2328278641146168,0.0,-0.12146157132203299,0.12146157132203299,True
100088,5,1.1791388148286526,0.08990761670550311,0.1307205639089457,-0.16495720319895946,0.01513963823316879,1.3341107732434132e-16,0.06598288127958378,True
100089,1,0.07148794398047552,5.323135097517404e-17,0.0,0.10212563425782223,-1.0044530448768763e-18,1.6984981456962367e-17,0.04085025370312889,True
100089,2,0.04591879398812555,4.274546205672042e-18,0.0,-0.036527357131928555,-1.9478413015917788e-20,-1.1876160665794314e-17,0.014610942852771421,True
100089,3,0.10850016348808701,1.4299593669446352e-17,0.0,-0.1649572031989594,-0.004919595760585599,-2.7985968577282083e-17,0.06598288127958377,True
100089,4,0.23052308023995075,0.006035721535681015,0.010634591864497,-0.1804468195598911,0.0,0.015203855114582337,0.07217872782395643,True
100089,5,0.2541494630201771,0.006035721535693507,0.0075545369496863,-0.06995917343872272,-1.5902773407317584e-15,0.22025358701497805,0.22025358701497805,True
100090,1,0.4120856953916586,0.049443359653696325,0.4806073341755626,0.2733089439943343,0.011406287344589228,0.3845318879898336,0.3845318879898336,True
100090,2,0.3552538446646644,0.14465346787524566,0.2174643483314784,-0.18261638576945333,0.018474606165206922,-0.1961119317324289,0.1961119317324289,True
100090,3,0.38573286603209034,0.2699981189569659,0.256065255923011,-0.13820476267088652,0.005859126702688857,-0.02625889630011703,0.055281905068354606,True
100090,4,0.6105022280209179,0.30987887521371527,0.3807751571942929,-0.3626711904550319,0.0,-0.3538296406794963,0.3538296406794963,True
100090,5,0.7628914544816842,0.320033510579799,0.3428685917558567,-0.21101074316923954,0.0,-0.0539253022912313,0.08440429726769581,True
100091,1,0.1601679650206193,0.034027557105696174,0.1019081643855143,0.0021316996342997797,0.01295035137543783,-0.13403086120769492,0.13403086120769492,True
100091,2,0.2365534026123126,0.0352727787034202,0.0671479168508731,-0.204468479643092,-0.004351949347851734,0.003257704209557348,0.0817873918572368,True
100091,3,0.7246644392888955,0.0850136144451464,0.2170649684686577,-0.3062428699006191,0.03159021047716994,-0.2564787576799276,0.2564787576799276,True
100091,4,0.8551408724099664,0.08501361444514526,0.1603086578983374,-0.2011495458566842,-0.0014959948536339375,7.08492238401387e-17,0.08045981834267368,True
100091,5,0.6314498747247652,0.08501361444514524,0.1369638221690603,0.32755873120959256,-1.6282608315031188e-18,2.9226511581363427e-18,0.13102349248383702,True
100092,1,0.2053767767711627,0.049194549440951314,0.035345499951761,-0.2011495458566843,0.0022305405124349153,-0.1214932166797723,0.1214932166797723,True
100092,2,0.6059843478794097,0.11481213771350235,0.091059462227317,-0.5234859412904183,0.0028785804562496916,-0.02765859438923113,0.2093943765161673,True
100092,3,0.9384631404255495,0.137563038338278,0.2396774760399314,-0.3453577357089962,0.0,-0.2580754791637373,0.2580754791637373,True
100092,4,0.9062858012146469,0.1375630383382775,0.1799059133169963,0.07320547433642371,-0.003902622735224772,1.5853746267169289e-16,0.029282189734569485,True
100092,5,1.0578368658440829,0.1375630383382775,0.1556511977750867,-0.2011495458566843,0.0092337074975129,-3.40168431617327e-17,0.08045981834267371,True
100093,1,0.2955738676099801,0.0028364972967396228,0.0049977439975073,-0.41791087546490985,0.0,-0.0071450768027634965,0.16716435018596393,True
100093,2,0.5721414790003905,0.04307799253566224,0.1369935050309624,-0.3019605508277374,0.0,-0.18041172584946208,0.18041172584946208,True
100093,3,0.7313297532071424,0.0664975852684247,0.1050737831971957,-0.2631717934095865,-3.975693351829396e-16,0.060878025878903584,0.10526871736383461,True
100093,4,1.070916183083043,0.06649758526842207,0.075651102882962,-0.2011495458566843,0.030234991759454242,-0.017155008492757983,0.08045981834267371,True
100093,5,1.2810924224659306,0.09145077452473588,0.140666441099701,-0.2532865033033208,0.0,-0.14237183352166488,0.14237183352166488,True
100094,1,0.15392474883475327,0.005026879972798675,0.0088570714448138,-0.21405014801514957,0.0,-0.009913343049879779,0.08562005920605983,True
100094,2,0.3198648664712014,0.0641499914519642,0.0478991274114275,-0.19907005176357495,0.002507403926773135,-0.0020411304041724723,0.07962802070542999,True
100094,3,0.8696202820602692,0.2583677271477935,0.288895603114079,-0.3338341021710984,0.03724221508399959,-0.23745274442137607,0.23745274442137607,True
100094,4,1.7247912974727113,0.35844866748112186,0.3835675234845583,-0.2639320740578942,0.08619910112071377,-0.18060160279690576,0.18060160279690576,True
100094,5,1.8421390623436666,0.35720948068298447,0.33543011642787,-0.18838467876219872,-1.1927080055488188e-15,-0.012529373571249931,0.07535387150487949,True
100095,1,0.25790058388329784,0.07382061425070262,0.0530389351480695,-0.20114954585668432,0.0033471161440872268,-0.23285318983660047,0.23285318983660047,True
100095,2,0.47577834624976845,0.12122833803001883,0.0871006293316245,-0.20114954585668424,-0.0101510113696693,8.760353553682876e-17,0.0804598183426737,True
100095,3,0.6969303050954152,0.1711441331466823,0.1690854199051293,-0.2643783781795852,0.0017796816215446454,-0.06528027932620449,0.10575135127183408,True
100095,4,0.8992166133224082,0.22513282106443203,0.2342850863730689,-0.25866232731474276,0.00520744944964667,-0.061304474190405696,0.1034649309258971,True
100095,5,0.8399536427469279,0.2272665817953152,0.2077170302258415,0.02613706620912301,0.011032768456600938,0.021490247984487322,0.021490247984487322,True
100096,1,0.2531225352825335,0.15670814041683082,0.1125923020433924,-0.20114954585668424,0.0071053370380448795,-0.13306022528123276,0.13306022528123276,True
100096,2,0.5441542506792669,0.15670814041682918,0.1125923020433924,-0.20114954585668424,0.021789118188322642,-0.0739531984002657,0.0804598183426737,True
100096,3,0.6674196502154506,0.16061661708336064,0.1310804249384304,-0.1505587195372402,0.0,-0.04965749800155569,0.06022348781489608,True
100096,4,0.48578469422261317,0.4076815796220348,0.4014826951630442,1.0131014259569715,-0.014518982106634173,-0.25863412956502374,0.4052405703827886,True
100096,5,0.41092897220817803,0.4076815796220194,0.3609889153877583,-0.1636211789949484,-2.4209524796150453e-15,-4.476221764090848e-16,0.06544847159797937,True
100097,1,0.15834561732356325,0.04449040147865695,0.0319656445925051,-0.2011495458566843,0.0020172487409577168,-3.40168431617327e-17,0.08045981834267371,True
100097,2,0.34924060161188064,0.049549962516352006,0.0557890275636455,-0.233805547032031,0.0025468063396513006,-0.03801334172508812,0.09352221881281239,True
100097,3,0.48939147683873724,0.04938019258641191,0.0452162711780463,-0.1994421367197539,-8.696829207126804e-17,-0.0016759098827443407,0.07977685468790155,True
100097,4,0.6407275038586473,0.07622297543457024,0.0602825098472226,-0.20114954585668424,0.0012279149741924295,-3.139442915703339e-17,0.0804598183426737,True
100097,5,0.8019690877788963,0.12829828470407265,0.095844595642743,-0.20114954585668432,0.0023680002175106765,4.777265822514254e-18,0.08045981834267373,True
100098,1,0.28988335407782406,0.08261919576209094,0.1921184087571558,-0.1684170785982275,0.01407308846265486,-0.22772439558386096,0.22772439558386096,True
100098,2,0.6750258798226711,0.08261919576208143,0.1341739879367173,-0.3586716020754122,0.02395990749644518,1.3248950547772864e-16,0.1434686408301649,True
100098,3,0.7814002547908281,0.15052650213667199,0.1760255253042815,-0.21781209136594892,-0.013046098206930125,-0.0618416649809872,0.08712483654637956,True
100098,4,0.5166496396936021,0.2575253924290783,0.2282084418719189,0.6761134849013978,0.022581131176667615,0.0018512183604580527,0.2704453939605591,True
100098,5,0.6621491713628744,0.2659194920951472,0.25902267660539,-0.24283261707923934,0.0,-0.02803953139985754,0.09713304683169574,True
100099,1,0.15457640706229356,1.9428902930940238e-17,0.0,-0.22082343866041937,-9.295887862629931e-20,-6.22764010245322e-18,0.08832937546416775,True
100099,2,0.3461567380455415,0.08970483481670244,0.167788194063521,-0.1473337287928641,0.003109723321896714,-0.17638945536593417,0.17638945536593417,True
100099,3,0.5020015414652572,0.12728970591869057,0.141270682001335,-0.20114954585668438,0.0017640922956545554,7.975662231346492e-17,0.08045981834267375,True
100099,4,0.7596736828801542,0.17778875235880146,0.1570179842031069,-0.202099752215697,0.01923608014014635,0.0009326764120396239,0.0808399008862788,True
100099,5,0.7195678553850446,0.2152336966379831,0.1761123059421857,0.08313252501220876,0.0017431981281659295,-0.0059848459086822335,0.0332530100048835,True
100100,1,0.6876604586416902,0.023544062339246413,0.0827527757695187,-0.6041342120520431,0.03334236466538541,-0.12808369026794966,0.24165368482081723,True
100100,2,0.7869034085318657,0.09212460919915723,0.1416216945933983,-0.1060695192897145,0.003286064417995665,-0.06496922164515924,0.06496922164515924,True
100100,3,0.9811104131050439,0.2252609331054408,0.1989161532168301,-0.2011495458566843,0.006145538673197803,-3.40168431617327e-17,0.08045981834267371,True
100100,4,1.3487000153213144,0.261446364127576,0.3836996337519371,-0.37543358858227466,3.1805546814635168e-15,-0.31189933028813316,0.31189933028813316,True
100100,5,1.6031092858371832,0.3038803073212648,0.348652074006117,-0.3259896371043655,0.0018074397243152433,-0.031824787007631264,0.1303958548417462,True
100101,1,0.3279660130460059,0.0683961456526068,0.0632080521333827,-0.3631336125848567,-0.004867069802969127,0.041262631625007644,0.1452534450339427,True
100101,2,0.5643091183342743,0.1543052083754738,0.1761138198610327,-0.08286418963547924,-0.014199987455456583,-0.1482940425754763,0.1482940425754763,True
100101,3,0.5906978294937515,0.15430520837546877,0.3440688576794141,0.12294248119395859,-0.017403375231033382,0.05642079210001995,0.05642079210001995,True
100101,4,0.7743165000479838,0.16586592498154892,0.2109162629378342,-0.05489110412943272,-0.017403375231032584,-0.09823331126018482,0.09823331126018482,True
100101,5,1.1627921963652657,0.21411212735474527,0.1977798667494394,-0.3738249325013836,-0.015158754823609826,-0.00011455143159560827,0.14952997300055343,True
100102,1,0.6744295715602885,1.0338910413441097e-16,0.0,-0.7674779383466398,-0.017403375231032598,-8.44593492366208e-17,0.30699117533865594,True
100102,2,1.0879246172298425,1.2919697840072124e-16,0.0,-0.39425161329585684,-0.017403375231032598,1.1888276821303556e-16,0.15770064531834274,True
100102,3,1.304832557154692,0.10539945866174597,0.1523352485457949,-0.11850528287933178,-0.013466789608528651,-0.09470587153604246,0.09470587153604246,True
100102,4,1.4148980533316784,0.10218879900864723,0.1039072762302183,0.02946630449022069,-0.01740337523103219,-0.028922693357431684,0.028922693357431684,True
100102,5,1.5310647548167824,0.14494831392218957,0.1467788743820003,-0.02951817389135899,-0.010368339643456834,-0.05266335379206115,0.05266335379206115,True
100103,1,0.17479724122563547,0.017900864877121152,0.0315402874145651,0.04593941715771144,-0.01740337523103219,-0.04509190067972689,0.04509190067972689,True
100103,2,0.4492837658215223,0.01790086487711795,0.0224054105736011,-3.3823950736733344e-17,-0.028954903342479486,7.643625316022806e-17,0.024129086118732906,True
100103,3,0.7178521927913243,0.15526126930617945,0.1488251039512438,-0.24760365704037962,-0.010445567172254252,-0.1066314745091979,0.1066314745091979,True
100103,4,0.8813328509549824,0.15521799002169362,0.1416883380657684,0.0007460897525209729,-0.017403375231033504,-0.0007323254647166661,0.01450281269252792,True
100103,5,1.1203688046929727,0.15557243414008048,0.1387249828978121,-0.005446845814278877,-0.02524936987651635,0.005346359306912085,0.021041141563763625,True
100104,1,0.7729601431862408,0.1106189478212686,0.4357188768658322,-0.8449284776939124,-0.012932699817090559,-0.1179903957637114,0.33797139107756496,True
100104,2,0.7641498764993316,0.11061894782126445,0.3248661819161143,0.17753114902762954,-0.017403375231033243,4.969982758673552e-16,0.07101245961105182,True
100104,3,0.6830861900573384,0.11061894782126445,0.1968606976003775,2.792192120976294e-17,0.012223120920826114,-9.134403303190375e-18,0.010185934100688429,True
100104,4,1.6045148162134868,0.11061894782126468,0.141906411512612,-1.1535664388358653,-0.01740337523103259,-2.4860755815092617e-16,0.46142657553434613,True
100104,5,1.6476694982840976,0.16643384617695628,0.155798262002214,0.07738104011818853,-0.008790830826369288,3.3184717994350077e-16,0.03095241604727541,True
100105,1,0.1738483562041446,0.007801115042635775,0.0375500324753372,-0.010298839849728708,-0.017403375231032584,-0.07745508240677847,0.07745508240677847,True
100105,2,0.6167207870307382,0.027809539198920978,0.0905308222970282,0.4982230041153853,-0.017403375231032584,-0.08416161758912795,0.1992892016461541,True
100105,3,0.5765886143309183,0.03711759231423334,0.0700927187441258,-0.025015718953096597,0.004122549252939368,0.024554214751843807,0.024554214751843807,True
100105,4,0.6866760103744717,0.054142021184689464,0.0682969391832542,-0.11846740737588109,-0.021775204715703867,0.035456512730571293,0.04738696295035243,True
100105,5,0.8984358692273244,0.10268848750906222,0.0952555663903619,-0.10933020440984546,-0.026590781900759263,-0.016573531379814405,0.04373208176393818,True
100106,1,0.27982576621672395,0.10536740984320972,0.1479132631714894,-0.13032177443598758,-0.013296751072438195,-0.1436524459231503,0.1436524459231503,True
100106,2,0.6933809708640399,0.10536740984321054,0.1144725649637617,-8.822843226554115e-17,-0.05086733360770001,1.478851763270228e-16,0.042389444673083344,True
100106,3,1.0641204414336018,0.13687609426206485,0.2703521116164841,-0.12851865036119603,-0.03282487615177302,-0.2594895104694021,0.2594895104694021,True
100106,4,1.2554740858183555,0.19517200686870645,0.2418093242022514,0.12013756627499333,-0.017403375231033382,-0.10059272284777533,0.10059272284777533,True
100106,5,1.4195328822692241,0.1938790793793828,0.2221199764094968,0.003453302631208312,-0.017403375231032834,-0.0033895941415387886,0.014502812692527362,True
100107,1,0.17293163443068202,0.015736036044131048,0.0277259843591286,0.04038376520925416,-0.017403375231032584,-0.03963874255604098,0.03963874255604098,True
100107,2,0.33973120170397486,0.10568899243084268,0.1022878340511252,-0.03216480960719974,-0.012713216438975147,-0.057562255375993104,0.057562255375993104,True
100107,3,0.5142429389582969,0.181973828078595,0.1497915518875062,-1.9417254627748964e-17,-0.013943093103075031,2.81079413216867e-17,0.011619244252562527,True
100107,4,0.5223985015623133,0.21213493071609693,0.1893802783952245,-0.036437612399860896,0.004202715430608984,-0.04676910138521745,0.04676910138521745,True
100107,5,0.6906919224689411,0.21600338505933764,0.2037233243029169,-0.013327699941887552,-0.018717519780578007,-0.0709129471685615,0.0709129471685615,True
100108,1,0.5355123307673394,9.472572298618685e-17,0.0,0.5687732356167515,-0.0174033752310326,2.0025214125807267e-16,0.2275092942467006,True
100108,2,0.8484448298767233,0.02644214240408667,0.0791908213231812,0.24253169307549452,-0.017403375231032584,-0.10415273443193734,0.10415273443193734,True
100108,3,0.6684264818746148,0.12334073215643811,0.113874906780991,-0.6325966666575839,-0.021163460877255208,0.0033839293731166512,0.25303866666303354,True
100108,4,1.111111337217811,0.12334073215643818,0.1050332435043205,-8.844800129882263e-18,-0.046384765996316406,1.4094628242311558e-16,0.038653971663597006,True
100108,5,1.2770236148046386,0.16633886428141756,0.1315387096443376,-5.846316860178818e-18,-0.01543845614987228,-1.745565497701662e-17,0.012865380124893567,True
100109,1,0.3319931559023144,0.026995176259008803,0.0475639374890848,-0.2989964166555123,-0.017403375231033382,0.06800027904007347,0.11959856666220492,True
100109,2,0.483525479969614,0.059586508498946096,0.0722160515996054,-0.01645078386770934,-0.015291805289294785,-0.06926768652110343,0.06926768652110343,True
100109,3,0.8390301807253874,0.07037974207308574,0.1183831491658337,-0.30244725855193494,-0.017403375231032584,-0.15833555339261732,0.15833555339261732,True
100109,4,0.9822457386254995,0.0954109944419308,0.104886057043841,-2.070977765461672e-17,-0.016977128988015094,1.3931997916438732e-17,0.014147607490012579,True
100109,5,1.1295645223749755,0.09617373211697017,0.0941649699633304,-0.006741803212290049,-0.017403375231032636,0.006617426594839103,0.014502812692527197,True
100110,1,0.34633031752707805,0.1386983575906246,0.2439919745986417,0.26692090639062344,-0.012418758549229691,-0.2638814462717359,0.2638814462717359,True
100110,2,0.4849109446582805,0.14697768308981754,0.223904887614394,-0.036041552885589474,-0.017403375231033382,-0.06450008865848461,0.06450008865848461,True
100110,3,0.636033005957058,0.14732285852586652,0.1799714461538602,-0.002967404719374062,-0.017403375231033108,0.002912660350548395,0.014502812692527591,True
100110,4,0.7891449655242934,0.14732285852586666,0.1612825731183079,-0.030660837069357096,-0.017403375231032584,-1.7564075194265172e-17,0.014502812692527154,True
100110,5,1.0872295944050576,0.14744375253048708,0.1531538188787038,-0.15307574837188542,-0.03484572983925992,0.00101922760474326,0.061230299348754166,True
100111,1,0.4025042447758939,0.0344430537111361,0.1031525233689593,-0.4156072843563992,-0.011252105864979017,-0.13566745732546742,0.16624291374255967,True
100111,2,0.530422351634967,0.05573320150514055,0.1295571370135369,-0.04685931072037588,-0.011252105864979812,-0.08385958578239242,0.08385958578239242,True
100111,3,0.6239384504017019,0.08607345509832778,0.1174650616609145,-1.0019965135766813e-17,-0.00851122801067207,5.800481622797449e-18,0.007092690008893392,True
100111,4,0.7349221875101477,0.0860734550983278,0.1026850477196623,-0.15755345843877047,-0.000215181149018708,-3.944717138658002e-17,0.0630213833755082,True
100111,5,0.8051188398483232,0.08516248733104068,0.09670596939754,0.008048182876534363,-0.011252105864979614,-0.007899705424539698,0.009376754887483012,True
100112,1,0.26948714931135387,0.0804755424379498,0.1851333636858441,-0.07648767790901365,-0.008605074156316594,-0.3638720429429173,0.3638720429429173,True
100112,2,0.34031757250115713,0.08410370425945705,0.1460169942402468,-0.03378832541903491,-0.0112521058649818,0.03316497918767498,0.03316497918767498,True
100112,3,0.5396776303191682,0.2192809480716075,0.2641422498569936,-0.08447019103743936,-0.005626054030455793,-0.09201196754301477,0.09201196754301477,True
100112,4,1.231698423537033,0.21928094807161064,0.6660247098706009,1.0564863475090503e-17,-0.08147918226198994,-0.36216730422843785,0.36216730422843785,True
100112,5,1.3404817778590785,0.21928094807160806,0.425472691174819,-0.03892044692223369,-0.011252105864980107,-5.171644362755856e-17,0.015568178768893475,True
100113,1,0.11826390629748414,0.05225312601386748,0.0375430385199435,-7.370724908769574e-18,-0.009070786180241165,1.5720931501039814e-18,0.007558988483534305,True
100113,2,0.24227661941676015,0.11898726762526096,0.0854904559695682,3.4055429086203175e-18,-0.008226299066096187,-2.168404344971009e-18,0.006855249221746823,True
100113,3,0.545340961967815,0.25651990952782167,0.3577041073357925,-0.19337760157137512,-0.006629730221765493,-0.34606922974469995,0.34606922974469995,True
100113,4,0.726565965030541,0.25651990952782455,0.2773769812254137,-1.2774374693993032e-16,-0.024208257720205687,1.8778381627448937e-16,0.020173548100171405,True
100113,5,1.0369772755552704,0.25651990952782455,0.2450435675601923,-0.3804796217701994,-0.011252105864979694,-1.1525069093520912e-16,0.15219184870807975,True
100114,1,0.23369637616977296,0.04857095202086449,0.14546376574713,-0.10690397054785106,-0.014842550218437996,-0.19131571828131136,0.19131571828131136,True
100114,2,0.3616994603741442,0.06761713434773499,0.1503856736790567,-0.0419203748291212,-0.011252105864980608,-0.07502084889789282,0.07502084889789282,True
100114,3,0.5538973283476306,0.11362062156063366,0.1435971985249279,0.017724725794349222,-0.019210298436892117,-0.017397729978818968,0.017397729978818968,True
100114,4,0.6392062463531788,0.11238616578981162,0.1310783858295484,0.011718207724886607,-0.011252105864979614,-0.011502023568583744,0.011502023568583744,True
100114,5,0.8930114675261689,0.11397716612599001,0.1401946073949336,-0.20468229907607108,-0.0179236625149291,-0.055886735675416466,0.08187291963042843,True
100115,1,0.17370482882478813,0.04110551391919994,0.1231057362307149,-0.054448830994525785,-0.011252105864979017,-0.17793539524068228,0.17793539524068228,True
100115,2,0.5598979941896821,0.13738017152626522,0.2813982045751926,-0.1490858978305606,-0.026877480577329672,-0.21392751901488696,0.21392751901488696,True
100115,3,0.565640396789088,0.18889135286842856,0.3513809966056866,-0.0032428235945820357,0.008791903344077288,-0.20881020023551944,0.20881020023551944,True
100115,4,0.7861725042288663,0.2134784161158128,0.3344036997120235,-0.1877069140697962,-0.011252105864979812,-0.09859991401558604,0.09859991401558604,True
100115,5,0.9824706608894581,0.22649765133242825,0.3098341467173133,-0.06642498330865193,-0.01983903451066726,-0.052059039965342585,0.052059039965342585,True
100116,1,0.2395313570303467,0.12516785499152788,0.1799349776185483,-0.09344641636478176,-0.007633582900064988,-0.18579125556079182,0.18579125556079182,True
100116,2,0.3925034950457444,0.1399721505831892,0.2225903964882815,-0.06735786526420479,-0.011252105864979812,-0.12054387043696366,0.12054387043696366,True
100116,3,0.9436960077239129,0.13997215058318685,0.174583755727402,-0.6936285602440065,-0.011252105864980072,-1.8640145850457035e-16,0.2774514240976026,True
100116,4,1.7100043943429013,0.1603831862264212,0.2912831520159496,-0.922259412927671,-0.011252105864979017,-0.21304988134092118,0.3689037651710684,True
100116,5,1.4566589561641643,0.1623807112564569,0.2177004982485657,0.20159740071224136,0.01843222957278794,0.017092519600588323,0.08063896028489655,True
100117,1,0.1228344861159133,0.02060767685561925,0.2023632015524251,0.052885973399623115,-0.011252105864979415,-0.05191030290392312,0.05191030290392312,True
100117,2,0.23884107055296847,0.025957653993550028,0.1122471235175491,0.013729774131614182,-0.011252105864979017,-0.1916214525790706,0.1916214525790706,True
100117,3,0.8734585720642993,0.049925542540481836,0.4342625569725462,0.8947654399248391,-0.011252105864980608,-0.19719032479884288,0.3579061759699357,True
100117,4,0.9145947794775601,0.04992554254048143,0.2292239343108297,1.2847209281007094e-16,-0.005578834201773733,-8.826760936747613e-17,0.004649028501478111,True
100117,5,0.8027507462202839,0.04272770179157827,0.2988121453502524,0.18140145167856783,0.031046416849199412,-0.16282846498359382,0.16282846498359382,True
100118,1,0.23121975300208106,4.407713272373943e-17,0.0,-0.202933815717117,-0.011252105864979699,-3.854338723185968e-17,0.08117352628684679,True
100118,2,0.361206096276249,0.0608884237579443,0.0437473635276175,-7.649761307396355e-18,-0.013325354855369264,3.496552006265752e-17,0.011104462379474387,True
100118,3,1.0986172041318873,0.24982197727994737,0.2304831692314898,-0.5892354279607296,-0.027892242382907283,-0.13049180114128991,0.23569417118429184,True
100118,4,1.2129154220307057,0.3464780699549938,0.2775617346890796,5.680232848725317e-17,-0.006859316061263471,3.1821333762449555e-17,0.0057160967177195595,True
100118,5,1.2940007423933788,0.3470151241961878,0.2687578181150275,-0.006487351901786392,-0.0112521058649797,0.0020421915130680677,0.009376754887483085,True
100119,1,0.12340035424981885,0.0653177629614693,0.0469297719735221,-7.327739948795688e-18,-0.008290519389922011,6.071532165918825e-18,0.006908766158268343,True
100119,2,0.27646134628608765,0.06531776296146928,0.0469297719735221,-0.13122476035205827,-0.011252105864979704,-3.857049228617182e-17,0.05248990414082331,True
100119,3,0.6062063663560409,0.2173482094201417,0.2046300318260924,-0.26046853672787956,-0.004945297684963869,-0.09780978692965425,0.10418741469115182,True
100119,4,0.7266991268753773,0.2639411958129571,0.2239803807149897,-0.032959942235914814,-0.009318238308234545,-0.0017993748242516071,0.013183976894365925,True
100119,5,0.8324908981478896,0.3203446785202263,0.2473306907800121,-8.181805945675708e-18,-0.008678475889783389,8.917562868693274e-18,0.007232063241486158,True
100120,1,0.10897568817432232,0.0005986687067886936,0.0010548195971444,0.0015363778034872943,-0.011252105864979689,-0.0015080338325484514,0.009376754887483074,True
100120,2,0.13181144106919498,0.0005986687067886069,0.00074931685267,8.60279339018286e-18,-0.0023579257369780444,-1.845176572298768e-17,0.0019649381141483703,True
100120,3,0.2633657597341875,0.03113949860573782,0.0951329504399512,-0.06980551826697663,-0.011252105864979017,-0.12492419878144824,0.12492419878144824,True
100120,4,0.7062318470354972,0.15587655032415057,0.3205245139497799,-0.21292847709860524,-0.02627716336767404,-0.23834550560346945,0.23834550560346945,True
100120,5,0.8412607887689496,0.20260215726590708,0.3226360655475723,-0.011927148809520506,-0.009602021318923262,-0.11932723264359622,0.11932723264359622,True
100121,1,0.08229530539202388,0.0015151204434991166,0.0026695544926843,0.0038882897880009653,-0.008496107287124998,-0.003816556408032372,0.007080089405937499,True
100121,2,0.21584838889791969,0.052739733215332214,0.0494820191024035,0.03183894770578177,-0.011143604659890416,-0.03125156470242971,0.03125156470242971,True
100121,3,1.0885124107768878,0.052739733215330944,0.0449211899424759,-1.2272133959372578,-0.008496107287125215,-1.6238638038401643e-16,0.4908853583749031,True
100121,4,1.1591241314422596,0.10538582958253544,0.1699072402302003,-0.00016840401675124677,-0.006091594292420149,-0.026476081361779508,0.026476081361779508,True
100121,5,1.2886385960348987,0.1435151670472715,0.1997602403373618,-0.07351836733392741,-0.007081391661535222,-0.1344448816711899,0.1344448816711899,True
100122,1,0.0870421370966292,0.0105701662709426,0.1059461634849269,0.02712647020579873,-0.0084961072871249,-0.02662602566576362,0.02662602566576362,True
100122,2,0.17091299213901168,0.008480048820254259,0.2592760790352716,-0.03540978729932224,-0.008496107287125097,-0.06336947876342905,0.06336947876342905,True
100122,3,0.2513501306029872,0.06252604252838732,0.1560745552040131,-1.3594998913545493e-17,-0.0058339209422786946,3.1726466072357074e-17,0.004861600785232245,True
100122,4,0.44638160556305895,0.09481778860442103,0.2364417424944339,-0.1385640593432526,-0.008496107287124303,-0.24797472353342373,0.24797472353342373,True
100122,5,0.5112260175096768,0.09466979145546109,0.1525400008461294,0.0012373890824337566,-0.008496107287125694,-0.0012145610253549355,0.007080089405938079,True
100123,1,0.1957107475798781,0.0055596087567896645,0.0189809874942477,-0.13354931377837323,0.012842521416703842,-0.02862791090290132,0.05341972551134929,True
100123,2,0.1741671898260606,0.021227758789267488,0.0591976840850232,-0.0345011912786608,-0.008496107287125097,-0.06174345215815368,0.06174345215815368,True
100123,3,0.5422897376961878,0.021227758789267182,0.0409117504531897,8.819692446066727e-18,-0.0540205991886965,-2.970713952610282e-17,0.045017165990580414,True
100123,4,0.6403287385700139,0.03967149077104202,0.0921652407344714,-0.0392029656699616,-0.008496107287124303,-0.09162202970573069,0.09162202970573069,True
100123,5,0.5674960783117713,0.03967149077103652,0.0713415827437861,-1.7349819073788337e-17,0.007964295591148833,1.6534083130403943e-17,0.006636912992624027,True
100124,1,0.6364131454527455,0.02309881022317321,0.0406987814618374,-0.5549286796555691,0.025215982828422558,-0.2535278572081639,0.2535278572081639,True
100124,2,0.6026295873175032,0.01786153919715471,0.0276344650655501,-0.01343810527784803,-0.0084961072871247,-0.024048880040620665,0.024048880040620665,True
100124,3,0.6005548348442818,0.13901617239496183,0.1118841330596411,-2.715905000904655e-18,-0.00230277694742154,-1.3145951341386741e-18,0.00191898078951795,True
100124,4,0.7113692839669263,0.16918442425017377,0.3191203772074975,-0.18411049870964244,-0.008496107287125097,-0.09121564679432723,0.09121564679432723,True
100124,5,0.7960127274573586,0.1680695776467879,0.2374056634630618,0.011355306094308019,-0.008496107287124303,-0.13637086327843592,0.13637086327843592,True
100125,1,0.42757410139883023,0.05797822047864642,0.0879058786058093,-0.05472215051991545,-0.041331056505882764,-0.08099289265329201,0.08099289265329201,True
100125,2,0.6315063035487094,0.05797822047864448,0.0654432953160787,-2.174501454161481e-17,-0.021364339436973693,-1.1926223897340549e-18,0.017803616197478077,True
100125,3,0.7100749374063658,0.0567560270513523,0.0552389408139763,0.01157511110352436,-0.008496107287124303,0.21250352847786402,0.21250352847786402,True
100125,4,0.8051385029918425,0.07895166154849817,0.0683053552210741,-0.05545379192861097,-0.007472198028658566,-9.722582981763761e-17,0.022181516771444386,True
100125,5,0.8869680744587896,0.07800442803258566,0.0695450158429669,0.009834788743171516,-0.008496107287124998,-0.009653350970708706,0.009653350970708706,True
100126,1,0.14247450910069354,4.190119454022938e-17,0.0,-0.10700846805303402,-0.008496107287125,-5.586351693731562e-17,0.04280338722121361,True
100126,2,0.39557866271029385,0.053254621884670734,0.1185620725035665,-0.0766707328563509,-0.021643935372213166,-0.13999478746021865,0.13999478746021865,True
100126,3,1.0242624627052965,0.16391105718842147,0.3585118547445089,-0.8790632486645451,0.011798241730973004,-0.13924183145820515,0.35162529946581805,True
100126,4,1.1483773864394091,0.311652889028014,0.3533702615211773,0.04052679747091325,-0.006379789294171238,-0.039779136077242774,0.039779136077242774,True
100126,5,1.2187153002557713,0.3467478599093576,0.3237768520836813,-1.527803008276049e-17,-0.006896803147072779,-2.290377089375628e-17,0.005747335955893983,True
100127,1,0.25914566261938143,6.181276478403048e-17,1.2247992218125378e-08,-4.955864840230631e-18,-0.026758015879976938,-1.1221492485224971e-17,0.022298346566647448,True
100127,2,0.2783404409429627,0.064741547220053,0.0477340758085641,-0.004216768203921006,0.0008048867051173096,0.004138974867440595,0.004138974867440595,True
100127,3,0.359179843740584,0.06513298028322012,0.0501578758125546,0.013810816992378848,-0.0084961072871249,-0.013556027190947829,0.013556027190947829,True
100127,4,0.5038543741190068,0.11278110981299956,0.1385913093501294,-0.10402009468008735,-0.009396883496747669,-0.12306275445498871,0.12306275445498871,True
100127,5,0.5972012866687277,0.1790203658092965,0.1585933613627764,0.006453390401230495,-0.005444238413777581,-0.006334334587241029,0.006334334587241029,True
100128,1,0.11774445786443742,0.08783156231217534,0.0631055780924416,-1.074325871919373e-17,-0.004513717820630423,8.253489038045903e-18,0.0037614315171920197,True
100128,2,0.20789377787789265,0.09470681018109488,0.0982368225729145,-0.04016312666703475,-0.008496107287125097,-0.0718760714625441,0.0718760714625441,True
100128,3,0.4198946193958055,0.11948221614873487,0.2249705497764599,0.5208392295066864,0.008403961033820266,-0.20607712016734409,0.20833569180267456,True
100128,4,0.4646121690812251,0.14176178561265756,0.1852161239848221,-0.08028339629168531,-0.008496107287125097,0.07880228256679447,0.07880228256679447,True
100128,5,0.5707928595234129,0.14176178561266112,0.1405470196335941,0.05568655605815052,-0.008496107287124532,5.036119091195168e-17,0.022274622423260206,True
100129,1,0.09713198208735385,0.015375458267748438,0.0270906671953687,0.039458405848072656,-0.008496107287124303,-0.1261209352096343,0.1261209352096343,True
100129,2,0.1779216685887413,0.05122699108526944,0.0449954265651092,-2.1515054271171668e-17,-0.006335650084151507,2.6834003769016235e-18,0.00527970840345959,True
100129,3,0.24980290633334148,0.05116784052191231,0.0423473198119829,-0.00054567287359775,-0.008496107287124998,0.0005356059902854236,0.007080089405937499,True
100129,4,0.26758419588886473,0.05116784052191232,0.0412939711023401,-2.7646168623596664e-18,-0.0018644759770745378,1.599198204416119e-18,0.0015537299808954482,True
100129,5,0.37208981597119906,0.054179409204030894,0.0991510448645756,-0.054174610350192505,-0.008496107287124303,-0.18388314435197353,0.18388314435197353,True
100130,1,0.3310648405182885,0.13932231777518733,0.1573537171629689,-0.07212128538208754,-0.021158901674736927,-0.1290685036817173,0.1290685036817173,True
100130,2,0.5209187294286962,0.18447127417309767,0.276502397265266,0.354540883556536,-0.007479497429042103,-0.19926242463990324,0.19926242463990324,True
100130,3,0.5976935206297601,0.23876844209218323,0.3098262710855295,-0.053818820641918286,-0.006541745218683819,-0.11633673914522308,0.11633673914522308,True
100130,4,0.7686784907481616,0.23876844209218484,0.2612191388803597,-3.289443960910227e-17,-0.019617481813236692,3.6266562669640123e-17,0.016347901511030577,True
100130,5,0.8514901449036876,0.28601181306807105,0.2702290453265594,-1.742953259420107e-17,-0.006288342042859764,2.1412992906588713e-17,0.0052402850357164705,True
100131,1,0.20793498402904695,0.0025685339146296377,0.0045256080338664,-0.006591689943322245,-0.014957104659453753,0.2655498472772679,0.2655498472772679,True
100131,2,0.2918178087158253,0.021706991050014012,0.0577978793974051,-0.042328334742225915,-0.014957104659450571,-0.16979401863533952,0.16979401863533952,True
100131,3,0.5523749770278932,0.12371613489191062,0.249060059035869,-0.09446626931453536,-0.014961717668835374,-0.29823896689119095,0.29823896689119095,True
100131,4,0.7772545404800365,0.16340907716332004,0.2106299433926012,-0.03047235139174293,-0.02223640063468878,-0.0007897256603633145,0.01853033386224065,True
100131,5,0.9482263436677725,0.22259026147891514,0.2920694739770956,0.2635407459292472,-0.01291286380799958,-0.1274506243817659,0.1274506243817659,True
100132,1,0.46154758468371965,0.11529170601897165,0.1795515242076085,0.4761095148970619,-0.01061161413546815,-0.18415796406330107,0.19044380595882476,True
100132,2,0.3733288206733947,0.11345454731954538,0.1323891268163852,-0.13644374719843888,-0.0017159652170385105,-0.017179582279834713,0.054577498879375554,True
100132,3,0.48583494858934784,0.11345454731954449,0.1176707557337361,1.0492506814343994e-18,-0.014045126180946266,5.7462715141731735e-18,0.011704271817455222,True
100132,4,0.6143147282516294,0.1716470797705849,0.1505847176021582,-1.5043347850287714e-19,-0.012273356671371215,4.87890977618477e-19,0.01022779722614268,True
100132,5,0.6069919732851337,0.1837610844702383,0.2464195025291155,0.08294887582486551,0.008035763275679298,-0.11152007203498132,0.11152007203498132,True
100133,1,0.38615581963976375,0.009017736753197681,0.0455369928911996,-0.09490137000284295,-0.03523945122617585,-0.10626256982120179,0.10626256982120179,True
100133,2,0.9788757755239756,0.009665546009021826,0.038264150838982,-0.009007169135129375,-0.06208190670548788,-0.006603186352560301,0.05173492225457324,True
100133,3,1.123312166208246,0.019143325940558682,0.036213271339119,-0.030672188887498758,-0.014957104659451964,0.03010633091396877,0.03010633091396877,True
100133,4,1.3995785603140067,0.019143325940558172,0.0274652976907297,1.0201446295908834e-17,-0.02869511893283405,-3.436920886779049e-17,0.023912599110695043,True
100133,5,1.2050616987091616,0.055519781076391564,0.1283181484478044,-0.0800654071385463,0.022245290824758464,-0.14328533166446109,0.14328533166446109,True
100134,1,0.3158159973860493,0.020851327280575465,0.0367388492413189,0.05351125930561727,-0.03238727776298075,-0.052524053180134186,0.052524053180134186,True
100134,2,0.45918486680446996,0.02024712282992904,0.0620178985008955,-0.4951266789717171,0.017873774530146692,-0.12133989803309188,0.19805067158868683,True
100134,3,0.6479347696635035,0.10194254134254775,0.2678747251712566,-0.00815692761347205,-0.01183660853877393,-0.26767449340519506,0.26767449340519506,True
100134,4,0.6829413878210647,0.24838990906907932,0.3455066799947993,0.2149500227170481,-0.008537934214838788,-0.12746177094316363,0.12746177094316363,True
100134,5,0.7764741947362332,0.24864459093668903,0.2995219053437177,-0.002721892179910873,-0.014957104659451367,0.09383120380872448,0.09383120380872448,True
100135,1,0.08908059942839533,0.07407726267006695,0.0594866483698879,0.02042704079500088,-0.0014079638926370232,-0.020050191136443112,0.020050191136443112,True
100135,2,0.21596919449766416,0.07802165493853208,0.091245437058704,-0.04209282990903148,-0.014957104659452162,-0.07532947510995243,0.07532947510995243,True
100135,3,0.34310805108395626,0.0792277729793563,0.0795851386181594,-0.013356085533906738,-0.014957104659451863,0.013109684876874146,0.013109684876874146,True
100135,4,0.5291712905315926,0.09556788911806798,0.1624330226189714,-0.0764955227560118,-0.014957104659452162,-0.13689665413147725,0.13689665413147725,True
100135,5,0.6943054798431341,0.18284163892794508,0.1779657282406019,2.406201411554632e-17,-0.01089023119060778,-0.0701836906319046,0.0701836906319046,True
100136,1,0.3597160607367962,0.04392282938488679,0.131543234306506,0.3168936951152967,-0.014957104659451367,-0.0839096358197759,0.12675747804611867,True
100136,2,0.3705497390399799,0.081475743916654,0.2022717488147095,-0.08139106795278887,-0.007338132493054821,-0.16566270936458577,0.16566270936458577,True
100136,3,0.5699561841658954,0.10858817026399609,0.2224207557069183,0.10346021484168252,-0.014957104659452162,-0.1067939037454312,0.1067939037454312,True
100136,4,0.6971613489889061,0.11061828899399756,0.1792349558463703,-0.004468292988107266,-0.014957104659452262,-0.007996472704710666,0.012464253882876886,True
100136,5,0.8351646882013402,0.10413870376460563,0.1700226743072366,0.017375602168930884,-0.014957104659451964,-0.01705504718447128,0.01705504718447128,True
100137,1,0.14887150779581965,0.056626332194619024,0.0406851174489551,-3.865140046826224e-18,-0.012389598252435142,3.686287386450715e-18,0.010324665210362618,True
100137,2,0.3469671553858238,0.07570699618776618,0.1498806635305239,-0.0945188238204712,-0.014957104659452162,-0.16915121653244955,0.16915121653244955,True
100137,3,0.8141981584997371,0.1771253602374731,0.3007711090781336,-0.4839894129536205,-0.011274466985589517,-0.004630824751236149,0.19359576518144822,True
100137,4,0.9209405769544742,0.2277276034246533,0.2611168707769971,5.608055905982438e-17,-0.012582730445641763,0.10300431549197908,0.10300431549197908,True
100137,5,1.1004225924147322,0.3058231023515898,0.3301262699523323,-0.029912842905864722,-0.011769429296522211,-0.13613991655356467,0.13613991655356467,True
100138,1,0.4427784416964724,0.12895204135826405,0.2406760894078131,-0.2067881188576254,-0.026728936388185468,-0.17964636023001884,0.17964636023001884,True
100138,2,0.5703636606480521,0.16507743639789918,0.184180152836744,-3.751414556499263e-17,-0.012835592933088127,3.323079658668071e-17,0.010696327444240107,True
100138,3,0.7351638958166677,0.2763108298777349,0.2271084691905483,-1.3651793489631071e-17,-0.009790847175814008,2.7267684638010437e-17,0.00815903931317834,True
100138,4,0.7291716577210635,0.37639427002867293,0.2869183960906774,0.19020537526753664,0.0013640547284824085,-0.023311269563309946,0.07608215010701466,True
100138,5,0.8741805013354166,0.3836728523652546,0.3155537079700951,-0.03818152695959076,-0.014957104659452162,-0.0683297937196983,0.0683297937196983,True
100139,1,0.18705217428135834,4.532443105655288e-17,0.0,0.09307911701869709,-0.014957104659451997,3.1496073110703904e-17,0.037231646807478834,True
100139,2,0.3192714662884216,0.006567358069595951,0.0115713046543441,-0.016853967897876663,-0.014957104659452162,-0.05284956760743291,0.05284956760743291,True
100139,3,0.4752303079216472,0.04627234238044112,0.1201394375623059,-0.08790998004705064,-0.014957104659452162,-0.1573240066819513,0.1573240066819513,True
100139,4,0.6231323767761889,0.05528790339028108,0.1026531981425523,-0.01984697528868486,-0.014957104659451765,-0.03551821614863774,0.03551821614863774,True
100139,5,0.7659878257062305,0.05528790339028044,0.0754893113080904,-9.193097095707507e-18,-0.015002025163657695,1.2305694657710475e-17,0.012501687636381414,True
100140,1,0.7118191354277743,0.05722922992640897,0.1713942405750734,-0.43818204869183175,-0.0514295241512596,-0.22541973699332382,0.22541973699332382,True
100140,2,0.5289934407459296,0.07787046783405457,0.1273798275891807,0.17404293189229034,0.014666775014629202,-0.024773606068544056,0.06961717275691613,True
100140,3,0.6953613895781932,0.21430855137895624,0.1945382215209831,-3.0126543450169453e-17,-0.008574620434265545,-8.432382396506011e-17,0.007145517028554621,True
100140,4,0.9223174994067584,0.2380737035601896,0.3095758732447499,-0.11477386922311389,-0.014957104659450571,-0.20539971637925963,0.20539971637925963,True
100140,5,1.1175007438672497,0.23807370356018037,0.2631683760394044,-5.060718992021349e-17,-0.025269325890572535,2.1521413123837263e-17,0.021057771575477113,True
100141,1,0.09749706641774646,0.013079090118307362,0.0230445994807601,-0.033565181409543454,-0.0093809983571485,0.03294595186569725,0.03294595186569725,True
100141,2,0.23522728247053265,0.013079090118311256,0.1867173224586984,0.0980144064518665,-0.009380998357147705,0.13309316746876818,0.13309316746876818,True
100141,3,0.10278401724356204,0.059062017462265644,0.1659138947586544,-0.10215474303956931,0.024309634716825363,-0.21175239206508362,0.21175239206508362,True
100141,4,0.1395135924032093,0.08799700827010365,0.1688594030181684,-0.027925007997689693,-0.009380998357149294,-0.11412593261502291,0.11412593261502291,True
100141,5,0.41318288955237314,0.1232065775208146,0.140825757780131,-0.2800570431838037,-0.005871550925419765,-2.935477382004503e-17,0.11202281727352148,True
100142,1,0.15635724982768529,0.10330457775672632,0.108152986795082,-0.0074358475401641606,-0.004890786823566106,-0.1360168583442595,0.1360168583442595,True
100142,2,0.1488122170771527,0.10153879105980781,0.0999599841088427,0.027282230001050872,0.0011543998178989373,-0.02677891191578486,0.02677891191578486,True
100142,3,0.48795360064836535,0.10153879105980898,0.0998839940943502,-1.1088751921488675e-17,-0.04109997604970165,-0.04700708137333402,0.04700708137333402,True
100142,4,0.3631747459962043,0.24722406105706024,0.2020644053791751,-0.05048761421747309,0.030403984397091865,0.04955619001510372,0.04955619001510372,True
100142,5,0.5335622701416683,0.3083094602047459,0.2655247118192918,-0.128399970426001,-0.0069041778641293445,-0.06444370692852246,0.06444370692852246,True
100143,1,0.11419594372012795,0.07315222291763199,0.0525587066248098,-8.074491882598181e-19,-0.006064187943815017,-6.559423143537302e-18,0.005053489953179181,True
100143,2,0.2546829458769231,0.08888916794691368,0.1386373881965562,-0.08762873678942704,-0.009380998357147705,-0.12928973357446302,0.12928973357446302,True
100143,3,0.2837543302171106,0.08888916794690915,0.1024037801993033,-0.09633013205919613,0.004725770399827334,5.2678673055639447e-17,0.038532052823678456,True
100143,4,0.2832314003823047,0.08888916794690915,0.0874488132611819,-1.418459431571942e-17,7.793470284007419e-05,3.371932283900963e-17,6.494558570006182e-05,True
100143,5,0.33758708954296035,0.17793470437576042,0.1899316138877798,0.16114063041473806,-0.005757862686442502,-0.20334091871287288,0.20334091871287288,True
100144,1,0.4075527253702128,0.08143384250183193,0.261453646215751,-0.3144140130774626,-0.009380998357146115,-0.37143810265684096,0.37143810265684096,True
100144,2,0.5376677181921296,0.08143384250181397,0.1747154884137381,1.7531682557710984e-17,-0.022297567257771753,-9.595189226496714e-17,0.018581306048143127,True
100144,3,0.6391237579023469,0.11085453495503,0.2208013924319625,-0.06478582950590735,-0.0093809983571485,0.050257193772928206,0.050257193772928206,True
100144,4,0.8874214365143067,0.19674831958165612,0.3953777137716306,-0.16593579105421521,-0.005194948236439116,-0.2969592700011547,0.2969592700011547,True
100144,5,1.1083371817207586,0.2397147846468297,0.3988781300954785,-0.1738862071388252,-0.007576141871623668,-0.11309939814286346,0.11309939814286346,True
100145,1,0.07685758521408977,2.0905624958981247e-17,0.0768575852140897,3.826781387284394e-18,0.007935909871038902,5.719166459861036e-18,0.006613258225865752,True
100145,2,0.34137079246872504,0.03208594303732635,0.1181545081112195,0.4622075461823891,-0.009380998357147705,-0.12638305372895478,0.18488301847295563,True
100145,3,0.4102924515788053,0.038860951233797916,0.0773131672199619,-0.018012102366482853,-0.009380998357149097,0.01767980486461564,0.01767980486461564,True
100145,4,0.49206423607587707,0.02927733418819732,0.0550126400157201,0.025535179721206024,-0.0093809983571483,-0.025064092212461125,0.025064092212461125,True
100145,5,0.48831046184561433,0.05972917008468945,0.1291532941677777,-0.12484134702692555,-0.0093809983571485,-0.11999098587593865,0.11999098587593865,True
100146,1,0.4095097756926461,4.3555405911645386e-17,0.0,-0.4794207562099016,-0.0093809983571484,-8.689880412471318e-17,0.19176830248396065,True
100146,2,0.49986926671039256,0.01639017207200115,0.0117760774875212,-0.022954910418317907,-0.008637848102865435,8.931115395849343e-17,0.009181964167327163,True
100146,3,0.5747179572310169,0.0838461091310451,0.0602420934824141,-4.999140403137012e-18,-0.006322464447621135,7.508100044462118e-18,0.005268720373017613,True
100146,4,0.6570587352050784,0.08586894938146643,0.1254615124848485,-0.026246938983959772,-0.0093809983571485,0.025762720535798044,0.025762720535798044,True
100146,5,0.5114505303368572,0.08586894938146705,0.0981125673592146,7.25408072362917e-18,0.02077386243412872,3.469446951953614e-18,0.0173115520284406,True
100147,1,0.33562232287977506,5.121372726282687e-17,0.0,-0.3737722176662339,-0.009380998357148397,-4.342229700804445e-17,0.14950888706649357,True
100147,2,0.477138841976825,0.08584436962934736,0.0616778118119647,-0.08285830545961773,-0.005488710630204656,4.470978708787099e-17,0.03314332218384709,True
100147,3,0.5838028804961912,0.19656194515496825,0.1412266257531844,-3.681484397784226e-17,-0.004360929327751839,1.2332799712022613e-17,0.0036341077731265325,True
100147,4,0.7749981431506547,0.19656194515496828,0.1412266257531844,-0.18509309150374242,-0.0093809983571484,-4.7596475372113645e-17,0.07403723660149697,True
100147,5,1.1144545937953814,0.19656194515496836,0.1412266258238794,-0.39216109480322126,-0.009934673205947354,-7.456600441269057e-17,0.1568644379212885,True
100148,1,0.19342433897043687,0.0718674275697074,0.0941041061772982,-0.14592974706400627,-0.006524289784170052,0.023158042224869963,0.05837189882560251,True
100148,2,0.25811898355720586,0.16843905458306607,0.2230217590662976,0.2030813176176718,-0.005705688489264455,-0.05391078141647161,0.08123252704706872,True
100148,3,0.4020764615124271,0.2771638806948095,0.2524167381827266,-0.06469091475065827,-0.004975848195944878,-0.11949951452736039,0.11949951452736039,True
100148,4,0.6369439980150152,0.3602344473165685,0.4410241041585278,-0.15916553948198064,-0.007139827324631865,-0.3089557172834671,0.3089557172834671,True
100148,5,0.7527016443365491,0.37116217180895694,0.4255589979385498,-0.04893853586247456,-0.009380998357150885,-0.08758057434334676,0.08758057434334676,True
100149,1,0.10888885826696952,0.06468619954541693,0.0464760037218501,-5.20271644607001e-18,-0.006448047702870974,-1.0842021724855044e-18,0.005373373085725812,True
100149,2,0.24219291255986622,0.13874511073097595,0.1245029919671737,-0.03616471202998044,-0.006294525115452001,-0.06472049469252918,0.06472049469252918,True
100149,3,0.35643563439131937,0.2139524340292989,0.1677070215690858,-6.97296118470728e-18,-0.005963709729996487,2.3418766925686896e-17,0.004969758108330406,True
100149,4,0.4748581448090976,0.21395243402929887,0.1632133361683591,0.2230458406574705,-0.009380998357148403,7.478284484718767e-17,0.0892183362629882,True
100149,5,0.5635898859847355,0.21425435465888612,0.1612735715938127,-0.0036703264659334214,-0.009380998357149294,0.1849785416592174,0.1849785416592174,True
100150,1,0.32039108460735655,5.927267686091944e-17,3.8877092968584704e-08,6.354241147247397e-18,0.03308189422758766,-2.710505431213761e-18,0.027568245189656383,True
100150,2,0.41589003324132295,8.699560236108283e-17,1.9438545959978584e-08,0.32511258954778494,-0.009380998357148396,4.3639137442541553e-17,0.13004503581911397,True
100150,3,0.5372702086065542,0.08983698041194975,0.0645464861483064,6.222549355961733e-17,-0.05837372170631475,-6.071532165918825e-17,0.04864476808859563,True
100150,4,0.2985526344236548,0.0898369804119632,0.0645464981366619,6.955519303565372e-17,0.048104252337183365,-0.41771727043948603,0.41771727043948603,True
100150,5,0.2194678324263739,0.13150633386154834,0.1994956538370328,-0.04967786260756847,-0.007514250641698532,-0.019922943929750376,0.019922943929750376,True
100151,1,0.13372185143498147,0.10185930337072002,0.0846743684781284,-0.03004825260813002,0.004315640015673909,-0.17511345386132107,0.17511345386132107,True
100151,2,0.3843296125587934,0.1876805693403784,0.1568271569007354,-0.2446318384471591,0.0035421341116600043,-0.16422696736792794,0.16422696736792794,True
100151,3,0.5529477855048972,0.20864996271746422,0.2159733860736364,-0.09235092772631501,0.0,-0.2866105383942802,0.2866105383942802,True
100151,4,0.7857837887686201,0.26371191288044454,0.2350643611969629,-0.15308562433575093,0.00999860722825141,-0.17277682306761416,0.17277682306761416,True
100151,5,0.9350243080437144,0.2837927451464745,0.2734787567544237,-0.07746384834891427,0.0,-0.2599685692550379,0.2599685692550379,True
100152,1,0.18551389069396834,0.04419016923920577,0.1131991335792044,-0.09495732505929877,0.0,-0.3085662494547156,0.3085662494547156,True
100152,2,0.2833100336067996,0.06881187397093667,0.1102097870058457,-0.058282022460102084,0.0,-0.1474005566426047,0.1474005566426047,True
100152,3,0.678380300494842,0.08304237310138962,0.1041705238994975,-0.4702605653953398,0.0,-0.17511345386132116,0.1881042261581359,True
100152,4,0.28187522564488215,0.11565536090407824,0.1233992178077632,0.6328326935972032,0.0021201643266468254,-0.027482302673001602,0.25313307743888125,True
100152,5,0.46919667561211786,0.12969663860719785,0.1326175214557803,-0.20777714539199535,0.0,-0.17511345386132135,0.17511345386132135,True
100153,1,0.18043626802177654,0.01432175339314667,0.0274784576061566,-0.03004825260813005,-0.014412333517806568,-0.17511345386132104,0.17511345386132104,True
100153,2,0.3703082780441453,0.029150512644438548,0.0471669300501834,-0.03146517247169786,0.0,-0.4147938265136062,0.4147938265136062,True
100153,3,0.36677245906582423,0.11093584519387026,0.2257184646173617,0.3681300370186058,0.004816711180437769,-0.35799748483267846,0.35799748483267846,True
100153,4,0.4293135602080777,0.15451001923785898,0.2024063460363968,-0.06265589009518764,0.00028687747122541605,-0.14310738060359526,0.14310738060359526,True
100153,5,0.5876870720501857,0.19923718212987768,0.2554452148210957,-0.09807063898183335,0.0,-0.2968465535918767,0.2968465535918767,True
100154,1,0.20712370185819742,0.014321753393147682,0.0274784576061566,-0.030048252608129992,0.018318929468412896,-0.17511345386132116,0.17511345386132116,True
100154,2,0.32386847630958404,0.02805841989170674,0.043318344139457,-0.02410250385949371,3.1805546814635168e-15,-0.25926713955189323,0.25926713955189323,True
100154,3,0.47170855516511156,0.13229468714252757,0.2661370921842649,-0.15376191539026215,-0.014869541609503514,-0.3545223636637947,0.3545223636637947,True
100154,4,0.682651652452799,0.1445177828960276,0.1728660638889695,-0.030048252608130113,-0.023491088177958242,-0.17511345386132113,0.17511345386132113,True
100154,5,0.7798546833065958,0.18359318188920792,0.1630806367043584,-0.03004825260813006,0.001503158166729523,-0.17511345386132096,0.17511345386132096,True
100155,1,0.3412743862747738,0.0860681785363714,0.0735675389129724,-0.23267773845120077,0.01825185093832405,-0.17511345386132118,0.17511345386132118,True
100155,2,0.4984982218879547,0.11280201468224951,0.1683767886993868,-0.11168769438332117,-0.0052608414683785465,-0.30318954865094705,0.30318954865094705,True
100155,3,0.5923679829943751,0.1262306039200899,0.1591101906402052,-0.05345176286126132,-1.5902773407317584e-15,-0.15214170486702588,0.15214170486702588,True
100155,4,0.6795555310166138,0.1377922375039277,0.1504695638200416,-0.029684194676744494,0.0,-0.17547079544507138,0.17547079544507138,True
100155,5,0.7884609432944725,0.20209546773480364,0.1862122750987905,-0.03004825260813006,0.002755555178517984,-0.175113453861321,0.175113453861321,True
100156,1,0.31145210637479437,0.12260918419375738,0.1628112918325934,-0.08907688421582868,0.01723184189271529,-0.3363652412183726,0.3363652412183726,True
100156,2,0.391478340657999,0.13011683497533894,0.1366695550316163,-0.010441995941545995,-1.5902773407317584e-15,-0.19435800316145152,0.19435800316145152,True
100156,3,0.817105143810174,0.1401386922718707,0.1327566945835619,-0.03004825260813005,0.05523366739312231,-0.10314162225066549,0.10314162225066549,True
100156,4,0.9678104589827434,0.28575086356753476,0.2311082391335975,-0.0300482526081301,0.006488000050117035,-0.17511345386132093,0.17511345386132093,True
100156,5,1.0808635176523895,0.3041075449298451,0.270886143126712,-0.07214098597435586,0.0,-0.19671570287950263,0.19671570287950263,True
100157,1,0.10519082011325903,0.04978270771856327,0.0486928035142066,-0.03004825260813002,0.001918252564790981,-0.17511345386132113,0.17511345386132113,True
100157,2,0.3187042378996672,0.0894294799554074,0.1735314289980529,-0.12758647266058268,0.0,-0.34175318989436415,0.34175318989436415,True
100157,3,0.4266984089052882,0.12906697734363184,0.1800732156321229,-0.09977925754245807,0.0,-0.1066688861385357,0.1066688861385357,True
100157,4,0.536274101982207,0.17127399999962978,0.2054801299065755,-0.00030953284274058235,-0.006615672905411467,-0.15309566989996443,0.15309566989996443,True
100157,5,0.6488951337064135,0.2258918992339214,0.2227469300261423,-0.03004825260813005,0.0032167530716854607,-0.17511345386132107,0.17511345386132107,True
100158,1,0.2809238908161417,0.11712152810880752,0.0954820971631189,-0.24867326962143482,0.0050108002973815145,-0.17511345386132116,0.17511345386132116,True
100158,2,0.41213182156909595,0.13200336790457093,0.1366002440816018,-0.06443217986855969,-1.5902773407317584e-15,-0.2366470499237516,0.2366470499237516,True
100158,3,0.2737043229054735,0.13629770202313551,0.1139763326190425,0.6685206471924495,1.5902773407317584e-15,-0.22836681595219538,0.26740825887697983,True
100158,4,0.9314252302041816,0.27956884869391924,0.2137395363120794,0.23151276202024568,0.06490606892296785,-0.2142443679321977,0.2142443679321977,True
100158,5,0.9139253406067529,0.2898592484106165,0.2326814325548074,-0.05489723631517218,0.0,-0.15072289832894628,0.15072289832894628,True
100159,1,0.5944787207657024,0.014321753393146692,0.0274784576061566,-0.6139260062632105,-0.01792421348728774,-0.17511345386132107,0.2455704025052842,True
100159,2,0.7311323266014723,0.1030564915759773,0.0797644718609598,0.039935344661059066,-0.008167586600696854,-0.21658881926436258,0.21658881926436258,True
100159,3,0.7764143514469923,0.13502700954584046,0.1970486234874,-0.1419298068894299,0.029046241236766617,-0.2525607028050843,0.2525607028050843,True
100159,4,0.8679897061445796,0.17838651460565935,0.186991304649908,-0.03004825260813006,0.001637883139318999,-0.15449207800842302,0.15449207800842302,True
100159,5,0.9905419569871231,0.18904638764307868,0.1817906236454898,-0.03004825260813005,0.008672508429858063,-0.17511345386132107,0.17511345386132107,True
100160,1,0.3702779043579416,0.014321753393147597,0.0274784576061566,-0.4384158449544584,-0.005111904901761013,-0.09749653265667903,0.17536633798178336,True
100160,2,0.434819490568566,0.028643506786297186,0.0463949754137686,-0.0300482526081301,0.004377256453304635,-0.17511345386132096,0.17511345386132096,True
100160,3,0.4316905081930118,0.0690088698409352,0.1298547799515514,0.4886857698315718,0.034873406547273285,-0.27864071437229576,0.27864071437229576,True
100160,4,0.5252169497766428,0.08330370902096981,0.153238200337492,0.2303400438387733,0.0,-0.3836009553609824,0.3836009553609824,True
100160,5,0.5686694278366579,0.08992153658225077,0.1596248872031667,-0.008594405943860746,-1.5902773407317584e-15,-0.19617150776875794,0.19617150776875794,True
100161,1,0.10480373320028111,0.010584109316875107,0.0203072201551705,0.16222919165101418,0.0,-0.12941292086559475,0.12941292086559475,True
100161,2,0.24133293167277697,0.02116821863376148,0.034286967388229,-0.022206358513177926,-0.018028618828697763,-0.12941292086559492,0.12941292086559492,True
100161,3,0.6719582518232583,0.0306821939767457,0.0406494885760141,-0.010490435682482958,-0.044865343852062596,-0.10956499520203462,0.10956499520203462,True
100161,4,0.684352364837189,0.056627473260757934,0.0628308188861453,-0.022206358513177902,0.0011404867404471975,-0.144237913951959,0.144237913951959,True
100161,5,0.7084345707295596,0.0869821879935055,0.1430676101586689,-0.08611516527865899,0.0,-0.11856774573743806,0.11856774573743806,True
100162,1,0.15527247463872065,0.04001952445131946,0.1016525410201478,-0.08727040129152892,1.5902773407317584e-15,-0.24585175858729075,0.24585175858729075,True
100162,2,0.29037248631070006,0.05053715817655345,0.0827021892311122,-0.022206358513177937,-0.012060148502992966,-0.1294129208655948,0.1294129208655948,True
100162,3,0.47727797991558674,0.10185938722059201,0.1892472886924043,-0.11223914224762073,0.0,-0.2905359044250406,0.2905359044250406,True
100162,4,0.6979575652308145,0.16403319328585717,0.2916540328641716,-0.13607852496667816,0.0,-0.3331989468256791,0.3331989468256791,True
100162,5,0.7661036857723343,0.1873520891042801,0.2371648259689308,-0.022206358513177985,0.001556358660899022,-0.12941292086559453,0.12941292086559453,True
100163,1,0.06324123775101999,0.0092023614962586,0.0116278571096761,-0.0021147884347649686,0.0,-0.14913383023989865,0.14913383023989865,True
100163,2,0.10163729436530222,0.019585729055935735,0.0284281729025581,0.03836121432445758,0.0,-0.12941292086559483,0.12941292086559483,True
100163,3,0.5413802454428187,0.17617125286407992,0.2101245249578621,-0.39659584811661097,0.0066334373422653175,-0.3551619308648981,0.3551619308648981,True
100163,4,0.5073608526129262,0.20668353006636944,0.2220343890538486,0.18725384965470865,-0.005638740436868111,-0.12941292086559467,0.12941292086559467,True
100163,5,0.5342324206336321,0.21363720254366608,0.211214908176444,0.038441786954851474,-1.5902773407317584e-15,-0.12941292086559483,0.12941292086559483,True
100164,1,0.21697803912214203,0.04061344189175901,0.1033344981392704,-0.08857876900801,0.0,-0.386895991151937,0.386895991151937,True
100164,2,0.41973162266233704,0.06939363649936822,0.1411847669394262,-0.03795995665858661,-0.015094838306515349,-0.2305720234557001,0.2305720234557001,True
100164,3,0.5012908546182933,0.07994095089624817,0.1174034517994717,-0.02220635851317796,-0.00134687086599106,-0.14651946935576213,0.14651946935576213,True
100164,4,1.0723174277851375,0.20978797442440786,0.3419518220826892,-0.6274080942701713,0.0036701350733744633,-0.3607345850355038,0.3607345850355038,True
100164,5,1.1238717791737238,0.21997126507516682,0.2618314271927685,-0.02220635851317795,0.002773689962126052,-0.12941292086559464,0.12941292086559464,True
100165,1,0.3454261143683308,0.054272247657749254,0.1264622791118343,0.31558250959539885,0.016647274564750143,-0.27089957554119876,0.27089957554119876,True
100165,2,0.4934825509314452,0.07441679442067545,0.1066293323001379,0.1651085143216565,0.0056965248345066215,-0.12344108643584319,0.12344108643584319,True
100165,3,0.39511291007917076,0.08459332794073429,0.0994640863676386,-0.5516204929768226,0.0,-0.12941292086559497,0.22064819719072903,True
100165,4,0.4590033512382683,0.09559314881260078,0.1016745973487933,-0.02411107093645384,0.0,-0.1275433476596712,0.1275433476596712,True
100165,5,0.47679212895297535,0.10597382345052586,0.1066410612690426,0.0596744005352977,0.0,-0.12941292086559483,0.12941292086559483,True
100166,1,0.13118773896216077,0.1271654829601942,0.0994943247876506,-0.02220635851317793,0.005549229802354376,-0.1294129208655948,0.1294129208655948,True
100166,2,0.3370412863963902,0.13235660285812298,0.1086004259657813,0.3042105136836683,0.014064279083378662,-0.12941292086559478,0.12941292086559478,True
100166,3,0.34739690648535165,0.13490550509596536,0.1016816273638983,0.0187230951818467,1.5902773407317584e-15,-0.24302197156587863,0.24302197156587863,True
100166,4,0.5616577537444641,0.3123890733335134,0.2691037429041841,-0.08418140557151722,-0.049633191031765965,-0.06544331119033386,0.06544331119033386,True
100166,5,0.7547504118653896,0.32659777833584197,0.2906127113633935,-0.11974841329099158,-0.02003944681365678,-0.2399362637326178,0.2399362637326178,True
100167,1,0.26085974209320395,0.010584109316891152,0.0203072201551705,-0.02220635851317788,-0.021601241331539855,-0.26053962998678837,0.26053962998678837,True
100167,2,0.3226922226456897,0.05229150732316006,0.053713323359333,-0.02220635851317799,0.001822865188369807,-0.12941292086559475,0.12941292086559475,True
100167,3,0.34051561911565204,0.060148215876482274,0.0642822353328877,-0.0222063585131779,0.03394001555726985,-0.12941292086559486,0.12941292086559486,True
100167,4,0.45088446512473135,0.06912558822218952,0.1500394356386656,-0.02220635851317794,0.007249441705692805,-0.12941292086559478,0.12941292086559478,True
100167,5,0.5429554314320014,0.08486222348709116,0.1091167216518518,-0.04359868060782322,1.5902773407317584e-15,-0.16769669504412538,0.16769669504412538,True
100168,1,0.21472641747096874,0.04103362091968459,0.0812818649471043,0.315061757749249,0.0012757500747229995,-0.3623906007450541,0.3623906007450541,True
100168,2,0.2419558679385191,0.127275158160804,0.119816929697297,-0.022206358513178,0.004475822054983314,-0.1294129208655947,0.1294129208655947,True
100168,3,0.30263312066518916,0.13468176669735693,0.1200777647663411,-0.3018767215021067,0.0,-0.12941292086559492,0.12941292086559492,True
100168,4,0.7056434545596778,0.29376844933185453,0.2566761575642285,-0.055186014661463854,0.03940902202511058,-0.23104262581721793,0.23104262581721793,True
100168,5,0.8737686354142662,0.3314068564521516,0.2936702126976829,-0.1384400122894816,0.0011276764759053023,-0.2052466119464996,0.2052466119464996,True
100169,1,0.11262023268377166,0.010584109316875116,0.0203072201551705,0.17349256696437584,0.0,-0.12941292086559478,0.12941292086559478,True
100169,2,0.10688056402977054,0.019601307357133356,0.0252017463610953,-0.002348195105693966,0.0,-0.14890472958789475,0.14890472958789475,True
100169,3,0.12245855032532389,0.04179667716935505,0.0470860721539679,-0.022206358513177954,0.0008758565750687414,-0.1294129208655947,0.1294129208655947,True
100169,4,0.21044902082830175,0.051826119873952,0.1404345922157017,-0.022206358513177937,0.0059193915726897224,-0.1294129208655948,0.1294129208655948,True
100169,5,0.2842104460117664,0.09967872684093704,0.1353150923770868,-0.02220635851317794,0.0022274293788250954,-0.12941292086559486,0.12941292086559486,True
100170,1,0.09859254633834794,0.009079345032776163,0.0106005463410163,0.0031121312716689835,1.5902773407317584e-15,-0.23636897980323993,0.23636897980323993,True
100170,2,0.2047510605672841,0.06910141868249138,0.0590443656397269,-0.022206358513177947,0.00272452002526173,-0.1850609214125772,0.1850609214125772,True
100170,3,0.1775500142205333,0.07587546897086433,0.0697905142680559,0.23925383452123353,0.0,-0.12941292086559472,0.12941292086559472,True
100170,4,0.386236627786426,0.12543929473762072,0.2507156594469361,-0.17084989721753102,3.1805546814635168e-15,-0.3954259157933203,0.3954259157933203,True
100170,5,0.6389026529838394,0.1462868377231447,0.2380427570177743,-0.28488430857665464,-3.1805546814635168e-15,-0.23403277694058897,0.23403277694058897,True
100171,1,0.09367951438495552,0.020042437306462754,0.0384544579655244,0.021060270607577095,1.5902773407317584e-15,-0.2450608053488135,0.2450608053488135,True
100171,2,0.31897948391428127,0.07979101744844429,0.0898330845153773,-0.0728517407353284,0.013875065013709924,-0.24506080534881355,0.24506080534881355,True
100171,3,0.5139148920077461,0.11319991899779697,0.1702746729329135,-0.0987642914846471,0.0,-0.3465555883944704,0.3465555883944704,True
100171,4,0.6396534186071402,0.13173786890406283,0.1628477101634914,-0.042050732374364005,-0.00031872165339618893,-0.2550518490611302,0.2550518490611302,True
100171,5,0.7863761667169628,0.19964392140368578,0.201621996679086,-0.042050732374363915,0.0029458167316916443,-0.24506080534881344,0.24506080534881344,True
100172,1,0.3109366447708546,0.08308287563113353,0.164673538365827,-0.12159714000009784,0.010329081945563917,-0.4238659115519636,0.4238659115519636,True
100172,2,0.49752294425109317,0.17014682112075638,0.223054421391788,-0.05826755152556977,0.0031070162759956354,-0.3110179343913282,0.3110179343913282,True
100172,3,0.6557375861714297,0.19299123290897086,0.2354475554544408,-0.0704605929777286,3.1805546814635168e-15,-0.2959031909005437,0.2959031909005437,True
100172,4,0.858394461940629,0.37555800770113384,0.3248388251787106,-0.042050732374364005,0.00827637898700387,-0.24506080534881342,0.24506080534881342,True
100172,5,0.973652614378646,0.38718700361162567,0.321503329060736,-0.023874830759053358,0.0,-0.26290138760061715,0.26290138760061715,True
100173,1,0.45046574318667976,0.042173434531228654,0.1028066680847522,-0.45084745856115993,0.0,-0.3525125633218787,0.3525125633218787,True
100173,2,0.5847887467039716,0.08863602199046595,0.1184904711800307,-0.04205073237436387,0.002193497762947273,-0.2450608053488136,0.2450608053488136,True
100173,3,1.0402552772096547,0.13528584789274722,0.1447237795715204,-0.09382429237192473,0.06647352409869275,-0.0026656059984435706,0.055394603415577295,True
100173,4,1.1835881081223696,0.1526623018264024,0.158462841217138,-0.04205073237436387,0.004288074943822025,-0.2450608053488136,0.2450608053488136,True
100173,5,1.3836574731343751,0.18958705236516168,0.2391915592228657,-0.10479118520458627,0.0,-0.357341338401007,0.357341338401007,True
100174,1,0.3478992789451848,0.09376669570031215,0.2437210850404973,-0.20487353418552207,6.3611093629270335e-15,-0.5364490589509949,0.5364490589509949,True
100174,2,0.5678219196035866,0.12653273343285593,0.2105090985097084,-0.07430288425333109,-0.013268704924248762,-0.24567411956002852,0.24567411956002852,True
100174,3,0.9158522005441029,0.21729068830028597,0.3352446678738487,-0.1285020746680308,0.0034062132452521974,-0.6322318361962636,0.6322318361962636,True
100174,4,1.4568794856149998,0.3061146055598538,0.3301213312966448,-0.6007802188863216,0.005265700089829684,-0.24506080534881375,0.24506080534881375,True
100174,5,1.5864419837244355,0.3391705137678513,0.321118017916819,-0.04205073237436397,0.0009017585270452442,-0.24506080534881325,0.24506080534881325,True
100175,1,0.1523516767598319,0.07997156373678452,0.0749939093613727,-0.042050732374363894,0.003166324574188217,-0.2450608053488135,0.2450608053488135,True
100175,2,0.5293783090768714,0.10699438705880134,0.1559883637731181,-0.1033655376937192,-0.03460544074644036,-0.32459029363044195,0.32459029363044195,True
100175,3,0.6479854592549062,0.12205443943181815,0.1423559265610531,-0.025874789460240303,0.0,-0.26093832527425187,0.26093832527425187,True
100175,4,0.7904600052975148,0.18591176507501297,0.1822618222923603,-0.04205073237436392,0.0025501037215702443,-0.2648702827380668,0.2648702827380668,True
100175,5,0.9196964291153781,0.20155840205090725,0.1932504542018068,-0.04641011194938731,0.0,-0.2515989543348497,0.2515989543348497,True
100176,1,0.5722575613209633,0.05101867902645454,0.1230210867190949,-0.3486853449619698,-0.03404635851969393,-0.36783965280738373,0.36783965280738373,True
100176,2,0.8277564079381684,0.11561408140272492,0.2364885709888869,-0.14064568572370323,3.1805546814635168e-15,-0.4215066774925252,0.4215066774925252,True
100176,3,0.9590240680351069,0.18300489085109228,0.2181825974852981,-0.0197225109418375,0.004841587455501028,-0.26697710306182043,0.26697710306182043,True
100176,4,0.979548175876683,0.20348467431693107,0.3312207502252301,-0.06802074832248739,0.045093095596938484,-0.21956989901529386,0.21956989901529386,True
100176,5,1.0250562403566776,0.2636311910823439,0.37151914740922,0.16096427836582813,0.001736034141467438,-0.36146718101924913,0.36146718101924913,True
100177,1,0.16474996428313524,0.055862208515927915,0.1647499642831352,0.12835095387376613,6.3611093629270335e-15,-0.5131195132172224,0.5131195132172224,True
100177,2,0.35284705513945297,0.10478707935007966,0.2396515066083486,-0.10612524249717238,0.002999254086631981,-0.31388327364857777,0.31388327364857777,True
100177,3,1.283840737060553,0.18008324343699386,0.3678929903265105,-1.1327944888685904,3.1805546814635168e-15,-0.46392078587132124,0.46392078587132124,True
100177,4,1.4113625362582864,0.20224797213203177,0.3178876851355294,-0.04804176864054114,-1.5902773407317584e-15,-0.23918029512475705,0.23918029512475705,True
100177,5,1.5371482874183788,0.23434175244458066,0.3116180493077786,-0.07526441364979805,-0.004244286077927075,-0.2124598689429719,0.2124598689429719,True
100178,1,0.18326460926288551,0.1358214491267079,0.1137657098207284,-0.04205073237436387,0.005733083617152554,-0.2450608053488136,0.2450608053488136,True
100178,2,0.37249529239660234,0.1471033280680735,0.1332220773106184,-0.04205073237436396,0.011626224210015084,-0.24506080534881344,0.24506080534881344,True
100178,3,0.6492792468403235,0.18288355205021276,0.2444672256344379,-0.1360721428575196,0.0,-0.5047731296779484,0.5047731296779484,True
100178,4,0.8039381935608259,0.19779944009723416,0.2179267202850396,-0.03777382101726713,0.0,-0.3314131911787809,0.3314131911787809,True
100178,5,1.0758249602042829,0.21472908123443118,0.2177580536198644,-0.042050732374363964,0.02391179642053016,-0.24803621813428475,0.24803621813428475,True
100179,1,0.1323646287157225,0.02004243730645391,0.0384544579655244,-0.04205073237436387,-0.0010713677141146341,-0.2450608053488136,0.2450608053488136,True
100179,2,0.27833291281248485,0.11117276902129691,0.1721158442187413,0.07445229063263403,0.002879612790071885,-0.40534265088600435,0.40534265088600435,True
100179,3,0.4722146061229784,0.12923040880503417,0.1727148198457966,-0.04205073237436397,0.01433707053306779,-0.2450608053488137,0.2450608053488137,True
100179,4,0.6532802084619549,0.1619021807550221,0.2208166172869101,-0.07896372287514294,0.001984509609309927,-0.3111204218006339,0.3111204218006339,True
100179,5,0.7990068194939065,0.23614520703058609,0.2929932640892078,-0.08851743067081051,-0.00707298246309468,-0.328217770568983,0.328217770568983,True
100180,1,0.35080780196799694,0.028806365102887678,0.0522765156793934,-0.06622447964143524,-0.02131775003397706,-0.43102576522057434,0.43102576522057434,True
100180,2,0.47538339911369165,0.09666467359384737,0.1072070994807867,-0.04205073237436397,0.00321905242804354,-0.24506080534881325,0.24506080534881325,True
100180,3,0.4893210641799814,0.1118729644798234,0.1252978359500689,0.16875327945639376,0.0,-0.2450608053488135,0.2450608053488135,True
100180,4,0.5546596119691001,0.12199955357774395,0.304243191845327,0.4880459990746036,0.0,-0.47011957585211506,0.47011957585211506,True
100180,5,0.6860934744630164,0.15546731533746247,0.2505679402177614,-0.09445441244296307,0.0,-0.35203179621980013,0.35203179621980013,True
100181,1,0.21995107115723045,0.07361370224851821,0.1416260035704856,0.31364646609961605,0.002099891786315315,-0.3346713633381995,0.3346713633381995,True
100181,2,0.34706958734647836,0.09135792603756734,0.130561801099671,-0.510808619290426,-3.1805546814635168e-15,-0.18166338268156837,0.2043234477161704,True
100181,3,0.5177697495808267,0.26225071875055994,0.2264387400099163,-0.033747353432077014,0.007951146950144011,-0.19667085787779898,0.19667085787779898,True
100181,4,0.7385050558361886,0.27240149975599687,0.2316185944067383,-0.2249431083672593,0.0,-0.19667085787779912,0.19667085787779912,True
100181,5,1.1828886974198913,0.2831129983116649,0.2398944688804929,-0.5357120170424984,0.0,-0.1966708578777991,0.21428480681699935,True
100182,1,0.147898504142959,0.0666832862528054,0.147898504142959,0.16047324211354672,3.1805546814635168e-15,-0.39496328647829976,0.39496328647829976,True
100182,2,0.22108427428014413,0.1260096599997533,0.1561180449654724,-0.03374735343207733,0.003690998437046031,-0.196670857877799,0.196670857877799,True
100182,3,0.5845682972510124,0.235519167537311,0.3190383496267083,-0.14284251589116329,-0.020360898449827008,-0.3753893638037029,0.3753893638037029,True
100182,4,0.940066892004273,0.3968691615843281,0.5521072097142417,-0.2025516955207036,0.005330252420922813,-0.49876369680780164,0.49876369680780164,True
100182,5,1.0048140063369013,0.40749674916025974,0.649907226733873,0.06820660551212393,-0.004484372025435304,-0.20736645924316685,0.20736645924316685,True
100183,1,0.2511065529278245,0.06587169864084651,0.1688389925695144,-0.14375824497242776,3.1805546814635168e-15,-0.3935467327957368,0.3935467327957368,True
100183,2,0.37646068328547205,0.0897651045268768,0.1558711518981859,-0.05125692820702778,-3.1805546814635168e-15,-0.22800605392059292,0.22800605392059292,True
100183,3,0.8197182909895078,0.11824279074584705,0.154652563849299,-0.47208299221941313,0.028669416179085586,0.08624205424637027,0.18883319688776526,True
100183,4,0.8450637492695415,0.13420853732663005,0.1485951313883255,-0.03374735343207714,-0.01286061371986034,-0.1966708578777991,0.1966708578777991,True
100183,5,1.0793043513654823,0.2243851624292768,0.2699326482482501,-0.1104774153283791,0.004478053015677329,-0.3339872440721712,0.3339872440721712,True
100184,1,0.22306242163779183,0.09980499334229222,0.0848331897167497,-0.033747353432077194,-0.011734161340337113,-0.19667085787779912,0.19667085787779912,True
100184,2,0.4978219381093466,0.10911457242708628,0.1008025794859775,0.6034742635144307,0.0,-0.1966708578777989,0.24138970540577226,True
100184,3,0.47654648365503904,0.11974519145126078,0.1155393829198973,-0.0337473534320772,0.030179064545851363,-0.1966708578777992,0.1966708578777992,True
100184,4,0.5347247429896935,0.2536081727950449,0.2855579708449533,-0.01839230815723056,0.004847041554741171,-0.24867276055228452,0.24867276055228452,True
100184,5,0.47844923760484687,0.3135895518701945,0.2916137336882739,-0.2833842299755626,-0.003489990918292271,-0.1966708578777992,0.1966708578777992,True
100185,1,0.3700199290022296,0.10989168074962838,0.139905979556932,-0.0698988689332074,-0.019913733106583016,-0.41005635082277336,0.41005635082277336,True
100185,2,0.5427980688736522,0.135724166622944,0.2041062172291334,-0.09462486470007676,0.0,-0.30561746421738994,0.30561746421738994,True
100185,3,0.6640584924403382,0.2141066422525057,0.209612731620138,-0.03374735343207727,0.0032905301728750522,-0.1966708578777991,0.1966708578777991,True
100185,4,0.7732965831418246,0.2553033651740525,0.2242976196614667,-0.03374735343207725,0.0014564514402772865,-0.19667085787779903,0.19667085787779903,True
100185,5,0.895980171116887,0.32864354987535516,0.2718207950128383,-0.033747353432077236,0.002997594227281661,-0.19667085787779903,0.19667085787779903,True
100186,1,0.2538816939434739,0.06531557095366095,0.0609583727689079,-0.1344072216932561,-0.010609941648587733,-0.19667085787779912,0.19667085787779912,True
100186,2,0.4444750143407907,0.09350468033946759,0.1530542457792588,-0.10241516792957367,0.0,-0.3195590180281843,0.3195590180281843,True
100186,3,0.5003791590598391,0.16626789458222307,0.1704274216829666,-0.03374735343207733,0.003051715449049436,-0.02971285993399093,0.02971285993399093,True
100186,4,1.0116015232292601,0.24300428693497408,0.3856637635187252,-0.2571242749997436,0.052989414138611635,-0.4449286614062035,0.4449286614062035,True
100186,5,1.1051240114488863,0.25500873135559843,0.3008723255680079,-0.02515829472060918,0.0,-0.20510146075245592,0.20510146075245592,True
100187,1,0.15059240795439843,0.016084837938123018,0.0721384892712668,-0.10498218382628179,0.0,-0.19667085787779923,0.19667085787779923,True
100187,2,0.49080262290855203,0.03216967587625235,0.0751863531756738,-0.3003945086600762,-0.010180898580604102,-0.19667085787779903,0.19667085787779903,True
100187,3,0.8067739746891921,0.06862474377084457,0.1307332247642336,-0.3000943731454738,0.0,-0.27773491791681393,0.27773491791681393,True
100187,4,1.0289890248030318,0.1191667576376021,0.2092666554898986,-0.087364820615837,-0.0063186119015200245,-0.33328545625435485,0.33328545625435485,True
100187,5,1.241048261167551,0.15416539057805786,0.2256235188198508,-0.07566938931690499,-0.01015828989342198,-0.27169467940677344,0.27169467940677344,True
100188,1,0.3014593520487584,0.10558879536652724,0.2361254621309619,0.4259682473107541,0.0028660226159173286,-0.4736223647689988,0.4736223647689988,True
100188,2,0.32313858041051663,0.1719578758164166,0.2112956266836419,-0.033747353432077375,0.0027556541400470098,-0.34985341357125477,0.34985341357125477,True
100188,3,0.676112727257188,0.26214511292971954,0.235410155155261,0.5543859084586612,0.00382752069056621,-0.19723867339516282,0.2217543633834645,True
100188,4,0.6168485993932435,0.281463040660789,0.2712249339599248,-0.11525662491367092,-1.5902773407317584e-15,-0.13576836816756357,0.13576836816756357,True
100188,5,0.6735058325081941,0.2928343706237131,0.3311634805089746,-0.033747353432077194,0.008493708974826143,-0.19667085787779912,0.19667085787779912,True
100189,1,0.4733740689571555,0.04215293441366305,0.1020855959679273,-0.5136959047272667,0.0,-0.2999840343590029,0.2999840343590029,True
100189,2,0.37623592995265936,0.05818697229925279,0.0939628221756306,0.25093136292280216,0.0,-0.196670857877799,0.196670857877799,True
100189,3,0.6642802207167661,0.19418490287101328,0.1570877294382671,-0.19009022098652215,-0.002750504209168529,-0.14886707507996721,0.14886707507996721,True
100189,4,0.8295654553219366,0.2647384473436107,0.2352127657471719,-0.07035003529761101,0.002747635104853021,-0.2621751449144764,0.2621751449144764,True
100189,5,0.9458160436006745,0.3232287521176803,0.2696442082623737,-0.03374735343207731,0.0022786774683829308,-0.19667085787779898,0.19667085787779898,True
100190,1,0.2569363606900488,0.1387627042596284,0.1813905391224363,-0.11924916466458413,0.005190543660152416,-0.340295404579001,0.340295404579001,True
100190,2,0.3563890192056854,0.15082357334811447,0.167007318620951,-0.04885062496311798,0.0,-0.18184622008410178,0.18184622008410178,True
100190,3,0.5697529607465472,0.27498027131800795,0.2363470482510655,-0.033747353432077194,0.005389897794318864,-0.35825604803592576,0.35825604803592576,True
100190,4,0.7635582392865746,0.2850064355295456,0.4818384369227982,-0.03374735343207727,0.015570452102938764,-0.19667085787779903,0.19667085787779903,True
100190,5,0.8961408638323398,0.34235908866088066,0.3670346997995375,-0.08005207009084356,-0.004834169209160169,-0.2795379401946267,0.2795379401946267,True
100191,1,0.18932121865578355,0.10149015678025117,0.0923468766706904,-0.051111986196486096,0.0009130084851369792,-0.2594766755275268,0.2594766755275268,True
100191,2,0.3779313081759077,0.17165920555840453,0.1755499939960252,-0.06434563840855471,0.0023866081456969356,-0.3289864806582557,0.3289864806582557,True
100191,3,0.4451514116009283,0.182287285367119,0.1723028711252729,0.019378482359504415,0.0,-0.2010609386626164,0.2010609386626164,True
100191,4,0.5044574074998703,0.19814249548964305,0.1957145748323829,0.044102461556903054,1.5902773407317584e-15,-0.2115503801919505,0.2115503801919505,True
100191,5,0.5258927859035084,0.2634490532977167,0.2325100960013298,0.17777925082973753,0.002601244160644424,-0.19749847591678615,0.19749847591678615,True
100192,1,0.3131185620633305,0.08617281666894613,0.2264962539905903,-0.18844414446355248,0.0,-0.4765587335469849,0.4765587335469849,True
100192,2,0.43597485714324463,0.12923664770128457,0.1914495323379952,-0.04065358122799623,0.0029923403470812414,-0.2013710334095936,0.2013710334095936,True
100192,3,0.5335619290033854,0.1400908680741321,0.1652255610132701,-0.02095851522304932,-1.5902773407317584e-15,-0.2143532510488245,0.2143532510488245,True
100192,4,0.6316148656134957,0.15253824665679822,0.161544401623249,-0.01879089905019543,0.0,-0.2164808778065291,0.2164808778065291,True
100192,5,0.8428227425773827,0.1835788970340857,0.2111781356316434,-0.07361773462967831,-0.011952400864011335,-0.2563278981468541,0.2563278981468541,True
100193,1,0.14386252573425742,0.016443883191304107,0.0315500857156875,-0.03450066080785863,0.0068171500686025595,-0.20106093866261657,0.20106093866261657,True
100193,2,0.3326646511860064,0.03288776638260241,0.0532695638183729,-0.03450066080785869,-0.027535098502055832,-0.20106093866261646,0.20106093866261646,True
100193,3,0.43970002876101105,0.062162496762356745,0.0906557713721545,-0.07009812838134588,1.5902773407317584e-15,-0.16612019340320397,0.16612019340320397,True
100193,4,0.5928379079256183,0.10436796310466215,0.1462404228750603,-0.07145672869762111,0.0010965060384454583,-0.27571969321074685,0.27571969321074685,True
100193,5,0.6390576294382613,0.1332075908778535,0.1601189441976873,-0.06887508932948014,0.011904254626628027,-0.1673206691355109,0.1673206691355109,True
100194,1,0.15316096566055623,0.11630147728797428,0.0967629889178577,-0.0345006608078586,0.0049254582109655555,-0.20106093866261657,0.20106093866261657,True
100194,2,0.3067634805773573,0.13042246010434635,0.13762896201487,-0.0861964082705082,0.0,-0.27270146617450847,0.27270146617450847,True
100194,3,0.5998048636412063,0.14104674494722977,0.1443444344508168,-0.034500660807858595,0.03066854075052838,-0.2010609386626165,0.2010609386626165,True
100194,4,1.3616303650191515,0.251439022407936,0.3433183777497077,-0.9013238446148099,0.0038000595208850935,-0.355796829879629,0.36052953784592395,True
100194,5,1.4633855172697898,0.2693176317045367,0.2776394232812272,-0.0345006608078588,0.00031264137341653874,-0.20106093866261626,0.20106093866261626,True
100195,1,0.09932451080097913,0.014911448802193382,0.021422979745266,-0.014255856875358857,1.5902773407317584e-15,-0.22093225494577462,0.22093225494577462,True
100195,2,0.18947268164267803,0.02857343960098787,0.0327887878839746,0.008325424945882207,0.0,-0.22695127228491183,0.22695127228491183,True
100195,3,0.5590401369720659,0.1516447589706904,0.1938737236028835,-0.14260444167549044,0.027542202997695137,-0.2672889305857262,0.2672889305857262,True
100195,4,0.8290922636967979,0.22383477205940944,0.2524137401477658,-0.2182320631830456,0.0024077844747434547,-0.2995637094145761,0.2995637094145761,True
100195,5,1.018698237419527,0.25357613220924285,0.3054567996353313,-0.10328615136896914,0.0,-0.32415969230657793,0.32415969230657793,True
100196,1,0.16167514506363403,0.044420144701779504,0.1080481806422383,-0.09644918355619765,0.0,-0.2507810882137772,0.2507810882137772,True
100196,2,0.5889369553357278,0.060810916195601805,0.0982984089031407,-0.5009278970252148,0.0,-0.2010609386626166,0.2010609386626166,True
100196,3,0.8029376256360357,0.1713726940552393,0.3136942075900608,-0.0413397497668303,0.003957201001205539,-0.4333460412719428,0.4333460412719428,True
100196,4,0.8847541741596135,0.17554710770143206,0.2521871990960229,0.03205987259521641,-3.1805546814635168e-15,-0.26639352551493567,0.26639352551493567,True
100196,5,1.2070772719611564,0.21065710976332877,0.2560084379022322,-0.1652247867734921,0.024468514580075304,-0.18597792978028332,0.18597792978028332,True
100197,1,0.10518343338207319,0.018201722390793543,0.0342945848900884,-0.03940552450694134,1.5902773407317584e-15,-0.19624656267679702,0.19624656267679702,True
100197,2,0.21830408982220723,0.10618461349952239,0.1024303436395571,0.32992929807585386,0.003980916621789263,-0.1966906317067198,0.1966906317067198,True
100197,3,0.22437148488649836,0.11575675110762992,0.1093250824942769,-0.01902918765882926,0.0,-0.21624698528158184,0.21624698528158184,True
100197,4,0.3910328798874177,0.12793481778704768,0.1260099430591249,-0.03450066080785868,-0.02137858321854363,-0.20106093866261646,0.20106093866261646,True
100197,5,0.48469895659176143,0.17990838143610308,0.2084974063506465,-0.09153220712385388,0.01248870972461094,-0.3014577765836136,0.3014577765836136,True
100198,1,0.4495476959282862,0.07289480764880871,0.0749878409643774,0.6338588539346917,0.002814066728870132,-0.2235115704457503,0.25354354157387665,True
100198,2,0.28216418948048466,0.16212252417834322,0.1894576945069364,-0.6494860101068112,0.003065241098671357,-0.3160828098548846,0.3160828098548846,True
100198,3,1.0841640523320235,0.17181761428409995,0.1684050679188037,-1.069794187226526,-1.5902773407317584e-15,-0.21546153652428696,0.4279176748906104,True
100198,4,1.2609890700453328,0.19843645205667243,0.2325934629479785,-0.09217349570344878,0.0,-0.3042724449969908,0.3042724449969908,True
100198,5,1.6535482673656277,0.2520902903965432,0.2834356972667619,-0.3287680856645659,-0.009141395626211446,-0.26962266058752654,0.26962266058752654,True
100199,1,0.2816936044612922,0.016443883191298938,0.0315500857156875,-0.29091536950802266,0.0,-0.20106093866261665,0.20106093866261665,True
100199,2,0.544850857466256,0.039051622502083244,0.0627353800946663,-0.05166543039833669,-0.028678497724283224,-0.18421283449736117,0.18421283449736117,True
100199,3,0.8060699515701235,0.05432986794051804,0.0756791989549144,-0.16017425857086862,-0.012847194370585057,-0.20421860238729142,0.20421860238729142,True
100199,4,0.9046343104982809,0.08402749223078623,0.1021769470900555,-0.0345006608078586,0.0013027294987535086,-0.20106093866261657,0.20106093866261657,True
100199,5,1.0696225643287942,0.12094813037440089,0.1680358059556969,0.05792996880565035,-0.015666852348501067,-0.29233946283434853,0.29233946283434853,True
100200,1,0.571587666469404,0.14593496679826387,0.4652292286837065,0.2493279798416924,0.0491810764831811,-0.5862154657967097,0.5862154657967097,True
100200,2,0.9227119557232473,0.22373074321909464,0.3330948574351371,-0.5950321081807763,0.003179763388034792,-0.31008774778262954,0.31008774778262954,True
100200,3,1.058503374894613,0.31408963992104333,0.3196780707401019,-0.03450066080785869,0.003743801012517212,-0.2010609386626161,0.2010609386626161,True
100200,4,1.191903240897842,0.3272674085647107,0.3102260032455204,-0.04844600108462951,0.0,-0.2715921583374237,0.2715921583374237,True
100200,5,1.3420199862709161,0.3455198879412073,0.3242792027275042,-0.07455668217601996,0.0,-0.27274533410900614,0.27274533410900614,True
100201,1,0.46041206161706655,0.09068742425676891,0.1487432837912921,-0.08933300892168418,-0.040579557686198066,-0.15298454308172055,0.15298454308172055,True
100201,2,0.8534870544212747,0.19471227978101777,0.2881188253882524,0.7814301494329607,0.00376847948111224,-0.19277088952537125,0.3125720597731843,True
100201,3,0.979373387080937,0.2604109323209112,0.2642235374564485,0.006027437955299499,-0.012277184265709425,-0.0059162403541286115,0.010230986888091188,True
100201,4,1.0947503751875676,0.2604109323209111,0.2420528640955949,0.16753488789724535,-2.3338405251298724e-17,1.6939480908241675e-17,0.06701395515889814,True
100201,5,1.0345502885242601,0.28292963149170347,0.3430232809407407,-0.10460681186348222,0.0,-0.18720471509355352,0.18720471509355352,True
100202,1,0.10396697738166266,0.03471500327075948,0.1039669773816626,-0.07640722557038426,0.0,-0.13673863718033888,0.13673863718033888,True
100202,2,0.1096157086407112,0.04252977827641141,0.0721430358233055,-0.02076612558857975,0.0,0.02038302030102687,0.02038302030102687,True
100202,3,0.12141304438402696,0.054686235092970076,0.0609342413857027,-0.03198006393151896,0.0,0.031390077535829286,0.031390077535829286,True
100202,4,0.21410236948876196,0.08657407793618084,0.1342469231416909,-0.07036522966950885,1.5902773407317584e-15,-0.12592586025816352,0.12592586025816352,True
100202,5,0.20804049355324272,0.07821225534066038,0.1027179594463666,0.02206357124184212,-1.5902773407317584e-15,-0.021656529939457877,0.021656529939457877,True
100203,1,0.2787256371941476,3.8857805861880476e-17,0.0,-0.39817948170592515,-1.761988123478611e-18,2.440201156585332e-17,0.15927179268237007,True
100203,2,0.2987784880602121,0.0513428319205846,0.036889006684587,-5.876163623978889e-17,0.0023279462444161262,5.563312397566245e-18,0.0019399552036801053,True
100203,3,0.5672070868435386,0.08060968870813211,0.1888825699820969,0.11255067021668581,-0.042943418236265664,-0.22296061321046315,0.22296061321046315,True
100203,4,0.6518891834527855,0.14620870865519917,0.1946275355442023,-0.025612497894990247,-0.0017122182122889633,-0.042684939744766295,0.042684939744766295,True
100203,5,0.7907767393232834,0.189424996114473,0.2641053505239326,-0.4145893565048448,0.03099495158346665,-0.13216689922069258,0.16583574260193792,True
100204,1,0.2787436982195208,5.4616917849090285e-18,0.0,-3.956636144637505e-18,-0.028781605460396795,-5.312590645178972e-18,0.02398467121699733,True
100204,2,0.29419183897580053,0.0005943686121828083,0.0959626922470925,0.0015253423679458668,-1.5902773407317584e-15,0.21817328605348102,0.21817328605348102,True
100204,3,0.32305706697163905,0.07242559172662656,0.116009560217295,-0.10420887903442408,0.002302571468980573,-0.2569466543983269,0.2569466543983269,True
100204,4,0.3712869521960923,0.17945017492759255,0.1514366487292375,-3.716540097134704e-17,0.0050019772417529244,3.6700243538634325e-17,0.004168314368127438,True
100204,5,0.386043311251522,0.17945017492759258,0.1410395377049207,-0.02968335141077651,5.427536104956178e-19,6.0852843078345344e-18,0.011873340564310605,True
100205,1,0.2329400345792516,1.3897280756724624e-17,0.0,-1.7795456345731625e-18,0.0240521611219178,3.382710778154774e-17,0.02004346760159817,True
100205,2,0.3058659896081396,0.14644710720455398,0.1052199131704169,-7.052244879369874e-18,0.006640089358746118,-2.1751806085490433e-17,0.005533407798955099,True
100205,3,0.3129137020217153,0.14821284818045918,0.1137798112473643,-0.024370067701953522,0.0,0.02392047484194621,0.02392047484194621,True
100205,4,0.42190683605707796,0.2165219053721403,0.2010957876896785,-0.16223012235056722,0.00257270832872883,-0.11983765559323988,0.11983765559323988,True
100205,5,0.29754415245954885,0.218954250314326,0.1832688018654404,-0.07575127430080174,-0.023056534052378497,0.024900717648143514,0.030300509720320695,True
100206,1,0.24118541720290934,0.09035315559832914,0.2404800535358333,-0.20580244911730286,2.504958703595693e-05,-0.26906619163688145,0.26906619163688145,True
100206,2,0.39466072590354717,0.1875393109850854,0.3494909456456951,-0.12924383793279998,0.004148978513288482,-0.08500824023300445,0.08500824023300445,True
100206,3,0.66498180126058,0.29687693143270394,0.3889176878337621,-0.18418389518159356,-0.004177228335946248,-0.12554471351741553,0.12554471351741553,True
100206,4,0.7190971868422211,0.2968769314327006,0.3090704307566603,2.635367215791996e-17,0.026950666806936086,2.2822455730819868e-17,0.022458889005780074,True
100206,5,0.721789811822255,0.29790551509861096,0.2853240067221972,-0.008624196651932974,-9.93923337957349e-17,0.008465092570424921,0.008465092570424921,True
100207,1,0.0802745617241751,0.11172768530590368,0.0802745617241751,-1.8831662604987557e-18,0.005065868693664168,6.640738306473715e-18,0.00422155724472014,True
100207,2,0.0834490765880623,0.11238669852227062,0.0834490765880623,-0.009278884188765522,-9.93923337957349e-17,0.009107702059477897,0.009107702059477897,True
100207,3,0.1065626451454448,0.11739643783850268,0.1052902715359818,-0.05786086290254587,0.0,0.056793412817753436,0.056793412817753436,True
100207,4,0.15296065775480752,0.11739643783850331,0.0971609993036227,0.18139727387389096,9.905253391541069e-17,7.34668793998232e-17,0.07255890954955638,True
100207,5,0.23481271874904744,0.18635869998083807,0.1669335006134996,5.1722438217520076e-17,0.0031459285246790048,0.12053595028821062,0.12053595028821062,True
100208,1,0.09815848265170508,0.03277552288355499,0.098158482651705,-0.07213845698411446,0.0,-0.12909923404055254,0.12909923404055254,True
100208,2,0.1494456438772176,0.12531710647955163,0.1239874665704803,0.21409471896726007,0.005000093575701182,0.021685108647272803,0.08563788758690402,True
100208,3,0.941407563788594,0.26210007259834467,0.3157594614948366,0.46950493247213543,-0.055152937683020126,-0.22211145365594637,0.22211145365594637,True
100208,4,0.9665977070559024,0.43271966248568305,0.3747864552531481,0.036049470512072274,0.008005086672657117,-0.035384409390885205,0.035384409390885205,True
100208,5,0.8370410995541308,0.4778809350068932,0.4234127409802771,-0.039150274002533944,0.016577823764791225,-0.08399504997618222,0.08399504997618222,True
100209,1,0.3213230072621706,0.038488201416882604,0.1152672213497949,-0.08471198071108474,0.03026749175778542,-0.15160085592442524,0.15160085592442524,True
100209,2,0.7967148815641256,0.04644290923751854,0.0795686369783723,0.8575211410202741,-5.963540027744094e-16,0.020761838396606724,0.3430084564081096,True
100209,3,0.8106131474304229,0.12752206045827819,0.11522010783888,-1.9733017550142065e-17,0.004987326807041764,-3.185928083848655e-16,0.004156105672534804,True
100209,4,1.0803297865980481,0.12752206045827813,0.1079065043197504,0.38676684395278726,1.8996376367353026e-18,1.72910148065858e-16,0.15470673758111492,True
100209,5,1.0971699798163717,0.13028360634365255,0.1219787371074496,-0.025736399805729244,-3.1805546814635168e-15,0.26820928275318173,0.26820928275318173,True
100210,1,0.1036503327294847,0.03460927431324274,0.1036503327294847,-0.07617451764740785,1.5902773407317584e-15,-0.1363221822703312,0.1363221822703312,True
100210,2,0.10108650353419846,0.031038124355679583,0.0661107413336133,0.009574442711482486,-1.5902773407317584e-15,-0.00939780795058327,0.00939780795058327,True
100210,3,0.14536028812180732,0.031038124355679597,0.0539503618431629,-3.632643584983509e-18,-0.007663529134306298,2.9002408113987244e-18,0.006386274278588582,True
100210,4,0.36230351458428944,0.10928896581142743,0.2444725370680534,-0.17790226707362056,0.017547109957761587,-0.228718767632341,0.228718767632341,True
100210,5,0.39108371524265795,0.13919331189728262,0.1969133341145025,2.919830648845781e-17,0.0032079387146137523,1.4307402918661838e-16,0.002673282262178127,True
100211,1,0.07003099094490359,0.009963639493827333,0.0700309909449035,-0.021929827987315624,0.0,0.17752518931098538,0.17752518931098538,True
100211,2,0.08310248725362943,0.020290775424446687,0.07272083588727,0.07344673243759291,7.951386703658792e-16,-0.07209174537318835,0.07209174537318835,True
100211,3,0.05926396247129511,0.011164969458469532,0.0494735749930891,-0.02447597790184737,-5.963540027744094e-16,-0.01630868730701222,0.01630868730701222,True
100211,4,0.14021194777037246,0.08558064649266983,0.0875060183858282,-0.026954587840449486,-0.007569329825116521,-0.1385658245920787,0.1385658245920787,True
100211,5,0.27029239926454535,0.08558064649266989,0.0740914225718603,-3.788891959032491e-17,-0.01639407468760569,-0.007452968802841989,0.013661728906338075,True
100212,1,0.12115550372208772,0.04045432322748869,0.1211555037220877,-0.08903938668914146,0.0,-0.15934519674492065,0.15934519674492065,True
100212,2,0.15172873294680658,0.07084890114030218,0.1064867886655109,-0.08006192239544624,0.0,0.07858489454687087,0.07858489454687087,True
100212,3,0.3855181251007467,0.07084890114030219,0.0739123860810818,-0.33495829699997626,1.0855072210080968e-18,-4.9682268702449953e-17,0.1339833187999905,True
100212,4,0.47904494122400754,0.17076217303831132,0.1574919190103288,-0.06268602500637292,0.0063140074950298435,0.06152955758864622,0.06152955758864622,True
100212,5,0.5760180020776913,0.2348459079271405,0.1945570433951128,-0.05786904262691443,0.0029043856657484214,-0.15189090433310817,0.15189090433310817,True
100213,1,0.25727255770030766,0.029312909741635515,0.1388297227325993,-0.049836625469404636,-0.017797193405500632,-0.28894409390479286,0.28894409390479286,True
100213,2,0.3976431312826056,0.1344312538907488,0.2478839608963575,0.2798240417982945,-0.0029455812395099783,-0.18220198347718666,0.18220198347718666,True
100213,3,0.6614794330792916,0.263316196561518,0.2737825764283645,-0.5154400946948199,-0.008127533580644893,5.1906179007743525e-17,0.20617603787792796,True
100213,4,0.5058279712185687,0.26331619656151795,0.2600021097378987,0.296516853247718,-3.799275273483317e-18,1.71766547204087e-16,0.11860674129908719,True
100213,5,0.6785317468263882,0.3697352926603209,0.447658854773539,-0.12493294013238744,0.0037230542123998065,-0.22090642308472042,0.22090642308472042,True
100214,1,0.8044578870002053,0.07102394447871778,0.051029572476518,-0.6564615477234357,-0.040264927083658614,-1.7748389563587708e-16,0.26258461908937425,True
100214,2,1.1473242303323457,0.07102394447871788,0.051029572476518,-3.738625481526035e-17,-0.042352082711934684,2.553296116203363e-16,0.035293402259945574,True
100214,3,1.8475612646066224,0.1839759306840202,0.2890388757350819,-0.4499394074906362,-0.04650304580274173,-0.3253111597751965,0.3253111597751965,True
100214,4,1.7860789773923575,0.2881683890538478,0.3022320388656122,-2.2961602950930953e-16,0.01598337112901199,1.2191853429599497e-16,0.013319475940843324,True
100214,5,1.8008715453947657,0.32633894242385647,0.3010427458026188,-5.884883937063397e-18,0.0017521068587555593,1.2197274440461925e-18,0.0014600890489629662,True
100215,1,0.3727551600464503,0.1145707590411094,0.082317264903949,-0.46782385130868454,0.005194777102637055,-5.2705778109951584e-17,0.1871295405234738,True
100215,2,0.4007821913905697,0.18289133661338852,0.1314045113311998,-6.492861041561857e-17,0.003097737813805934,7.196391919872536e-17,0.0025814481781716117,True
100215,3,0.3768890411741411,0.18543884330446478,0.1454404906913761,0.03466718107191639,0.0,0.005393565554087249,0.013866872428766556,True
100215,4,0.4549349996787092,0.18543884330446478,0.1394029113991672,-0.11235592768570703,5.766757111506532e-19,-1.186438240981746e-17,0.04494237107428281,True
100215,5,0.6620579915708495,0.18340375226331898,0.1419599399539666,-0.041904228094509686,-0.0280277028344642,0.04113115507781473,0.04113115507781473,True
100216,1,0.09188853854893919,0.05465146787621377,0.0918885385489391,0.07656367707377175,1.5902773407317584e-15,-0.21526621152852757,0.21526621152852757,True
100216,2,0.15853979692547385,0.12898471928941557,0.17509871680656,0.006305105096434481,0.0042508511651598215,-0.1567269209729854,0.1567269209729854,True
100216,3,0.3656803168459388,0.2732600378452839,0.3698432058990668,-0.12553796730323016,0.005512922389843182,-0.22466318381919115,0.22466318381919115,True
100216,4,0.6941932961845341,0.31952879439722487,0.5580002717531449,-0.19016518634371424,6.3611093629270335e-15,-0.5657294053216777,0.5657294053216777,True
100216,5,0.8148300879351501,0.3195287943971792,0.4421564324905714,1.6331298411401263e-17,0.019543893322668388,1.3064636178450328e-16,0.016286577768890323,True
100217,1,0.2968286910798392,6.475226854595412e-17,0.0,7.927691928071124e-18,0.030648966180349308,2.905661822261152e-17,0.025540805150291092,True
100217,2,0.297456479249219,0.01651303600353258,0.0290950132976107,-0.04237779876637585,0.0,0.041595989048766255,0.041595989048766255,True
100217,3,0.17945306495338456,0.01651303600353269,0.0206683393033823,5.219159360887795e-18,-0.04869188524608218,-1.7564075194265172e-17,0.040576571038401815,True
100217,4,0.5094649058659907,0.1007724117153534,0.0882240790903906,-0.45248876014651823,0.004235364708260419,-0.048554404283500704,0.1809955040586073,True
100217,5,0.7587754148127858,0.25807557494601174,0.3416717374177114,-0.18494865363512747,0.0056086103327706105,-0.2806192071668403,0.2806192071668403,True
100218,1,0.102567562934343,0.14275551492261362,0.102567562934343,-2.0734833376035681e-19,0.0064727080913056486,-4.391018798566293e-18,0.005393923409421374,True
100218,2,0.11312735030826622,0.14496330766062174,0.1131273503082662,0.029732629141179627,1.987846675914698e-16,-0.02918410469986062,0.02918410469986062,True
100218,3,0.11497188405965886,0.14496330766062046,0.1097631265917133,0.005343896422145095,-2.0014039387020427e-16,1.6447987101308652e-18,0.002137558568858038,True
100218,4,0.6455418988053082,0.14925779409616588,0.1268895631725166,-0.836493625938804,0.0,-0.0476575920782216,0.33459745037552163,True
100218,5,0.645761438317862,0.14919269331167584,0.119746856895422,-0.0006608904513376709,0.0,0.0006486979686660297,0.0006486979686660297,True
100219,1,0.003541994908435535,0.0020102788353813187,0.0035419949084355,0.005159026597645009,0.0,-0.005063849942772475,0.005063849942772475,True
100219,2,0.06719366213119618,0.09145195140742962,0.0671936621311961,-2.3761959598394998e-18,0.0041299599399123345,-2.4530074152484538e-18,0.003441633283260279,True
100219,3,0.11882423641742364,0.09145195140742965,0.0666562179338235,-7.506787572191003e-18,-0.008072063755991999,2.054563116860031e-17,0.006726719796659999,True
100219,4,0.25153884918869773,0.09145195140742964,0.0663890117233406,0.22713454533117952,-1.9165986870667267e-18,2.952298685856646e-17,0.09085381813247181,True
100219,5,0.23331846961651148,0.1043964436307963,0.1244322297408692,0.010178340137236536,1.5902773407317584e-15,-0.206290167554235,0.206290167554235,True
100220,1,0.5193071807750447,0.12070595682084163,0.175366679788745,-0.07869112996813578,0.05352823940276186,0.06219499610694967,0.06219499610694967,True
100220,2,0.507393139086379,0.12643982256680353,0.1702676108290646,-0.027116431466213963,-0.0037861687695598147,-0.22387988624431948,0.22387988624431948,True
100220,3,0.4869785320226722,0.24379461648672174,0.2201648420050228,0.014130220382479363,-0.003974348558494054,-0.013869538045770664,0.013869538045770664,True
100220,4,0.6261421170930797,0.45525708632966405,0.3617798219226549,-7.054153430287184e-18,0.009619912128523495,5.149960319306146e-18,0.008016593440436247,True
100220,5,0.6170985021011148,0.4632687355251345,0.5184115489718404,0.343854060088217,-0.011157695774406376,-0.08193686022736656,0.1375416240352868,True
100221,1,0.5386062592726123,0.10344917234267713,0.2121444559903041,-0.6128734022815523,0.003407386922099327,-0.23049073876288595,0.2451493609126209,True
100221,2,0.6365012063447051,0.1294173046926936,0.2444703689620135,-0.07214427151365595,0.0,-0.13401487501886247,0.13401487501886247,True
100221,3,0.8914267864504167,0.12941730469268353,0.1843410573338185,1.9180466947415462e-17,-0.04425689892256912,-2.7321894746634712e-17,0.03688074910214094,True
100221,4,0.9069376796343005,0.15902223965819037,0.1792650130897855,-2.4777093710417938e-17,0.001842994727276368,5.5382402223275173e-17,0.0015358289393969733,True
100221,5,0.5582866451676337,0.1590222396581904,0.4537225406350419,0.31577901694665234,0.019702953983034097,2.4990860075790877e-17,0.12631160677866093,True
100222,1,0.3309708549571335,0.10162207936922833,0.0783033203893611,-0.07675901731261496,-0.025988265288039845,-0.01731238059704882,0.030703606925045986,True
100222,2,0.33574424408817444,0.25069459188148935,0.2332673686193536,-0.07382401791675626,0.024467437717135398,-0.1488318756475858,0.1488318756475858,True
100222,3,0.2903406820350615,0.25069459188148674,0.1983076057667075,0.09756841905235449,-3.9783839649318547e-16,1.265072017146891e-16,0.03902736762094179,True
100222,4,0.41090073591300413,0.3976038659446279,0.3019633055920152,-0.059694481234846275,0.006450807185280587,0.058593203516898944,0.058593203516898944,True
100222,5,0.37313726218715126,0.3976038659446286,0.2944616943890417,1.793751424687268e-17,0.017717935670332304,-3.7025504190379976e-17,0.014764946391943588,True
100223,1,0.2358447749453406,0.15548652727640114,0.1393886247824228,-0.08434724403892005,-0.008028707208624891,0.08279115814104811,0.08279115814104811,True
100223,2,0.3424091576623874,0.1554865272764012,0.1284140261031421,-0.1492677624372192,0.0,-0.18400320027801362,0.18400320027801362,True
100223,3,0.4986007263625682,0.2788593099155874,0.2899197846707668,-0.05991006411976304,0.024678315000617006,-0.332708065466242,0.332708065466242,True
100223,4,0.6490767742424991,0.32218226207720185,0.2824468331887796,0.02098740744163506,0.022870258733336594,-0.02060021982068859,0.02060021982068859,True
100223,5,0.7844938056502373,0.34524020694059865,0.3852006639442095,-0.11716355001502356,0.0,-0.17394290618402486,0.17394290618402486,True
100224,1,0.9317686713787009,0.13788493605212568,0.3653101350531957,-0.8344831489019585,-0.03504377790091471,-0.05206582224790084,0.33379325956078343,True
100224,2,1.403018286181516,0.13788493605212318,0.2161828702505809,-0.6748763503892553,-4.095754433201629e-16,-8.067132806722862e-17,0.26995054015570213,True
100224,3,1.5663243254198955,0.2120714256138827,0.2517667079261244,-0.21204205951289143,0.014627265310810992,-0.35377237320851607,0.35377237320851607,True
100224,4,1.7244091861947688,0.2120714256138771,0.2048578712135231,-0.2260928309890014,-8.700340376242262e-16,1.3912250892485898e-16,0.09043713239560056,True
100224,5,1.94631181563077,0.2120714256138772,0.1844577832755967,-0.056707272518769856,-0.029933290824644798,3.426078865054194e-17,0.024944409020537333,True
100225,1,0.2046137956604141,6.2249435167403e-18,0.0,-5.962285923247202e-18,-0.021127343163291,-7.860465750519907e-18,0.0176061193027425,True
100225,2,0.5225679582806056,0.0722672676313051,0.068547417336884,0.47857363429608557,0.0030814352161194305,0.04799275894156821,0.19142945371843423,True
100225,3,0.4576365936940476,0.10029652074711388,0.1765745784059463,-0.1081840359151808,0.0,-0.19360652772405443,0.19360652772405443,True
100225,4,0.418642398646749,0.17277047193401793,0.2652441417880412,-0.0892912292213545,0.0027050995540788578,-0.15979589501830724,0.15979589501830724,True
100225,5,0.9101973603113994,0.17277047193401918,0.2011620353421332,0.25059185947487067,-0.04091117151946361,-5.128276275856436e-17,0.10023674378994826,True
100226,1,0.5744590795602237,3.058333442859777e-16,0.0,0.8206558279431765,7.020442024773774e-18,2.6197007011601164e-16,0.3282623311772706,True
100226,2,0.5551024195284401,0.0036737953660220053,0.0064730147141857,-0.009428148808994318,1.5902773407317584e-15,-0.1319300623039649,0.1319300623039649,True
100226,3,0.5398201454970288,0.03052751567831348,0.0531157614059885,-0.06891534393067741,-2.3854160110976376e-15,0.10389693803653664,0.10389693803653664,True
100226,4,0.6721993913778681,0.030527515678307433,0.0422005960989474,-0.3891860166601923,0.05037294038967729,-9.768661574094395e-17,0.15567440666407692,True
100226,5,0.6611176257742084,0.06338398726249272,0.0792115624896458,-0.015147515864732383,-0.0014600549581725436,-0.10163423029075835,0.10163423029075835,True
100227,1,0.1377999923007755,0.011231001676832926,0.054359186466619,-0.13455147362712488,7.951386703658792e-16,-0.11415795340963962,0.11415795340963962,True
100227,2,0.20535658018318168,0.011231001676827938,0.0431455755092699,-2.725998643122723e-19,0.012239838883918908,3.802839119992907e-17,0.01019986573659909,True
100227,3,0.3184481387250726,0.011231001676827945,0.0386771797475842,-0.19059897958936248,0.0,0.12979532466153568,0.12979532466153568,True
100227,4,0.31342498541726943,0.011322378623746859,0.0366207090476451,-0.001127412688747196,0.0,0.046748728745857386,0.046748728745857386,True
100227,5,0.9778391134139431,0.08917190576100968,0.1649256140286545,-0.6183784092233855,0.03012560902843914,-0.14968967267735286,0.2473513636893542,True
100228,1,0.38887983994216585,3.144340957620178e-16,0.0,-0.5555426284888085,1.0750003063253013e-17,-2.0104110641200958e-16,0.22221705139552342,True
100228,2,0.3823841239568161,0.00895544715497048,0.0157789793472365,0.02298257796537629,0.0,-0.02255858230462655,0.02255858230462655,True
100228,3,0.6042620996692968,0.05574591418093448,0.0500139999472682,0.24483358978723374,-0.045513956571242346,-0.015351348631487242,0.0979334359148935,True
100228,4,0.6117540816558624,0.17536905893852353,0.1350572762725616,1.2702507737759052e-17,0.005447941691084664,6.86435500454885e-17,0.00453995140923722,True
100228,5,0.680807130548591,0.17678060380150784,0.16247900949252,-0.04438906498570036,-0.0047090428632299485,-0.07943882540615127,0.07943882540615127,True
100229,1,0.09542787232949576,0.13281835565389272,0.0954278723294957,-5.8821752113216895e-18,0.006022145247924941,3.3745792618611326e-18,0.005018454373270784,True
100229,2,0.5124422515738343,0.2625187529862218,0.2359582905392145,-0.13035816650323676,-0.03358031549401239,-0.12333957410338772,0.12333957410338772,True
100229,3,0.6137573617329485,0.28310395330883165,0.3258144121043455,-0.10957441915788269,0.0,-0.17669016222133557,0.17669016222133557,True
100229,4,0.8730828039705434,0.2921313270930437,0.3209516579533999,-0.04407835123908795,-0.029147393011855184,-0.07888277100229323,0.07888277100229323,True
100229,5,1.099898962696761,0.29213132709304285,0.2813994429204568,-0.3641429957771761,-1.3080362012941504e-16,8.46416904393124e-18,0.14565719831087046,True
100230,1,0.791502156480848,4.001955406516429e-15,0.0,-1.1372821419832677,-3.975693351829396e-16,0.038627467998548964,0.45491285679330706,True
100230,2,0.8822363860304939,0.015919254791332046,0.0476761240641186,-0.03503805205681793,0.0,-0.1942806633462205,0.1942806633462205,True
100230,3,0.8917983767484224,0.09707555197655575,0.0863398992189621,0.013142709381597483,0.0040223722569955826,0.025043095975825158,0.025043095975825158,True
100230,4,2.1530596478349078,0.3055552404880201,0.5198487629738945,-1.5127673909012502,-0.0026571439648742333,-0.2192670033040749,0.6051069563605,True
100230,5,2.189742297233972,0.3055552404880148,0.4980792745090287,1.8653059501215167e-16,-0.007482215306024631,-0.0017284884639541362,0.006235179421687193,True
100231,1,0.13806927826146934,0.04610190242276863,0.1380692782614693,-0.10146962770435333,1.5902773407317584e-15,-0.18159039938845234,0.18159039938845234,True
100231,2,0.3357655576494196,0.10189636927012209,0.2854065446629842,-0.11632857017879213,0.0,-0.30808635164721904,0.30808635164721904,True
100231,3,0.5009405552136779,0.15702627764061022,0.3635593977868075,-0.1214048194125673,0.0,-0.21726648794893696,0.21726648794893696,True
100231,4,0.5842917782693197,0.18542905034458726,0.2991547630591286,1.787161897861819e-17,0.0032294149618867568,-0.16036059770198383,0.16036059770198383,True
100231,5,0.6205109245259289,0.2437848316654515,0.3074090458676108,-5.10463359328604e-17,0.004385780302796813,6.013256299147729e-17,0.0036548169189973448,True
100232,1,0.015270158357123682,0.008666662982812021,0.0152701583571236,0.02224146424576547,0.0,-0.02183114107213708,0.02183114107213708,True
100232,2,0.06393476173201515,0.03628652826375983,0.059000536870292,0.07088152006570832,7.951386703658792e-16,-0.06957385749711174,0.06957385749711174,True
100232,3,0.10837764122518874,0.06204381808476195,0.0875799759179653,0.06610154816886149,0.0,-0.07947889337516983,0.07947889337516983,True
100232,4,0.41901100419063636,0.12920248286083402,0.1093437770388376,-0.03344905149109327,0.039155382319827126,0.032831964377986564,0.032831964377986564,True
100232,5,0.5120908716685655,0.13009538974326038,0.1103478429930849,0.007721743347167063,0.010242257474742548,-0.007579288237146286,0.008535214562285457,True
100233,1,0.20731441411121493,0.16453142124237122,0.2073144141112149,0.21157822166934703,0.0066563344147347004,-0.20476493890508368,0.20476493890508368,True
100233,2,0.25729638698321394,0.2508036479659496,0.2572963869832139,-0.2087354823743285,0.003949508404485799,-0.12354430287261502,0.12354430287261502,True
100233,3,0.3904505616065413,0.40233192326434203,0.3904505616065413,0.13571243942677505,0.009745263658845135,-0.23483698692945398,0.23483698692945398,True
100233,4,0.4154232136334238,0.41214223606890654,0.4154232136334238,0.07404124387912332,7.951386703658792e-16,-0.1160147769252457,0.1160147769252457,True
100233,5,0.6254902443000674,0.45326746083064573,0.6254902443000674,-1.2563254517009702e-17,0.024797629130735938,5.095750210681871e-18,0.020664690942279948,True
100234,1,0.9456495506096241,0.10952841724634668,0.3019832975988233,-1.0783390602821923,0.024309209911780375,-0.07800582043607021,0.4313356241128769,True
100234,2,1.0637772298373536,0.10952841724634443,0.2016674413094538,3.110381113074041e-16,0.015730246252169337,2.515891141252613e-16,0.013108538543474449,True
100234,3,1.1996713894877389,0.10952841724634446,0.1537321533074608,-5.468047548137361e-18,0.017918765154969908,1.83772268236293e-17,0.014932304295808257,True
100234,4,1.2275649025694537,0.18072990204774753,0.1820072719686662,-4.701517761088716e-18,0.0032385261377518527,-2.757939276260002e-18,0.0026987717814598773,True
100234,5,1.2238784234686704,0.18072990204774753,0.1730858074737222,1.3943399152084885e-18,-0.0004868721385155995,-4.682398132421772e-18,0.0004057267820963329,True
100235,1,0.4102408022322427,2.6376734226765646e-17,0.0,1.6917923414886957e-17,-0.0423592993526321,-7.535205098774256e-17,0.035299416127193416,True
100235,2,0.4620199632628615,0.07386624022026393,0.0993888116956091,0.055818732169007325,-0.0005135449544498303,-0.0045914998657601,0.02232749286760293,True
100235,3,0.47474266342612276,0.09194060916730534,0.1433706213553768,-0.09719113909744781,0.0,-0.16460647279928423,0.16460647279928423,True
100235,4,0.5262943273498145,0.16340430411500925,0.2106724143980932,0.0472688917396216,0.0024242636184701816,-0.16021822076256179,0.16021822076256179,True
100235,5,0.569263169667652,0.18263827949889738,0.2753395175182047,-0.08026977641552203,-1.5902773407317584e-15,-0.14365107163481827,0.14365107163481827,True
100236,1,0.00903565152944125,1.4931357365669307e-18,0.0,0.0129080736134875,1.484805038242683e-20,3.250902364697178e-18,0.005163229445395,True
100236,2,0.09330377155816467,0.11542010987517515,0.0979448244244625,-0.022671591158523234,0.005065986321543501,-0.040573158553840895,0.040573158553840895,True
100236,3,0.23248223103800325,0.11542010987517679,0.0917860444454525,-1.2715487653926511e-17,-0.020894786104993644,1.485356976305141e-17,0.01741232175416137,True
100236,4,0.34624453194394667,0.14023439650176237,0.2279912822056173,-0.12389669917981619,1.5902773407317584e-15,-0.22172596466527209,0.22172596466527209,True
100236,5,0.35569089119695757,0.16146024576248758,0.1843324622032678,-7.101176834870697e-17,0.000995134158771238,1.271633623053936e-16,0.0008292784656426985,True
100237,1,0.13066640975820223,2.060684273010892e-17,0.0,8.376332793784128e-18,0.013491925820847898,-9.568084172184577e-18,0.01124327151737325,True
100237,2,0.3948824109557951,0.07043176103037473,0.0506040981042011,-0.36101056469132004,0.0031934614310390502,-0.1036744737470174,0.14440422587652801,True
100237,3,0.5887924501110687,0.1009918162399096,0.2234085701272087,-0.14573426460286243,3.1805546814635168e-15,-0.260806547856101,0.260806547856101,True
100237,4,0.8704538192503464,0.10099181623989031,0.1573518805291689,-0.40375240678840857,-2.999799205208474e-15,-1.223504910851389e-16,0.16150096271536343,True
100237,5,1.037143127847947,0.25050166457625667,0.2914945799620978,-0.09409767350324583,0.006285396939483661,-0.1326568731620484,0.1326568731620484,True
100238,1,0.10508252856789918,0.035087490420566046,0.1050825285678991,-0.07722706445835326,0.0,-0.1382058237116057,0.1382058237116057,True
100238,2,0.1472236805440113,0.1109199871481117,0.1158854741676674,-2.3691652918551497e-17,0.004392907494998832,8.418829869349942e-17,0.00366075624583236,True
100238,3,0.24367228502069738,0.2639520153398406,0.2107950033137874,-5.9594864339422324e-18,0.006991639052501149,6.112189747387031e-18,0.0058263658770842915,True
100238,4,0.3834521605108407,0.28776756521741975,0.3265946064960122,-0.12441882810767972,0.0,-0.2226603684143353,0.2226603684143353,True
100238,5,0.4856883858438374,0.30461319519862073,0.367930156890607,-0.07982250855397324,1.5902773407317584e-15,-0.1428506395109425,0.1428506395109425,True
100239,1,0.7271800173110247,0.1509909744267265,0.2101418532737956,-0.8780765693805788,0.005844176672323245,-0.1799138030148688,0.3512306277522315,True
100239,2,0.7595591948093399,0.2558638637495744,0.2290565077438245,-3.985759797500992e-18,0.004821702612351018,0.028226934304074074,0.028226934304074074,True
100239,3,0.8419893683021313,0.25586386374957537,0.2122500999888291,6.224556320118365e-18,0.014422461242293044,2.3310346708438345e-18,0.012018717701910871,True
100239,4,0.9379455609408766,0.26569180713108226,0.2496295561282678,-0.05050362649459165,0.0,-0.17162521341150908,0.17162521341150908,True
100239,5,0.6978176141858692,0.36875118629423825,0.3528052097917301,0.45603423207881105,0.0033519290714203874,-0.11076835348293011,0.18241369283152442,True
100240,1,0.26522148440921794,0.11371907216088982,0.2652214844092179,0.12964901980292082,0.020439358535382268,-0.15093564474960325,0.15093564474960325,True
100240,2,0.3248965478972142,0.16289625208389602,0.2318678285477005,0.0654431207966922,0.002491167510068114,-0.046441389684405525,0.046441389684405525,True
100240,3,0.3807804483236362,0.24910670327345127,0.2455481898716534,-1.4005967094112237e-17,0.0039296293521516425,-3.97089045672816e-18,0.0032746911267930354,True
100240,4,0.6855247619873109,0.24910670327345127,0.2232083208443691,0.49303099580430826,-2.4423912472518866e-18,7.461494905150043e-17,0.1972123983217233,True
100240,5,0.7181537092868202,0.3266782510014346,0.2672765741300036,6.027278950263291e-17,0.003526432037146048,-9.110008754309451e-17,0.0029386933642883734,True
100241,1,0.11598937935386266,0.0467820168284996,0.1159893793538626,-0.10296654978176184,0.0,-0.12335982225297132,0.12335982225297132,True
100241,2,0.33083406137117727,0.11050317418150427,0.2185899939301527,-0.08101063492916458,0.013944726357684541,-0.1842522076013109,0.1842522076013109,True
100241,3,0.43473109737246013,0.11050317418150116,0.1608246107913879,-3.165320036619733e-17,0.016029481917582692,4.6024382222009663e-17,0.013357901597985578,True
100241,4,0.5196065970033266,0.13983473904006447,0.2176504086085712,-0.06656057066252367,0.0,-0.11911702923901067,0.11911702923901067,True
100241,5,0.4370675183856338,0.1758847805409,0.2846166879495778,0.33602799201338535,-0.00020463732373573567,-0.057161284894983,0.13441119680535413,True
100242,1,0.40383655190744466,0.20943976635140535,0.240889726751049,-0.08055249174159665,-0.020411906617895492,-0.24452938399186616,0.24452938399186616,True
100242,2,0.6137489649794514,0.27254990505305554,0.3002969416525831,-0.26619897147162086,0.0023703103686866832,-0.10498822178727729,0.10647958858864834,True
100242,3,0.6826841430124104,0.39752825714109025,0.3905559451431845,0.28721296657741974,-0.01586732610997043,-0.09163576774299682,0.11488518663096789,True
100242,4,0.7037174314383134,0.4701131626416679,0.4233278529924804,0.15562650497893885,0.0018674603988952931,-0.1998306224940542,0.1998306224940542,True
100242,5,0.6378401107197189,0.4701131626416635,0.4125283494477885,-5.932479390327677e-17,0.009192771234445502,-4.824699667560495e-18,0.0076606426953712515,True
100243,1,0.05980745839969869,0.07913097173990165,0.0598074583996986,-0.010008421615514584,0.0035555602720661007,0.009823780565136307,0.009823780565136307,True
100243,2,0.1221130948272823,0.09087518768977647,0.1200109089196017,-0.06278558515644683,7.951386703658792e-16,-0.11236130202050322,0.11236130202050322,True
100243,3,0.7719135472500974,0.09087518768977215,0.0930062579236085,0.15585138398849563,-0.07548285745897539,-8.196568423990414e-17,0.06290238121581282,True
100243,4,0.78494044067219,0.10791623318974805,0.1736605777468484,-0.0760659931967148,0.0,-0.13612796653513395,0.13612796653513395,True
100243,5,0.8225737388557665,0.15930779882645837,0.1649201111114389,0.15873372142420217,0.002432693727823276,1.5243882545146192e-16,0.06349348856968087,True
100244,1,0.029492354636221553,0.0410480287522209,0.0294923546362215,-1.0124927108827711e-18,0.001861167388296695,-1.1248597539537109e-18,0.0015509728235805792,True
100244,2,0.03549161198999671,0.04231567367691813,0.0354916119899967,0.01613072407900911,1.987846675914698e-16,-0.01583313531309487,0.01583313531309487,True
100244,3,0.37640400066865115,0.04231567367691687,0.0335247737813014,0.5006382825840536,-2.0153119999713202e-16,1.4598401553953764e-16,0.20025531303362146,True
100244,4,0.44832500346974014,0.04231567367691688,0.0326046432689067,1.537931782717458e-17,-0.010882983659502698,-1.5829351718288365e-16,0.009069153049585582,True
100244,5,0.4726653722924196,0.105034244056063,0.0772014095941071,5.999914283819937e-19,0.0028484341533231523,7.467442462993912e-18,0.0023736951277692937,True
100245,1,0.03810632536581855,0.02162745609674117,0.0381063253658185,0.0555030572270374,3.975693351829396e-16,-0.054479105281435944,0.054479105281435944,True
100245,2,0.10099676698910949,0.11090861040131025,0.09362056166012,0.008761567247695145,0.004782047082527969,-0.008599928875360152,0.008599928875360152,True
100245,3,0.1107090215861602,0.11090861040131,0.0892221787076869,-3.112390625254866e-18,-0.001578944245885939,-5.624298769768554e-19,0.0013157868715716159,True
100245,4,0.11408226231548446,0.11168725930093487,0.0900986225602011,0.007293430035932414,4.969616689786745e-17,-0.007158876693314683,0.007158876693314683,True
100245,5,0.23114110756827705,0.11168725930093457,0.0882858856031452,-3.663250140833561e-18,-0.01681572439635105,-6.2341624917916505e-18,0.014013103663625875,True
100246,1,0.6134896369487636,0.06426654093095183,0.0588129572533674,0.6545172417809197,0.020206172647012258,-0.013074330835770285,0.2618068967123679,True
100246,2,0.6000310183030652,0.0674093504081734,0.0671000128471765,-0.02882417223213951,-1.987846675914698e-16,0.02829240752021137,0.02829240752021137,True
100246,3,0.4315010784781695,0.12711186334703434,0.2350279199812248,-0.1690176558777779,-0.008870742752762813,-0.25738319318065084,0.25738319318065084,True
100246,4,0.8454243004502159,0.12711186334702587,0.1544008727563071,-6.077268776867146e-17,0.051347374008546484,2.0404684886177193e-16,0.042789478340455406,True
100246,5,0.8427356843886284,0.1854964777244613,0.1863740241999791,-0.02224411318115448,0.0036845094442050997,-0.03980814247566693,0.03980814247566693,True
100247,1,0.10380479523022076,0.11807503142021568,0.084835028774423,0.0527255149246803,0.005353665059427738,3.550762114890027e-18,0.02109020596987212,True
100247,2,0.33537668932636566,0.2950582598067903,0.2815220007856527,0.2519091778319221,0.007262076473355895,-0.16609096445071517,0.16609096445071517,True
100247,3,0.24831256249235137,0.2950582598067823,0.2509385404377526,-0.197389148065971,-1.2491474345553036e-15,3.969783781837524e-17,0.07895565922638839,True
100247,4,0.2759129956059182,0.33398088514621393,0.2652413825547284,3.8624414659984383e-17,0.00176982908144645,1.8688934948218883e-17,0.0014748575678720417,True
100247,5,0.46030798125430056,0.3446372880435689,0.2861214712748161,-0.4814577710363491,-0.0027251908701036707,0.01589029305185202,0.19258310841453966,True
100248,1,0.1127672718462904,0.15695166676759695,0.1127672718462904,-1.2532294981406773e-17,0.0071163788178619045,2.5343225781848666e-17,0.005930315681551587,True
100248,2,0.15397854789857274,0.16530321744171544,0.1539785478985727,-0.0500378269391154,0.0,-0.0895478694854263,0.0895478694854263,True
100248,3,0.3088989733632778,0.27648828602516073,0.2182332343771765,-0.02620085016592577,0.016798904749516227,0.039277312250726774,0.039277312250726774,True
100248,4,0.3612768277692129,0.35094499535985874,0.2643871480083301,2.044018802416191e-18,0.0033826371193016393,3.0235688085189505e-17,0.0028188642660846993,True
100248,5,0.3790387418006399,0.35056621751307887,0.2854795605225907,0.0047398629263537715,0.0,-0.08699170826754042,0.08699170826754042,True
100249,1,0.09728011672303247,0.03248223287114215,0.0972801167230324,-0.07149292986256459,0.0,-0.12794399645399243,0.12794399645399243,True
100249,2,0.20236423481698176,0.03248223287114214,0.0635111096155535,0.3410624797574954,0.0,0.06003814024742232,0.13642499190299814,True
100249,3,0.31545565640160084,0.14305041252697062,0.1235814584662015,-6.366070219171671e-17,0.015555812515178416,-5.860112742284151e-17,0.012963177095982013,True
100249,4,0.18573581332281647,0.1443325149329472,0.1198925132277361,-0.2630825781956531,4.6590156466750734e-18,-0.00016663750558906903,0.10523303127826125,True
100249,5,0.4530217209024777,0.20738292883292198,0.3630025579851562,-0.3129514078951052,0.0,-0.29255951810118186,0.29255951810118186,True
100250,1,0.5995198194978438,0.15757233033805984,0.217416862397573,-0.6274086438057754,0.012134666790925192,-0.209051093584104,0.2509634575223102,True
100250,2,1.0366149921182635,0.15833211925304666,0.170235600995202,-0.6260638916039948,0.0004204755858710134,0.007157554695901725,0.25042555664159794,True
100250,3,1.3642585412741073,0.23272450740558906,0.3569396832914512,-0.15387018801304223,-0.03619625174903243,-0.17348913094114324,0.17348913094114324,True
100250,4,2.1780922766962556,0.29742800568991806,0.517242731680197,-1.031905569889824,0.0,-0.3391251844594565,0.41276222795592965,True
100250,5,1.9614143018059331,0.3186087314859344,0.5511544978320586,0.22765083622443033,0.02082943394805213,-0.059794573383902525,0.09106033448977213,True
100251,1,0.23391420741163133,0.013243347756381158,0.0254093739511863,-0.10760628744416798,-0.016738157764795897,-0.16192768459593349,0.16192768459593349,True
100251,2,0.40257153388847056,0.026486695512765272,0.0429015069275784,-0.13689380525418457,-0.002734503924978446,-0.1619276845959333,0.1619276845959333,True
100251,3,0.31088771027136547,0.03973004326913734,0.1478923543826363,0.3874799200350575,-0.0027345039249768556,-0.1619276845959332,0.1619276845959332,True
100251,4,0.49950588328135526,0.08815988856305482,0.2120328519405132,-0.18573633180860416,-0.0027345039249752658,-0.30174948429459103,0.30174948429459103,True
100251,5,0.8348145058071869,0.2075515370767128,0.3367388417273927,-0.20643408293683457,0.0028866216943722435,-0.4577334853630624,0.4577334853630624,True
100252,1,0.17876348953341673,0.08441142142717864,0.0714211390201718,-0.10760628744416802,0.0008105345709694494,-0.16192768459593343,0.16192768459593343,True
100252,2,0.40711440181993797,0.18123359906360492,0.1673926768265364,-0.1431896850560066,0.0010647139423478247,-0.22560785697971972,0.22560785697971972,True
100252,3,1.2718877146090315,0.29284139198186954,0.3012915206827872,-1.0218423510252472,0.001200677725668557,-0.29686474275510205,0.4087369404100989,True
100252,4,1.4652650021018032,0.4156456358463027,0.3499698481241592,-0.10760628744416792,0.0026002737180778183,-0.16192768459593337,0.16192768459593337,True
100252,5,1.7885822220214254,0.4425446755728978,0.4153211925030895,-0.21516775107212416,-0.015596284397504968,-0.2709388822662181,0.2709388822662181,True
100253,1,0.1054834493295518,0.013243347756386976,0.1054834493295518,0.038897833810230896,0.007860565386026974,-0.1619276845959334,0.1619276845959334,True
100253,2,0.24687395556551248,0.1321487225224649,0.1463363883697041,-0.10774400196647152,0.0025896052759617682,-0.14246142455357722,0.14246142455357722,True
100253,3,0.5242409825183729,0.17003683619241938,0.2891262396141434,-0.2341167722396543,-0.002734503924978446,-0.38833128910874926,0.38833128910874926,True
100253,4,0.8803924775170149,0.2186156224072494,0.2517812263832513,-0.20899313423033136,0.028455230518342145,-0.11836957096309916,0.11836957096309916,True
100253,5,1.1657971941753564,0.36692375271464495,0.4338979580657298,-0.22881220134358404,0.0026119935921055455,-0.2725287585041477,0.2725287585041477,True
100254,1,0.2085292408874782,0.1641008327521313,0.1280576750745137,-0.107606287444168,0.006801876785574241,-0.16192768459593343,0.16192768459593343,True
100254,2,0.7485333884622112,0.17057407411914888,0.4146070854966238,-0.10760628744416803,0.060812232568379525,-0.16192768459593332,0.16192768459593332,True
100254,3,0.963308762586647,0.3138523420482015,0.3168752684567396,-0.17961410967064742,0.0031260629237468657,-0.24069976163865928,0.24069976163865928,True
100254,4,1.1662234129369007,0.3367929365082188,0.2841218224157854,-0.18467388471931667,-0.002734503924978446,-0.29984812528069016,0.29984812528069016,True
100254,5,1.1069164992878413,0.38641867206284297,0.3515560321273905,0.12329470393238247,-0.0010031349179919313,-0.031049983479929773,0.049317881572952985,True
100255,1,0.15493174500025086,0.015688930058322625,0.1549317450002508,-0.11441786149347677,-0.0027345039249768556,-0.1552417743361321,0.1552417743361321,True
100255,2,0.5758198804375169,0.028927258167108172,0.103819063740937,-0.10760628744416811,-0.04476265089774371,-0.16192768459593332,0.16192768459593332,True
100255,3,0.7383034780533939,0.04595851456171154,0.0919647537732543,-0.11815945676378346,-0.007743457404020975,-0.15156920614195582,0.15156920614195582,True
100255,4,0.8876668524307386,0.066051737599252,0.0971163000136966,-0.12654594930594196,-0.0027345039249768556,-0.14333743238078606,0.14333743238078606,True
100255,5,0.8597375117339997,0.07926153773319047,0.1574071378974433,0.18202483676849385,-0.002734503924978446,-0.16192768459593324,0.16192768459593324,True
100256,1,0.0816513330373978,0.013243347756384092,0.0816513330373978,0.08931302066382228,-0.002734503924978446,-0.16192768459593335,0.16192768459593335,True
100256,2,0.28706974996115797,0.12267027852389338,0.1711664331337315,-0.1714066854587136,0.0015836939667880695,-0.27610509924418364,0.27610509924418364,True
100256,3,0.5569600545203176,0.15616087494436995,0.271321656358775,-0.20045297322337388,-0.0027345039249752658,-0.32808643706188706,0.32808643706188706,True
100256,4,0.7379502849109101,0.24598252551614047,0.270065887504604,-0.107606287444168,0.0012812674505177446,-0.16192768459593343,0.16192768459593343,True
100256,5,0.8938242357992823,0.25782396917004735,0.2543524307920216,-0.13113398404103044,-0.002734503924978446,-0.13883404031815902,0.13883404031815902,True
100257,1,0.18292523653854875,0.09450242287338964,0.0785187765058567,-0.107606287444168,0.0012704335884581863,-0.16192768459593343,0.16192768459593343,True
100257,2,0.3354757480958215,0.20548413321219494,0.1642325467230139,-0.1076062874441681,0.0020210928750207186,-0.05909859802574271,0.05909859802574271,True
100257,3,0.5816008795920542,0.37554811983770847,0.3008742885699924,-0.14098073122225946,0.004582068191431106,-0.1820973861571871,0.1820973861571871,True
100257,4,0.7477083544472265,0.3820809077528633,0.305032630249198,-0.10760628744416813,0.00015613795658416332,-0.2631015830461237,0.2631015830461237,True
100257,5,0.9617137309247092,0.5466919796095577,0.4235927898109077,-0.10760628744416811,0.004464584446503934,-0.16192768459593337,0.16192768459593337,True
100258,1,0.5059456177065634,0.12372247972640604,0.0991190909264904,-0.3065814759756122,0.03377445556481507,-0.21290091818595347,0.21290091818595347,True
100258,2,0.605441132480782,0.16837396301435104,0.1282872547605701,-0.107606287444168,-0.000981687553204992,-0.07884340336273613,0.07884340336273613,True
100258,3,1.0012772709045796,0.19887188438555456,0.2508781285194862,-0.20925960460235585,0.013508620780252082,-0.47916713012690315,0.47916713012690315,True
100258,4,0.7677529462181205,0.20780339445868062,0.2083176603072881,1.2959635464619452,-0.002734503924978446,-0.1619276845959331,0.518385418584778,True
100258,5,0.5385060783053432,0.29289295799955,0.3400879360616866,-0.22481185086485303,-0.02043963310101759,-0.16543005592759585,0.16543005592759585,True
100259,1,0.15194248036609517,0.012846645287778008,0.1519424803660951,-0.10332546417665177,-0.0027345039249768556,-0.16612953280274956,0.16612953280274956,True
100259,2,0.2009673104773879,0.02472010250879994,0.0698302545937282,-0.0899288145622269,-0.0027345039249792413,0.08575070656561674,0.08575070656561674,True
100259,3,0.2688625603873804,0.03784511829972804,0.052014469078446,0.5016835825166776,-0.0027345039249768556,-0.16192768459593324,0.200673433006671,True
100259,4,0.23849494934281373,0.06271865882027909,0.1078592302679157,-0.14628411768758934,-0.0027345039249768556,-0.23114566440212442,0.23114566440212442,True
100259,5,0.3856608550337177,0.20368652675943205,0.259156586866883,0.09200921679724913,0.0032631553255849976,-0.35305277288536724,0.35305277288536724,True
100260,1,0.19571277101200305,0.171064459051294,0.1330417672279417,-0.053992416169541174,0.004751761447667145,-0.16192768459593332,0.16192768459593332,True
100260,2,0.5037217980805292,0.25995846318190846,0.2671997366436338,0.660253604557513,0.000726897577636141,-0.2874541332049669,0.2874541332049669,True
100260,3,0.7726236766043963,0.2672823901331161,0.2435287835037929,0.39565460064930064,-0.0027345039249768556,-0.15704750179487917,0.15826184025972026,True
100260,4,0.7028937946731066,0.27487333243772466,0.2314255581941015,-0.10760628744416821,0.0022614251390176594,0.05938004952647694,0.05938004952647694,True
100260,5,0.5856949180299676,0.2985257478251366,0.2954117414146279,-0.17858734845074667,-0.002734503924978446,-0.28895563876125385,0.28895563876125385,True
100261,1,0.34938954669563066,0.126202427752904,0.2039897844929147,-0.24286314203944964,-0.008553532888828933,-0.19285159174965724,0.19285159174965724,True
100261,2,0.6585273629296642,0.28690942466081537,0.2639280685132023,-0.18329522725054698,-0.008385216073983895,-0.08624864383335137,0.08624864383335137,True
100261,3,1.0737600768272593,0.2903605636359597,0.2463051682215054,-0.42025498297238867,-0.015563091681439429,-0.11567157320880803,0.16810199318895547,True
100261,4,1.2696927736547832,0.29396165648694705,0.3085480537302856,-0.2783057997000446,0.0028033899548798053,-0.08624864383335129,0.11132231988001784,True
100261,5,1.5071014563160867,0.3200008235395851,0.2894491104907092,-0.08537947364044181,-0.015563091681439429,-0.28184447774032945,0.28184447774032945,True
100262,1,0.33975913412014397,0.04766366849838307,0.1281977080166604,-0.27289336011378157,-0.01054015773974082,-0.24659377467880877,0.24659377467880877,True
100262,2,0.5738154921901011,0.07655998119210268,0.1532766002935142,-0.23156149436262244,0.02249954629236099,-0.17262612367794775,0.17262612367794775,True
100262,3,0.6912798625794542,0.08354442425813266,0.1188684348071221,-0.18329522725054698,-0.01978089693514921,-0.03478878762791095,0.07331809090021879,True
100262,4,0.9752193768108116,0.09053329313215713,0.1102359085900677,-0.18329522725054698,-0.016654617157888275,-0.16423175195716921,0.16423175195716921,True
100262,5,1.2241798877698296,0.10104547840801786,0.1189558337208277,-0.1928183727685923,-0.015563091681439429,-0.07690118671642512,0.07712734910743692,True
100263,1,0.2789465539347313,0.08203304324297428,0.119631162043031,-0.18329522725054692,-0.01198825700001359,-0.08624864383335136,0.08624864383335136,True
100263,2,0.6401817546715887,0.10729288836698894,0.2172214263356302,-0.282721260310292,-0.015563091681439429,-0.26418181912333955,0.26418181912333955,True
100263,3,0.901277878047736,0.18249632230432095,0.2735648014871934,-0.12467818998482252,-0.012955728943690474,-0.21021505894697468,0.21021505894697468,True
100263,4,1.5932288546773323,0.24506863971193227,0.3365609757667078,-0.7590758015883283,-0.013698488183961027,-0.18074547733933208,0.30363032063533135,True
100263,5,1.8837401871214232,0.34832087360332,0.4165096714900571,-0.24407772570289138,0.02017518476828766,-0.47737609288919347,0.47737609288919347,True
100264,1,0.2066238016984786,0.008121379931958347,0.0126161022897879,-0.15887275268299753,0.005767757581775118,-0.15960013473727142,0.15960013473727142,True
100264,2,0.22424477242974483,0.012169683306222891,0.0164690933375201,0.05504529824935847,-0.015563091681438634,-0.0862486438333513,0.0862486438333513,True
100264,3,0.6304985307144769,0.06321340756072724,0.1739313409168302,-0.30068246223267114,-0.015563091681439429,-0.3011456420676476,0.3011456420676476,True
100264,4,0.5566536205210775,0.07024841753913084,0.1254585911698912,0.3342295183945943,-0.015563091681438634,-0.08624864383335121,0.13369180735783773,True
100264,5,0.8874395476859037,0.11084174334950951,0.1975439855184404,-0.25749112744169306,-0.01556309168143784,-0.21902988540794663,0.21902988540794663,True
100265,1,0.49806712840287465,0.00705389437668669,0.0135340044592222,-0.18329522725054698,-0.04395088973745968,-0.011016108777840733,0.07331809090021879,True
100265,2,0.7417701418505791,0.012209404656723533,0.0128671497961346,-0.15475020131213593,-0.015563091681438634,-0.11426705490931757,0.11426705490931757,True
100265,3,1.0564394340405339,0.05150519786276368,0.1581845084763236,-0.15735449038812405,-0.022277123159253134,-0.39914656693594425,0.39914656693594425,True
100265,4,1.472927251810858,0.05853888821550898,0.1221381572576864,-0.183295227250547,-0.03414212399488681,-0.0862486438333511,0.0862486438333511,True
100265,5,1.6521372770734755,0.18811849055919377,0.1795364457195227,-0.183295227250547,-0.0011918342135222605,-0.08624864383335144,0.08624864383335144,True
100266,1,0.3387365952474744,0.20970497972633217,0.1558702816359502,-0.18329522725054698,-0.0061951810161525464,-0.08624864383335136,0.08624864383335136,True
100266,2,0.5888769433015423,0.33526206997163543,0.2575845809765568,-0.2106006474310348,-0.0012456738433896696,-0.05944696956374021,0.08424025897241391,True
100266,3,0.8574459577701987,0.38305825230008833,0.2795339402863283,-0.14448282412315602,-0.01340842779862682,-0.25380433317716516,0.25380433317716516,True
100266,4,1.2802857075063716,0.38628371210878926,0.2862454261587411,-0.4522527525866066,-0.015563091681440225,-0.08624864383335142,0.18090110103464263,True
100266,5,1.5359362000631207,0.3907194604542905,0.2965371710096458,-0.1974172907411884,-0.015563091681438634,-0.0723871121964418,0.07896691629647537,True
100267,1,0.2994650514647675,0.12978863433680873,0.0985585133588295,-0.18329522725054698,-0.00982013607447848,-0.08624864383335139,0.08624864383335139,True
100267,2,1.1378419033657043,0.1331177450772468,0.1043575085124273,-1.0331725730535026,-0.015563091681439429,-0.08624864383335135,0.4132690292214011,True
100267,3,1.3545343191993178,0.1365977780002423,0.109270547494291,-0.18329522725054717,-0.010934593119068638,-0.08624864383335139,0.08624864383335139,True
100267,4,1.665510283975109,0.1403002679619489,0.1355748079776927,-0.2742818452270245,-0.015563091681439429,-0.08624864383335124,0.1097127380908098,True
100267,5,1.9996095412061226,0.28081829750036114,0.3213219095810512,-0.09075008399763468,-0.017871608922947896,-0.3291286198585753,0.3291286198585753,True
100268,1,0.7603510956571513,0.09116273386352716,0.0708969962728658,0.4290939844714271,-0.05414262393788765,-0.08624864383335126,0.17163759378857085,True
100268,2,0.9221511445042518,0.0945974196237673,0.0769091209457335,-0.8764453904201583,-0.015563091681439429,-0.0862486438333515,0.3505781561680633,True
100268,3,1.1842649019299365,0.2505162850248409,0.1907767919793893,-0.1832952272505468,-0.008627464406335586,-0.0862486438333513,0.0862486438333513,True
100268,4,1.6333107105177163,0.42951032202343953,0.3969728413269102,-0.3111417825353196,-0.008622512766741282,-0.3150432847503562,0.3150432847503562,True
100268,5,1.8445211915727768,0.43322810168652476,0.3575678344609222,-0.18329522725054706,-0.010283250909385963,-0.08624864383335133,0.08624864383335133,True
100269,1,0.25405541223044864,0.056396845178728165,0.0451050956880066,-0.1581391435908297,-0.013070914772483028,-0.11094063376393021,0.11094063376393021,True
100269,2,0.5420719813564492,0.1609267812127432,0.1195322815842284,-0.18329522725054698,-0.010962675643468716,-0.08624864383335139,0.08624864383335139,True
100269,3,0.7640257683302508,0.18472415893926783,0.2306591289390519,-0.2844990087995465,0.02285684542018261,-0.4191946618199779,0.4191946618199779,True
100269,4,1.0340538560159451,0.18913858490285326,0.1897602709924646,-0.18329522725054706,-0.02224459114542482,-0.08624864383335112,0.08624864383335112,True
100269,5,1.6570135932330803,0.19006968045888223,0.1692904966362354,-0.1375814127106459,-0.08513474747438877,-0.12388303731711729,0.12388303731711729,True
100270,1,0.26321269859673746,0.013187568404447353,0.0233743203298046,-0.1999956554639398,-0.015563091681438634,-0.0698563146115426,0.07999826218557592,True
100270,2,0.7498977869943918,0.02016024699439976,0.0288082521248224,-0.18329522725054698,-0.04047668219725706,-0.2625373110519339,0.2625373110519339,True
100270,3,1.0019820125529146,0.12372853445128604,0.1007179753756135,-0.1779476055759662,-0.010455143205798212,-0.09149760954388987,0.09149760954388987,True
100270,4,1.5832400572507461,0.12758999311463728,0.1055785157075125,-0.18329522725054698,-0.05402722343597939,-0.08624864383335128,0.08624864383335128,True
100270,5,2.1910593123806463,0.1443256706943468,0.1569305142158673,-0.48208919429352454,-0.03775401544943362,0.01414823203463112,0.1928356777174098,True
100271,1,0.18090118809590477,0.02054919274057285,0.1632328642654988,-0.10775739528883937,0.0012810483559269486,-0.2512569526986307,0.2512569526986307,True
100271,2,0.4270662224828138,0.03882957167034022,0.0943736319110235,-0.13880444124302949,-0.00993279715532208,-0.2778874961149048,0.2778874961149048,True
100271,3,0.7619661885631662,0.19717886602249088,0.1684228078539948,-0.19067461889177104,-0.00236474520205898,-0.2804537748631881,0.2804537748631881,True
100271,4,1.1356018646310913,0.21804157510791758,0.2097161348416962,-0.24545375287559637,-0.022647447686646373,-0.24116809783428267,0.24116809783428267,True
100271,5,1.3241240828270953,0.2326551477637033,0.2174310742326783,-0.2422000701276642,0.014983682464865066,-0.25125695269863063,0.25125695269863063,True
100272,1,0.7747326257084476,0.08925027193790026,0.2301872699907767,-0.34244403147512387,-0.05941564909459557,-0.4773612096148077,0.4773612096148077,True
100272,2,1.2702483302164924,0.10963509291929183,0.1995607713805844,-0.5336039397756106,-0.009932797155325261,-0.25125695269863035,0.25125695269863035,True
100272,3,1.3766405091993925,0.18035655755377053,0.3161070553727749,0.1843230221827513,-0.00993279715532208,-0.4463759755676821,0.4463759755676821,True
100272,4,1.6721885550892557,0.17359673038732265,0.25092550915303,-0.11598444659463458,-0.009932797155325261,-0.41046938022012786,0.41046938022012786,True
100272,5,2.16251573893139,0.21061864549500173,0.2668854700466615,-0.21917726538841814,-0.04330917386713513,-0.2249256171380322,0.2249256171380322,True
100273,1,0.5605216706886375,0.11876828656952008,0.1933093481242291,-0.2845719293220186,-0.02956861256723715,-0.4354901216253353,0.4354901216253353,True
100273,2,0.8737074847868528,0.2358953189783586,0.2253435543507354,-0.19067461889177087,-0.004987759718185742,-0.2512569526986306,0.2512569526986306,True
100273,3,1.1614513810167562,0.29590045866000614,0.3410968164542451,-0.16986425517750595,-0.0076251921206108,-0.2716833949952571,0.2716833949952571,True
100273,4,1.6200212045069973,0.3691073060620375,0.4968543199398447,-0.2412851708013809,-0.02665580747933391,-0.341829772787353,0.341829772787353,True
100273,5,1.9255870886339925,0.4620597692744276,0.4876673192088066,-0.19067461889177095,-0.006157066506548532,-0.25125695269863063,0.25125695269863063,True
100274,1,0.26749497630388885,0.13083338703600728,0.1201002515138892,-0.1272992026904044,-0.004547652887888893,-0.22582751155860725,0.22582751155860725,True
100274,2,0.6643750881902906,0.16419070679662653,0.3143388014348429,-0.2824667039286172,-0.00993279715532208,-0.4155283880004924,0.4155283880004924,True
100274,3,1.1506257971794442,0.1793565162075506,0.2424969954276119,-0.19067461889177115,-0.04990024936882498,-0.25125695269863024,0.25125695269863024,True
100274,4,1.1856574268763944,0.3001831927157004,0.2982924797443285,0.5040272328766976,-0.02893564822238953,-0.20013677746576614,0.20161089315067904,True
100274,5,1.473148531656652,0.39142625206125414,0.3964927607090664,-0.13313222091413088,-0.007076163865157811,-0.3864842219420524,0.3864842219420524,True
100275,1,0.22646148188317092,0.08361519118756935,0.2264614818831709,0.13151876427537798,-0.008853536182473599,-0.3963237302409946,0.3963237302409946,True
100275,2,0.8086989977927865,0.10360584402645989,0.1868414561751404,-0.19067461889177098,-0.04779287847023198,-0.6005461041018005,0.6005461041018005,True
100275,3,0.871708170944191,0.13198166334686828,0.1780599748976331,0.009514291261388292,0.011928585313525761,-0.3533083617932901,0.3533083617932901,True
100275,4,1.3128153897292507,0.19331194098842605,0.1983452575421299,-0.3245647680416658,-0.021901252244056126,-0.2485351023696694,0.2485351023696694,True
100275,5,1.5713092109733189,0.2619294037770183,0.3401325964203469,-0.3037923348637099,0.020420906746058766,-0.4536928114474514,0.4536928114474514,True
100276,1,0.2811566412315965,0.01947652091656824,0.0326182560964588,-0.17797735278695132,-0.009932797155325261,-0.26371997242169404,0.26371997242169404,True
100276,2,0.6830776056288322,0.12087169419460378,0.2104476657677113,-0.29575589336522984,0.02495765380105978,-0.43931076773262756,0.43931076773262756,True
100276,3,1.1078369600057842,0.19326198467423966,0.3470386363697453,-0.3261334135967488,0.0023683353338561316,-0.49526432692167893,0.49526432692167893,True
100276,4,1.5930594162994955,0.3779662917056462,0.4922434381359779,-0.36197193194912,0.010381270028204673,-0.43403590436177203,0.43403590436177203,True
100276,5,2.0412021207812927,0.39410401303494824,0.4271849782767752,-0.19067461889177115,0.03941695407048562,-0.2512569526986304,0.2512569526986304,True
100277,1,0.36517170367659746,0.04738143456314811,0.1124488163634154,-0.250128082353287,-0.00993279715532208,-0.35765507812055225,0.35765507812055225,True
100277,2,0.6587787011298611,0.07993092979096374,0.1255602855080493,-0.22369767094853982,-0.009932797155325261,-0.21884312867528186,0.21884312867528186,True
100277,3,1.2997538023829522,0.17945384607216702,0.306554912207121,-0.31764237950261054,-0.03761375676931101,-0.5433965268367034,0.5433965268367034,True
100277,4,2.0177617974669477,0.19443296037562646,0.24774223559609,-0.7214670042186625,-0.021271042097195575,-0.26549600778181165,0.288586801687465,True
100277,5,2.5633648677779446,0.21479039513941944,0.5800080753200176,-0.19067461889177104,-0.04459187145371287,-0.42424791810399914,0.42424791810399914,True
100278,1,0.3986086761450115,0.05853762205937229,0.1435078266203505,-0.27477766439653184,-0.00993279715532208,-0.401768056055517,0.401768056055517,True
100278,2,0.8104624050501156,0.12965801152053075,0.2540954677651554,-0.2424690529456289,0.03012580301687206,-0.48675123380739155,0.48675123380739155,True
100278,3,0.9927959475030488,0.1488865778814642,0.3957263979574482,-0.19067461889177126,-0.027522431599568426,-0.2512569526986303,0.2512569526986303,True
100278,4,1.301832662919979,0.24972418946623925,0.3359868057565444,-0.19067461889177093,-0.005115909260544838,-0.25125695269863074,0.25125695269863074,True
100278,5,1.5846268817027482,0.285308672541949,0.2958617557142373,-0.06015990253736987,-0.024590707744880598,-0.311453260860717,0.311453260860717,True
100279,1,0.30560545590553806,0.10087453704181165,0.077576565606195,-0.15317743677527373,0.01318820405919231,-0.29359259468264337,0.29359259468264337,True
100279,2,0.478702123416341,0.29247226642102436,0.3663730436282102,0.05775565626469986,-0.0032883237619889005,-0.48648026453712667,0.48648026453712667,True
100279,3,1.072372971874341,0.4265168087584892,0.4234764852578911,-0.24565269264601344,0.04930552919795173,-0.3237249934784622,0.3237249934784622,True
100279,4,1.322308548117873,0.45752625877327924,0.4644218176526974,-0.2608547151378652,-0.00993279715532208,-0.4155032319817975,0.4155032319817975,True
100279,5,1.4646483606572716,0.4716267859314035,0.4241115769665728,-0.19067461889177095,-0.01159786118074511,-0.2512569526986305,0.2512569526986305,True
100280,1,0.6600090529808775,0.16837995139591225,0.2074870553247161,-0.5801450323574504,-0.003514039043971524,-0.41959392218326136,0.41959392218326136,True
100280,2,1.0270748402878578,0.18169694059595984,0.1878891776504363,-0.19067461889177106,0.04109493961874731,-0.28743782957276,0.28743782957276,True
100280,3,1.4235466639234398,0.22743349260309073,0.3260638343854311,-0.4342610494404212,-0.014195791921955253,-0.47524862795174055,0.47524862795174055,True
100280,4,1.7089016313029777,0.2824548186886811,0.3848666180713946,-0.3117254073737034,-0.009932797155325261,-0.3352477461846913,0.3352477461846913,True
100280,5,2.029627559573857,0.306762075268691,0.3382360356346784,-0.3655018037070594,-0.009932797155325261,-0.23882443712630136,0.23882443712630136,True
100281,1,0.4437834998583266,0.1260838216440294,0.2052705911793685,-0.3289340427381778,-0.010808446963914184,-0.2824030011813775,0.2824030011813775,True
100281,2,0.9743765925105163,0.12296072797821106,0.1427109111814992,0.11208040729934912,-0.0749136575846896,-0.16848053959583686,0.16848053959583686,True
100281,3,1.115681921458936,0.12797991252070162,0.1367150894613772,0.45829542651814925,-0.0152901593809806,0.1751581084964526,0.1833181706072597,True
100281,4,1.3960406653483886,0.21510410683290837,0.1876917756597776,0.10695357280456103,-0.021285722016327367,-0.09082904991211477,0.09082904991211477,True
100281,5,1.1045914749828636,0.23612818444466038,0.2726214179358843,-0.5910038213770485,0.03324688056563121,-0.27576553777327784,0.27576553777327784,True
100282,1,0.190334021168988,0.007428505492253822,0.0142527164051888,-0.20506323316057481,0.0022036242264267102,-0.09082904991211473,0.09082904991211473,True
100282,2,0.5055684750241928,0.014857010984493955,0.0240644653178176,-0.31652398707851165,-0.015290159380979806,-0.09082904991211468,0.12660959483140466,True
100282,3,0.5345863259936166,0.02228551647674034,0.0323415652142655,0.07687860705774316,-0.01529015938097901,0.09518980133604622,0.09518980133604622,True
100282,4,0.9718150967893953,0.0981317972568807,0.2250184862349296,-0.3563976349120706,-0.01529015938097901,-0.36165762272738333,0.36165762272738333,True
100282,5,1.3523248207561862,0.14631527587548432,0.2715505109934999,-0.2950003258650033,-0.01529015938097583,-0.2517807844707379,0.2517807844707379,True
100283,1,0.3429641467908621,0.007428505492252657,0.0142527152676348,0.3263672109913269,-0.015290159380978215,-0.09082904991211459,0.13054688439653075,True
100283,2,0.34224054668278847,0.07227314513754905,0.0617125995226386,-0.20506323316057481,-0.012339892434113134,-0.09082904991211473,0.09082904991211473,True
100283,3,0.5816654092346394,0.08278154248394272,0.0981905188052893,-0.2643880588188416,-0.025341186503281824,0.016815735959763208,0.10575522352753663,True
100283,4,0.8780742049294746,0.10467325516413319,0.1462768075283407,-0.25874806054852684,-0.01529015938097901,-0.18690360411154897,0.18690360411154897,True
100283,5,1.17733339599474,0.19198774210455463,0.182929559863398,-0.22399354352020093,-0.011234496799560463,-0.07224797667728844,0.08959741740808037,True
100284,1,1.2022457306820105,0.10623177477225892,0.3511349712884,-1.0496920451063616,-0.05276057936403327,-0.10405186473818147,0.4198768180425446,True
100284,2,1.6641039627242786,0.10967802734445276,0.1927879610906252,-0.20506323316057454,-0.0390555888431726,-0.09082904991211463,0.09082904991211463,True
100284,3,1.9456956236242808,0.11671923304321556,0.2687835787369211,-0.24054830804014324,-0.01529015938097901,-0.05599862386232363,0.09621932321605729,True
100284,4,2.255237110369805,0.12091472417439315,0.1814499205708946,-0.25945210609249125,-0.01529015938097901,-0.09082904991211474,0.1037808424369965,True
100284,5,2.4055393907231943,0.16439693712931253,0.1724760554919291,-0.20506323316057473,0.0011276078450730464,-0.05339113281538079,0.08202529326422989,True
100285,1,0.3510732287041634,0.037204645016440725,0.0973518044362209,-0.2708103106769618,-0.01529015938097901,-0.20849024898155846,0.20849024898155846,True
100285,2,0.7328967505320552,0.04456378644595339,0.0738645372839027,-0.2050632331605748,-0.033744969589690914,-0.09082904991211464,0.09082904991211464,True
100285,3,1.3853899526843994,0.09537322713852185,0.1854645979370951,-0.30078527317582526,-0.04836841768500853,-0.45919009361684393,0.45919009361684393,True
100285,4,1.6440587576017736,0.10273177503000609,0.1430031734711764,-0.20506323316057473,-0.015084086016750901,-0.09082904991211471,0.09082904991211471,True
100285,5,2.3436796655195096,0.13024570806854815,0.145953106494951,-1.220635226892206,0.024113436133037548,0.008709957208929631,0.4882540907568824,True
100286,1,0.3922311686909813,0.0684306217176133,0.0549871517579936,-0.2050632331605747,-0.01234179243339973,-0.38062440303883377,0.38062440303883377,True
100286,2,0.8256796760326909,0.10361080868239028,0.2151895358468215,-0.33665934911379486,-0.01529015938097901,-0.3263339176695931,0.3263339176695931,True
100286,3,0.5878188089642997,0.10956133922537775,0.1578596214208157,0.6660071678614488,-0.015290159380982191,-0.0739257395833269,0.2664028671445795,True
100286,4,0.9088590049798797,0.28089694377973884,0.2365407033868357,0.48210508707592187,-0.0072577051054869305,-0.09547366338449034,0.19284203483036874,True
100286,5,0.933801485586469,0.3803921395815599,0.3493902892063734,-0.4676042915815696,-0.011559128132328369,-0.1124554332716561,0.18704171663262784,True
100287,1,0.24729029317841053,0.13899151591918008,0.2472902931784105,-0.001522664728984355,-0.010240401787777843,-0.28860439701842505,0.28860439701842505,True
100287,2,0.674586526186765,0.186050090135731,0.3728742965559862,-0.35051075836598905,-0.01529015938097583,-0.351122447943179,0.351122447943179,True
100287,3,0.9928732923314915,0.19259033136801537,0.2873408577361278,-0.25086490354423996,-0.01529015938097901,-0.17983761691075947,0.17983761691075947,True
100287,4,1.060419770364154,0.19384211947140503,0.2492703749035481,0.08652016336735373,-0.015290159380979806,-0.10900310040105862,0.10900310040105862,True
100287,5,1.3312850861804637,0.20636229408793044,0.2489979925543254,-0.21800505232856682,-0.015290159380979806,-0.11398977460084796,0.11398977460084796,True
100288,1,0.3415314758388127,0.1590757450214275,0.1198320456343354,-0.2050632331605748,-0.008226256272824072,-0.16439426853607714,0.16439426853607714,True
100288,2,0.6610887881454491,0.16253750126900307,0.1258824070913249,-0.29772562053279517,-0.01529015938097901,-0.09082904991211474,0.11909024821311806,True
100288,3,1.0132467753855123,0.16879844449814857,0.142899287058408,-0.23527760284234123,-0.01529015938097901,-0.3050638942738988,0.3050638942738988,True
100288,4,2.1365563723818743,0.17273724433255075,0.3815895591478256,-1.45077922815739,-0.01529015938097901,-0.0908290499121148,0.580311691262956,True
100288,5,2.190383238066085,0.17681386212107036,0.248446172668992,0.0836100310912878,-0.01529015938097901,-0.09082904991211434,0.09082904991211434,True
100289,1,0.4830135184704087,0.13994077881909162,0.2450388332780791,-0.3369226687966354,-0.01037445033528922,-0.3640063657624979,0.3640063657624979,True
100289,2,0.6611797154521878,0.14727967612233034,0.1922237724906882,-0.11024433678243371,-0.015290159380979806,-0.0699287466178021,0.0699287466178021,True
100289,3,1.1558762768323563,0.21728661760616708,0.3901854081047183,-0.38452671340668754,-0.01529015938097901,-0.41199751963869763,0.41199751963869763,True
100289,4,1.5394410092581725,0.2779285711100808,0.4116569916196088,-0.28612800602394767,-0.016462531598788882,-0.216511697145453,0.216511697145453,True
100289,5,1.777429651940285,0.3475744756396741,0.4890572936621948,-0.1765769712232723,-0.012401900588636546,-0.03854852258688809,0.07063078848930891,True
100290,1,0.506397860201204,0.13386708713544984,0.3181274370913218,-0.42890378955255964,0.006584379624921774,-0.4515337367015245,0.4515337367015245,True
100290,2,1.0890812929753324,0.14081870242937816,0.2208342488235797,-0.7515041107130747,-0.015290159380978613,-0.06226214516559929,0.30060164428522984,True
100290,3,1.3315866170233672,0.13389717156067193,0.1728512598529023,-0.16740480320365084,-0.01529015938097901,-0.1277927357495396,0.1277927357495396,True
100290,4,1.6147658754081267,0.20264873326893953,0.2018071533361146,-0.21748993650962783,-0.011705230196218785,-0.0786316014493217,0.08699597460385114,True
100290,5,1.9574508884445843,0.2081063493930028,0.1956135812483964,-0.3324186317816509,-0.01529015938097901,-0.09082904991211466,0.13296745271266036,True
100291,1,0.39228441441527806,0.16559519707870152,0.2193805677671177,-0.23576453206630546,-0.0041488371614623485,-0.3373672802857146,0.3373672802857146,True
100291,2,0.5126035367905606,0.172827818512589,0.1798261988893855,-0.12898727225874904,0.004696255890761475,-0.14627832398685495,0.14627832398685495,True
100291,3,0.7351340144514066,0.24899293347957765,0.2111093718345299,-0.1289872722587489,-0.007243710241396733,-0.14627832398685509,0.14627832398685509,True
100291,4,1.2826633164067687,0.2564134651919947,0.2118630711235881,-0.27610438614914024,-0.05910962755405059,-0.14627832398685525,0.14627832398685525,True
100291,5,1.586974422891276,0.35821643204151016,0.3399277850255848,-0.24444209254039886,0.005817739596536793,-0.35289667275376635,0.35289667275376635,True
100292,1,0.16140579372331954,0.11664865595374471,0.1614057937233195,0.045062755381465834,-0.00578682837331176,-0.13340667890997368,0.13340667890997368,True
100292,2,0.5959659646233151,0.12606845973300967,0.1485347939610206,0.43778069939439535,-0.022766943693338967,-0.2137534668869586,0.2137534668869586,True
100292,3,0.5993439227934456,0.13824038976506586,0.1569554563634203,-0.14692737371482328,-0.010472672849866072,-0.1783839920786884,0.1783839920786884,True
100292,4,0.4782226535018999,0.2958780132014064,0.4030303658354475,-0.12898727225874895,0.020573002409266912,-0.14627832398685497,0.14627832398685497,True
100292,5,0.6981894505830023,0.32073837044419445,0.4041151326546587,0.20913562702509095,-0.010472672849864481,-0.2912847134459217,0.2912847134459217,True
100293,1,0.664048992979884,0.011963455900778193,0.0229537734004274,-0.12898727225874895,-0.06325045208342733,-0.14627832398685503,0.14627832398685503,True
100293,2,0.8148014621024178,0.02392691180156446,0.0387553611830117,-0.09044324183404101,-0.010472672849864481,-0.14627832398685509,0.14627832398685509,True
100293,3,0.9257960765342728,0.08425459508710896,0.090481092672956,0.49635139024852065,-0.007678025747689849,-0.12987759818541864,0.19854055609940827,True
100293,4,0.7324865424878358,0.09315774835627108,0.0983917645590787,-0.12898727225874898,0.018797064493124724,-0.14627832398685509,0.14627832398685509,True
100293,5,1.31263522688464,0.10717546376208648,0.1282002192290103,0.9042034766100013,-0.010472672849864481,-0.10766592656982904,0.3616813906440005,True
100294,1,0.19966936888628906,0.010800551793605298,0.0152949996592865,-0.11346536755231118,-0.010472672849864481,-0.16151387177319412,0.16151387177319412,True
100294,2,0.38328378016436193,0.023060577523322644,0.0369380619607609,-0.13493830801742257,-0.010472672849866867,-0.08590707765124855,0.08590707765124855,True
100294,3,0.6258049791625846,0.045422354815534575,0.0838140303686032,-0.15782585537652485,-0.010472672849866072,-0.19788795284458807,0.19788795284458807,True
100294,4,0.8498927479893127,0.18842433568705247,0.153934189019026,-0.09609690875461582,-0.0031379189554057653,-0.17856190737140237,0.17856190737140237,True
100294,5,1.0086006383875852,0.19600356840809954,0.1623499997426453,-0.1289872722587489,-0.002885830036194416,-0.14627832398685514,0.14627832398685514,True
100295,1,0.3432977838577467,0.058641465520815964,0.1531293090301382,-0.23206148604897714,-0.010472672849864481,-0.33074029622700013,0.33074029622700013,True
100295,2,0.8431520790985436,0.1731381921045869,0.2888585714759424,-0.2644559178930708,-0.031714943913236204,-0.27073800248741187,0.27073800248741187,True
100295,3,0.9898344815915289,0.18372599986320115,0.2213116416807847,-0.12898727225874904,-0.0014199681968558146,-0.14627832398685475,0.14627832398685475,True
100295,4,1.256041298155024,0.21675799572227364,0.2538488811466816,-0.17882509034566554,-0.010472672849864481,-0.2354682569333023,0.2354682569333023,True
100295,5,1.4760038158608846,0.27107683385855375,0.2577103887904442,-0.12898727225874895,-0.007155904925876217,-0.1462783239868549,0.1462783239868549,True
100296,1,0.21390137119331504,0.01196345590078627,0.0229537059303029,-0.14329478106438193,-0.010472672849864481,-0.14627832398685503,0.14627832398685503,True
100296,2,0.9630078395911665,0.06433707220531155,0.1650430119192496,-0.4952613937989804,-0.04985729406278672,-0.32736973755034837,0.32736973755034837,True
100296,3,0.8764904144554673,0.13036465720591722,0.1587397554749303,0.3352404476240453,-0.006455500451708072,-0.1462783239868548,0.1462783239868548,True
100296,4,0.9917560060475447,0.34534790213274125,0.2747778746114784,0.7321011285207315,-0.00036698121242109786,-0.21112481253713228,0.2928404514082926,True
100296,5,1.5362411853460685,0.35720314685004284,0.3522336765850523,0.07071535554402061,-0.054202310719803436,-0.1585523856589961,0.1585523856589961,True
100297,1,0.19459679223312162,0.010247202338814168,0.0127203530196061,-0.0947538445080236,-0.010472672849864481,-0.17988019400542568,0.17988019400542568,True
100297,2,0.5373834460520379,0.12624001219004807,0.1941279791153794,-0.3316945821977279,0.01107370664964914,-0.32510083705520854,0.32510083705520854,True
100297,3,0.9357696035121621,0.24052567576708014,0.3612657298170633,-0.23643105686739097,-0.006757922068412404,-0.41339021376464075,0.41339021376464075,True
100297,4,1.131456709649102,0.24884938607975562,0.3212824844370869,-0.12658702893804255,-0.010472672849867663,-0.14863428625457167,0.14863428625457167,True
100297,5,1.3452986078862137,0.26255821797157564,0.2991636056624872,-0.14816497095572298,-0.010472672849864481,-0.1579059681172769,0.1579059681172769,True
100298,1,0.37535078213841006,0.06937126651990987,0.1840669999939395,-0.2556933198452536,-0.010472672849864481,-0.37303190835206634,0.37303190835206634,True
100298,2,0.8690274182014998,0.07672061780951653,0.1312128579110659,-0.42602689393074517,-0.024716237528186975,-0.15826988096283276,0.17041075757229807,True
100298,3,1.0865407372710518,0.25244017460212503,0.2182157856135958,-0.10779045028485902,0.004329982877888582,-0.16708409494148393,0.16708409494148393,True
100298,4,1.9797494018936148,0.28814692757328103,0.3498298454533881,-0.7430367128094325,-0.04854582311977451,-0.3622855728182076,0.3622855728182076,True
100298,5,2.207304784367974,0.3807280595797534,0.3510816010432674,-0.12898727225874904,-0.00640379943864903,-0.1462783239868547,0.1462783239868547,True
100299,1,0.28586220972947207,0.011963455900776056,0.0229537214539652,-0.1289872722587489,0.022967991419259724,-0.10237688073531243,0.10237688073531243,True
100299,2,0.669721006259391,0.023926911801562346,0.0387553352097833,-0.4388358787304972,-0.010472672849864481,-0.40861321109465254,0.40861321109465254,True
100299,3,0.7820055310930452,0.11567144032109664,0.103660081080528,-0.12898727225874898,-0.006092982319547203,-0.1462783239868549,0.1462783239868549,True
100299,4,1.023085200227301,0.17356246325259264,0.2033476556681237,-0.18430076486727698,-0.0010990871944290919,-0.293695548192295,0.293695548192295,True
100299,5,1.2652748422151059,0.18203827824600377,0.1814638394178227,-0.12898727225874904,0.01870498513475617,-0.14627832398685478,0.14627832398685478,True
100300,1,0.6677610344325812,0.011963455900786285,0.022953705930303,-0.7932666988811533,-0.010472672849864481,-0.1462783239868553,0.31730667955246133,True
100300,2,1.1232081335842983,0.11326998893802098,0.1695878466830415,-0.1965130975685365,-0.031310685172604505,-0.3246423025806934,0.3246423025806934,True
100300,3,1.3811268593162085,0.12201999939460914,0.140038988040679,-0.1684705682175304,-0.010472672849869254,-0.2239415540662544,0.2239415540662544,True
100300,4,0.7269954234243583,0.18792943512184973,0.2032996073895179,1.0767946579032286,0.0012382010778012494,-0.06292490985089291,0.43071786316129146,True
100300,5,1.030939297562922,0.22473903940328083,0.290403521002092,-0.2243847488601118,-0.010472672849864481,-0.31700198059832824,0.31700198059832824,True
