assembly_index,component_index,method,pre_quality,post_quality,z_adj_mm,theta_adj_deg,locator_offset_mm,applied_delta_z_mm,applied_delta_theta_deg,applied_delta_locator_mm,utilization,reference_success,reference_evaluations
1,1,ZERO,0.25233803826598694,0.25233803826598694,0.0,0.0,0.0,0.0,0.0,0.0,0.0,,0
1,1,LSQ,0.25233803826598694,0.04857445165259054,0.3046070312623701,0.00028404353199933076,0.009442440914718273,0.0,0.0,0.0,0.12184281250494804,,0
1,1,LSQ_PLUS_ML_THETA,0.25233803826598694,0.052735115722434694,0.3046070312623701,-0.0003781266297746014,0.009442440914718273,0.0,-0.0006621701617739322,0.0,0.12184281250494804,,0
1,1,LSQ_PLUS_ML_Z_THETA,0.25233803826598694,0.057492736116136575,0.2725802527779543,-0.0003781266297746014,0.009442440914718273,-0.03202677848441582,-0.0006621701617739322,0.0,0.10903210111118171,,0
1,1,LSQ_PLUS_ML_ALL,0.25233803826598694,0.059758984257039405,0.2725802527779542,-0.0003781266297746015,-0.021022218714677104,-0.032026778484415874,-0.0006621701617739323,-0.030464659629395378,0.1090321011111817,,0
1,1,DIRECT_NONLINEAR_REFERENCE,0.25233803826598694,0.029749988265146056,0.2984198221355093,0.002461806278753212,-0.01585217413754653,-0.006187209126860771,0.002177762746753881,-0.025294615052264803,0.11936792885420373,False,643
1,2,ZERO,0.6491351253990911,0.6491351253990911,0.0,0.0,0.0,0.0,0.0,0.0,0.0,,0
1,2,LSQ,0.8022713066778677,0.141113554621652,-0.42765962045527617,-0.05776321373706364,0.1640349357756832,0.0,0.0,0.0,0.17106384818211046,,0
1,2,LSQ_PLUS_ML_THETA,0.7963073753490381,0.13605661072179004,-0.42765962045527617,-0.05612268682038733,0.16403493577568318,0.0,0.0009409396993851626,0.0,0.17106384818211046,,0
1,2,LSQ_PLUS_ML_Z_THETA,0.776406159259999,0.11655157941308991,-0.35119868071160426,-0.055483581503423446,0.164034935775683,0.04265234716936983,0.0015800797094186608,0.0,0.164034935775683,,0
1,2,LSQ_PLUS_ML_ALL,0.7732651523293312,0.12077289297635721,-0.35537628524802417,-0.0557816147188775,0.15041903222768738,0.038474742632949865,0.0012820464939646073,-0.045775468576560646,0.15041903222768738,,0
1,2,DIRECT_NONLINEAR_REFERENCE,0.8155814338055463,0.19452281319441866,-0.5110550478633249,-0.053824743009013076,0.3180353131580449,-0.08992686273938655,0.0062392479203074655,0.1272984930501006,0.3180353131580449,False,731
1,3,ZERO,0.3134948062132562,0.3134948062132562,0.0,0.0,0.0,0.0,0.0,0.0,0.0,,0
1,3,LSQ,0.8352461507613267,0.18695410564069131,0.26960826713860264,0.07590744012286313,0.10137064325223115,0.0,0.0,0.0,0.10784330685544105,,0
1,3,LSQ_PLUS_ML_THETA,0.825693675914578,0.15197664479921133,0.2694829457571901,0.07097017776367043,0.1014187120522022,0.0,-0.003814279062451409,0.0,0.10779317830287605,,0
1,3,LSQ_PLUS_ML_Z_THETA,0.7916814706167543,0.14723530575232704,0.22766349825412246,0.06968331828139168,0.10169020584944428,0.009203567061748685,-0.004317996437890659,0.0,0.10169020584944428,,0
1,3,LSQ_PLUS_ML_ALL,0.8020746551854555,0.15284095760724664,0.24295079992125562,0.07030284773294115,0.08942365962349484,0.01989468492689736,-0.004025385978682253,-0.05940662975042178,0.09718031996850225,,0
1,3,DIRECT_NONLINEAR_REFERENCE,0.8188633463204564,0.12835238716571046,0.3085426748949194,0.06396515867831515,0.024942188097536892,-0.05984176037291672,-0.005327273654215342,0.0668085902898288,0.12341706995796775,False,931
1,4,ZERO,0.5289308010687505,0.5289308010687505,0.0,0.0,0.0,0.0,0.0,0.0,0.0,,0
1,4,LSQ,0.28539612856441166,0.15160393392337748,0.23409022950638425,0.01410782323895599,-0.3980607163406468,0.0,0.0,0.0,0.3980607163406468,,0
1,4,LSQ_PLUS_ML_THETA,0.31540231489551246,0.1497957219346559,0.234224059471279,0.01789308598908445,-0.39801898512380235,0.0,-0.0005127926717255725,0.0,0.39801898512380235,,0
1,4,LSQ_PLUS_ML_Z_THETA,0.3203266306890026,0.1587498508494177,0.20477247947301036,0.018820063750195664,-0.3976880362792067,-0.024816683836556414,-0.00045854154933644073,0.0,0.3976880362792067,,0
1,4,LSQ_PLUS_ML_ALL,0.31088020129362437,0.15497671422433698,0.1949067448968376,0.01820441072542248,-0.31048307817251997,-0.02255565046498645,-0.0006925768550658483,0.026774972854777923,0.31048307817251997,,0
1,4,DIRECT_NONLINEAR_REFERENCE,0.35726442562940425,0.1337081393012428,0.29110069839131786,0.017633748917556775,-0.43358710321104477,0.001665343500469929,-0.002685961679134378,0.024430289771109337,0.43358710321104477,False,1155
1,5,ZERO,0.6208021592818853,0.6208021592818853,0.0,0.0,0.0,0.0,0.0,0.0,0.0,,0
1,5,LSQ,0.6136980856957428,0.13332478421824803,0.4499715064945397,-0.04596867875171451,-0.2640540584198095,0.0,0.0,0.0,0.2640540584198095,,0
1,5,LSQ_PLUS_ML_THETA,0.6114363634854485,0.11130897958677434,0.4496494002700301,-0.04326469410306068,-0.2635228859478597,0.0,0.0024453578834601683,0.0,0.2635228859478597,,0
1,5,LSQ_PLUS_ML_Z_THETA,0.6300275725621166,0.10225666142067859,0.4381871399905423,-0.0438914767961581,-0.2634991797578967,-0.03806683638496139,0.00193093222768171,0.0,0.2634991797578967,,0
1,5,LSQ_PLUS_ML_ALL,0.623227914398106,0.10026885850292738,0.44247427087229585,-0.043204117978762197,-0.28498319420017165,-0.03239509293102266,0.0023203560945896998,0.011089882014219898,0.28498319420017165,,0
1,5,DIRECT_NONLINEAR_REFERENCE,0.5879465209254028,0.07297602371399509,0.3817898875462877,-0.0362670728460337,-0.2327175089609831,-0.06089642766219905,0.007365675465166553,0.05036626523338761,0.2327175089609831,False,663
1,6,ZERO,0.6980546149139801,0.6980546149139801,0.0,0.0,0.0,0.0,0.0,0.0,0.0,,0
1,6,LSQ,0.27783293719335633,0.21427703307577695,-0.1839149201140273,-0.017706595413818343,0.07201659832687492,0.0,0.0,0.0,0.07356596804561091,,0
1,6,LSQ_PLUS_ML_THETA,0.3001979681323513,0.19446222171256336,-0.18381912693308305,-0.01729975733627028,0.07193021989776086,0.0,0.003100995198743,0.0,0.07352765077323323,,0
1,6,LSQ_PLUS_ML_Z_THETA,0.27515719108527936,0.21127016543251226,-0.09731344510859297,-0.01661162809306821,0.07237454684998701,0.04817068674504629,0.0031457139400667515,0.0,0.07237454684998701,,0
1,6,LSQ_PLUS_ML_ALL,0.2823520040230785,0.20726088577986707,-0.10056529014363749,-0.016915676289106264,-0.003265828439439733,0.0508736675070183,0.0033031583330952845,-0.0664151680835465,0.040226116057455,,0
1,6,DIRECT_NONLINEAR_REFERENCE,0.31685437751679224,0.2685045967770021,-0.07286113604686867,-0.0033301021916324557,-0.18138787529650036,0.04350663045018795,0.022678322122812334,-0.19988711755748234,0.18138787529650036,False,1011
1,7,ZERO,0.9404509744161902,0.9404509744161902,0.0,0.0,0.0,0.0,0.0,0.0,0.0,,0
1,7,LSQ,0.6818725963348052,0.42137424768134685,0.43067395364721156,0.006649407048551206,0.04995390460070598,0.0,0.0,0.0,0.17226958145888463,,0
1,7,LSQ_PLUS_ML_THETA,0.6609866249242234,0.3986679276925607,0.43097886788577006,0.007044664977640154,0.049837980024771966,0.0,0.003494931618608331,0.0,0.17239154715430802,,0
1,7,LSQ_PLUS_ML_Z_THETA,0.6263360915998777,0.4149851733132289,0.3271464614426219,0.006925575885313444,0.05007354688638053,-0.049155729334525666,0.003526292923430189,0.0,0.13085858457704874,,0
1,7,LSQ_PLUS_ML_ALL,0.6331323887815584,0.4145517456799505,0.322255118332711,0.0069264768906113,0.13783586583309856,-0.051646079191839334,0.0036504498142934418,0.016248903275237703,0.13783586583309856,,0
1,7,DIRECT_NONLINEAR_REFERENCE,0.578444220034458,0.315787261774044,0.2879526752208945,0.00433289878735648,0.4167726603729008,-0.0914796085975993,0.021351828787344995,0.14943514373390016,0.4167726603729008,False,575
1,8,ZERO,1.4823227162802508,1.4823227162802508,0.0,0.0,0.0,0.0,0.0,0.0,0.0,,0
1,8,LSQ,0.9677392419532298,0.5552174745958456,0.31174487942677226,0.04154453762261298,-0.04900847838334388,0.0,0.0,0.0,0.1246979517707089,,0
1,8,LSQ_PLUS_ML_THETA,0.9420996533184874,0.5360295147136194,0.31198549988275837,0.04109479260374684,-0.0489645933616802,0.0,0.003083203308921499,0.0,0.12479419995310334,,0
1,8,LSQ_PLUS_ML_Z_THETA,0.9720644126895539,0.5104847752116919,0.3248058535471138,0.04256691533922854,-0.0488626055843132,-0.04812825228371881,0.004554359130823991,0.0,0.1299223414188455,,0
1,8,LSQ_PLUS_ML_ALL,0.9707226610806774,0.5114723845843341,0.3266516804700282,0.042313605954220526,-0.06240198060731415,-0.049209963180477434,0.0044266414737904256,0.011782947970115268,0.13066067218801128,,0
1,8,DIRECT_NONLINEAR_REFERENCE,0.8564127137974729,0.4115372492868851,0.3532245278174446,0.04500258841446487,-0.16982805982048613,-0.0647694533903766,0.024565057159674088,0.06814814206320147,0.16982805982048613,False,975
1,9,ZERO,1.5991729541601276,1.5991729541601276,0.0,0.0,0.0,0.0,0.0,0.0,0.0,,0
1,9,LSQ,0.5692616568949496,0.3634423880529943,0.07088525847938454,0.0290877451060247,-0.22944725206059574,0.0,0.0,0.0,0.22944725206059574,,0
1,9,LSQ_PLUS_ML_THETA,0.5468829679502644,0.3386170618473231,0.07105364363145403,0.02991009536872692,-0.22948289715308945,0.0,0.0038286486593187147,0.0,0.22948289715308945,,0
1,9,LSQ_PLUS_ML_Z_THETA,0.5304736439788854,0.33975880112055445,0.10151068829833422,0.027626581348985872,-0.22938270100124591,-0.015489727538556264,0.0032817053718801024,0.0,0.22938270100124591,,0
1,9,LSQ_PLUS_ML_ALL,0.5318590797690002,0.3362293803812594,0.09336656688134629,0.02793525894693477,-0.22404602827465192,-0.024500284789195387,0.003434131534812458,0.015567898602450808,0.22404602827465192,,0
1,9,DIRECT_NONLINEAR_REFERENCE,0.39272956210283894,0.26660309907773894,0.11953707309094044,0.021571896396871924,-0.1668592634027737,-0.011545693502628379,0.017433916247304435,0.11714942476375037,0.1668592634027737,False,855
1,10,ZERO,1.6154689821254855,1.6154689821254855,0.0,0.0,0.0,0.0,0.0,0.0,0.0,,0
1,10,LSQ,1.0216363959317885,0.24586219927739209,0.3723106727371973,-0.0924388364037313,0.14798144932711166,0.0,0.0,0.0,0.14892426909487894,,0
1,10,LSQ_PLUS_ML_THETA,1.0560074916392612,0.2103199150246492,0.3723701876307099,-0.0913622501069922,0.14774822557359799,0.0,0.004940992630900198,0.0,0.14894807505228397,,0
1,10,LSQ_PLUS_ML_Z_THETA,1.056103521820759,0.20302598248348616,0.3650429132987172,-0.09078774373707155,0.14722374216314435,-0.020619221737336157,0.0047263810107635446,0.0,0.14722374216314435,,0
1,10,LSQ_PLUS_ML_ALL,1.0611478361334044,0.19997952526908452,0.37551642808306535,-0.09071990849790236,0.06556101506695015,-0.019781194432981097,0.004971630443570921,-0.06569497242912346,0.15020657123322614,,0
1,10,DIRECT_NONLINEAR_REFERENCE,1.1612756777223123,0.24497027225344223,0.3432082135212966,-0.10631248327181865,-0.09835599383458926,-0.037916466712830776,0.0027397106054672243,-0.12247061027209827,0.13728328540851864,False,711
2,1,ZERO,0.6762977689324448,0.6762977689324448,0.0,0.0,0.0,0.0,0.0,0.0,0.0,,0
2,1,LSQ,0.6762977689324448,0.11084753473780082,0.2622979792980609,0.05919463341289188,-0.05024629753231019,0.0,0.0,0.0,0.10491919171922437,,0
2,1,LSQ_PLUS_ML_THETA,0.6762977689324448,0.08499054388001849,0.2622979792980609,0.05576168411780778,-0.05024629753231019,0.0,-0.0034329492950840937,0.0,0.10491919171922437,,0
2,1,LSQ_PLUS_ML_Z_THETA,0.6762977689324448,0.0770021121861891,0.24236049678962046,0.05576168411780778,-0.05024629753231019,-0.019937482508440463,-0.0034329492950840937,0.0,0.09694419871584818,,0
2,1,LSQ_PLUS_ML_ALL,0.6762977689324448,0.0777380874128412,0.24236049678962046,0.05576168411780778,-0.08520469684067836,-0.019937482508440463,-0.0034329492950840937,-0.034958399308368165,0.09694419871584818,,0
2,1,DIRECT_NONLINEAR_REFERENCE,0.6762977689324448,0.047648998553654884,0.24745346771952767,0.05133854447587213,-0.0747620607795202,-0.014844511578533254,-0.007856088937019744,-0.024515763247210012,0.09898138708781107,False,843
2,2,ZERO,1.462074799837681,1.462074799837681,0.0,0.0,0.0,0.0,0.0,0.0,0.0,,0
2,2,LSQ,0.762991799924224,0.13019836455873712,0.563646822434067,0.037049588168021126,0.19974049513173506,0.0,0.0,0.0,0.22545872897362682,,0
2,2,LSQ_PLUS_ML_THETA,0.7884863428171515,0.14338589267465146,0.563646822434067,0.03840794168371531,0.19974049513173486,0.0,-0.0023907109103897053,0.0,0.22545872897362682,,0
2,2,LSQ_PLUS_ML_Z_THETA,0.8035844649211006,0.1268782147640271,0.5407995608035903,0.038281062000119076,0.1997404951317348,-0.04460564728938354,-0.0025207755146441357,0.0,0.2163198243214361,,0
2,2,LSQ_PLUS_ML_ALL,0.8091073653209998,0.12913629675166483,0.5450949698556834,0.03787076729151474,0.19184653490790549,-0.0403102382372903,-0.0029310702232484692,-0.046045132712508346,0.21803798794227336,,0
2,2,DIRECT_NONLINEAR_REFERENCE,0.8364896283967567,0.12020397862636485,0.5688465263982461,0.044836078265862056,0.08145672025754278,-0.011000566441429882,-0.0007951905521822317,-0.1450385786077838,0.22753861055929842,False,399
2,3,ZERO,2.0032874164436327,2.0032874164436327,0.0,0.0,0.0,0.0,0.0,0.0,0.0,,0
2,3,LSQ,0.9692469871342857,0.12331211661915531,-0.3906785871039765,0.07965569567499894,0.2903741362123651,0.0,0.0,0.0,0.2903741362123651,,0
2,3,LSQ_PLUS_ML_THETA,0.9903506985247418,0.11001338839725512,-0.39117918874483604,0.07925457101720387,0.29019673714679944,0.0,-0.002620664287650523,0.0,0.29019673714679944,,0
2,3,LSQ_PLUS_ML_Z_THETA,0.9700949930497648,0.10066732946429656,-0.3189595506667462,0.0788814478397053,0.2899823631740566,0.02590575340925616,-0.003098186557534535,0.0,0.2899823631740566,,0
2,3,LSQ_PLUS_ML_ALL,0.9733768002107874,0.10127830676158196,-0.32495451775499506,0.07928551069427722,0.28585983180183305,0.024721643153115702,-0.0031405309642183327,-0.05093853828582473,0.28585983180183305,,0
2,3,DIRECT_NONLINEAR_REFERENCE,0.956197359490688,0.07520919951081262,-0.34137816989541375,0.07353866473318348,0.40249194435596525,0.04046291532633345,-0.005996106663068976,-0.04442862807791392,0.40249194435596525,False,551
2,4,ZERO,1.0504526341981533,1.0504526341981533,0.0,0.0,0.0,0.0,0.0,0.0,0.0,,0
2,4,LSQ,1.1837744469038822,0.34649532377840303,-0.25160370480917427,-0.11319805967090511,0.2287815075264475,0.0,0.0,0.0,0.2287815075264475,,0
2,4,LSQ_PLUS_ML_THETA,1.1595328976714518,0.2928206134041085,-0.25124301851238295,-0.10394699571799819,0.22857484715502024,0.0,0.006648031860729278,0.0,0.22857484715502024,,0
2,4,LSQ_PLUS_ML_Z_THETA,1.1650285535254752,0.2823491481788706,-0.2450151729976591,-0.1034102453574068,0.22912158605645383,0.04078153546729826,0.006540084480891675,0.0,0.22912158605645383,,0
2,4,LSQ_PLUS_ML_ALL,1.1644116947873164,0.2872561835487457,-0.24436507555890286,-0.10375550531646971,0.1995533688960205,0.039474112847622145,0.006223022915111287,-0.08085979447539782,0.1995533688960205,,0
2,4,DIRECT_NONLINEAR_REFERENCE,1.137225615953903,0.18667703997784693,-0.28721159199874113,-0.08587298342344411,0.33380750322869823,0.010462216465333407,0.020638190175756424,0.07288395912581264,0.33380750322869823,False,579
2,5,ZERO,1.624815098912471,1.624815098912471,0.0,0.0,0.0,0.0,0.0,0.0,0.0,,0
2,5,LSQ,1.0528111692911974,0.24733889633021525,-0.4987801262924747,0.06952596354983914,0.28293316046618244,0.0,0.0,0.0,0.28293316046618244,,0
2,5,LSQ_PLUS_ML_THETA,0.9860679662173797,0.25104721070498226,-0.4989932067270369,0.06207530912160958,0.283112715449577,0.0,0.0003502036710718026,0.0,0.283112715449577,,0
2,5,LSQ_PLUS_ML_Z_THETA,1.011831161100663,0.23898201137468836,-0.5005659790212307,0.06195302642811279,0.2828172765974082,0.03969014165743934,7.609982630070455e-05,0.0,0.2828172765974082,,0
2,5,LSQ_PLUS_ML_ALL,1.006164997069428,0.24497185045972175,-0.5010468485067254,0.0617984880436664,0.30994039547481855,0.03799361517627753,-0.00042982944747812363,-0.05723936871645291,0.30994039547481855,,0
2,5,DIRECT_NONLINEAR_REFERENCE,0.8624872384740956,0.21322450559876657,-0.4817110508594093,0.05180854801760891,0.24572886284302056,0.02338027934211867,0.006138600445992709,0.04799567275149633,0.24572886284302056,False,1239
2,6,ZERO,1.6372763132017143,1.6372763132017143,0.0,0.0,0.0,0.0,0.0,0.0,0.0,,0
2,6,LSQ,0.5489684895169358,0.5426262619065656,-0.23539913481409286,-0.030487272335296082,0.16192022566249734,0.0,0.0,0.0,0.16192022566249734,,0
2,6,LSQ_PLUS_ML_THETA,0.5441734957106178,0.47341884272567825,-0.23656581748861583,-0.020092855946799448,0.16257528362334822,0.0,0.009733084776640536,0.0,0.16257528362334822,,0
2,6,LSQ_PLUS_ML_Z_THETA,0.5583457102873579,0.46725158880440604,-0.2546823241219741,-0.019761538122255312,0.16218089000191663,0.020634787011232336,0.00986997436711956,0.0,0.16218089000191663,,0
2,6,LSQ_PLUS_ML_ALL,0.552541068297515,0.4712134678945768,-0.25991466281258946,-0.0195839739150739,0.2170063592018235,0.013617823480298719,0.009527715517676942,0.0007635794734396351,0.2170063592018235,,0
2,6,DIRECT_NONLINEAR_REFERENCE,0.591041984628511,0.3862916534315493,-0.2795467022880386,-0.011063383736988924,0.26677800740591306,-0.01513645813394282,0.023121961419962207,0.14663861342036885,0.26677800740591306,False,723
2,7,ZERO,1.6186379242258195,1.6186379242258195,0.0,0.0,0.0,0.0,0.0,0.0,0.0,,0
2,7,LSQ,0.5221519545755652,0.4596104234025784,0.10527405280424437,0.0016252130096685827,0.18420026701709735,0.0,0.0,0.0,0.18420026701709735,,0
2,7,LSQ_PLUS_ML_THETA,0.4538498490438615,0.43898990919633624,0.10535659345937061,-0.005340393383171046,0.18415899570679153,0.0,0.0038587309761958163,0.0,0.18415899570679153,,0
2,7,LSQ_PLUS_ML_Z_THETA,0.44561138760338787,0.44827277495693457,0.051822901532889765,-0.005060719282127915,0.18393314414255604,-0.03522368657054788,0.0042783615452394765,0.0,0.18393314414255604,,0
2,7,LSQ_PLUS_ML_ALL,0.45011733249806135,0.4484210595598343,0.06029086898198211,-0.004828355547643104,0.171164187398527,-0.03426614518174121,0.004192518476187269,-0.006204559940411997,0.171164187398527,,0
2,7,DIRECT_NONLINEAR_REFERENCE,0.41499110733513783,0.35824463537345236,0.06739483099075487,-0.004547221548696203,0.23756496098717286,-0.05835882154480347,0.018956162373780897,0.21170893469164578,0.23756496098717286,False,1163
2,8,ZERO,1.2903862066044312,1.2903862066044312,0.0,0.0,0.0,0.0,0.0,0.0,0.0,,0
2,8,LSQ,0.6115725324186787,0.4990650498192104,-0.08789517325621553,-0.04321002809860265,0.2559177069582359,0.0,0.0,0.0,0.2559177069582359,,0
2,8,LSQ_PLUS_ML_THETA,0.6378546182865942,0.45322866492277913,-0.08761362591105333,-0.039692729359298254,0.2564275633472,0.0,0.006723258483515682,0.0,0.2564275633472,,0
2,8,LSQ_PLUS_ML_Z_THETA,0.6307111076431973,0.45578220865628694,-0.059144190169739735,-0.040153211187906046,0.25665113912028104,-0.011777685657115601,0.006714787929369498,0.0,0.25665113912028104,,0
2,8,LSQ_PLUS_ML_ALL,0.6308079819956353,0.45633030881696085,-0.06105237605670711,-0.04007988404402847,0.2511526800517301,-0.011922755928127485,0.006721141428880084,-0.01279028092832074,0.2511526800517301,,0
2,8,DIRECT_NONLINEAR_REFERENCE,0.7450859976737163,0.4452252348673085,-0.017445592821457023,-0.03450579940401934,-0.432283731352491,0.00804871438041357,0.027098034245244693,-0.47288950866839025,0.432283731352491,False,1123
2,9,ZERO,1.7254536258240625,1.7254536258240625,0.0,0.0,0.0,0.0,0.0,0.0,0.0,,0
2,9,LSQ,1.123687440133152,0.6023452007857302,0.365950651904062,0.04744302001195506,0.15461029492859749,0.0,0.0,0.0,0.15461029492859749,,0
2,9,LSQ_PLUS_ML_THETA,1.0738517569909987,0.576661703747458,0.36601855750160706,0.044815283856809635,0.15427416659437318,0.0,0.004412962922361784,0.0,0.15427416659437318,,0
2,9,LSQ_PLUS_ML_Z_THETA,1.0782263551012043,0.5905327723201972,0.3329006246994797,0.04470035990682994,0.1546936791026723,-0.04182991853038148,0.00430774737352,0.0,0.1546936791026723,,0
2,9,LSQ_PLUS_ML_ALL,1.079711089465406,0.590390803463498,0.3325929827519076,0.044746761518253506,0.16476533447538014,-0.042481610813245974,0.00436583264481924,-0.0032665929605682764,0.16476533447538014,,0
2,9,DIRECT_NONLINEAR_REFERENCE,0.9971332641669319,0.5035748581423171,0.26875729546445937,0.04016958084799184,0.7875451151666725,-0.08194893738918918,0.020592937544471106,0.08767415131757117,0.7875451151666725,False,371
2,10,ZERO,1.696142007903281,1.696142007903281,0.0,0.0,0.0,0.0,0.0,0.0,0.0,,0
2,10,LSQ,0.7527319447106603,0.8392341080041248,-0.13835883052071177,-0.017994689864886775,-0.2974161306598226,0.0,0.0,0.0,0.2974161306598226,,0
2,10,LSQ_PLUS_ML_THETA,0.7338722015540164,0.7916763254604542,-0.13805549505097128,-0.014952606694265656,-0.2972423519278536,0.0,0.007083260876423036,0.0,0.2972423519278536,,0
2,10,LSQ_PLUS_ML_Z_THETA,0.7170089146250198,0.8001583736015425,-0.1319998620468943,-0.014380850029894353,-0.2973325623075316,-0.0398346526816976,0.007541976115414168,0.0,0.2973325623075316,,0
2,10,LSQ_PLUS_ML_ALL,0.7158580702230477,0.7935241112676791,-0.1314557909670823,-0.01432404332235915,-0.1436818636996128,-0.039963983347369836,0.007664952452264255,0.15165442702067297,0.1436818636996128,,0
2,10,DIRECT_NONLINEAR_REFERENCE,0.706027741906467,0.6126631099135512,-0.0950713324924085,-0.0024710696820945555,-0.12575393586582084,-0.05146473051154525,0.03509738836584638,0.3373699307727154,0.12575393586582084,False,783
3,1,ZERO,0.6928181905680013,0.6928181905680013,0.0,0.0,0.0,0.0,0.0,0.0,0.0,,0
3,1,LSQ,0.6928181905680013,0.23442101956844566,0.17699020070039687,0.06308557710707442,-0.3053444857804972,0.0,0.0,0.0,0.3053444857804972,,0
3,1,LSQ_PLUS_ML_THETA,0.6928181905680013,0.20698362036922335,0.17699020070039687,0.05928227253056906,-0.3053444857804972,0.0,-0.0038033045765053647,0.0,0.3053444857804972,,0
3,1,LSQ_PLUS_ML_Z_THETA,0.6928181905680013,0.20624656449388187,0.17471822247562793,0.05928227253056906,-0.3053444857804972,-0.0022719782247689335,-0.0038033045765053647,0.0,0.3053444857804972,,0
3,1,LSQ_PLUS_ML_ALL,0.6928181905680013,0.20610903520403467,0.17471822247562793,0.05928227253056906,-0.3103603198566225,-0.0022719782247689335,-0.0038033045765053647,-0.0050158340761252695,0.3103603198566225,,0
3,1,DIRECT_NONLINEAR_REFERENCE,0.6928181905680013,0.1457191826881605,0.150794401419893,0.0516977932908781,-0.30872790146345264,-0.026195799280503862,-0.011387783816196324,-0.003383415682955415,0.30872790146345264,False,683
3,2,ZERO,0.4963083757030285,0.4963083757030285,0.0,0.0,0.0,0.0,0.0,0.0,0.0,,0
3,2,LSQ,1.0859594461986444,0.1768055343774004,-0.10786835979334218,-0.105766015353833,-0.16568615343414364,0.0,0.0,0.0,0.16568615343414364,,0
3,2,LSQ_PLUS_ML_THETA,1.0462375287991792,0.15803170814774858,-0.10786835979334218,-0.10002668895383465,-0.16568615343414375,0.0,0.001573763099908046,0.0,0.16568615343414375,,0
3,2,LSQ_PLUS_ML_Z_THETA,1.0461432685253065,0.15185866509805082,-0.08846338525417802,-0.09998056456488884,-0.16568615343414375,0.01691774066523334,0.0016195016372783921,0.0,0.16568615343414375,,0
3,2,LSQ_PLUS_ML_ALL,1.045700023204931,0.15195639542685713,-0.0881139850879602,-0.10000328514356169,-0.16387844409764843,0.017267140831451103,0.0015967810586055425,-0.0036833434756081695,0.16387844409764843,,0
3,2,DIRECT_NONLINEAR_REFERENCE,0.9715216815191795,0.24176384607617576,0.07970077228879602,-0.09358927657161455,-0.6019654651470304,0.1588914455555482,-0.00029959453064390407,-0.4399832847547459,0.6019654651470304,False,1131
3,3,ZERO,0.7686239390454169,0.7686239390454169,0.0,0.0,0.0,0.0,0.0,0.0,0.0,,0
3,3,LSQ,0.42542770811014796,0.22629978576509596,0.26333278966432505,-0.007176893509731182,0.1941740787595736,0.0,0.0,0.0,0.1941740787595736,,0
3,3,LSQ_PLUS_ML_THETA,0.43707449746613275,0.20610880821992675,0.26312662720684177,-0.012271638246774666,0.19385741255060943,0.0,-0.002766784043594414,0.0,0.19385741255060943,,0
3,3,LSQ_PLUS_ML_Z_THETA,0.4255548035205896,0.19654195775883693,0.22353560889212623,-0.012664201414464104,0.19386307881063117,-0.020803807625842052,-0.003118149222795111,0.0,0.19386307881063117,,0
3,3,LSQ_PLUS_ML_ALL,0.42642891124129784,0.1943715241795083,0.2235154389787366,-0.012762424802316995,0.15534762234591593,-0.020440854231975003,-0.0032413858121281107,-0.04202431023866296,0.15534762234591593,,0
3,3,DIRECT_NONLINEAR_REFERENCE,0.5065734371192676,0.21626203650819967,0.042977955991647665,-0.017616570880516224,0.5937321359746555,-0.04335741834572106,-0.009181563518783362,-0.08069859267434787,0.5937321359746555,False,715
3,4,ZERO,0.6201008954711633,0.6201008954711633,0.0,0.0,0.0,0.0,0.0,0.0,0.0,,0
3,4,LSQ,0.32099141197729886,0.16363028700709004,-0.27245741735021833,0.007093720379267005,-0.1224567514080995,0.0,0.0,0.0,0.1224567514080995,,0
3,4,LSQ_PLUS_ML_THETA,0.33547979437554515,0.15385063086703998,-0.27237238568771943,0.00851733731974517,-0.12238059489765668,0.0,-0.0017615360414936967,0.0,0.12238059489765668,,0
3,4,LSQ_PLUS_ML_Z_THETA,0.3223865043592584,0.16041105386836252,-0.212061992505646,0.008777403475319284,-0.12212273140754487,0.03597296549878143,-0.0018669032939512397,0.0,0.12212273140754487,,0
3,4,LSQ_PLUS_ML_ALL,0.3145848376763057,0.15754732902259194,-0.21583426140920564,0.009126591793338551,-0.13257046944952883,0.03260132163747789,-0.0016511541840398113,-0.05554126512091401,0.13257046944952883,,0
3,4,DIRECT_NONLINEAR_REFERENCE,0.33491707889907474,0.1524935535499769,-0.1661666864226205,0.012975126439006867,-0.2118302515506265,0.04549481279147066,-0.004410279362478368,-0.12863663497985228,0.2118302515506265,False,343
3,5,ZERO,1.2775520198571648,1.2775520198571648,0.0,0.0,0.0,0.0,0.0,0.0,0.0,,0
3,5,LSQ,0.8960357120701876,0.20621698068839428,-0.4555619746726328,-0.05082607842754339,-0.4850614341803095,0.0,0.0,0.0,0.4850614341803095,,0
3,5,LSQ_PLUS_ML_THETA,0.8845598799226273,0.22714240462468638,-0.4558339536546391,-0.04638780937307742,-0.4851864194418844,0.0,0.0027716528466990784,0.0,0.4851864194418844,,0
3,5,LSQ_PLUS_ML_Z_THETA,0.9100489763747892,0.20259579011083684,-0.4390292771174507,-0.04695011262935723,-0.48544178483529565,0.05755004187267776,0.0021070889177035868,0.0,0.48544178483529565,,0
3,5,LSQ_PLUS_ML_ALL,0.8993498027144796,0.20542162889709206,-0.43510707899647144,-0.046809283800153485,-0.40155051423679283,0.05803867742009433,0.0024793230185024273,0.027739760541278524,0.40155051423679283,,0
3,5,DIRECT_NONLINEAR_REFERENCE,0.8790197674563529,0.1808329559258024,-0.42698108999238027,-0.04798287618966179,-0.4534655587440424,0.08282884107078359,-0.0012118594780908057,-0.10236333853930601,0.4534655587440424,False,1047
3,6,ZERO,1.774782692230872,1.774782692230872,0.0,0.0,0.0,0.0,0.0,0.0,0.0,,0
3,6,LSQ,0.5688495685260934,0.15289837506409548,-0.34888272964624384,-0.038369219809331084,0.2457274925386174,0.0,0.0,0.0,0.2457274925386174,,0
3,6,LSQ_PLUS_ML_THETA,0.5929104921119986,0.15631475362457756,-0.3489776339652763,-0.040189544320451354,0.2456090649022559,0.0,0.0014279257906429157,0.0,0.2456090649022559,,0
3,6,LSQ_PLUS_ML_Z_THETA,0.6225744122549102,0.14876146478111468,-0.3730959565334001,-0.03871062249800535,0.24649400712359745,0.034429886777009144,0.002098412748855402,0.0,0.24649400712359745,,0
3,6,LSQ_PLUS_ML_ALL,0.6312162943567925,0.14813624855022262,-0.37151091867212327,-0.03909802820050329,0.16103750369774483,0.037168948313802075,0.0021239451848392016,-0.048486291209503984,0.16103750369774483,,0
3,6,DIRECT_NONLINEAR_REFERENCE,0.6038791303970314,0.13241229575522828,-0.3624321405178887,-0.03839474096768132,0.19814590325375311,0.07204645503154272,-0.0009730878620490824,-0.14687479256687277,0.19814590325375311,False,499
3,7,ZERO,2.5858108485031908,2.5858108485031908,0.0,0.0,0.0,0.0,0.0,0.0,0.0,,0
3,7,LSQ,0.8623044278380522,0.1852437571080834,-0.3063229478289806,-0.06269159473038274,-0.4464027012029034,0.0,0.0,0.0,0.4464027012029034,,0
3,7,LSQ_PLUS_ML_THETA,0.8712405210812079,0.1950156911534343,-0.30595739897628527,-0.060659754888008406,-0.4466443819342218,0.0,0.003267190124222684,0.0,0.4466443819342218,,0
3,7,LSQ_PLUS_ML_Z_THETA,0.8943434298284373,0.1783803604738327,-0.28743594709800346,-0.061269854863146574,-0.44758072172121344,0.049593319956930726,0.0033195706027179042,0.0,0.44758072172121344,,0
3,7,LSQ_PLUS_ML_ALL,0.8859206823708693,0.17989780875643982,-0.28757104696369395,-0.06099136722699561,-0.37584000826861824,0.05219276103322462,0.0035741964293411616,0.015737925919168394,0.37584000826861824,,0
3,7,DIRECT_NONLINEAR_REFERENCE,0.8683853797984569,0.20698481355823095,-0.22013042537583682,-0.06304137189303556,-0.6001676871610868,0.15539058771251674,-0.0015044209301837488,-0.3037112830282422,0.6001676871610868,False,751
3,8,ZERO,3.006111905596683,3.006111905596683,0.0,0.0,0.0,0.0,0.0,0.0,0.0,,0
3,8,LSQ,0.5639574889943495,0.3304016445652447,-0.12618314014190068,-0.019811648743733083,-0.36342647801817524,0.0,0.0,0.0,0.36342647801817524,,0
3,8,LSQ_PLUS_ML_THETA,0.5873442294099904,0.3233639480366726,-0.1261480624377833,-0.023941409617315872,-0.3632995855411226,0.0,-0.0006800986177648814,0.0,0.3632995855411226,,0
3,8,LSQ_PLUS_ML_Z_THETA,0.6134790562127577,0.32490417233577373,-0.16084343516333868,-0.024040482010213186,-0.3624322898629487,0.0162121232572931,-0.0008953877732102294,0.0,0.3624322898629487,,0
3,8,LSQ_PLUS_ML_ALL,0.6207874974312215,0.3260394050022859,-0.16216014574755172,-0.024310005045233597,-0.36410542062652496,0.01759477150746136,-0.0008587128285556869,0.021357084981505348,0.36410542062652496,,0
3,8,DIRECT_NONLINEAR_REFERENCE,0.5978080831356819,0.27269121142082164,-0.25216975862996693,-0.027026090818958168,-0.19826572546162108,0.03740083437613828,-0.008887716319649318,-0.1546979555052692,0.19826572546162108,False,767
3,9,ZERO,3.0732468399629282,3.0732468399629282,0.0,0.0,0.0,0.0,0.0,0.0,0.0,,0
3,9,LSQ,0.7515742810515533,0.3340513493092824,-0.5749660320141972,0.03558358045218284,-0.01932586696771732,0.0,0.0,0.0,0.22998641280567886,,0
3,9,LSQ_PLUS_ML_THETA,0.7590458946120583,0.31370143884112023,-0.574868295321049,0.034210119126650985,-0.019046825486380294,0.0,-0.0024599317837673135,0.0,0.2299473181284196,,0
3,9,LSQ_PLUS_ML_Z_THETA,0.7689785777968913,0.2864336352245734,-0.5107910526079539,0.034205104251622584,-0.018148509110880166,0.07656090495110668,-0.002752261088907401,0.0,0.20431642104318154,,0
3,9,LSQ_PLUS_ML_ALL,0.773039868111799,0.2903914549462303,-0.5167461114501221,0.03436372247251524,-0.08668503926869481,0.07179984567023756,-0.0025920747577162437,-0.04747774044617963,0.20669844458004882,,0
3,9,DIRECT_NONLINEAR_REFERENCE,0.8148892139897891,0.27584621934061293,-0.568332682408875,0.038634471055240545,0.09206564152714868,0.03066825933003292,-0.006665118619184056,-0.02894762457770822,0.22733307296355001,False,295
3,10,ZERO,3.1331275821957374,3.1331275821957374,0.0,0.0,0.0,0.0,0.0,0.0,0.0,,0
3,10,LSQ,0.48664943376670866,0.37130009809313264,0.15390766431170608,-0.007133101984685415,-0.15365541357855758,0.0,0.0,0.0,0.15365541357855758,,0
3,10,LSQ_PLUS_ML_THETA,0.4655098247135757,0.3570572782978206,0.15401168767888462,-0.006489416945706561,-0.15368092820045984,0.0,-0.0019513972975071028,0.0,0.15368092820045984,,0
3,10,LSQ_PLUS_ML_Z_THETA,0.43384060226411353,0.3526840789509535,0.09421567624939925,-0.006295445863186295,-0.1537644451105897,0.023196830686086675,-0.0020232811230755663,0.0,0.1537644451105897,,0
3,10,LSQ_PLUS_ML_ALL,0.43670867094450194,0.3538870254882618,0.09655248096489732,-0.006383859562036351,-0.16561095761741962,0.02005009582432829,-0.0019294006505487897,-0.06659167216296007,0.16561095761741962,,0
3,10,DIRECT_NONLINEAR_REFERENCE,0.42438985860168205,0.3054132645282906,0.18345743912987547,-0.010154727683754397,-0.3036988555681869,0.059649536764432534,-0.009284679088900547,-0.16708928816738722,0.3036988555681869,False,815
4,1,ZERO,0.7167984292648425,0.7167984292648425,0.0,0.0,0.0,0.0,0.0,0.0,0.0,,0
4,1,LSQ,0.7167984292648425,0.2970897469279208,-0.12669712949363587,0.0708607247343554,-0.03340246292099275,0.0,0.0,0.0,0.05905060394529617,,0
4,1,LSQ_PLUS_ML_THETA,0.7167984292648425,0.2417953756082053,-0.12669712949363587,0.06310129144546038,-0.03340246292099275,0.0,-0.007759433288895015,0.0,0.05258440953788365,,0
4,1,LSQ_PLUS_ML_Z_THETA,0.7167984292648425,0.25051625829493146,-0.09935388456868349,0.06310129144546038,-0.03340246292099275,0.02734324492495238,-0.007759433288895015,0.0,0.05258440953788365,,0
4,1,LSQ_PLUS_ML_ALL,0.7167984292648425,0.24977310777905676,-0.09935388456868349,0.06310129144546038,-0.05699631272633547,0.02734324492495238,-0.007759433288895015,-0.023593849805342723,0.05699631272633547,,0
4,1,DIRECT_NONLINEAR_REFERENCE,0.7167984292648425,0.18809661726264343,-0.1184865376270293,0.05500978379839209,-0.07925145229347408,0.008210591866606567,-0.015850940935963308,-0.04584898937248133,0.07925145229347408,False,867
4,2,ZERO,0.7266894199986726,0.7266894199986726,0.0,0.0,0.0,0.0,0.0,0.0,0.0,,0
4,2,LSQ,1.1760087286617444,0.22640379958826062,-0.5709204738940483,-0.09947172582332664,-0.05247404944236049,0.0,0.0,0.0,0.22836818955761934,,0
4,2,LSQ_PLUS_ML_THETA,1.1117723523061753,0.17518063724618896,-0.5709204738940483,-0.08639700142573001,-0.052474049442360476,0.0,0.004616382778564715,0.0,0.22836818955761934,,0
4,2,LSQ_PLUS_ML_Z_THETA,1.1295579957228639,0.16748358465993715,-0.549793543402513,-0.08749099386453778,-0.052474049442360685,0.05094300462178114,0.003527333217185971,0.0,0.21991741736100517,,0
4,2,LSQ_PLUS_ML_ALL,1.1259066023002018,0.16509419710568662,-0.5492938851251346,-0.08726360118233026,-0.023822807111335314,0.05144266289915955,0.003754725899393699,0.002923645743832408,0.21971755405005383,,0
4,2,DIRECT_NONLINEAR_REFERENCE,1.0438279079338775,0.11879096610300624,-0.47774902413204895,-0.07588689957627645,-0.10314944172504198,0.1021245793711531,0.006307450401287301,-0.10067080686053377,0.19109960965281958,False,771
4,3,ZERO,0.7956662661007358,0.7956662661007358,0.0,0.0,0.0,0.0,0.0,0.0,0.0,,0
4,3,LSQ,1.2678006849215264,0.22133960860765017,0.4477301571644247,0.09524465565573974,0.35709945669285076,0.0,0.0,0.0,0.35709945669285076,,0
4,3,LSQ_PLUS_ML_THETA,1.2115512215934126,0.20602131790832784,0.4468221917546211,0.08515391798985644,0.3570160044013591,0.0,-0.003923258596862114,0.0,0.3570160044013591,,0
4,3,LSQ_PLUS_ML_Z_THETA,1.19660615343772,0.19273328109518117,0.369299041910459,0.08659722300358304,0.35708113059704955,-0.024977210887094647,-0.0037994315947345314,0.0,0.35708113059704955,,0
4,3,LSQ_PLUS_ML_ALL,1.1932363277059992,0.1899903236344948,0.36905017304816934,0.08633076017698957,0.30133224711196394,-0.02461623640852706,-0.0038052859462304606,-0.049688079409158425,0.30133224711196394,,0
4,3,DIRECT_NONLINEAR_REFERENCE,1.1394096233449746,0.4645217275352097,0.5675077762093772,0.06529204020524694,0.44205764174773043,0.23362267296752642,-0.020878023090632344,-0.020952183769325783,0.44205764174773043,False,879
4,4,ZERO,0.8574868483189264,0.8574868483189264,0.0,0.0,0.0,0.0,0.0,0.0,0.0,,0
4,4,LSQ,0.36518442217000674,0.11181519804986535,0.2978990400088156,0.004485916505083469,0.17649160442348533,0.0,0.0,0.0,0.17649160442348533,,0
4,4,LSQ_PLUS_ML_THETA,0.3927158037728828,0.10382790642302152,0.2987871364087301,0.010564812256112142,0.17712346059311848,0.0,0.0007722688313316524,0.0,0.17712346059311848,,0
4,4,LSQ_PLUS_ML_Z_THETA,0.4162411385906852,0.09479860961541435,0.3007033796309477,0.010237474042934035,0.17760021214850683,-0.032814394524685264,0.0006061265324370981,0.0,0.17760021214850683,,0
4,4,LSQ_PLUS_ML_ALL,0.43872318726364984,0.09708431057124502,0.3008710511622586,0.009920056219783353,0.21945853411679925,-0.032350959256887524,0.00024268493244928788,-0.014436963568764588,0.21945853411679925,,0
4,4,DIRECT_NONLINEAR_REFERENCE,0.37724027070495,0.08442195114317025,0.026735846062985413,0.030049484352434506,0.1988179388057044,-0.026728013932905654,0.0006178026457756801,0.008786359308334019,0.1988179388057044,False,919
4,5,ZERO,1.1905373107654353,1.1905373107654353,0.0,0.0,0.0,0.0,0.0,0.0,0.0,,0
4,5,LSQ,0.44026730984810447,0.10654480317265407,0.3521139599753938,0.026647285958354437,-0.1459288824302887,0.0,0.0,0.0,0.1459288824302887,,0
4,5,LSQ_PLUS_ML_THETA,0.430902426708186,0.09651535286592294,0.3521176173979368,0.02411752113338485,-0.14593480838442952,0.0,-0.0012879341054168048,0.0,0.14593480838442952,,0
4,5,LSQ_PLUS_ML_Z_THETA,0.4540773711756656,0.09389816177045861,0.3444791806478431,0.023997911189282607,-0.14643884217896352,-0.039514515353370416,-0.0015720226349143843,0.0,0.14643884217896352,,0
4,5,LSQ_PLUS_ML_ALL,0.45680924961362945,0.09343309072039618,0.3430973672090439,0.024139857276815564,-0.15034513155840454,-0.03932767886218286,-0.0017829228941881048,-0.014231738615379547,0.15034513155840454,,0
4,5,DIRECT_NONLINEAR_REFERENCE,0.45674551898336996,0.07091175609194472,0.36267753261548585,0.019928063103616837,-0.13733938517822653,-0.03741562065821358,-0.004616694821810201,0.01593361362087209,0.14507101304619435,False,539
4,6,ZERO,1.6714455928641763,1.6714455928641763,0.0,0.0,0.0,0.0,0.0,0.0,0.0,,0
4,6,LSQ,0.6430941607378244,0.18572621457757346,0.6817446638826488,-0.006290461332500878,0.28967615782898376,0.0,0.0,0.0,0.28967615782898376,,0
4,6,LSQ_PLUS_ML_THETA,0.6345448346303328,0.18468719181570342,0.6819750860957539,-0.004819327643150843,0.28958100073020104,0.0,-3.0855279598914105e-05,0.0,0.28958100073020104,,0
4,6,LSQ_PLUS_ML_Z_THETA,0.6627714685240307,0.18136841783588634,0.6449918372840479,-0.005789451535237444,0.28997989106891764,-0.0762362717646039,-0.0012358550447225704,0.0,0.28997989106891764,,0
4,6,LSQ_PLUS_ML_ALL,0.6685032592568847,0.18164763571496712,0.6438282710471106,-0.005612758114591209,0.3032733513829709,-0.07729899477900481,-0.0012571341753386828,-0.001257769251396701,0.3032733513829709,,0
4,6,DIRECT_NONLINEAR_REFERENCE,0.6703831616079969,0.138750601530377,0.642266716412928,0.0032114860336126382,0.3655472964133923,-0.07518702936441479,0.004408148156426397,0.09213245229702988,0.3655472964133923,False,583
4,7,ZERO,1.5549926602668518,1.5549926602668518,0.0,0.0,0.0,0.0,0.0,0.0,0.0,,0
4,7,LSQ,0.4950191550057484,0.19527982383446024,-0.10003786572538874,-0.032407086569512356,0.3899903266857955,0.0,0.0,0.0,0.3899903266857955,,0
4,7,LSQ_PLUS_ML_THETA,0.4961141377642299,0.1872639154370598,-0.09998472577657601,-0.03159383887100043,0.3900329881049108,0.0,0.0009389971462108876,0.0,0.3900329881049108,,0
4,7,LSQ_PLUS_ML_Z_THETA,0.469939396587216,0.18432024362729169,-0.02785723392915429,-0.03022508044110195,0.3894785179651376,-0.006814675468777856,0.000990323014352125,0.0,0.3894785179651376,,0
4,7,LSQ_PLUS_ML_ALL,0.4697360756834743,0.18345925292535642,-0.02774131963784584,-0.030218823123021137,0.34477626300798564,-0.007604810941269274,0.0009918992262557824,-0.04442197749691568,0.34477626300798564,,0
4,7,DIRECT_NONLINEAR_REFERENCE,0.517612642849703,0.16521282498429962,-0.09850524403944658,-0.035956335266774844,0.35832817572151593,-0.07731615758459003,0.0018687787248074517,0.06862639669362564,0.35832817572151593,False,807
4,8,ZERO,1.2061214167282135,1.2061214167282135,0.0,0.0,0.0,0.0,0.0,0.0,0.0,,0
4,8,LSQ,1.1142201840946528,0.33045115663043956,-0.14855292783444554,-0.10452550897264845,-0.26294083203295276,0.0,0.0,0.0,0.26294083203295276,,0
4,8,LSQ_PLUS_ML_THETA,1.123598345820502,0.2902520208175979,-0.14855090966869722,-0.10004234467051425,-0.2629702742563101,0.0,0.005490011448444146,0.0,0.2629702742563101,,0
4,8,LSQ_PLUS_ML_Z_THETA,1.1265413444084371,0.2830046099842957,-0.12507812766021462,-0.10034179647291554,-0.26053114983866216,0.023058006006720977,0.005539021475970504,0.0,0.26053114983866216,,0
4,8,LSQ_PLUS_ML_ALL,1.1235385106090197,0.27979542661840134,-0.12163904806085338,-0.09998294110414434,-0.22362411390330797,0.025718132432436563,0.0059019964059510155,-0.011124346735380486,0.22362411390330797,,0
4,8,DIRECT_NONLINEAR_REFERENCE,1.1042570481215477,0.1969732429837781,-0.04797501631236691,-0.08948959456084168,-0.25049025850909395,0.023604793006131213,0.016676212389053674,0.07757798450280834,0.25049025850909395,False,875
4,9,ZERO,1.4016035430718157,1.4016035430718157,0.0,0.0,0.0,0.0,0.0,0.0,0.0,,0
4,9,LSQ,0.5028950736205664,0.23357837123159286,0.36509855310065875,0.013257591183577444,-0.11636055957984331,0.0,0.0,0.0,0.1460394212402635,,0
4,9,LSQ_PLUS_ML_THETA,0.4632694528499357,0.2193249689716807,0.36514289861852817,0.010675884157375904,-0.11627833590727076,0.0,0.0033817630214006663,0.0,0.14605715944741127,,0
4,9,LSQ_PLUS_ML_Z_THETA,0.44677332650470164,0.22628889055740165,0.2948278667679635,0.010432524071309991,-0.11653118145527136,-0.044614970791449715,0.00313815184700291,0.0,0.11793114670718541,,0
4,9,LSQ_PLUS_ML_ALL,0.4429868374598335,0.2253517768192888,0.2916028646838452,0.010051964070586832,-0.08678165843701653,-0.04478721772914068,0.0031630244892416996,0.022806504153733656,0.11664114587353809,,0
4,9,DIRECT_NONLINEAR_REFERENCE,0.34983994969995535,0.20994949798664603,0.26054156052324895,0.0021428105345746187,-0.12169786967907688,-0.06949416930166374,0.007448735457746632,0.07427258458889431,0.12169786967907688,False,619
4,10,ZERO,1.3770115391263014,1.3770115391263014,0.0,0.0,0.0,0.0,0.0,0.0,0.0,,0
4,10,LSQ,1.0393007243710777,0.2203434230280194,-0.41226220060635066,0.08124970195875539,0.3737713285841271,0.0,0.0,0.0,0.3737713285841271,,0
4,10,LSQ_PLUS_ML_THETA,1.0110680289210157,0.21695013113819853,-0.4116993058961036,0.07785474931567667,0.37358326937977343,0.0,-0.0002684818788290799,0.0,0.37358326937977343,,0
4,10,LSQ_PLUS_ML_Z_THETA,0.9913752547865102,0.20979816735391676,-0.33267993959880215,0.07751861851928392,0.3734215445016834,0.027618946877433104,-0.0008889614125808243,0.0,0.3734215445016834,,0
4,10,LSQ_PLUS_ML_ALL,0.9916747620480286,0.2118861019016951,-0.33157767236918534,0.07766231176662153,0.2870493509278138,0.02819077356943317,-0.0007569392920054596,-0.060917495339389394,0.2870493509278138,,0
4,10,DIRECT_NONLINEAR_REFERENCE,0.9482789223665209,0.25581230324851145,-0.14977293554167354,0.0713505392047356,0.09708602492485174,0.1813744901753957,-0.003495744688436414,-0.20193732370763257,0.09708602492485174,False,1531
5,1,ZERO,0.23409423721665812,0.23409423721665812,0.0,0.0,0.0,0.0,0.0,0.0,0.0,,0
5,1,LSQ,0.23409423721665812,0.11388734781049822,0.15769648201994857,0.0013191437836995673,0.13014694712527425,0.0,0.0,0.0,0.13014694712527425,,0
5,1,LSQ_PLUS_ML_THETA,0.23409423721665812,0.10609352725017546,0.15769648201994857,0.0027593576451537976,0.13014694712527425,0.0,0.0014402138614542303,0.0,0.13014694712527425,,0
5,1,LSQ_PLUS_ML_Z_THETA,0.23409423721665812,0.10247323230256886,0.13948481061773216,0.002759357645153798,0.13014694712527425,-0.01821167140221641,0.0014402138614542307,0.0,0.13014694712527425,,0
5,1,LSQ_PLUS_ML_ALL,0.23409423721665812,0.11086806687709855,0.13948481061773216,0.002759357645153798,0.0674508987000789,-0.01821167140221641,0.0014402138614542307,-0.06269604842519534,0.0674508987000789,,0
5,1,DIRECT_NONLINEAR_REFERENCE,0.23409423721665812,0.08555844502346226,0.16639700199859897,0.00586252642517598,0.08676962865128808,0.0087005199786504,0.004543382641476413,-0.04337731847398617,0.08676962865128808,False,811
5,2,ZERO,1.0813836807290005,1.0813836807290005,0.0,0.0,0.0,0.0,0.0,0.0,0.0,,0
5,2,LSQ,0.9696305506311405,0.13900710665652097,0.4837569386975002,-0.07692984419730448,0.04276264041820225,0.0,0.0,0.0,0.19350277547900008,,0
5,2,LSQ_PLUS_ML_THETA,0.9829233846076523,0.13042930076741432,0.4837569386975001,-0.07728609233296671,0.04276264041820228,0.0,0.001167150382108989,0.0,0.19350277547900002,,0
5,2,LSQ_PLUS_ML_Z_THETA,0.9945729427992155,0.11190967625452385,0.4544877949337113,-0.07721285234626357,0.0427626404182022,-0.048524502758178545,0.0012402464062320762,0.0,0.18179511797348452,,0
5,2,LSQ_PLUS_ML_ALL,1.0021256088661368,0.11589386542765309,0.45689229959398664,-0.07755189279571363,0.07513766005301557,-0.04611999809790318,0.0009012059567820169,-0.03391405912650568,0.18275691983759465,,0
5,2,DIRECT_NONLINEAR_REFERENCE,1.0120358173012465,0.1614607313913867,0.3849137783384049,-0.07813851245096357,0.34506274277289717,-0.08964402470994287,0.003597279315333976,0.2564368852460811,0.34506274277289717,False,783
5,3,ZERO,1.489112158489824,1.489112158489824,0.0,0.0,0.0,0.0,0.0,0.0,0.0,,0
5,3,LSQ,0.8691702750846562,0.21492244985623635,-0.4388126300282615,-0.05386932019604433,-0.15073646271226532,0.0,0.0,0.0,0.17552505201130458,,0
5,3,LSQ_PLUS_ML_THETA,0.8785984682660523,0.206283243449478,-0.4391034083545604,-0.056113541685367425,-0.15076216663093675,0.0,-0.001161284582688396,0.0,0.17564136334182417,,0
5,3,LSQ_PLUS_ML_Z_THETA,0.8485317443021704,0.1818347707152024,-0.3328625507406145,-0.05676793534686025,-0.15079882477268108,0.05502666165707654,-0.0017944915046536822,0.0,0.15079882477268108,,0
5,3,LSQ_PLUS_ML_ALL,0.8436182520634098,0.1859683633402419,-0.3352066397326593,-0.05638080566520376,-0.17219697906667392,0.055342334848822616,-0.0017833766504848705,-0.051878363205607014,0.17219697906667392,,0
5,3,DIRECT_NONLINEAR_REFERENCE,0.8719681377453582,0.17035912331854913,-0.297534907416823,-0.06088334593985822,-0.38355184008045035,0.04185890904632289,-0.003637367082011962,0.05574997186929659,0.38355184008045035,False,831
5,4,ZERO,1.8998987631475823,1.8998987631475823,0.0,0.0,0.0,0.0,0.0,0.0,0.0,,0
5,4,LSQ,0.6247449862142805,0.09336579163706092,-0.22943555486553974,-0.04697822323549595,-0.15847256004809596,0.0,0.0,0.0,0.15847256004809596,,0
5,4,LSQ_PLUS_ML_THETA,0.6116222060059554,0.09939537845332588,-0.22920915105849038,-0.044359744614856624,-0.15840253653695177,0.0,0.0012015818087397906,0.0,0.15840253653695177,,0
5,4,LSQ_PLUS_ML_Z_THETA,0.643341352493596,0.08959998525003195,-0.2638887155144982,-0.044314429028878125,-0.15875874212327773,0.03223894259732207,0.0006644168911856055,0.0,0.15875874212327773,,0
5,4,LSQ_PLUS_ML_ALL,0.6378544302718105,0.08951878493482611,-0.2678736683785301,-0.04470679340524583,-0.11823827561214656,0.02834049188081722,0.0003243844568077206,-0.013536723102063303,0.11823827561214656,,0
5,4,DIRECT_NONLINEAR_REFERENCE,0.6227964200375539,0.08095037686549089,-0.2640685527654659,-0.04360886573836099,-0.1702151724554892,0.022911167310585012,-0.0008104387788625822,0.021071403842143677,0.1702151724554892,False,791
5,5,ZERO,2.047469888143682,2.047469888143682,0.0,0.0,0.0,0.0,0.0,0.0,0.0,,0
5,5,LSQ,0.4511729080939711,0.34965783850564336,0.47103451297452875,0.010016607560628015,-0.3585164866910212,0.0,0.0,0.0,0.3585164866910212,,0
5,5,LSQ_PLUS_ML_THETA,0.4554893278977757,0.3227758554667102,0.470821974469193,0.004938361970049023,-0.3586560503721028,0.0,-0.0036193078971483985,0.0,0.3586560503721028,,0
5,5,LSQ_PLUS_ML_Z_THETA,0.43738696284134365,0.31487787057689853,0.4177420799991051,0.005822136559213936,-0.3579865969747796,-0.024810813468147452,-0.0034430587605517125,0.0,0.3579865969747796,,0
5,5,LSQ_PLUS_ML_ALL,0.4389820901044598,0.3133907030817128,0.4201572856458943,0.006069584824542642,-0.3676850292820932,-0.026653111949950847,-0.0035708045654461885,-0.019679591436594424,0.3676850292820932,,0
5,5,DIRECT_NONLINEAR_REFERENCE,0.43757432005923214,0.39800431229996897,0.14312380668015878,0.010584302722877758,0.2244382291368625,-0.30829729603339434,-1.577687820866064e-05,0.60279624944673,0.2244382291368625,False,1403
5,6,ZERO,2.044770078467544,2.044770078467544,0.0,0.0,0.0,0.0,0.0,0.0,0.0,,0
5,6,LSQ,0.6124085406798055,0.4623478868715025,-0.33646799679757206,0.005181780641835803,-0.3949897604540314,0.0,0.0,0.0,0.3949897604540314,,0
5,6,LSQ_PLUS_ML_THETA,0.5899825103549438,0.425734372986213,-0.33616289317407316,0.003792186833695931,-0.39519354943426505,0.0,-0.005500994302188991,0.0,0.39519354943426505,,0
5,6,LSQ_PLUS_ML_Z_THETA,0.573693550465799,0.4353513776738902,-0.28379309215252074,0.0038524382889440307,-0.3957234760066759,0.02200578171698947,-0.0051883865687017165,0.0,0.3957234760066759,,0
5,6,LSQ_PLUS_ML_ALL,0.5661665510673538,0.4339761886524057,-0.2833962504027036,0.003689346323139232,-0.34768049582623567,0.020953342512021578,-0.005453429169497918,0.02731364843212719,0.34768049582623567,,0
5,6,DIRECT_NONLINEAR_REFERENCE,0.6871442718264034,0.35086330276134653,-0.012728349645898359,-0.011480371877290523,-0.9885634100393178,-4.957572819733885e-05,-0.016642248609191654,0.011436589904987637,0.9885634100393178,False,687
5,7,ZERO,2.493590772237303,2.493590772237303,0.0,0.0,0.0,0.0,0.0,0.0,0.0,,0
5,7,LSQ,0.7578703548329556,0.18269576788570743,-0.08600612128824803,-0.0661237184877149,0.30125064538085594,0.0,0.0,0.0,0.30125064538085594,,0
5,7,LSQ_PLUS_ML_THETA,0.7111125229964516,0.18526854170310375,-0.08615832725481376,-0.06065943529091238,0.3011315066002721,0.0,-0.0001844370388869518,0.0,0.3011315066002721,,0
5,7,LSQ_PLUS_ML_Z_THETA,0.7199068949089469,0.1911101760183367,-0.09821596273977695,-0.0606596502475398,0.3006522125410509,0.01588078706833873,0.0001296464569632838,0.0,0.3006522125410509,,0
5,7,LSQ_PLUS_ML_ALL,0.7159396165832863,0.188074761211225,-0.0991863320490112,-0.06047215657966531,0.20932125923419587,0.014082922198640269,3.278747983340158e-05,-0.05876704882179884,0.20932125923419587,,0
5,7,DIRECT_NONLINEAR_REFERENCE,0.6094127509179981,0.1729657190597952,-0.11901072632845756,-0.04985672432074359,0.25087841296250746,-0.014523709568651427,-0.0022452668557889632,-0.05805007913265403,0.25087841296250746,False,659
5,8,ZERO,2.4334050371951634,2.4334050371951634,0.0,0.0,0.0,0.0,0.0,0.0,0.0,,0
5,8,LSQ,0.7569057750293386,0.297299741983089,0.6220428834081734,0.03146754124178974,0.23737631501587142,0.0,0.0,0.0,0.24881715336326934,,0
5,8,LSQ_PLUS_ML_THETA,0.7548260074558653,0.252862587930283,0.6219100834729412,0.024859538591705307,0.23789750898556716,0.0,-0.006212134028898392,0.0,0.24876403338917646,,0
5,8,LSQ_PLUS_ML_Z_THETA,0.7433357987196737,0.23855845693711486,0.5652494717255286,0.025056673678447123,0.237371871804542,-0.04200093833148022,-0.0058131992567076254,0.0,0.237371871804542,,0
5,8,LSQ_PLUS_ML_ALL,0.7721554004107929,0.23387384997240163,0.5714163406825628,0.02453169710130308,0.20969213337693843,-0.03771977625669998,-0.006420068045681744,-0.09446021999531556,0.2285665362730251,,0
5,8,DIRECT_NONLINEAR_REFERENCE,0.797655708661652,0.19403041678830651,0.5573300962939094,0.021537529879114125,0.2546405594703636,-0.08158559577059954,-0.010522106035669988,-0.046342712721363866,0.2546405594703636,False,1023
5,9,ZERO,2.0711016986753057,2.0711016986753057,0.0,0.0,0.0,0.0,0.0,0.0,0.0,,0
5,9,LSQ,0.8727433153577606,0.2572876061010676,0.5072584836437003,0.06228692360363985,0.03388207638166596,0.0,0.0,0.0,0.20290339345748012,,0
5,9,LSQ_PLUS_ML_THETA,0.9301971165385186,0.21674964505024294,0.5072706179538539,0.06301077079229227,0.033824946068942735,0.0,-0.006213602486517644,0.0,0.20290824718154155,,0
5,9,LSQ_PLUS_ML_Z_THETA,0.9562371365313612,0.19857758565548914,0.5088519008895407,0.06235648560263351,0.03403648533837233,-0.04690743181076562,-0.006467716716927828,0.0,0.20354076035581628,,0
5,9,LSQ_PLUS_ML_ALL,0.9684122611795621,0.19465463376501752,0.5065019091879727,0.06232346156223902,0.08761044720823921,-0.042763945487340305,-0.007097821775551717,-0.0432886385607566,0.20260076367518906,,0
5,9,DIRECT_NONLINEAR_REFERENCE,1.0259915128179329,0.19999152393808117,0.5975953653669797,0.06426065050203462,-0.027214230524802985,0.0035269296232487424,-0.009574259829486342,-0.10476850466335785,0.23903814614679186,False,815
5,10,ZERO,2.726153721790571,2.726153721790571,0.0,0.0,0.0,0.0,0.0,0.0,0.0,,0
5,10,LSQ,0.9567681093942152,0.18575629067706106,-0.2477391353378293,-0.09229811928492379,-0.10374308467407709,0.0,0.0,0.0,0.10374308467407709,,0
5,10,LSQ_PLUS_ML_THETA,0.9079927279213305,0.14737966724885437,-0.24879172003951555,-0.08271411654559288,-0.10380697392023056,0.0,0.003580718508046754,0.0,0.10380697392023056,,0
5,10,LSQ_PLUS_ML_Z_THETA,0.8841025485351073,0.13794023767046307,-0.1795959746278635,-0.08277849806855872,-0.10389091360556656,0.023368083771009796,0.003299940787606051,0.0,0.10389091360556656,,0
5,10,LSQ_PLUS_ML_ALL,0.8764165009468029,0.13773088908249778,-0.18386276013463687,-0.08208019077538893,-0.09018737512638147,0.02294338809095653,0.0033594152284615736,-0.023562303789006783,0.09018737512638147,,0
5,10,DIRECT_NONLINEAR_REFERENCE,0.8790044843677979,0.12404188811376571,-0.18984621824308545,-0.07495649641313018,-0.13986006167314402,0.0752019985611137,0.008427595501676252,-0.14770649111934303,0.13986006167314402,False,891
6,1,ZERO,0.5472684952311841,0.5472684952311841,0.0,0.0,0.0,0.0,0.0,0.0,0.0,,0
6,1,LSQ,0.5472684952311841,0.14965263936057294,-0.3169534832673827,0.02811852487079405,-0.10940696947083944,0.0,0.0,0.0,0.1267813933069531,,0
6,1,LSQ_PLUS_ML_THETA,0.5472684952311841,0.1406779356942758,-0.3169534832673827,0.02969451882818966,-0.10940696947083944,0.0,0.0015759939573956085,0.0,0.1267813933069531,,0
6,1,LSQ_PLUS_ML_Z_THETA,0.5472684952311841,0.1424154561415305,-0.29495126057397336,0.02969451882818966,-0.10940696947083944,0.022002222693409346,0.0015759939573956085,0.0,0.11798050422958935,,0
6,1,LSQ_PLUS_ML_ALL,0.5472684952311841,0.14267032177795966,-0.29495126057397336,0.02969451882818966,-0.10325622008533952,0.022002222693409346,0.0015759939573956085,0.006150749385499921,0.11798050422958935,,0
6,1,DIRECT_NONLINEAR_REFERENCE,0.5472684952311841,0.2161747700364013,-0.07634956809758953,0.031177012148394564,-0.5724719577150943,0.24060391516979318,0.003058487277600514,-0.46306498824425485,0.5724719577150943,False,831
6,2,ZERO,0.42159733124457793,0.42159733124457793,0.0,0.0,0.0,0.0,0.0,0.0,0.0,,0
6,2,LSQ,0.8410197638891996,0.40759681947696996,0.42276269765016466,-0.06074297718565466,0.37846095185255385,0.0,0.0,0.0,0.37846095185255385,,0
6,2,LSQ_PLUS_ML_THETA,0.8521913513501219,0.365147820614117,0.42276269765016466,-0.056377185326265095,0.37846095185255385,0.0,0.006071858765922207,0.0,0.37846095185255385,,0
6,2,LSQ_PLUS_ML_Z_THETA,0.8383510422237153,0.37243423108443197,0.3562692642306785,-0.05648025039976142,0.37846095185255374,-0.0426552815939209,0.005970665386949216,0.0,0.37846095185255374,,0
6,2,LSQ_PLUS_ML_ALL,0.8359647394874994,0.37249615168103456,0.35624555037858147,-0.05634861707198102,0.33838096540472734,-0.042678995446017776,0.006102298714726437,-0.03341600073439821,0.33838096540472734,,0
6,2,DIRECT_NONLINEAR_REFERENCE,0.9072620856016171,0.2593795802315335,0.15323084848825677,-0.04156922155534835,0.788098527631961,-0.00885124704433013,0.022506161422759248,-0.09206689511374266,0.788098527631961,False,1083
6,3,ZERO,0.7896207056605657,0.7896207056605657,0.0,0.0,0.0,0.0,0.0,0.0,0.0,,0
6,3,LSQ,0.3759905079614138,0.2555740818049146,0.24069085213317626,-0.02572587976600639,0.023602785073174138,0.0,0.0,0.0,0.0962763408532705,,0
6,3,LSQ_PLUS_ML_THETA,0.42967357217616964,0.23426858745865925,0.24064993396209952,-0.028747417374396372,0.023566154760093386,0.0,0.003528262747648163,0.0,0.09625997358483981,,0
6,3,LSQ_PLUS_ML_Z_THETA,0.4585565956734182,0.2454230776434313,0.2554876083325798,-0.02876434422670422,0.02393869668105368,-0.03545654982494395,0.0034650766251321137,0.0,0.1021950433330319,,0
6,3,LSQ_PLUS_ML_ALL,0.46421609008309284,0.24571642231332064,0.26090659894856794,-0.02907459573697959,0.03588773728214463,-0.030143403813870318,0.0033134787447196695,-0.025896179493104014,0.10436263957942718,,0
6,3,DIRECT_NONLINEAR_REFERENCE,0.6030875594624044,0.20733729122639516,0.21401170544164239,-0.037470624490866154,0.012666099925542351,-0.06397335273453547,0.01262515479273113,-0.05261999753974235,0.08560468217665695,False,539
6,4,ZERO,1.1712451275201725,1.1712451275201725,0.0,0.0,0.0,0.0,0.0,0.0,0.0,,0
6,4,LSQ,1.2414112623082443,0.3813593287148255,0.6058893752118903,0.06376732074733528,0.40753854814072293,0.0,0.0,0.0,0.40753854814072293,,0
6,4,LSQ_PLUS_ML_THETA,1.2182970516574667,0.3977696520572617,0.6050125221602657,0.05754120287593061,0.4074550178915623,0.0,-0.003021526487498871,0.0,0.4074550178915623,,0
6,4,LSQ_PLUS_ML_Z_THETA,1.2413369653709512,0.40488877075885593,0.5749041753049516,0.05733978541918373,0.40733677017828174,-0.06348494504525448,-0.0033970137269506567,0.0,0.40733677017828174,,0
6,4,LSQ_PLUS_ML_ALL,1.2425356727289332,0.4052219035988624,0.569335825501373,0.057542247553889085,0.4084397301115837,-0.06328573437977303,-0.00337424853690918,-0.023844807444385996,0.4084397301115837,,0
6,4,DIRECT_NONLINEAR_REFERENCE,1.2122785648291496,0.3251328893985116,0.5559543226654993,0.0631086936372105,0.5990939676795534,-0.1125907652365814,0.010554395550362042,0.13834293069906373,0.5990939676795534,False,427
6,5,ZERO,0.7040638833211208,0.7040638833211208,0.0,0.0,0.0,0.0,0.0,0.0,0.0,,0
6,5,LSQ,0.5630650186769195,0.278810753418287,-0.3121024871089743,-0.019410303582131416,-0.5127931240292818,0.0,0.0,0.0,0.5127931240292818,,0
6,5,LSQ_PLUS_ML_THETA,0.5411359702795857,0.25842145230478597,-0.31172632359170926,-0.013051549029916225,-0.5126029593979009,0.0,0.0025251585061174912,0.0,0.5126029593979009,,0
6,5,LSQ_PLUS_ML_Z_THETA,0.49456439741319286,0.2523439710091234,-0.2513400209022647,-0.011942517743483348,-0.5129833584868706,-0.006279034645030546,0.00328401538841438,0.0,0.5129833584868706,,0
6,5,LSQ_PLUS_ML_ALL,0.4852212268349939,0.24791773133545236,-0.2535252175471069,-0.012026071881153459,-0.3604120178912116,-0.009002739307982371,0.003243830636579119,0.12883512469526703,0.3604120178912116,,0
6,5,DIRECT_NONLINEAR_REFERENCE,0.6100331119266255,0.19323070238055767,-0.21918804680129747,-0.016620844067915284,-0.48438470246533316,-0.025633029656744244,0.013281695417949976,0.19090314698269473,0.48438470246533316,False,559
6,6,ZERO,0.6792688423302684,0.6792688423302684,0.0,0.0,0.0,0.0,0.0,0.0,0.0,,0
6,6,LSQ,0.3920149898538376,0.33381705849054244,-0.21160428647662494,-0.000603069508661433,0.40028819081643385,0.0,0.0,0.0,0.40028819081643385,,0
6,6,LSQ_PLUS_ML_THETA,0.3662586980807368,0.3206888399011706,-0.21170859649531565,-0.0016652328600987878,0.4001614050670936,0.0,0.0021241226555426115,0.0,0.4001614050670936,,0
6,6,LSQ_PLUS_ML_Z_THETA,0.3617418174541328,0.3188845986687444,-0.2064665633296568,-0.002535684578167695,0.3985802757299859,0.006051222358080477,0.0021627992231042868,0.0,0.3985802757299859,,0
6,6,LSQ_PLUS_ML_ALL,0.35962038895973436,0.3118932081554029,-0.1961032806851597,-0.0016549444133454063,0.21844164576179545,0.013738781019590668,0.0030077977548799467,-0.03550074195755934,0.21844164576179545,,0
6,6,DIRECT_NONLINEAR_REFERENCE,0.32588967233893323,0.2972872333272648,-0.12835299124440452,-0.008083646947128464,0.05922466790788827,0.06696953496768368,0.006058789524400572,-0.14797275485531666,0.05922466790788827,False,727
6,7,ZERO,1.0274887282630667,1.0274887282630667,0.0,0.0,0.0,0.0,0.0,0.0,0.0,,0
6,7,LSQ,0.7222801331417764,0.3329575198871009,0.1865415408923964,0.044185492962800214,0.004764568068257111,0.0,0.0,0.0,0.07461661635695857,,0
6,7,LSQ_PLUS_ML_THETA,0.7061862840386199,0.33206796238223696,0.18613724589627664,0.04244768975293434,0.005555411150640775,0.0,0.0003027835734309911,0.0,0.07445489835851066,,0
6,7,LSQ_PLUS_ML_Z_THETA,0.703559699297713,0.32440066278031515,0.15440747723005943,0.04244891134042178,0.005646005967708621,-0.025276186354495467,0.0002729903005899495,0.0,0.06176299089202377,,0
6,7,LSQ_PLUS_ML_ALL,0.6970635754333039,0.3306243487119063,0.15219200177124048,0.04107926485257099,0.03561593574179171,-0.01893008351885686,-0.0001810316122780875,-0.02006806393337688,0.060876800708496194,,0
6,7,DIRECT_NONLINEAR_REFERENCE,0.6657139535052368,0.27244929319370403,0.027348397616741457,0.04950721392371581,0.3709110729189408,-0.08565318383841114,0.010749628386313034,0.19023091985219617,0.3709110729189408,False,843
6,8,ZERO,0.7771305880193207,0.7771305880193207,0.0,0.0,0.0,0.0,0.0,0.0,0.0,,0
6,8,LSQ,0.6670804245236003,0.5517467828019504,-0.14716264510636012,-0.054776425133509624,-0.12518814323549793,0.0,0.0,0.0,0.12518814323549793,,0
6,8,LSQ_PLUS_ML_THETA,0.6679590435311884,0.48439480752341,-0.1470280756864422,-0.045375178829659885,-0.12526189337894453,0.0,0.009512977586992516,0.0,0.12526189337894453,,0
6,8,LSQ_PLUS_ML_Z_THETA,0.6571467280674161,0.482758616958202,-0.11108482380451314,-0.0456323557864408,-0.12526870310180122,0.007557650045669662,0.009207843297446339,0.0,0.12526870310180122,,0
6,8,LSQ_PLUS_ML_ALL,0.6537212381288365,0.48181287198944783,-0.11739857682853627,-0.045148568730274806,-0.06732285026423429,0.007311762527369758,0.00908755982809302,0.04073966696767618,0.06732285026423429,,0
6,8,DIRECT_NONLINEAR_REFERENCE,0.7318209437429072,0.3612922520774839,-0.08830080412086501,-0.03648217739113455,-0.14943226771204832,-0.04233012366724035,0.02932235253534505,0.19982276533431842,0.14943226771204832,False,787
6,9,ZERO,1.1132928125549717,1.1132928125549717,0.0,0.0,0.0,0.0,0.0,0.0,0.0,,0
6,9,LSQ,1.0713014219298571,0.6775999891937678,-0.4879775016370773,-0.08465282227316039,-0.10398317842622035,0.0,0.0,0.0,0.19519100065483092,,0
6,9,LSQ_PLUS_ML_THETA,1.1598326464707727,0.6379525346290211,-0.48798722885612794,-0.0884609124652147,-0.10397146710350474,0.0,0.006697428958515009,0.0,0.19519489154245118,,0
6,9,LSQ_PLUS_ML_Z_THETA,1.1635431604021957,0.6297688561411534,-0.473804631616643,-0.088233696713463,-0.1041313847834368,0.025699206734075886,0.0066461306486948896,0.0,0.1895218526466572,,0
6,9,LSQ_PLUS_ML_ALL,1.1660131034221348,0.630792620352081,-0.47772758221261263,-0.08850226914100633,-0.042382928877223336,0.020860070285562304,0.006305612999528545,0.10856200866171112,0.19109103288504506,,0
6,9,DIRECT_NONLINEAR_REFERENCE,1.335836383928787,0.41012128283377436,-0.4657775286593544,-0.07481908131422316,-0.07410424107906642,-0.013811100679318844,0.04111336775660325,0.22724805552630112,0.18631101146374177,False,883
6,10,ZERO,1.2690404809865778,1.2690404809865778,0.0,0.0,0.0,0.0,0.0,0.0,0.0,,0
6,10,LSQ,0.7879835713503529,0.7702420062196567,0.02985485303553354,-0.0036184236445540733,-0.4750312341377571,0.0,0.0,0.0,0.4750312341377571,,0
6,10,LSQ_PLUS_ML_THETA,0.7593197248559032,0.7247181045673137,0.030834769393977553,-0.0025809214001355886,-0.4748242110961607,0.0,0.00707668822793651,0.0,0.4748242110961607,,0
6,10,LSQ_PLUS_ML_Z_THETA,0.7693521449049898,0.74477981810031,-0.04941457316092598,-0.002681121342058103,-0.47477928025139987,-0.0528211025034834,0.006930251196863655,0.0,0.47477928025139987,,0
6,10,LSQ_PLUS_ML_ALL,0.8051272776626401,0.7377131586431975,-0.042082419319872624,-0.002404376379887904,-0.44701805873918266,-0.05082149999847185,0.006835948970968198,0.14434619174764252,0.44701805873918266,,0
6,10,DIRECT_NONLINEAR_REFERENCE,0.7233770477270233,0.5340470870394992,-0.022267854777224295,-0.00498352604507975,-0.4434017496603267,-0.065362123347181,0.040621888032293066,0.2623321744784381,0.4434017496603267,False,991
7,1,ZERO,0.982705813870666,0.982705813870666,0.0,0.0,0.0,0.0,0.0,0.0,0.0,,0
7,1,LSQ,0.982705813870666,0.1537546412633291,-0.15435396271996712,0.09839362157172477,0.024231985637684538,0.0,0.0,0.0,0.08199468464310397,,0
7,1,LSQ_PLUS_ML_THETA,0.982705813870666,0.09798320359402353,-0.15435396271996712,0.09223148736231625,0.024231985637684538,0.0,-0.006162134209408518,0.0,0.0768595728019302,,0
7,1,LSQ_PLUS_ML_Z_THETA,0.982705813870666,0.09583580547535948,-0.14761871804168472,0.09223148736231625,0.024231985637684538,0.006735244678282404,-0.006162134209408518,0.0,0.0768595728019302,,0
7,1,LSQ_PLUS_ML_ALL,0.982705813870666,0.09583704081344305,-0.14761871804168472,0.09223148736231625,0.024049376050493676,0.006735244678282404,-0.006162134209408518,-0.00018260958719086215,0.0768595728019302,,0
7,1,DIRECT_NONLINEAR_REFERENCE,0.982705813870666,0.08020092223984156,-0.10229527977754126,0.0917390557485338,-0.04412232134490266,0.05205868294242587,-0.006654565823190961,-0.0683543069825872,0.07644921312377817,False,663
7,2,ZERO,0.5309657447049321,0.5309657447049321,0.0,0.0,0.0,0.0,0.0,0.0,0.0,,0
7,2,LSQ,0.7584282446573445,0.12368726159498408,-0.21996180045177488,-0.07377050965381315,0.040021341705357434,0.0,0.0,0.0,0.08798472018070995,,0
7,2,LSQ_PLUS_ML_THETA,0.6961193625354519,0.08521001557479534,-0.21996180045177488,-0.0635084139083015,0.040021341705357434,0.0,0.0035155683217876627,0.0,0.08798472018070995,,0
7,2,LSQ_PLUS_ML_Z_THETA,0.6997185894242846,0.08364769416508182,-0.21740047311999022,-0.06365938434222249,0.04002134170535769,0.009938285814098446,0.003366377497025369,0.0,0.08696018924799609,,0
7,2,LSQ_PLUS_ML_ALL,0.6996988783874984,0.08328034071104684,-0.2174268768240233,-0.0636209283946119,0.050699303050369356,0.009911882110065329,0.003404833444635949,0.010477953266979714,0.08697075072960933,,0
7,2,DIRECT_NONLINEAR_REFERENCE,0.7119443310467674,0.19389502972170886,-0.21619017418280762,-0.07569711963260518,0.12089268218773963,0.060790303548579616,-0.009198587642787012,0.0060044412405766134,0.12089268218773963,False,747
7,3,ZERO,1.168169896931168,1.168169896931168,0.0,0.0,0.0,0.0,0.0,0.0,0.0,,0
7,3,LSQ,0.7318418123799431,0.320087763350026,-0.16156695907125498,0.07129933450847618,0.04243098260130749,0.0,0.0,0.0,0.064626783628502,,0
7,3,LSQ_PLUS_ML_THETA,0.6917299978590032,0.2658085976610701,-0.16238895414738908,0.059441081785646326,0.04258054196004405,0.0,-0.0072329519745625084,0.0,0.06495558165895562,,0
7,3,LSQ_PLUS_ML_Z_THETA,0.6977185760831708,0.2747397491370329,-0.14578508061969225,0.05967682775678174,0.04256000354462053,0.026640378648628782,-0.007191803175998941,0.0,0.0583140322478769,,0
7,3,LSQ_PLUS_ML_ALL,0.6976679222318217,0.27348815348407735,-0.14400641865273925,0.05959290045580582,-0.003692734702064167,0.028390462160452573,-0.007234123781089043,-0.03489472377485533,0.0576025674610957,,0
7,3,DIRECT_NONLINEAR_REFERENCE,0.8405074507403296,0.2084115633595828,-0.21006074224806248,0.06258481884312636,0.094265002079687,0.012657314690125293,-0.018064474886646975,0.06474333999873566,0.094265002079687,False,551
7,4,ZERO,0.49907530601687494,0.49907530601687494,0.0,0.0,0.0,0.0,0.0,0.0,0.0,,0
7,4,LSQ,0.9176925473533215,0.1888773625681862,0.09958737857408692,-0.08036208117515747,0.19737720359343103,0.0,0.0,0.0,0.19737720359343103,,0
7,4,LSQ_PLUS_ML_THETA,0.8393947508176776,0.19124327900850155,0.09935792060113761,-0.07235763669296912,0.19744350061558924,0.0,-0.00043685314998356817,0.0,0.19744350061558924,,0
7,4,LSQ_PLUS_ML_Z_THETA,0.8284173246541219,0.19596518763866558,0.08289218082006067,-0.0722419366193017,0.197416667291565,0.011587718951963907,-0.0002155696206202068,0.0,0.197416667291565,,0
7,4,LSQ_PLUS_ML_ALL,0.8314052174363717,0.19715376953002217,0.08211023735626709,-0.072150618845382,0.15486794223799016,0.012721440780303683,-0.00017495464198470645,-0.0816848214339331,0.15486794223799016,,0
7,4,DIRECT_NONLINEAR_REFERENCE,0.7465736173046746,0.17096575570200123,0.07867469120189997,-0.06634320714460415,0.12916187484565586,-0.014204834069741504,-0.004429740847432827,0.0019918697204843183,0.12916187484565586,False,659
7,5,ZERO,0.727921845534178,0.727921845534178,0.0,0.0,0.0,0.0,0.0,0.0,0.0,,0
7,5,LSQ,1.0615132520678912,0.30399100316579,0.60616988476557,-0.05186464199630368,0.32302125211245825,0.0,0.0,0.0,0.32302125211245825,,0
7,5,LSQ_PLUS_ML_THETA,1.066057784778315,0.27581157958295954,0.6065868830111862,-0.05991595058735209,0.3238009536343277,0.0,-0.007447522616857223,0.0,0.3238009536343277,,0
7,5,LSQ_PLUS_ML_Z_THETA,1.0618360334899655,0.25228513914223727,0.5387852929838448,-0.06010343177308845,0.32413908190306573,-0.05783269798504764,-0.007277042860365339,0.0,0.32413908190306573,,0
7,5,LSQ_PLUS_ML_ALL,1.074187539489273,0.2512195297164117,0.5364069822118651,-0.06028924649628018,0.36475879006878775,-0.05914120788437205,-0.007418351958083998,-0.044802366122195625,0.36475879006878775,,0
7,5,DIRECT_NONLINEAR_REFERENCE,1.056059918351792,0.250938352627501,0.6252663171229622,-0.05678070853657515,0.16948351083460533,0.002325467023986394,-0.0075128579432139145,-0.15893469826973233,0.2501065268491849,False,1107
7,6,ZERO,1.1505566408219825,1.1505566408219825,0.0,0.0,0.0,0.0,0.0,0.0,0.0,,0
7,6,LSQ,0.793756208966633,0.3118444047636116,-0.13880228563900548,-0.05620240513414806,-0.14276721930939157,0.0,0.0,0.0,0.14276721930939157,,0
7,6,LSQ_PLUS_ML_THETA,0.728561326314614,0.3052763890199634,-0.13891791909719117,-0.04955561549916695,-0.14289439668204648,0.0,-0.0017672760919675012,0.0,0.14289439668204648,,0
7,6,LSQ_PLUS_ML_Z_THETA,0.7022009522994698,0.29975088720919174,-0.06951152516375934,-0.05023373023511541,-0.14284236417826804,0.003448010388109435,-0.0022685883761098466,0.0,0.14284236417826804,,0
7,6,LSQ_PLUS_ML_ALL,0.6975696267537933,0.2994590175455918,-0.07164395380460158,-0.050194584700237806,-0.08429308010178947,-0.00013843922303735656,-0.0024074300233512397,0.01860285009960086,0.08429308010178947,,0
7,6,DIRECT_NONLINEAR_REFERENCE,0.7196534796027255,0.25222944472450076,-0.10920552591960152,-0.05633209918562586,-0.026069577385918516,0.03428264572269786,-0.008242372364893766,-0.060243723961391306,0.04694341598802155,False,1127
7,7,ZERO,1.2392820110827318,1.2392820110827318,0.0,0.0,0.0,0.0,0.0,0.0,0.0,,0
7,7,LSQ,0.4344239033213735,0.1420006503082944,-0.4877659480182716,-0.0056080201457576985,0.06098760256683231,0.0,0.0,0.0,0.19510637920730864,,0
7,7,LSQ_PLUS_ML_THETA,0.42784615392578823,0.12671203472719206,-0.4880404267617855,-0.006880880870159811,0.06070604943894146,0.0,-0.002309283528760327,0.0,0.1952161707047142,,0
7,7,LSQ_PLUS_ML_Z_THETA,0.43252773103633396,0.12049612137726942,-0.4798646175792034,-0.006524602472475603,0.06014860584375402,0.018345825376437364,-0.002332747885132872,0.0,0.19194584703168135,,0
7,7,LSQ_PLUS_ML_ALL,0.4338355145357336,0.11879965957162479,-0.4751994571992416,-0.006639715335406696,0.03316669990004236,0.019264550547861636,-0.0025618773220922875,-0.003126586050252532,0.19007978287969665,,0
7,7,DIRECT_NONLINEAR_REFERENCE,0.41601515732738886,0.10652452089894762,-0.46117481729742665,-0.0008958437006656697,0.03096574337477618,0.06400109017271033,-0.0033849073912547703,-0.07910063068492679,0.18446992691897066,False,687
7,8,ZERO,0.6997995542332993,0.6997995542332993,0.0,0.0,0.0,0.0,0.0,0.0,0.0,,0
7,8,LSQ,1.0828746546447807,0.15084619865568547,-0.36823961743326034,0.08815451676778174,-0.3064199459101632,0.0,0.0,0.0,0.3064199459101632,,0
7,8,LSQ_PLUS_ML_THETA,1.1052250258285852,0.13081932990915426,-0.36836766461085474,0.08561122645023084,-0.306378934246281,0.0,-0.004949809065039848,0.0,0.306378934246281,,0
7,8,LSQ_PLUS_ML_Z_THETA,1.1146527399106538,0.12058046146092309,-0.3602655554237491,0.08552235402927529,-0.3063722894616118,0.026796060365600338,-0.005038662607389541,0.0,0.3063722894616118,,0
7,8,LSQ_PLUS_ML_ALL,1.1168979343594034,0.11973398742893351,-0.3613618544551317,0.08574274210581244,-0.2753778285833153,0.026921911670177046,-0.005057477103800889,0.025720239229493402,0.2753778285833153,,0
7,8,DIRECT_NONLINEAR_REFERENCE,1.1346361574213728,0.10500548256532544,-0.36557666500087005,0.08770235618063053,-0.3004095757255871,0.06716168611977952,-0.0034724347494788504,-0.07536725849439019,0.3004095757255871,False,871
7,9,ZERO,1.2240744081478547,1.2240744081478547,0.0,0.0,0.0,0.0,0.0,0.0,0.0,,0
7,9,LSQ,0.7255974409177662,0.1327868117504833,-0.38377580473354533,0.047120922178858216,-0.05705907954222746,0.0,0.0,0.0,0.15351032189341812,,0
7,9,LSQ_PLUS_ML_THETA,0.768195058403829,0.13390152190085786,-0.38343321571086086,0.05042489621080271,-0.056790018367915425,0.0,-0.001840518010391659,0.0,0.15337328628434435,,0
7,9,LSQ_PLUS_ML_Z_THETA,0.7860227721197,0.12218086773590457,-0.37510373821871545,0.0502878055886542,-0.05655315731122698,0.035725453280958164,-0.002007708536412807,0.0,0.15004149528748617,,0
7,9,LSQ_PLUS_ML_ALL,0.789155780897761,0.12113593252363125,-0.37909700691942694,0.05052793602830919,-0.06857805709501222,0.03168910460280916,-0.001751149383707143,0.017045662033521577,0.15163880276777078,,0
7,9,DIRECT_NONLINEAR_REFERENCE,0.7868941918416995,0.10559060111246606,-0.36051418493742327,0.04914152463234479,-0.03396629841776313,0.08935031622652079,-0.001173186908114708,-0.0527448105784561,0.1442056739749693,False,427
7,10,ZERO,0.6445262841468687,0.6445262841468687,0.0,0.0,0.0,0.0,0.0,0.0,0.0,,0
7,10,LSQ,0.7845255244786371,0.25342337123000064,0.446486430945101,-0.046889096400820986,0.45978548435463734,0.0,0.0,0.0,0.45978548435463734,,0
7,10,LSQ_PLUS_ML_THETA,0.7758713995177404,0.22340376458122546,0.44731981878114585,-0.042218669879922836,0.4598874968866437,0.0,0.0032645040895246044,0.0,0.4598874968866437,,0
7,10,LSQ_PLUS_ML_Z_THETA,0.7529799858017536,0.21639288498098513,0.3667299667071304,-0.04235962160387705,0.45994029329972647,-0.044536217285056356,0.003012040005452639,0.0,0.45994029329972647,,0
7,10,LSQ_PLUS_ML_ALL,0.7524689627196322,0.21711829916436215,0.3721801499780306,-0.042677924701193866,0.41855886177243107,-0.043525284827465927,0.002973444987742997,-0.025558430894391693,0.41855886177243107,,0
7,10,DIRECT_NONLINEAR_REFERENCE,0.7410608168888619,0.17188369395583283,0.346246215841665,-0.0380156425043175,0.4801549716742457,-0.010285348110614712,0.008128252789588647,-0.030267703082346387,0.4801549716742457,False,587
8,1,ZERO,0.695310934823575,0.695310934823575,0.0,0.0,0.0,0.0,0.0,0.0,0.0,,0
8,1,LSQ,0.695310934823575,0.29592120054417115,0.07134531973723865,-0.06950764615241556,-0.1796536976109171,0.0,0.0,0.0,0.1796536976109171,,0
8,1,LSQ_PLUS_ML_THETA,0.695310934823575,0.2485218058190873,0.07134531973723865,-0.06281147847987495,-0.1796536976109171,0.0,0.006696167672540609,0.0,0.1796536976109171,,0
8,1,LSQ_PLUS_ML_Z_THETA,0.695310934823575,0.24497576708700547,0.060346351050554733,-0.06281147847987495,-0.1796536976109171,-0.010998968686683916,0.006696167672540609,0.0,0.1796536976109171,,0
8,1,LSQ_PLUS_ML_ALL,0.695310934823575,0.24650696774912487,0.060346351050554733,-0.06281147847987495,-0.13966338662842365,-0.010998968686683916,0.006696167672540609,0.03999031098249345,0.13966338662842365,,0
8,1,DIRECT_NONLINEAR_REFERENCE,0.695310934823575,0.18249169477257432,0.05011210227864536,-0.053381359052626566,-0.08600080682410945,-0.021233217458593287,0.016126287099788993,0.09365289078680765,0.08600080682410945,False,591
8,2,ZERO,0.8234987025610023,0.8234987025610023,0.0,0.0,0.0,0.0,0.0,0.0,0.0,,0
8,2,LSQ,0.21860217962724207,0.1587194550774332,-0.22637140522253754,-0.0061662078046683996,0.4994244678048649,0.0,0.0,0.0,0.4994244678048649,,0
8,2,LSQ_PLUS_ML_THETA,0.25129150074517875,0.15908662630434278,-0.2263714052225376,-0.013012153478042531,0.49942446780486505,0.0,0.00045913479956052536,0.0,0.49942446780486505,,0
8,2,LSQ_PLUS_ML_Z_THETA,0.24583579267807934,0.15933137439066491,-0.18462250864046945,-0.01280056125638059,0.49942446780486505,0.02975200565774297,0.0006727061934780742,0.0,0.49942446780486505,,0
8,2,LSQ_PLUS_ML_ALL,0.2439325401660944,0.159593828110683,-0.1783887808457672,-0.012926676312264282,0.3379008250495186,0.035985733452445184,0.0005465911375912031,-0.11790506245448168,0.3379008250495186,,0
8,2,DIRECT_NONLINEAR_REFERENCE,0.3202592333790472,0.15541903362327777,-0.19464415526302042,-0.018033636516530515,0.25672266777909303,0.008567570076837089,0.005728537774481658,-0.1405519032925165,0.25672266777909303,False,943
8,3,ZERO,0.9184229776483095,0.9184229776483095,0.0,0.0,0.0,0.0,0.0,0.0,0.0,,0
8,3,LSQ,0.2524771567611748,0.2268980624542039,0.12824103027986541,-0.008769015555041672,0.160426260836416,0.0,0.0,0.0,0.160426260836416,,0
8,3,LSQ_PLUS_ML_THETA,0.25233655900160157,0.21332156388769052,0.12943541563479238,-0.006748558329875365,0.15779118742839468,0.0,0.002003349758233063,0.0,0.15779118742839468,,0
8,3,LSQ_PLUS_ML_Z_THETA,0.23489129503245476,0.2146459259273887,0.08574275731835465,-0.00659807302978364,0.15833715147772962,-0.01100586962017594,0.0023935828683909165,0.0,0.15833715147772962,,0
8,3,LSQ_PLUS_ML_ALL,0.2756598991789914,0.22128844494093167,0.07621035720799738,-0.006876544535499864,0.22038645153550568,-0.013904147343530904,0.0019806518789576037,-0.06625117679279707,0.22038645153550568,,0
8,3,DIRECT_NONLINEAR_REFERENCE,0.32456969831201254,0.17873576456066176,0.08755902654506384,-0.0037967665711727437,0.22367081339496725,-0.03218243392094278,0.009809380755850531,-0.08930626983464501,0.22367081339496725,False,775
8,4,ZERO,0.673387440490258,0.673387440490258,0.0,0.0,0.0,0.0,0.0,0.0,0.0,,0
8,4,LSQ,1.192132162850478,0.35521113164789386,0.40623067503476834,0.08084381861194445,0.06109279915087808,0.0,0.0,0.0,0.16249227001390734,,0
8,4,LSQ_PLUS_ML_THETA,1.1757540407107931,0.3510806372251051,0.4061580591214773,0.0795425468201479,0.06128707122276941,0.0,0.0008429745713229575,0.0,0.16246322364859092,,0
8,4,LSQ_PLUS_ML_Z_THETA,1.1801870078525043,0.3619108048775413,0.3834375175145216,0.07908257064025793,0.06169166741256067,-0.036982796046698685,0.0008029338924263468,0.0,0.15337500700580864,,0
8,4,LSQ_PLUS_ML_ALL,1.1931786968443743,0.3606120694865559,0.38888340635441554,0.07955181730844821,0.11461937108142702,-0.034452745364136894,0.0007855179027916603,-0.007436862802237099,0.15555336254176622,,0
8,4,DIRECT_NONLINEAR_REFERENCE,1.1441995129755893,0.32705896201704143,0.4181222133489813,0.07829325242587912,-0.01512823940538342,-0.022266058637296637,0.007568477809996713,-0.1590175415093158,0.16724888533959253,False,447
8,5,ZERO,1.1590348364444452,1.1590348364444452,0.0,0.0,0.0,0.0,0.0,0.0,0.0,,0
8,5,LSQ,0.9122505759873798,0.5186162056621768,0.038434358261122646,-0.08569856370529487,-0.025640504795465008,0.0,0.0,0.0,0.07141546975441239,,0
8,5,LSQ_PLUS_ML_THETA,0.9179447081807065,0.45381812939501454,0.038573156111110715,-0.07735579529201699,-0.025644030562090796,0.0,0.009003573748991536,0.0,0.06446316274334749,,0
8,5,LSQ_PLUS_ML_Z_THETA,0.9303851294453812,0.45621935678618547,0.06879858537699014,-0.07727330303208035,-0.025717156746040033,-0.009303587849677664,0.009017714322367948,0.0,0.0643944191934003,,0
8,5,LSQ_PLUS_ML_ALL,0.9298643845322521,0.4567061690322798,0.06561464829636575,-0.07733871637502163,-0.03844086429775492,-0.009170360839953678,0.009020723611116624,-0.013804990429428728,0.06444893031251803,,0
8,5,DIRECT_NONLINEAR_REFERENCE,0.9836553855640148,0.3452190414883394,0.06362690453762514,-0.06649890547760043,0.09295303280654402,0.004291827275595045,0.026453894460594818,-0.04950998099054291,0.09295303280654402,False,847
8,6,ZERO,0.8365002035207115,0.8365002035207115,0.0,0.0,0.0,0.0,0.0,0.0,0.0,,0
8,6,LSQ,0.8616607579354273,0.3311505385523061,0.05810777605219126,0.06418459605924474,0.05013623465790109,0.0,0.0,0.0,0.053487163382703956,,0
8,6,LSQ_PLUS_ML_THETA,0.7823346369841837,0.3276810764078282,0.05808466916074991,0.055811108555562726,0.050142014862731295,0.0,0.0015154047216065503,0.0,0.050142014862731295,,0
8,6,LSQ_PLUS_ML_Z_THETA,0.7852436936584918,0.3290179273514438,0.06031988265995083,0.05583728751817618,0.050191496226717106,-0.003687576249321818,0.0014330557093525514,0.0,0.050191496226717106,,0
8,6,LSQ_PLUS_ML_ALL,0.7860467173391962,0.33098531049648144,0.06290389149777847,0.05569566693375207,0.01491330649254051,-0.0013274247738044587,0.0012968193581399945,-0.050475708386247875,0.046413055778126724,,0
8,6,DIRECT_NONLINEAR_REFERENCE,0.6398380515153081,0.2817933638925747,0.060447966269753635,0.04543024457759724,0.10849072782841056,0.009545849965901826,0.00956701078460482,0.02193158418257317,0.10849072782841056,False,847
8,7,ZERO,1.39481288380383,1.39481288380383,0.0,0.0,0.0,0.0,0.0,0.0,0.0,,0
8,7,LSQ,0.640106343093376,0.24296223920082635,0.6073045603909777,-0.012693990615748395,0.30277681990275024,0.0,0.0,0.0,0.30277681990275024,,0
8,7,LSQ_PLUS_ML_THETA,0.6434490070021678,0.2476006364714291,0.6074442493434183,-0.013728423574613725,0.3028948727738547,0.0,-0.00047740682300974856,0.0,0.3028948727738547,,0
8,7,LSQ_PLUS_ML_Z_THETA,0.645492527215109,0.242430685128391,0.5568608832245149,-0.013463990636465391,0.3028727978453199,-0.05403520765028902,-0.0002731788080590613,0.0,0.3028727978453199,,0
8,7,LSQ_PLUS_ML_ALL,0.6641806057610666,0.23885073755521125,0.553539418977515,-0.012675749404043255,0.31214122897247965,-0.05474160383722826,0.00037047417629070337,-0.04461024294604171,0.31214122897247965,,0
8,7,DIRECT_NONLINEAR_REFERENCE,0.6668255114532686,0.18992139567066027,0.5367142676016586,-0.012080605106510812,0.32095353962582035,-0.061255105635123375,0.007998321455948962,0.0450654446441946,0.32095353962582035,False,827
8,8,ZERO,1.4027588275241825,1.4027588275241825,0.0,0.0,0.0,0.0,0.0,0.0,0.0,,0
8,8,LSQ,0.9774021382744627,0.2749139498519572,-0.14611961420177305,0.07288889066410677,0.00931556514106099,0.0,0.0,0.0,0.060740742220088975,,0
8,8,LSQ_PLUS_ML_THETA,0.9828868334200436,0.2766942583548641,-0.14616495062875143,0.07314916976038945,0.009287918413347855,0.0,-0.00032735417291490654,0.0,0.06095764146699121,,0
8,8,LSQ_PLUS_ML_Z_THETA,0.9583351362352606,0.2801195677435312,-0.08845940605084791,0.07236385582480662,0.009243855300764462,-0.0015147591206216143,-0.0008805386858554698,0.0,0.06030321318733885,,0
8,8,LSQ_PLUS_ML_ALL,0.9503939015519568,0.27789870974532593,-0.08561654721602047,0.07188499885253673,0.05313441181178153,0.0014201195376710163,-0.0006583369428727059,0.0008930823709486016,0.05990416571044727,,0
8,8,DIRECT_NONLINEAR_REFERENCE,0.8776295435515575,0.2612071569774773,-0.08424226005067388,0.06748659967419952,0.05632490722086348,-0.007177584259837888,0.0026735035169357935,0.09369950100404706,0.05632490722086348,False,867
8,9,ZERO,0.8778807866119176,0.8778807866119176,0.0,0.0,0.0,0.0,0.0,0.0,0.0,,0
8,9,LSQ,0.76829239874448,0.4379956315612419,-0.4061756042868201,-0.04550388647885037,-0.21638984456712473,0.0,0.0,0.0,0.21638984456712473,,0
8,9,LSQ_PLUS_ML_THETA,0.7660274516037134,0.3931716240347899,-0.40614097302880026,-0.03900229636442258,-0.21638864288593657,0.0,0.006217927988741927,0.0,0.21638864288593657,,0
8,9,LSQ_PLUS_ML_Z_THETA,0.7627894295539411,0.3849476955200777,-0.38728878580088655,-0.0383120360131821,-0.21636101379695857,0.023997693303677126,0.006101836787982477,0.0,0.21636101379695857,,0
8,9,LSQ_PLUS_ML_ALL,0.7666405343831291,0.3825383358427335,-0.39033428087283345,-0.038495616714610256,-0.1506000323629107,0.024218858190748316,0.00607094659590128,0.07143345983559535,0.15613371234913337,,0
8,9,DIRECT_NONLINEAR_REFERENCE,0.7932373049318909,0.3090178134769709,-0.38074552703434905,-0.03063840679079947,-0.18029212399481456,0.025639859160403122,0.016557664585798725,0.13470801654174372,0.18029212399481456,False,715
8,10,ZERO,0.9073432643354795,0.9073432643354795,0.0,0.0,0.0,0.0,0.0,0.0,0.0,,0
8,10,LSQ,1.2494857774155221,0.2433348556641105,-0.5603229563503804,0.08328201619451092,-0.21714232402972278,0.0,0.0,0.0,0.22412918254015218,,0
8,10,LSQ_PLUS_ML_THETA,1.1913523875757517,0.20810230470495655,-0.5603607010666204,0.07316041770680089,-0.2171604799188094,0.0,-0.0031714409460216197,0.0,0.22414428042664816,,0
8,10,LSQ_PLUS_ML_Z_THETA,1.2080490135836333,0.2045178089700087,-0.5673916756418721,0.07268468659957326,-0.21717214295983858,0.019116177954214497,-0.003686482587691206,0.0,0.22695667025674884,,0
8,10,LSQ_PLUS_ML_ALL,1.2174225694619374,0.20247495014710165,-0.5842323660116926,0.07274261975502196,-0.21906804658201898,0.0020867033356317677,-0.003686115293130704,0.07695430609192375,0.23369294640467703,,0
8,10,DIRECT_NONLINEAR_REFERENCE,1.1327677099193296,0.23370315786896526,-0.4333709906019276,0.061035290582997434,-0.5112408553847017,0.15528316702650508,-0.0040397712749057485,-0.1553908160886412,0.5112408553847017,False,647
9,1,ZERO,1.2728754933112696,1.2728754933112696,0.0,0.0,0.0,0.0,0.0,0.0,0.0,,0
9,1,LSQ,1.2728754933112696,0.19649061063614112,-0.8084257688442054,-0.08708495033078309,-0.23153070910673834,0.0,0.0,0.0,0.32337030753768214,,0
9,1,LSQ_PLUS_ML_THETA,1.2728754933112696,0.1894889058348673,-0.8084257688442054,-0.08628345004354168,-0.23153070910673834,0.0,0.0008015002872414079,0.0,0.32337030753768214,,0
9,1,LSQ_PLUS_ML_Z_THETA,1.2728754933112696,0.16828219973929842,-0.7670398673664051,-0.08628345004354168,-0.23153070910673834,0.0413859014778003,0.0008015002872414079,0.0,0.306815946946562,,0
9,1,LSQ_PLUS_ML_ALL,1.2728754933112696,0.1661415264642923,-0.7670398673664051,-0.08628345004354168,-0.12872445936020344,0.0413859014778003,0.0008015002872414079,0.1028062497465349,0.306815946946562,,0
9,1,DIRECT_NONLINEAR_REFERENCE,1.2728754933112696,0.10317357498103512,-0.7010649424654519,-0.08153105034733289,-0.27870144532712604,0.10736082637875344,0.005553899983450197,-0.0471707362203877,0.28042597698618077,False,667
9,2,ZERO,1.368055065769605,1.368055065769605,0.0,0.0,0.0,0.0,0.0,0.0,0.0,,0
9,2,LSQ,0.464157637743675,0.12748806970137805,-0.28276646583214304,0.0272751399539402,0.15510433058586978,0.0,0.0,0.0,0.15510433058586978,,0
9,2,LSQ_PLUS_ML_THETA,0.45788187525475216,0.12399935521542982,-0.28276646583214304,0.027565422993725556,0.15510433058586995,0.0,0.0011844295352784091,0.0,0.15510433058586995,,0
9,2,LSQ_PLUS_ML_Z_THETA,0.4884856822187132,0.1244772919056506,-0.29653535133259357,0.027677209045751154,0.15510433058586975,0.03249660582178204,0.0012859856619152552,0.0,0.15510433058586975,,0
9,2,LSQ_PLUS_ML_ALL,0.5045632073016132,0.12542134923402282,-0.2983727325209312,0.028325447448555162,0.017937072816097983,0.030659224633444393,0.001934224064719263,-0.022239674083550705,0.11934909300837249,,0
9,2,DIRECT_NONLINEAR_REFERENCE,0.49508220368908584,0.11880899750292404,-0.37832493517307836,0.022779414554916583,0.1795068866976848,0.02446069669893769,0.0016750786588963333,-0.028329828814929126,0.1795068866976848,False,867
9,3,ZERO,1.5349839656554565,1.5349839656554565,0.0,0.0,0.0,0.0,0.0,0.0,0.0,,0
9,3,LSQ,0.258402563785232,0.0631064908956496,0.012676010660419118,-0.021945796614882898,0.2388030470445839,0.0,0.0,0.0,0.2388030470445839,,0
9,3,LSQ_PLUS_ML_THETA,0.26673011946552794,0.05640168064954014,0.012592800908889857,-0.021744436252039527,0.23884868963084724,0.0,0.001400581744099974,0.0,0.23884868963084724,,0
9,3,LSQ_PLUS_ML_Z_THETA,0.25716145313864713,0.0538170752851331,-0.027106189443004993,-0.022125225310810438,0.2383406421347902,-0.009267164807164632,0.001219701434813876,0.0,0.2383406421347902,,0
9,3,LSQ_PLUS_ML_ALL,0.27202778835706853,0.055492014788441305,-0.02503074257058066,-0.022842136098242614,0.2223813470700919,-0.009405234670039408,0.0012252171971308887,-0.049528087064372533,0.2223813470700919,,0
9,3,DIRECT_NONLINEAR_REFERENCE,0.2708732981956346,0.05386550098005557,-0.0063001175295082645,-0.02105318267619487,0.27761346821835087,-0.004394666791921041,0.0023429534439354943,0.013499107736598959,0.27761346821835087,False,339
9,4,ZERO,1.5793318799305305,1.5793318799305305,0.0,0.0,0.0,0.0,0.0,0.0,0.0,,0
9,4,LSQ,0.6880897513047033,0.24366756234508258,-0.42432897969063216,0.028585774810921224,-0.0650406228245691,0.0,0.0,0.0,0.16973159187625286,,0
9,4,LSQ_PLUS_ML_THETA,0.6786191636898774,0.2303508971046265,-0.4243272396329657,0.029951110046659294,-0.06508277469901785,0.0,0.0027716034433205895,0.0,0.1697308958531863,,0
9,4,LSQ_PLUS_ML_Z_THETA,0.671935171194765,0.22846157671838674,-0.3711759180143576,0.030174743043781174,-0.06451748760552257,0.0421017864038129,0.002849456558683121,0.0,0.14847036720574305,,0
9,4,LSQ_PLUS_ML_ALL,0.6652199425666537,0.22701928765484317,-0.3679835642567534,0.030540407933677675,-0.03800795433514063,0.0451885170396627,0.003134827742375293,-0.02319727949790346,0.14719342570270136,,0
9,4,DIRECT_NONLINEAR_REFERENCE,0.6708060996748508,0.19391474875684628,-0.36276072528303327,0.03493660685229148,-0.12189939343141358,0.05628903113215655,0.008715165577726575,-0.04128512988222224,0.1451042901132133,False,787
9,5,ZERO,0.7600074406898223,0.7600074406898223,0.0,0.0,0.0,0.0,0.0,0.0,0.0,,0
9,5,LSQ,1.150749004441252,0.2016656267734541,0.7718146910717752,0.06618520101324334,0.17399711401818374,0.0,0.0,0.0,0.3087258764287101,,0
9,5,LSQ_PLUS_ML_THETA,1.1311507377681953,0.22663161129875808,0.7716743782921185,0.05860260689496467,0.17397976734555026,0.0,-0.004688185888051893,0.0,0.3086697513168474,,0
9,5,LSQ_PLUS_ML_Z_THETA,1.0978721225405852,0.2006266684475589,0.6666744690948172,0.05843941338525814,0.1738891457302929,-0.05748279564864012,-0.0047637238351196515,0.0,0.26666978763792687,,0
9,5,LSQ_PLUS_ML_ALL,1.096512211328665,0.19080524169246826,0.6615564826540039,0.05824855416118467,0.15666432659126167,-0.05911565854297829,-0.004640881173151132,-0.03782758257059726,0.2646225930616016,,0
9,5,DIRECT_NONLINEAR_REFERENCE,1.0520005847920675,0.15293645784169,0.6284818285230676,0.05913361596168983,0.18093798546909504,-0.08071123690548354,0.0022606131717482075,-0.039847575710894256,0.251392731409227,False,1051
9,6,ZERO,0.7948337346284047,0.7948337346284047,0.0,0.0,0.0,0.0,0.0,0.0,0.0,,0
9,6,LSQ,0.30072189697876706,0.35217263341716243,0.05064447967377394,-0.005312464027041064,-0.005484797946823991,0.0,0.0,0.0,0.020257791869509576,,0
9,6,LSQ_PLUS_ML_THETA,0.3364652621566197,0.3137915505016503,0.05100597110698534,0.005561700578143317,-0.005404962010745095,0.0,0.005259348090053019,0.0,0.020402388442794135,,0
9,6,LSQ_PLUS_ML_Z_THETA,0.36355440710996906,0.31642304337621346,0.11367677578654874,0.005200594265163323,-0.005095108128583589,-0.008148626138876555,0.004685221725894801,0.0,0.045470710314619495,,0
9,6,LSQ_PLUS_ML_ALL,0.3668190481174808,0.31743954042903155,0.11388256450982415,0.004731818239577485,-0.006022234426955819,-0.010221770286462456,0.00431089320844461,-0.040739005091753856,0.045553025803929656,,0
9,6,DIRECT_NONLINEAR_REFERENCE,0.3421059223628192,0.2593664715501655,0.1304223674655289,0.006596166110315413,-0.006206973583365813,-0.019871231124741484,0.013097352319484355,-0.04040431246111837,0.052168946986211565,False,787
9,7,ZERO,0.4998309470168156,0.4998309470168156,0.0,0.0,0.0,0.0,0.0,0.0,0.0,,0
9,7,LSQ,0.41881432601026425,0.2058409468811911,0.4372003013088473,0.00948714264624698,-0.3523806560046117,0.0,0.0,0.0,0.3523806560046117,,0
9,7,LSQ_PLUS_ML_THETA,0.3849053146299548,0.19256750512383375,0.43706363169127843,0.0058546391114810995,-0.3523739955228616,0.0,0.002360683128831327,0.0,0.3523739955228616,,0
9,7,LSQ_PLUS_ML_Z_THETA,0.38872267853369596,0.17952257682478606,0.3987807488754338,0.006345139400272711,-0.3523662208440434,-0.0414972000183062,0.0022828059161418635,0.0,0.3523662208440434,,0
9,7,LSQ_PLUS_ML_ALL,0.3949966436242226,0.18046556518821052,0.3993380057434843,0.006590839831054934,-0.29384421886721757,-0.04294020400420706,0.0021216837297873244,0.017711244013085103,0.29384421886721757,,0
9,7,DIRECT_NONLINEAR_REFERENCE,0.3745164358727284,0.4120630490728247,0.39604876666720135,0.010902369627847542,0.3467241283133291,-0.05439662806406953,0.01537224897889954,0.6585886872633238,0.3467241283133291,False,971
9,8,ZERO,0.924939090705398,0.924939090705398,0.0,0.0,0.0,0.0,0.0,0.0,0.0,,0
9,8,LSQ,0.5890805162606718,0.13330703101253277,-0.6909748165012233,0.009318193363995529,0.001167220148937373,0.0,0.0,0.0,0.27638992660048933,,0
9,8,LSQ_PLUS_ML_THETA,0.5764514348688557,0.12573323982603038,-0.6907093444196437,0.005455879788626676,0.0009613941844689603,0.0,-0.0017975118174105107,0.0,0.2762837377678575,,0
9,8,LSQ_PLUS_ML_Z_THETA,0.5455815571779645,0.10997386680225679,-0.6208672211267315,0.005708427909366089,0.0009360786219068874,0.025304903311642146,-0.0015847753746383465,0.0,0.2483468884506926,,0
9,8,LSQ_PLUS_ML_ALL,0.5511667598675202,0.11018948599365658,-0.6222143529856258,0.00588518121381035,0.01876687217422438,0.02253229491163622,-0.001549972481146039,0.04016172809098413,0.2488857411942503,,0
9,8,DIRECT_NONLINEAR_REFERENCE,0.7667866926364519,0.0968066592970375,-0.5712341695797502,-0.006248507444779514,-0.6533901132326256,0.06394480559408333,-3.051987299710138e-05,0.06107414899227337,0.6533901132326256,False,491
9,9,ZERO,1.5751503288863076,1.5751503288863076,0.0,0.0,0.0,0.0,0.0,0.0,0.0,,0
9,9,LSQ,0.8132927554118463,0.18407557013219522,-0.01277880260199448,0.08017647938836266,-0.1278612705194311,0.0,0.0,0.0,0.1278612705194311,,0
9,9,LSQ_PLUS_ML_THETA,0.8337648595650837,0.13833736814956965,-0.01302010238377632,0.07672376075331824,-0.12784158413820448,0.0,-0.005608049584562735,0.0,0.12784158413820448,,0
9,9,LSQ_PLUS_ML_Z_THETA,0.8231824221139655,0.1432855213824764,-0.025230985285519904,0.07654027516372708,-0.12783680942417278,0.02124082956342696,-0.005569075755678832,0.0,0.12783680942417278,,0
9,9,LSQ_PLUS_ML_ALL,0.8257942917250486,0.1418051398589917,-0.019919865182090945,0.0763489297980293,-0.20111114313360695,0.023320973159325114,-0.00570664445350727,-0.03147440021520467,0.20111114313360695,,0
9,9,DIRECT_NONLINEAR_REFERENCE,0.8126336575895929,0.1141947190905464,-0.06880698907422254,0.07264634596968043,-0.08310413753399988,0.008645138400836846,-0.009113490464156493,0.03211686920278986,0.08310413753399988,False,535
9,10,ZERO,1.0142219381591882,1.0142219381591882,0.0,0.0,0.0,0.0,0.0,0.0,0.0,,0
9,10,LSQ,0.9187352672238459,0.15355926448511162,-0.0725241783233421,-0.09083725870414913,0.2612435121690419,0.0,0.0,0.0,0.2612435121690419,,0
9,10,LSQ_PLUS_ML_THETA,0.8623936224236105,0.11731062452278103,-0.07248858123647038,-0.08102195345150388,0.26137269179309863,0.0,0.003967493565079902,0.0,0.26137269179309863,,0
9,10,LSQ_PLUS_ML_Z_THETA,0.8662423738315383,0.13162059966437184,-0.06182417054492444,-0.08129849679350984,0.26111010994597417,0.030818220145689662,0.003553192137060193,0.0,0.26111010994597417,,0
9,10,LSQ_PLUS_ML_ALL,0.8673788669590996,0.1389101036776216,-0.06489782328620992,-0.08067205031927274,0.19548803788482888,0.0303058662702759,0.004038274206174947,-0.10381248352541395,0.19548803788482888,,0
9,10,DIRECT_NONLINEAR_REFERENCE,0.8212555505355029,0.10037193055910926,-0.08856476788315547,-0.07463556249333704,0.24346337952896885,-0.012351856354067686,0.006159273686722894,0.01871994951820105,0.24346337952896885,False,863
10,1,ZERO,0.5334079383771158,0.5334079383771158,0.0,0.0,0.0,0.0,0.0,0.0,0.0,,0
10,1,LSQ,0.5334079383771158,0.1039179601096092,-0.030533752542736575,-0.05015064927832722,0.09068498073634208,0.0,0.0,0.0,0.09068498073634208,,0
10,1,LSQ_PLUS_ML_THETA,0.5334079383771158,0.08011443062364723,-0.030533752542736575,-0.04682440341507076,0.09068498073634208,0.0,0.003326245863256458,0.0,0.09068498073634208,,0
10,1,LSQ_PLUS_ML_Z_THETA,0.5334079383771158,0.0829765821987221,-0.03941621343799353,-0.04682440341507076,0.09068498073634208,-0.008882460895256954,0.003326245863256458,0.0,0.09068498073634208,,0
10,1,LSQ_PLUS_ML_ALL,0.5334079383771158,0.08239293974803263,-0.039416213437993536,-0.04682440341507076,0.09757888189103046,-0.00888246089525696,0.003326245863256458,0.006893901154688381,0.09757888189103046,,0
10,1,DIRECT_NONLINEAR_REFERENCE,0.5334079383771158,0.07317009319171586,-0.014868932513344434,-0.04626875408291809,0.0759555438818556,0.01566482002939214,0.0038818951954091296,-0.01472943685448648,0.0759555438818556,False,523
10,2,ZERO,1.5361466500031256,1.5361466500031256,0.0,0.0,0.0,0.0,0.0,0.0,0.0,,0
10,2,LSQ,1.0760949156125397,0.3111836931881848,0.5057264766486794,-0.08684860767705067,0.305369480365352,0.0,0.0,0.0,0.305369480365352,,0
10,2,LSQ_PLUS_ML_THETA,1.106236558130946,0.27084582796088363,0.5057264766486794,-0.08553431196628447,0.305369480365352,0.0,0.004888506256584435,0.0,0.305369480365352,,0
10,2,LSQ_PLUS_ML_Z_THETA,1.111791140462624,0.2658776409191746,0.4705994528106069,-0.08439107027161831,0.305369480365352,-0.04467244662243752,0.006032939459662018,0.0,0.305369480365352,,0
10,2,LSQ_PLUS_ML_ALL,1.1109248258547413,0.2698807322015889,0.471221580915521,-0.08436905103045286,0.19373253374336713,-0.0440503185175235,0.006054958700827465,-0.1042285040821182,0.19373253374336713,,0
10,2,DIRECT_NONLINEAR_REFERENCE,1.103398134635175,0.1912421529747776,0.45323799373346674,-0.07438726528751782,0.27110034718163417,-0.035654484794108654,0.016630548293186415,-0.05009793376157967,0.27110034718163417,False,743
10,3,ZERO,0.8044878463357141,0.8044878463357141,0.0,0.0,0.0,0.0,0.0,0.0,0.0,,0
10,3,LSQ,1.2605773086290157,0.37168960615522645,-0.212071465629237,0.09709732320330519,0.05605585414724396,0.0,0.0,0.0,0.0848285862516948,,0
10,3,LSQ_PLUS_ML_THETA,1.2144874355555975,0.3794769059197986,-0.21258919799501372,0.09164113625733798,0.05574323523009079,0.0,-0.0005073433971392871,0.0,0.08503567919800549,,0
10,3,LSQ_PLUS_ML_Z_THETA,1.1852909749689793,0.3746419792618535,-0.15142552853516986,0.09047952162966375,0.05563102025991064,0.012726077009186848,-0.00041721950591376566,0.0,0.07539960135805313,,0
10,3,LSQ_PLUS_ML_ALL,1.1831626450849426,0.37287312094026054,-0.14379126252290708,0.09042404255342099,0.14357080619774282,0.02105215381256778,-0.0004482710020436431,-0.02884544084196311,0.14357080619774282,,0
10,3,DIRECT_NONLINEAR_REFERENCE,1.0767732903721712,0.3220126880573002,-0.14275454524534492,0.0872121329426093,0.1092041637187525,0.028076773605415162,0.008118650145450448,-0.0006098562074391134,0.1092041637187525,False,991
10,4,ZERO,0.6602950432495535,0.6602950432495535,0.0,0.0,0.0,0.0,0.0,0.0,0.0,,0
10,4,LSQ,0.7479273990360219,0.39186928155444545,-0.5956427563341985,-0.006158208118478299,-0.38630128052442975,0.0,0.0,0.0,0.38630128052442975,,0
10,4,LSQ_PLUS_ML_THETA,0.7542092811431043,0.38161553869976583,-0.5958900109000118,-0.003536588168921176,-0.3861834266309476,0.0,0.0013392729160881202,0.0,0.3861834266309476,,0
10,4,LSQ_PLUS_ML_Z_THETA,0.7691640169188431,0.38822509046976045,-0.6334946824174906,-0.003128601599514863,-0.38605313072348574,-0.017415650865728605,0.0015276681230400636,0.0,0.38605313072348574,,0
10,4,LSQ_PLUS_ML_ALL,0.768887095476244,0.3787768993336768,-0.6410261749623829,-0.003186094245841466,-0.20584929234855487,-0.01574786085762525,0.0014362716746973048,0.16144697327954471,0.25641046998495315,,0
10,4,DIRECT_NONLINEAR_REFERENCE,0.7451029092252068,0.3165607379854391,-0.6006100732909708,0.0032552086426028025,-0.5218490290338398,0.03233597578223679,0.015757412271938307,-0.1306604013858283,0.5218490290338398,False,611
10,5,ZERO,1.613224929685708,1.613224929685708,0.0,0.0,0.0,0.0,0.0,0.0,0.0,,0
10,5,LSQ,1.3967806643482015,0.5986017461680075,0.6528683657674251,-0.10470071522989689,0.5886677064887375,0.0,0.0,0.0,0.5886677064887375,,0
10,5,LSQ_PLUS_ML_THETA,1.409000164762163,0.5606557808151278,0.6528627957738797,-0.10108965997625584,0.5886317857276993,0.0,0.005250653653276205,0.0,0.5886317857276993,,0
10,5,LSQ_PLUS_ML_Z_THETA,1.4238825356675229,0.5802003128967611,0.6070964472152623,-0.10153945592665457,0.5888829917149881,-0.06798606020461029,0.005034113561864825,0.0,0.5888829917149881,,0
10,5,LSQ_PLUS_ML_ALL,1.4010756987978146,0.5815532625773819,0.6069580957988727,-0.10130583998658091,0.347675292058742,-0.06720601144391469,0.0051704385141536635,-0.058667524553969175,0.347675292058742,,0
10,5,DIRECT_NONLINEAR_REFERENCE,1.5434645963926934,0.40033300105300923,0.5699893007499494,-0.0896357270689516,0.713463688183519,-0.05215485255727015,0.03190555090112998,-0.022512272175239434,0.713463688183519,False,563
10,6,ZERO,2.2374064118186805,2.2374064118186805,0.0,0.0,0.0,0.0,0.0,0.0,0.0,,0
10,6,LSQ,0.6196131632376651,0.48698577139147053,0.24204302560986793,-0.034865618500547216,0.3904527096934547,0.0,0.0,0.0,0.3904527096934547,,0
10,6,LSQ_PLUS_ML_THETA,0.6570394076001097,0.43575604097357207,0.24193068564872133,-0.032813278526970205,0.39035541418772013,0.0,0.007758798363370199,0.0,0.39035541418772013,,0
10,6,LSQ_PLUS_ML_Z_THETA,0.6962219202417476,0.4510388703314177,0.28736122197963865,-0.03370043667595951,0.3899743699917088,-0.028117020951069716,0.0065492819785558515,0.0,0.3899743699917088,,0
10,6,LSQ_PLUS_ML_ALL,0.7295591929264111,0.45763240034650626,0.2833486114900498,-0.034432462186816205,0.43713637788307613,-0.03139781729660801,0.005989439246421313,-0.0428708108218257,0.43713637788307613,,0
10,6,DIRECT_NONLINEAR_REFERENCE,0.8797861836495464,0.3667321814227006,0.28766239319949,-0.047731096580476896,0.42179887660560605,-0.0157119467084188,0.020795165524765867,0.026873977741139088,0.42179887660560605,False,583
10,7,ZERO,2.4617602076058587,2.4617602076058587,0.0,0.0,0.0,0.0,0.0,0.0,0.0,,0
10,7,LSQ,1.041731376185507,0.5130139891643255,0.5727798563825158,0.030144586804604377,0.18672193269799528,0.0,0.0,0.0,0.22911194255300632,,0
10,7,LSQ_PLUS_ML_THETA,0.9879790991422821,0.47990287749566035,0.5726839011905833,0.027787358040449905,0.1865585310313058,0.0,0.00559810047408902,0.0,0.22907356047623334,,0
10,7,LSQ_PLUS_ML_Z_THETA,1.0122440300848086,0.507552098650296,0.5252417867972874,0.028076685874622108,0.1852986415666455,-0.06994059907806072,0.004469630272376155,0.0,0.21009671471891495,,0
10,7,LSQ_PLUS_ML_ALL,1.0248381133460829,0.5078436316975103,0.5318142605952024,0.028440045194339417,0.2268219349751253,-0.06618927207218717,0.004087881388311957,0.005013492568480327,0.2268219349751253,,0
10,7,DIRECT_NONLINEAR_REFERENCE,0.9145831772217392,0.42572108280590826,0.5343963851774567,0.0271642453194763,0.281969489768578,-0.04784021290680185,0.01622073741842532,0.12766221580432072,0.281969489768578,False,891
10,8,ZERO,2.252766593774711,2.252766593774711,0.0,0.0,0.0,0.0,0.0,0.0,0.0,,0
10,8,LSQ,0.7078722865631564,0.6148172858343534,-0.5807764822961918,-0.011596516884521884,0.07678961840790115,0.0,0.0,0.0,0.23231059291847672,,0
10,8,LSQ_PLUS_ML_THETA,0.691186858133941,0.5763880499664377,-0.580230928834015,-0.010763472974273847,0.07698396561855161,0.0,0.006104789028639505,0.0,0.23209237153360598,,0
10,8,LSQ_PLUS_ML_Z_THETA,0.6514614518827141,0.5635300971682888,-0.489745341696693,-0.00917495664509757,0.0769951305581431,0.015034211907860862,0.006619778802406395,0.0,0.1958981366786772,,0
10,8,LSQ_PLUS_ML_ALL,0.6557204874469045,0.5618343272066079,-0.49366258044015454,-0.008938453928669439,0.10887934446702621,0.01585353360573527,0.0065297957468019325,0.04218429805514312,0.19746503217606182,,0
10,8,DIRECT_NONLINEAR_REFERENCE,0.6890616867949727,0.43352011116520306,-0.44136933742159823,-0.004133672996727964,0.0313696241751601,0.085597623990467,0.023242770407760405,0.09362524053420987,0.1765477349686393,False,499
10,9,ZERO,2.181609924546483,2.181609924546483,0.0,0.0,0.0,0.0,0.0,0.0,0.0,,0
10,9,LSQ,0.697003572394511,0.7675236827562295,-0.13831505480013367,-0.011343577808617632,-0.1958857173736976,0.0,0.0,0.0,0.1958857173736976,,0
10,9,LSQ_PLUS_ML_THETA,0.6687221959420956,0.7087081230867367,-0.13752721255617878,-0.008463138307845655,-0.1960205534552868,0.0,0.009062713803318011,0.0,0.1960205534552868,,0
10,9,LSQ_PLUS_ML_Z_THETA,0.6758788887284041,0.7198674221420469,-0.19173912274487237,-0.009256855090023197,-0.19578096301891923,-0.02723180181798862,0.008990489482266871,0.0,0.19578096301891923,,0
10,9,LSQ_PLUS_ML_ALL,0.6891020318004091,0.7207223975089551,-0.19467978222017512,-0.009961806694670774,-0.12348720807172797,-0.029834557093292635,0.00822102608855405,0.11805722699258364,0.12348720807172797,,0
10,9,DIRECT_NONLINEAR_REFERENCE,0.7085213150152597,0.5958072352796697,-0.21313593204192294,-0.009081371069322141,-0.21439017345181877,0.025536039840079267,0.026328736573582853,0.0700368356650638,0.21439017345181877,False,619
10,10,ZERO,2.2540797991631103,2.2540797991631103,0.0,0.0,0.0,0.0,0.0,0.0,0.0,,0
10,10,LSQ,0.8162046955896152,0.9020599490917803,-0.4024409330165294,-0.028645867602120182,-0.1165386684297605,0.0,0.0,0.0,0.16097637320661176,,0
10,10,LSQ_PLUS_ML_THETA,0.7947011265078936,0.8578369535991609,-0.40248302179730644,-0.030751823982431713,-0.11646061674156072,0.0,0.0072689962582313215,0.0,0.1609932087189226,,0
10,10,LSQ_PLUS_ML_Z_THETA,0.7789500301092458,0.8533912124873936,-0.36642233354817877,-0.030318886124679707,-0.1162696739572724,0.0026487182973469747,0.007533817394379846,0.0,0.14656893341927152,,0
10,10,LSQ_PLUS_ML_ALL,0.8086231892679191,0.8567235675547301,-0.3707349656430266,-0.030508400120574874,-0.08025445701143907,-0.004872332088577791,0.006482670392165921,0.1619335882673113,0.14829398625721063,,0
10,10,DIRECT_NONLINEAR_REFERENCE,0.9292263100682936,0.6585570507783849,-0.4527247599933895,-0.016988277074896058,0.1407865659528861,-0.03458715197647072,0.03816629638912447,0.3236939460289309,0.1810899039973558,False,451
